sample_cross	tech	lab_name	code	sex	breed	R1_list	R2_list	SV_panel
ABOFRAM000703115255	CLR	40743	FR0703115255	M	12	/home/mnaji/work/Project_A1P2-ApisGene-Bovin.1617/Run_A1P2-ApisGene-Bovin4_1.17377/RawData/40743_GGTACCTT-GACGTCTT-BHL7VCDSXY_L004_R1.fastq.gz,/home/mnaji/work/Project_A1P2-ApisGene-Bovin.1617/Run_A1P2-ApisGene-Bovin4_2.17378/RawData/40743_GGTACCTT-GACGTCTT-BHL7VCDSXY_L002_R1.fastq.gz,/home/mnaji/work/Project_A1P2-ApisGene-Bovin.1617/Run_A1P2-ApisGene-Bovin4_3.17379/RawData/40743_GGTACCTT-GACGTCTT-BHL7VCDSXY_L003_R1.fastq.gz,/home/mnaji/work/Project_A1P2-ApisGene-Bovin.1617/Run_A1P2-ApisGene-Bovin4_4.17389/RawData/40743_GGTACCTT-GACGTCTT-AHN3G7DSXY_L003_R1.fastq.gz,/home/mnaji/work/Project_A1P2-ApisGene-Bovin.1617/Run_A1P2-ApisGene-Bovin4_5.17390/RawData/40743_GGTACCTT-GACGTCTT-AHN3G7DSXY_L001_R1.fastq.gz,/home/mnaji/work/Project_A1P2-ApisGene-Bovin.1617/Run_A1P2-ApisGene-Bovin4_6.17391/RawData/40743_GGTACCTT-GACGTCTT-AHN3G7DSXY_L004_R1.fastq.gz,/home/mnaji/work/Project_A1P2-ApisGene-Bovin.1617/Run_A1P2-ApisGene-Bovin4_7.17392/RawData/40743_GGTACCTT-GACGTCTT-AHN3G7DSXY_L002_R1.fastq.gz	/home/mnaji/work/Project_A1P2-ApisGene-Bovin.1617/Run_A1P2-ApisGene-Bovin4_1.17377/RawData/40743_GGTACCTT-GACGTCTT-BHL7VCDSXY_L004_R2.fastq.gz,/home/mnaji/work/Project_A1P2-ApisGene-Bovin.1617/Run_A1P2-ApisGene-Bovin4_2.17378/RawData/40743_GGTACCTT-GACGTCTT-BHL7VCDSXY_L002_R2.fastq.gz,/home/mnaji/work/Project_A1P2-ApisGene-Bovin.1617/Run_A1P2-ApisGene-Bovin4_3.17379/RawData/40743_GGTACCTT-GACGTCTT-BHL7VCDSXY_L003_R2.fastq.gz,/home/mnaji/work/Project_A1P2-ApisGene-Bovin.1617/Run_A1P2-ApisGene-Bovin4_4.17389/RawData/40743_GGTACCTT-GACGTCTT-AHN3G7DSXY_L003_R2.fastq.gz,/home/mnaji/work/Project_A1P2-ApisGene-Bovin.1617/Run_A1P2-ApisGene-Bovin4_5.17390/RawData/40743_GGTACCTT-GACGTCTT-AHN3G7DSXY_L001_R2.fastq.gz,/home/mnaji/work/Project_A1P2-ApisGene-Bovin.1617/Run_A1P2-ApisGene-Bovin4_6.17391/RawData/40743_GGTACCTT-GACGTCTT-AHN3G7DSXY_L004_R2.fastq.gz,/home/mnaji/work/Project_A1P2-ApisGene-Bovin.1617/Run_A1P2-ApisGene-Bovin4_7.17392/RawData/40743_GGTACCTT-GACGTCTT-AHN3G7DSXY_L002_R2.fastq.gz	/work/project/CASCAD/mnaji/sm_folder/results/vcf_lr/ABOFRAM000703115255_pbsv.vcf.gz
ABOFRAM000707401531	CLR	40747	FR0707401531	M	12	/home/mnaji/work/Project_A1P2-ApisGene-Bovin.1617/Run_A1P2-ApisGene-Bovin4_1.17377/RawData/40747_ACTAAGAT-CCGCGGTT-BHL7VCDSXY_L004_R1.fastq.gz,/home/mnaji/work/Project_A1P2-ApisGene-Bovin.1617/Run_A1P2-ApisGene-Bovin4_2.17378/RawData/40747_ACTAAGAT-CCGCGGTT-BHL7VCDSXY_L002_R1.fastq.gz,/home/mnaji/work/Project_A1P2-ApisGene-Bovin.1617/Run_A1P2-ApisGene-Bovin4_3.17379/RawData/40747_ACTAAGAT-CCGCGGTT-BHL7VCDSXY_L003_R1.fastq.gz,/home/mnaji/work/Project_A1P2-ApisGene-Bovin.1617/Run_A1P2-ApisGene-Bovin4_4.17389/RawData/40747_ACTAAGAT-CCGCGGTT-AHN3G7DSXY_L003_R1.fastq.gz,/home/mnaji/work/Project_A1P2-ApisGene-Bovin.1617/Run_A1P2-ApisGene-Bovin4_5.17390/RawData/40747_ACTAAGAT-CCGCGGTT-AHN3G7DSXY_L001_R1.fastq.gz,/home/mnaji/work/Project_A1P2-ApisGene-Bovin.1617/Run_A1P2-ApisGene-Bovin4_6.17391/RawData/40747_ACTAAGAT-CCGCGGTT-AHN3G7DSXY_L004_R1.fastq.gz,/home/mnaji/work/Project_A1P2-ApisGene-Bovin.1617/Run_A1P2-ApisGene-Bovin4_7.17392/RawData/40747_ACTAAGAT-CCGCGGTT-AHN3G7DSXY_L002_R1.fastq.gz	/home/mnaji/work/Project_A1P2-ApisGene-Bovin.1617/Run_A1P2-ApisGene-Bovin4_1.17377/RawData/40747_ACTAAGAT-CCGCGGTT-BHL7VCDSXY_L004_R2.fastq.gz,/home/mnaji/work/Project_A1P2-ApisGene-Bovin.1617/Run_A1P2-ApisGene-Bovin4_2.17378/RawData/40747_ACTAAGAT-CCGCGGTT-BHL7VCDSXY_L002_R2.fastq.gz,/home/mnaji/work/Project_A1P2-ApisGene-Bovin.1617/Run_A1P2-ApisGene-Bovin4_3.17379/RawData/40747_ACTAAGAT-CCGCGGTT-BHL7VCDSXY_L003_R2.fastq.gz,/home/mnaji/work/Project_A1P2-ApisGene-Bovin.1617/Run_A1P2-ApisGene-Bovin4_4.17389/RawData/40747_ACTAAGAT-CCGCGGTT-AHN3G7DSXY_L003_R2.fastq.gz,/home/mnaji/work/Project_A1P2-ApisGene-Bovin.1617/Run_A1P2-ApisGene-Bovin4_5.17390/RawData/40747_ACTAAGAT-CCGCGGTT-AHN3G7DSXY_L001_R2.fastq.gz,/home/mnaji/work/Project_A1P2-ApisGene-Bovin.1617/Run_A1P2-ApisGene-Bovin4_6.17391/RawData/40747_ACTAAGAT-CCGCGGTT-AHN3G7DSXY_L004_R2.fastq.gz,/home/mnaji/work/Project_A1P2-ApisGene-Bovin.1617/Run_A1P2-ApisGene-Bovin4_7.17392/RawData/40747_ACTAAGAT-CCGCGGTT-AHN3G7DSXY_L002_R2.fastq.gz	/work/project/CASCAD/mnaji/sm_folder/results/vcf_lr/ABOFRAM000707401531_pbsv.vcf.gz
ABOFRAM000709524730	CLR	40752	FR0709524730	M	12	/home/mnaji/work/Project_A1P2-ApisGene-Bovin.1617/Run_A1P2-ApisGene-Bovin4_1.17377/RawData/40752_TTACAGGA-GCTTGTCA-BHL7VCDSXY_L004_R1.fastq.gz,/home/mnaji/work/Project_A1P2-ApisGene-Bovin.1617/Run_A1P2-ApisGene-Bovin4_2.17378/RawData/40752_TTACAGGA-GCTTGTCA-BHL7VCDSXY_L002_R1.fastq.gz,/home/mnaji/work/Project_A1P2-ApisGene-Bovin.1617/Run_A1P2-ApisGene-Bovin4_3.17379/RawData/40752_TTACAGGA-GCTTGTCA-BHL7VCDSXY_L003_R1.fastq.gz,/home/mnaji/work/Project_A1P2-ApisGene-Bovin.1617/Run_A1P2-ApisGene-Bovin4_4.17389/RawData/40752_TTACAGGA-GCTTGTCA-AHN3G7DSXY_L003_R1.fastq.gz,/home/mnaji/work/Project_A1P2-ApisGene-Bovin.1617/Run_A1P2-ApisGene-Bovin4_5.17390/RawData/40752_TTACAGGA-GCTTGTCA-AHN3G7DSXY_L001_R1.fastq.gz,/home/mnaji/work/Project_A1P2-ApisGene-Bovin.1617/Run_A1P2-ApisGene-Bovin4_6.17391/RawData/40752_TTACAGGA-GCTTGTCA-AHN3G7DSXY_L004_R1.fastq.gz,/home/mnaji/work/Project_A1P2-ApisGene-Bovin.1617/Run_A1P2-ApisGene-Bovin4_7.17392/RawData/40752_TTACAGGA-GCTTGTCA-AHN3G7DSXY_L002_R1.fastq.gz	/home/mnaji/work/Project_A1P2-ApisGene-Bovin.1617/Run_A1P2-ApisGene-Bovin4_1.17377/RawData/40752_TTACAGGA-GCTTGTCA-BHL7VCDSXY_L004_R2.fastq.gz,/home/mnaji/work/Project_A1P2-ApisGene-Bovin.1617/Run_A1P2-ApisGene-Bovin4_2.17378/RawData/40752_TTACAGGA-GCTTGTCA-BHL7VCDSXY_L002_R2.fastq.gz,/home/mnaji/work/Project_A1P2-ApisGene-Bovin.1617/Run_A1P2-ApisGene-Bovin4_3.17379/RawData/40752_TTACAGGA-GCTTGTCA-BHL7VCDSXY_L003_R2.fastq.gz,/home/mnaji/work/Project_A1P2-ApisGene-Bovin.1617/Run_A1P2-ApisGene-Bovin4_4.17389/RawData/40752_TTACAGGA-GCTTGTCA-AHN3G7DSXY_L003_R2.fastq.gz,/home/mnaji/work/Project_A1P2-ApisGene-Bovin.1617/Run_A1P2-ApisGene-Bovin4_5.17390/RawData/40752_TTACAGGA-GCTTGTCA-AHN3G7DSXY_L001_R2.fastq.gz,/home/mnaji/work/Project_A1P2-ApisGene-Bovin.1617/Run_A1P2-ApisGene-Bovin4_6.17391/RawData/40752_TTACAGGA-GCTTGTCA-AHN3G7DSXY_L004_R2.fastq.gz,/home/mnaji/work/Project_A1P2-ApisGene-Bovin.1617/Run_A1P2-ApisGene-Bovin4_7.17392/RawData/40752_TTACAGGA-GCTTGTCA-AHN3G7DSXY_L002_R2.fastq.gz	/work/project/CASCAD/mnaji/sm_folder/results/vcf_lr/ABOFRAM000709524730_pbsv.vcf.gz
ABOFRAM007301868101	CLR	40748	FR7301868101	M	12	/home/mnaji/work/Project_A1P2-ApisGene-Bovin.1617/Run_A1P2-ApisGene-Bovin4_1.17377/RawData/40748_GTCGGAGC-TTATAACC-BHL7VCDSXY_L004_R1.fastq.gz,/home/mnaji/work/Project_A1P2-ApisGene-Bovin.1617/Run_A1P2-ApisGene-Bovin4_2.17378/RawData/40748_GTCGGAGC-TTATAACC-BHL7VCDSXY_L002_R1.fastq.gz,/home/mnaji/work/Project_A1P2-ApisGene-Bovin.1617/Run_A1P2-ApisGene-Bovin4_3.17379/RawData/40748_GTCGGAGC-TTATAACC-BHL7VCDSXY_L003_R1.fastq.gz,/home/mnaji/work/Project_A1P2-ApisGene-Bovin.1617/Run_A1P2-ApisGene-Bovin4_4.17389/RawData/40748_GTCGGAGC-TTATAACC-AHN3G7DSXY_L003_R1.fastq.gz,/home/mnaji/work/Project_A1P2-ApisGene-Bovin.1617/Run_A1P2-ApisGene-Bovin4_5.17390/RawData/40748_GTCGGAGC-TTATAACC-AHN3G7DSXY_L001_R1.fastq.gz,/home/mnaji/work/Project_A1P2-ApisGene-Bovin.1617/Run_A1P2-ApisGene-Bovin4_6.17391/RawData/40748_GTCGGAGC-TTATAACC-AHN3G7DSXY_L004_R1.fastq.gz,/home/mnaji/work/Project_A1P2-ApisGene-Bovin.1617/Run_A1P2-ApisGene-Bovin4_7.17392/RawData/40748_GTCGGAGC-TTATAACC-AHN3G7DSXY_L002_R1.fastq.gz	/home/mnaji/work/Project_A1P2-ApisGene-Bovin.1617/Run_A1P2-ApisGene-Bovin4_1.17377/RawData/40748_GTCGGAGC-TTATAACC-BHL7VCDSXY_L004_R2.fastq.gz,/home/mnaji/work/Project_A1P2-ApisGene-Bovin.1617/Run_A1P2-ApisGene-Bovin4_2.17378/RawData/40748_GTCGGAGC-TTATAACC-BHL7VCDSXY_L002_R2.fastq.gz,/home/mnaji/work/Project_A1P2-ApisGene-Bovin.1617/Run_A1P2-ApisGene-Bovin4_3.17379/RawData/40748_GTCGGAGC-TTATAACC-BHL7VCDSXY_L003_R2.fastq.gz,/home/mnaji/work/Project_A1P2-ApisGene-Bovin.1617/Run_A1P2-ApisGene-Bovin4_4.17389/RawData/40748_GTCGGAGC-TTATAACC-AHN3G7DSXY_L003_R2.fastq.gz,/home/mnaji/work/Project_A1P2-ApisGene-Bovin.1617/Run_A1P2-ApisGene-Bovin4_5.17390/RawData/40748_GTCGGAGC-TTATAACC-AHN3G7DSXY_L001_R2.fastq.gz,/home/mnaji/work/Project_A1P2-ApisGene-Bovin.1617/Run_A1P2-ApisGene-Bovin4_6.17391/RawData/40748_GTCGGAGC-TTATAACC-AHN3G7DSXY_L004_R2.fastq.gz,/home/mnaji/work/Project_A1P2-ApisGene-Bovin.1617/Run_A1P2-ApisGene-Bovin4_7.17392/RawData/40748_GTCGGAGC-TTATAACC-AHN3G7DSXY_L002_R2.fastq.gz	/work/project/CASCAD/mnaji/sm_folder/results/vcf_lr/ABOFRAM007301868101_pbsv.vcf.gz
ABOFRAM007401840180	CLR	40741	FR7401840180	M	12	/home/mnaji/work/Project_A1P2-ApisGene-Bovin.1617/Run_A1P2-ApisGene-Bovin4_1.17377/RawData/40741_ATGTAAGT-CATAGAGT-BHL7VCDSXY_L004_R1.fastq.gz,/home/mnaji/work/Project_A1P2-ApisGene-Bovin.1617/Run_A1P2-ApisGene-Bovin4_2.17378/RawData/40741_ATGTAAGT-CATAGAGT-BHL7VCDSXY_L002_R1.fastq.gz,/home/mnaji/work/Project_A1P2-ApisGene-Bovin.1617/Run_A1P2-ApisGene-Bovin4_3.17379/RawData/40741_ATGTAAGT-CATAGAGT-BHL7VCDSXY_L003_R1.fastq.gz,/home/mnaji/work/Project_A1P2-ApisGene-Bovin.1617/Run_A1P2-ApisGene-Bovin4_4.17389/RawData/40741_ATGTAAGT-CATAGAGT-AHN3G7DSXY_L003_R1.fastq.gz,/home/mnaji/work/Project_A1P2-ApisGene-Bovin.1617/Run_A1P2-ApisGene-Bovin4_5.17390/RawData/40741_ATGTAAGT-CATAGAGT-AHN3G7DSXY_L001_R1.fastq.gz,/home/mnaji/work/Project_A1P2-ApisGene-Bovin.1617/Run_A1P2-ApisGene-Bovin4_6.17391/RawData/40741_ATGTAAGT-CATAGAGT-AHN3G7DSXY_L004_R1.fastq.gz,/home/mnaji/work/Project_A1P2-ApisGene-Bovin.1617/Run_A1P2-ApisGene-Bovin4_7.17392/RawData/40741_ATGTAAGT-CATAGAGT-AHN3G7DSXY_L002_R1.fastq.gz	/home/mnaji/work/Project_A1P2-ApisGene-Bovin.1617/Run_A1P2-ApisGene-Bovin4_1.17377/RawData/40741_ATGTAAGT-CATAGAGT-BHL7VCDSXY_L004_R2.fastq.gz,/home/mnaji/work/Project_A1P2-ApisGene-Bovin.1617/Run_A1P2-ApisGene-Bovin4_2.17378/RawData/40741_ATGTAAGT-CATAGAGT-BHL7VCDSXY_L002_R2.fastq.gz,/home/mnaji/work/Project_A1P2-ApisGene-Bovin.1617/Run_A1P2-ApisGene-Bovin4_3.17379/RawData/40741_ATGTAAGT-CATAGAGT-BHL7VCDSXY_L003_R2.fastq.gz,/home/mnaji/work/Project_A1P2-ApisGene-Bovin.1617/Run_A1P2-ApisGene-Bovin4_4.17389/RawData/40741_ATGTAAGT-CATAGAGT-AHN3G7DSXY_L003_R2.fastq.gz,/home/mnaji/work/Project_A1P2-ApisGene-Bovin.1617/Run_A1P2-ApisGene-Bovin4_5.17390/RawData/40741_ATGTAAGT-CATAGAGT-AHN3G7DSXY_L001_R2.fastq.gz,/home/mnaji/work/Project_A1P2-ApisGene-Bovin.1617/Run_A1P2-ApisGene-Bovin4_6.17391/RawData/40741_ATGTAAGT-CATAGAGT-AHN3G7DSXY_L004_R2.fastq.gz,/home/mnaji/work/Project_A1P2-ApisGene-Bovin.1617/Run_A1P2-ApisGene-Bovin4_7.17392/RawData/40741_ATGTAAGT-CATAGAGT-AHN3G7DSXY_L002_R2.fastq.gz	/work/project/CASCAD/mnaji/sm_folder/results/vcf_lr/ABOFRAM007401840180_pbsv.vcf.gz
ABOFRAM007402068886	CLR	40742	FR7402068886	M	12	/home/mnaji/work/Project_A1P2-ApisGene-Bovin.1617/Run_A1P2-ApisGene-Bovin4_1.17377/RawData/40742_GCACGGAC-TGCGAGAC-BHL7VCDSXY_L004_R1.fastq.gz,/home/mnaji/work/Project_A1P2-ApisGene-Bovin.1617/Run_A1P2-ApisGene-Bovin4_2.17378/RawData/40742_GCACGGAC-TGCGAGAC-BHL7VCDSXY_L002_R1.fastq.gz,/home/mnaji/work/Project_A1P2-ApisGene-Bovin.1617/Run_A1P2-ApisGene-Bovin4_3.17379/RawData/40742_GCACGGAC-TGCGAGAC-BHL7VCDSXY_L003_R1.fastq.gz,/home/mnaji/work/Project_A1P2-ApisGene-Bovin.1617/Run_A1P2-ApisGene-Bovin4_4.17389/RawData/40742_GCACGGAC-TGCGAGAC-AHN3G7DSXY_L003_R1.fastq.gz,/home/mnaji/work/Project_A1P2-ApisGene-Bovin.1617/Run_A1P2-ApisGene-Bovin4_5.17390/RawData/40742_GCACGGAC-TGCGAGAC-AHN3G7DSXY_L001_R1.fastq.gz,/home/mnaji/work/Project_A1P2-ApisGene-Bovin.1617/Run_A1P2-ApisGene-Bovin4_6.17391/RawData/40742_GCACGGAC-TGCGAGAC-AHN3G7DSXY_L004_R1.fastq.gz,/home/mnaji/work/Project_A1P2-ApisGene-Bovin.1617/Run_A1P2-ApisGene-Bovin4_7.17392/RawData/40742_GCACGGAC-TGCGAGAC-AHN3G7DSXY_L002_R1.fastq.gz	/home/mnaji/work/Project_A1P2-ApisGene-Bovin.1617/Run_A1P2-ApisGene-Bovin4_1.17377/RawData/40742_GCACGGAC-TGCGAGAC-BHL7VCDSXY_L004_R2.fastq.gz,/home/mnaji/work/Project_A1P2-ApisGene-Bovin.1617/Run_A1P2-ApisGene-Bovin4_2.17378/RawData/40742_GCACGGAC-TGCGAGAC-BHL7VCDSXY_L002_R2.fastq.gz,/home/mnaji/work/Project_A1P2-ApisGene-Bovin.1617/Run_A1P2-ApisGene-Bovin4_3.17379/RawData/40742_GCACGGAC-TGCGAGAC-BHL7VCDSXY_L003_R2.fastq.gz,/home/mnaji/work/Project_A1P2-ApisGene-Bovin.1617/Run_A1P2-ApisGene-Bovin4_4.17389/RawData/40742_GCACGGAC-TGCGAGAC-AHN3G7DSXY_L003_R2.fastq.gz,/home/mnaji/work/Project_A1P2-ApisGene-Bovin.1617/Run_A1P2-ApisGene-Bovin4_5.17390/RawData/40742_GCACGGAC-TGCGAGAC-AHN3G7DSXY_L001_R2.fastq.gz,/home/mnaji/work/Project_A1P2-ApisGene-Bovin.1617/Run_A1P2-ApisGene-Bovin4_6.17391/RawData/40742_GCACGGAC-TGCGAGAC-AHN3G7DSXY_L004_R2.fastq.gz,/home/mnaji/work/Project_A1P2-ApisGene-Bovin.1617/Run_A1P2-ApisGene-Bovin4_7.17392/RawData/40742_GCACGGAC-TGCGAGAC-AHN3G7DSXY_L002_R2.fastq.gz	/work/project/CASCAD/mnaji/sm_folder/results/vcf_lr/ABOFRAM007402068886_pbsv.vcf.gz
ABOFRAM007402133885	CLR	40745	FR7402133885	M	12	/home/mnaji/work/Project_A1P2-ApisGene-Bovin.1617/Run_A1P2-ApisGene-Bovin4_1.17377/RawData/40745_GCAGAATT-TGGCCGGT-BHL7VCDSXY_L004_R1.fastq.gz,/home/mnaji/work/Project_A1P2-ApisGene-Bovin.1617/Run_A1P2-ApisGene-Bovin4_2.17378/RawData/40745_GCAGAATT-TGGCCGGT-BHL7VCDSXY_L002_R1.fastq.gz,/home/mnaji/work/Project_A1P2-ApisGene-Bovin.1617/Run_A1P2-ApisGene-Bovin4_3.17379/RawData/40745_GCAGAATT-TGGCCGGT-BHL7VCDSXY_L003_R1.fastq.gz,/home/mnaji/work/Project_A1P2-ApisGene-Bovin.1617/Run_A1P2-ApisGene-Bovin4_4.17389/RawData/40745_GCAGAATT-TGGCCGGT-AHN3G7DSXY_L003_R1.fastq.gz,/home/mnaji/work/Project_A1P2-ApisGene-Bovin.1617/Run_A1P2-ApisGene-Bovin4_5.17390/RawData/40745_GCAGAATT-TGGCCGGT-AHN3G7DSXY_L001_R1.fastq.gz,/home/mnaji/work/Project_A1P2-ApisGene-Bovin.1617/Run_A1P2-ApisGene-Bovin4_6.17391/RawData/40745_GCAGAATT-TGGCCGGT-AHN3G7DSXY_L004_R1.fastq.gz,/home/mnaji/work/Project_A1P2-ApisGene-Bovin.1617/Run_A1P2-ApisGene-Bovin4_7.17392/RawData/40745_GCAGAATT-TGGCCGGT-AHN3G7DSXY_L002_R1.fastq.gz	/home/mnaji/work/Project_A1P2-ApisGene-Bovin.1617/Run_A1P2-ApisGene-Bovin4_1.17377/RawData/40745_GCAGAATT-TGGCCGGT-BHL7VCDSXY_L004_R2.fastq.gz,/home/mnaji/work/Project_A1P2-ApisGene-Bovin.1617/Run_A1P2-ApisGene-Bovin4_2.17378/RawData/40745_GCAGAATT-TGGCCGGT-BHL7VCDSXY_L002_R2.fastq.gz,/home/mnaji/work/Project_A1P2-ApisGene-Bovin.1617/Run_A1P2-ApisGene-Bovin4_3.17379/RawData/40745_GCAGAATT-TGGCCGGT-BHL7VCDSXY_L003_R2.fastq.gz,/home/mnaji/work/Project_A1P2-ApisGene-Bovin.1617/Run_A1P2-ApisGene-Bovin4_4.17389/RawData/40745_GCAGAATT-TGGCCGGT-AHN3G7DSXY_L003_R2.fastq.gz,/home/mnaji/work/Project_A1P2-ApisGene-Bovin.1617/Run_A1P2-ApisGene-Bovin4_5.17390/RawData/40745_GCAGAATT-TGGCCGGT-AHN3G7DSXY_L001_R2.fastq.gz,/home/mnaji/work/Project_A1P2-ApisGene-Bovin.1617/Run_A1P2-ApisGene-Bovin4_6.17391/RawData/40745_GCAGAATT-TGGCCGGT-AHN3G7DSXY_L004_R2.fastq.gz,/home/mnaji/work/Project_A1P2-ApisGene-Bovin.1617/Run_A1P2-ApisGene-Bovin4_7.17392/RawData/40745_GCAGAATT-TGGCCGGT-AHN3G7DSXY_L002_R2.fastq.gz	/work/project/CASCAD/mnaji/sm_folder/results/vcf_lr/ABOFRAM007402133885_pbsv.vcf.gz
ABOFRAM007402163288	CLR	40746	FR7402163288	M	12	/home/mnaji/work/Project_A1P2-ApisGene-Bovin.1617/Run_A1P2-ApisGene-Bovin4_1.17377/RawData/40746_ATGAGGCC-CAATTAAC-BHL7VCDSXY_L004_R1.fastq.gz,/home/mnaji/work/Project_A1P2-ApisGene-Bovin.1617/Run_A1P2-ApisGene-Bovin4_2.17378/RawData/40746_ATGAGGCC-CAATTAAC-BHL7VCDSXY_L002_R1.fastq.gz,/home/mnaji/work/Project_A1P2-ApisGene-Bovin.1617/Run_A1P2-ApisGene-Bovin4_3.17379/RawData/40746_ATGAGGCC-CAATTAAC-BHL7VCDSXY_L003_R1.fastq.gz,/home/mnaji/work/Project_A1P2-ApisGene-Bovin.1617/Run_A1P2-ApisGene-Bovin4_4.17389/RawData/40746_ATGAGGCC-CAATTAAC-AHN3G7DSXY_L003_R1.fastq.gz,/home/mnaji/work/Project_A1P2-ApisGene-Bovin.1617/Run_A1P2-ApisGene-Bovin4_5.17390/RawData/40746_ATGAGGCC-CAATTAAC-AHN3G7DSXY_L001_R1.fastq.gz,/home/mnaji/work/Project_A1P2-ApisGene-Bovin.1617/Run_A1P2-ApisGene-Bovin4_6.17391/RawData/40746_ATGAGGCC-CAATTAAC-AHN3G7DSXY_L004_R1.fastq.gz,/home/mnaji/work/Project_A1P2-ApisGene-Bovin.1617/Run_A1P2-ApisGene-Bovin4_7.17392/RawData/40746_ATGAGGCC-CAATTAAC-AHN3G7DSXY_L002_R1.fastq.gz	/home/mnaji/work/Project_A1P2-ApisGene-Bovin.1617/Run_A1P2-ApisGene-Bovin4_1.17377/RawData/40746_ATGAGGCC-CAATTAAC-BHL7VCDSXY_L004_R2.fastq.gz,/home/mnaji/work/Project_A1P2-ApisGene-Bovin.1617/Run_A1P2-ApisGene-Bovin4_2.17378/RawData/40746_ATGAGGCC-CAATTAAC-BHL7VCDSXY_L002_R2.fastq.gz,/home/mnaji/work/Project_A1P2-ApisGene-Bovin.1617/Run_A1P2-ApisGene-Bovin4_3.17379/RawData/40746_ATGAGGCC-CAATTAAC-BHL7VCDSXY_L003_R2.fastq.gz,/home/mnaji/work/Project_A1P2-ApisGene-Bovin.1617/Run_A1P2-ApisGene-Bovin4_4.17389/RawData/40746_ATGAGGCC-CAATTAAC-AHN3G7DSXY_L003_R2.fastq.gz,/home/mnaji/work/Project_A1P2-ApisGene-Bovin.1617/Run_A1P2-ApisGene-Bovin4_5.17390/RawData/40746_ATGAGGCC-CAATTAAC-AHN3G7DSXY_L001_R2.fastq.gz,/home/mnaji/work/Project_A1P2-ApisGene-Bovin.1617/Run_A1P2-ApisGene-Bovin4_6.17391/RawData/40746_ATGAGGCC-CAATTAAC-AHN3G7DSXY_L004_R2.fastq.gz,/home/mnaji/work/Project_A1P2-ApisGene-Bovin.1617/Run_A1P2-ApisGene-Bovin4_7.17392/RawData/40746_ATGAGGCC-CAATTAAC-AHN3G7DSXY_L002_R2.fastq.gz	/work/project/CASCAD/mnaji/sm_folder/results/vcf_lr/ABOFRAM007402163288_pbsv.vcf.gz
ABOFRAM007402187189	CLR	40744	FR7402187189	M	12	/home/mnaji/work/Project_A1P2-ApisGene-Bovin.1617/Run_A1P2-ApisGene-Bovin4_1.17377/RawData/40744_AACGTTCC-AGTACTCC-BHL7VCDSXY_L004_R1.fastq.gz,/home/mnaji/work/Project_A1P2-ApisGene-Bovin.1617/Run_A1P2-ApisGene-Bovin4_2.17378/RawData/40744_AACGTTCC-AGTACTCC-BHL7VCDSXY_L002_R1.fastq.gz,/home/mnaji/work/Project_A1P2-ApisGene-Bovin.1617/Run_A1P2-ApisGene-Bovin4_3.17379/RawData/40744_AACGTTCC-AGTACTCC-BHL7VCDSXY_L003_R1.fastq.gz,/home/mnaji/work/Project_A1P2-ApisGene-Bovin.1617/Run_A1P2-ApisGene-Bovin4_4.17389/RawData/40744_AACGTTCC-AGTACTCC-AHN3G7DSXY_L003_R1.fastq.gz,/home/mnaji/work/Project_A1P2-ApisGene-Bovin.1617/Run_A1P2-ApisGene-Bovin4_5.17390/RawData/40744_AACGTTCC-AGTACTCC-AHN3G7DSXY_L001_R1.fastq.gz,/home/mnaji/work/Project_A1P2-ApisGene-Bovin.1617/Run_A1P2-ApisGene-Bovin4_6.17391/RawData/40744_AACGTTCC-AGTACTCC-AHN3G7DSXY_L004_R1.fastq.gz,/home/mnaji/work/Project_A1P2-ApisGene-Bovin.1617/Run_A1P2-ApisGene-Bovin4_7.17392/RawData/40744_AACGTTCC-AGTACTCC-AHN3G7DSXY_L002_R1.fastq.gz	/home/mnaji/work/Project_A1P2-ApisGene-Bovin.1617/Run_A1P2-ApisGene-Bovin4_1.17377/RawData/40744_AACGTTCC-AGTACTCC-BHL7VCDSXY_L004_R2.fastq.gz,/home/mnaji/work/Project_A1P2-ApisGene-Bovin.1617/Run_A1P2-ApisGene-Bovin4_2.17378/RawData/40744_AACGTTCC-AGTACTCC-BHL7VCDSXY_L002_R2.fastq.gz,/home/mnaji/work/Project_A1P2-ApisGene-Bovin.1617/Run_A1P2-ApisGene-Bovin4_3.17379/RawData/40744_AACGTTCC-AGTACTCC-BHL7VCDSXY_L003_R2.fastq.gz,/home/mnaji/work/Project_A1P2-ApisGene-Bovin.1617/Run_A1P2-ApisGene-Bovin4_4.17389/RawData/40744_AACGTTCC-AGTACTCC-AHN3G7DSXY_L003_R2.fastq.gz,/home/mnaji/work/Project_A1P2-ApisGene-Bovin.1617/Run_A1P2-ApisGene-Bovin4_5.17390/RawData/40744_AACGTTCC-AGTACTCC-AHN3G7DSXY_L001_R2.fastq.gz,/home/mnaji/work/Project_A1P2-ApisGene-Bovin.1617/Run_A1P2-ApisGene-Bovin4_6.17391/RawData/40744_AACGTTCC-AGTACTCC-AHN3G7DSXY_L004_R2.fastq.gz,/home/mnaji/work/Project_A1P2-ApisGene-Bovin.1617/Run_A1P2-ApisGene-Bovin4_7.17392/RawData/40744_AACGTTCC-AGTACTCC-AHN3G7DSXY_L002_R2.fastq.gz	/work/project/CASCAD/mnaji/sm_folder/results/vcf_lr/ABOFRAM007402187189_pbsv.vcf.gz
ABOFRAM007402247175	CLR	40749	FR7402247175	M	12	/home/mnaji/work/Project_A1P2-ApisGene-Bovin.1617/Run_A1P2-ApisGene-Bovin4_1.17377/RawData/40749_CTTGGTAT-GGACTTGG-BHL7VCDSXY_L004_R1.fastq.gz,/home/mnaji/work/Project_A1P2-ApisGene-Bovin.1617/Run_A1P2-ApisGene-Bovin4_2.17378/RawData/40749_CTTGGTAT-GGACTTGG-BHL7VCDSXY_L002_R1.fastq.gz,/home/mnaji/work/Project_A1P2-ApisGene-Bovin.1617/Run_A1P2-ApisGene-Bovin4_3.17379/RawData/40749_CTTGGTAT-GGACTTGG-BHL7VCDSXY_L003_R1.fastq.gz,/home/mnaji/work/Project_A1P2-ApisGene-Bovin.1617/Run_A1P2-ApisGene-Bovin4_4.17389/RawData/40749_CTTGGTAT-GGACTTGG-AHN3G7DSXY_L003_R1.fastq.gz,/home/mnaji/work/Project_A1P2-ApisGene-Bovin.1617/Run_A1P2-ApisGene-Bovin4_5.17390/RawData/40749_CTTGGTAT-GGACTTGG-AHN3G7DSXY_L001_R1.fastq.gz,/home/mnaji/work/Project_A1P2-ApisGene-Bovin.1617/Run_A1P2-ApisGene-Bovin4_6.17391/RawData/40749_CTTGGTAT-GGACTTGG-AHN3G7DSXY_L004_R1.fastq.gz,/home/mnaji/work/Project_A1P2-ApisGene-Bovin.1617/Run_A1P2-ApisGene-Bovin4_7.17392/RawData/40749_CTTGGTAT-GGACTTGG-AHN3G7DSXY_L002_R1.fastq.gz	/home/mnaji/work/Project_A1P2-ApisGene-Bovin.1617/Run_A1P2-ApisGene-Bovin4_1.17377/RawData/40749_CTTGGTAT-GGACTTGG-BHL7VCDSXY_L004_R2.fastq.gz,/home/mnaji/work/Project_A1P2-ApisGene-Bovin.1617/Run_A1P2-ApisGene-Bovin4_2.17378/RawData/40749_CTTGGTAT-GGACTTGG-BHL7VCDSXY_L002_R2.fastq.gz,/home/mnaji/work/Project_A1P2-ApisGene-Bovin.1617/Run_A1P2-ApisGene-Bovin4_3.17379/RawData/40749_CTTGGTAT-GGACTTGG-BHL7VCDSXY_L003_R2.fastq.gz,/home/mnaji/work/Project_A1P2-ApisGene-Bovin.1617/Run_A1P2-ApisGene-Bovin4_4.17389/RawData/40749_CTTGGTAT-GGACTTGG-AHN3G7DSXY_L003_R2.fastq.gz,/home/mnaji/work/Project_A1P2-ApisGene-Bovin.1617/Run_A1P2-ApisGene-Bovin4_5.17390/RawData/40749_CTTGGTAT-GGACTTGG-AHN3G7DSXY_L001_R2.fastq.gz,/home/mnaji/work/Project_A1P2-ApisGene-Bovin.1617/Run_A1P2-ApisGene-Bovin4_6.17391/RawData/40749_CTTGGTAT-GGACTTGG-AHN3G7DSXY_L004_R2.fastq.gz,/home/mnaji/work/Project_A1P2-ApisGene-Bovin.1617/Run_A1P2-ApisGene-Bovin4_7.17392/RawData/40749_CTTGGTAT-GGACTTGG-AHN3G7DSXY_L002_R2.fastq.gz	/work/project/CASCAD/mnaji/sm_folder/results/vcf_lr/ABOFRAM007402247175_pbsv.vcf.gz
ABOFRAM007493024415	CLR	40740	FR7493024415	M	12	/home/mnaji/work/Project_A1P2-ApisGene-Bovin.1617/Run_A1P2-ApisGene-Bovin4_1.17377/RawData/40740_CGGCGTGA-ACAGGCGC-BHL7VCDSXY_L004_R1.fastq.gz,/home/mnaji/work/Project_A1P2-ApisGene-Bovin.1617/Run_A1P2-ApisGene-Bovin4_2.17378/RawData/40740_CGGCGTGA-ACAGGCGC-BHL7VCDSXY_L002_R1.fastq.gz,/home/mnaji/work/Project_A1P2-ApisGene-Bovin.1617/Run_A1P2-ApisGene-Bovin4_3.17379/RawData/40740_CGGCGTGA-ACAGGCGC-BHL7VCDSXY_L003_R1.fastq.gz,/home/mnaji/work/Project_A1P2-ApisGene-Bovin.1617/Run_A1P2-ApisGene-Bovin4_4.17389/RawData/40740_CGGCGTGA-ACAGGCGC-AHN3G7DSXY_L003_R1.fastq.gz,/home/mnaji/work/Project_A1P2-ApisGene-Bovin.1617/Run_A1P2-ApisGene-Bovin4_5.17390/RawData/40740_CGGCGTGA-ACAGGCGC-AHN3G7DSXY_L001_R1.fastq.gz,/home/mnaji/work/Project_A1P2-ApisGene-Bovin.1617/Run_A1P2-ApisGene-Bovin4_6.17391/RawData/40740_CGGCGTGA-ACAGGCGC-AHN3G7DSXY_L004_R1.fastq.gz,/home/mnaji/work/Project_A1P2-ApisGene-Bovin.1617/Run_A1P2-ApisGene-Bovin4_7.17392/RawData/40740_CGGCGTGA-ACAGGCGC-AHN3G7DSXY_L002_R1.fastq.gz	/home/mnaji/work/Project_A1P2-ApisGene-Bovin.1617/Run_A1P2-ApisGene-Bovin4_1.17377/RawData/40740_CGGCGTGA-ACAGGCGC-BHL7VCDSXY_L004_R2.fastq.gz,/home/mnaji/work/Project_A1P2-ApisGene-Bovin.1617/Run_A1P2-ApisGene-Bovin4_2.17378/RawData/40740_CGGCGTGA-ACAGGCGC-BHL7VCDSXY_L002_R2.fastq.gz,/home/mnaji/work/Project_A1P2-ApisGene-Bovin.1617/Run_A1P2-ApisGene-Bovin4_3.17379/RawData/40740_CGGCGTGA-ACAGGCGC-BHL7VCDSXY_L003_R2.fastq.gz,/home/mnaji/work/Project_A1P2-ApisGene-Bovin.1617/Run_A1P2-ApisGene-Bovin4_4.17389/RawData/40740_CGGCGTGA-ACAGGCGC-AHN3G7DSXY_L003_R2.fastq.gz,/home/mnaji/work/Project_A1P2-ApisGene-Bovin.1617/Run_A1P2-ApisGene-Bovin4_5.17390/RawData/40740_CGGCGTGA-ACAGGCGC-AHN3G7DSXY_L001_R2.fastq.gz,/home/mnaji/work/Project_A1P2-ApisGene-Bovin.1617/Run_A1P2-ApisGene-Bovin4_6.17391/RawData/40740_CGGCGTGA-ACAGGCGC-AHN3G7DSXY_L004_R2.fastq.gz,/home/mnaji/work/Project_A1P2-ApisGene-Bovin.1617/Run_A1P2-ApisGene-Bovin4_7.17392/RawData/40740_CGGCGTGA-ACAGGCGC-AHN3G7DSXY_L002_R2.fastq.gz	/work/project/CASCAD/mnaji/sm_folder/results/vcf_lr/ABOFRAM007493024415_pbsv.vcf.gz
AUBFRAM000734017874	CLR	41147	FR0734017874	M	14	/home/mnaji/work/Project_A1P2-ApisGene-Bovin.1617/Run_ApisGene-Bovin-B2P3_1.18294/RawData/41147_CTTGGTAT-GGACTTGG-AHFJL3DSX2_L002_R1.fastq.gz,/home/mnaji/work/Project_A1P2-ApisGene-Bovin.1617/Run_ApisGene-Bovin-B2P3_2.18295/RawData/41147_CTTGGTAT-GGACTTGG-AHFJL3DSX2_L004_R1.fastq.gz,/home/mnaji/work/Project_A1P2-ApisGene-Bovin.1617/Run_ApisGene-Bovin-B2P3_3.18296/RawData/41147_CTTGGTAT-GGACTTGG-AHFJL3DSX2_L003_R1.fastq.gz,/home/mnaji/work/Project_A1P2-ApisGene-Bovin.1617/Run_ApisGene-Bovin-B2P3_4.18297/RawData/41147_CTTGGTAT-GGACTTGG-AHFJL3DSX2_L001_R1.fastq.gz	/home/mnaji/work/Project_A1P2-ApisGene-Bovin.1617/Run_ApisGene-Bovin-B2P3_1.18294/RawData/41147_CTTGGTAT-GGACTTGG-AHFJL3DSX2_L002_R2.fastq.gz,/home/mnaji/work/Project_A1P2-ApisGene-Bovin.1617/Run_ApisGene-Bovin-B2P3_2.18295/RawData/41147_CTTGGTAT-GGACTTGG-AHFJL3DSX2_L004_R2.fastq.gz,/home/mnaji/work/Project_A1P2-ApisGene-Bovin.1617/Run_ApisGene-Bovin-B2P3_3.18296/RawData/41147_CTTGGTAT-GGACTTGG-AHFJL3DSX2_L003_R2.fastq.gz,/home/mnaji/work/Project_A1P2-ApisGene-Bovin.1617/Run_ApisGene-Bovin-B2P3_4.18297/RawData/41147_CTTGGTAT-GGACTTGG-AHFJL3DSX2_L001_R2.fastq.gz	/work/project/CASCAD/mnaji/sm_folder/results/vcf_lr/AUBFRAM000734017874_pbsv.vcf.gz
AUBFRAM001209011720	CLR	41133	FR1209011720	M	14	/home/mnaji/work/Project_A1P2-ApisGene-Bovin.1617/Run_ApisGene-Bovin-B2P3_1.18294/RawData/41133_CCAAGTCT-TCATCCTT-AHFJL3DSX2_L002_R1.fastq.gz,/home/mnaji/work/Project_A1P2-ApisGene-Bovin.1617/Run_ApisGene-Bovin-B2P3_2.18295/RawData/41133_CCAAGTCT-TCATCCTT-AHFJL3DSX2_L004_R1.fastq.gz,/home/mnaji/work/Project_A1P2-ApisGene-Bovin.1617/Run_ApisGene-Bovin-B2P3_3.18296/RawData/41133_CCAAGTCT-TCATCCTT-AHFJL3DSX2_L003_R1.fastq.gz,/home/mnaji/work/Project_A1P2-ApisGene-Bovin.1617/Run_ApisGene-Bovin-B2P3_4.18297/RawData/41133_CCAAGTCT-TCATCCTT-AHFJL3DSX2_L001_R1.fastq.gz	/home/mnaji/work/Project_A1P2-ApisGene-Bovin.1617/Run_ApisGene-Bovin-B2P3_1.18294/RawData/41133_CCAAGTCT-TCATCCTT-AHFJL3DSX2_L002_R2.fastq.gz,/home/mnaji/work/Project_A1P2-ApisGene-Bovin.1617/Run_ApisGene-Bovin-B2P3_2.18295/RawData/41133_CCAAGTCT-TCATCCTT-AHFJL3DSX2_L004_R2.fastq.gz,/home/mnaji/work/Project_A1P2-ApisGene-Bovin.1617/Run_ApisGene-Bovin-B2P3_3.18296/RawData/41133_CCAAGTCT-TCATCCTT-AHFJL3DSX2_L003_R2.fastq.gz,/home/mnaji/work/Project_A1P2-ApisGene-Bovin.1617/Run_ApisGene-Bovin-B2P3_4.18297/RawData/41133_CCAAGTCT-TCATCCTT-AHFJL3DSX2_L001_R2.fastq.gz	/work/project/CASCAD/mnaji/sm_folder/results/vcf_lr/AUBFRAM001209011720_pbsv.vcf.gz
AUBFRAM001297005734	CLR	40753	FR1297005734	M	14	/home/mnaji/work/Project_A1P2-ApisGene-Bovin.1617/Run_A1P2-ApisGene-Bovin4_1.17377/RawData/40753_GGCATTCT-CAAGCTAG-BHL7VCDSXY_L004_R1.fastq.gz,/home/mnaji/work/Project_A1P2-ApisGene-Bovin.1617/Run_A1P2-ApisGene-Bovin4_2.17378/RawData/40753_GGCATTCT-CAAGCTAG-BHL7VCDSXY_L002_R1.fastq.gz,/home/mnaji/work/Project_A1P2-ApisGene-Bovin.1617/Run_A1P2-ApisGene-Bovin4_3.17379/RawData/40753_GGCATTCT-CAAGCTAG-BHL7VCDSXY_L003_R1.fastq.gz,/home/mnaji/work/Project_A1P2-ApisGene-Bovin.1617/Run_A1P2-ApisGene-Bovin4_4.17389/RawData/40753_GGCATTCT-CAAGCTAG-AHN3G7DSXY_L003_R1.fastq.gz,/home/mnaji/work/Project_A1P2-ApisGene-Bovin.1617/Run_A1P2-ApisGene-Bovin4_5.17390/RawData/40753_GGCATTCT-CAAGCTAG-AHN3G7DSXY_L001_R1.fastq.gz,/home/mnaji/work/Project_A1P2-ApisGene-Bovin.1617/Run_A1P2-ApisGene-Bovin4_6.17391/RawData/40753_GGCATTCT-CAAGCTAG-AHN3G7DSXY_L004_R1.fastq.gz,/home/mnaji/work/Project_A1P2-ApisGene-Bovin.1617/Run_A1P2-ApisGene-Bovin4_7.17392/RawData/40753_GGCATTCT-CAAGCTAG-AHN3G7DSXY_L002_R1.fastq.gz	/home/mnaji/work/Project_A1P2-ApisGene-Bovin.1617/Run_A1P2-ApisGene-Bovin4_1.17377/RawData/40753_GGCATTCT-CAAGCTAG-BHL7VCDSXY_L004_R2.fastq.gz,/home/mnaji/work/Project_A1P2-ApisGene-Bovin.1617/Run_A1P2-ApisGene-Bovin4_2.17378/RawData/40753_GGCATTCT-CAAGCTAG-BHL7VCDSXY_L002_R2.fastq.gz,/home/mnaji/work/Project_A1P2-ApisGene-Bovin.1617/Run_A1P2-ApisGene-Bovin4_3.17379/RawData/40753_GGCATTCT-CAAGCTAG-BHL7VCDSXY_L003_R2.fastq.gz,/home/mnaji/work/Project_A1P2-ApisGene-Bovin.1617/Run_A1P2-ApisGene-Bovin4_4.17389/RawData/40753_GGCATTCT-CAAGCTAG-AHN3G7DSXY_L003_R2.fastq.gz,/home/mnaji/work/Project_A1P2-ApisGene-Bovin.1617/Run_A1P2-ApisGene-Bovin4_5.17390/RawData/40753_GGCATTCT-CAAGCTAG-AHN3G7DSXY_L001_R2.fastq.gz,/home/mnaji/work/Project_A1P2-ApisGene-Bovin.1617/Run_A1P2-ApisGene-Bovin4_6.17391/RawData/40753_GGCATTCT-CAAGCTAG-AHN3G7DSXY_L004_R2.fastq.gz,/home/mnaji/work/Project_A1P2-ApisGene-Bovin.1617/Run_A1P2-ApisGene-Bovin4_7.17392/RawData/40753_GGCATTCT-CAAGCTAG-AHN3G7DSXY_L002_R2.fastq.gz	/work/project/CASCAD/mnaji/sm_folder/results/vcf_lr/AUBFRAM001297005734_pbsv.vcf.gz
AUBFRAM001523115415	CLR	40755	FR1523115415	M	14	/home/mnaji/work/Project_A1P2-ApisGene-Bovin.1617/Run_A1P2-ApisGene-Bovin4_1.17377/RawData/40755_TACCGAGG-AGTTCAGG-BHL7VCDSXY_L004_R1.fastq.gz,/home/mnaji/work/Project_A1P2-ApisGene-Bovin.1617/Run_A1P2-ApisGene-Bovin4_2.17378/RawData/40755_TACCGAGG-AGTTCAGG-BHL7VCDSXY_L002_R1.fastq.gz,/home/mnaji/work/Project_A1P2-ApisGene-Bovin.1617/Run_A1P2-ApisGene-Bovin4_3.17379/RawData/40755_TACCGAGG-AGTTCAGG-BHL7VCDSXY_L003_R1.fastq.gz,/home/mnaji/work/Project_A1P2-ApisGene-Bovin.1617/Run_A1P2-ApisGene-Bovin4_4.17389/RawData/40755_TACCGAGG-AGTTCAGG-AHN3G7DSXY_L003_R1.fastq.gz,/home/mnaji/work/Project_A1P2-ApisGene-Bovin.1617/Run_A1P2-ApisGene-Bovin4_5.17390/RawData/40755_TACCGAGG-AGTTCAGG-AHN3G7DSXY_L001_R1.fastq.gz,/home/mnaji/work/Project_A1P2-ApisGene-Bovin.1617/Run_A1P2-ApisGene-Bovin4_6.17391/RawData/40755_TACCGAGG-AGTTCAGG-AHN3G7DSXY_L004_R1.fastq.gz,/home/mnaji/work/Project_A1P2-ApisGene-Bovin.1617/Run_A1P2-ApisGene-Bovin4_7.17392/RawData/40755_TACCGAGG-AGTTCAGG-AHN3G7DSXY_L002_R1.fastq.gz	/home/mnaji/work/Project_A1P2-ApisGene-Bovin.1617/Run_A1P2-ApisGene-Bovin4_1.17377/RawData/40755_TACCGAGG-AGTTCAGG-BHL7VCDSXY_L004_R2.fastq.gz,/home/mnaji/work/Project_A1P2-ApisGene-Bovin.1617/Run_A1P2-ApisGene-Bovin4_2.17378/RawData/40755_TACCGAGG-AGTTCAGG-BHL7VCDSXY_L002_R2.fastq.gz,/home/mnaji/work/Project_A1P2-ApisGene-Bovin.1617/Run_A1P2-ApisGene-Bovin4_3.17379/RawData/40755_TACCGAGG-AGTTCAGG-BHL7VCDSXY_L003_R2.fastq.gz,/home/mnaji/work/Project_A1P2-ApisGene-Bovin.1617/Run_A1P2-ApisGene-Bovin4_4.17389/RawData/40755_TACCGAGG-AGTTCAGG-AHN3G7DSXY_L003_R2.fastq.gz,/home/mnaji/work/Project_A1P2-ApisGene-Bovin.1617/Run_A1P2-ApisGene-Bovin4_5.17390/RawData/40755_TACCGAGG-AGTTCAGG-AHN3G7DSXY_L001_R2.fastq.gz,/home/mnaji/work/Project_A1P2-ApisGene-Bovin.1617/Run_A1P2-ApisGene-Bovin4_6.17391/RawData/40755_TACCGAGG-AGTTCAGG-AHN3G7DSXY_L004_R2.fastq.gz,/home/mnaji/work/Project_A1P2-ApisGene-Bovin.1617/Run_A1P2-ApisGene-Bovin4_7.17392/RawData/40755_TACCGAGG-AGTTCAGG-AHN3G7DSXY_L002_R2.fastq.gz	/work/project/CASCAD/mnaji/sm_folder/results/vcf_lr/AUBFRAM001523115415_pbsv.vcf.gz
AUBFRAM001525196826	CLR	40758	FR1525196826	M	14	/home/mnaji/work/Project_A1P2-ApisGene-Bovin.1617/Run_A1P2-ApisGene-Bovin4_1.17377/RawData/40758_GATTCTGC-CTCTCGTC-BHL7VCDSXY_L004_R1.fastq.gz,/home/mnaji/work/Project_A1P2-ApisGene-Bovin.1617/Run_A1P2-ApisGene-Bovin4_2.17378/RawData/40758_GATTCTGC-CTCTCGTC-BHL7VCDSXY_L002_R1.fastq.gz,/home/mnaji/work/Project_A1P2-ApisGene-Bovin.1617/Run_A1P2-ApisGene-Bovin4_3.17379/RawData/40758_GATTCTGC-CTCTCGTC-BHL7VCDSXY_L003_R1.fastq.gz,/home/mnaji/work/Project_A1P2-ApisGene-Bovin.1617/Run_A1P2-ApisGene-Bovin4_4.17389/RawData/40758_GATTCTGC-CTCTCGTC-AHN3G7DSXY_L003_R1.fastq.gz,/home/mnaji/work/Project_A1P2-ApisGene-Bovin.1617/Run_A1P2-ApisGene-Bovin4_5.17390/RawData/40758_GATTCTGC-CTCTCGTC-AHN3G7DSXY_L001_R1.fastq.gz,/home/mnaji/work/Project_A1P2-ApisGene-Bovin.1617/Run_A1P2-ApisGene-Bovin4_6.17391/RawData/40758_GATTCTGC-CTCTCGTC-AHN3G7DSXY_L004_R1.fastq.gz,/home/mnaji/work/Project_A1P2-ApisGene-Bovin.1617/Run_A1P2-ApisGene-Bovin4_7.17392/RawData/40758_GATTCTGC-CTCTCGTC-AHN3G7DSXY_L002_R1.fastq.gz	/home/mnaji/work/Project_A1P2-ApisGene-Bovin.1617/Run_A1P2-ApisGene-Bovin4_1.17377/RawData/40758_GATTCTGC-CTCTCGTC-BHL7VCDSXY_L004_R2.fastq.gz,/home/mnaji/work/Project_A1P2-ApisGene-Bovin.1617/Run_A1P2-ApisGene-Bovin4_2.17378/RawData/40758_GATTCTGC-CTCTCGTC-BHL7VCDSXY_L002_R2.fastq.gz,/home/mnaji/work/Project_A1P2-ApisGene-Bovin.1617/Run_A1P2-ApisGene-Bovin4_3.17379/RawData/40758_GATTCTGC-CTCTCGTC-BHL7VCDSXY_L003_R2.fastq.gz,/home/mnaji/work/Project_A1P2-ApisGene-Bovin.1617/Run_A1P2-ApisGene-Bovin4_4.17389/RawData/40758_GATTCTGC-CTCTCGTC-AHN3G7DSXY_L003_R2.fastq.gz,/home/mnaji/work/Project_A1P2-ApisGene-Bovin.1617/Run_A1P2-ApisGene-Bovin4_5.17390/RawData/40758_GATTCTGC-CTCTCGTC-AHN3G7DSXY_L001_R2.fastq.gz,/home/mnaji/work/Project_A1P2-ApisGene-Bovin.1617/Run_A1P2-ApisGene-Bovin4_6.17391/RawData/40758_GATTCTGC-CTCTCGTC-AHN3G7DSXY_L004_R2.fastq.gz,/home/mnaji/work/Project_A1P2-ApisGene-Bovin.1617/Run_A1P2-ApisGene-Bovin4_7.17392/RawData/40758_GATTCTGC-CTCTCGTC-AHN3G7DSXY_L002_R2.fastq.gz	/work/project/CASCAD/mnaji/sm_folder/results/vcf_lr/AUBFRAM001525196826_pbsv.vcf.gz
AUBFRAM001527091231	CLR	40769	FR1527091231	M	14	/home/mnaji/work/Project_A1P2-ApisGene-Bovin.1617/Run_A1P2-ApisGene-Bovin4_1.17377/RawData/40769_GTTCCAAT-GCAGAATT-BHL7VCDSXY_L004_R1.fastq.gz,/home/mnaji/work/Project_A1P2-ApisGene-Bovin.1617/Run_A1P2-ApisGene-Bovin4_2.17378/RawData/40769_GTTCCAAT-GCAGAATT-BHL7VCDSXY_L002_R1.fastq.gz,/home/mnaji/work/Project_A1P2-ApisGene-Bovin.1617/Run_A1P2-ApisGene-Bovin4_3.17379/RawData/40769_GTTCCAAT-GCAGAATT-BHL7VCDSXY_L003_R1.fastq.gz,/home/mnaji/work/Project_A1P2-ApisGene-Bovin.1617/Run_A1P2-ApisGene-Bovin4_4.17389/RawData/40769_GTTCCAAT-GCAGAATT-AHN3G7DSXY_L003_R1.fastq.gz,/home/mnaji/work/Project_A1P2-ApisGene-Bovin.1617/Run_A1P2-ApisGene-Bovin4_5.17390/RawData/40769_GTTCCAAT-GCAGAATT-AHN3G7DSXY_L001_R1.fastq.gz,/home/mnaji/work/Project_A1P2-ApisGene-Bovin.1617/Run_A1P2-ApisGene-Bovin4_6.17391/RawData/40769_GTTCCAAT-GCAGAATT-AHN3G7DSXY_L004_R1.fastq.gz,/home/mnaji/work/Project_A1P2-ApisGene-Bovin.1617/Run_A1P2-ApisGene-Bovin4_7.17392/RawData/40769_GTTCCAAT-GCAGAATT-AHN3G7DSXY_L002_R1.fastq.gz	/home/mnaji/work/Project_A1P2-ApisGene-Bovin.1617/Run_A1P2-ApisGene-Bovin4_1.17377/RawData/40769_GTTCCAAT-GCAGAATT-BHL7VCDSXY_L004_R2.fastq.gz,/home/mnaji/work/Project_A1P2-ApisGene-Bovin.1617/Run_A1P2-ApisGene-Bovin4_2.17378/RawData/40769_GTTCCAAT-GCAGAATT-BHL7VCDSXY_L002_R2.fastq.gz,/home/mnaji/work/Project_A1P2-ApisGene-Bovin.1617/Run_A1P2-ApisGene-Bovin4_3.17379/RawData/40769_GTTCCAAT-GCAGAATT-BHL7VCDSXY_L003_R2.fastq.gz,/home/mnaji/work/Project_A1P2-ApisGene-Bovin.1617/Run_A1P2-ApisGene-Bovin4_4.17389/RawData/40769_GTTCCAAT-GCAGAATT-AHN3G7DSXY_L003_R2.fastq.gz,/home/mnaji/work/Project_A1P2-ApisGene-Bovin.1617/Run_A1P2-ApisGene-Bovin4_5.17390/RawData/40769_GTTCCAAT-GCAGAATT-AHN3G7DSXY_L001_R2.fastq.gz,/home/mnaji/work/Project_A1P2-ApisGene-Bovin.1617/Run_A1P2-ApisGene-Bovin4_6.17391/RawData/40769_GTTCCAAT-GCAGAATT-AHN3G7DSXY_L004_R2.fastq.gz,/home/mnaji/work/Project_A1P2-ApisGene-Bovin.1617/Run_A1P2-ApisGene-Bovin4_7.17392/RawData/40769_GTTCCAAT-GCAGAATT-AHN3G7DSXY_L002_R2.fastq.gz	/work/project/CASCAD/mnaji/sm_folder/results/vcf_lr/AUBFRAM001527091231_pbsv.vcf.gz
AUBFRAM001539076866	CLR	41151	FR1539076866	M	14	/home/mnaji/work/Project_A1P2-ApisGene-Bovin.1617/Run_ApisGene-Bovin-B2P3_1.18294/RawData/41151_GGCATTCT-CAAGCTAG-AHFJL3DSX2_L002_R1.fastq.gz,/home/mnaji/work/Project_A1P2-ApisGene-Bovin.1617/Run_ApisGene-Bovin-B2P3_2.18295/RawData/41151_GGCATTCT-CAAGCTAG-AHFJL3DSX2_L004_R1.fastq.gz,/home/mnaji/work/Project_A1P2-ApisGene-Bovin.1617/Run_ApisGene-Bovin-B2P3_3.18296/RawData/41151_GGCATTCT-CAAGCTAG-AHFJL3DSX2_L003_R1.fastq.gz,/home/mnaji/work/Project_A1P2-ApisGene-Bovin.1617/Run_ApisGene-Bovin-B2P3_4.18297/RawData/41151_GGCATTCT-CAAGCTAG-AHFJL3DSX2_L001_R1.fastq.gz	/home/mnaji/work/Project_A1P2-ApisGene-Bovin.1617/Run_ApisGene-Bovin-B2P3_1.18294/RawData/41151_GGCATTCT-CAAGCTAG-AHFJL3DSX2_L002_R2.fastq.gz,/home/mnaji/work/Project_A1P2-ApisGene-Bovin.1617/Run_ApisGene-Bovin-B2P3_2.18295/RawData/41151_GGCATTCT-CAAGCTAG-AHFJL3DSX2_L004_R2.fastq.gz,/home/mnaji/work/Project_A1P2-ApisGene-Bovin.1617/Run_ApisGene-Bovin-B2P3_3.18296/RawData/41151_GGCATTCT-CAAGCTAG-AHFJL3DSX2_L003_R2.fastq.gz,/home/mnaji/work/Project_A1P2-ApisGene-Bovin.1617/Run_ApisGene-Bovin-B2P3_4.18297/RawData/41151_GGCATTCT-CAAGCTAG-AHFJL3DSX2_L001_R2.fastq.gz	/work/project/CASCAD/mnaji/sm_folder/results/vcf_lr/AUBFRAM001539076866_pbsv.vcf.gz
AUBFRAM004803045224	CLR	40756	FR4803045224	M	14	/home/mnaji/work/Project_A1P2-ApisGene-Bovin.1617/Run_A1P2-ApisGene-Bovin4_1.17377/RawData/40756_CGTTAGAA-GACCTGAA-BHL7VCDSXY_L004_R1.fastq.gz,/home/mnaji/work/Project_A1P2-ApisGene-Bovin.1617/Run_A1P2-ApisGene-Bovin4_2.17378/RawData/40756_CGTTAGAA-GACCTGAA-BHL7VCDSXY_L002_R1.fastq.gz,/home/mnaji/work/Project_A1P2-ApisGene-Bovin.1617/Run_A1P2-ApisGene-Bovin4_3.17379/RawData/40756_CGTTAGAA-GACCTGAA-BHL7VCDSXY_L003_R1.fastq.gz,/home/mnaji/work/Project_A1P2-ApisGene-Bovin.1617/Run_A1P2-ApisGene-Bovin4_4.17389/RawData/40756_CGTTAGAA-GACCTGAA-AHN3G7DSXY_L003_R1.fastq.gz,/home/mnaji/work/Project_A1P2-ApisGene-Bovin.1617/Run_A1P2-ApisGene-Bovin4_5.17390/RawData/40756_CGTTAGAA-GACCTGAA-AHN3G7DSXY_L001_R1.fastq.gz,/home/mnaji/work/Project_A1P2-ApisGene-Bovin.1617/Run_A1P2-ApisGene-Bovin4_6.17391/RawData/40756_CGTTAGAA-GACCTGAA-AHN3G7DSXY_L004_R1.fastq.gz,/home/mnaji/work/Project_A1P2-ApisGene-Bovin.1617/Run_A1P2-ApisGene-Bovin4_7.17392/RawData/40756_CGTTAGAA-GACCTGAA-AHN3G7DSXY_L002_R1.fastq.gz	/home/mnaji/work/Project_A1P2-ApisGene-Bovin.1617/Run_A1P2-ApisGene-Bovin4_1.17377/RawData/40756_CGTTAGAA-GACCTGAA-BHL7VCDSXY_L004_R2.fastq.gz,/home/mnaji/work/Project_A1P2-ApisGene-Bovin.1617/Run_A1P2-ApisGene-Bovin4_2.17378/RawData/40756_CGTTAGAA-GACCTGAA-BHL7VCDSXY_L002_R2.fastq.gz,/home/mnaji/work/Project_A1P2-ApisGene-Bovin.1617/Run_A1P2-ApisGene-Bovin4_3.17379/RawData/40756_CGTTAGAA-GACCTGAA-BHL7VCDSXY_L003_R2.fastq.gz,/home/mnaji/work/Project_A1P2-ApisGene-Bovin.1617/Run_A1P2-ApisGene-Bovin4_4.17389/RawData/40756_CGTTAGAA-GACCTGAA-AHN3G7DSXY_L003_R2.fastq.gz,/home/mnaji/work/Project_A1P2-ApisGene-Bovin.1617/Run_A1P2-ApisGene-Bovin4_5.17390/RawData/40756_CGTTAGAA-GACCTGAA-AHN3G7DSXY_L001_R2.fastq.gz,/home/mnaji/work/Project_A1P2-ApisGene-Bovin.1617/Run_A1P2-ApisGene-Bovin4_6.17391/RawData/40756_CGTTAGAA-GACCTGAA-AHN3G7DSXY_L004_R2.fastq.gz,/home/mnaji/work/Project_A1P2-ApisGene-Bovin.1617/Run_A1P2-ApisGene-Bovin4_7.17392/RawData/40756_CGTTAGAA-GACCTGAA-AHN3G7DSXY_L002_R2.fastq.gz	/work/project/CASCAD/mnaji/sm_folder/results/vcf_lr/AUBFRAM004803045224_pbsv.vcf.gz
AUBFRAM004808127549	CLR	40764	FR4808127549	M	14	/home/mnaji/work/Project_A1P2-ApisGene-Bovin.1617/Run_A1P2-ApisGene-Bovin4_1.17377/RawData/40764_GCGCAAGC-CGGCGTGA-BHL7VCDSXY_L004_R1.fastq.gz,/home/mnaji/work/Project_A1P2-ApisGene-Bovin.1617/Run_A1P2-ApisGene-Bovin4_2.17378/RawData/40764_GCGCAAGC-CGGCGTGA-BHL7VCDSXY_L002_R1.fastq.gz,/home/mnaji/work/Project_A1P2-ApisGene-Bovin.1617/Run_A1P2-ApisGene-Bovin4_3.17379/RawData/40764_GCGCAAGC-CGGCGTGA-BHL7VCDSXY_L003_R1.fastq.gz,/home/mnaji/work/Project_A1P2-ApisGene-Bovin.1617/Run_A1P2-ApisGene-Bovin4_4.17389/RawData/40764_GCGCAAGC-CGGCGTGA-AHN3G7DSXY_L003_R1.fastq.gz,/home/mnaji/work/Project_A1P2-ApisGene-Bovin.1617/Run_A1P2-ApisGene-Bovin4_5.17390/RawData/40764_GCGCAAGC-CGGCGTGA-AHN3G7DSXY_L001_R1.fastq.gz,/home/mnaji/work/Project_A1P2-ApisGene-Bovin.1617/Run_A1P2-ApisGene-Bovin4_6.17391/RawData/40764_GCGCAAGC-CGGCGTGA-AHN3G7DSXY_L004_R1.fastq.gz,/home/mnaji/work/Project_A1P2-ApisGene-Bovin.1617/Run_A1P2-ApisGene-Bovin4_7.17392/RawData/40764_GCGCAAGC-CGGCGTGA-AHN3G7DSXY_L002_R1.fastq.gz	/home/mnaji/work/Project_A1P2-ApisGene-Bovin.1617/Run_A1P2-ApisGene-Bovin4_1.17377/RawData/40764_GCGCAAGC-CGGCGTGA-BHL7VCDSXY_L004_R2.fastq.gz,/home/mnaji/work/Project_A1P2-ApisGene-Bovin.1617/Run_A1P2-ApisGene-Bovin4_2.17378/RawData/40764_GCGCAAGC-CGGCGTGA-BHL7VCDSXY_L002_R2.fastq.gz,/home/mnaji/work/Project_A1P2-ApisGene-Bovin.1617/Run_A1P2-ApisGene-Bovin4_3.17379/RawData/40764_GCGCAAGC-CGGCGTGA-BHL7VCDSXY_L003_R2.fastq.gz,/home/mnaji/work/Project_A1P2-ApisGene-Bovin.1617/Run_A1P2-ApisGene-Bovin4_4.17389/RawData/40764_GCGCAAGC-CGGCGTGA-AHN3G7DSXY_L003_R2.fastq.gz,/home/mnaji/work/Project_A1P2-ApisGene-Bovin.1617/Run_A1P2-ApisGene-Bovin4_5.17390/RawData/40764_GCGCAAGC-CGGCGTGA-AHN3G7DSXY_L001_R2.fastq.gz,/home/mnaji/work/Project_A1P2-ApisGene-Bovin.1617/Run_A1P2-ApisGene-Bovin4_6.17391/RawData/40764_GCGCAAGC-CGGCGTGA-AHN3G7DSXY_L004_R2.fastq.gz,/home/mnaji/work/Project_A1P2-ApisGene-Bovin.1617/Run_A1P2-ApisGene-Bovin4_7.17392/RawData/40764_GCGCAAGC-CGGCGTGA-AHN3G7DSXY_L002_R2.fastq.gz	/work/project/CASCAD/mnaji/sm_folder/results/vcf_lr/AUBFRAM004808127549_pbsv.vcf.gz
AUBFRAM004813021186	CLR	40768	FR4813021186	M	14	/home/mnaji/work/Project_A1P2-ApisGene-Bovin.1617/Run_A1P2-ApisGene-Bovin4_1.17377/RawData/40768_GCAATGCA-AACGTTCC-BHL7VCDSXY_L004_R1.fastq.gz,/home/mnaji/work/Project_A1P2-ApisGene-Bovin.1617/Run_A1P2-ApisGene-Bovin4_2.17378/RawData/40768_GCAATGCA-AACGTTCC-BHL7VCDSXY_L002_R1.fastq.gz,/home/mnaji/work/Project_A1P2-ApisGene-Bovin.1617/Run_A1P2-ApisGene-Bovin4_3.17379/RawData/40768_GCAATGCA-AACGTTCC-BHL7VCDSXY_L003_R1.fastq.gz,/home/mnaji/work/Project_A1P2-ApisGene-Bovin.1617/Run_A1P2-ApisGene-Bovin4_4.17389/RawData/40768_GCAATGCA-AACGTTCC-AHN3G7DSXY_L003_R1.fastq.gz,/home/mnaji/work/Project_A1P2-ApisGene-Bovin.1617/Run_A1P2-ApisGene-Bovin4_5.17390/RawData/40768_GCAATGCA-AACGTTCC-AHN3G7DSXY_L001_R1.fastq.gz,/home/mnaji/work/Project_A1P2-ApisGene-Bovin.1617/Run_A1P2-ApisGene-Bovin4_6.17391/RawData/40768_GCAATGCA-AACGTTCC-AHN3G7DSXY_L004_R1.fastq.gz,/home/mnaji/work/Project_A1P2-ApisGene-Bovin.1617/Run_A1P2-ApisGene-Bovin4_7.17392/RawData/40768_GCAATGCA-AACGTTCC-AHN3G7DSXY_L002_R1.fastq.gz	/home/mnaji/work/Project_A1P2-ApisGene-Bovin.1617/Run_A1P2-ApisGene-Bovin4_1.17377/RawData/40768_GCAATGCA-AACGTTCC-BHL7VCDSXY_L004_R2.fastq.gz,/home/mnaji/work/Project_A1P2-ApisGene-Bovin.1617/Run_A1P2-ApisGene-Bovin4_2.17378/RawData/40768_GCAATGCA-AACGTTCC-BHL7VCDSXY_L002_R2.fastq.gz,/home/mnaji/work/Project_A1P2-ApisGene-Bovin.1617/Run_A1P2-ApisGene-Bovin4_3.17379/RawData/40768_GCAATGCA-AACGTTCC-BHL7VCDSXY_L003_R2.fastq.gz,/home/mnaji/work/Project_A1P2-ApisGene-Bovin.1617/Run_A1P2-ApisGene-Bovin4_4.17389/RawData/40768_GCAATGCA-AACGTTCC-AHN3G7DSXY_L003_R2.fastq.gz,/home/mnaji/work/Project_A1P2-ApisGene-Bovin.1617/Run_A1P2-ApisGene-Bovin4_5.17390/RawData/40768_GCAATGCA-AACGTTCC-AHN3G7DSXY_L001_R2.fastq.gz,/home/mnaji/work/Project_A1P2-ApisGene-Bovin.1617/Run_A1P2-ApisGene-Bovin4_6.17391/RawData/40768_GCAATGCA-AACGTTCC-AHN3G7DSXY_L004_R2.fastq.gz,/home/mnaji/work/Project_A1P2-ApisGene-Bovin.1617/Run_A1P2-ApisGene-Bovin4_7.17392/RawData/40768_GCAATGCA-AACGTTCC-AHN3G7DSXY_L002_R2.fastq.gz	/work/project/CASCAD/mnaji/sm_folder/results/vcf_lr/AUBFRAM004813021186_pbsv.vcf.gz
AUBFRAM004898126406	CLR	40754	FR4898126406	M	14	/home/mnaji/work/Project_A1P2-ApisGene-Bovin.1617/Run_A1P2-ApisGene-Bovin4_1.17377/RawData/40754_AATGCCTC-TGGATCGA-BHL7VCDSXY_L004_R1.fastq.gz,/home/mnaji/work/Project_A1P2-ApisGene-Bovin.1617/Run_A1P2-ApisGene-Bovin4_2.17378/RawData/40754_AATGCCTC-TGGATCGA-BHL7VCDSXY_L002_R1.fastq.gz,/home/mnaji/work/Project_A1P2-ApisGene-Bovin.1617/Run_A1P2-ApisGene-Bovin4_3.17379/RawData/40754_AATGCCTC-TGGATCGA-BHL7VCDSXY_L003_R1.fastq.gz,/home/mnaji/work/Project_A1P2-ApisGene-Bovin.1617/Run_A1P2-ApisGene-Bovin4_4.17389/RawData/40754_AATGCCTC-TGGATCGA-AHN3G7DSXY_L003_R1.fastq.gz,/home/mnaji/work/Project_A1P2-ApisGene-Bovin.1617/Run_A1P2-ApisGene-Bovin4_5.17390/RawData/40754_AATGCCTC-TGGATCGA-AHN3G7DSXY_L001_R1.fastq.gz,/home/mnaji/work/Project_A1P2-ApisGene-Bovin.1617/Run_A1P2-ApisGene-Bovin4_6.17391/RawData/40754_AATGCCTC-TGGATCGA-AHN3G7DSXY_L004_R1.fastq.gz,/home/mnaji/work/Project_A1P2-ApisGene-Bovin.1617/Run_A1P2-ApisGene-Bovin4_7.17392/RawData/40754_AATGCCTC-TGGATCGA-AHN3G7DSXY_L002_R1.fastq.gz	/home/mnaji/work/Project_A1P2-ApisGene-Bovin.1617/Run_A1P2-ApisGene-Bovin4_1.17377/RawData/40754_AATGCCTC-TGGATCGA-BHL7VCDSXY_L004_R2.fastq.gz,/home/mnaji/work/Project_A1P2-ApisGene-Bovin.1617/Run_A1P2-ApisGene-Bovin4_2.17378/RawData/40754_AATGCCTC-TGGATCGA-BHL7VCDSXY_L002_R2.fastq.gz,/home/mnaji/work/Project_A1P2-ApisGene-Bovin.1617/Run_A1P2-ApisGene-Bovin4_3.17379/RawData/40754_AATGCCTC-TGGATCGA-BHL7VCDSXY_L003_R2.fastq.gz,/home/mnaji/work/Project_A1P2-ApisGene-Bovin.1617/Run_A1P2-ApisGene-Bovin4_4.17389/RawData/40754_AATGCCTC-TGGATCGA-AHN3G7DSXY_L003_R2.fastq.gz,/home/mnaji/work/Project_A1P2-ApisGene-Bovin.1617/Run_A1P2-ApisGene-Bovin4_5.17390/RawData/40754_AATGCCTC-TGGATCGA-AHN3G7DSXY_L001_R2.fastq.gz,/home/mnaji/work/Project_A1P2-ApisGene-Bovin.1617/Run_A1P2-ApisGene-Bovin4_6.17391/RawData/40754_AATGCCTC-TGGATCGA-AHN3G7DSXY_L004_R2.fastq.gz,/home/mnaji/work/Project_A1P2-ApisGene-Bovin.1617/Run_A1P2-ApisGene-Bovin4_7.17392/RawData/40754_AATGCCTC-TGGATCGA-AHN3G7DSXY_L002_R2.fastq.gz	/work/project/CASCAD/mnaji/sm_folder/results/vcf_lr/AUBFRAM004898126406_pbsv.vcf.gz
BAQFRAM003202769144	CLR	40787	FR3202769144	M	79	/home/mnaji/work/Project_A1P2-ApisGene-Bovin.1617/Run_A1P2-ApisGene-Bovin4_1.17377/RawData/40787_ACACTAAG-ATATGGAT-BHL7VCDSXY_L004_R1.fastq.gz,/home/mnaji/work/Project_A1P2-ApisGene-Bovin.1617/Run_A1P2-ApisGene-Bovin4_2.17378/RawData/40787_ACACTAAG-ATATGGAT-BHL7VCDSXY_L002_R1.fastq.gz,/home/mnaji/work/Project_A1P2-ApisGene-Bovin.1617/Run_A1P2-ApisGene-Bovin4_3.17379/RawData/40787_ACACTAAG-ATATGGAT-BHL7VCDSXY_L003_R1.fastq.gz,/home/mnaji/work/Project_A1P2-ApisGene-Bovin.1617/Run_A1P2-ApisGene-Bovin4_4.17389/RawData/40787_ACACTAAG-ATATGGAT-AHN3G7DSXY_L003_R1.fastq.gz,/home/mnaji/work/Project_A1P2-ApisGene-Bovin.1617/Run_A1P2-ApisGene-Bovin4_5.17390/RawData/40787_ACACTAAG-ATATGGAT-AHN3G7DSXY_L001_R1.fastq.gz,/home/mnaji/work/Project_A1P2-ApisGene-Bovin.1617/Run_A1P2-ApisGene-Bovin4_6.17391/RawData/40787_ACACTAAG-ATATGGAT-AHN3G7DSXY_L004_R1.fastq.gz,/home/mnaji/work/Project_A1P2-ApisGene-Bovin.1617/Run_A1P2-ApisGene-Bovin4_7.17392/RawData/40787_ACACTAAG-ATATGGAT-AHN3G7DSXY_L002_R1.fastq.gz	/home/mnaji/work/Project_A1P2-ApisGene-Bovin.1617/Run_A1P2-ApisGene-Bovin4_1.17377/RawData/40787_ACACTAAG-ATATGGAT-BHL7VCDSXY_L004_R2.fastq.gz,/home/mnaji/work/Project_A1P2-ApisGene-Bovin.1617/Run_A1P2-ApisGene-Bovin4_2.17378/RawData/40787_ACACTAAG-ATATGGAT-BHL7VCDSXY_L002_R2.fastq.gz,/home/mnaji/work/Project_A1P2-ApisGene-Bovin.1617/Run_A1P2-ApisGene-Bovin4_3.17379/RawData/40787_ACACTAAG-ATATGGAT-BHL7VCDSXY_L003_R2.fastq.gz,/home/mnaji/work/Project_A1P2-ApisGene-Bovin.1617/Run_A1P2-ApisGene-Bovin4_4.17389/RawData/40787_ACACTAAG-ATATGGAT-AHN3G7DSXY_L003_R2.fastq.gz,/home/mnaji/work/Project_A1P2-ApisGene-Bovin.1617/Run_A1P2-ApisGene-Bovin4_5.17390/RawData/40787_ACACTAAG-ATATGGAT-AHN3G7DSXY_L001_R2.fastq.gz,/home/mnaji/work/Project_A1P2-ApisGene-Bovin.1617/Run_A1P2-ApisGene-Bovin4_6.17391/RawData/40787_ACACTAAG-ATATGGAT-AHN3G7DSXY_L004_R2.fastq.gz,/home/mnaji/work/Project_A1P2-ApisGene-Bovin.1617/Run_A1P2-ApisGene-Bovin4_7.17392/RawData/40787_ACACTAAG-ATATGGAT-AHN3G7DSXY_L002_R2.fastq.gz	/work/project/CASCAD/mnaji/sm_folder/results/vcf_lr/BAQFRAM003202769144_pbsv.vcf.gz
BAQFRAM004004274084	CLR	40802	FR4004274084	M	79	/home/mnaji/work/Project_A1P2-ApisGene-Bovin.1617/Run_A1P2-ApisGene-Bovin4_1.17377/RawData/40802_GTGAATAT-GAATGAGA-BHL7VCDSXY_L004_R1.fastq.gz,/home/mnaji/work/Project_A1P2-ApisGene-Bovin.1617/Run_A1P2-ApisGene-Bovin4_2.17378/RawData/40802_GTGAATAT-GAATGAGA-BHL7VCDSXY_L002_R1.fastq.gz,/home/mnaji/work/Project_A1P2-ApisGene-Bovin.1617/Run_A1P2-ApisGene-Bovin4_3.17379/RawData/40802_GTGAATAT-GAATGAGA-BHL7VCDSXY_L003_R1.fastq.gz,/home/mnaji/work/Project_A1P2-ApisGene-Bovin.1617/Run_A1P2-ApisGene-Bovin4_4.17389/RawData/40802_GTGAATAT-GAATGAGA-AHN3G7DSXY_L003_R1.fastq.gz,/home/mnaji/work/Project_A1P2-ApisGene-Bovin.1617/Run_A1P2-ApisGene-Bovin4_5.17390/RawData/40802_GTGAATAT-GAATGAGA-AHN3G7DSXY_L001_R1.fastq.gz,/home/mnaji/work/Project_A1P2-ApisGene-Bovin.1617/Run_A1P2-ApisGene-Bovin4_6.17391/RawData/40802_GTGAATAT-GAATGAGA-AHN3G7DSXY_L004_R1.fastq.gz,/home/mnaji/work/Project_A1P2-ApisGene-Bovin.1617/Run_A1P2-ApisGene-Bovin4_7.17392/RawData/40802_GTGAATAT-GAATGAGA-AHN3G7DSXY_L002_R1.fastq.gz	/home/mnaji/work/Project_A1P2-ApisGene-Bovin.1617/Run_A1P2-ApisGene-Bovin4_1.17377/RawData/40802_GTGAATAT-GAATGAGA-BHL7VCDSXY_L004_R2.fastq.gz,/home/mnaji/work/Project_A1P2-ApisGene-Bovin.1617/Run_A1P2-ApisGene-Bovin4_2.17378/RawData/40802_GTGAATAT-GAATGAGA-BHL7VCDSXY_L002_R2.fastq.gz,/home/mnaji/work/Project_A1P2-ApisGene-Bovin.1617/Run_A1P2-ApisGene-Bovin4_3.17379/RawData/40802_GTGAATAT-GAATGAGA-BHL7VCDSXY_L003_R2.fastq.gz,/home/mnaji/work/Project_A1P2-ApisGene-Bovin.1617/Run_A1P2-ApisGene-Bovin4_4.17389/RawData/40802_GTGAATAT-GAATGAGA-AHN3G7DSXY_L003_R2.fastq.gz,/home/mnaji/work/Project_A1P2-ApisGene-Bovin.1617/Run_A1P2-ApisGene-Bovin4_5.17390/RawData/40802_GTGAATAT-GAATGAGA-AHN3G7DSXY_L001_R2.fastq.gz,/home/mnaji/work/Project_A1P2-ApisGene-Bovin.1617/Run_A1P2-ApisGene-Bovin4_6.17391/RawData/40802_GTGAATAT-GAATGAGA-AHN3G7DSXY_L004_R2.fastq.gz,/home/mnaji/work/Project_A1P2-ApisGene-Bovin.1617/Run_A1P2-ApisGene-Bovin4_7.17392/RawData/40802_GTGAATAT-GAATGAGA-AHN3G7DSXY_L002_R2.fastq.gz	/work/project/CASCAD/mnaji/sm_folder/results/vcf_lr/BAQFRAM004004274084_pbsv.vcf.gz
BAQFRAM004961211912	CLR	40800	FR4961211912	M	79	/home/mnaji/work/Project_A1P2-ApisGene-Bovin.1617/Run_A1P2-ApisGene-Bovin4_1.17377/RawData/40800_CATAGAGT-TGGTGGCA-BHL7VCDSXY_L004_R1.fastq.gz,/home/mnaji/work/Project_A1P2-ApisGene-Bovin.1617/Run_A1P2-ApisGene-Bovin4_2.17378/RawData/40800_CATAGAGT-TGGTGGCA-BHL7VCDSXY_L002_R1.fastq.gz,/home/mnaji/work/Project_A1P2-ApisGene-Bovin.1617/Run_A1P2-ApisGene-Bovin4_3.17379/RawData/40800_CATAGAGT-TGGTGGCA-BHL7VCDSXY_L003_R1.fastq.gz,/home/mnaji/work/Project_A1P2-ApisGene-Bovin.1617/Run_A1P2-ApisGene-Bovin4_4.17389/RawData/40800_CATAGAGT-TGGTGGCA-AHN3G7DSXY_L003_R1.fastq.gz,/home/mnaji/work/Project_A1P2-ApisGene-Bovin.1617/Run_A1P2-ApisGene-Bovin4_5.17390/RawData/40800_CATAGAGT-TGGTGGCA-AHN3G7DSXY_L001_R1.fastq.gz,/home/mnaji/work/Project_A1P2-ApisGene-Bovin.1617/Run_A1P2-ApisGene-Bovin4_6.17391/RawData/40800_CATAGAGT-TGGTGGCA-AHN3G7DSXY_L004_R1.fastq.gz,/home/mnaji/work/Project_A1P2-ApisGene-Bovin.1617/Run_A1P2-ApisGene-Bovin4_7.17392/RawData/40800_CATAGAGT-TGGTGGCA-AHN3G7DSXY_L002_R1.fastq.gz	/home/mnaji/work/Project_A1P2-ApisGene-Bovin.1617/Run_A1P2-ApisGene-Bovin4_1.17377/RawData/40800_CATAGAGT-TGGTGGCA-BHL7VCDSXY_L004_R2.fastq.gz,/home/mnaji/work/Project_A1P2-ApisGene-Bovin.1617/Run_A1P2-ApisGene-Bovin4_2.17378/RawData/40800_CATAGAGT-TGGTGGCA-BHL7VCDSXY_L002_R2.fastq.gz,/home/mnaji/work/Project_A1P2-ApisGene-Bovin.1617/Run_A1P2-ApisGene-Bovin4_3.17379/RawData/40800_CATAGAGT-TGGTGGCA-BHL7VCDSXY_L003_R2.fastq.gz,/home/mnaji/work/Project_A1P2-ApisGene-Bovin.1617/Run_A1P2-ApisGene-Bovin4_4.17389/RawData/40800_CATAGAGT-TGGTGGCA-AHN3G7DSXY_L003_R2.fastq.gz,/home/mnaji/work/Project_A1P2-ApisGene-Bovin.1617/Run_A1P2-ApisGene-Bovin4_5.17390/RawData/40800_CATAGAGT-TGGTGGCA-AHN3G7DSXY_L001_R2.fastq.gz,/home/mnaji/work/Project_A1P2-ApisGene-Bovin.1617/Run_A1P2-ApisGene-Bovin4_6.17391/RawData/40800_CATAGAGT-TGGTGGCA-AHN3G7DSXY_L004_R2.fastq.gz,/home/mnaji/work/Project_A1P2-ApisGene-Bovin.1617/Run_A1P2-ApisGene-Bovin4_7.17392/RawData/40800_CATAGAGT-TGGTGGCA-AHN3G7DSXY_L002_R2.fastq.gz	/work/project/CASCAD/mnaji/sm_folder/results/vcf_lr/BAQFRAM004961211912_pbsv.vcf.gz
BAQFRAM005343396363	CLR	40794	FR5343396363	M	79	/home/mnaji/work/Project_A1P2-ApisGene-Bovin.1617/Run_A1P2-ApisGene-Bovin4_1.17377/RawData/40794_GTCTACAC-ACCTTGGC-BHL7VCDSXY_L004_R1.fastq.gz,/home/mnaji/work/Project_A1P2-ApisGene-Bovin.1617/Run_A1P2-ApisGene-Bovin4_2.17378/RawData/40794_GTCTACAC-ACCTTGGC-BHL7VCDSXY_L002_R1.fastq.gz,/home/mnaji/work/Project_A1P2-ApisGene-Bovin.1617/Run_A1P2-ApisGene-Bovin4_3.17379/RawData/40794_GTCTACAC-ACCTTGGC-BHL7VCDSXY_L003_R1.fastq.gz,/home/mnaji/work/Project_A1P2-ApisGene-Bovin.1617/Run_A1P2-ApisGene-Bovin4_4.17389/RawData/40794_GTCTACAC-ACCTTGGC-AHN3G7DSXY_L003_R1.fastq.gz,/home/mnaji/work/Project_A1P2-ApisGene-Bovin.1617/Run_A1P2-ApisGene-Bovin4_5.17390/RawData/40794_GTCTACAC-ACCTTGGC-AHN3G7DSXY_L001_R1.fastq.gz,/home/mnaji/work/Project_A1P2-ApisGene-Bovin.1617/Run_A1P2-ApisGene-Bovin4_6.17391/RawData/40794_GTCTACAC-ACCTTGGC-AHN3G7DSXY_L004_R1.fastq.gz,/home/mnaji/work/Project_A1P2-ApisGene-Bovin.1617/Run_A1P2-ApisGene-Bovin4_7.17392/RawData/40794_GTCTACAC-ACCTTGGC-AHN3G7DSXY_L002_R1.fastq.gz	/home/mnaji/work/Project_A1P2-ApisGene-Bovin.1617/Run_A1P2-ApisGene-Bovin4_1.17377/RawData/40794_GTCTACAC-ACCTTGGC-BHL7VCDSXY_L004_R2.fastq.gz,/home/mnaji/work/Project_A1P2-ApisGene-Bovin.1617/Run_A1P2-ApisGene-Bovin4_2.17378/RawData/40794_GTCTACAC-ACCTTGGC-BHL7VCDSXY_L002_R2.fastq.gz,/home/mnaji/work/Project_A1P2-ApisGene-Bovin.1617/Run_A1P2-ApisGene-Bovin4_3.17379/RawData/40794_GTCTACAC-ACCTTGGC-BHL7VCDSXY_L003_R2.fastq.gz,/home/mnaji/work/Project_A1P2-ApisGene-Bovin.1617/Run_A1P2-ApisGene-Bovin4_4.17389/RawData/40794_GTCTACAC-ACCTTGGC-AHN3G7DSXY_L003_R2.fastq.gz,/home/mnaji/work/Project_A1P2-ApisGene-Bovin.1617/Run_A1P2-ApisGene-Bovin4_5.17390/RawData/40794_GTCTACAC-ACCTTGGC-AHN3G7DSXY_L001_R2.fastq.gz,/home/mnaji/work/Project_A1P2-ApisGene-Bovin.1617/Run_A1P2-ApisGene-Bovin4_6.17391/RawData/40794_GTCTACAC-ACCTTGGC-AHN3G7DSXY_L004_R2.fastq.gz,/home/mnaji/work/Project_A1P2-ApisGene-Bovin.1617/Run_A1P2-ApisGene-Bovin4_7.17392/RawData/40794_GTCTACAC-ACCTTGGC-AHN3G7DSXY_L002_R2.fastq.gz	/work/project/CASCAD/mnaji/sm_folder/results/vcf_lr/BAQFRAM005343396363_pbsv.vcf.gz
BAQFRAM005343396600	CLR	40803	FR5343396600	M	79	/home/mnaji/work/Project_A1P2-ApisGene-Bovin.1617/Run_A1P2-ApisGene-Bovin4_1.17377/RawData/40803_AACTGTAG-TGCGGCGT-BHL7VCDSXY_L004_R1.fastq.gz,/home/mnaji/work/Project_A1P2-ApisGene-Bovin.1617/Run_A1P2-ApisGene-Bovin4_2.17378/RawData/40803_AACTGTAG-TGCGGCGT-BHL7VCDSXY_L002_R1.fastq.gz,/home/mnaji/work/Project_A1P2-ApisGene-Bovin.1617/Run_A1P2-ApisGene-Bovin4_3.17379/RawData/40803_AACTGTAG-TGCGGCGT-BHL7VCDSXY_L003_R1.fastq.gz,/home/mnaji/work/Project_A1P2-ApisGene-Bovin.1617/Run_A1P2-ApisGene-Bovin4_4.17389/RawData/40803_AACTGTAG-TGCGGCGT-AHN3G7DSXY_L003_R1.fastq.gz,/home/mnaji/work/Project_A1P2-ApisGene-Bovin.1617/Run_A1P2-ApisGene-Bovin4_5.17390/RawData/40803_AACTGTAG-TGCGGCGT-AHN3G7DSXY_L001_R1.fastq.gz,/home/mnaji/work/Project_A1P2-ApisGene-Bovin.1617/Run_A1P2-ApisGene-Bovin4_6.17391/RawData/40803_AACTGTAG-TGCGGCGT-AHN3G7DSXY_L004_R1.fastq.gz,/home/mnaji/work/Project_A1P2-ApisGene-Bovin.1617/Run_A1P2-ApisGene-Bovin4_7.17392/RawData/40803_AACTGTAG-TGCGGCGT-AHN3G7DSXY_L002_R1.fastq.gz	/home/mnaji/work/Project_A1P2-ApisGene-Bovin.1617/Run_A1P2-ApisGene-Bovin4_1.17377/RawData/40803_AACTGTAG-TGCGGCGT-BHL7VCDSXY_L004_R2.fastq.gz,/home/mnaji/work/Project_A1P2-ApisGene-Bovin.1617/Run_A1P2-ApisGene-Bovin4_2.17378/RawData/40803_AACTGTAG-TGCGGCGT-BHL7VCDSXY_L002_R2.fastq.gz,/home/mnaji/work/Project_A1P2-ApisGene-Bovin.1617/Run_A1P2-ApisGene-Bovin4_3.17379/RawData/40803_AACTGTAG-TGCGGCGT-BHL7VCDSXY_L003_R2.fastq.gz,/home/mnaji/work/Project_A1P2-ApisGene-Bovin.1617/Run_A1P2-ApisGene-Bovin4_4.17389/RawData/40803_AACTGTAG-TGCGGCGT-AHN3G7DSXY_L003_R2.fastq.gz,/home/mnaji/work/Project_A1P2-ApisGene-Bovin.1617/Run_A1P2-ApisGene-Bovin4_5.17390/RawData/40803_AACTGTAG-TGCGGCGT-AHN3G7DSXY_L001_R2.fastq.gz,/home/mnaji/work/Project_A1P2-ApisGene-Bovin.1617/Run_A1P2-ApisGene-Bovin4_6.17391/RawData/40803_AACTGTAG-TGCGGCGT-AHN3G7DSXY_L004_R2.fastq.gz,/home/mnaji/work/Project_A1P2-ApisGene-Bovin.1617/Run_A1P2-ApisGene-Bovin4_7.17392/RawData/40803_AACTGTAG-TGCGGCGT-AHN3G7DSXY_L002_R2.fastq.gz	/work/project/CASCAD/mnaji/sm_folder/results/vcf_lr/BAQFRAM005343396600_pbsv.vcf.gz
BAQFRAM005622917894	CLR	40790	FR5622917894	M	79	/home/mnaji/work/Project_A1P2-ApisGene-Bovin.1617/Run_A1P2-ApisGene-Bovin4_1.17377/RawData/40790_CCTTCACC-GGAGCGTC-BHL7VCDSXY_L004_R1.fastq.gz,/home/mnaji/work/Project_A1P2-ApisGene-Bovin.1617/Run_A1P2-ApisGene-Bovin4_2.17378/RawData/40790_CCTTCACC-GGAGCGTC-BHL7VCDSXY_L002_R1.fastq.gz,/home/mnaji/work/Project_A1P2-ApisGene-Bovin.1617/Run_A1P2-ApisGene-Bovin4_3.17379/RawData/40790_CCTTCACC-GGAGCGTC-BHL7VCDSXY_L003_R1.fastq.gz,/home/mnaji/work/Project_A1P2-ApisGene-Bovin.1617/Run_A1P2-ApisGene-Bovin4_4.17389/RawData/40790_CCTTCACC-GGAGCGTC-AHN3G7DSXY_L003_R1.fastq.gz,/home/mnaji/work/Project_A1P2-ApisGene-Bovin.1617/Run_A1P2-ApisGene-Bovin4_5.17390/RawData/40790_CCTTCACC-GGAGCGTC-AHN3G7DSXY_L001_R1.fastq.gz,/home/mnaji/work/Project_A1P2-ApisGene-Bovin.1617/Run_A1P2-ApisGene-Bovin4_6.17391/RawData/40790_CCTTCACC-GGAGCGTC-AHN3G7DSXY_L004_R1.fastq.gz,/home/mnaji/work/Project_A1P2-ApisGene-Bovin.1617/Run_A1P2-ApisGene-Bovin4_7.17392/RawData/40790_CCTTCACC-GGAGCGTC-AHN3G7DSXY_L002_R1.fastq.gz	/home/mnaji/work/Project_A1P2-ApisGene-Bovin.1617/Run_A1P2-ApisGene-Bovin4_1.17377/RawData/40790_CCTTCACC-GGAGCGTC-BHL7VCDSXY_L004_R2.fastq.gz,/home/mnaji/work/Project_A1P2-ApisGene-Bovin.1617/Run_A1P2-ApisGene-Bovin4_2.17378/RawData/40790_CCTTCACC-GGAGCGTC-BHL7VCDSXY_L002_R2.fastq.gz,/home/mnaji/work/Project_A1P2-ApisGene-Bovin.1617/Run_A1P2-ApisGene-Bovin4_3.17379/RawData/40790_CCTTCACC-GGAGCGTC-BHL7VCDSXY_L003_R2.fastq.gz,/home/mnaji/work/Project_A1P2-ApisGene-Bovin.1617/Run_A1P2-ApisGene-Bovin4_4.17389/RawData/40790_CCTTCACC-GGAGCGTC-AHN3G7DSXY_L003_R2.fastq.gz,/home/mnaji/work/Project_A1P2-ApisGene-Bovin.1617/Run_A1P2-ApisGene-Bovin4_5.17390/RawData/40790_CCTTCACC-GGAGCGTC-AHN3G7DSXY_L001_R2.fastq.gz,/home/mnaji/work/Project_A1P2-ApisGene-Bovin.1617/Run_A1P2-ApisGene-Bovin4_6.17391/RawData/40790_CCTTCACC-GGAGCGTC-AHN3G7DSXY_L004_R2.fastq.gz,/home/mnaji/work/Project_A1P2-ApisGene-Bovin.1617/Run_A1P2-ApisGene-Bovin4_7.17392/RawData/40790_CCTTCACC-GGAGCGTC-AHN3G7DSXY_L002_R2.fastq.gz	/work/project/CASCAD/mnaji/sm_folder/results/vcf_lr/BAQFRAM005622917894_pbsv.vcf.gz
BAQFRAM006493021882	CLR	40783	FR6493021882	M	79	/home/mnaji/work/Project_A1P2-ApisGene-Bovin.1617/Run_A1P2-ApisGene-Bovin4_1.17377/RawData/40783_CGGAACTG-TCGTAGTG-BHL7VCDSXY_L004_R1.fastq.gz,/home/mnaji/work/Project_A1P2-ApisGene-Bovin.1617/Run_A1P2-ApisGene-Bovin4_2.17378/RawData/40783_CGGAACTG-TCGTAGTG-BHL7VCDSXY_L002_R1.fastq.gz,/home/mnaji/work/Project_A1P2-ApisGene-Bovin.1617/Run_A1P2-ApisGene-Bovin4_3.17379/RawData/40783_CGGAACTG-TCGTAGTG-BHL7VCDSXY_L003_R1.fastq.gz,/home/mnaji/work/Project_A1P2-ApisGene-Bovin.1617/Run_A1P2-ApisGene-Bovin4_4.17389/RawData/40783_CGGAACTG-TCGTAGTG-AHN3G7DSXY_L003_R1.fastq.gz,/home/mnaji/work/Project_A1P2-ApisGene-Bovin.1617/Run_A1P2-ApisGene-Bovin4_5.17390/RawData/40783_CGGAACTG-TCGTAGTG-AHN3G7DSXY_L001_R1.fastq.gz,/home/mnaji/work/Project_A1P2-ApisGene-Bovin.1617/Run_A1P2-ApisGene-Bovin4_6.17391/RawData/40783_CGGAACTG-TCGTAGTG-AHN3G7DSXY_L004_R1.fastq.gz,/home/mnaji/work/Project_A1P2-ApisGene-Bovin.1617/Run_A1P2-ApisGene-Bovin4_7.17392/RawData/40783_CGGAACTG-TCGTAGTG-AHN3G7DSXY_L002_R1.fastq.gz	/home/mnaji/work/Project_A1P2-ApisGene-Bovin.1617/Run_A1P2-ApisGene-Bovin4_1.17377/RawData/40783_CGGAACTG-TCGTAGTG-BHL7VCDSXY_L004_R2.fastq.gz,/home/mnaji/work/Project_A1P2-ApisGene-Bovin.1617/Run_A1P2-ApisGene-Bovin4_2.17378/RawData/40783_CGGAACTG-TCGTAGTG-BHL7VCDSXY_L002_R2.fastq.gz,/home/mnaji/work/Project_A1P2-ApisGene-Bovin.1617/Run_A1P2-ApisGene-Bovin4_3.17379/RawData/40783_CGGAACTG-TCGTAGTG-BHL7VCDSXY_L003_R2.fastq.gz,/home/mnaji/work/Project_A1P2-ApisGene-Bovin.1617/Run_A1P2-ApisGene-Bovin4_4.17389/RawData/40783_CGGAACTG-TCGTAGTG-AHN3G7DSXY_L003_R2.fastq.gz,/home/mnaji/work/Project_A1P2-ApisGene-Bovin.1617/Run_A1P2-ApisGene-Bovin4_5.17390/RawData/40783_CGGAACTG-TCGTAGTG-AHN3G7DSXY_L001_R2.fastq.gz,/home/mnaji/work/Project_A1P2-ApisGene-Bovin.1617/Run_A1P2-ApisGene-Bovin4_6.17391/RawData/40783_CGGAACTG-TCGTAGTG-AHN3G7DSXY_L004_R2.fastq.gz,/home/mnaji/work/Project_A1P2-ApisGene-Bovin.1617/Run_A1P2-ApisGene-Bovin4_7.17392/RawData/40783_CGGAACTG-TCGTAGTG-AHN3G7DSXY_L002_R2.fastq.gz	/work/project/CASCAD/mnaji/sm_folder/results/vcf_lr/BAQFRAM006493021882_pbsv.vcf.gz
BAQFRAM008123406515	CLR	40797	FR8123406515	M	79	/home/mnaji/work/Project_A1P2-ApisGene-Bovin.1617/Run_A1P2-ApisGene-Bovin4_1.17377/RawData/40797_AGTACTCC-AACAGGTT-BHL7VCDSXY_L004_R1.fastq.gz,/home/mnaji/work/Project_A1P2-ApisGene-Bovin.1617/Run_A1P2-ApisGene-Bovin4_2.17378/RawData/40797_AGTACTCC-AACAGGTT-BHL7VCDSXY_L002_R1.fastq.gz,/home/mnaji/work/Project_A1P2-ApisGene-Bovin.1617/Run_A1P2-ApisGene-Bovin4_3.17379/RawData/40797_AGTACTCC-AACAGGTT-BHL7VCDSXY_L003_R1.fastq.gz,/home/mnaji/work/Project_A1P2-ApisGene-Bovin.1617/Run_A1P2-ApisGene-Bovin4_4.17389/RawData/40797_AGTACTCC-AACAGGTT-AHN3G7DSXY_L003_R1.fastq.gz,/home/mnaji/work/Project_A1P2-ApisGene-Bovin.1617/Run_A1P2-ApisGene-Bovin4_5.17390/RawData/40797_AGTACTCC-AACAGGTT-AHN3G7DSXY_L001_R1.fastq.gz,/home/mnaji/work/Project_A1P2-ApisGene-Bovin.1617/Run_A1P2-ApisGene-Bovin4_6.17391/RawData/40797_AGTACTCC-AACAGGTT-AHN3G7DSXY_L004_R1.fastq.gz,/home/mnaji/work/Project_A1P2-ApisGene-Bovin.1617/Run_A1P2-ApisGene-Bovin4_7.17392/RawData/40797_AGTACTCC-AACAGGTT-AHN3G7DSXY_L002_R1.fastq.gz	/home/mnaji/work/Project_A1P2-ApisGene-Bovin.1617/Run_A1P2-ApisGene-Bovin4_1.17377/RawData/40797_AGTACTCC-AACAGGTT-BHL7VCDSXY_L004_R2.fastq.gz,/home/mnaji/work/Project_A1P2-ApisGene-Bovin.1617/Run_A1P2-ApisGene-Bovin4_2.17378/RawData/40797_AGTACTCC-AACAGGTT-BHL7VCDSXY_L002_R2.fastq.gz,/home/mnaji/work/Project_A1P2-ApisGene-Bovin.1617/Run_A1P2-ApisGene-Bovin4_3.17379/RawData/40797_AGTACTCC-AACAGGTT-BHL7VCDSXY_L003_R2.fastq.gz,/home/mnaji/work/Project_A1P2-ApisGene-Bovin.1617/Run_A1P2-ApisGene-Bovin4_4.17389/RawData/40797_AGTACTCC-AACAGGTT-AHN3G7DSXY_L003_R2.fastq.gz,/home/mnaji/work/Project_A1P2-ApisGene-Bovin.1617/Run_A1P2-ApisGene-Bovin4_5.17390/RawData/40797_AGTACTCC-AACAGGTT-AHN3G7DSXY_L001_R2.fastq.gz,/home/mnaji/work/Project_A1P2-ApisGene-Bovin.1617/Run_A1P2-ApisGene-Bovin4_6.17391/RawData/40797_AGTACTCC-AACAGGTT-AHN3G7DSXY_L004_R2.fastq.gz,/home/mnaji/work/Project_A1P2-ApisGene-Bovin.1617/Run_A1P2-ApisGene-Bovin4_7.17392/RawData/40797_AGTACTCC-AACAGGTT-AHN3G7DSXY_L002_R2.fastq.gz	/work/project/CASCAD/mnaji/sm_folder/results/vcf_lr/BAQFRAM008123406515_pbsv.vcf.gz
BAQFRAM008197227897	CLR	40785	FR8197227897	M	79	/home/mnaji/work/Project_A1P2-ApisGene-Bovin.1617/Run_A1P2-ApisGene-Bovin4_1.17377/RawData/40785_TTGCCTAG-TAAGTGGT-BHL7VCDSXY_L004_R1.fastq.gz,/home/mnaji/work/Project_A1P2-ApisGene-Bovin.1617/Run_A1P2-ApisGene-Bovin4_2.17378/RawData/40785_TTGCCTAG-TAAGTGGT-BHL7VCDSXY_L002_R1.fastq.gz,/home/mnaji/work/Project_A1P2-ApisGene-Bovin.1617/Run_A1P2-ApisGene-Bovin4_3.17379/RawData/40785_TTGCCTAG-TAAGTGGT-BHL7VCDSXY_L003_R1.fastq.gz,/home/mnaji/work/Project_A1P2-ApisGene-Bovin.1617/Run_A1P2-ApisGene-Bovin4_4.17389/RawData/40785_TTGCCTAG-TAAGTGGT-AHN3G7DSXY_L003_R1.fastq.gz,/home/mnaji/work/Project_A1P2-ApisGene-Bovin.1617/Run_A1P2-ApisGene-Bovin4_5.17390/RawData/40785_TTGCCTAG-TAAGTGGT-AHN3G7DSXY_L001_R1.fastq.gz,/home/mnaji/work/Project_A1P2-ApisGene-Bovin.1617/Run_A1P2-ApisGene-Bovin4_6.17391/RawData/40785_TTGCCTAG-TAAGTGGT-AHN3G7DSXY_L004_R1.fastq.gz,/home/mnaji/work/Project_A1P2-ApisGene-Bovin.1617/Run_A1P2-ApisGene-Bovin4_7.17392/RawData/40785_TTGCCTAG-TAAGTGGT-AHN3G7DSXY_L002_R1.fastq.gz	/home/mnaji/work/Project_A1P2-ApisGene-Bovin.1617/Run_A1P2-ApisGene-Bovin4_1.17377/RawData/40785_TTGCCTAG-TAAGTGGT-BHL7VCDSXY_L004_R2.fastq.gz,/home/mnaji/work/Project_A1P2-ApisGene-Bovin.1617/Run_A1P2-ApisGene-Bovin4_2.17378/RawData/40785_TTGCCTAG-TAAGTGGT-BHL7VCDSXY_L002_R2.fastq.gz,/home/mnaji/work/Project_A1P2-ApisGene-Bovin.1617/Run_A1P2-ApisGene-Bovin4_3.17379/RawData/40785_TTGCCTAG-TAAGTGGT-BHL7VCDSXY_L003_R2.fastq.gz,/home/mnaji/work/Project_A1P2-ApisGene-Bovin.1617/Run_A1P2-ApisGene-Bovin4_4.17389/RawData/40785_TTGCCTAG-TAAGTGGT-AHN3G7DSXY_L003_R2.fastq.gz,/home/mnaji/work/Project_A1P2-ApisGene-Bovin.1617/Run_A1P2-ApisGene-Bovin4_5.17390/RawData/40785_TTGCCTAG-TAAGTGGT-AHN3G7DSXY_L001_R2.fastq.gz,/home/mnaji/work/Project_A1P2-ApisGene-Bovin.1617/Run_A1P2-ApisGene-Bovin4_6.17391/RawData/40785_TTGCCTAG-TAAGTGGT-AHN3G7DSXY_L004_R2.fastq.gz,/home/mnaji/work/Project_A1P2-ApisGene-Bovin.1617/Run_A1P2-ApisGene-Bovin4_7.17392/RawData/40785_TTGCCTAG-TAAGTGGT-AHN3G7DSXY_L002_R2.fastq.gz	/work/project/CASCAD/mnaji/sm_folder/results/vcf_lr/BAQFRAM008197227897_pbsv.vcf.gz
BAQFRAM008206008413	CLR	40799	FR8206008413	M	79	/home/mnaji/work/Project_A1P2-ApisGene-Bovin.1617/Run_A1P2-ApisGene-Bovin4_1.17377/RawData/40799_TGCGAGAC-CAACAATG-BHL7VCDSXY_L004_R1.fastq.gz,/home/mnaji/work/Project_A1P2-ApisGene-Bovin.1617/Run_A1P2-ApisGene-Bovin4_2.17378/RawData/40799_TGCGAGAC-CAACAATG-BHL7VCDSXY_L002_R1.fastq.gz,/home/mnaji/work/Project_A1P2-ApisGene-Bovin.1617/Run_A1P2-ApisGene-Bovin4_3.17379/RawData/40799_TGCGAGAC-CAACAATG-BHL7VCDSXY_L003_R1.fastq.gz,/home/mnaji/work/Project_A1P2-ApisGene-Bovin.1617/Run_A1P2-ApisGene-Bovin4_4.17389/RawData/40799_TGCGAGAC-CAACAATG-AHN3G7DSXY_L003_R1.fastq.gz,/home/mnaji/work/Project_A1P2-ApisGene-Bovin.1617/Run_A1P2-ApisGene-Bovin4_5.17390/RawData/40799_TGCGAGAC-CAACAATG-AHN3G7DSXY_L001_R1.fastq.gz,/home/mnaji/work/Project_A1P2-ApisGene-Bovin.1617/Run_A1P2-ApisGene-Bovin4_6.17391/RawData/40799_TGCGAGAC-CAACAATG-AHN3G7DSXY_L004_R1.fastq.gz,/home/mnaji/work/Project_A1P2-ApisGene-Bovin.1617/Run_A1P2-ApisGene-Bovin4_7.17392/RawData/40799_TGCGAGAC-CAACAATG-AHN3G7DSXY_L002_R1.fastq.gz	/home/mnaji/work/Project_A1P2-ApisGene-Bovin.1617/Run_A1P2-ApisGene-Bovin4_1.17377/RawData/40799_TGCGAGAC-CAACAATG-BHL7VCDSXY_L004_R2.fastq.gz,/home/mnaji/work/Project_A1P2-ApisGene-Bovin.1617/Run_A1P2-ApisGene-Bovin4_2.17378/RawData/40799_TGCGAGAC-CAACAATG-BHL7VCDSXY_L002_R2.fastq.gz,/home/mnaji/work/Project_A1P2-ApisGene-Bovin.1617/Run_A1P2-ApisGene-Bovin4_3.17379/RawData/40799_TGCGAGAC-CAACAATG-BHL7VCDSXY_L003_R2.fastq.gz,/home/mnaji/work/Project_A1P2-ApisGene-Bovin.1617/Run_A1P2-ApisGene-Bovin4_4.17389/RawData/40799_TGCGAGAC-CAACAATG-AHN3G7DSXY_L003_R2.fastq.gz,/home/mnaji/work/Project_A1P2-ApisGene-Bovin.1617/Run_A1P2-ApisGene-Bovin4_5.17390/RawData/40799_TGCGAGAC-CAACAATG-AHN3G7DSXY_L001_R2.fastq.gz,/home/mnaji/work/Project_A1P2-ApisGene-Bovin.1617/Run_A1P2-ApisGene-Bovin4_6.17391/RawData/40799_TGCGAGAC-CAACAATG-AHN3G7DSXY_L004_R2.fastq.gz,/home/mnaji/work/Project_A1P2-ApisGene-Bovin.1617/Run_A1P2-ApisGene-Bovin4_7.17392/RawData/40799_TGCGAGAC-CAACAATG-AHN3G7DSXY_L002_R2.fastq.gz	/work/project/CASCAD/mnaji/sm_folder/results/vcf_lr/BAQFRAM008206008413_pbsv.vcf.gz
BSWFRAM002152157874	CLR	40978	FR2152157874	M	21	/home/mnaji/work/Project_A1P2-ApisGene-Bovin.1617/Run_A1P2-ApisGene-2-pool1_1.17882/RawData/40978_AGCCTCAT-TCTCTACT-AHY3CFDSXY_L001_R1.fastq.gz,/home/mnaji/work/Project_A1P2-ApisGene-Bovin.1617/Run_A1P2-ApisGene-2-pool1_2.17885/RawData/40978_AGCCTCAT-TCTCTACT-AHY3CFDSXY_L002_R1.fastq.gz,/home/mnaji/work/Project_A1P2-ApisGene-Bovin.1617/Run_A1P2-ApisGene-2-pool1_3.17886/RawData/40978_AGCCTCAT-TCTCTACT-AHY3CFDSXY_L003_R1.fastq.gz,/home/mnaji/work/Project_A1P2-ApisGene-Bovin.1617/Run_A1P2-ApisGene-2-pool1_4.17887/RawData/40978_AGCCTCAT-TCTCTACT-AHY3CFDSXY_L004_R1.fastq.gz,/home/mnaji/work/Project_A1P2-ApisGene-Bovin.1617/Run_A1P2-ApisGene-2-pool1_5.18067/RawData/40978_AGCCTCAT-TCTCTACT-AHYGCWDSXY_L003_R1.fastq.gz,/home/mnaji/work/Project_A1P2-ApisGene-Bovin.1617/Run_A1P2-ApisGene-2-pool1_6.18080/RawData/40978_AGCCTCAT-TCTCTACT-AHYGCWDSXY_L001_R1.fastq.gz,/home/mnaji/work/Project_A1P2-ApisGene-Bovin.1617/Run_A1P2-ApisGene-2-pool1_7.18081/RawData/40978_AGCCTCAT-TCTCTACT-AHYGCWDSXY_L004_R1.fastq.gz,/home/mnaji/work/Project_A1P2-ApisGene-Bovin.1617/Run_A1P2-ApisGene-2-pool1-8.18082/RawData/40978_AGCCTCAT-TCTCTACT-AHYGCWDSXY_L002_R1.fastq.gz	/home/mnaji/work/Project_A1P2-ApisGene-Bovin.1617/Run_A1P2-ApisGene-2-pool1_1.17882/RawData/40978_AGCCTCAT-TCTCTACT-AHY3CFDSXY_L001_R2.fastq.gz,/home/mnaji/work/Project_A1P2-ApisGene-Bovin.1617/Run_A1P2-ApisGene-2-pool1_2.17885/RawData/40978_AGCCTCAT-TCTCTACT-AHY3CFDSXY_L002_R2.fastq.gz,/home/mnaji/work/Project_A1P2-ApisGene-Bovin.1617/Run_A1P2-ApisGene-2-pool1_3.17886/RawData/40978_AGCCTCAT-TCTCTACT-AHY3CFDSXY_L003_R2.fastq.gz,/home/mnaji/work/Project_A1P2-ApisGene-Bovin.1617/Run_A1P2-ApisGene-2-pool1_4.17887/RawData/40978_AGCCTCAT-TCTCTACT-AHY3CFDSXY_L004_R2.fastq.gz,/home/mnaji/work/Project_A1P2-ApisGene-Bovin.1617/Run_A1P2-ApisGene-2-pool1_5.18067/RawData/40978_AGCCTCAT-TCTCTACT-AHYGCWDSXY_L003_R2.fastq.gz,/home/mnaji/work/Project_A1P2-ApisGene-Bovin.1617/Run_A1P2-ApisGene-2-pool1_6.18080/RawData/40978_AGCCTCAT-TCTCTACT-AHYGCWDSXY_L001_R2.fastq.gz,/home/mnaji/work/Project_A1P2-ApisGene-Bovin.1617/Run_A1P2-ApisGene-2-pool1_7.18081/RawData/40978_AGCCTCAT-TCTCTACT-AHYGCWDSXY_L004_R2.fastq.gz,/home/mnaji/work/Project_A1P2-ApisGene-Bovin.1617/Run_A1P2-ApisGene-2-pool1-8.18082/RawData/40978_AGCCTCAT-TCTCTACT-AHYGCWDSXY_L002_R2.fastq.gz	/work/project/CASCAD/mnaji/sm_folder/results/vcf_lr/BSWFRAM002152157874_pbsv.vcf.gz
BSWFRAM004427424483	CLR	40980	FR4427424483	M	21	/home/mnaji/work/Project_A1P2-ApisGene-Bovin.1617/Run_A1P2-ApisGene-2-pool1_1.17882/RawData/40980_TCGTAGTG-CCAAGTCT-AHY3CFDSXY_L001_R1.fastq.gz,/home/mnaji/work/Project_A1P2-ApisGene-Bovin.1617/Run_A1P2-ApisGene-2-pool1_2.17885/RawData/40980_TCGTAGTG-CCAAGTCT-AHY3CFDSXY_L002_R1.fastq.gz,/home/mnaji/work/Project_A1P2-ApisGene-Bovin.1617/Run_A1P2-ApisGene-2-pool1_3.17886/RawData/40980_TCGTAGTG-CCAAGTCT-AHY3CFDSXY_L003_R1.fastq.gz,/home/mnaji/work/Project_A1P2-ApisGene-Bovin.1617/Run_A1P2-ApisGene-2-pool1_4.17887/RawData/40980_TCGTAGTG-CCAAGTCT-AHY3CFDSXY_L004_R1.fastq.gz,/home/mnaji/work/Project_A1P2-ApisGene-Bovin.1617/Run_A1P2-ApisGene-2-pool1_5.18067/RawData/40980_TCGTAGTG-CCAAGTCT-AHYGCWDSXY_L003_R1.fastq.gz,/home/mnaji/work/Project_A1P2-ApisGene-Bovin.1617/Run_A1P2-ApisGene-2-pool1_6.18080/RawData/40980_TCGTAGTG-CCAAGTCT-AHYGCWDSXY_L001_R1.fastq.gz,/home/mnaji/work/Project_A1P2-ApisGene-Bovin.1617/Run_A1P2-ApisGene-2-pool1_7.18081/RawData/40980_TCGTAGTG-CCAAGTCT-AHYGCWDSXY_L004_R1.fastq.gz,/home/mnaji/work/Project_A1P2-ApisGene-Bovin.1617/Run_A1P2-ApisGene-2-pool1-8.18082/RawData/40980_TCGTAGTG-CCAAGTCT-AHYGCWDSXY_L002_R1.fastq.gz	/home/mnaji/work/Project_A1P2-ApisGene-Bovin.1617/Run_A1P2-ApisGene-2-pool1_1.17882/RawData/40980_TCGTAGTG-CCAAGTCT-AHY3CFDSXY_L001_R2.fastq.gz,/home/mnaji/work/Project_A1P2-ApisGene-Bovin.1617/Run_A1P2-ApisGene-2-pool1_2.17885/RawData/40980_TCGTAGTG-CCAAGTCT-AHY3CFDSXY_L002_R2.fastq.gz,/home/mnaji/work/Project_A1P2-ApisGene-Bovin.1617/Run_A1P2-ApisGene-2-pool1_3.17886/RawData/40980_TCGTAGTG-CCAAGTCT-AHY3CFDSXY_L003_R2.fastq.gz,/home/mnaji/work/Project_A1P2-ApisGene-Bovin.1617/Run_A1P2-ApisGene-2-pool1_4.17887/RawData/40980_TCGTAGTG-CCAAGTCT-AHY3CFDSXY_L004_R2.fastq.gz,/home/mnaji/work/Project_A1P2-ApisGene-Bovin.1617/Run_A1P2-ApisGene-2-pool1_5.18067/RawData/40980_TCGTAGTG-CCAAGTCT-AHYGCWDSXY_L003_R2.fastq.gz,/home/mnaji/work/Project_A1P2-ApisGene-Bovin.1617/Run_A1P2-ApisGene-2-pool1_6.18080/RawData/40980_TCGTAGTG-CCAAGTCT-AHYGCWDSXY_L001_R2.fastq.gz,/home/mnaji/work/Project_A1P2-ApisGene-Bovin.1617/Run_A1P2-ApisGene-2-pool1_7.18081/RawData/40980_TCGTAGTG-CCAAGTCT-AHYGCWDSXY_L004_R2.fastq.gz,/home/mnaji/work/Project_A1P2-ApisGene-Bovin.1617/Run_A1P2-ApisGene-2-pool1-8.18082/RawData/40980_TCGTAGTG-CCAAGTCT-AHYGCWDSXY_L002_R2.fastq.gz	/work/project/CASCAD/mnaji/sm_folder/results/vcf_lr/BSWFRAM004427424483_pbsv.vcf.gz
BSWFRAM005238483960	CLR	40979	FR5238483960	M	21	/home/mnaji/work/Project_A1P2-ApisGene-Bovin.1617/Run_A1P2-ApisGene-2-pool1_1.17882/RawData/40979_GATTCTGC-CTCTCGTC-AHY3CFDSXY_L001_R1.fastq.gz,/home/mnaji/work/Project_A1P2-ApisGene-Bovin.1617/Run_A1P2-ApisGene-2-pool1_2.17885/RawData/40979_GATTCTGC-CTCTCGTC-AHY3CFDSXY_L002_R1.fastq.gz,/home/mnaji/work/Project_A1P2-ApisGene-Bovin.1617/Run_A1P2-ApisGene-2-pool1_3.17886/RawData/40979_GATTCTGC-CTCTCGTC-AHY3CFDSXY_L003_R1.fastq.gz,/home/mnaji/work/Project_A1P2-ApisGene-Bovin.1617/Run_A1P2-ApisGene-2-pool1_4.17887/RawData/40979_GATTCTGC-CTCTCGTC-AHY3CFDSXY_L004_R1.fastq.gz,/home/mnaji/work/Project_A1P2-ApisGene-Bovin.1617/Run_A1P2-ApisGene-2-pool1_5.18067/RawData/40979_GATTCTGC-CTCTCGTC-AHYGCWDSXY_L003_R1.fastq.gz,/home/mnaji/work/Project_A1P2-ApisGene-Bovin.1617/Run_A1P2-ApisGene-2-pool1_6.18080/RawData/40979_GATTCTGC-CTCTCGTC-AHYGCWDSXY_L001_R1.fastq.gz,/home/mnaji/work/Project_A1P2-ApisGene-Bovin.1617/Run_A1P2-ApisGene-2-pool1_7.18081/RawData/40979_GATTCTGC-CTCTCGTC-AHYGCWDSXY_L004_R1.fastq.gz,/home/mnaji/work/Project_A1P2-ApisGene-Bovin.1617/Run_A1P2-ApisGene-2-pool1-8.18082/RawData/40979_GATTCTGC-CTCTCGTC-AHYGCWDSXY_L002_R1.fastq.gz	/home/mnaji/work/Project_A1P2-ApisGene-Bovin.1617/Run_A1P2-ApisGene-2-pool1_1.17882/RawData/40979_GATTCTGC-CTCTCGTC-AHY3CFDSXY_L001_R2.fastq.gz,/home/mnaji/work/Project_A1P2-ApisGene-Bovin.1617/Run_A1P2-ApisGene-2-pool1_2.17885/RawData/40979_GATTCTGC-CTCTCGTC-AHY3CFDSXY_L002_R2.fastq.gz,/home/mnaji/work/Project_A1P2-ApisGene-Bovin.1617/Run_A1P2-ApisGene-2-pool1_3.17886/RawData/40979_GATTCTGC-CTCTCGTC-AHY3CFDSXY_L003_R2.fastq.gz,/home/mnaji/work/Project_A1P2-ApisGene-Bovin.1617/Run_A1P2-ApisGene-2-pool1_4.17887/RawData/40979_GATTCTGC-CTCTCGTC-AHY3CFDSXY_L004_R2.fastq.gz,/home/mnaji/work/Project_A1P2-ApisGene-Bovin.1617/Run_A1P2-ApisGene-2-pool1_5.18067/RawData/40979_GATTCTGC-CTCTCGTC-AHYGCWDSXY_L003_R2.fastq.gz,/home/mnaji/work/Project_A1P2-ApisGene-Bovin.1617/Run_A1P2-ApisGene-2-pool1_6.18080/RawData/40979_GATTCTGC-CTCTCGTC-AHYGCWDSXY_L001_R2.fastq.gz,/home/mnaji/work/Project_A1P2-ApisGene-Bovin.1617/Run_A1P2-ApisGene-2-pool1_7.18081/RawData/40979_GATTCTGC-CTCTCGTC-AHYGCWDSXY_L004_R2.fastq.gz,/home/mnaji/work/Project_A1P2-ApisGene-Bovin.1617/Run_A1P2-ApisGene-2-pool1-8.18082/RawData/40979_GATTCTGC-CTCTCGTC-AHYGCWDSXY_L002_R2.fastq.gz	/work/project/CASCAD/mnaji/sm_folder/results/vcf_lr/BSWFRAM005238483960_pbsv.vcf.gz
BSWFRAM005239991887	CLR	40981	FR5239991887	M	21	/home/mnaji/work/Project_A1P2-ApisGene-Bovin.1617/Run_A1P2-ApisGene-2-pool1_1.17882/RawData/40981_CTACGACA-TTGGACTC-AHY3CFDSXY_L001_R1.fastq.gz,/home/mnaji/work/Project_A1P2-ApisGene-Bovin.1617/Run_A1P2-ApisGene-2-pool1_2.17885/RawData/40981_CTACGACA-TTGGACTC-AHY3CFDSXY_L002_R1.fastq.gz,/home/mnaji/work/Project_A1P2-ApisGene-Bovin.1617/Run_A1P2-ApisGene-2-pool1_3.17886/RawData/40981_CTACGACA-TTGGACTC-AHY3CFDSXY_L003_R1.fastq.gz,/home/mnaji/work/Project_A1P2-ApisGene-Bovin.1617/Run_A1P2-ApisGene-2-pool1_4.17887/RawData/40981_CTACGACA-TTGGACTC-AHY3CFDSXY_L004_R1.fastq.gz,/home/mnaji/work/Project_A1P2-ApisGene-Bovin.1617/Run_A1P2-ApisGene-2-pool1_5.18067/RawData/40981_CTACGACA-TTGGACTC-AHYGCWDSXY_L003_R1.fastq.gz,/home/mnaji/work/Project_A1P2-ApisGene-Bovin.1617/Run_A1P2-ApisGene-2-pool1_6.18080/RawData/40981_CTACGACA-TTGGACTC-AHYGCWDSXY_L001_R1.fastq.gz,/home/mnaji/work/Project_A1P2-ApisGene-Bovin.1617/Run_A1P2-ApisGene-2-pool1_7.18081/RawData/40981_CTACGACA-TTGGACTC-AHYGCWDSXY_L004_R1.fastq.gz,/home/mnaji/work/Project_A1P2-ApisGene-Bovin.1617/Run_A1P2-ApisGene-2-pool1-8.18082/RawData/40981_CTACGACA-TTGGACTC-AHYGCWDSXY_L002_R1.fastq.gz	/home/mnaji/work/Project_A1P2-ApisGene-Bovin.1617/Run_A1P2-ApisGene-2-pool1_1.17882/RawData/40981_CTACGACA-TTGGACTC-AHY3CFDSXY_L001_R2.fastq.gz,/home/mnaji/work/Project_A1P2-ApisGene-Bovin.1617/Run_A1P2-ApisGene-2-pool1_2.17885/RawData/40981_CTACGACA-TTGGACTC-AHY3CFDSXY_L002_R2.fastq.gz,/home/mnaji/work/Project_A1P2-ApisGene-Bovin.1617/Run_A1P2-ApisGene-2-pool1_3.17886/RawData/40981_CTACGACA-TTGGACTC-AHY3CFDSXY_L003_R2.fastq.gz,/home/mnaji/work/Project_A1P2-ApisGene-Bovin.1617/Run_A1P2-ApisGene-2-pool1_4.17887/RawData/40981_CTACGACA-TTGGACTC-AHY3CFDSXY_L004_R2.fastq.gz,/home/mnaji/work/Project_A1P2-ApisGene-Bovin.1617/Run_A1P2-ApisGene-2-pool1_5.18067/RawData/40981_CTACGACA-TTGGACTC-AHYGCWDSXY_L003_R2.fastq.gz,/home/mnaji/work/Project_A1P2-ApisGene-Bovin.1617/Run_A1P2-ApisGene-2-pool1_6.18080/RawData/40981_CTACGACA-TTGGACTC-AHYGCWDSXY_L001_R2.fastq.gz,/home/mnaji/work/Project_A1P2-ApisGene-Bovin.1617/Run_A1P2-ApisGene-2-pool1_7.18081/RawData/40981_CTACGACA-TTGGACTC-AHYGCWDSXY_L004_R2.fastq.gz,/home/mnaji/work/Project_A1P2-ApisGene-Bovin.1617/Run_A1P2-ApisGene-2-pool1-8.18082/RawData/40981_CTACGACA-TTGGACTC-AHYGCWDSXY_L002_R2.fastq.gz	/work/project/CASCAD/mnaji/sm_folder/results/vcf_lr/BSWFRAM005239991887_pbsv.vcf.gz
BSWFRAM005356268551	CLR	40977	FR5356268551	M	21	/home/mnaji/work/Project_A1P2-ApisGene-Bovin.1617/Run_A1P2-ApisGene-2-pool1_1.17882/RawData/40977_CGTTAGAA-GACCTGAA-AHY3CFDSXY_L001_R1.fastq.gz,/home/mnaji/work/Project_A1P2-ApisGene-Bovin.1617/Run_A1P2-ApisGene-2-pool1_2.17885/RawData/40977_CGTTAGAA-GACCTGAA-AHY3CFDSXY_L002_R1.fastq.gz,/home/mnaji/work/Project_A1P2-ApisGene-Bovin.1617/Run_A1P2-ApisGene-2-pool1_3.17886/RawData/40977_CGTTAGAA-GACCTGAA-AHY3CFDSXY_L003_R1.fastq.gz,/home/mnaji/work/Project_A1P2-ApisGene-Bovin.1617/Run_A1P2-ApisGene-2-pool1_4.17887/RawData/40977_CGTTAGAA-GACCTGAA-AHY3CFDSXY_L004_R1.fastq.gz,/home/mnaji/work/Project_A1P2-ApisGene-Bovin.1617/Run_A1P2-ApisGene-2-pool1_5.18067/RawData/40977_CGTTAGAA-GACCTGAA-AHYGCWDSXY_L003_R1.fastq.gz,/home/mnaji/work/Project_A1P2-ApisGene-Bovin.1617/Run_A1P2-ApisGene-2-pool1_6.18080/RawData/40977_CGTTAGAA-GACCTGAA-AHYGCWDSXY_L001_R1.fastq.gz,/home/mnaji/work/Project_A1P2-ApisGene-Bovin.1617/Run_A1P2-ApisGene-2-pool1_7.18081/RawData/40977_CGTTAGAA-GACCTGAA-AHYGCWDSXY_L004_R1.fastq.gz,/home/mnaji/work/Project_A1P2-ApisGene-Bovin.1617/Run_A1P2-ApisGene-2-pool1-8.18082/RawData/40977_CGTTAGAA-GACCTGAA-AHYGCWDSXY_L002_R1.fastq.gz	/home/mnaji/work/Project_A1P2-ApisGene-Bovin.1617/Run_A1P2-ApisGene-2-pool1_1.17882/RawData/40977_CGTTAGAA-GACCTGAA-AHY3CFDSXY_L001_R2.fastq.gz,/home/mnaji/work/Project_A1P2-ApisGene-Bovin.1617/Run_A1P2-ApisGene-2-pool1_2.17885/RawData/40977_CGTTAGAA-GACCTGAA-AHY3CFDSXY_L002_R2.fastq.gz,/home/mnaji/work/Project_A1P2-ApisGene-Bovin.1617/Run_A1P2-ApisGene-2-pool1_3.17886/RawData/40977_CGTTAGAA-GACCTGAA-AHY3CFDSXY_L003_R2.fastq.gz,/home/mnaji/work/Project_A1P2-ApisGene-Bovin.1617/Run_A1P2-ApisGene-2-pool1_4.17887/RawData/40977_CGTTAGAA-GACCTGAA-AHY3CFDSXY_L004_R2.fastq.gz,/home/mnaji/work/Project_A1P2-ApisGene-Bovin.1617/Run_A1P2-ApisGene-2-pool1_5.18067/RawData/40977_CGTTAGAA-GACCTGAA-AHYGCWDSXY_L003_R2.fastq.gz,/home/mnaji/work/Project_A1P2-ApisGene-Bovin.1617/Run_A1P2-ApisGene-2-pool1_6.18080/RawData/40977_CGTTAGAA-GACCTGAA-AHYGCWDSXY_L001_R2.fastq.gz,/home/mnaji/work/Project_A1P2-ApisGene-Bovin.1617/Run_A1P2-ApisGene-2-pool1_7.18081/RawData/40977_CGTTAGAA-GACCTGAA-AHYGCWDSXY_L004_R2.fastq.gz,/home/mnaji/work/Project_A1P2-ApisGene-Bovin.1617/Run_A1P2-ApisGene-2-pool1-8.18082/RawData/40977_CGTTAGAA-GACCTGAA-AHYGCWDSXY_L002_R2.fastq.gz	/work/project/CASCAD/mnaji/sm_folder/results/vcf_lr/BSWFRAM005356268551_pbsv.vcf.gz
CHAFRAM004240983344	CLR	41090	FR4240983344	M	38	/home/mnaji/work/Project_A1P2-ApisGene-Bovin.1617/Run_ApisGene-Bovin-B2P3_1.18294/RawData/41090_AGTTCAGG-TCTGTTGG-AHFJL3DSX2_L002_R1.fastq.gz,/home/mnaji/work/Project_A1P2-ApisGene-Bovin.1617/Run_ApisGene-Bovin-B2P3_2.18295/RawData/41090_AGTTCAGG-TCTGTTGG-AHFJL3DSX2_L004_R1.fastq.gz,/home/mnaji/work/Project_A1P2-ApisGene-Bovin.1617/Run_ApisGene-Bovin-B2P3_3.18296/RawData/41090_AGTTCAGG-TCTGTTGG-AHFJL3DSX2_L003_R1.fastq.gz,/home/mnaji/work/Project_A1P2-ApisGene-Bovin.1617/Run_ApisGene-Bovin-B2P3_4.18297/RawData/41090_AGTTCAGG-TCTGTTGG-AHFJL3DSX2_L001_R1.fastq.gz	/home/mnaji/work/Project_A1P2-ApisGene-Bovin.1617/Run_ApisGene-Bovin-B2P3_1.18294/RawData/41090_AGTTCAGG-TCTGTTGG-AHFJL3DSX2_L002_R2.fastq.gz,/home/mnaji/work/Project_A1P2-ApisGene-Bovin.1617/Run_ApisGene-Bovin-B2P3_2.18295/RawData/41090_AGTTCAGG-TCTGTTGG-AHFJL3DSX2_L004_R2.fastq.gz,/home/mnaji/work/Project_A1P2-ApisGene-Bovin.1617/Run_ApisGene-Bovin-B2P3_3.18296/RawData/41090_AGTTCAGG-TCTGTTGG-AHFJL3DSX2_L003_R2.fastq.gz,/home/mnaji/work/Project_A1P2-ApisGene-Bovin.1617/Run_ApisGene-Bovin-B2P3_4.18297/RawData/41090_AGTTCAGG-TCTGTTGG-AHFJL3DSX2_L001_R2.fastq.gz	/work/project/CASCAD/mnaji/sm_folder/results/vcf_lr/CHAFRAM004240983344_pbsv.vcf.gz
CHAFRAM005455070308	CLR	41069	FR5455070308	M	38	/home/mnaji/work/Project_A1P2-ApisGene-Bovin.1617/Run_A1P2-ApisGene-Bovin-2ndBatch-pool2_1.18158/RawData/41069_ATATCTCG-ACTAAGAT-BHCLGLDSX2_L001_R1.fastq.gz,/home/mnaji/work/Project_A1P2-ApisGene-Bovin.1617/Run_A1P2-ApisGene-Bovin-2ndBatch-pool2_2.18159/RawData/41069_ATATCTCG-ACTAAGAT-BHCLGLDSX2_L003_R1.fastq.gz,/home/mnaji/work/Project_A1P2-ApisGene-Bovin.1617/Run_A1P2-ApisGene-Bovin-2ndBatch-pool2_3.18160/RawData/41069_ATATCTCG-ACTAAGAT-BHCLGLDSX2_L002_R1.fastq.gz,/home/mnaji/work/Project_A1P2-ApisGene-Bovin.1617/Run_A1P2-ApisGene-Bovin-2ndBatch-pool2_4.18161/RawData/41069_ATATCTCG-ACTAAGAT-BHCLGLDSX2_L004_R1.fastq.gz,/home/mnaji/work/Project_A1P2-ApisGene-Bovin.1617/Run_pool-Bovin-B2-P2-rep_1.18272/RawData/41069_ATATCTCG-ACTAAGAT-AHFJ5CDSX2_L003_R1.fastq.gz,/home/mnaji/work/Project_A1P2-ApisGene-Bovin.1617/Run_pool-Bovin-B2-P2-rep_2.18273/RawData/41069_ATATCTCG-ACTAAGAT-AHFJ5CDSX2_L004_R1.fastq.gz	/home/mnaji/work/Project_A1P2-ApisGene-Bovin.1617/Run_A1P2-ApisGene-Bovin-2ndBatch-pool2_1.18158/RawData/41069_ATATCTCG-ACTAAGAT-BHCLGLDSX2_L001_R2.fastq.gz,/home/mnaji/work/Project_A1P2-ApisGene-Bovin.1617/Run_A1P2-ApisGene-Bovin-2ndBatch-pool2_2.18159/RawData/41069_ATATCTCG-ACTAAGAT-BHCLGLDSX2_L003_R2.fastq.gz,/home/mnaji/work/Project_A1P2-ApisGene-Bovin.1617/Run_A1P2-ApisGene-Bovin-2ndBatch-pool2_3.18160/RawData/41069_ATATCTCG-ACTAAGAT-BHCLGLDSX2_L002_R2.fastq.gz,/home/mnaji/work/Project_A1P2-ApisGene-Bovin.1617/Run_A1P2-ApisGene-Bovin-2ndBatch-pool2_4.18161/RawData/41069_ATATCTCG-ACTAAGAT-BHCLGLDSX2_L004_R2.fastq.gz,/home/mnaji/work/Project_A1P2-ApisGene-Bovin.1617/Run_pool-Bovin-B2-P2-rep_1.18272/RawData/41069_ATATCTCG-ACTAAGAT-AHFJ5CDSX2_L003_R2.fastq.gz,/home/mnaji/work/Project_A1P2-ApisGene-Bovin.1617/Run_pool-Bovin-B2-P2-rep_2.18273/RawData/41069_ATATCTCG-ACTAAGAT-AHFJ5CDSX2_L004_R2.fastq.gz	/work/project/CASCAD/mnaji/sm_folder/results/vcf_lr/CHAFRAM005455070308_pbsv.vcf.gz
CHAFRAM005703581890	CLR	41091	FR5703581890	M	38	/home/mnaji/work/Project_A1P2-ApisGene-Bovin.1617/Run_ApisGene-Bovin-B2P3_1.18294/RawData/41091_GACCTGAA-CTCACCAA-AHFJL3DSX2_L002_R1.fastq.gz,/home/mnaji/work/Project_A1P2-ApisGene-Bovin.1617/Run_ApisGene-Bovin-B2P3_2.18295/RawData/41091_GACCTGAA-CTCACCAA-AHFJL3DSX2_L004_R1.fastq.gz,/home/mnaji/work/Project_A1P2-ApisGene-Bovin.1617/Run_ApisGene-Bovin-B2P3_3.18296/RawData/41091_GACCTGAA-CTCACCAA-AHFJL3DSX2_L003_R1.fastq.gz,/home/mnaji/work/Project_A1P2-ApisGene-Bovin.1617/Run_ApisGene-Bovin-B2P3_4.18297/RawData/41091_GACCTGAA-CTCACCAA-AHFJL3DSX2_L001_R1.fastq.gz	/home/mnaji/work/Project_A1P2-ApisGene-Bovin.1617/Run_ApisGene-Bovin-B2P3_1.18294/RawData/41091_GACCTGAA-CTCACCAA-AHFJL3DSX2_L002_R2.fastq.gz,/home/mnaji/work/Project_A1P2-ApisGene-Bovin.1617/Run_ApisGene-Bovin-B2P3_2.18295/RawData/41091_GACCTGAA-CTCACCAA-AHFJL3DSX2_L004_R2.fastq.gz,/home/mnaji/work/Project_A1P2-ApisGene-Bovin.1617/Run_ApisGene-Bovin-B2P3_3.18296/RawData/41091_GACCTGAA-CTCACCAA-AHFJL3DSX2_L003_R2.fastq.gz,/home/mnaji/work/Project_A1P2-ApisGene-Bovin.1617/Run_ApisGene-Bovin-B2P3_4.18297/RawData/41091_GACCTGAA-CTCACCAA-AHFJL3DSX2_L001_R2.fastq.gz	/work/project/CASCAD/mnaji/sm_folder/results/vcf_lr/CHAFRAM005703581890_pbsv.vcf.gz
CHAFRAM006146791641	CLR	41164	FR6146791641	M	38	/home/mnaji/work/Project_A1P2-ApisGene-Bovin.1617/Run_ApisGene-Bovin-B2P3_1.18294/RawData/41164_GGAGCGTC-GCACGGAC-AHFJL3DSX2_L002_R1.fastq.gz,/home/mnaji/work/Project_A1P2-ApisGene-Bovin.1617/Run_ApisGene-Bovin-B2P3_2.18295/RawData/41164_GGAGCGTC-GCACGGAC-AHFJL3DSX2_L004_R1.fastq.gz,/home/mnaji/work/Project_A1P2-ApisGene-Bovin.1617/Run_ApisGene-Bovin-B2P3_3.18296/RawData/41164_GGAGCGTC-GCACGGAC-AHFJL3DSX2_L003_R1.fastq.gz,/home/mnaji/work/Project_A1P2-ApisGene-Bovin.1617/Run_ApisGene-Bovin-B2P3_4.18297/RawData/41164_GGAGCGTC-GCACGGAC-AHFJL3DSX2_L001_R1.fastq.gz	/home/mnaji/work/Project_A1P2-ApisGene-Bovin.1617/Run_ApisGene-Bovin-B2P3_1.18294/RawData/41164_GGAGCGTC-GCACGGAC-AHFJL3DSX2_L002_R2.fastq.gz,/home/mnaji/work/Project_A1P2-ApisGene-Bovin.1617/Run_ApisGene-Bovin-B2P3_2.18295/RawData/41164_GGAGCGTC-GCACGGAC-AHFJL3DSX2_L004_R2.fastq.gz,/home/mnaji/work/Project_A1P2-ApisGene-Bovin.1617/Run_ApisGene-Bovin-B2P3_3.18296/RawData/41164_GGAGCGTC-GCACGGAC-AHFJL3DSX2_L003_R2.fastq.gz,/home/mnaji/work/Project_A1P2-ApisGene-Bovin.1617/Run_ApisGene-Bovin-B2P3_4.18297/RawData/41164_GGAGCGTC-GCACGGAC-AHFJL3DSX2_L001_R2.fastq.gz	/work/project/CASCAD/mnaji/sm_folder/results/vcf_lr/CHAFRAM006146791641_pbsv.vcf.gz
CHAFRAM006334971421	CLR	41179	FR6334971421	M	38	/home/mnaji/work/Project_A1P2-ApisGene-Bovin.1617/Run_ApisGene-Bovin-B2P3_1.18294/RawData/41179_GATCTATC-AGCCTCAT-AHFJL3DSX2_L002_R1.fastq.gz,/home/mnaji/work/Project_A1P2-ApisGene-Bovin.1617/Run_ApisGene-Bovin-B2P3_2.18295/RawData/41179_GATCTATC-AGCCTCAT-AHFJL3DSX2_L004_R1.fastq.gz,/home/mnaji/work/Project_A1P2-ApisGene-Bovin.1617/Run_ApisGene-Bovin-B2P3_3.18296/RawData/41179_GATCTATC-AGCCTCAT-AHFJL3DSX2_L003_R1.fastq.gz,/home/mnaji/work/Project_A1P2-ApisGene-Bovin.1617/Run_ApisGene-Bovin-B2P3_4.18297/RawData/41179_GATCTATC-AGCCTCAT-AHFJL3DSX2_L001_R1.fastq.gz	/home/mnaji/work/Project_A1P2-ApisGene-Bovin.1617/Run_ApisGene-Bovin-B2P3_1.18294/RawData/41179_GATCTATC-AGCCTCAT-AHFJL3DSX2_L002_R2.fastq.gz,/home/mnaji/work/Project_A1P2-ApisGene-Bovin.1617/Run_ApisGene-Bovin-B2P3_2.18295/RawData/41179_GATCTATC-AGCCTCAT-AHFJL3DSX2_L004_R2.fastq.gz,/home/mnaji/work/Project_A1P2-ApisGene-Bovin.1617/Run_ApisGene-Bovin-B2P3_3.18296/RawData/41179_GATCTATC-AGCCTCAT-AHFJL3DSX2_L003_R2.fastq.gz,/home/mnaji/work/Project_A1P2-ApisGene-Bovin.1617/Run_ApisGene-Bovin-B2P3_4.18297/RawData/41179_GATCTATC-AGCCTCAT-AHFJL3DSX2_L001_R2.fastq.gz	/work/project/CASCAD/mnaji/sm_folder/results/vcf_lr/CHAFRAM006334971421_pbsv.vcf.gz
CHAFRAM007121319473	CLR	41084	FR7121319473	M	38	/home/mnaji/work/Project_A1P2-ApisGene-Bovin.1617/Run_ApisGene-Bovin-B2P3_1.18294/RawData/41084_GGACTTGG-CGTCTGCG-AHFJL3DSX2_L002_R1.fastq.gz,/home/mnaji/work/Project_A1P2-ApisGene-Bovin.1617/Run_ApisGene-Bovin-B2P3_2.18295/RawData/41084_GGACTTGG-CGTCTGCG-AHFJL3DSX2_L004_R1.fastq.gz,/home/mnaji/work/Project_A1P2-ApisGene-Bovin.1617/Run_ApisGene-Bovin-B2P3_3.18296/RawData/41084_GGACTTGG-CGTCTGCG-AHFJL3DSX2_L003_R1.fastq.gz,/home/mnaji/work/Project_A1P2-ApisGene-Bovin.1617/Run_ApisGene-Bovin-B2P3_4.18297/RawData/41084_GGACTTGG-CGTCTGCG-AHFJL3DSX2_L001_R1.fastq.gz	/home/mnaji/work/Project_A1P2-ApisGene-Bovin.1617/Run_ApisGene-Bovin-B2P3_1.18294/RawData/41084_GGACTTGG-CGTCTGCG-AHFJL3DSX2_L002_R2.fastq.gz,/home/mnaji/work/Project_A1P2-ApisGene-Bovin.1617/Run_ApisGene-Bovin-B2P3_2.18295/RawData/41084_GGACTTGG-CGTCTGCG-AHFJL3DSX2_L004_R2.fastq.gz,/home/mnaji/work/Project_A1P2-ApisGene-Bovin.1617/Run_ApisGene-Bovin-B2P3_3.18296/RawData/41084_GGACTTGG-CGTCTGCG-AHFJL3DSX2_L003_R2.fastq.gz,/home/mnaji/work/Project_A1P2-ApisGene-Bovin.1617/Run_ApisGene-Bovin-B2P3_4.18297/RawData/41084_GGACTTGG-CGTCTGCG-AHFJL3DSX2_L001_R2.fastq.gz	/work/project/CASCAD/mnaji/sm_folder/results/vcf_lr/CHAFRAM007121319473_pbsv.vcf.gz
CHAFRAM007121423579	CLR	41088	FR7121423579	M	38	/home/mnaji/work/Project_A1P2-ApisGene-Bovin.1617/Run_ApisGene-Bovin-B2P3_1.18294/RawData/41088_CAAGCTAG-CGCTATGT-AHFJL3DSX2_L002_R1.fastq.gz,/home/mnaji/work/Project_A1P2-ApisGene-Bovin.1617/Run_ApisGene-Bovin-B2P3_2.18295/RawData/41088_CAAGCTAG-CGCTATGT-AHFJL3DSX2_L004_R1.fastq.gz,/home/mnaji/work/Project_A1P2-ApisGene-Bovin.1617/Run_ApisGene-Bovin-B2P3_3.18296/RawData/41088_CAAGCTAG-CGCTATGT-AHFJL3DSX2_L003_R1.fastq.gz,/home/mnaji/work/Project_A1P2-ApisGene-Bovin.1617/Run_ApisGene-Bovin-B2P3_4.18297/RawData/41088_CAAGCTAG-CGCTATGT-AHFJL3DSX2_L001_R1.fastq.gz	/home/mnaji/work/Project_A1P2-ApisGene-Bovin.1617/Run_ApisGene-Bovin-B2P3_1.18294/RawData/41088_CAAGCTAG-CGCTATGT-AHFJL3DSX2_L002_R2.fastq.gz,/home/mnaji/work/Project_A1P2-ApisGene-Bovin.1617/Run_ApisGene-Bovin-B2P3_2.18295/RawData/41088_CAAGCTAG-CGCTATGT-AHFJL3DSX2_L004_R2.fastq.gz,/home/mnaji/work/Project_A1P2-ApisGene-Bovin.1617/Run_ApisGene-Bovin-B2P3_3.18296/RawData/41088_CAAGCTAG-CGCTATGT-AHFJL3DSX2_L003_R2.fastq.gz,/home/mnaji/work/Project_A1P2-ApisGene-Bovin.1617/Run_ApisGene-Bovin-B2P3_4.18297/RawData/41088_CAAGCTAG-CGCTATGT-AHFJL3DSX2_L001_R2.fastq.gz	/work/project/CASCAD/mnaji/sm_folder/results/vcf_lr/CHAFRAM007121423579_pbsv.vcf.gz
CHAFRAM007240585019	CLR	41163	FR7240585019	M	38	/home/mnaji/work/Project_A1P2-ApisGene-Bovin.1617/Run_ApisGene-Bovin-B2P3_1.18294/RawData/41163_AAGATACT-ATGTAAGT-AHFJL3DSX2_L002_R1.fastq.gz,/home/mnaji/work/Project_A1P2-ApisGene-Bovin.1617/Run_ApisGene-Bovin-B2P3_2.18295/RawData/41163_AAGATACT-ATGTAAGT-AHFJL3DSX2_L004_R1.fastq.gz,/home/mnaji/work/Project_A1P2-ApisGene-Bovin.1617/Run_ApisGene-Bovin-B2P3_3.18296/RawData/41163_AAGATACT-ATGTAAGT-AHFJL3DSX2_L003_R1.fastq.gz,/home/mnaji/work/Project_A1P2-ApisGene-Bovin.1617/Run_ApisGene-Bovin-B2P3_4.18297/RawData/41163_AAGATACT-ATGTAAGT-AHFJL3DSX2_L001_R1.fastq.gz	/home/mnaji/work/Project_A1P2-ApisGene-Bovin.1617/Run_ApisGene-Bovin-B2P3_1.18294/RawData/41163_AAGATACT-ATGTAAGT-AHFJL3DSX2_L002_R2.fastq.gz,/home/mnaji/work/Project_A1P2-ApisGene-Bovin.1617/Run_ApisGene-Bovin-B2P3_2.18295/RawData/41163_AAGATACT-ATGTAAGT-AHFJL3DSX2_L004_R2.fastq.gz,/home/mnaji/work/Project_A1P2-ApisGene-Bovin.1617/Run_ApisGene-Bovin-B2P3_3.18296/RawData/41163_AAGATACT-ATGTAAGT-AHFJL3DSX2_L003_R2.fastq.gz,/home/mnaji/work/Project_A1P2-ApisGene-Bovin.1617/Run_ApisGene-Bovin-B2P3_4.18297/RawData/41163_AAGATACT-ATGTAAGT-AHFJL3DSX2_L001_R2.fastq.gz	/work/project/CASCAD/mnaji/sm_folder/results/vcf_lr/CHAFRAM007240585019_pbsv.vcf.gz
CHAFRAM007242730177	CLR	41183	FR7242730177	M	38	/home/mnaji/work/Project_A1P2-ApisGene-Bovin.1617/Run_ApisGene-Bovin-B2P4_1.18453/RawData/41183_CCGCGGTT-CTAGCGCT-BHGLJGDSX2_L002_R1.fastq.gz,/home/mnaji/work/Project_A1P2-ApisGene-Bovin.1617/Run_ApisGene-Bovin-B2P4_2.18543/RawData/41183_CCGCGGTT-CTAGCGCT-BHGLJGDSX2_L001_R1.fastq.gz,/home/mnaji/work/Project_A1P2-ApisGene-Bovin.1617/Run_ApisGene-Bovin-B2P4_3.18544/RawData/41183_CCGCGGTT-CTAGCGCT-BHGLJGDSX2_L003_R1.fastq.gz,/home/mnaji/work/Project_A1P2-ApisGene-Bovin.1617/Run_ApisGene-Bovin-B2P4_4.18545/RawData/41183_CCGCGGTT-CTAGCGCT-BHGLJGDSX2_L004_R1.fastq.gz	/home/mnaji/work/Project_A1P2-ApisGene-Bovin.1617/Run_ApisGene-Bovin-B2P4_1.18453/RawData/41183_CCGCGGTT-CTAGCGCT-BHGLJGDSX2_L002_R2.fastq.gz,/home/mnaji/work/Project_A1P2-ApisGene-Bovin.1617/Run_ApisGene-Bovin-B2P4_2.18543/RawData/41183_CCGCGGTT-CTAGCGCT-BHGLJGDSX2_L001_R2.fastq.gz,/home/mnaji/work/Project_A1P2-ApisGene-Bovin.1617/Run_ApisGene-Bovin-B2P4_3.18544/RawData/41183_CCGCGGTT-CTAGCGCT-BHGLJGDSX2_L003_R2.fastq.gz,/home/mnaji/work/Project_A1P2-ApisGene-Bovin.1617/Run_ApisGene-Bovin-B2P4_4.18545/RawData/41183_CCGCGGTT-CTAGCGCT-BHGLJGDSX2_L004_R2.fastq.gz	/work/project/CASCAD/mnaji/sm_folder/results/vcf_lr/CHAFRAM007242730177_pbsv.vcf.gz
CHAFRAM008901668818	CLR	41063	FR8901668818	M	38	/home/mnaji/work/Project_A1P2-ApisGene-Bovin.1617/Run_A1P2-ApisGene-Bovin-2ndBatch-pool2_1.18158/RawData/41063_AAGATACT-ATGTAAGT-BHCLGLDSX2_L001_R1.fastq.gz,/home/mnaji/work/Project_A1P2-ApisGene-Bovin.1617/Run_A1P2-ApisGene-Bovin-2ndBatch-pool2_2.18159/RawData/41063_AAGATACT-ATGTAAGT-BHCLGLDSX2_L003_R1.fastq.gz,/home/mnaji/work/Project_A1P2-ApisGene-Bovin.1617/Run_A1P2-ApisGene-Bovin-2ndBatch-pool2_3.18160/RawData/41063_AAGATACT-ATGTAAGT-BHCLGLDSX2_L002_R1.fastq.gz,/home/mnaji/work/Project_A1P2-ApisGene-Bovin.1617/Run_A1P2-ApisGene-Bovin-2ndBatch-pool2_4.18161/RawData/41063_AAGATACT-ATGTAAGT-BHCLGLDSX2_L004_R1.fastq.gz	/home/mnaji/work/Project_A1P2-ApisGene-Bovin.1617/Run_A1P2-ApisGene-Bovin-2ndBatch-pool2_1.18158/RawData/41063_AAGATACT-ATGTAAGT-BHCLGLDSX2_L001_R2.fastq.gz,/home/mnaji/work/Project_A1P2-ApisGene-Bovin.1617/Run_A1P2-ApisGene-Bovin-2ndBatch-pool2_2.18159/RawData/41063_AAGATACT-ATGTAAGT-BHCLGLDSX2_L003_R2.fastq.gz,/home/mnaji/work/Project_A1P2-ApisGene-Bovin.1617/Run_A1P2-ApisGene-Bovin-2ndBatch-pool2_3.18160/RawData/41063_AAGATACT-ATGTAAGT-BHCLGLDSX2_L002_R2.fastq.gz,/home/mnaji/work/Project_A1P2-ApisGene-Bovin.1617/Run_A1P2-ApisGene-Bovin-2ndBatch-pool2_4.18161/RawData/41063_AAGATACT-ATGTAAGT-BHCLGLDSX2_L004_R2.fastq.gz	/work/project/CASCAD/mnaji/sm_folder/results/vcf_lr/CHAFRAM008901668818_pbsv.vcf.gz
HOLDEUM000122618748	CLR	40669	DE0122618748	M	66	/home/mnaji/work/Project_A1P2-ApisGene-Bovin.1617/Run_A1P2-ApisGene-Bovin3_1.17315/RawData/40669_CGGCGTGA-ACAGGCGC-BHL7YYDSXY_L001_R1.fastq.gz,/home/mnaji/work/Project_A1P2-ApisGene-Bovin.1617/Run_A1P2-ApisGene-Bovin3_2.17316/RawData/40669_CGGCGTGA-ACAGGCGC-BHL7YYDSXY_L004_R1.fastq.gz,/home/mnaji/work/Project_A1P2-ApisGene-Bovin.1617/Run_A1P2-ApisGene-Bovin3_3.17317/RawData/40669_CGGCGTGA-ACAGGCGC-BHL7YYDSXY_L002_R1.fastq.gz,/home/mnaji/work/Project_A1P2-ApisGene-Bovin.1617/Run_A1P2-ApisGene-Bovin3_4.17326/RawData/40669_CGGCGTGA-ACAGGCGC-BHL7YYDSXY_L003_R1.fastq.gz	/home/mnaji/work/Project_A1P2-ApisGene-Bovin.1617/Run_A1P2-ApisGene-Bovin3_1.17315/RawData/40669_CGGCGTGA-ACAGGCGC-BHL7YYDSXY_L001_R2.fastq.gz,/home/mnaji/work/Project_A1P2-ApisGene-Bovin.1617/Run_A1P2-ApisGene-Bovin3_2.17316/RawData/40669_CGGCGTGA-ACAGGCGC-BHL7YYDSXY_L004_R2.fastq.gz,/home/mnaji/work/Project_A1P2-ApisGene-Bovin.1617/Run_A1P2-ApisGene-Bovin3_3.17317/RawData/40669_CGGCGTGA-ACAGGCGC-BHL7YYDSXY_L002_R2.fastq.gz,/home/mnaji/work/Project_A1P2-ApisGene-Bovin.1617/Run_A1P2-ApisGene-Bovin3_4.17326/RawData/40669_CGGCGTGA-ACAGGCGC-BHL7YYDSXY_L003_R2.fastq.gz	/work/project/CASCAD/mnaji/sm_folder/results/vcf_lr/HOLDEUM000122618748_pbsv.vcf.gz
HOLFRAM000340687171	CLR	40686	FR0340687171	M	66	/home/mnaji/work/Project_A1P2-ApisGene-Bovin.1617/Run_A1P2-ApisGene-Bovin3_1.17315/RawData/40686_AGCCTCAT-TCTCTACT-BHL7YYDSXY_L001_R1.fastq.gz,/home/mnaji/work/Project_A1P2-ApisGene-Bovin.1617/Run_A1P2-ApisGene-Bovin3_2.17316/RawData/40686_AGCCTCAT-TCTCTACT-BHL7YYDSXY_L004_R1.fastq.gz,/home/mnaji/work/Project_A1P2-ApisGene-Bovin.1617/Run_A1P2-ApisGene-Bovin3_3.17317/RawData/40686_AGCCTCAT-TCTCTACT-BHL7YYDSXY_L002_R1.fastq.gz,/home/mnaji/work/Project_A1P2-ApisGene-Bovin.1617/Run_A1P2-ApisGene-Bovin3_4.17326/RawData/40686_AGCCTCAT-TCTCTACT-BHL7YYDSXY_L003_R1.fastq.gz	/home/mnaji/work/Project_A1P2-ApisGene-Bovin.1617/Run_A1P2-ApisGene-Bovin3_1.17315/RawData/40686_AGCCTCAT-TCTCTACT-BHL7YYDSXY_L001_R2.fastq.gz,/home/mnaji/work/Project_A1P2-ApisGene-Bovin.1617/Run_A1P2-ApisGene-Bovin3_2.17316/RawData/40686_AGCCTCAT-TCTCTACT-BHL7YYDSXY_L004_R2.fastq.gz,/home/mnaji/work/Project_A1P2-ApisGene-Bovin.1617/Run_A1P2-ApisGene-Bovin3_3.17317/RawData/40686_AGCCTCAT-TCTCTACT-BHL7YYDSXY_L002_R2.fastq.gz,/home/mnaji/work/Project_A1P2-ApisGene-Bovin.1617/Run_A1P2-ApisGene-Bovin3_4.17326/RawData/40686_AGCCTCAT-TCTCTACT-BHL7YYDSXY_L003_R2.fastq.gz	/work/project/CASCAD/mnaji/sm_folder/results/vcf_lr/HOLFRAM000340687171_pbsv.vcf.gz
HOLFRAM000802899661	CLR	40688	FR0802899661	M	66	/home/mnaji/work/Project_A1P2-ApisGene-Bovin.1617/Run_A1P2-ApisGene-Bovin3_1.17315/RawData/40688_TCGTAGTG-CCAAGTCT-BHL7YYDSXY_L001_R1.fastq.gz,/home/mnaji/work/Project_A1P2-ApisGene-Bovin.1617/Run_A1P2-ApisGene-Bovin3_2.17316/RawData/40688_TCGTAGTG-CCAAGTCT-BHL7YYDSXY_L004_R1.fastq.gz,/home/mnaji/work/Project_A1P2-ApisGene-Bovin.1617/Run_A1P2-ApisGene-Bovin3_3.17317/RawData/40688_TCGTAGTG-CCAAGTCT-BHL7YYDSXY_L002_R1.fastq.gz,/home/mnaji/work/Project_A1P2-ApisGene-Bovin.1617/Run_A1P2-ApisGene-Bovin3_4.17326/RawData/40688_TCGTAGTG-CCAAGTCT-BHL7YYDSXY_L003_R1.fastq.gz	/home/mnaji/work/Project_A1P2-ApisGene-Bovin.1617/Run_A1P2-ApisGene-Bovin3_1.17315/RawData/40688_TCGTAGTG-CCAAGTCT-BHL7YYDSXY_L001_R2.fastq.gz,/home/mnaji/work/Project_A1P2-ApisGene-Bovin.1617/Run_A1P2-ApisGene-Bovin3_2.17316/RawData/40688_TCGTAGTG-CCAAGTCT-BHL7YYDSXY_L004_R2.fastq.gz,/home/mnaji/work/Project_A1P2-ApisGene-Bovin.1617/Run_A1P2-ApisGene-Bovin3_3.17317/RawData/40688_TCGTAGTG-CCAAGTCT-BHL7YYDSXY_L002_R2.fastq.gz,/home/mnaji/work/Project_A1P2-ApisGene-Bovin.1617/Run_A1P2-ApisGene-Bovin3_4.17326/RawData/40688_TCGTAGTG-CCAAGTCT-BHL7YYDSXY_L003_R2.fastq.gz	/work/project/CASCAD/mnaji/sm_folder/results/vcf_lr/HOLFRAM000802899661_pbsv.vcf.gz
HOLFRAM001452583103	CLR	40533	FR1452583103	M	66	/home/mnaji/work/Project_A1P2-ApisGene-Bovin.1617/Run_A1P2-ApisGene-Bovin1_1.17288/RawData/40533_GCGCAAGC-CGGCGTGA-AHLFGHDSXY_L001_R1.fastq.gz,/home/mnaji/work/Project_A1P2-ApisGene-Bovin.1617/Run_A1P2-ApisGene-Bovin1_2.17289/RawData/40533_GCGCAAGC-CGGCGTGA-AHLFGHDSXY_L004_R1.fastq.gz,/home/mnaji/work/Project_A1P2-ApisGene-Bovin.1617/Run_A1P2-ApisGene-Bovin1_3.17290/RawData/40533_GCGCAAGC-CGGCGTGA-AHLFGHDSXY_L002_R1.fastq.gz,/home/mnaji/work/Project_A1P2-ApisGene-Bovin.1617/Run_A1P2-ApisGene-Bovin1_4.17291/RawData/40533_GCGCAAGC-CGGCGTGA-AHLFGHDSXY_L003_R1.fastq.gz	/home/mnaji/work/Project_A1P2-ApisGene-Bovin.1617/Run_A1P2-ApisGene-Bovin1_1.17288/RawData/40533_GCGCAAGC-CGGCGTGA-AHLFGHDSXY_L001_R2.fastq.gz,/home/mnaji/work/Project_A1P2-ApisGene-Bovin.1617/Run_A1P2-ApisGene-Bovin1_2.17289/RawData/40533_GCGCAAGC-CGGCGTGA-AHLFGHDSXY_L004_R2.fastq.gz,/home/mnaji/work/Project_A1P2-ApisGene-Bovin.1617/Run_A1P2-ApisGene-Bovin1_3.17290/RawData/40533_GCGCAAGC-CGGCGTGA-AHLFGHDSXY_L002_R2.fastq.gz,/home/mnaji/work/Project_A1P2-ApisGene-Bovin.1617/Run_A1P2-ApisGene-Bovin1_4.17291/RawData/40533_GCGCAAGC-CGGCGTGA-AHLFGHDSXY_L003_R2.fastq.gz	/work/project/CASCAD/mnaji/sm_folder/results/vcf_lr/HOLFRAM001452583103_pbsv.vcf.gz
HOLFRAM001452673174	CLR	40534	FR1452673174	M	66	/home/mnaji/work/Project_A1P2-ApisGene-Bovin.1617/Run_A1P2-ApisGene-Bovin1_1.17288/RawData/40534_AAGATACT-ATGTAAGT-AHLFGHDSXY_L001_R1.fastq.gz,/home/mnaji/work/Project_A1P2-ApisGene-Bovin.1617/Run_A1P2-ApisGene-Bovin1_2.17289/RawData/40534_AAGATACT-ATGTAAGT-AHLFGHDSXY_L004_R1.fastq.gz,/home/mnaji/work/Project_A1P2-ApisGene-Bovin.1617/Run_A1P2-ApisGene-Bovin1_3.17290/RawData/40534_AAGATACT-ATGTAAGT-AHLFGHDSXY_L002_R1.fastq.gz,/home/mnaji/work/Project_A1P2-ApisGene-Bovin.1617/Run_A1P2-ApisGene-Bovin1_4.17291/RawData/40534_AAGATACT-ATGTAAGT-AHLFGHDSXY_L003_R1.fastq.gz	/home/mnaji/work/Project_A1P2-ApisGene-Bovin.1617/Run_A1P2-ApisGene-Bovin1_1.17288/RawData/40534_AAGATACT-ATGTAAGT-AHLFGHDSXY_L001_R2.fastq.gz,/home/mnaji/work/Project_A1P2-ApisGene-Bovin.1617/Run_A1P2-ApisGene-Bovin1_2.17289/RawData/40534_AAGATACT-ATGTAAGT-AHLFGHDSXY_L004_R2.fastq.gz,/home/mnaji/work/Project_A1P2-ApisGene-Bovin.1617/Run_A1P2-ApisGene-Bovin1_3.17290/RawData/40534_AAGATACT-ATGTAAGT-AHLFGHDSXY_L002_R2.fastq.gz,/home/mnaji/work/Project_A1P2-ApisGene-Bovin.1617/Run_A1P2-ApisGene-Bovin1_4.17291/RawData/40534_AAGATACT-ATGTAAGT-AHLFGHDSXY_L003_R2.fastq.gz	/work/project/CASCAD/mnaji/sm_folder/results/vcf_lr/HOLFRAM001452673174_pbsv.vcf.gz
HOLFRAM001723969810	CLR	40689	FR1723969810	M	66	/home/mnaji/work/Project_A1P2-ApisGene-Bovin.1617/Run_A1P2-ApisGene-Bovin3_1.17315/RawData/40689_CTACGACA-TTGGACTC-BHL7YYDSXY_L001_R1.fastq.gz,/home/mnaji/work/Project_A1P2-ApisGene-Bovin.1617/Run_A1P2-ApisGene-Bovin3_2.17316/RawData/40689_CTACGACA-TTGGACTC-BHL7YYDSXY_L004_R1.fastq.gz,/home/mnaji/work/Project_A1P2-ApisGene-Bovin.1617/Run_A1P2-ApisGene-Bovin3_3.17317/RawData/40689_CTACGACA-TTGGACTC-BHL7YYDSXY_L002_R1.fastq.gz,/home/mnaji/work/Project_A1P2-ApisGene-Bovin.1617/Run_A1P2-ApisGene-Bovin3_4.17326/RawData/40689_CTACGACA-TTGGACTC-BHL7YYDSXY_L003_R1.fastq.gz	/home/mnaji/work/Project_A1P2-ApisGene-Bovin.1617/Run_A1P2-ApisGene-Bovin3_1.17315/RawData/40689_CTACGACA-TTGGACTC-BHL7YYDSXY_L001_R2.fastq.gz,/home/mnaji/work/Project_A1P2-ApisGene-Bovin.1617/Run_A1P2-ApisGene-Bovin3_2.17316/RawData/40689_CTACGACA-TTGGACTC-BHL7YYDSXY_L004_R2.fastq.gz,/home/mnaji/work/Project_A1P2-ApisGene-Bovin.1617/Run_A1P2-ApisGene-Bovin3_3.17317/RawData/40689_CTACGACA-TTGGACTC-BHL7YYDSXY_L002_R2.fastq.gz,/home/mnaji/work/Project_A1P2-ApisGene-Bovin.1617/Run_A1P2-ApisGene-Bovin3_4.17326/RawData/40689_CTACGACA-TTGGACTC-BHL7YYDSXY_L003_R2.fastq.gz	/work/project/CASCAD/mnaji/sm_folder/results/vcf_lr/HOLFRAM001723969810_pbsv.vcf.gz
HOLFRAM002215668248	CLR	40537	FR2215668248	M	66	/home/mnaji/work/Project_A1P2-ApisGene-Bovin.1617/Run_A1P2-ApisGene-Bovin1_1.17288/RawData/40537_GCAATGCA-AACGTTCC-AHLFGHDSXY_L001_R1.fastq.gz,/home/mnaji/work/Project_A1P2-ApisGene-Bovin.1617/Run_A1P2-ApisGene-Bovin1_2.17289/RawData/40537_GCAATGCA-AACGTTCC-AHLFGHDSXY_L004_R1.fastq.gz,/home/mnaji/work/Project_A1P2-ApisGene-Bovin.1617/Run_A1P2-ApisGene-Bovin1_3.17290/RawData/40537_GCAATGCA-AACGTTCC-AHLFGHDSXY_L002_R1.fastq.gz,/home/mnaji/work/Project_A1P2-ApisGene-Bovin.1617/Run_A1P2-ApisGene-Bovin1_4.17291/RawData/40537_GCAATGCA-AACGTTCC-AHLFGHDSXY_L003_R1.fastq.gz	/home/mnaji/work/Project_A1P2-ApisGene-Bovin.1617/Run_A1P2-ApisGene-Bovin1_1.17288/RawData/40537_GCAATGCA-AACGTTCC-AHLFGHDSXY_L001_R2.fastq.gz,/home/mnaji/work/Project_A1P2-ApisGene-Bovin.1617/Run_A1P2-ApisGene-Bovin1_2.17289/RawData/40537_GCAATGCA-AACGTTCC-AHLFGHDSXY_L004_R2.fastq.gz,/home/mnaji/work/Project_A1P2-ApisGene-Bovin.1617/Run_A1P2-ApisGene-Bovin1_3.17290/RawData/40537_GCAATGCA-AACGTTCC-AHLFGHDSXY_L002_R2.fastq.gz,/home/mnaji/work/Project_A1P2-ApisGene-Bovin.1617/Run_A1P2-ApisGene-Bovin1_4.17291/RawData/40537_GCAATGCA-AACGTTCC-AHLFGHDSXY_L003_R2.fastq.gz	/work/project/CASCAD/mnaji/sm_folder/results/vcf_lr/HOLFRAM002215668248_pbsv.vcf.gz
HOLFRAM002219063053	CLR	40539	FR2219063053	M	66	/home/mnaji/work/Project_A1P2-ApisGene-Bovin.1617/Run_A1P2-ApisGene-Bovin1_1.17288/RawData/40539_ACCTTGGC-ATGAGGCC-AHLFGHDSXY_L001_R1.fastq.gz,/home/mnaji/work/Project_A1P2-ApisGene-Bovin.1617/Run_A1P2-ApisGene-Bovin1_2.17289/RawData/40539_ACCTTGGC-ATGAGGCC-AHLFGHDSXY_L004_R1.fastq.gz,/home/mnaji/work/Project_A1P2-ApisGene-Bovin.1617/Run_A1P2-ApisGene-Bovin1_3.17290/RawData/40539_ACCTTGGC-ATGAGGCC-AHLFGHDSXY_L002_R1.fastq.gz,/home/mnaji/work/Project_A1P2-ApisGene-Bovin.1617/Run_A1P2-ApisGene-Bovin1_4.17291/RawData/40539_ACCTTGGC-ATGAGGCC-AHLFGHDSXY_L003_R1.fastq.gz	/home/mnaji/work/Project_A1P2-ApisGene-Bovin.1617/Run_A1P2-ApisGene-Bovin1_1.17288/RawData/40539_ACCTTGGC-ATGAGGCC-AHLFGHDSXY_L001_R2.fastq.gz,/home/mnaji/work/Project_A1P2-ApisGene-Bovin.1617/Run_A1P2-ApisGene-Bovin1_2.17289/RawData/40539_ACCTTGGC-ATGAGGCC-AHLFGHDSXY_L004_R2.fastq.gz,/home/mnaji/work/Project_A1P2-ApisGene-Bovin.1617/Run_A1P2-ApisGene-Bovin1_3.17290/RawData/40539_ACCTTGGC-ATGAGGCC-AHLFGHDSXY_L002_R2.fastq.gz,/home/mnaji/work/Project_A1P2-ApisGene-Bovin.1617/Run_A1P2-ApisGene-Bovin1_4.17291/RawData/40539_ACCTTGGC-ATGAGGCC-AHLFGHDSXY_L003_R2.fastq.gz	/work/project/CASCAD/mnaji/sm_folder/results/vcf_lr/HOLFRAM002219063053_pbsv.vcf.gz
HOLFRAM002229184661	CLR	40540	FR2229184661	M	66	/home/mnaji/work/Project_A1P2-ApisGene-Bovin.1617/Run_A1P2-ApisGene-Bovin1_1.17288/RawData/40540_ATATCTCG-ACTAAGAT-AHLFGHDSXY_L001_R1.fastq.gz,/home/mnaji/work/Project_A1P2-ApisGene-Bovin.1617/Run_A1P2-ApisGene-Bovin1_2.17289/RawData/40540_ATATCTCG-ACTAAGAT-AHLFGHDSXY_L004_R1.fastq.gz,/home/mnaji/work/Project_A1P2-ApisGene-Bovin.1617/Run_A1P2-ApisGene-Bovin1_3.17290/RawData/40540_ATATCTCG-ACTAAGAT-AHLFGHDSXY_L002_R1.fastq.gz,/home/mnaji/work/Project_A1P2-ApisGene-Bovin.1617/Run_A1P2-ApisGene-Bovin1_4.17291/RawData/40540_ATATCTCG-ACTAAGAT-AHLFGHDSXY_L003_R1.fastq.gz	/home/mnaji/work/Project_A1P2-ApisGene-Bovin.1617/Run_A1P2-ApisGene-Bovin1_1.17288/RawData/40540_ATATCTCG-ACTAAGAT-AHLFGHDSXY_L001_R2.fastq.gz,/home/mnaji/work/Project_A1P2-ApisGene-Bovin.1617/Run_A1P2-ApisGene-Bovin1_2.17289/RawData/40540_ATATCTCG-ACTAAGAT-AHLFGHDSXY_L004_R2.fastq.gz,/home/mnaji/work/Project_A1P2-ApisGene-Bovin.1617/Run_A1P2-ApisGene-Bovin1_3.17290/RawData/40540_ATATCTCG-ACTAAGAT-AHLFGHDSXY_L002_R2.fastq.gz,/home/mnaji/work/Project_A1P2-ApisGene-Bovin.1617/Run_A1P2-ApisGene-Bovin1_4.17291/RawData/40540_ATATCTCG-ACTAAGAT-AHLFGHDSXY_L003_R2.fastq.gz	/work/project/CASCAD/mnaji/sm_folder/results/vcf_lr/HOLFRAM002229184661_pbsv.vcf.gz
HOLFRAM002234643150	CLR	40542	FR2234643150	M	66	/home/mnaji/work/Project_A1P2-ApisGene-Bovin.1617/Run_A1P2-ApisGene-Bovin1_1.17288/RawData/40542_AACAGGTT-CTTGGTAT-AHLFGHDSXY_L001_R1.fastq.gz,/home/mnaji/work/Project_A1P2-ApisGene-Bovin.1617/Run_A1P2-ApisGene-Bovin1_2.17289/RawData/40542_AACAGGTT-CTTGGTAT-AHLFGHDSXY_L004_R1.fastq.gz,/home/mnaji/work/Project_A1P2-ApisGene-Bovin.1617/Run_A1P2-ApisGene-Bovin1_3.17290/RawData/40542_AACAGGTT-CTTGGTAT-AHLFGHDSXY_L002_R1.fastq.gz,/home/mnaji/work/Project_A1P2-ApisGene-Bovin.1617/Run_A1P2-ApisGene-Bovin1_4.17291/RawData/40542_AACAGGTT-CTTGGTAT-AHLFGHDSXY_L003_R1.fastq.gz	/home/mnaji/work/Project_A1P2-ApisGene-Bovin.1617/Run_A1P2-ApisGene-Bovin1_1.17288/RawData/40542_AACAGGTT-CTTGGTAT-AHLFGHDSXY_L001_R2.fastq.gz,/home/mnaji/work/Project_A1P2-ApisGene-Bovin.1617/Run_A1P2-ApisGene-Bovin1_2.17289/RawData/40542_AACAGGTT-CTTGGTAT-AHLFGHDSXY_L004_R2.fastq.gz,/home/mnaji/work/Project_A1P2-ApisGene-Bovin.1617/Run_A1P2-ApisGene-Bovin1_3.17290/RawData/40542_AACAGGTT-CTTGGTAT-AHLFGHDSXY_L002_R2.fastq.gz,/home/mnaji/work/Project_A1P2-ApisGene-Bovin.1617/Run_A1P2-ApisGene-Bovin1_4.17291/RawData/40542_AACAGGTT-CTTGGTAT-AHLFGHDSXY_L003_R2.fastq.gz	/work/project/CASCAD/mnaji/sm_folder/results/vcf_lr/HOLFRAM002234643150_pbsv.vcf.gz
HOLFRAM002234643280	CLR	40543	FR2234643280	M	66	/home/mnaji/work/Project_A1P2-ApisGene-Bovin.1617/Run_A1P2-ApisGene-Bovin1_1.17288/RawData/40543_GGTGAACC-TCCAACGC-AHLFGHDSXY_L001_R1.fastq.gz,/home/mnaji/work/Project_A1P2-ApisGene-Bovin.1617/Run_A1P2-ApisGene-Bovin1_2.17289/RawData/40543_GGTGAACC-TCCAACGC-AHLFGHDSXY_L004_R1.fastq.gz,/home/mnaji/work/Project_A1P2-ApisGene-Bovin.1617/Run_A1P2-ApisGene-Bovin1_3.17290/RawData/40543_GGTGAACC-TCCAACGC-AHLFGHDSXY_L002_R1.fastq.gz,/home/mnaji/work/Project_A1P2-ApisGene-Bovin.1617/Run_A1P2-ApisGene-Bovin1_4.17291/RawData/40543_GGTGAACC-TCCAACGC-AHLFGHDSXY_L003_R1.fastq.gz	/home/mnaji/work/Project_A1P2-ApisGene-Bovin.1617/Run_A1P2-ApisGene-Bovin1_1.17288/RawData/40543_GGTGAACC-TCCAACGC-AHLFGHDSXY_L001_R2.fastq.gz,/home/mnaji/work/Project_A1P2-ApisGene-Bovin.1617/Run_A1P2-ApisGene-Bovin1_2.17289/RawData/40543_GGTGAACC-TCCAACGC-AHLFGHDSXY_L004_R2.fastq.gz,/home/mnaji/work/Project_A1P2-ApisGene-Bovin.1617/Run_A1P2-ApisGene-Bovin1_3.17290/RawData/40543_GGTGAACC-TCCAACGC-AHLFGHDSXY_L002_R2.fastq.gz,/home/mnaji/work/Project_A1P2-ApisGene-Bovin.1617/Run_A1P2-ApisGene-Bovin1_4.17291/RawData/40543_GGTGAACC-TCCAACGC-AHLFGHDSXY_L003_R2.fastq.gz	/work/project/CASCAD/mnaji/sm_folder/results/vcf_lr/HOLFRAM002234643280_pbsv.vcf.gz
HOLFRAM002258173979	CLR	41016	FR2258173979	M	66	/home/mnaji/work/Project_A1P2-ApisGene-Bovin.1617/Run_A1P2-ApisGene-2-pool1_1.17882/RawData/41016_CAATTAAC-ATATCTCG-AHY3CFDSXY_L001_R1.fastq.gz,/home/mnaji/work/Project_A1P2-ApisGene-Bovin.1617/Run_A1P2-ApisGene-2-pool1_2.17885/RawData/41016_CAATTAAC-ATATCTCG-AHY3CFDSXY_L002_R1.fastq.gz,/home/mnaji/work/Project_A1P2-ApisGene-Bovin.1617/Run_A1P2-ApisGene-2-pool1_3.17886/RawData/41016_CAATTAAC-ATATCTCG-AHY3CFDSXY_L003_R1.fastq.gz,/home/mnaji/work/Project_A1P2-ApisGene-Bovin.1617/Run_A1P2-ApisGene-2-pool1_4.17887/RawData/41016_CAATTAAC-ATATCTCG-AHY3CFDSXY_L004_R1.fastq.gz,/home/mnaji/work/Project_A1P2-ApisGene-Bovin.1617/Run_A1P2-ApisGene-2-pool1_5.18067/RawData/41016_CAATTAAC-ATATCTCG-AHYGCWDSXY_L003_R1.fastq.gz,/home/mnaji/work/Project_A1P2-ApisGene-Bovin.1617/Run_A1P2-ApisGene-2-pool1_6.18080/RawData/41016_CAATTAAC-ATATCTCG-AHYGCWDSXY_L001_R1.fastq.gz,/home/mnaji/work/Project_A1P2-ApisGene-Bovin.1617/Run_A1P2-ApisGene-2-pool1_7.18081/RawData/41016_CAATTAAC-ATATCTCG-AHYGCWDSXY_L004_R1.fastq.gz,/home/mnaji/work/Project_A1P2-ApisGene-Bovin.1617/Run_A1P2-ApisGene-2-pool1-8.18082/RawData/41016_CAATTAAC-ATATCTCG-AHYGCWDSXY_L002_R1.fastq.gz	/home/mnaji/work/Project_A1P2-ApisGene-Bovin.1617/Run_A1P2-ApisGene-2-pool1_1.17882/RawData/41016_CAATTAAC-ATATCTCG-AHY3CFDSXY_L001_R2.fastq.gz,/home/mnaji/work/Project_A1P2-ApisGene-Bovin.1617/Run_A1P2-ApisGene-2-pool1_2.17885/RawData/41016_CAATTAAC-ATATCTCG-AHY3CFDSXY_L002_R2.fastq.gz,/home/mnaji/work/Project_A1P2-ApisGene-Bovin.1617/Run_A1P2-ApisGene-2-pool1_3.17886/RawData/41016_CAATTAAC-ATATCTCG-AHY3CFDSXY_L003_R2.fastq.gz,/home/mnaji/work/Project_A1P2-ApisGene-Bovin.1617/Run_A1P2-ApisGene-2-pool1_4.17887/RawData/41016_CAATTAAC-ATATCTCG-AHY3CFDSXY_L004_R2.fastq.gz,/home/mnaji/work/Project_A1P2-ApisGene-Bovin.1617/Run_A1P2-ApisGene-2-pool1_5.18067/RawData/41016_CAATTAAC-ATATCTCG-AHYGCWDSXY_L003_R2.fastq.gz,/home/mnaji/work/Project_A1P2-ApisGene-Bovin.1617/Run_A1P2-ApisGene-2-pool1_6.18080/RawData/41016_CAATTAAC-ATATCTCG-AHYGCWDSXY_L001_R2.fastq.gz,/home/mnaji/work/Project_A1P2-ApisGene-Bovin.1617/Run_A1P2-ApisGene-2-pool1_7.18081/RawData/41016_CAATTAAC-ATATCTCG-AHYGCWDSXY_L004_R2.fastq.gz,/home/mnaji/work/Project_A1P2-ApisGene-Bovin.1617/Run_A1P2-ApisGene-2-pool1-8.18082/RawData/41016_CAATTAAC-ATATCTCG-AHYGCWDSXY_L002_R2.fastq.gz	/work/project/CASCAD/mnaji/sm_folder/results/vcf_lr/HOLFRAM002258173979_pbsv.vcf.gz
HOLFRAM002931504082	CLR	40549	FR2931504082	M	66	/home/mnaji/work/Project_A1P2-ApisGene-Bovin.1617/Run_A1P2-ApisGene-Bovin1_1.17288/RawData/40549_CATAATAC-CGTTAGAA-AHLFGHDSXY_L001_R1.fastq.gz,/home/mnaji/work/Project_A1P2-ApisGene-Bovin.1617/Run_A1P2-ApisGene-Bovin1_2.17289/RawData/40549_CATAATAC-CGTTAGAA-AHLFGHDSXY_L004_R1.fastq.gz,/home/mnaji/work/Project_A1P2-ApisGene-Bovin.1617/Run_A1P2-ApisGene-Bovin1_3.17290/RawData/40549_CATAATAC-CGTTAGAA-AHLFGHDSXY_L002_R1.fastq.gz,/home/mnaji/work/Project_A1P2-ApisGene-Bovin.1617/Run_A1P2-ApisGene-Bovin1_4.17291/RawData/40549_CATAATAC-CGTTAGAA-AHLFGHDSXY_L003_R1.fastq.gz	/home/mnaji/work/Project_A1P2-ApisGene-Bovin.1617/Run_A1P2-ApisGene-Bovin1_1.17288/RawData/40549_CATAATAC-CGTTAGAA-AHLFGHDSXY_L001_R2.fastq.gz,/home/mnaji/work/Project_A1P2-ApisGene-Bovin.1617/Run_A1P2-ApisGene-Bovin1_2.17289/RawData/40549_CATAATAC-CGTTAGAA-AHLFGHDSXY_L004_R2.fastq.gz,/home/mnaji/work/Project_A1P2-ApisGene-Bovin.1617/Run_A1P2-ApisGene-Bovin1_3.17290/RawData/40549_CATAATAC-CGTTAGAA-AHLFGHDSXY_L002_R2.fastq.gz,/home/mnaji/work/Project_A1P2-ApisGene-Bovin.1617/Run_A1P2-ApisGene-Bovin1_4.17291/RawData/40549_CATAATAC-CGTTAGAA-AHLFGHDSXY_L003_R2.fastq.gz	/work/project/CASCAD/mnaji/sm_folder/results/vcf_lr/HOLFRAM002931504082_pbsv.vcf.gz
HOLFRAM002939812975	CLR	40550	FR2939812975	M	66	/home/mnaji/work/Project_A1P2-ApisGene-Bovin.1617/Run_A1P2-ApisGene-Bovin1_1.17288/RawData/40550_GATCTATC-AGCCTCAT-AHLFGHDSXY_L001_R1.fastq.gz,/home/mnaji/work/Project_A1P2-ApisGene-Bovin.1617/Run_A1P2-ApisGene-Bovin1_2.17289/RawData/40550_GATCTATC-AGCCTCAT-AHLFGHDSXY_L004_R1.fastq.gz,/home/mnaji/work/Project_A1P2-ApisGene-Bovin.1617/Run_A1P2-ApisGene-Bovin1_3.17290/RawData/40550_GATCTATC-AGCCTCAT-AHLFGHDSXY_L002_R1.fastq.gz,/home/mnaji/work/Project_A1P2-ApisGene-Bovin.1617/Run_A1P2-ApisGene-Bovin1_4.17291/RawData/40550_GATCTATC-AGCCTCAT-AHLFGHDSXY_L003_R1.fastq.gz	/home/mnaji/work/Project_A1P2-ApisGene-Bovin.1617/Run_A1P2-ApisGene-Bovin1_1.17288/RawData/40550_GATCTATC-AGCCTCAT-AHLFGHDSXY_L001_R2.fastq.gz,/home/mnaji/work/Project_A1P2-ApisGene-Bovin.1617/Run_A1P2-ApisGene-Bovin1_2.17289/RawData/40550_GATCTATC-AGCCTCAT-AHLFGHDSXY_L004_R2.fastq.gz,/home/mnaji/work/Project_A1P2-ApisGene-Bovin.1617/Run_A1P2-ApisGene-Bovin1_3.17290/RawData/40550_GATCTATC-AGCCTCAT-AHLFGHDSXY_L002_R2.fastq.gz,/home/mnaji/work/Project_A1P2-ApisGene-Bovin.1617/Run_A1P2-ApisGene-Bovin1_4.17291/RawData/40550_GATCTATC-AGCCTCAT-AHLFGHDSXY_L003_R2.fastq.gz	/work/project/CASCAD/mnaji/sm_folder/results/vcf_lr/HOLFRAM002939812975_pbsv.vcf.gz
HOLFRAM002939895192	CLR	40551	FR2939895192	M	66	/home/mnaji/work/Project_A1P2-ApisGene-Bovin.1617/Run_A1P2-ApisGene-Bovin1_1.17288/RawData/40551_AGCTCGCT-GATTCTGC-AHLFGHDSXY_L001_R1.fastq.gz,/home/mnaji/work/Project_A1P2-ApisGene-Bovin.1617/Run_A1P2-ApisGene-Bovin1_2.17289/RawData/40551_AGCTCGCT-GATTCTGC-AHLFGHDSXY_L004_R1.fastq.gz,/home/mnaji/work/Project_A1P2-ApisGene-Bovin.1617/Run_A1P2-ApisGene-Bovin1_3.17290/RawData/40551_AGCTCGCT-GATTCTGC-AHLFGHDSXY_L002_R1.fastq.gz,/home/mnaji/work/Project_A1P2-ApisGene-Bovin.1617/Run_A1P2-ApisGene-Bovin1_4.17291/RawData/40551_AGCTCGCT-GATTCTGC-AHLFGHDSXY_L003_R1.fastq.gz	/home/mnaji/work/Project_A1P2-ApisGene-Bovin.1617/Run_A1P2-ApisGene-Bovin1_1.17288/RawData/40551_AGCTCGCT-GATTCTGC-AHLFGHDSXY_L001_R2.fastq.gz,/home/mnaji/work/Project_A1P2-ApisGene-Bovin.1617/Run_A1P2-ApisGene-Bovin1_2.17289/RawData/40551_AGCTCGCT-GATTCTGC-AHLFGHDSXY_L004_R2.fastq.gz,/home/mnaji/work/Project_A1P2-ApisGene-Bovin.1617/Run_A1P2-ApisGene-Bovin1_3.17290/RawData/40551_AGCTCGCT-GATTCTGC-AHLFGHDSXY_L002_R2.fastq.gz,/home/mnaji/work/Project_A1P2-ApisGene-Bovin.1617/Run_A1P2-ApisGene-Bovin1_4.17291/RawData/40551_AGCTCGCT-GATTCTGC-AHLFGHDSXY_L003_R2.fastq.gz	/work/project/CASCAD/mnaji/sm_folder/results/vcf_lr/HOLFRAM002939895192_pbsv.vcf.gz
HOLFRAM004242715489	CLR	40700	FR4242715489	M	66	/home/mnaji/work/Project_A1P2-ApisGene-Bovin.1617/Run_A1P2-ApisGene-Bovin3_1.17315/RawData/40700_ATATCTCG-ACTAAGAT-BHL7YYDSXY_L001_R1.fastq.gz,/home/mnaji/work/Project_A1P2-ApisGene-Bovin.1617/Run_A1P2-ApisGene-Bovin3_2.17316/RawData/40700_ATATCTCG-ACTAAGAT-BHL7YYDSXY_L004_R1.fastq.gz,/home/mnaji/work/Project_A1P2-ApisGene-Bovin.1617/Run_A1P2-ApisGene-Bovin3_3.17317/RawData/40700_ATATCTCG-ACTAAGAT-BHL7YYDSXY_L002_R1.fastq.gz,/home/mnaji/work/Project_A1P2-ApisGene-Bovin.1617/Run_A1P2-ApisGene-Bovin3_4.17326/RawData/40700_ATATCTCG-ACTAAGAT-BHL7YYDSXY_L003_R1.fastq.gz	/home/mnaji/work/Project_A1P2-ApisGene-Bovin.1617/Run_A1P2-ApisGene-Bovin3_1.17315/RawData/40700_ATATCTCG-ACTAAGAT-BHL7YYDSXY_L001_R2.fastq.gz,/home/mnaji/work/Project_A1P2-ApisGene-Bovin.1617/Run_A1P2-ApisGene-Bovin3_2.17316/RawData/40700_ATATCTCG-ACTAAGAT-BHL7YYDSXY_L004_R2.fastq.gz,/home/mnaji/work/Project_A1P2-ApisGene-Bovin.1617/Run_A1P2-ApisGene-Bovin3_3.17317/RawData/40700_ATATCTCG-ACTAAGAT-BHL7YYDSXY_L002_R2.fastq.gz,/home/mnaji/work/Project_A1P2-ApisGene-Bovin.1617/Run_A1P2-ApisGene-Bovin3_4.17326/RawData/40700_ATATCTCG-ACTAAGAT-BHL7YYDSXY_L003_R2.fastq.gz	/work/project/CASCAD/mnaji/sm_folder/results/vcf_lr/HOLFRAM004242715489_pbsv.vcf.gz
HOLFRAM004242723158	CLR	40702	FR4242723158	M	66	/home/mnaji/work/Project_A1P2-ApisGene-Bovin.1617/Run_A1P2-ApisGene-Bovin3_1.17315/RawData/40702_AACAGGTT-CTTGGTAT-BHL7YYDSXY_L001_R1.fastq.gz,/home/mnaji/work/Project_A1P2-ApisGene-Bovin.1617/Run_A1P2-ApisGene-Bovin3_2.17316/RawData/40702_AACAGGTT-CTTGGTAT-BHL7YYDSXY_L004_R1.fastq.gz,/home/mnaji/work/Project_A1P2-ApisGene-Bovin.1617/Run_A1P2-ApisGene-Bovin3_3.17317/RawData/40702_AACAGGTT-CTTGGTAT-BHL7YYDSXY_L002_R1.fastq.gz,/home/mnaji/work/Project_A1P2-ApisGene-Bovin.1617/Run_A1P2-ApisGene-Bovin3_4.17326/RawData/40702_AACAGGTT-CTTGGTAT-BHL7YYDSXY_L003_R1.fastq.gz	/home/mnaji/work/Project_A1P2-ApisGene-Bovin.1617/Run_A1P2-ApisGene-Bovin3_1.17315/RawData/40702_AACAGGTT-CTTGGTAT-BHL7YYDSXY_L001_R2.fastq.gz,/home/mnaji/work/Project_A1P2-ApisGene-Bovin.1617/Run_A1P2-ApisGene-Bovin3_2.17316/RawData/40702_AACAGGTT-CTTGGTAT-BHL7YYDSXY_L004_R2.fastq.gz,/home/mnaji/work/Project_A1P2-ApisGene-Bovin.1617/Run_A1P2-ApisGene-Bovin3_3.17317/RawData/40702_AACAGGTT-CTTGGTAT-BHL7YYDSXY_L002_R2.fastq.gz,/home/mnaji/work/Project_A1P2-ApisGene-Bovin.1617/Run_A1P2-ApisGene-Bovin3_4.17326/RawData/40702_AACAGGTT-CTTGGTAT-BHL7YYDSXY_L003_R2.fastq.gz	/work/project/CASCAD/mnaji/sm_folder/results/vcf_lr/HOLFRAM004242723158_pbsv.vcf.gz
HOLFRAM004242742577	CLR	40703	FR4242742577	M	66	/home/mnaji/work/Project_A1P2-ApisGene-Bovin.1617/Run_A1P2-ApisGene-Bovin3_1.17315/RawData/40703_GGTGAACC-TCCAACGC-BHL7YYDSXY_L001_R1.fastq.gz,/home/mnaji/work/Project_A1P2-ApisGene-Bovin.1617/Run_A1P2-ApisGene-Bovin3_2.17316/RawData/40703_GGTGAACC-TCCAACGC-BHL7YYDSXY_L004_R1.fastq.gz,/home/mnaji/work/Project_A1P2-ApisGene-Bovin.1617/Run_A1P2-ApisGene-Bovin3_3.17317/RawData/40703_GGTGAACC-TCCAACGC-BHL7YYDSXY_L002_R1.fastq.gz,/home/mnaji/work/Project_A1P2-ApisGene-Bovin.1617/Run_A1P2-ApisGene-Bovin3_4.17326/RawData/40703_GGTGAACC-TCCAACGC-BHL7YYDSXY_L003_R1.fastq.gz	/home/mnaji/work/Project_A1P2-ApisGene-Bovin.1617/Run_A1P2-ApisGene-Bovin3_1.17315/RawData/40703_GGTGAACC-TCCAACGC-BHL7YYDSXY_L001_R2.fastq.gz,/home/mnaji/work/Project_A1P2-ApisGene-Bovin.1617/Run_A1P2-ApisGene-Bovin3_2.17316/RawData/40703_GGTGAACC-TCCAACGC-BHL7YYDSXY_L004_R2.fastq.gz,/home/mnaji/work/Project_A1P2-ApisGene-Bovin.1617/Run_A1P2-ApisGene-Bovin3_3.17317/RawData/40703_GGTGAACC-TCCAACGC-BHL7YYDSXY_L002_R2.fastq.gz,/home/mnaji/work/Project_A1P2-ApisGene-Bovin.1617/Run_A1P2-ApisGene-Bovin3_4.17326/RawData/40703_GGTGAACC-TCCAACGC-BHL7YYDSXY_L003_R2.fastq.gz	/work/project/CASCAD/mnaji/sm_folder/results/vcf_lr/HOLFRAM004242742577_pbsv.vcf.gz
HOLFRAM004460056593	CLR	40561	FR4460056593	M	66	/home/mnaji/work/Project_A1P2-ApisGene-Bovin.1617/Run_A1P2-ApisGene-Bovin2_1.17292/RawData/40561_AAGTCCAA-TACTCATA-BHL7YFDSXY_L001_R1.fastq.gz,/home/mnaji/work/Project_A1P2-ApisGene-Bovin.1617/Run_A1P2-ApisGene-Bovin2_2.17293/RawData/40561_AAGTCCAA-TACTCATA-BHL7YFDSXY_L003_R1.fastq.gz,/home/mnaji/work/Project_A1P2-ApisGene-Bovin.1617/Run_A1P2-ApisGene-Bovin2_3.17294/RawData/40561_AAGTCCAA-TACTCATA-BHL7YFDSXY_L002_R1.fastq.gz,/home/mnaji/work/Project_A1P2-ApisGene-Bovin.1617/Run_A1P2-ApisGene-Bovin2_4.17295/RawData/40561_AAGTCCAA-TACTCATA-BHL7YFDSXY_L004_R1.fastq.gz	/home/mnaji/work/Project_A1P2-ApisGene-Bovin.1617/Run_A1P2-ApisGene-Bovin2_1.17292/RawData/40561_AAGTCCAA-TACTCATA-BHL7YFDSXY_L001_R2.fastq.gz,/home/mnaji/work/Project_A1P2-ApisGene-Bovin.1617/Run_A1P2-ApisGene-Bovin2_2.17293/RawData/40561_AAGTCCAA-TACTCATA-BHL7YFDSXY_L003_R2.fastq.gz,/home/mnaji/work/Project_A1P2-ApisGene-Bovin.1617/Run_A1P2-ApisGene-Bovin2_3.17294/RawData/40561_AAGTCCAA-TACTCATA-BHL7YFDSXY_L002_R2.fastq.gz,/home/mnaji/work/Project_A1P2-ApisGene-Bovin.1617/Run_A1P2-ApisGene-Bovin2_4.17295/RawData/40561_AAGTCCAA-TACTCATA-BHL7YFDSXY_L004_R2.fastq.gz	/work/project/CASCAD/mnaji/sm_folder/results/vcf_lr/HOLFRAM004460056593_pbsv.vcf.gz
HOLFRAM004974973537	CLR	41012	FR4974973537	M	66	/home/mnaji/work/Project_A1P2-ApisGene-Bovin.1617/Run_A1P2-ApisGene-2-pool1_1.17882/RawData/41012_GCCACAGG-ATGGCATG-AHY3CFDSXY_L001_R1.fastq.gz,/home/mnaji/work/Project_A1P2-ApisGene-Bovin.1617/Run_A1P2-ApisGene-2-pool1_2.17885/RawData/41012_GCCACAGG-ATGGCATG-AHY3CFDSXY_L002_R1.fastq.gz,/home/mnaji/work/Project_A1P2-ApisGene-Bovin.1617/Run_A1P2-ApisGene-2-pool1_3.17886/RawData/41012_GCCACAGG-ATGGCATG-AHY3CFDSXY_L003_R1.fastq.gz,/home/mnaji/work/Project_A1P2-ApisGene-Bovin.1617/Run_A1P2-ApisGene-2-pool1_4.17887/RawData/41012_GCCACAGG-ATGGCATG-AHY3CFDSXY_L004_R1.fastq.gz,/home/mnaji/work/Project_A1P2-ApisGene-Bovin.1617/Run_A1P2-ApisGene-2-pool1_5.18067/RawData/41012_GCCACAGG-ATGGCATG-AHYGCWDSXY_L003_R1.fastq.gz,/home/mnaji/work/Project_A1P2-ApisGene-Bovin.1617/Run_A1P2-ApisGene-2-pool1_6.18080/RawData/41012_GCCACAGG-ATGGCATG-AHYGCWDSXY_L001_R1.fastq.gz,/home/mnaji/work/Project_A1P2-ApisGene-Bovin.1617/Run_A1P2-ApisGene-2-pool1_7.18081/RawData/41012_GCCACAGG-ATGGCATG-AHYGCWDSXY_L004_R1.fastq.gz,/home/mnaji/work/Project_A1P2-ApisGene-Bovin.1617/Run_A1P2-ApisGene-2-pool1-8.18082/RawData/41012_GCCACAGG-ATGGCATG-AHYGCWDSXY_L002_R1.fastq.gz	/home/mnaji/work/Project_A1P2-ApisGene-Bovin.1617/Run_A1P2-ApisGene-2-pool1_1.17882/RawData/41012_GCCACAGG-ATGGCATG-AHY3CFDSXY_L001_R2.fastq.gz,/home/mnaji/work/Project_A1P2-ApisGene-Bovin.1617/Run_A1P2-ApisGene-2-pool1_2.17885/RawData/41012_GCCACAGG-ATGGCATG-AHY3CFDSXY_L002_R2.fastq.gz,/home/mnaji/work/Project_A1P2-ApisGene-Bovin.1617/Run_A1P2-ApisGene-2-pool1_3.17886/RawData/41012_GCCACAGG-ATGGCATG-AHY3CFDSXY_L003_R2.fastq.gz,/home/mnaji/work/Project_A1P2-ApisGene-Bovin.1617/Run_A1P2-ApisGene-2-pool1_4.17887/RawData/41012_GCCACAGG-ATGGCATG-AHY3CFDSXY_L004_R2.fastq.gz,/home/mnaji/work/Project_A1P2-ApisGene-Bovin.1617/Run_A1P2-ApisGene-2-pool1_5.18067/RawData/41012_GCCACAGG-ATGGCATG-AHYGCWDSXY_L003_R2.fastq.gz,/home/mnaji/work/Project_A1P2-ApisGene-Bovin.1617/Run_A1P2-ApisGene-2-pool1_6.18080/RawData/41012_GCCACAGG-ATGGCATG-AHYGCWDSXY_L001_R2.fastq.gz,/home/mnaji/work/Project_A1P2-ApisGene-Bovin.1617/Run_A1P2-ApisGene-2-pool1_7.18081/RawData/41012_GCCACAGG-ATGGCATG-AHYGCWDSXY_L004_R2.fastq.gz,/home/mnaji/work/Project_A1P2-ApisGene-Bovin.1617/Run_A1P2-ApisGene-2-pool1-8.18082/RawData/41012_GCCACAGG-ATGGCATG-AHYGCWDSXY_L002_R2.fastq.gz	/work/project/CASCAD/mnaji/sm_folder/results/vcf_lr/HOLFRAM004974973537_pbsv.vcf.gz
HOLFRAM007241082273	CLR	40572	FR7241082273	M	66	/home/mnaji/work/Project_A1P2-ApisGene-Bovin.1617/Run_A1P2-ApisGene-Bovin2_1.17292/RawData/40572_GGCTTAAG-GGTCACGA-BHL7YFDSXY_L001_R1.fastq.gz,/home/mnaji/work/Project_A1P2-ApisGene-Bovin.1617/Run_A1P2-ApisGene-Bovin2_2.17293/RawData/40572_GGCTTAAG-GGTCACGA-BHL7YFDSXY_L003_R1.fastq.gz,/home/mnaji/work/Project_A1P2-ApisGene-Bovin.1617/Run_A1P2-ApisGene-Bovin2_3.17294/RawData/40572_GGCTTAAG-GGTCACGA-BHL7YFDSXY_L002_R1.fastq.gz,/home/mnaji/work/Project_A1P2-ApisGene-Bovin.1617/Run_A1P2-ApisGene-Bovin2_4.17295/RawData/40572_GGCTTAAG-GGTCACGA-BHL7YFDSXY_L004_R1.fastq.gz	/home/mnaji/work/Project_A1P2-ApisGene-Bovin.1617/Run_A1P2-ApisGene-Bovin2_1.17292/RawData/40572_GGCTTAAG-GGTCACGA-BHL7YFDSXY_L001_R2.fastq.gz,/home/mnaji/work/Project_A1P2-ApisGene-Bovin.1617/Run_A1P2-ApisGene-Bovin2_2.17293/RawData/40572_GGCTTAAG-GGTCACGA-BHL7YFDSXY_L003_R2.fastq.gz,/home/mnaji/work/Project_A1P2-ApisGene-Bovin.1617/Run_A1P2-ApisGene-Bovin2_3.17294/RawData/40572_GGCTTAAG-GGTCACGA-BHL7YFDSXY_L002_R2.fastq.gz,/home/mnaji/work/Project_A1P2-ApisGene-Bovin.1617/Run_A1P2-ApisGene-Bovin2_4.17295/RawData/40572_GGCTTAAG-GGTCACGA-BHL7YFDSXY_L004_R2.fastq.gz	/work/project/CASCAD/mnaji/sm_folder/results/vcf_lr/HOLFRAM007241082273_pbsv.vcf.gz
HOLFRAM008069306607	CLR	40713	FR8069306607	M	66	/home/mnaji/work/Project_A1P2-ApisGene-Bovin.1617/Run_A1P2-ApisGene-Bovin3_1.17315/RawData/40713_TAAGGTCA-CTACGACA-BHL7YYDSXY_L001_R1.fastq.gz,/home/mnaji/work/Project_A1P2-ApisGene-Bovin.1617/Run_A1P2-ApisGene-Bovin3_2.17316/RawData/40713_TAAGGTCA-CTACGACA-BHL7YYDSXY_L004_R1.fastq.gz,/home/mnaji/work/Project_A1P2-ApisGene-Bovin.1617/Run_A1P2-ApisGene-Bovin3_3.17317/RawData/40713_TAAGGTCA-CTACGACA-BHL7YYDSXY_L002_R1.fastq.gz,/home/mnaji/work/Project_A1P2-ApisGene-Bovin.1617/Run_A1P2-ApisGene-Bovin3_4.17326/RawData/40713_TAAGGTCA-CTACGACA-BHL7YYDSXY_L003_R1.fastq.gz	/home/mnaji/work/Project_A1P2-ApisGene-Bovin.1617/Run_A1P2-ApisGene-Bovin3_1.17315/RawData/40713_TAAGGTCA-CTACGACA-BHL7YYDSXY_L001_R2.fastq.gz,/home/mnaji/work/Project_A1P2-ApisGene-Bovin.1617/Run_A1P2-ApisGene-Bovin3_2.17316/RawData/40713_TAAGGTCA-CTACGACA-BHL7YYDSXY_L004_R2.fastq.gz,/home/mnaji/work/Project_A1P2-ApisGene-Bovin.1617/Run_A1P2-ApisGene-Bovin3_3.17317/RawData/40713_TAAGGTCA-CTACGACA-BHL7YYDSXY_L002_R2.fastq.gz,/home/mnaji/work/Project_A1P2-ApisGene-Bovin.1617/Run_A1P2-ApisGene-Bovin3_4.17326/RawData/40713_TAAGGTCA-CTACGACA-BHL7YYDSXY_L003_R2.fastq.gz	/work/project/CASCAD/mnaji/sm_folder/results/vcf_lr/HOLFRAM008069306607_pbsv.vcf.gz
HOLFRAM008501201645	CLR	40714	FR8501201645	M	66	/home/mnaji/work/Project_A1P2-ApisGene-Bovin.1617/Run_A1P2-ApisGene-Bovin3_1.17315/RawData/40714_TTGCCTAG-TAAGTGGT-BHL7YYDSXY_L001_R1.fastq.gz,/home/mnaji/work/Project_A1P2-ApisGene-Bovin.1617/Run_A1P2-ApisGene-Bovin3_2.17316/RawData/40714_TTGCCTAG-TAAGTGGT-BHL7YYDSXY_L004_R1.fastq.gz,/home/mnaji/work/Project_A1P2-ApisGene-Bovin.1617/Run_A1P2-ApisGene-Bovin3_3.17317/RawData/40714_TTGCCTAG-TAAGTGGT-BHL7YYDSXY_L002_R1.fastq.gz,/home/mnaji/work/Project_A1P2-ApisGene-Bovin.1617/Run_A1P2-ApisGene-Bovin3_4.17326/RawData/40714_TTGCCTAG-TAAGTGGT-BHL7YYDSXY_L003_R1.fastq.gz	/home/mnaji/work/Project_A1P2-ApisGene-Bovin.1617/Run_A1P2-ApisGene-Bovin3_1.17315/RawData/40714_TTGCCTAG-TAAGTGGT-BHL7YYDSXY_L001_R2.fastq.gz,/home/mnaji/work/Project_A1P2-ApisGene-Bovin.1617/Run_A1P2-ApisGene-Bovin3_2.17316/RawData/40714_TTGCCTAG-TAAGTGGT-BHL7YYDSXY_L004_R2.fastq.gz,/home/mnaji/work/Project_A1P2-ApisGene-Bovin.1617/Run_A1P2-ApisGene-Bovin3_3.17317/RawData/40714_TTGCCTAG-TAAGTGGT-BHL7YYDSXY_L002_R2.fastq.gz,/home/mnaji/work/Project_A1P2-ApisGene-Bovin.1617/Run_A1P2-ApisGene-Bovin3_4.17326/RawData/40714_TTGCCTAG-TAAGTGGT-BHL7YYDSXY_L003_R2.fastq.gz	/work/project/CASCAD/mnaji/sm_folder/results/vcf_lr/HOLFRAM008501201645_pbsv.vcf.gz
HOLFRAM008550173894	CLR	40716	FR8550173894	M	66	/home/mnaji/work/Project_A1P2-ApisGene-Bovin.1617/Run_A1P2-ApisGene-Bovin3_1.17315/RawData/40716_ACACTAAG-ATATGGAT-BHL7YYDSXY_L001_R1.fastq.gz,/home/mnaji/work/Project_A1P2-ApisGene-Bovin.1617/Run_A1P2-ApisGene-Bovin3_2.17316/RawData/40716_ACACTAAG-ATATGGAT-BHL7YYDSXY_L004_R1.fastq.gz,/home/mnaji/work/Project_A1P2-ApisGene-Bovin.1617/Run_A1P2-ApisGene-Bovin3_3.17317/RawData/40716_ACACTAAG-ATATGGAT-BHL7YYDSXY_L002_R1.fastq.gz,/home/mnaji/work/Project_A1P2-ApisGene-Bovin.1617/Run_A1P2-ApisGene-Bovin3_4.17326/RawData/40716_ACACTAAG-ATATGGAT-BHL7YYDSXY_L003_R1.fastq.gz	/home/mnaji/work/Project_A1P2-ApisGene-Bovin.1617/Run_A1P2-ApisGene-Bovin3_1.17315/RawData/40716_ACACTAAG-ATATGGAT-BHL7YYDSXY_L001_R2.fastq.gz,/home/mnaji/work/Project_A1P2-ApisGene-Bovin.1617/Run_A1P2-ApisGene-Bovin3_2.17316/RawData/40716_ACACTAAG-ATATGGAT-BHL7YYDSXY_L004_R2.fastq.gz,/home/mnaji/work/Project_A1P2-ApisGene-Bovin.1617/Run_A1P2-ApisGene-Bovin3_3.17317/RawData/40716_ACACTAAG-ATATGGAT-BHL7YYDSXY_L002_R2.fastq.gz,/home/mnaji/work/Project_A1P2-ApisGene-Bovin.1617/Run_A1P2-ApisGene-Bovin3_4.17326/RawData/40716_ACACTAAG-ATATGGAT-BHL7YYDSXY_L003_R2.fastq.gz	/work/project/CASCAD/mnaji/sm_folder/results/vcf_lr/HOLFRAM008550173894_pbsv.vcf.gz
HOLFRAM008554547376	CLR	40717	FR8554547376	M	66	/home/mnaji/work/Project_A1P2-ApisGene-Bovin.1617/Run_A1P2-ApisGene-Bovin3_1.17315/RawData/40717_GTGTCGGA-GCGCAAGC-BHL7YYDSXY_L001_R1.fastq.gz,/home/mnaji/work/Project_A1P2-ApisGene-Bovin.1617/Run_A1P2-ApisGene-Bovin3_2.17316/RawData/40717_GTGTCGGA-GCGCAAGC-BHL7YYDSXY_L004_R1.fastq.gz,/home/mnaji/work/Project_A1P2-ApisGene-Bovin.1617/Run_A1P2-ApisGene-Bovin3_3.17317/RawData/40717_GTGTCGGA-GCGCAAGC-BHL7YYDSXY_L002_R1.fastq.gz,/home/mnaji/work/Project_A1P2-ApisGene-Bovin.1617/Run_A1P2-ApisGene-Bovin3_4.17326/RawData/40717_GTGTCGGA-GCGCAAGC-BHL7YYDSXY_L003_R1.fastq.gz	/home/mnaji/work/Project_A1P2-ApisGene-Bovin.1617/Run_A1P2-ApisGene-Bovin3_1.17315/RawData/40717_GTGTCGGA-GCGCAAGC-BHL7YYDSXY_L001_R2.fastq.gz,/home/mnaji/work/Project_A1P2-ApisGene-Bovin.1617/Run_A1P2-ApisGene-Bovin3_2.17316/RawData/40717_GTGTCGGA-GCGCAAGC-BHL7YYDSXY_L004_R2.fastq.gz,/home/mnaji/work/Project_A1P2-ApisGene-Bovin.1617/Run_A1P2-ApisGene-Bovin3_3.17317/RawData/40717_GTGTCGGA-GCGCAAGC-BHL7YYDSXY_L002_R2.fastq.gz,/home/mnaji/work/Project_A1P2-ApisGene-Bovin.1617/Run_A1P2-ApisGene-Bovin3_4.17326/RawData/40717_GTGTCGGA-GCGCAAGC-BHL7YYDSXY_L003_R2.fastq.gz	/work/project/CASCAD/mnaji/sm_folder/results/vcf_lr/HOLFRAM008554547376_pbsv.vcf.gz
LIMFRAM001588043155	CLR	41239	FR1588043155	M	34	/home/mnaji/work/Project_A1P2-ApisGene-Bovin.1617/Run_ApisGene-Bovin-B2P4_1.18453/RawData/41239_TGCGGCGT-TACCGAGG-BHGLJGDSX2_L002_R1.fastq.gz,/home/mnaji/work/Project_A1P2-ApisGene-Bovin.1617/Run_ApisGene-Bovin-B2P4_2.18543/RawData/41239_TGCGGCGT-TACCGAGG-BHGLJGDSX2_L001_R1.fastq.gz,/home/mnaji/work/Project_A1P2-ApisGene-Bovin.1617/Run_ApisGene-Bovin-B2P4_3.18544/RawData/41239_TGCGGCGT-TACCGAGG-BHGLJGDSX2_L003_R1.fastq.gz,/home/mnaji/work/Project_A1P2-ApisGene-Bovin.1617/Run_ApisGene-Bovin-B2P4_4.18545/RawData/41239_TGCGGCGT-TACCGAGG-BHGLJGDSX2_L004_R1.fastq.gz	/home/mnaji/work/Project_A1P2-ApisGene-Bovin.1617/Run_ApisGene-Bovin-B2P4_1.18453/RawData/41239_TGCGGCGT-TACCGAGG-BHGLJGDSX2_L002_R2.fastq.gz,/home/mnaji/work/Project_A1P2-ApisGene-Bovin.1617/Run_ApisGene-Bovin-B2P4_2.18543/RawData/41239_TGCGGCGT-TACCGAGG-BHGLJGDSX2_L001_R2.fastq.gz,/home/mnaji/work/Project_A1P2-ApisGene-Bovin.1617/Run_ApisGene-Bovin-B2P4_3.18544/RawData/41239_TGCGGCGT-TACCGAGG-BHGLJGDSX2_L003_R2.fastq.gz,/home/mnaji/work/Project_A1P2-ApisGene-Bovin.1617/Run_ApisGene-Bovin-B2P4_4.18545/RawData/41239_TGCGGCGT-TACCGAGG-BHGLJGDSX2_L004_R2.fastq.gz	/work/project/CASCAD/mnaji/sm_folder/results/vcf_lr/LIMFRAM001588043155_pbsv.vcf.gz
LIMFRAM001979000443	CLR	41290	FR1979000443	M	34	/home/mnaji/work/Project_A1P2-ApisGene-Bovin.1617/Run_Apis-Gene-Bovin-B2-P5_1.18570/RawData/41290_GCAATGCA-AACGTTCC-AHJJFJDSX2_L002_R1.fastq.gz,/home/mnaji/work/Project_A1P2-ApisGene-Bovin.1617/Run_Apis-Gene-Bovin-B2-P5_2.18571/RawData/41290_GCAATGCA-AACGTTCC-AHJJFJDSX2_L004_R1.fastq.gz,/home/mnaji/work/Project_A1P2-ApisGene-Bovin.1617/Run_Apis-Gene-Bovin-B2-P5_3.18572/RawData/41290_GCAATGCA-AACGTTCC-AHJJFJDSX2_L001_R1.fastq.gz,/home/mnaji/work/Project_A1P2-ApisGene-Bovin.1617/Run_Apis-Gene-Bovin-B2-P5_4.18573/RawData/41290_GCAATGCA-AACGTTCC-AHJJFJDSX2_L003_R1.fastq.gz	/home/mnaji/work/Project_A1P2-ApisGene-Bovin.1617/Run_Apis-Gene-Bovin-B2-P5_1.18570/RawData/41290_GCAATGCA-AACGTTCC-AHJJFJDSX2_L002_R2.fastq.gz,/home/mnaji/work/Project_A1P2-ApisGene-Bovin.1617/Run_Apis-Gene-Bovin-B2-P5_2.18571/RawData/41290_GCAATGCA-AACGTTCC-AHJJFJDSX2_L004_R2.fastq.gz,/home/mnaji/work/Project_A1P2-ApisGene-Bovin.1617/Run_Apis-Gene-Bovin-B2-P5_3.18572/RawData/41290_GCAATGCA-AACGTTCC-AHJJFJDSX2_L001_R2.fastq.gz,/home/mnaji/work/Project_A1P2-ApisGene-Bovin.1617/Run_Apis-Gene-Bovin-B2-P5_4.18573/RawData/41290_GCAATGCA-AACGTTCC-AHJJFJDSX2_L003_R2.fastq.gz	/work/project/CASCAD/mnaji/sm_folder/results/vcf_lr/LIMFRAM001979000443_pbsv.vcf.gz
LIMFRAM001988004715	CLR	41237	FR1988004715	M	34	/home/mnaji/work/Project_A1P2-ApisGene-Bovin.1617/Run_ApisGene-Bovin-B2P4_1.18453/RawData/41237_TTGCCTAG-TAAGTGGT-BHGLJGDSX2_L002_R1.fastq.gz,/home/mnaji/work/Project_A1P2-ApisGene-Bovin.1617/Run_ApisGene-Bovin-B2P4_2.18543/RawData/41237_TTGCCTAG-TAAGTGGT-BHGLJGDSX2_L001_R1.fastq.gz,/home/mnaji/work/Project_A1P2-ApisGene-Bovin.1617/Run_ApisGene-Bovin-B2P4_3.18544/RawData/41237_TTGCCTAG-TAAGTGGT-BHGLJGDSX2_L003_R1.fastq.gz,/home/mnaji/work/Project_A1P2-ApisGene-Bovin.1617/Run_ApisGene-Bovin-B2P4_4.18545/RawData/41237_TTGCCTAG-TAAGTGGT-BHGLJGDSX2_L004_R1.fastq.gz	/home/mnaji/work/Project_A1P2-ApisGene-Bovin.1617/Run_ApisGene-Bovin-B2P4_1.18453/RawData/41237_TTGCCTAG-TAAGTGGT-BHGLJGDSX2_L002_R2.fastq.gz,/home/mnaji/work/Project_A1P2-ApisGene-Bovin.1617/Run_ApisGene-Bovin-B2P4_2.18543/RawData/41237_TTGCCTAG-TAAGTGGT-BHGLJGDSX2_L001_R2.fastq.gz,/home/mnaji/work/Project_A1P2-ApisGene-Bovin.1617/Run_ApisGene-Bovin-B2P4_3.18544/RawData/41237_TTGCCTAG-TAAGTGGT-BHGLJGDSX2_L003_R2.fastq.gz,/home/mnaji/work/Project_A1P2-ApisGene-Bovin.1617/Run_ApisGene-Bovin-B2P4_4.18545/RawData/41237_TTGCCTAG-TAAGTGGT-BHGLJGDSX2_L004_R2.fastq.gz	/work/project/CASCAD/mnaji/sm_folder/results/vcf_lr/LIMFRAM001988004715_pbsv.vcf.gz
LIMFRAM002257773618	CLR	41227	FR2257773618	M	34	/home/mnaji/work/Project_A1P2-ApisGene-Bovin.1617/Run_ApisGene-Bovin-B2P4_1.18453/RawData/41227_ATGGCATG-GGTACCTT-BHGLJGDSX2_L002_R1.fastq.gz,/home/mnaji/work/Project_A1P2-ApisGene-Bovin.1617/Run_ApisGene-Bovin-B2P4_2.18543/RawData/41227_ATGGCATG-GGTACCTT-BHGLJGDSX2_L001_R1.fastq.gz,/home/mnaji/work/Project_A1P2-ApisGene-Bovin.1617/Run_ApisGene-Bovin-B2P4_3.18544/RawData/41227_ATGGCATG-GGTACCTT-BHGLJGDSX2_L003_R1.fastq.gz,/home/mnaji/work/Project_A1P2-ApisGene-Bovin.1617/Run_ApisGene-Bovin-B2P4_4.18545/RawData/41227_ATGGCATG-GGTACCTT-BHGLJGDSX2_L004_R1.fastq.gz	/home/mnaji/work/Project_A1P2-ApisGene-Bovin.1617/Run_ApisGene-Bovin-B2P4_1.18453/RawData/41227_ATGGCATG-GGTACCTT-BHGLJGDSX2_L002_R2.fastq.gz,/home/mnaji/work/Project_A1P2-ApisGene-Bovin.1617/Run_ApisGene-Bovin-B2P4_2.18543/RawData/41227_ATGGCATG-GGTACCTT-BHGLJGDSX2_L001_R2.fastq.gz,/home/mnaji/work/Project_A1P2-ApisGene-Bovin.1617/Run_ApisGene-Bovin-B2P4_3.18544/RawData/41227_ATGGCATG-GGTACCTT-BHGLJGDSX2_L003_R2.fastq.gz,/home/mnaji/work/Project_A1P2-ApisGene-Bovin.1617/Run_ApisGene-Bovin-B2P4_4.18545/RawData/41227_ATGGCATG-GGTACCTT-BHGLJGDSX2_L004_R2.fastq.gz	/work/project/CASCAD/mnaji/sm_folder/results/vcf_lr/LIMFRAM002257773618_pbsv.vcf.gz
LIMFRAM002424507604	CLR	41232	FR2424507604	M	34	/home/mnaji/work/Project_A1P2-ApisGene-Bovin.1617/Run_ApisGene-Bovin-B2P4_1.18453/RawData/41232_GCGCTCTA-GTCGGAGC-BHGLJGDSX2_L002_R1.fastq.gz,/home/mnaji/work/Project_A1P2-ApisGene-Bovin.1617/Run_ApisGene-Bovin-B2P4_2.18543/RawData/41232_GCGCTCTA-GTCGGAGC-BHGLJGDSX2_L001_R1.fastq.gz,/home/mnaji/work/Project_A1P2-ApisGene-Bovin.1617/Run_ApisGene-Bovin-B2P4_3.18544/RawData/41232_GCGCTCTA-GTCGGAGC-BHGLJGDSX2_L003_R1.fastq.gz,/home/mnaji/work/Project_A1P2-ApisGene-Bovin.1617/Run_ApisGene-Bovin-B2P4_4.18545/RawData/41232_GCGCTCTA-GTCGGAGC-BHGLJGDSX2_L004_R1.fastq.gz	/home/mnaji/work/Project_A1P2-ApisGene-Bovin.1617/Run_ApisGene-Bovin-B2P4_1.18453/RawData/41232_GCGCTCTA-GTCGGAGC-BHGLJGDSX2_L002_R2.fastq.gz,/home/mnaji/work/Project_A1P2-ApisGene-Bovin.1617/Run_ApisGene-Bovin-B2P4_2.18543/RawData/41232_GCGCTCTA-GTCGGAGC-BHGLJGDSX2_L001_R2.fastq.gz,/home/mnaji/work/Project_A1P2-ApisGene-Bovin.1617/Run_ApisGene-Bovin-B2P4_3.18544/RawData/41232_GCGCTCTA-GTCGGAGC-BHGLJGDSX2_L003_R2.fastq.gz,/home/mnaji/work/Project_A1P2-ApisGene-Bovin.1617/Run_ApisGene-Bovin-B2P4_4.18545/RawData/41232_GCGCTCTA-GTCGGAGC-BHGLJGDSX2_L004_R2.fastq.gz	/work/project/CASCAD/mnaji/sm_folder/results/vcf_lr/LIMFRAM002424507604_pbsv.vcf.gz
LIMFRAM003586038908	CLR	41226	FR3586038908	M	34	/home/mnaji/work/Project_A1P2-ApisGene-Bovin.1617/Run_ApisGene-Bovin-B2P4_1.18453/RawData/41226_GGAGCGTC-GCACGGAC-BHGLJGDSX2_L002_R1.fastq.gz,/home/mnaji/work/Project_A1P2-ApisGene-Bovin.1617/Run_ApisGene-Bovin-B2P4_2.18543/RawData/41226_GGAGCGTC-GCACGGAC-BHGLJGDSX2_L001_R1.fastq.gz,/home/mnaji/work/Project_A1P2-ApisGene-Bovin.1617/Run_ApisGene-Bovin-B2P4_3.18544/RawData/41226_GGAGCGTC-GCACGGAC-BHGLJGDSX2_L003_R1.fastq.gz,/home/mnaji/work/Project_A1P2-ApisGene-Bovin.1617/Run_ApisGene-Bovin-B2P4_4.18545/RawData/41226_GGAGCGTC-GCACGGAC-BHGLJGDSX2_L004_R1.fastq.gz	/home/mnaji/work/Project_A1P2-ApisGene-Bovin.1617/Run_ApisGene-Bovin-B2P4_1.18453/RawData/41226_GGAGCGTC-GCACGGAC-BHGLJGDSX2_L002_R2.fastq.gz,/home/mnaji/work/Project_A1P2-ApisGene-Bovin.1617/Run_ApisGene-Bovin-B2P4_2.18543/RawData/41226_GGAGCGTC-GCACGGAC-BHGLJGDSX2_L001_R2.fastq.gz,/home/mnaji/work/Project_A1P2-ApisGene-Bovin.1617/Run_ApisGene-Bovin-B2P4_3.18544/RawData/41226_GGAGCGTC-GCACGGAC-BHGLJGDSX2_L003_R2.fastq.gz,/home/mnaji/work/Project_A1P2-ApisGene-Bovin.1617/Run_ApisGene-Bovin-B2P4_4.18545/RawData/41226_GGAGCGTC-GCACGGAC-BHGLJGDSX2_L004_R2.fastq.gz	/work/project/CASCAD/mnaji/sm_folder/results/vcf_lr/LIMFRAM003586038908_pbsv.vcf.gz
LIMFRAM008708628B01	CLR	41230	FR8708628B01	M	34	/home/mnaji/work/Project_A1P2-ApisGene-Bovin.1617/Run_ApisGene-Bovin-B2P4_1.18453/RawData/41230_ACCTTGGC-ATGAGGCC-BHGLJGDSX2_L002_R1.fastq.gz,/home/mnaji/work/Project_A1P2-ApisGene-Bovin.1617/Run_ApisGene-Bovin-B2P4_2.18543/RawData/41230_ACCTTGGC-ATGAGGCC-BHGLJGDSX2_L001_R1.fastq.gz,/home/mnaji/work/Project_A1P2-ApisGene-Bovin.1617/Run_ApisGene-Bovin-B2P4_3.18544/RawData/41230_ACCTTGGC-ATGAGGCC-BHGLJGDSX2_L003_R1.fastq.gz,/home/mnaji/work/Project_A1P2-ApisGene-Bovin.1617/Run_ApisGene-Bovin-B2P4_4.18545/RawData/41230_ACCTTGGC-ATGAGGCC-BHGLJGDSX2_L004_R1.fastq.gz	/home/mnaji/work/Project_A1P2-ApisGene-Bovin.1617/Run_ApisGene-Bovin-B2P4_1.18453/RawData/41230_ACCTTGGC-ATGAGGCC-BHGLJGDSX2_L002_R2.fastq.gz,/home/mnaji/work/Project_A1P2-ApisGene-Bovin.1617/Run_ApisGene-Bovin-B2P4_2.18543/RawData/41230_ACCTTGGC-ATGAGGCC-BHGLJGDSX2_L001_R2.fastq.gz,/home/mnaji/work/Project_A1P2-ApisGene-Bovin.1617/Run_ApisGene-Bovin-B2P4_3.18544/RawData/41230_ACCTTGGC-ATGAGGCC-BHGLJGDSX2_L003_R2.fastq.gz,/home/mnaji/work/Project_A1P2-ApisGene-Bovin.1617/Run_ApisGene-Bovin-B2P4_4.18545/RawData/41230_ACCTTGGC-ATGAGGCC-BHGLJGDSX2_L004_R2.fastq.gz	/work/project/CASCAD/mnaji/sm_folder/results/vcf_lr/LIMFRAM008708628B01_pbsv.vcf.gz
LIMFRAM008769003199	CLR	41247	FR8769003199	M	34	/home/mnaji/work/Project_A1P2-ApisGene-Bovin.1617/Run_Apis-Gene-Bovin-B2-P5_1.18570/RawData/41247_GGACTTGG-CGTCTGCG-AHJJFJDSX2_L002_R1.fastq.gz,/home/mnaji/work/Project_A1P2-ApisGene-Bovin.1617/Run_Apis-Gene-Bovin-B2-P5_2.18571/RawData/41247_GGACTTGG-CGTCTGCG-AHJJFJDSX2_L004_R1.fastq.gz,/home/mnaji/work/Project_A1P2-ApisGene-Bovin.1617/Run_Apis-Gene-Bovin-B2-P5_3.18572/RawData/41247_GGACTTGG-CGTCTGCG-AHJJFJDSX2_L001_R1.fastq.gz,/home/mnaji/work/Project_A1P2-ApisGene-Bovin.1617/Run_Apis-Gene-Bovin-B2-P5_4.18573/RawData/41247_GGACTTGG-CGTCTGCG-AHJJFJDSX2_L003_R1.fastq.gz	/home/mnaji/work/Project_A1P2-ApisGene-Bovin.1617/Run_Apis-Gene-Bovin-B2-P5_1.18570/RawData/41247_GGACTTGG-CGTCTGCG-AHJJFJDSX2_L002_R2.fastq.gz,/home/mnaji/work/Project_A1P2-ApisGene-Bovin.1617/Run_Apis-Gene-Bovin-B2-P5_2.18571/RawData/41247_GGACTTGG-CGTCTGCG-AHJJFJDSX2_L004_R2.fastq.gz,/home/mnaji/work/Project_A1P2-ApisGene-Bovin.1617/Run_Apis-Gene-Bovin-B2-P5_3.18572/RawData/41247_GGACTTGG-CGTCTGCG-AHJJFJDSX2_L001_R2.fastq.gz,/home/mnaji/work/Project_A1P2-ApisGene-Bovin.1617/Run_Apis-Gene-Bovin-B2-P5_4.18573/RawData/41247_GGACTTGG-CGTCTGCG-AHJJFJDSX2_L003_R2.fastq.gz	/work/project/CASCAD/mnaji/sm_folder/results/vcf_lr/LIMFRAM008769003199_pbsv.vcf.gz
LIMFRAM008785003454	CLR	41220	FR8785003454	M	34	/home/mnaji/work/Project_A1P2-ApisGene-Bovin.1617/Run_ApisGene-Bovin-B2P4_1.18453/RawData/41220_CTACGACA-TTGGACTC-BHGLJGDSX2_L002_R1.fastq.gz,/home/mnaji/work/Project_A1P2-ApisGene-Bovin.1617/Run_ApisGene-Bovin-B2P4_2.18543/RawData/41220_CTACGACA-TTGGACTC-BHGLJGDSX2_L001_R1.fastq.gz,/home/mnaji/work/Project_A1P2-ApisGene-Bovin.1617/Run_ApisGene-Bovin-B2P4_3.18544/RawData/41220_CTACGACA-TTGGACTC-BHGLJGDSX2_L003_R1.fastq.gz,/home/mnaji/work/Project_A1P2-ApisGene-Bovin.1617/Run_ApisGene-Bovin-B2P4_4.18545/RawData/41220_CTACGACA-TTGGACTC-BHGLJGDSX2_L004_R1.fastq.gz	/home/mnaji/work/Project_A1P2-ApisGene-Bovin.1617/Run_ApisGene-Bovin-B2P4_1.18453/RawData/41220_CTACGACA-TTGGACTC-BHGLJGDSX2_L002_R2.fastq.gz,/home/mnaji/work/Project_A1P2-ApisGene-Bovin.1617/Run_ApisGene-Bovin-B2P4_2.18543/RawData/41220_CTACGACA-TTGGACTC-BHGLJGDSX2_L001_R2.fastq.gz,/home/mnaji/work/Project_A1P2-ApisGene-Bovin.1617/Run_ApisGene-Bovin-B2P4_3.18544/RawData/41220_CTACGACA-TTGGACTC-BHGLJGDSX2_L003_R2.fastq.gz,/home/mnaji/work/Project_A1P2-ApisGene-Bovin.1617/Run_ApisGene-Bovin-B2P4_4.18545/RawData/41220_CTACGACA-TTGGACTC-BHGLJGDSX2_L004_R2.fastq.gz	/work/project/CASCAD/mnaji/sm_folder/results/vcf_lr/LIMFRAM008785003454_pbsv.vcf.gz
LIMFRAM008791002491	CLR	41255	FR8791002491	M	34	/home/mnaji/work/Project_A1P2-ApisGene-Bovin.1617/Run_Apis-Gene-Bovin-B2-P5_1.18570/RawData/41255_TCTCTACT-GAACCGCG-AHJJFJDSX2_L002_R1.fastq.gz,/home/mnaji/work/Project_A1P2-ApisGene-Bovin.1617/Run_Apis-Gene-Bovin-B2-P5_2.18571/RawData/41255_TCTCTACT-GAACCGCG-AHJJFJDSX2_L004_R1.fastq.gz,/home/mnaji/work/Project_A1P2-ApisGene-Bovin.1617/Run_Apis-Gene-Bovin-B2-P5_3.18572/RawData/41255_TCTCTACT-GAACCGCG-AHJJFJDSX2_L001_R1.fastq.gz,/home/mnaji/work/Project_A1P2-ApisGene-Bovin.1617/Run_Apis-Gene-Bovin-B2-P5_4.18573/RawData/41255_TCTCTACT-GAACCGCG-AHJJFJDSX2_L003_R1.fastq.gz	/home/mnaji/work/Project_A1P2-ApisGene-Bovin.1617/Run_Apis-Gene-Bovin-B2-P5_1.18570/RawData/41255_TCTCTACT-GAACCGCG-AHJJFJDSX2_L002_R2.fastq.gz,/home/mnaji/work/Project_A1P2-ApisGene-Bovin.1617/Run_Apis-Gene-Bovin-B2-P5_2.18571/RawData/41255_TCTCTACT-GAACCGCG-AHJJFJDSX2_L004_R2.fastq.gz,/home/mnaji/work/Project_A1P2-ApisGene-Bovin.1617/Run_Apis-Gene-Bovin-B2-P5_3.18572/RawData/41255_TCTCTACT-GAACCGCG-AHJJFJDSX2_L001_R2.fastq.gz,/home/mnaji/work/Project_A1P2-ApisGene-Bovin.1617/Run_Apis-Gene-Bovin-B2-P5_4.18573/RawData/41255_TCTCTACT-GAACCGCG-AHJJFJDSX2_L003_R2.fastq.gz	/work/project/CASCAD/mnaji/sm_folder/results/vcf_lr/LIMFRAM008791002491_pbsv.vcf.gz
MONFRAM000118025911	CLR	40975	FR0118025911	M	46	/home/mnaji/work/Project_A1P2-ApisGene-Bovin.1617/Run_A1P2-ApisGene-2-pool1_1.17882/RawData/40975_AATGCCTC-TGGATCGA-AHY3CFDSXY_L001_R1.fastq.gz,/home/mnaji/work/Project_A1P2-ApisGene-Bovin.1617/Run_A1P2-ApisGene-2-pool1_2.17885/RawData/40975_AATGCCTC-TGGATCGA-AHY3CFDSXY_L002_R1.fastq.gz,/home/mnaji/work/Project_A1P2-ApisGene-Bovin.1617/Run_A1P2-ApisGene-2-pool1_3.17886/RawData/40975_AATGCCTC-TGGATCGA-AHY3CFDSXY_L003_R1.fastq.gz,/home/mnaji/work/Project_A1P2-ApisGene-Bovin.1617/Run_A1P2-ApisGene-2-pool1_4.17887/RawData/40975_AATGCCTC-TGGATCGA-AHY3CFDSXY_L004_R1.fastq.gz,/home/mnaji/work/Project_A1P2-ApisGene-Bovin.1617/Run_A1P2-ApisGene-2-pool1_5.18067/RawData/40975_AATGCCTC-TGGATCGA-AHYGCWDSXY_L003_R1.fastq.gz,/home/mnaji/work/Project_A1P2-ApisGene-Bovin.1617/Run_A1P2-ApisGene-2-pool1_6.18080/RawData/40975_AATGCCTC-TGGATCGA-AHYGCWDSXY_L001_R1.fastq.gz,/home/mnaji/work/Project_A1P2-ApisGene-Bovin.1617/Run_A1P2-ApisGene-2-pool1_7.18081/RawData/40975_AATGCCTC-TGGATCGA-AHYGCWDSXY_L004_R1.fastq.gz,/home/mnaji/work/Project_A1P2-ApisGene-Bovin.1617/Run_A1P2-ApisGene-2-pool1-8.18082/RawData/40975_AATGCCTC-TGGATCGA-AHYGCWDSXY_L002_R1.fastq.gz	/home/mnaji/work/Project_A1P2-ApisGene-Bovin.1617/Run_A1P2-ApisGene-2-pool1_1.17882/RawData/40975_AATGCCTC-TGGATCGA-AHY3CFDSXY_L001_R2.fastq.gz,/home/mnaji/work/Project_A1P2-ApisGene-Bovin.1617/Run_A1P2-ApisGene-2-pool1_2.17885/RawData/40975_AATGCCTC-TGGATCGA-AHY3CFDSXY_L002_R2.fastq.gz,/home/mnaji/work/Project_A1P2-ApisGene-Bovin.1617/Run_A1P2-ApisGene-2-pool1_3.17886/RawData/40975_AATGCCTC-TGGATCGA-AHY3CFDSXY_L003_R2.fastq.gz,/home/mnaji/work/Project_A1P2-ApisGene-Bovin.1617/Run_A1P2-ApisGene-2-pool1_4.17887/RawData/40975_AATGCCTC-TGGATCGA-AHY3CFDSXY_L004_R2.fastq.gz,/home/mnaji/work/Project_A1P2-ApisGene-Bovin.1617/Run_A1P2-ApisGene-2-pool1_5.18067/RawData/40975_AATGCCTC-TGGATCGA-AHYGCWDSXY_L003_R2.fastq.gz,/home/mnaji/work/Project_A1P2-ApisGene-Bovin.1617/Run_A1P2-ApisGene-2-pool1_6.18080/RawData/40975_AATGCCTC-TGGATCGA-AHYGCWDSXY_L001_R2.fastq.gz,/home/mnaji/work/Project_A1P2-ApisGene-Bovin.1617/Run_A1P2-ApisGene-2-pool1_7.18081/RawData/40975_AATGCCTC-TGGATCGA-AHYGCWDSXY_L004_R2.fastq.gz,/home/mnaji/work/Project_A1P2-ApisGene-Bovin.1617/Run_A1P2-ApisGene-2-pool1-8.18082/RawData/40975_AATGCCTC-TGGATCGA-AHYGCWDSXY_L002_R2.fastq.gz	/work/project/CASCAD/mnaji/sm_folder/results/vcf_lr/MONFRAM000118025911_pbsv.vcf.gz
MONFRAM001538302341	CLR	40602	FR1538302341	M	46	/home/mnaji/work/Project_A1P2-ApisGene-Bovin.1617/Run_A1P2-ApisGene-Bovin2_1.17292/RawData/40602_ATGGCATG-GGTACCTT-BHL7YFDSXY_L001_R1.fastq.gz,/home/mnaji/work/Project_A1P2-ApisGene-Bovin.1617/Run_A1P2-ApisGene-Bovin2_2.17293/RawData/40602_ATGGCATG-GGTACCTT-BHL7YFDSXY_L003_R1.fastq.gz,/home/mnaji/work/Project_A1P2-ApisGene-Bovin.1617/Run_A1P2-ApisGene-Bovin2_3.17294/RawData/40602_ATGGCATG-GGTACCTT-BHL7YFDSXY_L002_R1.fastq.gz,/home/mnaji/work/Project_A1P2-ApisGene-Bovin.1617/Run_A1P2-ApisGene-Bovin2_4.17295/RawData/40602_ATGGCATG-GGTACCTT-BHL7YFDSXY_L004_R1.fastq.gz	/home/mnaji/work/Project_A1P2-ApisGene-Bovin.1617/Run_A1P2-ApisGene-Bovin2_1.17292/RawData/40602_ATGGCATG-GGTACCTT-BHL7YFDSXY_L001_R2.fastq.gz,/home/mnaji/work/Project_A1P2-ApisGene-Bovin.1617/Run_A1P2-ApisGene-Bovin2_2.17293/RawData/40602_ATGGCATG-GGTACCTT-BHL7YFDSXY_L003_R2.fastq.gz,/home/mnaji/work/Project_A1P2-ApisGene-Bovin.1617/Run_A1P2-ApisGene-Bovin2_3.17294/RawData/40602_ATGGCATG-GGTACCTT-BHL7YFDSXY_L002_R2.fastq.gz,/home/mnaji/work/Project_A1P2-ApisGene-Bovin.1617/Run_A1P2-ApisGene-Bovin2_4.17295/RawData/40602_ATGGCATG-GGTACCTT-BHL7YFDSXY_L004_R2.fastq.gz	/work/project/CASCAD/mnaji/sm_folder/results/vcf_lr/MONFRAM001538302341_pbsv.vcf.gz
MONFRAM001539001459	CLR	40603	FR1539001459	M	46	/home/mnaji/work/Project_A1P2-ApisGene-Bovin.1617/Run_A1P2-ApisGene-Bovin2_1.17292/RawData/40603_GCAATGCA-AACGTTCC-BHL7YFDSXY_L001_R1.fastq.gz,/home/mnaji/work/Project_A1P2-ApisGene-Bovin.1617/Run_A1P2-ApisGene-Bovin2_2.17293/RawData/40603_GCAATGCA-AACGTTCC-BHL7YFDSXY_L003_R1.fastq.gz,/home/mnaji/work/Project_A1P2-ApisGene-Bovin.1617/Run_A1P2-ApisGene-Bovin2_3.17294/RawData/40603_GCAATGCA-AACGTTCC-BHL7YFDSXY_L002_R1.fastq.gz,/home/mnaji/work/Project_A1P2-ApisGene-Bovin.1617/Run_A1P2-ApisGene-Bovin2_4.17295/RawData/40603_GCAATGCA-AACGTTCC-BHL7YFDSXY_L004_R1.fastq.gz	/home/mnaji/work/Project_A1P2-ApisGene-Bovin.1617/Run_A1P2-ApisGene-Bovin2_1.17292/RawData/40603_GCAATGCA-AACGTTCC-BHL7YFDSXY_L001_R2.fastq.gz,/home/mnaji/work/Project_A1P2-ApisGene-Bovin.1617/Run_A1P2-ApisGene-Bovin2_2.17293/RawData/40603_GCAATGCA-AACGTTCC-BHL7YFDSXY_L003_R2.fastq.gz,/home/mnaji/work/Project_A1P2-ApisGene-Bovin.1617/Run_A1P2-ApisGene-Bovin2_3.17294/RawData/40603_GCAATGCA-AACGTTCC-BHL7YFDSXY_L002_R2.fastq.gz,/home/mnaji/work/Project_A1P2-ApisGene-Bovin.1617/Run_A1P2-ApisGene-Bovin2_4.17295/RawData/40603_GCAATGCA-AACGTTCC-BHL7YFDSXY_L004_R2.fastq.gz	/work/project/CASCAD/mnaji/sm_folder/results/vcf_lr/MONFRAM001539001459_pbsv.vcf.gz
MONFRAM001539107828	CLR	40604	FR1539107828	M	46	/home/mnaji/work/Project_A1P2-ApisGene-Bovin.1617/Run_A1P2-ApisGene-Bovin2_1.17292/RawData/40604_GTTCCAAT-GCAGAATT-BHL7YFDSXY_L001_R1.fastq.gz,/home/mnaji/work/Project_A1P2-ApisGene-Bovin.1617/Run_A1P2-ApisGene-Bovin2_2.17293/RawData/40604_GTTCCAAT-GCAGAATT-BHL7YFDSXY_L003_R1.fastq.gz,/home/mnaji/work/Project_A1P2-ApisGene-Bovin.1617/Run_A1P2-ApisGene-Bovin2_3.17294/RawData/40604_GTTCCAAT-GCAGAATT-BHL7YFDSXY_L002_R1.fastq.gz,/home/mnaji/work/Project_A1P2-ApisGene-Bovin.1617/Run_A1P2-ApisGene-Bovin2_4.17295/RawData/40604_GTTCCAAT-GCAGAATT-BHL7YFDSXY_L004_R1.fastq.gz	/home/mnaji/work/Project_A1P2-ApisGene-Bovin.1617/Run_A1P2-ApisGene-Bovin2_1.17292/RawData/40604_GTTCCAAT-GCAGAATT-BHL7YFDSXY_L001_R2.fastq.gz,/home/mnaji/work/Project_A1P2-ApisGene-Bovin.1617/Run_A1P2-ApisGene-Bovin2_2.17293/RawData/40604_GTTCCAAT-GCAGAATT-BHL7YFDSXY_L003_R2.fastq.gz,/home/mnaji/work/Project_A1P2-ApisGene-Bovin.1617/Run_A1P2-ApisGene-Bovin2_3.17294/RawData/40604_GTTCCAAT-GCAGAATT-BHL7YFDSXY_L002_R2.fastq.gz,/home/mnaji/work/Project_A1P2-ApisGene-Bovin.1617/Run_A1P2-ApisGene-Bovin2_4.17295/RawData/40604_GTTCCAAT-GCAGAATT-BHL7YFDSXY_L004_R2.fastq.gz	/work/project/CASCAD/mnaji/sm_folder/results/vcf_lr/MONFRAM001539107828_pbsv.vcf.gz
MONFRAM002143112789	CLR	40494	FR2143112789	M	46	/home/mnaji/work/Project_A1P2-ApisGene-Bovin.1617/Run_A1P2-ApisGene-Bovin1_1.17288/RawData/40494_GGACTTGG-CGTCTGCG-AHLFGHDSXY_L001_R1.fastq.gz,/home/mnaji/work/Project_A1P2-ApisGene-Bovin.1617/Run_A1P2-ApisGene-Bovin1_2.17289/RawData/40494_GGACTTGG-CGTCTGCG-AHLFGHDSXY_L004_R1.fastq.gz,/home/mnaji/work/Project_A1P2-ApisGene-Bovin.1617/Run_A1P2-ApisGene-Bovin1_3.17290/RawData/40494_GGACTTGG-CGTCTGCG-AHLFGHDSXY_L002_R1.fastq.gz,/home/mnaji/work/Project_A1P2-ApisGene-Bovin.1617/Run_A1P2-ApisGene-Bovin1_4.17291/RawData/40494_GGACTTGG-CGTCTGCG-AHLFGHDSXY_L003_R1.fastq.gz	/home/mnaji/work/Project_A1P2-ApisGene-Bovin.1617/Run_A1P2-ApisGene-Bovin1_1.17288/RawData/40494_GGACTTGG-CGTCTGCG-AHLFGHDSXY_L001_R2.fastq.gz,/home/mnaji/work/Project_A1P2-ApisGene-Bovin.1617/Run_A1P2-ApisGene-Bovin1_2.17289/RawData/40494_GGACTTGG-CGTCTGCG-AHLFGHDSXY_L004_R2.fastq.gz,/home/mnaji/work/Project_A1P2-ApisGene-Bovin.1617/Run_A1P2-ApisGene-Bovin1_3.17290/RawData/40494_GGACTTGG-CGTCTGCG-AHLFGHDSXY_L002_R2.fastq.gz,/home/mnaji/work/Project_A1P2-ApisGene-Bovin.1617/Run_A1P2-ApisGene-Bovin1_4.17291/RawData/40494_GGACTTGG-CGTCTGCG-AHLFGHDSXY_L003_R2.fastq.gz	/work/project/CASCAD/mnaji/sm_folder/results/vcf_lr/MONFRAM002143112789_pbsv.vcf.gz
MONFRAM002252043965	CLR	40495	FR2252043965	M	46	/home/mnaji/work/Project_A1P2-ApisGene-Bovin.1617/Run_A1P2-ApisGene-Bovin1_1.17288/RawData/40495_AAGTCCAA-TACTCATA-AHLFGHDSXY_L001_R1.fastq.gz,/home/mnaji/work/Project_A1P2-ApisGene-Bovin.1617/Run_A1P2-ApisGene-Bovin1_2.17289/RawData/40495_AAGTCCAA-TACTCATA-AHLFGHDSXY_L004_R1.fastq.gz,/home/mnaji/work/Project_A1P2-ApisGene-Bovin.1617/Run_A1P2-ApisGene-Bovin1_3.17290/RawData/40495_AAGTCCAA-TACTCATA-AHLFGHDSXY_L002_R1.fastq.gz,/home/mnaji/work/Project_A1P2-ApisGene-Bovin.1617/Run_A1P2-ApisGene-Bovin1_4.17291/RawData/40495_AAGTCCAA-TACTCATA-AHLFGHDSXY_L003_R1.fastq.gz	/home/mnaji/work/Project_A1P2-ApisGene-Bovin.1617/Run_A1P2-ApisGene-Bovin1_1.17288/RawData/40495_AAGTCCAA-TACTCATA-AHLFGHDSXY_L001_R2.fastq.gz,/home/mnaji/work/Project_A1P2-ApisGene-Bovin.1617/Run_A1P2-ApisGene-Bovin1_2.17289/RawData/40495_AAGTCCAA-TACTCATA-AHLFGHDSXY_L004_R2.fastq.gz,/home/mnaji/work/Project_A1P2-ApisGene-Bovin.1617/Run_A1P2-ApisGene-Bovin1_3.17290/RawData/40495_AAGTCCAA-TACTCATA-AHLFGHDSXY_L002_R2.fastq.gz,/home/mnaji/work/Project_A1P2-ApisGene-Bovin.1617/Run_A1P2-ApisGene-Bovin1_4.17291/RawData/40495_AAGTCCAA-TACTCATA-AHLFGHDSXY_L003_R2.fastq.gz	/work/project/CASCAD/mnaji/sm_folder/results/vcf_lr/MONFRAM002252043965_pbsv.vcf.gz
MONFRAM002520947891	CLR	40994	FR2520947891	M	46	/home/mnaji/work/Project_A1P2-ApisGene-Bovin.1617/Run_A1P2-ApisGene-2-pool1_1.17882/RawData/40994_AACAGGTT-CTTGGTAT-AHY3CFDSXY_L001_R1.fastq.gz,/home/mnaji/work/Project_A1P2-ApisGene-Bovin.1617/Run_A1P2-ApisGene-2-pool1_2.17885/RawData/40994_AACAGGTT-CTTGGTAT-AHY3CFDSXY_L002_R1.fastq.gz,/home/mnaji/work/Project_A1P2-ApisGene-Bovin.1617/Run_A1P2-ApisGene-2-pool1_3.17886/RawData/40994_AACAGGTT-CTTGGTAT-AHY3CFDSXY_L003_R1.fastq.gz,/home/mnaji/work/Project_A1P2-ApisGene-Bovin.1617/Run_A1P2-ApisGene-2-pool1_4.17887/RawData/40994_AACAGGTT-CTTGGTAT-AHY3CFDSXY_L004_R1.fastq.gz,/home/mnaji/work/Project_A1P2-ApisGene-Bovin.1617/Run_A1P2-ApisGene-2-pool1_5.18067/RawData/40994_AACAGGTT-CTTGGTAT-AHYGCWDSXY_L003_R1.fastq.gz,/home/mnaji/work/Project_A1P2-ApisGene-Bovin.1617/Run_A1P2-ApisGene-2-pool1_6.18080/RawData/40994_AACAGGTT-CTTGGTAT-AHYGCWDSXY_L001_R1.fastq.gz,/home/mnaji/work/Project_A1P2-ApisGene-Bovin.1617/Run_A1P2-ApisGene-2-pool1_7.18081/RawData/40994_AACAGGTT-CTTGGTAT-AHYGCWDSXY_L004_R1.fastq.gz,/home/mnaji/work/Project_A1P2-ApisGene-Bovin.1617/Run_A1P2-ApisGene-2-pool1-8.18082/RawData/40994_AACAGGTT-CTTGGTAT-AHYGCWDSXY_L002_R1.fastq.gz	/home/mnaji/work/Project_A1P2-ApisGene-Bovin.1617/Run_A1P2-ApisGene-2-pool1_1.17882/RawData/40994_AACAGGTT-CTTGGTAT-AHY3CFDSXY_L001_R2.fastq.gz,/home/mnaji/work/Project_A1P2-ApisGene-Bovin.1617/Run_A1P2-ApisGene-2-pool1_2.17885/RawData/40994_AACAGGTT-CTTGGTAT-AHY3CFDSXY_L002_R2.fastq.gz,/home/mnaji/work/Project_A1P2-ApisGene-Bovin.1617/Run_A1P2-ApisGene-2-pool1_3.17886/RawData/40994_AACAGGTT-CTTGGTAT-AHY3CFDSXY_L003_R2.fastq.gz,/home/mnaji/work/Project_A1P2-ApisGene-Bovin.1617/Run_A1P2-ApisGene-2-pool1_4.17887/RawData/40994_AACAGGTT-CTTGGTAT-AHY3CFDSXY_L004_R2.fastq.gz,/home/mnaji/work/Project_A1P2-ApisGene-Bovin.1617/Run_A1P2-ApisGene-2-pool1_5.18067/RawData/40994_AACAGGTT-CTTGGTAT-AHYGCWDSXY_L003_R2.fastq.gz,/home/mnaji/work/Project_A1P2-ApisGene-Bovin.1617/Run_A1P2-ApisGene-2-pool1_6.18080/RawData/40994_AACAGGTT-CTTGGTAT-AHYGCWDSXY_L001_R2.fastq.gz,/home/mnaji/work/Project_A1P2-ApisGene-Bovin.1617/Run_A1P2-ApisGene-2-pool1_7.18081/RawData/40994_AACAGGTT-CTTGGTAT-AHYGCWDSXY_L004_R2.fastq.gz,/home/mnaji/work/Project_A1P2-ApisGene-Bovin.1617/Run_A1P2-ApisGene-2-pool1-8.18082/RawData/40994_AACAGGTT-CTTGGTAT-AHYGCWDSXY_L002_R2.fastq.gz	/work/project/CASCAD/mnaji/sm_folder/results/vcf_lr/MONFRAM002520947891_pbsv.vcf.gz
MONFRAM002525973743	CLR	40606	FR2525973743	M	46	/home/mnaji/work/Project_A1P2-ApisGene-Bovin.1617/Run_A1P2-ApisGene-Bovin2_1.17292/RawData/40606_ATATCTCG-ACTAAGAT-BHL7YFDSXY_L001_R1.fastq.gz,/home/mnaji/work/Project_A1P2-ApisGene-Bovin.1617/Run_A1P2-ApisGene-Bovin2_2.17293/RawData/40606_ATATCTCG-ACTAAGAT-BHL7YFDSXY_L003_R1.fastq.gz,/home/mnaji/work/Project_A1P2-ApisGene-Bovin.1617/Run_A1P2-ApisGene-Bovin2_3.17294/RawData/40606_ATATCTCG-ACTAAGAT-BHL7YFDSXY_L002_R1.fastq.gz,/home/mnaji/work/Project_A1P2-ApisGene-Bovin.1617/Run_A1P2-ApisGene-Bovin2_4.17295/RawData/40606_ATATCTCG-ACTAAGAT-BHL7YFDSXY_L004_R1.fastq.gz	/home/mnaji/work/Project_A1P2-ApisGene-Bovin.1617/Run_A1P2-ApisGene-Bovin2_1.17292/RawData/40606_ATATCTCG-ACTAAGAT-BHL7YFDSXY_L001_R2.fastq.gz,/home/mnaji/work/Project_A1P2-ApisGene-Bovin.1617/Run_A1P2-ApisGene-Bovin2_2.17293/RawData/40606_ATATCTCG-ACTAAGAT-BHL7YFDSXY_L003_R2.fastq.gz,/home/mnaji/work/Project_A1P2-ApisGene-Bovin.1617/Run_A1P2-ApisGene-Bovin2_3.17294/RawData/40606_ATATCTCG-ACTAAGAT-BHL7YFDSXY_L002_R2.fastq.gz,/home/mnaji/work/Project_A1P2-ApisGene-Bovin.1617/Run_A1P2-ApisGene-Bovin2_4.17295/RawData/40606_ATATCTCG-ACTAAGAT-BHL7YFDSXY_L004_R2.fastq.gz	/work/project/CASCAD/mnaji/sm_folder/results/vcf_lr/MONFRAM002525973743_pbsv.vcf.gz
MONFRAM002529879925	CLR	40496	FR2529879925	M	46	/home/mnaji/work/Project_A1P2-ApisGene-Bovin.1617/Run_A1P2-ApisGene-Bovin1_1.17288/RawData/40496_ATCCACTG-ACGCACCT-AHLFGHDSXY_L001_R1.fastq.gz,/home/mnaji/work/Project_A1P2-ApisGene-Bovin.1617/Run_A1P2-ApisGene-Bovin1_2.17289/RawData/40496_ATCCACTG-ACGCACCT-AHLFGHDSXY_L004_R1.fastq.gz,/home/mnaji/work/Project_A1P2-ApisGene-Bovin.1617/Run_A1P2-ApisGene-Bovin1_3.17290/RawData/40496_ATCCACTG-ACGCACCT-AHLFGHDSXY_L002_R1.fastq.gz,/home/mnaji/work/Project_A1P2-ApisGene-Bovin.1617/Run_A1P2-ApisGene-Bovin1_4.17291/RawData/40496_ATCCACTG-ACGCACCT-AHLFGHDSXY_L003_R1.fastq.gz	/home/mnaji/work/Project_A1P2-ApisGene-Bovin.1617/Run_A1P2-ApisGene-Bovin1_1.17288/RawData/40496_ATCCACTG-ACGCACCT-AHLFGHDSXY_L001_R2.fastq.gz,/home/mnaji/work/Project_A1P2-ApisGene-Bovin.1617/Run_A1P2-ApisGene-Bovin1_2.17289/RawData/40496_ATCCACTG-ACGCACCT-AHLFGHDSXY_L004_R2.fastq.gz,/home/mnaji/work/Project_A1P2-ApisGene-Bovin.1617/Run_A1P2-ApisGene-Bovin1_3.17290/RawData/40496_ATCCACTG-ACGCACCT-AHLFGHDSXY_L002_R2.fastq.gz,/home/mnaji/work/Project_A1P2-ApisGene-Bovin.1617/Run_A1P2-ApisGene-Bovin1_4.17291/RawData/40496_ATCCACTG-ACGCACCT-AHLFGHDSXY_L003_R2.fastq.gz	/work/project/CASCAD/mnaji/sm_folder/results/vcf_lr/MONFRAM002529879925_pbsv.vcf.gz
MONFRAM002538152328	CLR	40995	FR2538152328	M	46	/home/mnaji/work/Project_A1P2-ApisGene-Bovin.1617/Run_A1P2-ApisGene-2-pool1_1.17882/RawData/40995_GGTGAACC-TCCAACGC-AHY3CFDSXY_L001_R1.fastq.gz,/home/mnaji/work/Project_A1P2-ApisGene-Bovin.1617/Run_A1P2-ApisGene-2-pool1_2.17885/RawData/40995_GGTGAACC-TCCAACGC-AHY3CFDSXY_L002_R1.fastq.gz,/home/mnaji/work/Project_A1P2-ApisGene-Bovin.1617/Run_A1P2-ApisGene-2-pool1_3.17886/RawData/40995_GGTGAACC-TCCAACGC-AHY3CFDSXY_L003_R1.fastq.gz,/home/mnaji/work/Project_A1P2-ApisGene-Bovin.1617/Run_A1P2-ApisGene-2-pool1_4.17887/RawData/40995_GGTGAACC-TCCAACGC-AHY3CFDSXY_L004_R1.fastq.gz,/home/mnaji/work/Project_A1P2-ApisGene-Bovin.1617/Run_A1P2-ApisGene-2-pool1_5.18067/RawData/40995_GGTGAACC-TCCAACGC-AHYGCWDSXY_L003_R1.fastq.gz,/home/mnaji/work/Project_A1P2-ApisGene-Bovin.1617/Run_A1P2-ApisGene-2-pool1_6.18080/RawData/40995_GGTGAACC-TCCAACGC-AHYGCWDSXY_L001_R1.fastq.gz,/home/mnaji/work/Project_A1P2-ApisGene-Bovin.1617/Run_A1P2-ApisGene-2-pool1_7.18081/RawData/40995_GGTGAACC-TCCAACGC-AHYGCWDSXY_L004_R1.fastq.gz,/home/mnaji/work/Project_A1P2-ApisGene-Bovin.1617/Run_A1P2-ApisGene-2-pool1-8.18082/RawData/40995_GGTGAACC-TCCAACGC-AHYGCWDSXY_L002_R1.fastq.gz	/home/mnaji/work/Project_A1P2-ApisGene-Bovin.1617/Run_A1P2-ApisGene-2-pool1_1.17882/RawData/40995_GGTGAACC-TCCAACGC-AHY3CFDSXY_L001_R2.fastq.gz,/home/mnaji/work/Project_A1P2-ApisGene-Bovin.1617/Run_A1P2-ApisGene-2-pool1_2.17885/RawData/40995_GGTGAACC-TCCAACGC-AHY3CFDSXY_L002_R2.fastq.gz,/home/mnaji/work/Project_A1P2-ApisGene-Bovin.1617/Run_A1P2-ApisGene-2-pool1_3.17886/RawData/40995_GGTGAACC-TCCAACGC-AHY3CFDSXY_L003_R2.fastq.gz,/home/mnaji/work/Project_A1P2-ApisGene-Bovin.1617/Run_A1P2-ApisGene-2-pool1_4.17887/RawData/40995_GGTGAACC-TCCAACGC-AHY3CFDSXY_L004_R2.fastq.gz,/home/mnaji/work/Project_A1P2-ApisGene-Bovin.1617/Run_A1P2-ApisGene-2-pool1_5.18067/RawData/40995_GGTGAACC-TCCAACGC-AHYGCWDSXY_L003_R2.fastq.gz,/home/mnaji/work/Project_A1P2-ApisGene-Bovin.1617/Run_A1P2-ApisGene-2-pool1_6.18080/RawData/40995_GGTGAACC-TCCAACGC-AHYGCWDSXY_L001_R2.fastq.gz,/home/mnaji/work/Project_A1P2-ApisGene-Bovin.1617/Run_A1P2-ApisGene-2-pool1_7.18081/RawData/40995_GGTGAACC-TCCAACGC-AHYGCWDSXY_L004_R2.fastq.gz,/home/mnaji/work/Project_A1P2-ApisGene-Bovin.1617/Run_A1P2-ApisGene-2-pool1-8.18082/RawData/40995_GGTGAACC-TCCAACGC-AHYGCWDSXY_L002_R2.fastq.gz	/work/project/CASCAD/mnaji/sm_folder/results/vcf_lr/MONFRAM002538152328_pbsv.vcf.gz
MONFRAM002541643919	CLR	40639	FR2541643919	M	46	/home/mnaji/work/Project_A1P2-ApisGene-Bovin.1617/Run_A1P2-ApisGene-Bovin3_1.17315/RawData/40639_AATCCGGA-AACTGTAG-BHL7YYDSXY_L001_R1.fastq.gz,/home/mnaji/work/Project_A1P2-ApisGene-Bovin.1617/Run_A1P2-ApisGene-Bovin3_2.17316/RawData/40639_AATCCGGA-AACTGTAG-BHL7YYDSXY_L004_R1.fastq.gz,/home/mnaji/work/Project_A1P2-ApisGene-Bovin.1617/Run_A1P2-ApisGene-Bovin3_3.17317/RawData/40639_AATCCGGA-AACTGTAG-BHL7YYDSXY_L002_R1.fastq.gz,/home/mnaji/work/Project_A1P2-ApisGene-Bovin.1617/Run_A1P2-ApisGene-Bovin3_4.17326/RawData/40639_AATCCGGA-AACTGTAG-BHL7YYDSXY_L003_R1.fastq.gz	/home/mnaji/work/Project_A1P2-ApisGene-Bovin.1617/Run_A1P2-ApisGene-Bovin3_1.17315/RawData/40639_AATCCGGA-AACTGTAG-BHL7YYDSXY_L001_R2.fastq.gz,/home/mnaji/work/Project_A1P2-ApisGene-Bovin.1617/Run_A1P2-ApisGene-Bovin3_2.17316/RawData/40639_AATCCGGA-AACTGTAG-BHL7YYDSXY_L004_R2.fastq.gz,/home/mnaji/work/Project_A1P2-ApisGene-Bovin.1617/Run_A1P2-ApisGene-Bovin3_3.17317/RawData/40639_AATCCGGA-AACTGTAG-BHL7YYDSXY_L002_R2.fastq.gz,/home/mnaji/work/Project_A1P2-ApisGene-Bovin.1617/Run_A1P2-ApisGene-Bovin3_4.17326/RawData/40639_AATCCGGA-AACTGTAG-BHL7YYDSXY_L003_R2.fastq.gz	/work/project/CASCAD/mnaji/sm_folder/results/vcf_lr/MONFRAM002541643919_pbsv.vcf.gz
MONFRAM003803417759	CLR	40613	FR3803417759	M	46	/home/mnaji/work/Project_A1P2-ApisGene-Bovin.1617/Run_A1P2-ApisGene-Bovin2_1.17292/RawData/40613_GAATGAGA-AATGCCTC-BHL7YFDSXY_L001_R1.fastq.gz,/home/mnaji/work/Project_A1P2-ApisGene-Bovin.1617/Run_A1P2-ApisGene-Bovin2_2.17293/RawData/40613_GAATGAGA-AATGCCTC-BHL7YFDSXY_L003_R1.fastq.gz,/home/mnaji/work/Project_A1P2-ApisGene-Bovin.1617/Run_A1P2-ApisGene-Bovin2_3.17294/RawData/40613_GAATGAGA-AATGCCTC-BHL7YFDSXY_L002_R1.fastq.gz,/home/mnaji/work/Project_A1P2-ApisGene-Bovin.1617/Run_A1P2-ApisGene-Bovin2_4.17295/RawData/40613_GAATGAGA-AATGCCTC-BHL7YFDSXY_L004_R1.fastq.gz	/home/mnaji/work/Project_A1P2-ApisGene-Bovin.1617/Run_A1P2-ApisGene-Bovin2_1.17292/RawData/40613_GAATGAGA-AATGCCTC-BHL7YFDSXY_L001_R2.fastq.gz,/home/mnaji/work/Project_A1P2-ApisGene-Bovin.1617/Run_A1P2-ApisGene-Bovin2_2.17293/RawData/40613_GAATGAGA-AATGCCTC-BHL7YFDSXY_L003_R2.fastq.gz,/home/mnaji/work/Project_A1P2-ApisGene-Bovin.1617/Run_A1P2-ApisGene-Bovin2_3.17294/RawData/40613_GAATGAGA-AATGCCTC-BHL7YFDSXY_L002_R2.fastq.gz,/home/mnaji/work/Project_A1P2-ApisGene-Bovin.1617/Run_A1P2-ApisGene-Bovin2_4.17295/RawData/40613_GAATGAGA-AATGCCTC-BHL7YFDSXY_L004_R2.fastq.gz	/work/project/CASCAD/mnaji/sm_folder/results/vcf_lr/MONFRAM003803417759_pbsv.vcf.gz
MONFRAM003912302640	CLR	40497	FR3912302640	M	46	/home/mnaji/work/Project_A1P2-ApisGene-Bovin.1617/Run_A1P2-ApisGene-Bovin1_1.17288/RawData/40497_GCTTGTCA-GTATGTTC-AHLFGHDSXY_L001_R1.fastq.gz,/home/mnaji/work/Project_A1P2-ApisGene-Bovin.1617/Run_A1P2-ApisGene-Bovin1_2.17289/RawData/40497_GCTTGTCA-GTATGTTC-AHLFGHDSXY_L004_R1.fastq.gz,/home/mnaji/work/Project_A1P2-ApisGene-Bovin.1617/Run_A1P2-ApisGene-Bovin1_3.17290/RawData/40497_GCTTGTCA-GTATGTTC-AHLFGHDSXY_L002_R1.fastq.gz,/home/mnaji/work/Project_A1P2-ApisGene-Bovin.1617/Run_A1P2-ApisGene-Bovin1_4.17291/RawData/40497_GCTTGTCA-GTATGTTC-AHLFGHDSXY_L003_R1.fastq.gz	/home/mnaji/work/Project_A1P2-ApisGene-Bovin.1617/Run_A1P2-ApisGene-Bovin1_1.17288/RawData/40497_GCTTGTCA-GTATGTTC-AHLFGHDSXY_L001_R2.fastq.gz,/home/mnaji/work/Project_A1P2-ApisGene-Bovin.1617/Run_A1P2-ApisGene-Bovin1_2.17289/RawData/40497_GCTTGTCA-GTATGTTC-AHLFGHDSXY_L004_R2.fastq.gz,/home/mnaji/work/Project_A1P2-ApisGene-Bovin.1617/Run_A1P2-ApisGene-Bovin1_3.17290/RawData/40497_GCTTGTCA-GTATGTTC-AHLFGHDSXY_L002_R2.fastq.gz,/home/mnaji/work/Project_A1P2-ApisGene-Bovin.1617/Run_A1P2-ApisGene-Bovin1_4.17291/RawData/40497_GCTTGTCA-GTATGTTC-AHLFGHDSXY_L003_R2.fastq.gz	/work/project/CASCAD/mnaji/sm_folder/results/vcf_lr/MONFRAM003912302640_pbsv.vcf.gz
MONFRAM003917468802	CLR	40499	FR3917468802	M	46	/home/mnaji/work/Project_A1P2-ApisGene-Bovin.1617/Run_A1P2-ApisGene-Bovin1_1.17288/RawData/40499_TGGATCGA-TATCGCAC-AHLFGHDSXY_L001_R1.fastq.gz,/home/mnaji/work/Project_A1P2-ApisGene-Bovin.1617/Run_A1P2-ApisGene-Bovin1_2.17289/RawData/40499_TGGATCGA-TATCGCAC-AHLFGHDSXY_L004_R1.fastq.gz,/home/mnaji/work/Project_A1P2-ApisGene-Bovin.1617/Run_A1P2-ApisGene-Bovin1_3.17290/RawData/40499_TGGATCGA-TATCGCAC-AHLFGHDSXY_L002_R1.fastq.gz,/home/mnaji/work/Project_A1P2-ApisGene-Bovin.1617/Run_A1P2-ApisGene-Bovin1_4.17291/RawData/40499_TGGATCGA-TATCGCAC-AHLFGHDSXY_L003_R1.fastq.gz	/home/mnaji/work/Project_A1P2-ApisGene-Bovin.1617/Run_A1P2-ApisGene-Bovin1_1.17288/RawData/40499_TGGATCGA-TATCGCAC-AHLFGHDSXY_L001_R2.fastq.gz,/home/mnaji/work/Project_A1P2-ApisGene-Bovin.1617/Run_A1P2-ApisGene-Bovin1_2.17289/RawData/40499_TGGATCGA-TATCGCAC-AHLFGHDSXY_L004_R2.fastq.gz,/home/mnaji/work/Project_A1P2-ApisGene-Bovin.1617/Run_A1P2-ApisGene-Bovin1_3.17290/RawData/40499_TGGATCGA-TATCGCAC-AHLFGHDSXY_L002_R2.fastq.gz,/home/mnaji/work/Project_A1P2-ApisGene-Bovin.1617/Run_A1P2-ApisGene-Bovin1_4.17291/RawData/40499_TGGATCGA-TATCGCAC-AHLFGHDSXY_L003_R2.fastq.gz	/work/project/CASCAD/mnaji/sm_folder/results/vcf_lr/MONFRAM003917468802_pbsv.vcf.gz
MONFRAM003922992327	CLR	40501	FR3922992327	M	46	/home/mnaji/work/Project_A1P2-ApisGene-Bovin.1617/Run_A1P2-ApisGene-Bovin1_1.17288/RawData/40501_GACCTGAA-CTCACCAA-AHLFGHDSXY_L001_R1.fastq.gz,/home/mnaji/work/Project_A1P2-ApisGene-Bovin.1617/Run_A1P2-ApisGene-Bovin1_2.17289/RawData/40501_GACCTGAA-CTCACCAA-AHLFGHDSXY_L004_R1.fastq.gz,/home/mnaji/work/Project_A1P2-ApisGene-Bovin.1617/Run_A1P2-ApisGene-Bovin1_3.17290/RawData/40501_GACCTGAA-CTCACCAA-AHLFGHDSXY_L002_R1.fastq.gz,/home/mnaji/work/Project_A1P2-ApisGene-Bovin.1617/Run_A1P2-ApisGene-Bovin1_4.17291/RawData/40501_GACCTGAA-CTCACCAA-AHLFGHDSXY_L003_R1.fastq.gz	/home/mnaji/work/Project_A1P2-ApisGene-Bovin.1617/Run_A1P2-ApisGene-Bovin1_1.17288/RawData/40501_GACCTGAA-CTCACCAA-AHLFGHDSXY_L001_R2.fastq.gz,/home/mnaji/work/Project_A1P2-ApisGene-Bovin.1617/Run_A1P2-ApisGene-Bovin1_2.17289/RawData/40501_GACCTGAA-CTCACCAA-AHLFGHDSXY_L004_R2.fastq.gz,/home/mnaji/work/Project_A1P2-ApisGene-Bovin.1617/Run_A1P2-ApisGene-Bovin1_3.17290/RawData/40501_GACCTGAA-CTCACCAA-AHLFGHDSXY_L002_R2.fastq.gz,/home/mnaji/work/Project_A1P2-ApisGene-Bovin.1617/Run_A1P2-ApisGene-Bovin1_4.17291/RawData/40501_GACCTGAA-CTCACCAA-AHLFGHDSXY_L003_R2.fastq.gz	/work/project/CASCAD/mnaji/sm_folder/results/vcf_lr/MONFRAM003922992327_pbsv.vcf.gz
MONFRAM004242606959	CLR	40504	FR4242606959	M	46	/home/mnaji/work/Project_A1P2-ApisGene-Bovin.1617/Run_A1P2-ApisGene-Bovin1_1.17288/RawData/40504_CCAAGTCT-TCATCCTT-AHLFGHDSXY_L001_R1.fastq.gz,/home/mnaji/work/Project_A1P2-ApisGene-Bovin.1617/Run_A1P2-ApisGene-Bovin1_2.17289/RawData/40504_CCAAGTCT-TCATCCTT-AHLFGHDSXY_L004_R1.fastq.gz,/home/mnaji/work/Project_A1P2-ApisGene-Bovin.1617/Run_A1P2-ApisGene-Bovin1_3.17290/RawData/40504_CCAAGTCT-TCATCCTT-AHLFGHDSXY_L002_R1.fastq.gz,/home/mnaji/work/Project_A1P2-ApisGene-Bovin.1617/Run_A1P2-ApisGene-Bovin1_4.17291/RawData/40504_CCAAGTCT-TCATCCTT-AHLFGHDSXY_L003_R1.fastq.gz	/home/mnaji/work/Project_A1P2-ApisGene-Bovin.1617/Run_A1P2-ApisGene-Bovin1_1.17288/RawData/40504_CCAAGTCT-TCATCCTT-AHLFGHDSXY_L001_R2.fastq.gz,/home/mnaji/work/Project_A1P2-ApisGene-Bovin.1617/Run_A1P2-ApisGene-Bovin1_2.17289/RawData/40504_CCAAGTCT-TCATCCTT-AHLFGHDSXY_L004_R2.fastq.gz,/home/mnaji/work/Project_A1P2-ApisGene-Bovin.1617/Run_A1P2-ApisGene-Bovin1_3.17290/RawData/40504_CCAAGTCT-TCATCCTT-AHLFGHDSXY_L002_R2.fastq.gz,/home/mnaji/work/Project_A1P2-ApisGene-Bovin.1617/Run_A1P2-ApisGene-Bovin1_4.17291/RawData/40504_CCAAGTCT-TCATCCTT-AHLFGHDSXY_L003_R2.fastq.gz	/work/project/CASCAD/mnaji/sm_folder/results/vcf_lr/MONFRAM004242606959_pbsv.vcf.gz
MONFRAM004242751374	CLR	40505	FR4242751374	M	46	/home/mnaji/work/Project_A1P2-ApisGene-Bovin.1617/Run_A1P2-ApisGene-Bovin1_1.17288/RawData/40505_TTGGACTC-CTGCTTCC-AHLFGHDSXY_L001_R1.fastq.gz,/home/mnaji/work/Project_A1P2-ApisGene-Bovin.1617/Run_A1P2-ApisGene-Bovin1_2.17289/RawData/40505_TTGGACTC-CTGCTTCC-AHLFGHDSXY_L004_R1.fastq.gz,/home/mnaji/work/Project_A1P2-ApisGene-Bovin.1617/Run_A1P2-ApisGene-Bovin1_3.17290/RawData/40505_TTGGACTC-CTGCTTCC-AHLFGHDSXY_L002_R1.fastq.gz,/home/mnaji/work/Project_A1P2-ApisGene-Bovin.1617/Run_A1P2-ApisGene-Bovin1_4.17291/RawData/40505_TTGGACTC-CTGCTTCC-AHLFGHDSXY_L003_R1.fastq.gz	/home/mnaji/work/Project_A1P2-ApisGene-Bovin.1617/Run_A1P2-ApisGene-Bovin1_1.17288/RawData/40505_TTGGACTC-CTGCTTCC-AHLFGHDSXY_L001_R2.fastq.gz,/home/mnaji/work/Project_A1P2-ApisGene-Bovin.1617/Run_A1P2-ApisGene-Bovin1_2.17289/RawData/40505_TTGGACTC-CTGCTTCC-AHLFGHDSXY_L004_R2.fastq.gz,/home/mnaji/work/Project_A1P2-ApisGene-Bovin.1617/Run_A1P2-ApisGene-Bovin1_3.17290/RawData/40505_TTGGACTC-CTGCTTCC-AHLFGHDSXY_L002_R2.fastq.gz,/home/mnaji/work/Project_A1P2-ApisGene-Bovin.1617/Run_A1P2-ApisGene-Bovin1_4.17291/RawData/40505_TTGGACTC-CTGCTTCC-AHLFGHDSXY_L003_R2.fastq.gz	/work/project/CASCAD/mnaji/sm_folder/results/vcf_lr/MONFRAM004242751374_pbsv.vcf.gz
MONFRAM004242751380	CLR	40506	FR4242751380	M	46	/home/mnaji/work/Project_A1P2-ApisGene-Bovin.1617/Run_A1P2-ApisGene-Bovin1_1.17288/RawData/40506_GGCTTAAG-GGTCACGA-AHLFGHDSXY_L001_R1.fastq.gz,/home/mnaji/work/Project_A1P2-ApisGene-Bovin.1617/Run_A1P2-ApisGene-Bovin1_2.17289/RawData/40506_GGCTTAAG-GGTCACGA-AHLFGHDSXY_L004_R1.fastq.gz,/home/mnaji/work/Project_A1P2-ApisGene-Bovin.1617/Run_A1P2-ApisGene-Bovin1_3.17290/RawData/40506_GGCTTAAG-GGTCACGA-AHLFGHDSXY_L002_R1.fastq.gz,/home/mnaji/work/Project_A1P2-ApisGene-Bovin.1617/Run_A1P2-ApisGene-Bovin1_4.17291/RawData/40506_GGCTTAAG-GGTCACGA-AHLFGHDSXY_L003_R1.fastq.gz	/home/mnaji/work/Project_A1P2-ApisGene-Bovin.1617/Run_A1P2-ApisGene-Bovin1_1.17288/RawData/40506_GGCTTAAG-GGTCACGA-AHLFGHDSXY_L001_R2.fastq.gz,/home/mnaji/work/Project_A1P2-ApisGene-Bovin.1617/Run_A1P2-ApisGene-Bovin1_2.17289/RawData/40506_GGCTTAAG-GGTCACGA-AHLFGHDSXY_L004_R2.fastq.gz,/home/mnaji/work/Project_A1P2-ApisGene-Bovin.1617/Run_A1P2-ApisGene-Bovin1_3.17290/RawData/40506_GGCTTAAG-GGTCACGA-AHLFGHDSXY_L002_R2.fastq.gz,/home/mnaji/work/Project_A1P2-ApisGene-Bovin.1617/Run_A1P2-ApisGene-Bovin1_4.17291/RawData/40506_GGCTTAAG-GGTCACGA-AHLFGHDSXY_L003_R2.fastq.gz	/work/project/CASCAD/mnaji/sm_folder/results/vcf_lr/MONFRAM004242751380_pbsv.vcf.gz
MONFRAM004318202636	CLR	40618	FR4318202636	M	46	/home/mnaji/work/Project_A1P2-ApisGene-Bovin.1617/Run_A1P2-ApisGene-Bovin2_1.17292/RawData/40618_CGGAACTG-TCGTAGTG-BHL7YFDSXY_L001_R1.fastq.gz,/home/mnaji/work/Project_A1P2-ApisGene-Bovin.1617/Run_A1P2-ApisGene-Bovin2_2.17293/RawData/40618_CGGAACTG-TCGTAGTG-BHL7YFDSXY_L003_R1.fastq.gz,/home/mnaji/work/Project_A1P2-ApisGene-Bovin.1617/Run_A1P2-ApisGene-Bovin2_3.17294/RawData/40618_CGGAACTG-TCGTAGTG-BHL7YFDSXY_L002_R1.fastq.gz,/home/mnaji/work/Project_A1P2-ApisGene-Bovin.1617/Run_A1P2-ApisGene-Bovin2_4.17295/RawData/40618_CGGAACTG-TCGTAGTG-BHL7YFDSXY_L004_R1.fastq.gz	/home/mnaji/work/Project_A1P2-ApisGene-Bovin.1617/Run_A1P2-ApisGene-Bovin2_1.17292/RawData/40618_CGGAACTG-TCGTAGTG-BHL7YFDSXY_L001_R2.fastq.gz,/home/mnaji/work/Project_A1P2-ApisGene-Bovin.1617/Run_A1P2-ApisGene-Bovin2_2.17293/RawData/40618_CGGAACTG-TCGTAGTG-BHL7YFDSXY_L003_R2.fastq.gz,/home/mnaji/work/Project_A1P2-ApisGene-Bovin.1617/Run_A1P2-ApisGene-Bovin2_3.17294/RawData/40618_CGGAACTG-TCGTAGTG-BHL7YFDSXY_L002_R2.fastq.gz,/home/mnaji/work/Project_A1P2-ApisGene-Bovin.1617/Run_A1P2-ApisGene-Bovin2_4.17295/RawData/40618_CGGAACTG-TCGTAGTG-BHL7YFDSXY_L004_R2.fastq.gz	/work/project/CASCAD/mnaji/sm_folder/results/vcf_lr/MONFRAM004318202636_pbsv.vcf.gz
MONFRAM004318213411	CLR	40620	FR4318213411	M	46	/home/mnaji/work/Project_A1P2-ApisGene-Bovin.1617/Run_A1P2-ApisGene-Bovin2_1.17292/RawData/40620_TTGCCTAG-TAAGTGGT-BHL7YFDSXY_L001_R1.fastq.gz,/home/mnaji/work/Project_A1P2-ApisGene-Bovin.1617/Run_A1P2-ApisGene-Bovin2_2.17293/RawData/40620_TTGCCTAG-TAAGTGGT-BHL7YFDSXY_L003_R1.fastq.gz,/home/mnaji/work/Project_A1P2-ApisGene-Bovin.1617/Run_A1P2-ApisGene-Bovin2_3.17294/RawData/40620_TTGCCTAG-TAAGTGGT-BHL7YFDSXY_L002_R1.fastq.gz,/home/mnaji/work/Project_A1P2-ApisGene-Bovin.1617/Run_A1P2-ApisGene-Bovin2_4.17295/RawData/40620_TTGCCTAG-TAAGTGGT-BHL7YFDSXY_L004_R1.fastq.gz	/home/mnaji/work/Project_A1P2-ApisGene-Bovin.1617/Run_A1P2-ApisGene-Bovin2_1.17292/RawData/40620_TTGCCTAG-TAAGTGGT-BHL7YFDSXY_L001_R2.fastq.gz,/home/mnaji/work/Project_A1P2-ApisGene-Bovin.1617/Run_A1P2-ApisGene-Bovin2_2.17293/RawData/40620_TTGCCTAG-TAAGTGGT-BHL7YFDSXY_L003_R2.fastq.gz,/home/mnaji/work/Project_A1P2-ApisGene-Bovin.1617/Run_A1P2-ApisGene-Bovin2_3.17294/RawData/40620_TTGCCTAG-TAAGTGGT-BHL7YFDSXY_L002_R2.fastq.gz,/home/mnaji/work/Project_A1P2-ApisGene-Bovin.1617/Run_A1P2-ApisGene-Bovin2_4.17295/RawData/40620_TTGCCTAG-TAAGTGGT-BHL7YFDSXY_L004_R2.fastq.gz	/work/project/CASCAD/mnaji/sm_folder/results/vcf_lr/MONFRAM004318213411_pbsv.vcf.gz
MONFRAM005353907096	CLR	40622	FR5353907096	M	46	/home/mnaji/work/Project_A1P2-ApisGene-Bovin.1617/Run_A1P2-ApisGene-Bovin2_1.17292/RawData/40622_ACACTAAG-ATATGGAT-BHL7YFDSXY_L001_R1.fastq.gz,/home/mnaji/work/Project_A1P2-ApisGene-Bovin.1617/Run_A1P2-ApisGene-Bovin2_2.17293/RawData/40622_ACACTAAG-ATATGGAT-BHL7YFDSXY_L003_R1.fastq.gz,/home/mnaji/work/Project_A1P2-ApisGene-Bovin.1617/Run_A1P2-ApisGene-Bovin2_3.17294/RawData/40622_ACACTAAG-ATATGGAT-BHL7YFDSXY_L002_R1.fastq.gz,/home/mnaji/work/Project_A1P2-ApisGene-Bovin.1617/Run_A1P2-ApisGene-Bovin2_4.17295/RawData/40622_ACACTAAG-ATATGGAT-BHL7YFDSXY_L004_R1.fastq.gz	/home/mnaji/work/Project_A1P2-ApisGene-Bovin.1617/Run_A1P2-ApisGene-Bovin2_1.17292/RawData/40622_ACACTAAG-ATATGGAT-BHL7YFDSXY_L001_R2.fastq.gz,/home/mnaji/work/Project_A1P2-ApisGene-Bovin.1617/Run_A1P2-ApisGene-Bovin2_2.17293/RawData/40622_ACACTAAG-ATATGGAT-BHL7YFDSXY_L003_R2.fastq.gz,/home/mnaji/work/Project_A1P2-ApisGene-Bovin.1617/Run_A1P2-ApisGene-Bovin2_3.17294/RawData/40622_ACACTAAG-ATATGGAT-BHL7YFDSXY_L002_R2.fastq.gz,/home/mnaji/work/Project_A1P2-ApisGene-Bovin.1617/Run_A1P2-ApisGene-Bovin2_4.17295/RawData/40622_ACACTAAG-ATATGGAT-BHL7YFDSXY_L004_R2.fastq.gz	/work/project/CASCAD/mnaji/sm_folder/results/vcf_lr/MONFRAM005353907096_pbsv.vcf.gz
MONFRAM005359151998	CLR	40509	FR5359151998	M	46	/home/mnaji/work/Project_A1P2-ApisGene-Bovin.1617/Run_A1P2-ApisGene-Bovin1_1.17288/RawData/40509_CGGCGTGA-ACAGGCGC-AHLFGHDSXY_L001_R1.fastq.gz,/home/mnaji/work/Project_A1P2-ApisGene-Bovin.1617/Run_A1P2-ApisGene-Bovin1_2.17289/RawData/40509_CGGCGTGA-ACAGGCGC-AHLFGHDSXY_L004_R1.fastq.gz,/home/mnaji/work/Project_A1P2-ApisGene-Bovin.1617/Run_A1P2-ApisGene-Bovin1_3.17290/RawData/40509_CGGCGTGA-ACAGGCGC-AHLFGHDSXY_L002_R1.fastq.gz,/home/mnaji/work/Project_A1P2-ApisGene-Bovin.1617/Run_A1P2-ApisGene-Bovin1_4.17291/RawData/40509_CGGCGTGA-ACAGGCGC-AHLFGHDSXY_L003_R1.fastq.gz	/home/mnaji/work/Project_A1P2-ApisGene-Bovin.1617/Run_A1P2-ApisGene-Bovin1_1.17288/RawData/40509_CGGCGTGA-ACAGGCGC-AHLFGHDSXY_L001_R2.fastq.gz,/home/mnaji/work/Project_A1P2-ApisGene-Bovin.1617/Run_A1P2-ApisGene-Bovin1_2.17289/RawData/40509_CGGCGTGA-ACAGGCGC-AHLFGHDSXY_L004_R2.fastq.gz,/home/mnaji/work/Project_A1P2-ApisGene-Bovin.1617/Run_A1P2-ApisGene-Bovin1_3.17290/RawData/40509_CGGCGTGA-ACAGGCGC-AHLFGHDSXY_L002_R2.fastq.gz,/home/mnaji/work/Project_A1P2-ApisGene-Bovin.1617/Run_A1P2-ApisGene-Bovin1_4.17291/RawData/40509_CGGCGTGA-ACAGGCGC-AHLFGHDSXY_L003_R2.fastq.gz	/work/project/CASCAD/mnaji/sm_folder/results/vcf_lr/MONFRAM005359151998_pbsv.vcf.gz
MONFRAM007030761547	CLR	40627	FR7030761547	M	46	/home/mnaji/work/Project_A1P2-ApisGene-Bovin.1617/Run_A1P2-ApisGene-Bovin3_1.17315/RawData/40627_AAGTCCAA-TACTCATA-BHL7YYDSXY_L001_R1.fastq.gz,/home/mnaji/work/Project_A1P2-ApisGene-Bovin.1617/Run_A1P2-ApisGene-Bovin3_2.17316/RawData/40627_AAGTCCAA-TACTCATA-BHL7YYDSXY_L004_R1.fastq.gz,/home/mnaji/work/Project_A1P2-ApisGene-Bovin.1617/Run_A1P2-ApisGene-Bovin3_3.17317/RawData/40627_AAGTCCAA-TACTCATA-BHL7YYDSXY_L002_R1.fastq.gz,/home/mnaji/work/Project_A1P2-ApisGene-Bovin.1617/Run_A1P2-ApisGene-Bovin3_4.17326/RawData/40627_AAGTCCAA-TACTCATA-BHL7YYDSXY_L003_R1.fastq.gz	/home/mnaji/work/Project_A1P2-ApisGene-Bovin.1617/Run_A1P2-ApisGene-Bovin3_1.17315/RawData/40627_AAGTCCAA-TACTCATA-BHL7YYDSXY_L001_R2.fastq.gz,/home/mnaji/work/Project_A1P2-ApisGene-Bovin.1617/Run_A1P2-ApisGene-Bovin3_2.17316/RawData/40627_AAGTCCAA-TACTCATA-BHL7YYDSXY_L004_R2.fastq.gz,/home/mnaji/work/Project_A1P2-ApisGene-Bovin.1617/Run_A1P2-ApisGene-Bovin3_3.17317/RawData/40627_AAGTCCAA-TACTCATA-BHL7YYDSXY_L002_R2.fastq.gz,/home/mnaji/work/Project_A1P2-ApisGene-Bovin.1617/Run_A1P2-ApisGene-Bovin3_4.17326/RawData/40627_AAGTCCAA-TACTCATA-BHL7YYDSXY_L003_R2.fastq.gz	/work/project/CASCAD/mnaji/sm_folder/results/vcf_lr/MONFRAM007030761547_pbsv.vcf.gz
MONFRAM007040355837	CLR	40629	FR7040355837	M	46	/home/mnaji/work/Project_A1P2-ApisGene-Bovin.1617/Run_A1P2-ApisGene-Bovin3_1.17315/RawData/40629_GCTTGTCA-GTATGTTC-BHL7YYDSXY_L001_R1.fastq.gz,/home/mnaji/work/Project_A1P2-ApisGene-Bovin.1617/Run_A1P2-ApisGene-Bovin3_2.17316/RawData/40629_GCTTGTCA-GTATGTTC-BHL7YYDSXY_L004_R1.fastq.gz,/home/mnaji/work/Project_A1P2-ApisGene-Bovin.1617/Run_A1P2-ApisGene-Bovin3_3.17317/RawData/40629_GCTTGTCA-GTATGTTC-BHL7YYDSXY_L002_R1.fastq.gz,/home/mnaji/work/Project_A1P2-ApisGene-Bovin.1617/Run_A1P2-ApisGene-Bovin3_4.17326/RawData/40629_GCTTGTCA-GTATGTTC-BHL7YYDSXY_L003_R1.fastq.gz	/home/mnaji/work/Project_A1P2-ApisGene-Bovin.1617/Run_A1P2-ApisGene-Bovin3_1.17315/RawData/40629_GCTTGTCA-GTATGTTC-BHL7YYDSXY_L001_R2.fastq.gz,/home/mnaji/work/Project_A1P2-ApisGene-Bovin.1617/Run_A1P2-ApisGene-Bovin3_2.17316/RawData/40629_GCTTGTCA-GTATGTTC-BHL7YYDSXY_L004_R2.fastq.gz,/home/mnaji/work/Project_A1P2-ApisGene-Bovin.1617/Run_A1P2-ApisGene-Bovin3_3.17317/RawData/40629_GCTTGTCA-GTATGTTC-BHL7YYDSXY_L002_R2.fastq.gz,/home/mnaji/work/Project_A1P2-ApisGene-Bovin.1617/Run_A1P2-ApisGene-Bovin3_4.17326/RawData/40629_GCTTGTCA-GTATGTTC-BHL7YYDSXY_L003_R2.fastq.gz	/work/project/CASCAD/mnaji/sm_folder/results/vcf_lr/MONFRAM007040355837_pbsv.vcf.gz
MONFRAM007302225213	CLR	40632	FR7302225213	M	46	/home/mnaji/work/Project_A1P2-ApisGene-Bovin.1617/Run_A1P2-ApisGene-Bovin3_1.17315/RawData/40632_AGTTCAGG-TCTGTTGG-BHL7YYDSXY_L001_R1.fastq.gz,/home/mnaji/work/Project_A1P2-ApisGene-Bovin.1617/Run_A1P2-ApisGene-Bovin3_2.17316/RawData/40632_AGTTCAGG-TCTGTTGG-BHL7YYDSXY_L004_R1.fastq.gz,/home/mnaji/work/Project_A1P2-ApisGene-Bovin.1617/Run_A1P2-ApisGene-Bovin3_3.17317/RawData/40632_AGTTCAGG-TCTGTTGG-BHL7YYDSXY_L002_R1.fastq.gz,/home/mnaji/work/Project_A1P2-ApisGene-Bovin.1617/Run_A1P2-ApisGene-Bovin3_4.17326/RawData/40632_AGTTCAGG-TCTGTTGG-BHL7YYDSXY_L003_R1.fastq.gz	/home/mnaji/work/Project_A1P2-ApisGene-Bovin.1617/Run_A1P2-ApisGene-Bovin3_1.17315/RawData/40632_AGTTCAGG-TCTGTTGG-BHL7YYDSXY_L001_R2.fastq.gz,/home/mnaji/work/Project_A1P2-ApisGene-Bovin.1617/Run_A1P2-ApisGene-Bovin3_2.17316/RawData/40632_AGTTCAGG-TCTGTTGG-BHL7YYDSXY_L004_R2.fastq.gz,/home/mnaji/work/Project_A1P2-ApisGene-Bovin.1617/Run_A1P2-ApisGene-Bovin3_3.17317/RawData/40632_AGTTCAGG-TCTGTTGG-BHL7YYDSXY_L002_R2.fastq.gz,/home/mnaji/work/Project_A1P2-ApisGene-Bovin.1617/Run_A1P2-ApisGene-Bovin3_4.17326/RawData/40632_AGTTCAGG-TCTGTTGG-BHL7YYDSXY_L003_R2.fastq.gz	/work/project/CASCAD/mnaji/sm_folder/results/vcf_lr/MONFRAM007302225213_pbsv.vcf.gz
MONFRAM009023369120	CLR	40635	FR9023369120	M	46	/home/mnaji/work/Project_A1P2-ApisGene-Bovin.1617/Run_A1P2-ApisGene-Bovin3_1.17315/RawData/40635_CTCTCGTC-AGGTTATA-BHL7YYDSXY_L001_R1.fastq.gz,/home/mnaji/work/Project_A1P2-ApisGene-Bovin.1617/Run_A1P2-ApisGene-Bovin3_2.17316/RawData/40635_CTCTCGTC-AGGTTATA-BHL7YYDSXY_L004_R1.fastq.gz,/home/mnaji/work/Project_A1P2-ApisGene-Bovin.1617/Run_A1P2-ApisGene-Bovin3_3.17317/RawData/40635_CTCTCGTC-AGGTTATA-BHL7YYDSXY_L002_R1.fastq.gz,/home/mnaji/work/Project_A1P2-ApisGene-Bovin.1617/Run_A1P2-ApisGene-Bovin3_4.17326/RawData/40635_CTCTCGTC-AGGTTATA-BHL7YYDSXY_L003_R1.fastq.gz	/home/mnaji/work/Project_A1P2-ApisGene-Bovin.1617/Run_A1P2-ApisGene-Bovin3_1.17315/RawData/40635_CTCTCGTC-AGGTTATA-BHL7YYDSXY_L001_R2.fastq.gz,/home/mnaji/work/Project_A1P2-ApisGene-Bovin.1617/Run_A1P2-ApisGene-Bovin3_2.17316/RawData/40635_CTCTCGTC-AGGTTATA-BHL7YYDSXY_L004_R2.fastq.gz,/home/mnaji/work/Project_A1P2-ApisGene-Bovin.1617/Run_A1P2-ApisGene-Bovin3_3.17317/RawData/40635_CTCTCGTC-AGGTTATA-BHL7YYDSXY_L002_R2.fastq.gz,/home/mnaji/work/Project_A1P2-ApisGene-Bovin.1617/Run_A1P2-ApisGene-Bovin3_4.17326/RawData/40635_CTCTCGTC-AGGTTATA-BHL7YYDSXY_L003_R2.fastq.gz	/work/project/CASCAD/mnaji/sm_folder/results/vcf_lr/MONFRAM009023369120_pbsv.vcf.gz
NMDFRAM001444215445	CLR	40965	FR1444215445	M	56	/home/mnaji/work/Project_A1P2-ApisGene-Bovin.1617/Run_A1P2-ApisGene-2-pool1_1.17882/RawData/40965_AACGTTCC-AGTACTCC-AHY3CFDSXY_L001_R1.fastq.gz,/home/mnaji/work/Project_A1P2-ApisGene-Bovin.1617/Run_A1P2-ApisGene-2-pool1_2.17885/RawData/40965_AACGTTCC-AGTACTCC-AHY3CFDSXY_L002_R1.fastq.gz,/home/mnaji/work/Project_A1P2-ApisGene-Bovin.1617/Run_A1P2-ApisGene-2-pool1_3.17886/RawData/40965_AACGTTCC-AGTACTCC-AHY3CFDSXY_L003_R1.fastq.gz,/home/mnaji/work/Project_A1P2-ApisGene-Bovin.1617/Run_A1P2-ApisGene-2-pool1_4.17887/RawData/40965_AACGTTCC-AGTACTCC-AHY3CFDSXY_L004_R1.fastq.gz,/home/mnaji/work/Project_A1P2-ApisGene-Bovin.1617/Run_A1P2-ApisGene-2-pool1_5.18067/RawData/40965_AACGTTCC-AGTACTCC-AHYGCWDSXY_L003_R1.fastq.gz,/home/mnaji/work/Project_A1P2-ApisGene-Bovin.1617/Run_A1P2-ApisGene-2-pool1_6.18080/RawData/40965_AACGTTCC-AGTACTCC-AHYGCWDSXY_L001_R1.fastq.gz,/home/mnaji/work/Project_A1P2-ApisGene-Bovin.1617/Run_A1P2-ApisGene-2-pool1_7.18081/RawData/40965_AACGTTCC-AGTACTCC-AHYGCWDSXY_L004_R1.fastq.gz,/home/mnaji/work/Project_A1P2-ApisGene-Bovin.1617/Run_A1P2-ApisGene-2-pool1-8.18082/RawData/40965_AACGTTCC-AGTACTCC-AHYGCWDSXY_L002_R1.fastq.gz	/home/mnaji/work/Project_A1P2-ApisGene-Bovin.1617/Run_A1P2-ApisGene-2-pool1_1.17882/RawData/40965_AACGTTCC-AGTACTCC-AHY3CFDSXY_L001_R2.fastq.gz,/home/mnaji/work/Project_A1P2-ApisGene-Bovin.1617/Run_A1P2-ApisGene-2-pool1_2.17885/RawData/40965_AACGTTCC-AGTACTCC-AHY3CFDSXY_L002_R2.fastq.gz,/home/mnaji/work/Project_A1P2-ApisGene-Bovin.1617/Run_A1P2-ApisGene-2-pool1_3.17886/RawData/40965_AACGTTCC-AGTACTCC-AHY3CFDSXY_L003_R2.fastq.gz,/home/mnaji/work/Project_A1P2-ApisGene-Bovin.1617/Run_A1P2-ApisGene-2-pool1_4.17887/RawData/40965_AACGTTCC-AGTACTCC-AHY3CFDSXY_L004_R2.fastq.gz,/home/mnaji/work/Project_A1P2-ApisGene-Bovin.1617/Run_A1P2-ApisGene-2-pool1_5.18067/RawData/40965_AACGTTCC-AGTACTCC-AHYGCWDSXY_L003_R2.fastq.gz,/home/mnaji/work/Project_A1P2-ApisGene-Bovin.1617/Run_A1P2-ApisGene-2-pool1_6.18080/RawData/40965_AACGTTCC-AGTACTCC-AHYGCWDSXY_L001_R2.fastq.gz,/home/mnaji/work/Project_A1P2-ApisGene-Bovin.1617/Run_A1P2-ApisGene-2-pool1_7.18081/RawData/40965_AACGTTCC-AGTACTCC-AHYGCWDSXY_L004_R2.fastq.gz,/home/mnaji/work/Project_A1P2-ApisGene-Bovin.1617/Run_A1P2-ApisGene-2-pool1-8.18082/RawData/40965_AACGTTCC-AGTACTCC-AHYGCWDSXY_L002_R2.fastq.gz	/work/project/CASCAD/mnaji/sm_folder/results/vcf_lr/NMDFRAM001444215445_pbsv.vcf.gz
NMDFRAM001733397697	CLR	40512	FR1733397697	M	56	/home/mnaji/work/Project_A1P2-ApisGene-Bovin.1617/Run_A1P2-ApisGene-Bovin1_1.17288/RawData/40512_GGTACCTT-GACGTCTT-AHLFGHDSXY_L001_R1.fastq.gz,/home/mnaji/work/Project_A1P2-ApisGene-Bovin.1617/Run_A1P2-ApisGene-Bovin1_2.17289/RawData/40512_GGTACCTT-GACGTCTT-AHLFGHDSXY_L004_R1.fastq.gz,/home/mnaji/work/Project_A1P2-ApisGene-Bovin.1617/Run_A1P2-ApisGene-Bovin1_3.17290/RawData/40512_GGTACCTT-GACGTCTT-AHLFGHDSXY_L002_R1.fastq.gz,/home/mnaji/work/Project_A1P2-ApisGene-Bovin.1617/Run_A1P2-ApisGene-Bovin1_4.17291/RawData/40512_GGTACCTT-GACGTCTT-AHLFGHDSXY_L003_R1.fastq.gz	/home/mnaji/work/Project_A1P2-ApisGene-Bovin.1617/Run_A1P2-ApisGene-Bovin1_1.17288/RawData/40512_GGTACCTT-GACGTCTT-AHLFGHDSXY_L001_R2.fastq.gz,/home/mnaji/work/Project_A1P2-ApisGene-Bovin.1617/Run_A1P2-ApisGene-Bovin1_2.17289/RawData/40512_GGTACCTT-GACGTCTT-AHLFGHDSXY_L004_R2.fastq.gz,/home/mnaji/work/Project_A1P2-ApisGene-Bovin.1617/Run_A1P2-ApisGene-Bovin1_3.17290/RawData/40512_GGTACCTT-GACGTCTT-AHLFGHDSXY_L002_R2.fastq.gz,/home/mnaji/work/Project_A1P2-ApisGene-Bovin.1617/Run_A1P2-ApisGene-Bovin1_4.17291/RawData/40512_GGTACCTT-GACGTCTT-AHLFGHDSXY_L003_R2.fastq.gz	/work/project/CASCAD/mnaji/sm_folder/results/vcf_lr/NMDFRAM001733397697_pbsv.vcf.gz
NMDFRAM002234643275	CLR	40513	FR2234643275	M	56	/home/mnaji/work/Project_A1P2-ApisGene-Bovin.1617/Run_A1P2-ApisGene-Bovin1_1.17288/RawData/40513_AACGTTCC-AGTACTCC-AHLFGHDSXY_L001_R1.fastq.gz,/home/mnaji/work/Project_A1P2-ApisGene-Bovin.1617/Run_A1P2-ApisGene-Bovin1_2.17289/RawData/40513_AACGTTCC-AGTACTCC-AHLFGHDSXY_L004_R1.fastq.gz,/home/mnaji/work/Project_A1P2-ApisGene-Bovin.1617/Run_A1P2-ApisGene-Bovin1_3.17290/RawData/40513_AACGTTCC-AGTACTCC-AHLFGHDSXY_L002_R1.fastq.gz,/home/mnaji/work/Project_A1P2-ApisGene-Bovin.1617/Run_A1P2-ApisGene-Bovin1_4.17291/RawData/40513_AACGTTCC-AGTACTCC-AHLFGHDSXY_L003_R1.fastq.gz	/home/mnaji/work/Project_A1P2-ApisGene-Bovin.1617/Run_A1P2-ApisGene-Bovin1_1.17288/RawData/40513_AACGTTCC-AGTACTCC-AHLFGHDSXY_L001_R2.fastq.gz,/home/mnaji/work/Project_A1P2-ApisGene-Bovin.1617/Run_A1P2-ApisGene-Bovin1_2.17289/RawData/40513_AACGTTCC-AGTACTCC-AHLFGHDSXY_L004_R2.fastq.gz,/home/mnaji/work/Project_A1P2-ApisGene-Bovin.1617/Run_A1P2-ApisGene-Bovin1_3.17290/RawData/40513_AACGTTCC-AGTACTCC-AHLFGHDSXY_L002_R2.fastq.gz,/home/mnaji/work/Project_A1P2-ApisGene-Bovin.1617/Run_A1P2-ApisGene-Bovin1_4.17291/RawData/40513_AACGTTCC-AGTACTCC-AHLFGHDSXY_L003_R2.fastq.gz	/work/project/CASCAD/mnaji/sm_folder/results/vcf_lr/NMDFRAM002234643275_pbsv.vcf.gz
NMDFRAM002234663319	CLR	40514	FR2234663319	M	56	/home/mnaji/work/Project_A1P2-ApisGene-Bovin.1617/Run_A1P2-ApisGene-Bovin1_1.17288/RawData/40514_GCAGAATT-TGGCCGGT-AHLFGHDSXY_L001_R1.fastq.gz,/home/mnaji/work/Project_A1P2-ApisGene-Bovin.1617/Run_A1P2-ApisGene-Bovin1_2.17289/RawData/40514_GCAGAATT-TGGCCGGT-AHLFGHDSXY_L004_R1.fastq.gz,/home/mnaji/work/Project_A1P2-ApisGene-Bovin.1617/Run_A1P2-ApisGene-Bovin1_3.17290/RawData/40514_GCAGAATT-TGGCCGGT-AHLFGHDSXY_L002_R1.fastq.gz,/home/mnaji/work/Project_A1P2-ApisGene-Bovin.1617/Run_A1P2-ApisGene-Bovin1_4.17291/RawData/40514_GCAGAATT-TGGCCGGT-AHLFGHDSXY_L003_R1.fastq.gz	/home/mnaji/work/Project_A1P2-ApisGene-Bovin.1617/Run_A1P2-ApisGene-Bovin1_1.17288/RawData/40514_GCAGAATT-TGGCCGGT-AHLFGHDSXY_L001_R2.fastq.gz,/home/mnaji/work/Project_A1P2-ApisGene-Bovin.1617/Run_A1P2-ApisGene-Bovin1_2.17289/RawData/40514_GCAGAATT-TGGCCGGT-AHLFGHDSXY_L004_R2.fastq.gz,/home/mnaji/work/Project_A1P2-ApisGene-Bovin.1617/Run_A1P2-ApisGene-Bovin1_3.17290/RawData/40514_GCAGAATT-TGGCCGGT-AHLFGHDSXY_L002_R2.fastq.gz,/home/mnaji/work/Project_A1P2-ApisGene-Bovin.1617/Run_A1P2-ApisGene-Bovin1_4.17291/RawData/40514_GCAGAATT-TGGCCGGT-AHLFGHDSXY_L003_R2.fastq.gz	/work/project/CASCAD/mnaji/sm_folder/results/vcf_lr/NMDFRAM002234663319_pbsv.vcf.gz
NMDFRAM002238786032	CLR	40515	FR2238786032	M	56	/home/mnaji/work/Project_A1P2-ApisGene-Bovin.1617/Run_A1P2-ApisGene-Bovin1_1.17288/RawData/40515_ATGAGGCC-CAATTAAC-AHLFGHDSXY_L001_R1.fastq.gz,/home/mnaji/work/Project_A1P2-ApisGene-Bovin.1617/Run_A1P2-ApisGene-Bovin1_2.17289/RawData/40515_ATGAGGCC-CAATTAAC-AHLFGHDSXY_L004_R1.fastq.gz,/home/mnaji/work/Project_A1P2-ApisGene-Bovin.1617/Run_A1P2-ApisGene-Bovin1_3.17290/RawData/40515_ATGAGGCC-CAATTAAC-AHLFGHDSXY_L002_R1.fastq.gz,/home/mnaji/work/Project_A1P2-ApisGene-Bovin.1617/Run_A1P2-ApisGene-Bovin1_4.17291/RawData/40515_ATGAGGCC-CAATTAAC-AHLFGHDSXY_L003_R1.fastq.gz	/home/mnaji/work/Project_A1P2-ApisGene-Bovin.1617/Run_A1P2-ApisGene-Bovin1_1.17288/RawData/40515_ATGAGGCC-CAATTAAC-AHLFGHDSXY_L001_R2.fastq.gz,/home/mnaji/work/Project_A1P2-ApisGene-Bovin.1617/Run_A1P2-ApisGene-Bovin1_2.17289/RawData/40515_ATGAGGCC-CAATTAAC-AHLFGHDSXY_L004_R2.fastq.gz,/home/mnaji/work/Project_A1P2-ApisGene-Bovin.1617/Run_A1P2-ApisGene-Bovin1_3.17290/RawData/40515_ATGAGGCC-CAATTAAC-AHLFGHDSXY_L002_R2.fastq.gz,/home/mnaji/work/Project_A1P2-ApisGene-Bovin.1617/Run_A1P2-ApisGene-Bovin1_4.17291/RawData/40515_ATGAGGCC-CAATTAAC-AHLFGHDSXY_L003_R2.fastq.gz	/work/project/CASCAD/mnaji/sm_folder/results/vcf_lr/NMDFRAM002238786032_pbsv.vcf.gz
NMDFRAM002258273022	CLR	40516	FR2258273022	M	56	/home/mnaji/work/Project_A1P2-ApisGene-Bovin.1617/Run_A1P2-ApisGene-Bovin1_1.17288/RawData/40516_ACTAAGAT-CCGCGGTT-AHLFGHDSXY_L001_R1.fastq.gz,/home/mnaji/work/Project_A1P2-ApisGene-Bovin.1617/Run_A1P2-ApisGene-Bovin1_2.17289/RawData/40516_ACTAAGAT-CCGCGGTT-AHLFGHDSXY_L004_R1.fastq.gz,/home/mnaji/work/Project_A1P2-ApisGene-Bovin.1617/Run_A1P2-ApisGene-Bovin1_3.17290/RawData/40516_ACTAAGAT-CCGCGGTT-AHLFGHDSXY_L002_R1.fastq.gz,/home/mnaji/work/Project_A1P2-ApisGene-Bovin.1617/Run_A1P2-ApisGene-Bovin1_4.17291/RawData/40516_ACTAAGAT-CCGCGGTT-AHLFGHDSXY_L003_R1.fastq.gz	/home/mnaji/work/Project_A1P2-ApisGene-Bovin.1617/Run_A1P2-ApisGene-Bovin1_1.17288/RawData/40516_ACTAAGAT-CCGCGGTT-AHLFGHDSXY_L001_R2.fastq.gz,/home/mnaji/work/Project_A1P2-ApisGene-Bovin.1617/Run_A1P2-ApisGene-Bovin1_2.17289/RawData/40516_ACTAAGAT-CCGCGGTT-AHLFGHDSXY_L004_R2.fastq.gz,/home/mnaji/work/Project_A1P2-ApisGene-Bovin.1617/Run_A1P2-ApisGene-Bovin1_3.17290/RawData/40516_ACTAAGAT-CCGCGGTT-AHLFGHDSXY_L002_R2.fastq.gz,/home/mnaji/work/Project_A1P2-ApisGene-Bovin.1617/Run_A1P2-ApisGene-Bovin1_4.17291/RawData/40516_ACTAAGAT-CCGCGGTT-AHLFGHDSXY_L003_R2.fastq.gz	/work/project/CASCAD/mnaji/sm_folder/results/vcf_lr/NMDFRAM002258273022_pbsv.vcf.gz
NMDFRAM002833605387	CLR	40581	FR2833605387	M	56	/home/mnaji/work/Project_A1P2-ApisGene-Bovin.1617/Run_A1P2-ApisGene-Bovin2_1.17292/RawData/40581_ATGAGGCC-CAATTAAC-BHL7YFDSXY_L001_R1.fastq.gz,/home/mnaji/work/Project_A1P2-ApisGene-Bovin.1617/Run_A1P2-ApisGene-Bovin2_2.17293/RawData/40581_ATGAGGCC-CAATTAAC-BHL7YFDSXY_L003_R1.fastq.gz,/home/mnaji/work/Project_A1P2-ApisGene-Bovin.1617/Run_A1P2-ApisGene-Bovin2_3.17294/RawData/40581_ATGAGGCC-CAATTAAC-BHL7YFDSXY_L002_R1.fastq.gz,/home/mnaji/work/Project_A1P2-ApisGene-Bovin.1617/Run_A1P2-ApisGene-Bovin2_4.17295/RawData/40581_ATGAGGCC-CAATTAAC-BHL7YFDSXY_L004_R1.fastq.gz	/home/mnaji/work/Project_A1P2-ApisGene-Bovin.1617/Run_A1P2-ApisGene-Bovin2_1.17292/RawData/40581_ATGAGGCC-CAATTAAC-BHL7YFDSXY_L001_R2.fastq.gz,/home/mnaji/work/Project_A1P2-ApisGene-Bovin.1617/Run_A1P2-ApisGene-Bovin2_2.17293/RawData/40581_ATGAGGCC-CAATTAAC-BHL7YFDSXY_L003_R2.fastq.gz,/home/mnaji/work/Project_A1P2-ApisGene-Bovin.1617/Run_A1P2-ApisGene-Bovin2_3.17294/RawData/40581_ATGAGGCC-CAATTAAC-BHL7YFDSXY_L002_R2.fastq.gz,/home/mnaji/work/Project_A1P2-ApisGene-Bovin.1617/Run_A1P2-ApisGene-Bovin2_4.17295/RawData/40581_ATGAGGCC-CAATTAAC-BHL7YFDSXY_L004_R2.fastq.gz	/work/project/CASCAD/mnaji/sm_folder/results/vcf_lr/NMDFRAM002833605387_pbsv.vcf.gz
NMDFRAM003511103723	CLR	40517	FR3511103723	M	56	/home/mnaji/work/Project_A1P2-ApisGene-Bovin.1617/Run_A1P2-ApisGene-Bovin1_1.17288/RawData/40517_GTCGGAGC-TTATAACC-AHLFGHDSXY_L001_R1.fastq.gz,/home/mnaji/work/Project_A1P2-ApisGene-Bovin.1617/Run_A1P2-ApisGene-Bovin1_2.17289/RawData/40517_GTCGGAGC-TTATAACC-AHLFGHDSXY_L004_R1.fastq.gz,/home/mnaji/work/Project_A1P2-ApisGene-Bovin.1617/Run_A1P2-ApisGene-Bovin1_3.17290/RawData/40517_GTCGGAGC-TTATAACC-AHLFGHDSXY_L002_R1.fastq.gz,/home/mnaji/work/Project_A1P2-ApisGene-Bovin.1617/Run_A1P2-ApisGene-Bovin1_4.17291/RawData/40517_GTCGGAGC-TTATAACC-AHLFGHDSXY_L003_R1.fastq.gz	/home/mnaji/work/Project_A1P2-ApisGene-Bovin.1617/Run_A1P2-ApisGene-Bovin1_1.17288/RawData/40517_GTCGGAGC-TTATAACC-AHLFGHDSXY_L001_R2.fastq.gz,/home/mnaji/work/Project_A1P2-ApisGene-Bovin.1617/Run_A1P2-ApisGene-Bovin1_2.17289/RawData/40517_GTCGGAGC-TTATAACC-AHLFGHDSXY_L004_R2.fastq.gz,/home/mnaji/work/Project_A1P2-ApisGene-Bovin.1617/Run_A1P2-ApisGene-Bovin1_3.17290/RawData/40517_GTCGGAGC-TTATAACC-AHLFGHDSXY_L002_R2.fastq.gz,/home/mnaji/work/Project_A1P2-ApisGene-Bovin.1617/Run_A1P2-ApisGene-Bovin1_4.17291/RawData/40517_GTCGGAGC-TTATAACC-AHLFGHDSXY_L003_R2.fastq.gz	/work/project/CASCAD/mnaji/sm_folder/results/vcf_lr/NMDFRAM003511103723_pbsv.vcf.gz
NMDFRAM003539688638	CLR	40518	FR3539688638	M	56	/home/mnaji/work/Project_A1P2-ApisGene-Bovin.1617/Run_A1P2-ApisGene-Bovin1_1.17288/RawData/40518_CTTGGTAT-GGACTTGG-AHLFGHDSXY_L001_R1.fastq.gz,/home/mnaji/work/Project_A1P2-ApisGene-Bovin.1617/Run_A1P2-ApisGene-Bovin1_2.17289/RawData/40518_CTTGGTAT-GGACTTGG-AHLFGHDSXY_L004_R1.fastq.gz,/home/mnaji/work/Project_A1P2-ApisGene-Bovin.1617/Run_A1P2-ApisGene-Bovin1_3.17290/RawData/40518_CTTGGTAT-GGACTTGG-AHLFGHDSXY_L002_R1.fastq.gz,/home/mnaji/work/Project_A1P2-ApisGene-Bovin.1617/Run_A1P2-ApisGene-Bovin1_4.17291/RawData/40518_CTTGGTAT-GGACTTGG-AHLFGHDSXY_L003_R1.fastq.gz	/home/mnaji/work/Project_A1P2-ApisGene-Bovin.1617/Run_A1P2-ApisGene-Bovin1_1.17288/RawData/40518_CTTGGTAT-GGACTTGG-AHLFGHDSXY_L001_R2.fastq.gz,/home/mnaji/work/Project_A1P2-ApisGene-Bovin.1617/Run_A1P2-ApisGene-Bovin1_2.17289/RawData/40518_CTTGGTAT-GGACTTGG-AHLFGHDSXY_L004_R2.fastq.gz,/home/mnaji/work/Project_A1P2-ApisGene-Bovin.1617/Run_A1P2-ApisGene-Bovin1_3.17290/RawData/40518_CTTGGTAT-GGACTTGG-AHLFGHDSXY_L002_R2.fastq.gz,/home/mnaji/work/Project_A1P2-ApisGene-Bovin.1617/Run_A1P2-ApisGene-Bovin1_4.17291/RawData/40518_CTTGGTAT-GGACTTGG-AHLFGHDSXY_L003_R2.fastq.gz	/work/project/CASCAD/mnaji/sm_folder/results/vcf_lr/NMDFRAM003539688638_pbsv.vcf.gz
NMDFRAM004242712092	CLR	40585	FR4242712092	M	56	/home/mnaji/work/Project_A1P2-ApisGene-Bovin.1617/Run_A1P2-ApisGene-Bovin2_1.17292/RawData/40585_TCCAACGC-AAGTCCAA-BHL7YFDSXY_L001_R1.fastq.gz,/home/mnaji/work/Project_A1P2-ApisGene-Bovin.1617/Run_A1P2-ApisGene-Bovin2_2.17293/RawData/40585_TCCAACGC-AAGTCCAA-BHL7YFDSXY_L003_R1.fastq.gz,/home/mnaji/work/Project_A1P2-ApisGene-Bovin.1617/Run_A1P2-ApisGene-Bovin2_3.17294/RawData/40585_TCCAACGC-AAGTCCAA-BHL7YFDSXY_L002_R1.fastq.gz,/home/mnaji/work/Project_A1P2-ApisGene-Bovin.1617/Run_A1P2-ApisGene-Bovin2_4.17295/RawData/40585_TCCAACGC-AAGTCCAA-BHL7YFDSXY_L004_R1.fastq.gz	/home/mnaji/work/Project_A1P2-ApisGene-Bovin.1617/Run_A1P2-ApisGene-Bovin2_1.17292/RawData/40585_TCCAACGC-AAGTCCAA-BHL7YFDSXY_L001_R2.fastq.gz,/home/mnaji/work/Project_A1P2-ApisGene-Bovin.1617/Run_A1P2-ApisGene-Bovin2_2.17293/RawData/40585_TCCAACGC-AAGTCCAA-BHL7YFDSXY_L003_R2.fastq.gz,/home/mnaji/work/Project_A1P2-ApisGene-Bovin.1617/Run_A1P2-ApisGene-Bovin2_3.17294/RawData/40585_TCCAACGC-AAGTCCAA-BHL7YFDSXY_L002_R2.fastq.gz,/home/mnaji/work/Project_A1P2-ApisGene-Bovin.1617/Run_A1P2-ApisGene-Bovin2_4.17295/RawData/40585_TCCAACGC-AAGTCCAA-BHL7YFDSXY_L004_R2.fastq.gz	/work/project/CASCAD/mnaji/sm_folder/results/vcf_lr/NMDFRAM004242712092_pbsv.vcf.gz
NMDFRAM004453547129	CLR	41047	FR4453547129	M	56	/home/mnaji/work/Project_A1P2-ApisGene-Bovin.1617/Run_A1P2-ApisGene-Bovin-2ndBatch-pool2_1.18158/RawData/41047_CTTGGTAT-GGACTTGG-BHCLGLDSX2_L001_R1.fastq.gz,/home/mnaji/work/Project_A1P2-ApisGene-Bovin.1617/Run_A1P2-ApisGene-Bovin-2ndBatch-pool2_2.18159/RawData/41047_CTTGGTAT-GGACTTGG-BHCLGLDSX2_L003_R1.fastq.gz,/home/mnaji/work/Project_A1P2-ApisGene-Bovin.1617/Run_A1P2-ApisGene-Bovin-2ndBatch-pool2_3.18160/RawData/41047_CTTGGTAT-GGACTTGG-BHCLGLDSX2_L002_R1.fastq.gz,/home/mnaji/work/Project_A1P2-ApisGene-Bovin.1617/Run_A1P2-ApisGene-Bovin-2ndBatch-pool2_4.18161/RawData/41047_CTTGGTAT-GGACTTGG-BHCLGLDSX2_L004_R1.fastq.gz	/home/mnaji/work/Project_A1P2-ApisGene-Bovin.1617/Run_A1P2-ApisGene-Bovin-2ndBatch-pool2_1.18158/RawData/41047_CTTGGTAT-GGACTTGG-BHCLGLDSX2_L001_R2.fastq.gz,/home/mnaji/work/Project_A1P2-ApisGene-Bovin.1617/Run_A1P2-ApisGene-Bovin-2ndBatch-pool2_2.18159/RawData/41047_CTTGGTAT-GGACTTGG-BHCLGLDSX2_L003_R2.fastq.gz,/home/mnaji/work/Project_A1P2-ApisGene-Bovin.1617/Run_A1P2-ApisGene-Bovin-2ndBatch-pool2_3.18160/RawData/41047_CTTGGTAT-GGACTTGG-BHCLGLDSX2_L002_R2.fastq.gz,/home/mnaji/work/Project_A1P2-ApisGene-Bovin.1617/Run_A1P2-ApisGene-Bovin-2ndBatch-pool2_4.18161/RawData/41047_CTTGGTAT-GGACTTGG-BHCLGLDSX2_L004_R2.fastq.gz	/work/project/CASCAD/mnaji/sm_folder/results/vcf_lr/NMDFRAM004453547129_pbsv.vcf.gz
NMDFRAM005028990496	CLR	40522	FR5028990496	M	56	/home/mnaji/work/Project_A1P2-ApisGene-Bovin.1617/Run_A1P2-ApisGene-Bovin1_1.17288/RawData/40522_GGCATTCT-CAAGCTAG-AHLFGHDSXY_L001_R1.fastq.gz,/home/mnaji/work/Project_A1P2-ApisGene-Bovin.1617/Run_A1P2-ApisGene-Bovin1_2.17289/RawData/40522_GGCATTCT-CAAGCTAG-AHLFGHDSXY_L004_R1.fastq.gz,/home/mnaji/work/Project_A1P2-ApisGene-Bovin.1617/Run_A1P2-ApisGene-Bovin1_3.17290/RawData/40522_GGCATTCT-CAAGCTAG-AHLFGHDSXY_L002_R1.fastq.gz,/home/mnaji/work/Project_A1P2-ApisGene-Bovin.1617/Run_A1P2-ApisGene-Bovin1_4.17291/RawData/40522_GGCATTCT-CAAGCTAG-AHLFGHDSXY_L003_R1.fastq.gz	/home/mnaji/work/Project_A1P2-ApisGene-Bovin.1617/Run_A1P2-ApisGene-Bovin1_1.17288/RawData/40522_GGCATTCT-CAAGCTAG-AHLFGHDSXY_L001_R2.fastq.gz,/home/mnaji/work/Project_A1P2-ApisGene-Bovin.1617/Run_A1P2-ApisGene-Bovin1_2.17289/RawData/40522_GGCATTCT-CAAGCTAG-AHLFGHDSXY_L004_R2.fastq.gz,/home/mnaji/work/Project_A1P2-ApisGene-Bovin.1617/Run_A1P2-ApisGene-Bovin1_3.17290/RawData/40522_GGCATTCT-CAAGCTAG-AHLFGHDSXY_L002_R2.fastq.gz,/home/mnaji/work/Project_A1P2-ApisGene-Bovin.1617/Run_A1P2-ApisGene-Bovin1_4.17291/RawData/40522_GGCATTCT-CAAGCTAG-AHLFGHDSXY_L003_R2.fastq.gz	/work/project/CASCAD/mnaji/sm_folder/results/vcf_lr/NMDFRAM005028990496_pbsv.vcf.gz
NMDFRAM005046740237	CLR	40523	FR5046740237	M	56	/home/mnaji/work/Project_A1P2-ApisGene-Bovin.1617/Run_A1P2-ApisGene-Bovin1_1.17288/RawData/40523_AATGCCTC-TGGATCGA-AHLFGHDSXY_L001_R1.fastq.gz,/home/mnaji/work/Project_A1P2-ApisGene-Bovin.1617/Run_A1P2-ApisGene-Bovin1_2.17289/RawData/40523_AATGCCTC-TGGATCGA-AHLFGHDSXY_L004_R1.fastq.gz,/home/mnaji/work/Project_A1P2-ApisGene-Bovin.1617/Run_A1P2-ApisGene-Bovin1_3.17290/RawData/40523_AATGCCTC-TGGATCGA-AHLFGHDSXY_L002_R1.fastq.gz,/home/mnaji/work/Project_A1P2-ApisGene-Bovin.1617/Run_A1P2-ApisGene-Bovin1_4.17291/RawData/40523_AATGCCTC-TGGATCGA-AHLFGHDSXY_L003_R1.fastq.gz	/home/mnaji/work/Project_A1P2-ApisGene-Bovin.1617/Run_A1P2-ApisGene-Bovin1_1.17288/RawData/40523_AATGCCTC-TGGATCGA-AHLFGHDSXY_L001_R2.fastq.gz,/home/mnaji/work/Project_A1P2-ApisGene-Bovin.1617/Run_A1P2-ApisGene-Bovin1_2.17289/RawData/40523_AATGCCTC-TGGATCGA-AHLFGHDSXY_L004_R2.fastq.gz,/home/mnaji/work/Project_A1P2-ApisGene-Bovin.1617/Run_A1P2-ApisGene-Bovin1_3.17290/RawData/40523_AATGCCTC-TGGATCGA-AHLFGHDSXY_L002_R2.fastq.gz,/home/mnaji/work/Project_A1P2-ApisGene-Bovin.1617/Run_A1P2-ApisGene-Bovin1_4.17291/RawData/40523_AATGCCTC-TGGATCGA-AHLFGHDSXY_L003_R2.fastq.gz	/work/project/CASCAD/mnaji/sm_folder/results/vcf_lr/NMDFRAM005046740237_pbsv.vcf.gz
NMDFRAM005054604023	CLR	40589	FR5054604023	M	56	/home/mnaji/work/Project_A1P2-ApisGene-Bovin.1617/Run_A1P2-ApisGene-Bovin2_1.17292/RawData/40589_AATGCCTC-TGGATCGA-BHL7YFDSXY_L001_R1.fastq.gz,/home/mnaji/work/Project_A1P2-ApisGene-Bovin.1617/Run_A1P2-ApisGene-Bovin2_2.17293/RawData/40589_AATGCCTC-TGGATCGA-BHL7YFDSXY_L003_R1.fastq.gz,/home/mnaji/work/Project_A1P2-ApisGene-Bovin.1617/Run_A1P2-ApisGene-Bovin2_3.17294/RawData/40589_AATGCCTC-TGGATCGA-BHL7YFDSXY_L002_R1.fastq.gz,/home/mnaji/work/Project_A1P2-ApisGene-Bovin.1617/Run_A1P2-ApisGene-Bovin2_4.17295/RawData/40589_AATGCCTC-TGGATCGA-BHL7YFDSXY_L004_R1.fastq.gz	/home/mnaji/work/Project_A1P2-ApisGene-Bovin.1617/Run_A1P2-ApisGene-Bovin2_1.17292/RawData/40589_AATGCCTC-TGGATCGA-BHL7YFDSXY_L001_R2.fastq.gz,/home/mnaji/work/Project_A1P2-ApisGene-Bovin.1617/Run_A1P2-ApisGene-Bovin2_2.17293/RawData/40589_AATGCCTC-TGGATCGA-BHL7YFDSXY_L003_R2.fastq.gz,/home/mnaji/work/Project_A1P2-ApisGene-Bovin.1617/Run_A1P2-ApisGene-Bovin2_3.17294/RawData/40589_AATGCCTC-TGGATCGA-BHL7YFDSXY_L002_R2.fastq.gz,/home/mnaji/work/Project_A1P2-ApisGene-Bovin.1617/Run_A1P2-ApisGene-Bovin2_4.17295/RawData/40589_AATGCCTC-TGGATCGA-BHL7YFDSXY_L004_R2.fastq.gz	/work/project/CASCAD/mnaji/sm_folder/results/vcf_lr/NMDFRAM005054604023_pbsv.vcf.gz
NMDFRAM005339351049	CLR	40524	FR5339351049	M	56	/home/mnaji/work/Project_A1P2-ApisGene-Bovin.1617/Run_A1P2-ApisGene-Bovin1_1.17288/RawData/40524_TACCGAGG-AGTTCAGG-AHLFGHDSXY_L001_R1.fastq.gz,/home/mnaji/work/Project_A1P2-ApisGene-Bovin.1617/Run_A1P2-ApisGene-Bovin1_2.17289/RawData/40524_TACCGAGG-AGTTCAGG-AHLFGHDSXY_L004_R1.fastq.gz,/home/mnaji/work/Project_A1P2-ApisGene-Bovin.1617/Run_A1P2-ApisGene-Bovin1_3.17290/RawData/40524_TACCGAGG-AGTTCAGG-AHLFGHDSXY_L002_R1.fastq.gz,/home/mnaji/work/Project_A1P2-ApisGene-Bovin.1617/Run_A1P2-ApisGene-Bovin1_4.17291/RawData/40524_TACCGAGG-AGTTCAGG-AHLFGHDSXY_L003_R1.fastq.gz	/home/mnaji/work/Project_A1P2-ApisGene-Bovin.1617/Run_A1P2-ApisGene-Bovin1_1.17288/RawData/40524_TACCGAGG-AGTTCAGG-AHLFGHDSXY_L001_R2.fastq.gz,/home/mnaji/work/Project_A1P2-ApisGene-Bovin.1617/Run_A1P2-ApisGene-Bovin1_2.17289/RawData/40524_TACCGAGG-AGTTCAGG-AHLFGHDSXY_L004_R2.fastq.gz,/home/mnaji/work/Project_A1P2-ApisGene-Bovin.1617/Run_A1P2-ApisGene-Bovin1_3.17290/RawData/40524_TACCGAGG-AGTTCAGG-AHLFGHDSXY_L002_R2.fastq.gz,/home/mnaji/work/Project_A1P2-ApisGene-Bovin.1617/Run_A1P2-ApisGene-Bovin1_4.17291/RawData/40524_TACCGAGG-AGTTCAGG-AHLFGHDSXY_L003_R2.fastq.gz	/work/project/CASCAD/mnaji/sm_folder/results/vcf_lr/NMDFRAM005339351049_pbsv.vcf.gz
NMDFRAM005344105973	CLR	41045	FR5344105973	M	56	/home/mnaji/work/Project_A1P2-ApisGene-Bovin.1617/Run_A1P2-ApisGene-Bovin-2ndBatch-pool2_1.18158/RawData/41045_ACTAAGAT-CCGCGGTT-BHCLGLDSX2_L001_R1.fastq.gz,/home/mnaji/work/Project_A1P2-ApisGene-Bovin.1617/Run_A1P2-ApisGene-Bovin-2ndBatch-pool2_2.18159/RawData/41045_ACTAAGAT-CCGCGGTT-BHCLGLDSX2_L003_R1.fastq.gz,/home/mnaji/work/Project_A1P2-ApisGene-Bovin.1617/Run_A1P2-ApisGene-Bovin-2ndBatch-pool2_3.18160/RawData/41045_ACTAAGAT-CCGCGGTT-BHCLGLDSX2_L002_R1.fastq.gz,/home/mnaji/work/Project_A1P2-ApisGene-Bovin.1617/Run_A1P2-ApisGene-Bovin-2ndBatch-pool2_4.18161/RawData/41045_ACTAAGAT-CCGCGGTT-BHCLGLDSX2_L004_R1.fastq.gz	/home/mnaji/work/Project_A1P2-ApisGene-Bovin.1617/Run_A1P2-ApisGene-Bovin-2ndBatch-pool2_1.18158/RawData/41045_ACTAAGAT-CCGCGGTT-BHCLGLDSX2_L001_R2.fastq.gz,/home/mnaji/work/Project_A1P2-ApisGene-Bovin.1617/Run_A1P2-ApisGene-Bovin-2ndBatch-pool2_2.18159/RawData/41045_ACTAAGAT-CCGCGGTT-BHCLGLDSX2_L003_R2.fastq.gz,/home/mnaji/work/Project_A1P2-ApisGene-Bovin.1617/Run_A1P2-ApisGene-Bovin-2ndBatch-pool2_3.18160/RawData/41045_ACTAAGAT-CCGCGGTT-BHCLGLDSX2_L002_R2.fastq.gz,/home/mnaji/work/Project_A1P2-ApisGene-Bovin.1617/Run_A1P2-ApisGene-Bovin-2ndBatch-pool2_4.18161/RawData/41045_ACTAAGAT-CCGCGGTT-BHCLGLDSX2_L004_R2.fastq.gz	/work/project/CASCAD/mnaji/sm_folder/results/vcf_lr/NMDFRAM005344105973_pbsv.vcf.gz
NMDFRAM005346019575	CLR	40525	FR5346019575	M	56	/home/mnaji/work/Project_A1P2-ApisGene-Bovin.1617/Run_A1P2-ApisGene-Bovin1_1.17288/RawData/40525_CGTTAGAA-GACCTGAA-AHLFGHDSXY_L001_R1.fastq.gz,/home/mnaji/work/Project_A1P2-ApisGene-Bovin.1617/Run_A1P2-ApisGene-Bovin1_2.17289/RawData/40525_CGTTAGAA-GACCTGAA-AHLFGHDSXY_L004_R1.fastq.gz,/home/mnaji/work/Project_A1P2-ApisGene-Bovin.1617/Run_A1P2-ApisGene-Bovin1_3.17290/RawData/40525_CGTTAGAA-GACCTGAA-AHLFGHDSXY_L002_R1.fastq.gz,/home/mnaji/work/Project_A1P2-ApisGene-Bovin.1617/Run_A1P2-ApisGene-Bovin1_4.17291/RawData/40525_CGTTAGAA-GACCTGAA-AHLFGHDSXY_L003_R1.fastq.gz	/home/mnaji/work/Project_A1P2-ApisGene-Bovin.1617/Run_A1P2-ApisGene-Bovin1_1.17288/RawData/40525_CGTTAGAA-GACCTGAA-AHLFGHDSXY_L001_R2.fastq.gz,/home/mnaji/work/Project_A1P2-ApisGene-Bovin.1617/Run_A1P2-ApisGene-Bovin1_2.17289/RawData/40525_CGTTAGAA-GACCTGAA-AHLFGHDSXY_L004_R2.fastq.gz,/home/mnaji/work/Project_A1P2-ApisGene-Bovin.1617/Run_A1P2-ApisGene-Bovin1_3.17290/RawData/40525_CGTTAGAA-GACCTGAA-AHLFGHDSXY_L002_R2.fastq.gz,/home/mnaji/work/Project_A1P2-ApisGene-Bovin.1617/Run_A1P2-ApisGene-Bovin1_4.17291/RawData/40525_CGTTAGAA-GACCTGAA-AHLFGHDSXY_L003_R2.fastq.gz	/work/project/CASCAD/mnaji/sm_folder/results/vcf_lr/NMDFRAM005346019575_pbsv.vcf.gz
NMDFRAM005357027868	CLR	40528	FR5357027868	M	56	/home/mnaji/work/Project_A1P2-ApisGene-Bovin.1617/Run_A1P2-ApisGene-Bovin1_1.17288/RawData/40528_TCGTAGTG-CCAAGTCT-AHLFGHDSXY_L001_R1.fastq.gz,/home/mnaji/work/Project_A1P2-ApisGene-Bovin.1617/Run_A1P2-ApisGene-Bovin1_2.17289/RawData/40528_TCGTAGTG-CCAAGTCT-AHLFGHDSXY_L004_R1.fastq.gz,/home/mnaji/work/Project_A1P2-ApisGene-Bovin.1617/Run_A1P2-ApisGene-Bovin1_3.17290/RawData/40528_TCGTAGTG-CCAAGTCT-AHLFGHDSXY_L002_R1.fastq.gz,/home/mnaji/work/Project_A1P2-ApisGene-Bovin.1617/Run_A1P2-ApisGene-Bovin1_4.17291/RawData/40528_TCGTAGTG-CCAAGTCT-AHLFGHDSXY_L003_R1.fastq.gz	/home/mnaji/work/Project_A1P2-ApisGene-Bovin.1617/Run_A1P2-ApisGene-Bovin1_1.17288/RawData/40528_TCGTAGTG-CCAAGTCT-AHLFGHDSXY_L001_R2.fastq.gz,/home/mnaji/work/Project_A1P2-ApisGene-Bovin.1617/Run_A1P2-ApisGene-Bovin1_2.17289/RawData/40528_TCGTAGTG-CCAAGTCT-AHLFGHDSXY_L004_R2.fastq.gz,/home/mnaji/work/Project_A1P2-ApisGene-Bovin.1617/Run_A1P2-ApisGene-Bovin1_3.17290/RawData/40528_TCGTAGTG-CCAAGTCT-AHLFGHDSXY_L002_R2.fastq.gz,/home/mnaji/work/Project_A1P2-ApisGene-Bovin.1617/Run_A1P2-ApisGene-Bovin1_4.17291/RawData/40528_TCGTAGTG-CCAAGTCT-AHLFGHDSXY_L003_R2.fastq.gz	/work/project/CASCAD/mnaji/sm_folder/results/vcf_lr/NMDFRAM005357027868_pbsv.vcf.gz
NMDFRAM005370912786	CLR	40529	FR5370912786	M	56	/home/mnaji/work/Project_A1P2-ApisGene-Bovin.1617/Run_A1P2-ApisGene-Bovin1_1.17288/RawData/40529_CTACGACA-TTGGACTC-AHLFGHDSXY_L001_R1.fastq.gz,/home/mnaji/work/Project_A1P2-ApisGene-Bovin.1617/Run_A1P2-ApisGene-Bovin1_2.17289/RawData/40529_CTACGACA-TTGGACTC-AHLFGHDSXY_L004_R1.fastq.gz,/home/mnaji/work/Project_A1P2-ApisGene-Bovin.1617/Run_A1P2-ApisGene-Bovin1_3.17290/RawData/40529_CTACGACA-TTGGACTC-AHLFGHDSXY_L002_R1.fastq.gz,/home/mnaji/work/Project_A1P2-ApisGene-Bovin.1617/Run_A1P2-ApisGene-Bovin1_4.17291/RawData/40529_CTACGACA-TTGGACTC-AHLFGHDSXY_L003_R1.fastq.gz	/home/mnaji/work/Project_A1P2-ApisGene-Bovin.1617/Run_A1P2-ApisGene-Bovin1_1.17288/RawData/40529_CTACGACA-TTGGACTC-AHLFGHDSXY_L001_R2.fastq.gz,/home/mnaji/work/Project_A1P2-ApisGene-Bovin.1617/Run_A1P2-ApisGene-Bovin1_2.17289/RawData/40529_CTACGACA-TTGGACTC-AHLFGHDSXY_L004_R2.fastq.gz,/home/mnaji/work/Project_A1P2-ApisGene-Bovin.1617/Run_A1P2-ApisGene-Bovin1_3.17290/RawData/40529_CTACGACA-TTGGACTC-AHLFGHDSXY_L002_R2.fastq.gz,/home/mnaji/work/Project_A1P2-ApisGene-Bovin.1617/Run_A1P2-ApisGene-Bovin1_4.17291/RawData/40529_CTACGACA-TTGGACTC-AHLFGHDSXY_L003_R2.fastq.gz	/work/project/CASCAD/mnaji/sm_folder/results/vcf_lr/NMDFRAM005370912786_pbsv.vcf.gz
NMDFRAM005632952199	CLR	40530	FR5632952199	M	56	/home/mnaji/work/Project_A1P2-ApisGene-Bovin.1617/Run_A1P2-ApisGene-Bovin1_1.17288/RawData/40530_TAAGTGGT-GGCTTAAG-AHLFGHDSXY_L001_R1.fastq.gz,/home/mnaji/work/Project_A1P2-ApisGene-Bovin.1617/Run_A1P2-ApisGene-Bovin1_2.17289/RawData/40530_TAAGTGGT-GGCTTAAG-AHLFGHDSXY_L004_R1.fastq.gz,/home/mnaji/work/Project_A1P2-ApisGene-Bovin.1617/Run_A1P2-ApisGene-Bovin1_3.17290/RawData/40530_TAAGTGGT-GGCTTAAG-AHLFGHDSXY_L002_R1.fastq.gz,/home/mnaji/work/Project_A1P2-ApisGene-Bovin.1617/Run_A1P2-ApisGene-Bovin1_4.17291/RawData/40530_TAAGTGGT-GGCTTAAG-AHLFGHDSXY_L003_R1.fastq.gz	/home/mnaji/work/Project_A1P2-ApisGene-Bovin.1617/Run_A1P2-ApisGene-Bovin1_1.17288/RawData/40530_TAAGTGGT-GGCTTAAG-AHLFGHDSXY_L001_R2.fastq.gz,/home/mnaji/work/Project_A1P2-ApisGene-Bovin.1617/Run_A1P2-ApisGene-Bovin1_2.17289/RawData/40530_TAAGTGGT-GGCTTAAG-AHLFGHDSXY_L004_R2.fastq.gz,/home/mnaji/work/Project_A1P2-ApisGene-Bovin.1617/Run_A1P2-ApisGene-Bovin1_3.17290/RawData/40530_TAAGTGGT-GGCTTAAG-AHLFGHDSXY_L002_R2.fastq.gz,/home/mnaji/work/Project_A1P2-ApisGene-Bovin.1617/Run_A1P2-ApisGene-Bovin1_4.17291/RawData/40530_TAAGTGGT-GGCTTAAG-AHLFGHDSXY_L003_R2.fastq.gz	/work/project/CASCAD/mnaji/sm_folder/results/vcf_lr/NMDFRAM005632952199_pbsv.vcf.gz
NMDFRAM006119426376	CLR	40591	FR6119426376	M	56	/home/mnaji/work/Project_A1P2-ApisGene-Bovin.1617/Run_A1P2-ApisGene-Bovin2_1.17292/RawData/40591_CGTTAGAA-GACCTGAA-BHL7YFDSXY_L001_R1.fastq.gz,/home/mnaji/work/Project_A1P2-ApisGene-Bovin.1617/Run_A1P2-ApisGene-Bovin2_2.17293/RawData/40591_CGTTAGAA-GACCTGAA-BHL7YFDSXY_L003_R1.fastq.gz,/home/mnaji/work/Project_A1P2-ApisGene-Bovin.1617/Run_A1P2-ApisGene-Bovin2_3.17294/RawData/40591_CGTTAGAA-GACCTGAA-BHL7YFDSXY_L002_R1.fastq.gz,/home/mnaji/work/Project_A1P2-ApisGene-Bovin.1617/Run_A1P2-ApisGene-Bovin2_4.17295/RawData/40591_CGTTAGAA-GACCTGAA-BHL7YFDSXY_L004_R1.fastq.gz	/home/mnaji/work/Project_A1P2-ApisGene-Bovin.1617/Run_A1P2-ApisGene-Bovin2_1.17292/RawData/40591_CGTTAGAA-GACCTGAA-BHL7YFDSXY_L001_R2.fastq.gz,/home/mnaji/work/Project_A1P2-ApisGene-Bovin.1617/Run_A1P2-ApisGene-Bovin2_2.17293/RawData/40591_CGTTAGAA-GACCTGAA-BHL7YFDSXY_L003_R2.fastq.gz,/home/mnaji/work/Project_A1P2-ApisGene-Bovin.1617/Run_A1P2-ApisGene-Bovin2_3.17294/RawData/40591_CGTTAGAA-GACCTGAA-BHL7YFDSXY_L002_R2.fastq.gz,/home/mnaji/work/Project_A1P2-ApisGene-Bovin.1617/Run_A1P2-ApisGene-Bovin2_4.17295/RawData/40591_CGTTAGAA-GACCTGAA-BHL7YFDSXY_L004_R2.fastq.gz	/work/project/CASCAD/mnaji/sm_folder/results/vcf_lr/NMDFRAM006119426376_pbsv.vcf.gz
NMDFRAM006123896395	CLR	40592	FR6123896395	M	56	/home/mnaji/work/Project_A1P2-ApisGene-Bovin.1617/Run_A1P2-ApisGene-Bovin2_1.17292/RawData/40592_AGCCTCAT-TCTCTACT-BHL7YFDSXY_L001_R1.fastq.gz,/home/mnaji/work/Project_A1P2-ApisGene-Bovin.1617/Run_A1P2-ApisGene-Bovin2_2.17293/RawData/40592_AGCCTCAT-TCTCTACT-BHL7YFDSXY_L003_R1.fastq.gz,/home/mnaji/work/Project_A1P2-ApisGene-Bovin.1617/Run_A1P2-ApisGene-Bovin2_3.17294/RawData/40592_AGCCTCAT-TCTCTACT-BHL7YFDSXY_L002_R1.fastq.gz,/home/mnaji/work/Project_A1P2-ApisGene-Bovin.1617/Run_A1P2-ApisGene-Bovin2_4.17295/RawData/40592_AGCCTCAT-TCTCTACT-BHL7YFDSXY_L004_R1.fastq.gz	/home/mnaji/work/Project_A1P2-ApisGene-Bovin.1617/Run_A1P2-ApisGene-Bovin2_1.17292/RawData/40592_AGCCTCAT-TCTCTACT-BHL7YFDSXY_L001_R2.fastq.gz,/home/mnaji/work/Project_A1P2-ApisGene-Bovin.1617/Run_A1P2-ApisGene-Bovin2_2.17293/RawData/40592_AGCCTCAT-TCTCTACT-BHL7YFDSXY_L003_R2.fastq.gz,/home/mnaji/work/Project_A1P2-ApisGene-Bovin.1617/Run_A1P2-ApisGene-Bovin2_3.17294/RawData/40592_AGCCTCAT-TCTCTACT-BHL7YFDSXY_L002_R2.fastq.gz,/home/mnaji/work/Project_A1P2-ApisGene-Bovin.1617/Run_A1P2-ApisGene-Bovin2_4.17295/RawData/40592_AGCCTCAT-TCTCTACT-BHL7YFDSXY_L004_R2.fastq.gz	/work/project/CASCAD/mnaji/sm_folder/results/vcf_lr/NMDFRAM006123896395_pbsv.vcf.gz
NMDFRAM006124239493	CLR	40593	FR6124239493	M	56	/home/mnaji/work/Project_A1P2-ApisGene-Bovin.1617/Run_A1P2-ApisGene-Bovin2_1.17292/RawData/40593_GATTCTGC-CTCTCGTC-BHL7YFDSXY_L001_R1.fastq.gz,/home/mnaji/work/Project_A1P2-ApisGene-Bovin.1617/Run_A1P2-ApisGene-Bovin2_2.17293/RawData/40593_GATTCTGC-CTCTCGTC-BHL7YFDSXY_L003_R1.fastq.gz,/home/mnaji/work/Project_A1P2-ApisGene-Bovin.1617/Run_A1P2-ApisGene-Bovin2_3.17294/RawData/40593_GATTCTGC-CTCTCGTC-BHL7YFDSXY_L002_R1.fastq.gz,/home/mnaji/work/Project_A1P2-ApisGene-Bovin.1617/Run_A1P2-ApisGene-Bovin2_4.17295/RawData/40593_GATTCTGC-CTCTCGTC-BHL7YFDSXY_L004_R1.fastq.gz	/home/mnaji/work/Project_A1P2-ApisGene-Bovin.1617/Run_A1P2-ApisGene-Bovin2_1.17292/RawData/40593_GATTCTGC-CTCTCGTC-BHL7YFDSXY_L001_R2.fastq.gz,/home/mnaji/work/Project_A1P2-ApisGene-Bovin.1617/Run_A1P2-ApisGene-Bovin2_2.17293/RawData/40593_GATTCTGC-CTCTCGTC-BHL7YFDSXY_L003_R2.fastq.gz,/home/mnaji/work/Project_A1P2-ApisGene-Bovin.1617/Run_A1P2-ApisGene-Bovin2_3.17294/RawData/40593_GATTCTGC-CTCTCGTC-BHL7YFDSXY_L002_R2.fastq.gz,/home/mnaji/work/Project_A1P2-ApisGene-Bovin.1617/Run_A1P2-ApisGene-Bovin2_4.17295/RawData/40593_GATTCTGC-CTCTCGTC-BHL7YFDSXY_L004_R2.fastq.gz	/work/project/CASCAD/mnaji/sm_folder/results/vcf_lr/NMDFRAM006124239493_pbsv.vcf.gz
NMDFRAM007620583323	CLR	40962	FR7620583323	M	56	/home/mnaji/work/Project_A1P2-ApisGene-Bovin.1617/Run_A1P2-ApisGene-2-pool1_1.17882/RawData/40962_ATGTAAGT-CATAGAGT-AHY3CFDSXY_L001_R1.fastq.gz,/home/mnaji/work/Project_A1P2-ApisGene-Bovin.1617/Run_A1P2-ApisGene-2-pool1_2.17885/RawData/40962_ATGTAAGT-CATAGAGT-AHY3CFDSXY_L002_R1.fastq.gz,/home/mnaji/work/Project_A1P2-ApisGene-Bovin.1617/Run_A1P2-ApisGene-2-pool1_3.17886/RawData/40962_ATGTAAGT-CATAGAGT-AHY3CFDSXY_L003_R1.fastq.gz,/home/mnaji/work/Project_A1P2-ApisGene-Bovin.1617/Run_A1P2-ApisGene-2-pool1_4.17887/RawData/40962_ATGTAAGT-CATAGAGT-AHY3CFDSXY_L004_R1.fastq.gz,/home/mnaji/work/Project_A1P2-ApisGene-Bovin.1617/Run_A1P2-ApisGene-2-pool1_5.18067/RawData/40962_ATGTAAGT-CATAGAGT-AHYGCWDSXY_L003_R1.fastq.gz,/home/mnaji/work/Project_A1P2-ApisGene-Bovin.1617/Run_A1P2-ApisGene-2-pool1_6.18080/RawData/40962_ATGTAAGT-CATAGAGT-AHYGCWDSXY_L001_R1.fastq.gz,/home/mnaji/work/Project_A1P2-ApisGene-Bovin.1617/Run_A1P2-ApisGene-2-pool1_7.18081/RawData/40962_ATGTAAGT-CATAGAGT-AHYGCWDSXY_L004_R1.fastq.gz,/home/mnaji/work/Project_A1P2-ApisGene-Bovin.1617/Run_A1P2-ApisGene-2-pool1-8.18082/RawData/40962_ATGTAAGT-CATAGAGT-AHYGCWDSXY_L002_R1.fastq.gz	/home/mnaji/work/Project_A1P2-ApisGene-Bovin.1617/Run_A1P2-ApisGene-2-pool1_1.17882/RawData/40962_ATGTAAGT-CATAGAGT-AHY3CFDSXY_L001_R2.fastq.gz,/home/mnaji/work/Project_A1P2-ApisGene-Bovin.1617/Run_A1P2-ApisGene-2-pool1_2.17885/RawData/40962_ATGTAAGT-CATAGAGT-AHY3CFDSXY_L002_R2.fastq.gz,/home/mnaji/work/Project_A1P2-ApisGene-Bovin.1617/Run_A1P2-ApisGene-2-pool1_3.17886/RawData/40962_ATGTAAGT-CATAGAGT-AHY3CFDSXY_L003_R2.fastq.gz,/home/mnaji/work/Project_A1P2-ApisGene-Bovin.1617/Run_A1P2-ApisGene-2-pool1_4.17887/RawData/40962_ATGTAAGT-CATAGAGT-AHY3CFDSXY_L004_R2.fastq.gz,/home/mnaji/work/Project_A1P2-ApisGene-Bovin.1617/Run_A1P2-ApisGene-2-pool1_5.18067/RawData/40962_ATGTAAGT-CATAGAGT-AHYGCWDSXY_L003_R2.fastq.gz,/home/mnaji/work/Project_A1P2-ApisGene-Bovin.1617/Run_A1P2-ApisGene-2-pool1_6.18080/RawData/40962_ATGTAAGT-CATAGAGT-AHYGCWDSXY_L001_R2.fastq.gz,/home/mnaji/work/Project_A1P2-ApisGene-Bovin.1617/Run_A1P2-ApisGene-2-pool1_7.18081/RawData/40962_ATGTAAGT-CATAGAGT-AHYGCWDSXY_L004_R2.fastq.gz,/home/mnaji/work/Project_A1P2-ApisGene-Bovin.1617/Run_A1P2-ApisGene-2-pool1-8.18082/RawData/40962_ATGTAAGT-CATAGAGT-AHYGCWDSXY_L002_R2.fastq.gz	/work/project/CASCAD/mnaji/sm_folder/results/vcf_lr/NMDFRAM007620583323_pbsv.vcf.gz
NMDFRAM007644102969	CLR	40597	FR7644102969	M	56	/home/mnaji/work/Project_A1P2-ApisGene-Bovin.1617/Run_A1P2-ApisGene-Bovin2_1.17292/RawData/40597_CGGACAAC-AATCCGGA-BHL7YFDSXY_L001_R1.fastq.gz,/home/mnaji/work/Project_A1P2-ApisGene-Bovin.1617/Run_A1P2-ApisGene-Bovin2_2.17293/RawData/40597_CGGACAAC-AATCCGGA-BHL7YFDSXY_L003_R1.fastq.gz,/home/mnaji/work/Project_A1P2-ApisGene-Bovin.1617/Run_A1P2-ApisGene-Bovin2_3.17294/RawData/40597_CGGACAAC-AATCCGGA-BHL7YFDSXY_L002_R1.fastq.gz,/home/mnaji/work/Project_A1P2-ApisGene-Bovin.1617/Run_A1P2-ApisGene-Bovin2_4.17295/RawData/40597_CGGACAAC-AATCCGGA-BHL7YFDSXY_L004_R1.fastq.gz	/home/mnaji/work/Project_A1P2-ApisGene-Bovin.1617/Run_A1P2-ApisGene-Bovin2_1.17292/RawData/40597_CGGACAAC-AATCCGGA-BHL7YFDSXY_L001_R2.fastq.gz,/home/mnaji/work/Project_A1P2-ApisGene-Bovin.1617/Run_A1P2-ApisGene-Bovin2_2.17293/RawData/40597_CGGACAAC-AATCCGGA-BHL7YFDSXY_L003_R2.fastq.gz,/home/mnaji/work/Project_A1P2-ApisGene-Bovin.1617/Run_A1P2-ApisGene-Bovin2_3.17294/RawData/40597_CGGACAAC-AATCCGGA-BHL7YFDSXY_L002_R2.fastq.gz,/home/mnaji/work/Project_A1P2-ApisGene-Bovin.1617/Run_A1P2-ApisGene-Bovin2_4.17295/RawData/40597_CGGACAAC-AATCCGGA-BHL7YFDSXY_L004_R2.fastq.gz	/work/project/CASCAD/mnaji/sm_folder/results/vcf_lr/NMDFRAM007644102969_pbsv.vcf.gz
NMDFRAM008070733798	CLR	40598	FR8070733798	M	56	/home/mnaji/work/Project_A1P2-ApisGene-Bovin.1617/Run_A1P2-ApisGene-Bovin2_1.17292/RawData/40598_ATATGGAT-TAATACAG-BHL7YFDSXY_L001_R1.fastq.gz,/home/mnaji/work/Project_A1P2-ApisGene-Bovin.1617/Run_A1P2-ApisGene-Bovin2_2.17293/RawData/40598_ATATGGAT-TAATACAG-BHL7YFDSXY_L003_R1.fastq.gz,/home/mnaji/work/Project_A1P2-ApisGene-Bovin.1617/Run_A1P2-ApisGene-Bovin2_3.17294/RawData/40598_ATATGGAT-TAATACAG-BHL7YFDSXY_L002_R1.fastq.gz,/home/mnaji/work/Project_A1P2-ApisGene-Bovin.1617/Run_A1P2-ApisGene-Bovin2_4.17295/RawData/40598_ATATGGAT-TAATACAG-BHL7YFDSXY_L004_R1.fastq.gz	/home/mnaji/work/Project_A1P2-ApisGene-Bovin.1617/Run_A1P2-ApisGene-Bovin2_1.17292/RawData/40598_ATATGGAT-TAATACAG-BHL7YFDSXY_L001_R2.fastq.gz,/home/mnaji/work/Project_A1P2-ApisGene-Bovin.1617/Run_A1P2-ApisGene-Bovin2_2.17293/RawData/40598_ATATGGAT-TAATACAG-BHL7YFDSXY_L003_R2.fastq.gz,/home/mnaji/work/Project_A1P2-ApisGene-Bovin.1617/Run_A1P2-ApisGene-Bovin2_3.17294/RawData/40598_ATATGGAT-TAATACAG-BHL7YFDSXY_L002_R2.fastq.gz,/home/mnaji/work/Project_A1P2-ApisGene-Bovin.1617/Run_A1P2-ApisGene-Bovin2_4.17295/RawData/40598_ATATGGAT-TAATACAG-BHL7YFDSXY_L004_R2.fastq.gz	/work/project/CASCAD/mnaji/sm_folder/results/vcf_lr/NMDFRAM008070733798_pbsv.vcf.gz
PARFRAM007903520279	CLR	41053	FR7903520279	M	71	/home/mnaji/work/Project_A1P2-ApisGene-Bovin.1617/Run_A1P2-ApisGene-Bovin-2ndBatch-pool2_1.18158/RawData/41053_TACCGAGG-AGTTCAGG-BHCLGLDSX2_L001_R1.fastq.gz,/home/mnaji/work/Project_A1P2-ApisGene-Bovin.1617/Run_A1P2-ApisGene-Bovin-2ndBatch-pool2_2.18159/RawData/41053_TACCGAGG-AGTTCAGG-BHCLGLDSX2_L003_R1.fastq.gz,/home/mnaji/work/Project_A1P2-ApisGene-Bovin.1617/Run_A1P2-ApisGene-Bovin-2ndBatch-pool2_3.18160/RawData/41053_TACCGAGG-AGTTCAGG-BHCLGLDSX2_L002_R1.fastq.gz,/home/mnaji/work/Project_A1P2-ApisGene-Bovin.1617/Run_A1P2-ApisGene-Bovin-2ndBatch-pool2_4.18161/RawData/41053_TACCGAGG-AGTTCAGG-BHCLGLDSX2_L004_R1.fastq.gz,/home/mnaji/work/Project_A1P2-ApisGene-Bovin.1617/Run_pool-Bovin-B2-P2-rep_1.18272/RawData/41053_TACCGAGG-AGTTCAGG-AHFJ5CDSX2_L003_R1.fastq.gz,/home/mnaji/work/Project_A1P2-ApisGene-Bovin.1617/Run_pool-Bovin-B2-P2-rep_2.18273/RawData/41053_TACCGAGG-AGTTCAGG-AHFJ5CDSX2_L004_R1.fastq.gz	/home/mnaji/work/Project_A1P2-ApisGene-Bovin.1617/Run_A1P2-ApisGene-Bovin-2ndBatch-pool2_1.18158/RawData/41053_TACCGAGG-AGTTCAGG-BHCLGLDSX2_L001_R2.fastq.gz,/home/mnaji/work/Project_A1P2-ApisGene-Bovin.1617/Run_A1P2-ApisGene-Bovin-2ndBatch-pool2_2.18159/RawData/41053_TACCGAGG-AGTTCAGG-BHCLGLDSX2_L003_R2.fastq.gz,/home/mnaji/work/Project_A1P2-ApisGene-Bovin.1617/Run_A1P2-ApisGene-Bovin-2ndBatch-pool2_3.18160/RawData/41053_TACCGAGG-AGTTCAGG-BHCLGLDSX2_L002_R2.fastq.gz,/home/mnaji/work/Project_A1P2-ApisGene-Bovin.1617/Run_A1P2-ApisGene-Bovin-2ndBatch-pool2_4.18161/RawData/41053_TACCGAGG-AGTTCAGG-BHCLGLDSX2_L004_R2.fastq.gz,/home/mnaji/work/Project_A1P2-ApisGene-Bovin.1617/Run_pool-Bovin-B2-P2-rep_1.18272/RawData/41053_TACCGAGG-AGTTCAGG-AHFJ5CDSX2_L003_R2.fastq.gz,/home/mnaji/work/Project_A1P2-ApisGene-Bovin.1617/Run_pool-Bovin-B2-P2-rep_2.18273/RawData/41053_TACCGAGG-AGTTCAGG-AHFJ5CDSX2_L004_R2.fastq.gz	/work/project/CASCAD/mnaji/sm_folder/results/vcf_lr/PARFRAM007903520279_pbsv.vcf.gz
PARFRAM007949950013	CLR	41055	FR7949950013	M	71	/home/mnaji/work/Project_A1P2-ApisGene-Bovin.1617/Run_A1P2-ApisGene-Bovin-2ndBatch-pool2_1.18158/RawData/41055_AGCCTCAT-TCTCTACT-BHCLGLDSX2_L001_R1.fastq.gz,/home/mnaji/work/Project_A1P2-ApisGene-Bovin.1617/Run_A1P2-ApisGene-Bovin-2ndBatch-pool2_2.18159/RawData/41055_AGCCTCAT-TCTCTACT-BHCLGLDSX2_L003_R1.fastq.gz,/home/mnaji/work/Project_A1P2-ApisGene-Bovin.1617/Run_A1P2-ApisGene-Bovin-2ndBatch-pool2_3.18160/RawData/41055_AGCCTCAT-TCTCTACT-BHCLGLDSX2_L002_R1.fastq.gz,/home/mnaji/work/Project_A1P2-ApisGene-Bovin.1617/Run_A1P2-ApisGene-Bovin-2ndBatch-pool2_4.18161/RawData/41055_AGCCTCAT-TCTCTACT-BHCLGLDSX2_L004_R1.fastq.gz	/home/mnaji/work/Project_A1P2-ApisGene-Bovin.1617/Run_A1P2-ApisGene-Bovin-2ndBatch-pool2_1.18158/RawData/41055_AGCCTCAT-TCTCTACT-BHCLGLDSX2_L001_R2.fastq.gz,/home/mnaji/work/Project_A1P2-ApisGene-Bovin.1617/Run_A1P2-ApisGene-Bovin-2ndBatch-pool2_2.18159/RawData/41055_AGCCTCAT-TCTCTACT-BHCLGLDSX2_L003_R2.fastq.gz,/home/mnaji/work/Project_A1P2-ApisGene-Bovin.1617/Run_A1P2-ApisGene-Bovin-2ndBatch-pool2_3.18160/RawData/41055_AGCCTCAT-TCTCTACT-BHCLGLDSX2_L002_R2.fastq.gz,/home/mnaji/work/Project_A1P2-ApisGene-Bovin.1617/Run_A1P2-ApisGene-Bovin-2ndBatch-pool2_4.18161/RawData/41055_AGCCTCAT-TCTCTACT-BHCLGLDSX2_L004_R2.fastq.gz	/work/project/CASCAD/mnaji/sm_folder/results/vcf_lr/PARFRAM007949950013_pbsv.vcf.gz
PARFRAM007989003629	CLR	41054	FR7989003629	M	71	/home/mnaji/work/Project_A1P2-ApisGene-Bovin.1617/Run_A1P2-ApisGene-Bovin-2ndBatch-pool2_1.18158/RawData/41054_CGTTAGAA-GACCTGAA-BHCLGLDSX2_L001_R1.fastq.gz,/home/mnaji/work/Project_A1P2-ApisGene-Bovin.1617/Run_A1P2-ApisGene-Bovin-2ndBatch-pool2_2.18159/RawData/41054_CGTTAGAA-GACCTGAA-BHCLGLDSX2_L003_R1.fastq.gz,/home/mnaji/work/Project_A1P2-ApisGene-Bovin.1617/Run_A1P2-ApisGene-Bovin-2ndBatch-pool2_3.18160/RawData/41054_CGTTAGAA-GACCTGAA-BHCLGLDSX2_L002_R1.fastq.gz,/home/mnaji/work/Project_A1P2-ApisGene-Bovin.1617/Run_A1P2-ApisGene-Bovin-2ndBatch-pool2_4.18161/RawData/41054_CGTTAGAA-GACCTGAA-BHCLGLDSX2_L004_R1.fastq.gz,/home/mnaji/work/Project_A1P2-ApisGene-Bovin.1617/Run_pool-Bovin-B2-P2-rep_1.18272/RawData/41054_CGTTAGAA-GACCTGAA-AHFJ5CDSX2_L003_R1.fastq.gz,/home/mnaji/work/Project_A1P2-ApisGene-Bovin.1617/Run_pool-Bovin-B2-P2-rep_2.18273/RawData/41054_CGTTAGAA-GACCTGAA-AHFJ5CDSX2_L004_R1.fastq.gz	/home/mnaji/work/Project_A1P2-ApisGene-Bovin.1617/Run_A1P2-ApisGene-Bovin-2ndBatch-pool2_1.18158/RawData/41054_CGTTAGAA-GACCTGAA-BHCLGLDSX2_L001_R2.fastq.gz,/home/mnaji/work/Project_A1P2-ApisGene-Bovin.1617/Run_A1P2-ApisGene-Bovin-2ndBatch-pool2_2.18159/RawData/41054_CGTTAGAA-GACCTGAA-BHCLGLDSX2_L003_R2.fastq.gz,/home/mnaji/work/Project_A1P2-ApisGene-Bovin.1617/Run_A1P2-ApisGene-Bovin-2ndBatch-pool2_3.18160/RawData/41054_CGTTAGAA-GACCTGAA-BHCLGLDSX2_L002_R2.fastq.gz,/home/mnaji/work/Project_A1P2-ApisGene-Bovin.1617/Run_A1P2-ApisGene-Bovin-2ndBatch-pool2_4.18161/RawData/41054_CGTTAGAA-GACCTGAA-BHCLGLDSX2_L004_R2.fastq.gz,/home/mnaji/work/Project_A1P2-ApisGene-Bovin.1617/Run_pool-Bovin-B2-P2-rep_1.18272/RawData/41054_CGTTAGAA-GACCTGAA-AHFJ5CDSX2_L003_R2.fastq.gz,/home/mnaji/work/Project_A1P2-ApisGene-Bovin.1617/Run_pool-Bovin-B2-P2-rep_2.18273/RawData/41054_CGTTAGAA-GACCTGAA-AHFJ5CDSX2_L004_R2.fastq.gz	/work/project/CASCAD/mnaji/sm_folder/results/vcf_lr/PARFRAM007989003629_pbsv.vcf.gz
RDCFRAM005991005370	CLR	41215	FR5991005370	M	63	/home/mnaji/work/Project_A1P2-ApisGene-Bovin.1617/Run_ApisGene-Bovin-B2P4_1.18453/RawData/41215_TACCGAGG-AGTTCAGG-BHGLJGDSX2_L002_R1.fastq.gz,/home/mnaji/work/Project_A1P2-ApisGene-Bovin.1617/Run_ApisGene-Bovin-B2P4_2.18543/RawData/41215_TACCGAGG-AGTTCAGG-BHGLJGDSX2_L001_R1.fastq.gz,/home/mnaji/work/Project_A1P2-ApisGene-Bovin.1617/Run_ApisGene-Bovin-B2P4_3.18544/RawData/41215_TACCGAGG-AGTTCAGG-BHGLJGDSX2_L003_R1.fastq.gz,/home/mnaji/work/Project_A1P2-ApisGene-Bovin.1617/Run_ApisGene-Bovin-B2P4_4.18545/RawData/41215_TACCGAGG-AGTTCAGG-BHGLJGDSX2_L004_R1.fastq.gz	/home/mnaji/work/Project_A1P2-ApisGene-Bovin.1617/Run_ApisGene-Bovin-B2P4_1.18453/RawData/41215_TACCGAGG-AGTTCAGG-BHGLJGDSX2_L002_R2.fastq.gz,/home/mnaji/work/Project_A1P2-ApisGene-Bovin.1617/Run_ApisGene-Bovin-B2P4_2.18543/RawData/41215_TACCGAGG-AGTTCAGG-BHGLJGDSX2_L001_R2.fastq.gz,/home/mnaji/work/Project_A1P2-ApisGene-Bovin.1617/Run_ApisGene-Bovin-B2P4_3.18544/RawData/41215_TACCGAGG-AGTTCAGG-BHGLJGDSX2_L003_R2.fastq.gz,/home/mnaji/work/Project_A1P2-ApisGene-Bovin.1617/Run_ApisGene-Bovin-B2P4_4.18545/RawData/41215_TACCGAGG-AGTTCAGG-BHGLJGDSX2_L004_R2.fastq.gz	/work/project/CASCAD/mnaji/sm_folder/results/vcf_lr/RDCFRAM005991005370_pbsv.vcf.gz
RDCFRAM006204103580	CLR	41216	FR6204103580	M	63	/home/mnaji/work/Project_A1P2-ApisGene-Bovin.1617/Run_ApisGene-Bovin-B2P4_1.18453/RawData/41216_CGTTAGAA-GACCTGAA-BHGLJGDSX2_L002_R1.fastq.gz,/home/mnaji/work/Project_A1P2-ApisGene-Bovin.1617/Run_ApisGene-Bovin-B2P4_2.18543/RawData/41216_CGTTAGAA-GACCTGAA-BHGLJGDSX2_L001_R1.fastq.gz,/home/mnaji/work/Project_A1P2-ApisGene-Bovin.1617/Run_ApisGene-Bovin-B2P4_3.18544/RawData/41216_CGTTAGAA-GACCTGAA-BHGLJGDSX2_L003_R1.fastq.gz,/home/mnaji/work/Project_A1P2-ApisGene-Bovin.1617/Run_ApisGene-Bovin-B2P4_4.18545/RawData/41216_CGTTAGAA-GACCTGAA-BHGLJGDSX2_L004_R1.fastq.gz	/home/mnaji/work/Project_A1P2-ApisGene-Bovin.1617/Run_ApisGene-Bovin-B2P4_1.18453/RawData/41216_CGTTAGAA-GACCTGAA-BHGLJGDSX2_L002_R2.fastq.gz,/home/mnaji/work/Project_A1P2-ApisGene-Bovin.1617/Run_ApisGene-Bovin-B2P4_2.18543/RawData/41216_CGTTAGAA-GACCTGAA-BHGLJGDSX2_L001_R2.fastq.gz,/home/mnaji/work/Project_A1P2-ApisGene-Bovin.1617/Run_ApisGene-Bovin-B2P4_3.18544/RawData/41216_CGTTAGAA-GACCTGAA-BHGLJGDSX2_L003_R2.fastq.gz,/home/mnaji/work/Project_A1P2-ApisGene-Bovin.1617/Run_ApisGene-Bovin-B2P4_4.18545/RawData/41216_CGTTAGAA-GACCTGAA-BHGLJGDSX2_L004_R2.fastq.gz	/work/project/CASCAD/mnaji/sm_folder/results/vcf_lr/RDCFRAM006204103580_pbsv.vcf.gz
RDCFRAM006284000083	CLR	41214	FR6284000083	M	63	/home/mnaji/work/Project_A1P2-ApisGene-Bovin.1617/Run_ApisGene-Bovin-B2P4_1.18453/RawData/41214_AATGCCTC-TGGATCGA-BHGLJGDSX2_L002_R1.fastq.gz,/home/mnaji/work/Project_A1P2-ApisGene-Bovin.1617/Run_ApisGene-Bovin-B2P4_2.18543/RawData/41214_AATGCCTC-TGGATCGA-BHGLJGDSX2_L001_R1.fastq.gz,/home/mnaji/work/Project_A1P2-ApisGene-Bovin.1617/Run_ApisGene-Bovin-B2P4_3.18544/RawData/41214_AATGCCTC-TGGATCGA-BHGLJGDSX2_L003_R1.fastq.gz,/home/mnaji/work/Project_A1P2-ApisGene-Bovin.1617/Run_ApisGene-Bovin-B2P4_4.18545/RawData/41214_AATGCCTC-TGGATCGA-BHGLJGDSX2_L004_R1.fastq.gz	/home/mnaji/work/Project_A1P2-ApisGene-Bovin.1617/Run_ApisGene-Bovin-B2P4_1.18453/RawData/41214_AATGCCTC-TGGATCGA-BHGLJGDSX2_L002_R2.fastq.gz,/home/mnaji/work/Project_A1P2-ApisGene-Bovin.1617/Run_ApisGene-Bovin-B2P4_2.18543/RawData/41214_AATGCCTC-TGGATCGA-BHGLJGDSX2_L001_R2.fastq.gz,/home/mnaji/work/Project_A1P2-ApisGene-Bovin.1617/Run_ApisGene-Bovin-B2P4_3.18544/RawData/41214_AATGCCTC-TGGATCGA-BHGLJGDSX2_L003_R2.fastq.gz,/home/mnaji/work/Project_A1P2-ApisGene-Bovin.1617/Run_ApisGene-Bovin-B2P4_4.18545/RawData/41214_AATGCCTC-TGGATCGA-BHGLJGDSX2_L004_R2.fastq.gz	/work/project/CASCAD/mnaji/sm_folder/results/vcf_lr/RDCFRAM006284000083_pbsv.vcf.gz
SIMFRAM002130601268	CLR	40986	FR2130601268	M	35	/home/mnaji/work/Project_A1P2-ApisGene-Bovin.1617/Run_A1P2-ApisGene-2-pool1_1.17882/RawData/40986_AAGATACT-ATGTAAGT-AHY3CFDSXY_L001_R1.fastq.gz,/home/mnaji/work/Project_A1P2-ApisGene-Bovin.1617/Run_A1P2-ApisGene-2-pool1_2.17885/RawData/40986_AAGATACT-ATGTAAGT-AHY3CFDSXY_L002_R1.fastq.gz,/home/mnaji/work/Project_A1P2-ApisGene-Bovin.1617/Run_A1P2-ApisGene-2-pool1_3.17886/RawData/40986_AAGATACT-ATGTAAGT-AHY3CFDSXY_L003_R1.fastq.gz,/home/mnaji/work/Project_A1P2-ApisGene-Bovin.1617/Run_A1P2-ApisGene-2-pool1_4.17887/RawData/40986_AAGATACT-ATGTAAGT-AHY3CFDSXY_L004_R1.fastq.gz,/home/mnaji/work/Project_A1P2-ApisGene-Bovin.1617/Run_A1P2-ApisGene-2-pool1_5.18067/RawData/40986_AAGATACT-ATGTAAGT-AHYGCWDSXY_L003_R1.fastq.gz,/home/mnaji/work/Project_A1P2-ApisGene-Bovin.1617/Run_A1P2-ApisGene-2-pool1_6.18080/RawData/40986_AAGATACT-ATGTAAGT-AHYGCWDSXY_L001_R1.fastq.gz,/home/mnaji/work/Project_A1P2-ApisGene-Bovin.1617/Run_A1P2-ApisGene-2-pool1_7.18081/RawData/40986_AAGATACT-ATGTAAGT-AHYGCWDSXY_L004_R1.fastq.gz,/home/mnaji/work/Project_A1P2-ApisGene-Bovin.1617/Run_A1P2-ApisGene-2-pool1-8.18082/RawData/40986_AAGATACT-ATGTAAGT-AHYGCWDSXY_L002_R1.fastq.gz	/home/mnaji/work/Project_A1P2-ApisGene-Bovin.1617/Run_A1P2-ApisGene-2-pool1_1.17882/RawData/40986_AAGATACT-ATGTAAGT-AHY3CFDSXY_L001_R2.fastq.gz,/home/mnaji/work/Project_A1P2-ApisGene-Bovin.1617/Run_A1P2-ApisGene-2-pool1_2.17885/RawData/40986_AAGATACT-ATGTAAGT-AHY3CFDSXY_L002_R2.fastq.gz,/home/mnaji/work/Project_A1P2-ApisGene-Bovin.1617/Run_A1P2-ApisGene-2-pool1_3.17886/RawData/40986_AAGATACT-ATGTAAGT-AHY3CFDSXY_L003_R2.fastq.gz,/home/mnaji/work/Project_A1P2-ApisGene-Bovin.1617/Run_A1P2-ApisGene-2-pool1_4.17887/RawData/40986_AAGATACT-ATGTAAGT-AHY3CFDSXY_L004_R2.fastq.gz,/home/mnaji/work/Project_A1P2-ApisGene-Bovin.1617/Run_A1P2-ApisGene-2-pool1_5.18067/RawData/40986_AAGATACT-ATGTAAGT-AHYGCWDSXY_L003_R2.fastq.gz,/home/mnaji/work/Project_A1P2-ApisGene-Bovin.1617/Run_A1P2-ApisGene-2-pool1_6.18080/RawData/40986_AAGATACT-ATGTAAGT-AHYGCWDSXY_L001_R2.fastq.gz,/home/mnaji/work/Project_A1P2-ApisGene-Bovin.1617/Run_A1P2-ApisGene-2-pool1_7.18081/RawData/40986_AAGATACT-ATGTAAGT-AHYGCWDSXY_L004_R2.fastq.gz,/home/mnaji/work/Project_A1P2-ApisGene-Bovin.1617/Run_A1P2-ApisGene-2-pool1-8.18082/RawData/40986_AAGATACT-ATGTAAGT-AHYGCWDSXY_L002_R2.fastq.gz	/work/project/CASCAD/mnaji/sm_folder/results/vcf_lr/SIMFRAM002130601268_pbsv.vcf.gz
SIMFRAM003804030761	CLR	40987	FR3804030761	M	35	/home/mnaji/work/Project_A1P2-ApisGene-Bovin.1617/Run_A1P2-ApisGene-2-pool1_1.17882/RawData/40987_GGAGCGTC-GCACGGAC-AHY3CFDSXY_L001_R1.fastq.gz,/home/mnaji/work/Project_A1P2-ApisGene-Bovin.1617/Run_A1P2-ApisGene-2-pool1_2.17885/RawData/40987_GGAGCGTC-GCACGGAC-AHY3CFDSXY_L002_R1.fastq.gz,/home/mnaji/work/Project_A1P2-ApisGene-Bovin.1617/Run_A1P2-ApisGene-2-pool1_3.17886/RawData/40987_GGAGCGTC-GCACGGAC-AHY3CFDSXY_L003_R1.fastq.gz,/home/mnaji/work/Project_A1P2-ApisGene-Bovin.1617/Run_A1P2-ApisGene-2-pool1_4.17887/RawData/40987_GGAGCGTC-GCACGGAC-AHY3CFDSXY_L004_R1.fastq.gz,/home/mnaji/work/Project_A1P2-ApisGene-Bovin.1617/Run_A1P2-ApisGene-2-pool1_5.18067/RawData/40987_GGAGCGTC-GCACGGAC-AHYGCWDSXY_L003_R1.fastq.gz,/home/mnaji/work/Project_A1P2-ApisGene-Bovin.1617/Run_A1P2-ApisGene-2-pool1_6.18080/RawData/40987_GGAGCGTC-GCACGGAC-AHYGCWDSXY_L001_R1.fastq.gz,/home/mnaji/work/Project_A1P2-ApisGene-Bovin.1617/Run_A1P2-ApisGene-2-pool1_7.18081/RawData/40987_GGAGCGTC-GCACGGAC-AHYGCWDSXY_L004_R1.fastq.gz,/home/mnaji/work/Project_A1P2-ApisGene-Bovin.1617/Run_A1P2-ApisGene-2-pool1-8.18082/RawData/40987_GGAGCGTC-GCACGGAC-AHYGCWDSXY_L002_R1.fastq.gz	/home/mnaji/work/Project_A1P2-ApisGene-Bovin.1617/Run_A1P2-ApisGene-2-pool1_1.17882/RawData/40987_GGAGCGTC-GCACGGAC-AHY3CFDSXY_L001_R2.fastq.gz,/home/mnaji/work/Project_A1P2-ApisGene-Bovin.1617/Run_A1P2-ApisGene-2-pool1_2.17885/RawData/40987_GGAGCGTC-GCACGGAC-AHY3CFDSXY_L002_R2.fastq.gz,/home/mnaji/work/Project_A1P2-ApisGene-Bovin.1617/Run_A1P2-ApisGene-2-pool1_3.17886/RawData/40987_GGAGCGTC-GCACGGAC-AHY3CFDSXY_L003_R2.fastq.gz,/home/mnaji/work/Project_A1P2-ApisGene-Bovin.1617/Run_A1P2-ApisGene-2-pool1_4.17887/RawData/40987_GGAGCGTC-GCACGGAC-AHY3CFDSXY_L004_R2.fastq.gz,/home/mnaji/work/Project_A1P2-ApisGene-Bovin.1617/Run_A1P2-ApisGene-2-pool1_5.18067/RawData/40987_GGAGCGTC-GCACGGAC-AHYGCWDSXY_L003_R2.fastq.gz,/home/mnaji/work/Project_A1P2-ApisGene-Bovin.1617/Run_A1P2-ApisGene-2-pool1_6.18080/RawData/40987_GGAGCGTC-GCACGGAC-AHYGCWDSXY_L001_R2.fastq.gz,/home/mnaji/work/Project_A1P2-ApisGene-Bovin.1617/Run_A1P2-ApisGene-2-pool1_7.18081/RawData/40987_GGAGCGTC-GCACGGAC-AHYGCWDSXY_L004_R2.fastq.gz,/home/mnaji/work/Project_A1P2-ApisGene-Bovin.1617/Run_A1P2-ApisGene-2-pool1-8.18082/RawData/40987_GGAGCGTC-GCACGGAC-AHYGCWDSXY_L002_R2.fastq.gz	/work/project/CASCAD/mnaji/sm_folder/results/vcf_lr/SIMFRAM003804030761_pbsv.vcf.gz
SIMFRAM006363587262	CLR	40988	FR6363587262	M	35	/home/mnaji/work/Project_A1P2-ApisGene-Bovin.1617/Run_A1P2-ApisGene-2-pool1_1.17882/RawData/40988_ATGGCATG-GGTACCTT-AHY3CFDSXY_L001_R1.fastq.gz,/home/mnaji/work/Project_A1P2-ApisGene-Bovin.1617/Run_A1P2-ApisGene-2-pool1_2.17885/RawData/40988_ATGGCATG-GGTACCTT-AHY3CFDSXY_L002_R1.fastq.gz,/home/mnaji/work/Project_A1P2-ApisGene-Bovin.1617/Run_A1P2-ApisGene-2-pool1_3.17886/RawData/40988_ATGGCATG-GGTACCTT-AHY3CFDSXY_L003_R1.fastq.gz,/home/mnaji/work/Project_A1P2-ApisGene-Bovin.1617/Run_A1P2-ApisGene-2-pool1_4.17887/RawData/40988_ATGGCATG-GGTACCTT-AHY3CFDSXY_L004_R1.fastq.gz,/home/mnaji/work/Project_A1P2-ApisGene-Bovin.1617/Run_A1P2-ApisGene-2-pool1_5.18067/RawData/40988_ATGGCATG-GGTACCTT-AHYGCWDSXY_L003_R1.fastq.gz,/home/mnaji/work/Project_A1P2-ApisGene-Bovin.1617/Run_A1P2-ApisGene-2-pool1_6.18080/RawData/40988_ATGGCATG-GGTACCTT-AHYGCWDSXY_L001_R1.fastq.gz,/home/mnaji/work/Project_A1P2-ApisGene-Bovin.1617/Run_A1P2-ApisGene-2-pool1_7.18081/RawData/40988_ATGGCATG-GGTACCTT-AHYGCWDSXY_L004_R1.fastq.gz,/home/mnaji/work/Project_A1P2-ApisGene-Bovin.1617/Run_A1P2-ApisGene-2-pool1-8.18082/RawData/40988_ATGGCATG-GGTACCTT-AHYGCWDSXY_L002_R1.fastq.gz	/home/mnaji/work/Project_A1P2-ApisGene-Bovin.1617/Run_A1P2-ApisGene-2-pool1_1.17882/RawData/40988_ATGGCATG-GGTACCTT-AHY3CFDSXY_L001_R2.fastq.gz,/home/mnaji/work/Project_A1P2-ApisGene-Bovin.1617/Run_A1P2-ApisGene-2-pool1_2.17885/RawData/40988_ATGGCATG-GGTACCTT-AHY3CFDSXY_L002_R2.fastq.gz,/home/mnaji/work/Project_A1P2-ApisGene-Bovin.1617/Run_A1P2-ApisGene-2-pool1_3.17886/RawData/40988_ATGGCATG-GGTACCTT-AHY3CFDSXY_L003_R2.fastq.gz,/home/mnaji/work/Project_A1P2-ApisGene-Bovin.1617/Run_A1P2-ApisGene-2-pool1_4.17887/RawData/40988_ATGGCATG-GGTACCTT-AHY3CFDSXY_L004_R2.fastq.gz,/home/mnaji/work/Project_A1P2-ApisGene-Bovin.1617/Run_A1P2-ApisGene-2-pool1_5.18067/RawData/40988_ATGGCATG-GGTACCTT-AHYGCWDSXY_L003_R2.fastq.gz,/home/mnaji/work/Project_A1P2-ApisGene-Bovin.1617/Run_A1P2-ApisGene-2-pool1_6.18080/RawData/40988_ATGGCATG-GGTACCTT-AHYGCWDSXY_L001_R2.fastq.gz,/home/mnaji/work/Project_A1P2-ApisGene-Bovin.1617/Run_A1P2-ApisGene-2-pool1_7.18081/RawData/40988_ATGGCATG-GGTACCTT-AHYGCWDSXY_L004_R2.fastq.gz,/home/mnaji/work/Project_A1P2-ApisGene-Bovin.1617/Run_A1P2-ApisGene-2-pool1-8.18082/RawData/40988_ATGGCATG-GGTACCTT-AHYGCWDSXY_L002_R2.fastq.gz	/work/project/CASCAD/mnaji/sm_folder/results/vcf_lr/SIMFRAM006363587262_pbsv.vcf.gz
SIMFRAM008843743258	CLR	40989	FR8843743258	M	35	/home/mnaji/work/Project_A1P2-ApisGene-Bovin.1617/Run_A1P2-ApisGene-2-pool1_1.17882/RawData/40989_GCAATGCA-AACGTTCC-AHY3CFDSXY_L001_R1.fastq.gz,/home/mnaji/work/Project_A1P2-ApisGene-Bovin.1617/Run_A1P2-ApisGene-2-pool1_2.17885/RawData/40989_GCAATGCA-AACGTTCC-AHY3CFDSXY_L002_R1.fastq.gz,/home/mnaji/work/Project_A1P2-ApisGene-Bovin.1617/Run_A1P2-ApisGene-2-pool1_3.17886/RawData/40989_GCAATGCA-AACGTTCC-AHY3CFDSXY_L003_R1.fastq.gz,/home/mnaji/work/Project_A1P2-ApisGene-Bovin.1617/Run_A1P2-ApisGene-2-pool1_4.17887/RawData/40989_GCAATGCA-AACGTTCC-AHY3CFDSXY_L004_R1.fastq.gz,/home/mnaji/work/Project_A1P2-ApisGene-Bovin.1617/Run_A1P2-ApisGene-2-pool1_5.18067/RawData/40989_GCAATGCA-AACGTTCC-AHYGCWDSXY_L003_R1.fastq.gz,/home/mnaji/work/Project_A1P2-ApisGene-Bovin.1617/Run_A1P2-ApisGene-2-pool1_6.18080/RawData/40989_GCAATGCA-AACGTTCC-AHYGCWDSXY_L001_R1.fastq.gz,/home/mnaji/work/Project_A1P2-ApisGene-Bovin.1617/Run_A1P2-ApisGene-2-pool1_7.18081/RawData/40989_GCAATGCA-AACGTTCC-AHYGCWDSXY_L004_R1.fastq.gz,/home/mnaji/work/Project_A1P2-ApisGene-Bovin.1617/Run_A1P2-ApisGene-2-pool1-8.18082/RawData/40989_GCAATGCA-AACGTTCC-AHYGCWDSXY_L002_R1.fastq.gz	/home/mnaji/work/Project_A1P2-ApisGene-Bovin.1617/Run_A1P2-ApisGene-2-pool1_1.17882/RawData/40989_GCAATGCA-AACGTTCC-AHY3CFDSXY_L001_R2.fastq.gz,/home/mnaji/work/Project_A1P2-ApisGene-Bovin.1617/Run_A1P2-ApisGene-2-pool1_2.17885/RawData/40989_GCAATGCA-AACGTTCC-AHY3CFDSXY_L002_R2.fastq.gz,/home/mnaji/work/Project_A1P2-ApisGene-Bovin.1617/Run_A1P2-ApisGene-2-pool1_3.17886/RawData/40989_GCAATGCA-AACGTTCC-AHY3CFDSXY_L003_R2.fastq.gz,/home/mnaji/work/Project_A1P2-ApisGene-Bovin.1617/Run_A1P2-ApisGene-2-pool1_4.17887/RawData/40989_GCAATGCA-AACGTTCC-AHY3CFDSXY_L004_R2.fastq.gz,/home/mnaji/work/Project_A1P2-ApisGene-Bovin.1617/Run_A1P2-ApisGene-2-pool1_5.18067/RawData/40989_GCAATGCA-AACGTTCC-AHYGCWDSXY_L003_R2.fastq.gz,/home/mnaji/work/Project_A1P2-ApisGene-Bovin.1617/Run_A1P2-ApisGene-2-pool1_6.18080/RawData/40989_GCAATGCA-AACGTTCC-AHYGCWDSXY_L001_R2.fastq.gz,/home/mnaji/work/Project_A1P2-ApisGene-Bovin.1617/Run_A1P2-ApisGene-2-pool1_7.18081/RawData/40989_GCAATGCA-AACGTTCC-AHYGCWDSXY_L004_R2.fastq.gz,/home/mnaji/work/Project_A1P2-ApisGene-Bovin.1617/Run_A1P2-ApisGene-2-pool1-8.18082/RawData/40989_GCAATGCA-AACGTTCC-AHYGCWDSXY_L002_R2.fastq.gz	/work/project/CASCAD/mnaji/sm_folder/results/vcf_lr/SIMFRAM008843743258_pbsv.vcf.gz
SIMFRAM008844096443	CLR	40990	FR8844096443	M	35	/home/mnaji/work/Project_A1P2-ApisGene-Bovin.1617/Run_A1P2-ApisGene-2-pool1_1.17882/RawData/40990_GTTCCAAT-GCAGAATT-AHY3CFDSXY_L001_R1.fastq.gz,/home/mnaji/work/Project_A1P2-ApisGene-Bovin.1617/Run_A1P2-ApisGene-2-pool1_2.17885/RawData/40990_GTTCCAAT-GCAGAATT-AHY3CFDSXY_L002_R1.fastq.gz,/home/mnaji/work/Project_A1P2-ApisGene-Bovin.1617/Run_A1P2-ApisGene-2-pool1_3.17886/RawData/40990_GTTCCAAT-GCAGAATT-AHY3CFDSXY_L003_R1.fastq.gz,/home/mnaji/work/Project_A1P2-ApisGene-Bovin.1617/Run_A1P2-ApisGene-2-pool1_4.17887/RawData/40990_GTTCCAAT-GCAGAATT-AHY3CFDSXY_L004_R1.fastq.gz,/home/mnaji/work/Project_A1P2-ApisGene-Bovin.1617/Run_A1P2-ApisGene-2-pool1_5.18067/RawData/40990_GTTCCAAT-GCAGAATT-AHYGCWDSXY_L003_R1.fastq.gz,/home/mnaji/work/Project_A1P2-ApisGene-Bovin.1617/Run_A1P2-ApisGene-2-pool1_6.18080/RawData/40990_GTTCCAAT-GCAGAATT-AHYGCWDSXY_L001_R1.fastq.gz,/home/mnaji/work/Project_A1P2-ApisGene-Bovin.1617/Run_A1P2-ApisGene-2-pool1_7.18081/RawData/40990_GTTCCAAT-GCAGAATT-AHYGCWDSXY_L004_R1.fastq.gz,/home/mnaji/work/Project_A1P2-ApisGene-Bovin.1617/Run_A1P2-ApisGene-2-pool1-8.18082/RawData/40990_GTTCCAAT-GCAGAATT-AHYGCWDSXY_L002_R1.fastq.gz	/home/mnaji/work/Project_A1P2-ApisGene-Bovin.1617/Run_A1P2-ApisGene-2-pool1_1.17882/RawData/40990_GTTCCAAT-GCAGAATT-AHY3CFDSXY_L001_R2.fastq.gz,/home/mnaji/work/Project_A1P2-ApisGene-Bovin.1617/Run_A1P2-ApisGene-2-pool1_2.17885/RawData/40990_GTTCCAAT-GCAGAATT-AHY3CFDSXY_L002_R2.fastq.gz,/home/mnaji/work/Project_A1P2-ApisGene-Bovin.1617/Run_A1P2-ApisGene-2-pool1_3.17886/RawData/40990_GTTCCAAT-GCAGAATT-AHY3CFDSXY_L003_R2.fastq.gz,/home/mnaji/work/Project_A1P2-ApisGene-Bovin.1617/Run_A1P2-ApisGene-2-pool1_4.17887/RawData/40990_GTTCCAAT-GCAGAATT-AHY3CFDSXY_L004_R2.fastq.gz,/home/mnaji/work/Project_A1P2-ApisGene-Bovin.1617/Run_A1P2-ApisGene-2-pool1_5.18067/RawData/40990_GTTCCAAT-GCAGAATT-AHYGCWDSXY_L003_R2.fastq.gz,/home/mnaji/work/Project_A1P2-ApisGene-Bovin.1617/Run_A1P2-ApisGene-2-pool1_6.18080/RawData/40990_GTTCCAAT-GCAGAATT-AHYGCWDSXY_L001_R2.fastq.gz,/home/mnaji/work/Project_A1P2-ApisGene-Bovin.1617/Run_A1P2-ApisGene-2-pool1_7.18081/RawData/40990_GTTCCAAT-GCAGAATT-AHYGCWDSXY_L004_R2.fastq.gz,/home/mnaji/work/Project_A1P2-ApisGene-Bovin.1617/Run_A1P2-ApisGene-2-pool1-8.18082/RawData/40990_GTTCCAAT-GCAGAATT-AHYGCWDSXY_L002_R2.fastq.gz	/work/project/CASCAD/mnaji/sm_folder/results/vcf_lr/SIMFRAM008844096443_pbsv.vcf.gz
TARFRAM004393031519	CLR	40774	FR4393031519	M	31	/home/mnaji/work/Project_A1P2-ApisGene-Bovin.1617/Run_A1P2-ApisGene-Bovin4_1.17377/RawData/40774_GGTGAACC-TCCAACGC-BHL7VCDSXY_L004_R1.fastq.gz,/home/mnaji/work/Project_A1P2-ApisGene-Bovin.1617/Run_A1P2-ApisGene-Bovin4_2.17378/RawData/40774_GGTGAACC-TCCAACGC-BHL7VCDSXY_L002_R1.fastq.gz,/home/mnaji/work/Project_A1P2-ApisGene-Bovin.1617/Run_A1P2-ApisGene-Bovin4_3.17379/RawData/40774_GGTGAACC-TCCAACGC-BHL7VCDSXY_L003_R1.fastq.gz,/home/mnaji/work/Project_A1P2-ApisGene-Bovin.1617/Run_A1P2-ApisGene-Bovin4_4.17389/RawData/40774_GGTGAACC-TCCAACGC-AHN3G7DSXY_L003_R1.fastq.gz,/home/mnaji/work/Project_A1P2-ApisGene-Bovin.1617/Run_A1P2-ApisGene-Bovin4_5.17390/RawData/40774_GGTGAACC-TCCAACGC-AHN3G7DSXY_L001_R1.fastq.gz,/home/mnaji/work/Project_A1P2-ApisGene-Bovin.1617/Run_A1P2-ApisGene-Bovin4_6.17391/RawData/40774_GGTGAACC-TCCAACGC-AHN3G7DSXY_L004_R1.fastq.gz,/home/mnaji/work/Project_A1P2-ApisGene-Bovin.1617/Run_A1P2-ApisGene-Bovin4_7.17392/RawData/40774_GGTGAACC-TCCAACGC-AHN3G7DSXY_L002_R1.fastq.gz	/home/mnaji/work/Project_A1P2-ApisGene-Bovin.1617/Run_A1P2-ApisGene-Bovin4_1.17377/RawData/40774_GGTGAACC-TCCAACGC-BHL7VCDSXY_L004_R2.fastq.gz,/home/mnaji/work/Project_A1P2-ApisGene-Bovin.1617/Run_A1P2-ApisGene-Bovin4_2.17378/RawData/40774_GGTGAACC-TCCAACGC-BHL7VCDSXY_L002_R2.fastq.gz,/home/mnaji/work/Project_A1P2-ApisGene-Bovin.1617/Run_A1P2-ApisGene-Bovin4_3.17379/RawData/40774_GGTGAACC-TCCAACGC-BHL7VCDSXY_L003_R2.fastq.gz,/home/mnaji/work/Project_A1P2-ApisGene-Bovin.1617/Run_A1P2-ApisGene-Bovin4_4.17389/RawData/40774_GGTGAACC-TCCAACGC-AHN3G7DSXY_L003_R2.fastq.gz,/home/mnaji/work/Project_A1P2-ApisGene-Bovin.1617/Run_A1P2-ApisGene-Bovin4_5.17390/RawData/40774_GGTGAACC-TCCAACGC-AHN3G7DSXY_L001_R2.fastq.gz,/home/mnaji/work/Project_A1P2-ApisGene-Bovin.1617/Run_A1P2-ApisGene-Bovin4_6.17391/RawData/40774_GGTGAACC-TCCAACGC-AHN3G7DSXY_L004_R2.fastq.gz,/home/mnaji/work/Project_A1P2-ApisGene-Bovin.1617/Run_A1P2-ApisGene-Bovin4_7.17392/RawData/40774_GGTGAACC-TCCAACGC-AHN3G7DSXY_L002_R2.fastq.gz	/work/project/CASCAD/mnaji/sm_folder/results/vcf_lr/TARFRAM004393031519_pbsv.vcf.gz
TARFRAM007301724179	CLR	40776	FR7301724179	M	31	/home/mnaji/work/Project_A1P2-ApisGene-Bovin.1617/Run_A1P2-ApisGene-Bovin4_1.17377/RawData/40776_TGGTGGCA-TTACAGGA-BHL7VCDSXY_L004_R1.fastq.gz,/home/mnaji/work/Project_A1P2-ApisGene-Bovin.1617/Run_A1P2-ApisGene-Bovin4_2.17378/RawData/40776_TGGTGGCA-TTACAGGA-BHL7VCDSXY_L002_R1.fastq.gz,/home/mnaji/work/Project_A1P2-ApisGene-Bovin.1617/Run_A1P2-ApisGene-Bovin4_3.17379/RawData/40776_TGGTGGCA-TTACAGGA-BHL7VCDSXY_L003_R1.fastq.gz,/home/mnaji/work/Project_A1P2-ApisGene-Bovin.1617/Run_A1P2-ApisGene-Bovin4_4.17389/RawData/40776_TGGTGGCA-TTACAGGA-AHN3G7DSXY_L003_R1.fastq.gz,/home/mnaji/work/Project_A1P2-ApisGene-Bovin.1617/Run_A1P2-ApisGene-Bovin4_5.17390/RawData/40776_TGGTGGCA-TTACAGGA-AHN3G7DSXY_L001_R1.fastq.gz,/home/mnaji/work/Project_A1P2-ApisGene-Bovin.1617/Run_A1P2-ApisGene-Bovin4_6.17391/RawData/40776_TGGTGGCA-TTACAGGA-AHN3G7DSXY_L004_R1.fastq.gz,/home/mnaji/work/Project_A1P2-ApisGene-Bovin.1617/Run_A1P2-ApisGene-Bovin4_7.17392/RawData/40776_TGGTGGCA-TTACAGGA-AHN3G7DSXY_L002_R1.fastq.gz	/home/mnaji/work/Project_A1P2-ApisGene-Bovin.1617/Run_A1P2-ApisGene-Bovin4_1.17377/RawData/40776_TGGTGGCA-TTACAGGA-BHL7VCDSXY_L004_R2.fastq.gz,/home/mnaji/work/Project_A1P2-ApisGene-Bovin.1617/Run_A1P2-ApisGene-Bovin4_2.17378/RawData/40776_TGGTGGCA-TTACAGGA-BHL7VCDSXY_L002_R2.fastq.gz,/home/mnaji/work/Project_A1P2-ApisGene-Bovin.1617/Run_A1P2-ApisGene-Bovin4_3.17379/RawData/40776_TGGTGGCA-TTACAGGA-BHL7VCDSXY_L003_R2.fastq.gz,/home/mnaji/work/Project_A1P2-ApisGene-Bovin.1617/Run_A1P2-ApisGene-Bovin4_4.17389/RawData/40776_TGGTGGCA-TTACAGGA-AHN3G7DSXY_L003_R2.fastq.gz,/home/mnaji/work/Project_A1P2-ApisGene-Bovin.1617/Run_A1P2-ApisGene-Bovin4_5.17390/RawData/40776_TGGTGGCA-TTACAGGA-AHN3G7DSXY_L001_R2.fastq.gz,/home/mnaji/work/Project_A1P2-ApisGene-Bovin.1617/Run_A1P2-ApisGene-Bovin4_6.17391/RawData/40776_TGGTGGCA-TTACAGGA-AHN3G7DSXY_L004_R2.fastq.gz,/home/mnaji/work/Project_A1P2-ApisGene-Bovin.1617/Run_A1P2-ApisGene-Bovin4_7.17392/RawData/40776_TGGTGGCA-TTACAGGA-AHN3G7DSXY_L002_R2.fastq.gz	/work/project/CASCAD/mnaji/sm_folder/results/vcf_lr/TARFRAM007301724179_pbsv.vcf.gz
TARFRAM007301780558	CLR	40777	FR7301780558	M	31	/home/mnaji/work/Project_A1P2-ApisGene-Bovin.1617/Run_A1P2-ApisGene-Bovin4_1.17377/RawData/40777_CTAGCGCT-GTCTACAC-BHL7VCDSXY_L004_R1.fastq.gz,/home/mnaji/work/Project_A1P2-ApisGene-Bovin.1617/Run_A1P2-ApisGene-Bovin4_2.17378/RawData/40777_CTAGCGCT-GTCTACAC-BHL7VCDSXY_L002_R1.fastq.gz,/home/mnaji/work/Project_A1P2-ApisGene-Bovin.1617/Run_A1P2-ApisGene-Bovin4_3.17379/RawData/40777_CTAGCGCT-GTCTACAC-BHL7VCDSXY_L003_R1.fastq.gz,/home/mnaji/work/Project_A1P2-ApisGene-Bovin.1617/Run_A1P2-ApisGene-Bovin4_4.17389/RawData/40777_CTAGCGCT-GTCTACAC-AHN3G7DSXY_L003_R1.fastq.gz,/home/mnaji/work/Project_A1P2-ApisGene-Bovin.1617/Run_A1P2-ApisGene-Bovin4_5.17390/RawData/40777_CTAGCGCT-GTCTACAC-AHN3G7DSXY_L001_R1.fastq.gz,/home/mnaji/work/Project_A1P2-ApisGene-Bovin.1617/Run_A1P2-ApisGene-Bovin4_6.17391/RawData/40777_CTAGCGCT-GTCTACAC-AHN3G7DSXY_L004_R1.fastq.gz,/home/mnaji/work/Project_A1P2-ApisGene-Bovin.1617/Run_A1P2-ApisGene-Bovin4_7.17392/RawData/40777_CTAGCGCT-GTCTACAC-AHN3G7DSXY_L002_R1.fastq.gz	/home/mnaji/work/Project_A1P2-ApisGene-Bovin.1617/Run_A1P2-ApisGene-Bovin4_1.17377/RawData/40777_CTAGCGCT-GTCTACAC-BHL7VCDSXY_L004_R2.fastq.gz,/home/mnaji/work/Project_A1P2-ApisGene-Bovin.1617/Run_A1P2-ApisGene-Bovin4_2.17378/RawData/40777_CTAGCGCT-GTCTACAC-BHL7VCDSXY_L002_R2.fastq.gz,/home/mnaji/work/Project_A1P2-ApisGene-Bovin.1617/Run_A1P2-ApisGene-Bovin4_3.17379/RawData/40777_CTAGCGCT-GTCTACAC-BHL7VCDSXY_L003_R2.fastq.gz,/home/mnaji/work/Project_A1P2-ApisGene-Bovin.1617/Run_A1P2-ApisGene-Bovin4_4.17389/RawData/40777_CTAGCGCT-GTCTACAC-AHN3G7DSXY_L003_R2.fastq.gz,/home/mnaji/work/Project_A1P2-ApisGene-Bovin.1617/Run_A1P2-ApisGene-Bovin4_5.17390/RawData/40777_CTAGCGCT-GTCTACAC-AHN3G7DSXY_L001_R2.fastq.gz,/home/mnaji/work/Project_A1P2-ApisGene-Bovin.1617/Run_A1P2-ApisGene-Bovin4_6.17391/RawData/40777_CTAGCGCT-GTCTACAC-AHN3G7DSXY_L004_R2.fastq.gz,/home/mnaji/work/Project_A1P2-ApisGene-Bovin.1617/Run_A1P2-ApisGene-Bovin4_7.17392/RawData/40777_CTAGCGCT-GTCTACAC-AHN3G7DSXY_L002_R2.fastq.gz	/work/project/CASCAD/mnaji/sm_folder/results/vcf_lr/TARFRAM007301780558_pbsv.vcf.gz
TARFRAM007301904363	CLR	40781	FR7301904363	M	31	/home/mnaji/work/Project_A1P2-ApisGene-Bovin.1617/Run_A1P2-ApisGene-Bovin4_1.17377/RawData/40781_GATCTATC-AGCCTCAT-BHL7VCDSXY_L004_R1.fastq.gz,/home/mnaji/work/Project_A1P2-ApisGene-Bovin.1617/Run_A1P2-ApisGene-Bovin4_2.17378/RawData/40781_GATCTATC-AGCCTCAT-BHL7VCDSXY_L002_R1.fastq.gz,/home/mnaji/work/Project_A1P2-ApisGene-Bovin.1617/Run_A1P2-ApisGene-Bovin4_3.17379/RawData/40781_GATCTATC-AGCCTCAT-BHL7VCDSXY_L003_R1.fastq.gz,/home/mnaji/work/Project_A1P2-ApisGene-Bovin.1617/Run_A1P2-ApisGene-Bovin4_4.17389/RawData/40781_GATCTATC-AGCCTCAT-AHN3G7DSXY_L003_R1.fastq.gz,/home/mnaji/work/Project_A1P2-ApisGene-Bovin.1617/Run_A1P2-ApisGene-Bovin4_5.17390/RawData/40781_GATCTATC-AGCCTCAT-AHN3G7DSXY_L001_R1.fastq.gz,/home/mnaji/work/Project_A1P2-ApisGene-Bovin.1617/Run_A1P2-ApisGene-Bovin4_6.17391/RawData/40781_GATCTATC-AGCCTCAT-AHN3G7DSXY_L004_R1.fastq.gz,/home/mnaji/work/Project_A1P2-ApisGene-Bovin.1617/Run_A1P2-ApisGene-Bovin4_7.17392/RawData/40781_GATCTATC-AGCCTCAT-AHN3G7DSXY_L002_R1.fastq.gz	/home/mnaji/work/Project_A1P2-ApisGene-Bovin.1617/Run_A1P2-ApisGene-Bovin4_1.17377/RawData/40781_GATCTATC-AGCCTCAT-BHL7VCDSXY_L004_R2.fastq.gz,/home/mnaji/work/Project_A1P2-ApisGene-Bovin.1617/Run_A1P2-ApisGene-Bovin4_2.17378/RawData/40781_GATCTATC-AGCCTCAT-BHL7VCDSXY_L002_R2.fastq.gz,/home/mnaji/work/Project_A1P2-ApisGene-Bovin.1617/Run_A1P2-ApisGene-Bovin4_3.17379/RawData/40781_GATCTATC-AGCCTCAT-BHL7VCDSXY_L003_R2.fastq.gz,/home/mnaji/work/Project_A1P2-ApisGene-Bovin.1617/Run_A1P2-ApisGene-Bovin4_4.17389/RawData/40781_GATCTATC-AGCCTCAT-AHN3G7DSXY_L003_R2.fastq.gz,/home/mnaji/work/Project_A1P2-ApisGene-Bovin.1617/Run_A1P2-ApisGene-Bovin4_5.17390/RawData/40781_GATCTATC-AGCCTCAT-AHN3G7DSXY_L001_R2.fastq.gz,/home/mnaji/work/Project_A1P2-ApisGene-Bovin.1617/Run_A1P2-ApisGene-Bovin4_6.17391/RawData/40781_GATCTATC-AGCCTCAT-AHN3G7DSXY_L004_R2.fastq.gz,/home/mnaji/work/Project_A1P2-ApisGene-Bovin.1617/Run_A1P2-ApisGene-Bovin4_7.17392/RawData/40781_GATCTATC-AGCCTCAT-AHN3G7DSXY_L002_R2.fastq.gz	/work/project/CASCAD/mnaji/sm_folder/results/vcf_lr/TARFRAM007301904363_pbsv.vcf.gz
TARFRAM007389084285	CLR	40773	FR7389084285	M	31	/home/mnaji/work/Project_A1P2-ApisGene-Bovin.1617/Run_A1P2-ApisGene-Bovin4_1.17377/RawData/40773_AACAGGTT-CTTGGTAT-BHL7VCDSXY_L004_R1.fastq.gz,/home/mnaji/work/Project_A1P2-ApisGene-Bovin.1617/Run_A1P2-ApisGene-Bovin4_2.17378/RawData/40773_AACAGGTT-CTTGGTAT-BHL7VCDSXY_L002_R1.fastq.gz,/home/mnaji/work/Project_A1P2-ApisGene-Bovin.1617/Run_A1P2-ApisGene-Bovin4_3.17379/RawData/40773_AACAGGTT-CTTGGTAT-BHL7VCDSXY_L003_R1.fastq.gz,/home/mnaji/work/Project_A1P2-ApisGene-Bovin.1617/Run_A1P2-ApisGene-Bovin4_4.17389/RawData/40773_AACAGGTT-CTTGGTAT-AHN3G7DSXY_L003_R1.fastq.gz,/home/mnaji/work/Project_A1P2-ApisGene-Bovin.1617/Run_A1P2-ApisGene-Bovin4_5.17390/RawData/40773_AACAGGTT-CTTGGTAT-AHN3G7DSXY_L001_R1.fastq.gz,/home/mnaji/work/Project_A1P2-ApisGene-Bovin.1617/Run_A1P2-ApisGene-Bovin4_6.17391/RawData/40773_AACAGGTT-CTTGGTAT-AHN3G7DSXY_L004_R1.fastq.gz,/home/mnaji/work/Project_A1P2-ApisGene-Bovin.1617/Run_A1P2-ApisGene-Bovin4_7.17392/RawData/40773_AACAGGTT-CTTGGTAT-AHN3G7DSXY_L002_R1.fastq.gz	/home/mnaji/work/Project_A1P2-ApisGene-Bovin.1617/Run_A1P2-ApisGene-Bovin4_1.17377/RawData/40773_AACAGGTT-CTTGGTAT-BHL7VCDSXY_L004_R2.fastq.gz,/home/mnaji/work/Project_A1P2-ApisGene-Bovin.1617/Run_A1P2-ApisGene-Bovin4_2.17378/RawData/40773_AACAGGTT-CTTGGTAT-BHL7VCDSXY_L002_R2.fastq.gz,/home/mnaji/work/Project_A1P2-ApisGene-Bovin.1617/Run_A1P2-ApisGene-Bovin4_3.17379/RawData/40773_AACAGGTT-CTTGGTAT-BHL7VCDSXY_L003_R2.fastq.gz,/home/mnaji/work/Project_A1P2-ApisGene-Bovin.1617/Run_A1P2-ApisGene-Bovin4_4.17389/RawData/40773_AACAGGTT-CTTGGTAT-AHN3G7DSXY_L003_R2.fastq.gz,/home/mnaji/work/Project_A1P2-ApisGene-Bovin.1617/Run_A1P2-ApisGene-Bovin4_5.17390/RawData/40773_AACAGGTT-CTTGGTAT-AHN3G7DSXY_L001_R2.fastq.gz,/home/mnaji/work/Project_A1P2-ApisGene-Bovin.1617/Run_A1P2-ApisGene-Bovin4_6.17391/RawData/40773_AACAGGTT-CTTGGTAT-AHN3G7DSXY_L004_R2.fastq.gz,/home/mnaji/work/Project_A1P2-ApisGene-Bovin.1617/Run_A1P2-ApisGene-Bovin4_7.17392/RawData/40773_AACAGGTT-CTTGGTAT-AHN3G7DSXY_L002_R2.fastq.gz	/work/project/CASCAD/mnaji/sm_folder/results/vcf_lr/TARFRAM007389084285_pbsv.vcf.gz
VOSFRAM006868493624	CLR	41185	FR6868493624	M	57	/home/mnaji/work/Project_A1P2-ApisGene-Bovin.1617/Run_ApisGene-Bovin-B2P4_1.18453/RawData/41185_GGACTTGG-CGTCTGCG-BHGLJGDSX2_L002_R1.fastq.gz,/home/mnaji/work/Project_A1P2-ApisGene-Bovin.1617/Run_ApisGene-Bovin-B2P4_2.18543/RawData/41185_GGACTTGG-CGTCTGCG-BHGLJGDSX2_L001_R1.fastq.gz,/home/mnaji/work/Project_A1P2-ApisGene-Bovin.1617/Run_ApisGene-Bovin-B2P4_3.18544/RawData/41185_GGACTTGG-CGTCTGCG-BHGLJGDSX2_L003_R1.fastq.gz,/home/mnaji/work/Project_A1P2-ApisGene-Bovin.1617/Run_ApisGene-Bovin-B2P4_4.18545/RawData/41185_GGACTTGG-CGTCTGCG-BHGLJGDSX2_L004_R1.fastq.gz	/home/mnaji/work/Project_A1P2-ApisGene-Bovin.1617/Run_ApisGene-Bovin-B2P4_1.18453/RawData/41185_GGACTTGG-CGTCTGCG-BHGLJGDSX2_L002_R2.fastq.gz,/home/mnaji/work/Project_A1P2-ApisGene-Bovin.1617/Run_ApisGene-Bovin-B2P4_2.18543/RawData/41185_GGACTTGG-CGTCTGCG-BHGLJGDSX2_L001_R2.fastq.gz,/home/mnaji/work/Project_A1P2-ApisGene-Bovin.1617/Run_ApisGene-Bovin-B2P4_3.18544/RawData/41185_GGACTTGG-CGTCTGCG-BHGLJGDSX2_L003_R2.fastq.gz,/home/mnaji/work/Project_A1P2-ApisGene-Bovin.1617/Run_ApisGene-Bovin-B2P4_4.18545/RawData/41185_GGACTTGG-CGTCTGCG-BHGLJGDSX2_L004_R2.fastq.gz	/work/project/CASCAD/mnaji/sm_folder/results/vcf_lr/VOSFRAM006868493624_pbsv.vcf.gz
VOSFRAM006868575859	CLR	41187	FR6868575859	M	57	/home/mnaji/work/Project_A1P2-ApisGene-Bovin.1617/Run_ApisGene-Bovin-B2P4_1.18453/RawData/41187_ATCCACTG-ACGCACCT-BHGLJGDSX2_L002_R1.fastq.gz,/home/mnaji/work/Project_A1P2-ApisGene-Bovin.1617/Run_ApisGene-Bovin-B2P4_2.18543/RawData/41187_ATCCACTG-ACGCACCT-BHGLJGDSX2_L001_R1.fastq.gz,/home/mnaji/work/Project_A1P2-ApisGene-Bovin.1617/Run_ApisGene-Bovin-B2P4_3.18544/RawData/41187_ATCCACTG-ACGCACCT-BHGLJGDSX2_L003_R1.fastq.gz,/home/mnaji/work/Project_A1P2-ApisGene-Bovin.1617/Run_ApisGene-Bovin-B2P4_4.18545/RawData/41187_ATCCACTG-ACGCACCT-BHGLJGDSX2_L004_R1.fastq.gz	/home/mnaji/work/Project_A1P2-ApisGene-Bovin.1617/Run_ApisGene-Bovin-B2P4_1.18453/RawData/41187_ATCCACTG-ACGCACCT-BHGLJGDSX2_L002_R2.fastq.gz,/home/mnaji/work/Project_A1P2-ApisGene-Bovin.1617/Run_ApisGene-Bovin-B2P4_2.18543/RawData/41187_ATCCACTG-ACGCACCT-BHGLJGDSX2_L001_R2.fastq.gz,/home/mnaji/work/Project_A1P2-ApisGene-Bovin.1617/Run_ApisGene-Bovin-B2P4_3.18544/RawData/41187_ATCCACTG-ACGCACCT-BHGLJGDSX2_L003_R2.fastq.gz,/home/mnaji/work/Project_A1P2-ApisGene-Bovin.1617/Run_ApisGene-Bovin-B2P4_4.18545/RawData/41187_ATCCACTG-ACGCACCT-BHGLJGDSX2_L004_R2.fastq.gz	/work/project/CASCAD/mnaji/sm_folder/results/vcf_lr/VOSFRAM006868575859_pbsv.vcf.gz
VOSFRAM006868656773	CLR	41188	FR6868656773	M	57	/home/mnaji/work/Project_A1P2-ApisGene-Bovin.1617/Run_ApisGene-Bovin-B2P4_1.18453/RawData/41188_GCTTGTCA-GTATGTTC-BHGLJGDSX2_L002_R1.fastq.gz,/home/mnaji/work/Project_A1P2-ApisGene-Bovin.1617/Run_ApisGene-Bovin-B2P4_2.18543/RawData/41188_GCTTGTCA-GTATGTTC-BHGLJGDSX2_L001_R1.fastq.gz,/home/mnaji/work/Project_A1P2-ApisGene-Bovin.1617/Run_ApisGene-Bovin-B2P4_3.18544/RawData/41188_GCTTGTCA-GTATGTTC-BHGLJGDSX2_L003_R1.fastq.gz,/home/mnaji/work/Project_A1P2-ApisGene-Bovin.1617/Run_ApisGene-Bovin-B2P4_4.18545/RawData/41188_GCTTGTCA-GTATGTTC-BHGLJGDSX2_L004_R1.fastq.gz	/home/mnaji/work/Project_A1P2-ApisGene-Bovin.1617/Run_ApisGene-Bovin-B2P4_1.18453/RawData/41188_GCTTGTCA-GTATGTTC-BHGLJGDSX2_L002_R2.fastq.gz,/home/mnaji/work/Project_A1P2-ApisGene-Bovin.1617/Run_ApisGene-Bovin-B2P4_2.18543/RawData/41188_GCTTGTCA-GTATGTTC-BHGLJGDSX2_L001_R2.fastq.gz,/home/mnaji/work/Project_A1P2-ApisGene-Bovin.1617/Run_ApisGene-Bovin-B2P4_3.18544/RawData/41188_GCTTGTCA-GTATGTTC-BHGLJGDSX2_L003_R2.fastq.gz,/home/mnaji/work/Project_A1P2-ApisGene-Bovin.1617/Run_ApisGene-Bovin-B2P4_4.18545/RawData/41188_GCTTGTCA-GTATGTTC-BHGLJGDSX2_L004_R2.fastq.gz	/work/project/CASCAD/mnaji/sm_folder/results/vcf_lr/VOSFRAM006868656773_pbsv.vcf.gz
VOSFRAM007021094862	CLR	41186	FR7021094862	M	57	/home/mnaji/work/Project_A1P2-ApisGene-Bovin.1617/Run_ApisGene-Bovin-B2P4_1.18453/RawData/41186_AAGTCCAA-TACTCATA-BHGLJGDSX2_L002_R1.fastq.gz,/home/mnaji/work/Project_A1P2-ApisGene-Bovin.1617/Run_ApisGene-Bovin-B2P4_2.18543/RawData/41186_AAGTCCAA-TACTCATA-BHGLJGDSX2_L001_R1.fastq.gz,/home/mnaji/work/Project_A1P2-ApisGene-Bovin.1617/Run_ApisGene-Bovin-B2P4_3.18544/RawData/41186_AAGTCCAA-TACTCATA-BHGLJGDSX2_L003_R1.fastq.gz,/home/mnaji/work/Project_A1P2-ApisGene-Bovin.1617/Run_ApisGene-Bovin-B2P4_4.18545/RawData/41186_AAGTCCAA-TACTCATA-BHGLJGDSX2_L004_R1.fastq.gz	/home/mnaji/work/Project_A1P2-ApisGene-Bovin.1617/Run_ApisGene-Bovin-B2P4_1.18453/RawData/41186_AAGTCCAA-TACTCATA-BHGLJGDSX2_L002_R2.fastq.gz,/home/mnaji/work/Project_A1P2-ApisGene-Bovin.1617/Run_ApisGene-Bovin-B2P4_2.18543/RawData/41186_AAGTCCAA-TACTCATA-BHGLJGDSX2_L001_R2.fastq.gz,/home/mnaji/work/Project_A1P2-ApisGene-Bovin.1617/Run_ApisGene-Bovin-B2P4_3.18544/RawData/41186_AAGTCCAA-TACTCATA-BHGLJGDSX2_L003_R2.fastq.gz,/home/mnaji/work/Project_A1P2-ApisGene-Bovin.1617/Run_ApisGene-Bovin-B2P4_4.18545/RawData/41186_AAGTCCAA-TACTCATA-BHGLJGDSX2_L004_R2.fastq.gz	/work/project/CASCAD/mnaji/sm_folder/results/vcf_lr/VOSFRAM007021094862_pbsv.vcf.gz
