Using profile genotoul for setting default command line arguments.
Building DAG of jobs...
Your conda installation is not configured to use strict channel priorities. This is however crucial for having robust and correct environments (for details, see https://conda-forge.org/docs/user/tipsandtricks.html). Please consider to configure strict priorities by executing 'conda config --set channel_priority strict'.
SLURM run ID: af1395e5-6dcf-45de-aab9-0e7def1942b3
Using shell: /usr/bin/bash
Provided remote nodes: 100
Job stats:
job                         count
------------------------  -------
all                             1
bam_depth                       5
bam_json                        5
bam_stats                       5
bwamap                          5
delly_calling                   5
delly_filter                    5
filter_paragraph                5
gatk_apply_recalibration        5
gatk_recalibration              5
giraffe_call                  150
giraffe_chunk                 150
giraffe_chunk_vg              150
giraffe_concat                  5
giraffe_pack                  150
giraffe_snarls                150
giraffe_tabix                   5
graphtyper_concat               5
graphtyper_filter               5
graphtyper_genotype_sv          5
graphtyper_list_files           5
manta_comp                      5
manta_filter                    5
manta_precomp                   5
modified_panel_vcf              5
paragraph_details               5
paragraph_genotypeSV            5
remove_dup                      5
smoove_filter                   5
smoove_lumpy                    5
smoove_sort                     5
svtyper_filter                  5
svtyper_sso                     5
total                         886

Select jobs to execute...
Execute 100 jobs...

[Fri Sep 20 08:39:13 2024]
rule giraffe_chunk_vg:
    input: vg_vg/ABOFRAM007401840180_wg.xg
    output: vg_map/ABOFRAM007401840180_6_6.vg
    log: logs/vg/giraffe_chunk_vg_ABOFRAM007401840180_6.log
    jobid: 1459
    reason: Missing output files: vg_map/ABOFRAM007401840180_6_6.vg
    wildcards: sample=ABOFRAM007401840180, chr=6
    resources: mem_mb=11444, mem_mib=7630, disk_mb=9482, disk_mib=9043, tmpdir=<TBD>, slurm_partition=workq, slurm_account=mnaji, mem=12GB, time=28800


        vg chunk -x vg_vg/ABOFRAM007401840180_wg.xg -C -p 6 > vg_map/ABOFRAM007401840180_6_6.vg
        
No wall time information given. This might or might not work on your cluster. If not, specify the resource runtime in your rule or as a reasonable default via --default-resources.
Job 1459 has been submitted with SLURM jobid 11143966 (log: /work/project/CASCAD/mnaji/sm_folder/results/.snakemake/slurm_logs/rule_giraffe_chunk_vg/ABOFRAM007401840180_6/11143966.log).

[Fri Sep 20 08:39:14 2024]
rule bwamap:
    input: /work/project/G2BSeq/Sequences/RUN7/REF/ARS-UCD1.2_Btau5.0.1Y.fa, /work/project/CASCAD/mnaji/fastq_sr/ABOFRAM000709524730.R1.fq.gz, /work/project/CASCAD/mnaji/fastq_sr/ABOFRAM000709524730.R2.fq.gz
    output: bam_files/ABOFRAM000709524730.bam
    log: logs/bwmap/ABOFRAM000709524730.log
    jobid: 29
    reason: Missing output files: bam_files/ABOFRAM000709524730.bam
    wildcards: sample=ABOFRAM000709524730
    threads: 5
    resources: mem_mb=61035, mem_mib=7630, disk_mb=107348, disk_mib=102376, tmpdir=<TBD>, slurm_partition=workq, slurm_account=mnaji, mem=64GB, time=28800

bwa mem -t 24 -R '@RG\tID:ABOFRAM000709524730\tPL:Illumina\tSM:ABOFRAM000709524730' /work/project/G2BSeq/Sequences/RUN7/REF/ARS-UCD1.2_Btau5.0.1Y.fa /work/project/CASCAD/mnaji/fastq_sr/ABOFRAM000709524730.R1.fq.gz /work/project/CASCAD/mnaji/fastq_sr/ABOFRAM000709524730.R2.fq.gz | samtools sort -@ 24 -m 1500M -n -T ABOFRAM000709524730 -o bam_files/ABOFRAM000709524730.bam -O BAM
No wall time information given. This might or might not work on your cluster. If not, specify the resource runtime in your rule or as a reasonable default via --default-resources.
Job 29 has been submitted with SLURM jobid 11143967 (log: /work/project/CASCAD/mnaji/sm_folder/results/.snakemake/slurm_logs/rule_bwamap/ABOFRAM000709524730/11143967.log).

[Fri Sep 20 08:39:14 2024]
rule giraffe_chunk_vg:
    input: vg_vg/ABOFRAM000707401531_wg.xg
    output: vg_map/ABOFRAM000707401531_21_21.vg
    log: logs/vg/giraffe_chunk_vg_ABOFRAM000707401531_21.log
    jobid: 1069
    reason: Missing output files: vg_map/ABOFRAM000707401531_21_21.vg
    wildcards: sample=ABOFRAM000707401531, chr=21
    resources: mem_mb=11444, mem_mib=7630, disk_mb=9481, disk_mib=9042, tmpdir=<TBD>, slurm_partition=workq, slurm_account=mnaji, mem=12GB, time=28800


        vg chunk -x vg_vg/ABOFRAM000707401531_wg.xg -C -p 21 > vg_map/ABOFRAM000707401531_21_21.vg
        
No wall time information given. This might or might not work on your cluster. If not, specify the resource runtime in your rule or as a reasonable default via --default-resources.
Job 1069 has been submitted with SLURM jobid 11143968 (log: /work/project/CASCAD/mnaji/sm_folder/results/.snakemake/slurm_logs/rule_giraffe_chunk_vg/ABOFRAM000707401531_21/11143968.log).

[Fri Sep 20 08:39:14 2024]
rule giraffe_chunk_vg:
    input: vg_vg/ABOFRAM007301868101_wg.xg
    output: vg_map/ABOFRAM007301868101_6_6.vg
    log: logs/vg/giraffe_chunk_vg_ABOFRAM007301868101_6.log
    jobid: 1304
    reason: Missing output files: vg_map/ABOFRAM007301868101_6_6.vg
    wildcards: sample=ABOFRAM007301868101, chr=6
    resources: mem_mb=11444, mem_mib=7630, disk_mb=9481, disk_mib=9042, tmpdir=<TBD>, slurm_partition=workq, slurm_account=mnaji, mem=12GB, time=28800


        vg chunk -x vg_vg/ABOFRAM007301868101_wg.xg -C -p 6 > vg_map/ABOFRAM007301868101_6_6.vg
        
No wall time information given. This might or might not work on your cluster. If not, specify the resource runtime in your rule or as a reasonable default via --default-resources.
Job 1304 has been submitted with SLURM jobid 11143969 (log: /work/project/CASCAD/mnaji/sm_folder/results/.snakemake/slurm_logs/rule_giraffe_chunk_vg/ABOFRAM007301868101_6/11143969.log).

[Fri Sep 20 08:39:14 2024]
rule giraffe_chunk_vg:
    input: vg_vg/ABOFRAM000709524730_wg.xg
    output: vg_map/ABOFRAM000709524730_22_22.vg
    log: logs/vg/giraffe_chunk_vg_ABOFRAM000709524730_22.log
    jobid: 1229
    reason: Missing output files: vg_map/ABOFRAM000709524730_22_22.vg
    wildcards: sample=ABOFRAM000709524730, chr=22
    resources: mem_mb=11444, mem_mib=7630, disk_mb=9485, disk_mib=9046, tmpdir=<TBD>, slurm_partition=workq, slurm_account=mnaji, mem=12GB, time=28800


        vg chunk -x vg_vg/ABOFRAM000709524730_wg.xg -C -p 22 > vg_map/ABOFRAM000709524730_22_22.vg
        
No wall time information given. This might or might not work on your cluster. If not, specify the resource runtime in your rule or as a reasonable default via --default-resources.
Job 1229 has been submitted with SLURM jobid 11143970 (log: /work/project/CASCAD/mnaji/sm_folder/results/.snakemake/slurm_logs/rule_giraffe_chunk_vg/ABOFRAM000709524730_22/11143970.log).

[Fri Sep 20 08:39:15 2024]
rule giraffe_chunk:
    input: vg_vg/ABOFRAM000703115255_wg.xg, vg_map/ABOFRAM000703115255.gam
    output: vg_map/ABOFRAM000703115255_2_2.gam
    log: logs/vg/giraffe_chunk_ABOFRAM000703115255_2.log
    jobid: 821
    reason: Missing output files: vg_map/ABOFRAM000703115255_2_2.gam
    wildcards: sample=ABOFRAM000703115255, chr=2
    resources: mem_mb=28610, mem_mib=7630, disk_mb=273960, disk_mib=261269, tmpdir=<TBD>, slurm_partition=workq, slurm_account=mnaji, mem=30GB, time=28800


        vg chunk -x vg_vg/ABOFRAM000703115255_wg.xg -a vg_map/ABOFRAM000703115255.gam -C -p 2 -O pg --prefix vg_map/ABOFRAM000703115255_2 && ls -sh vg_map/ABOFRAM000703115255_2_2.gam
        
No wall time information given. This might or might not work on your cluster. If not, specify the resource runtime in your rule or as a reasonable default via --default-resources.
Job 821 has been submitted with SLURM jobid 11143971 (log: /work/project/CASCAD/mnaji/sm_folder/results/.snakemake/slurm_logs/rule_giraffe_chunk/ABOFRAM000703115255_2/11143971.log).

[Fri Sep 20 08:39:15 2024]
rule giraffe_chunk:
    input: vg_vg/ABOFRAM000709524730_wg.xg, vg_map/ABOFRAM000709524730.gam
    output: vg_map/ABOFRAM000709524730_25_25.gam
    log: logs/vg/giraffe_chunk_ABOFRAM000709524730_25.log
    jobid: 1246
    reason: Missing output files: vg_map/ABOFRAM000709524730_25_25.gam
    wildcards: sample=ABOFRAM000709524730, chr=25
    resources: mem_mb=28610, mem_mib=7630, disk_mb=246756, disk_mib=235325, tmpdir=<TBD>, slurm_partition=workq, slurm_account=mnaji, mem=30GB, time=28800


        vg chunk -x vg_vg/ABOFRAM000709524730_wg.xg -a vg_map/ABOFRAM000709524730.gam -C -p 25 -O pg --prefix vg_map/ABOFRAM000709524730_25 && ls -sh vg_map/ABOFRAM000709524730_25_25.gam
        
No wall time information given. This might or might not work on your cluster. If not, specify the resource runtime in your rule or as a reasonable default via --default-resources.
Job 1246 has been submitted with SLURM jobid 11143972 (log: /work/project/CASCAD/mnaji/sm_folder/results/.snakemake/slurm_logs/rule_giraffe_chunk/ABOFRAM000709524730_25/11143972.log).

[Fri Sep 20 08:39:15 2024]
rule giraffe_chunk_vg:
    input: vg_vg/ABOFRAM007401840180_wg.xg
    output: vg_map/ABOFRAM007401840180_9_9.vg
    log: logs/vg/giraffe_chunk_vg_ABOFRAM007401840180_9.log
    jobid: 1474
    reason: Missing output files: vg_map/ABOFRAM007401840180_9_9.vg
    wildcards: sample=ABOFRAM007401840180, chr=9
    resources: mem_mb=11444, mem_mib=7630, disk_mb=9482, disk_mib=9043, tmpdir=<TBD>, slurm_partition=workq, slurm_account=mnaji, mem=12GB, time=28800


        vg chunk -x vg_vg/ABOFRAM007401840180_wg.xg -C -p 9 > vg_map/ABOFRAM007401840180_9_9.vg
        
No wall time information given. This might or might not work on your cluster. If not, specify the resource runtime in your rule or as a reasonable default via --default-resources.
Job 1474 has been submitted with SLURM jobid 11143973 (log: /work/project/CASCAD/mnaji/sm_folder/results/.snakemake/slurm_logs/rule_giraffe_chunk_vg/ABOFRAM007401840180_9/11143973.log).

[Fri Sep 20 08:39:15 2024]
rule giraffe_chunk_vg:
    input: vg_vg/ABOFRAM000709524730_wg.xg
    output: vg_map/ABOFRAM000709524730_12_12.vg
    log: logs/vg/giraffe_chunk_vg_ABOFRAM000709524730_12.log
    jobid: 1179
    reason: Missing output files: vg_map/ABOFRAM000709524730_12_12.vg
    wildcards: sample=ABOFRAM000709524730, chr=12
    resources: mem_mb=11444, mem_mib=7630, disk_mb=9485, disk_mib=9046, tmpdir=<TBD>, slurm_partition=workq, slurm_account=mnaji, mem=12GB, time=28800


        vg chunk -x vg_vg/ABOFRAM000709524730_wg.xg -C -p 12 > vg_map/ABOFRAM000709524730_12_12.vg
        
No wall time information given. This might or might not work on your cluster. If not, specify the resource runtime in your rule or as a reasonable default via --default-resources.
Job 1179 has been submitted with SLURM jobid 11143974 (log: /work/project/CASCAD/mnaji/sm_folder/results/.snakemake/slurm_logs/rule_giraffe_chunk_vg/ABOFRAM000709524730_12/11143974.log).

[Fri Sep 20 08:39:15 2024]
rule giraffe_chunk_vg:
    input: vg_vg/ABOFRAM000703115255_wg.xg
    output: vg_map/ABOFRAM000703115255_6_6.vg
    log: logs/vg/giraffe_chunk_vg_ABOFRAM000703115255_6.log
    jobid: 839
    reason: Missing output files: vg_map/ABOFRAM000703115255_6_6.vg
    wildcards: sample=ABOFRAM000703115255, chr=6
    resources: mem_mb=11444, mem_mib=7630, disk_mb=9484, disk_mib=9045, tmpdir=<TBD>, slurm_partition=workq, slurm_account=mnaji, mem=12GB, time=28800


        vg chunk -x vg_vg/ABOFRAM000703115255_wg.xg -C -p 6 > vg_map/ABOFRAM000703115255_6_6.vg
        
No wall time information given. This might or might not work on your cluster. If not, specify the resource runtime in your rule or as a reasonable default via --default-resources.
Job 839 has been submitted with SLURM jobid 11143975 (log: /work/project/CASCAD/mnaji/sm_folder/results/.snakemake/slurm_logs/rule_giraffe_chunk_vg/ABOFRAM000703115255_6/11143975.log).

[Fri Sep 20 08:39:15 2024]
rule giraffe_chunk_vg:
    input: vg_vg/ABOFRAM000707401531_wg.xg
    output: vg_map/ABOFRAM000707401531_26_26.vg
    log: logs/vg/giraffe_chunk_vg_ABOFRAM000707401531_26.log
    jobid: 1094
    reason: Missing output files: vg_map/ABOFRAM000707401531_26_26.vg
    wildcards: sample=ABOFRAM000707401531, chr=26
    resources: mem_mb=11444, mem_mib=7630, disk_mb=9481, disk_mib=9042, tmpdir=<TBD>, slurm_partition=workq, slurm_account=mnaji, mem=12GB, time=28800


        vg chunk -x vg_vg/ABOFRAM000707401531_wg.xg -C -p 26 > vg_map/ABOFRAM000707401531_26_26.vg
        
No wall time information given. This might or might not work on your cluster. If not, specify the resource runtime in your rule or as a reasonable default via --default-resources.
Job 1094 has been submitted with SLURM jobid 11143976 (log: /work/project/CASCAD/mnaji/sm_folder/results/.snakemake/slurm_logs/rule_giraffe_chunk_vg/ABOFRAM000707401531_26/11143976.log).

[Fri Sep 20 08:39:16 2024]
rule giraffe_chunk_vg:
    input: vg_vg/ABOFRAM000709524730_wg.xg
    output: vg_map/ABOFRAM000709524730_29_29.vg
    log: logs/vg/giraffe_chunk_vg_ABOFRAM000709524730_29.log
    jobid: 1264
    reason: Missing output files: vg_map/ABOFRAM000709524730_29_29.vg
    wildcards: sample=ABOFRAM000709524730, chr=29
    resources: mem_mb=11444, mem_mib=7630, disk_mb=9485, disk_mib=9046, tmpdir=<TBD>, slurm_partition=workq, slurm_account=mnaji, mem=12GB, time=28800


        vg chunk -x vg_vg/ABOFRAM000709524730_wg.xg -C -p 29 > vg_map/ABOFRAM000709524730_29_29.vg
        
No wall time information given. This might or might not work on your cluster. If not, specify the resource runtime in your rule or as a reasonable default via --default-resources.
Job 1264 has been submitted with SLURM jobid 11143977 (log: /work/project/CASCAD/mnaji/sm_folder/results/.snakemake/slurm_logs/rule_giraffe_chunk_vg/ABOFRAM000709524730_29/11143977.log).

[Fri Sep 20 08:39:16 2024]
rule giraffe_chunk:
    input: vg_vg/ABOFRAM000703115255_wg.xg, vg_map/ABOFRAM000703115255.gam
    output: vg_map/ABOFRAM000703115255_24_24.gam
    log: logs/vg/giraffe_chunk_ABOFRAM000703115255_24.log
    jobid: 931
    reason: Missing output files: vg_map/ABOFRAM000703115255_24_24.gam
    wildcards: sample=ABOFRAM000703115255, chr=24
    resources: mem_mb=28610, mem_mib=7630, disk_mb=273960, disk_mib=261269, tmpdir=<TBD>, slurm_partition=workq, slurm_account=mnaji, mem=30GB, time=28800


        vg chunk -x vg_vg/ABOFRAM000703115255_wg.xg -a vg_map/ABOFRAM000703115255.gam -C -p 24 -O pg --prefix vg_map/ABOFRAM000703115255_24 && ls -sh vg_map/ABOFRAM000703115255_24_24.gam
        
No wall time information given. This might or might not work on your cluster. If not, specify the resource runtime in your rule or as a reasonable default via --default-resources.
Job 931 has been submitted with SLURM jobid 11143978 (log: /work/project/CASCAD/mnaji/sm_folder/results/.snakemake/slurm_logs/rule_giraffe_chunk/ABOFRAM000703115255_24/11143978.log).

[Fri Sep 20 08:39:16 2024]
rule giraffe_chunk_vg:
    input: vg_vg/ABOFRAM007301868101_wg.xg
    output: vg_map/ABOFRAM007301868101_11_11.vg
    log: logs/vg/giraffe_chunk_vg_ABOFRAM007301868101_11.log
    jobid: 1329
    reason: Missing output files: vg_map/ABOFRAM007301868101_11_11.vg
    wildcards: sample=ABOFRAM007301868101, chr=11
    resources: mem_mb=11444, mem_mib=7630, disk_mb=9481, disk_mib=9042, tmpdir=<TBD>, slurm_partition=workq, slurm_account=mnaji, mem=12GB, time=28800


        vg chunk -x vg_vg/ABOFRAM007301868101_wg.xg -C -p 11 > vg_map/ABOFRAM007301868101_11_11.vg
        
No wall time information given. This might or might not work on your cluster. If not, specify the resource runtime in your rule or as a reasonable default via --default-resources.
Job 1329 has been submitted with SLURM jobid 11143979 (log: /work/project/CASCAD/mnaji/sm_folder/results/.snakemake/slurm_logs/rule_giraffe_chunk_vg/ABOFRAM007301868101_11/11143979.log).

[Fri Sep 20 08:39:16 2024]
rule giraffe_chunk:
    input: vg_vg/ABOFRAM000703115255_wg.xg, vg_map/ABOFRAM000703115255.gam
    output: vg_map/ABOFRAM000703115255_7_7.gam
    log: logs/vg/giraffe_chunk_ABOFRAM000703115255_7.log
    jobid: 846
    reason: Missing output files: vg_map/ABOFRAM000703115255_7_7.gam
    wildcards: sample=ABOFRAM000703115255, chr=7
    resources: mem_mb=28610, mem_mib=7630, disk_mb=273960, disk_mib=261269, tmpdir=<TBD>, slurm_partition=workq, slurm_account=mnaji, mem=30GB, time=28800


        vg chunk -x vg_vg/ABOFRAM000703115255_wg.xg -a vg_map/ABOFRAM000703115255.gam -C -p 7 -O pg --prefix vg_map/ABOFRAM000703115255_7 && ls -sh vg_map/ABOFRAM000703115255_7_7.gam
        
No wall time information given. This might or might not work on your cluster. If not, specify the resource runtime in your rule or as a reasonable default via --default-resources.
Job 846 has been submitted with SLURM jobid 11143980 (log: /work/project/CASCAD/mnaji/sm_folder/results/.snakemake/slurm_logs/rule_giraffe_chunk/ABOFRAM000703115255_7/11143980.log).

[Fri Sep 20 08:39:16 2024]
rule giraffe_chunk:
    input: vg_vg/ABOFRAM007401840180_wg.xg, vg_map/ABOFRAM007401840180.gam
    output: vg_map/ABOFRAM007401840180_15_15.gam
    log: logs/vg/giraffe_chunk_ABOFRAM007401840180_15.log
    jobid: 1506
    reason: Missing output files: vg_map/ABOFRAM007401840180_15_15.gam
    wildcards: sample=ABOFRAM007401840180, chr=15
    resources: mem_mb=28610, mem_mib=7630, disk_mb=196150, disk_mib=187064, tmpdir=<TBD>, slurm_partition=workq, slurm_account=mnaji, mem=30GB, time=28800


        vg chunk -x vg_vg/ABOFRAM007401840180_wg.xg -a vg_map/ABOFRAM007401840180.gam -C -p 15 -O pg --prefix vg_map/ABOFRAM007401840180_15 && ls -sh vg_map/ABOFRAM007401840180_15_15.gam
        
No wall time information given. This might or might not work on your cluster. If not, specify the resource runtime in your rule or as a reasonable default via --default-resources.
Job 1506 has been submitted with SLURM jobid 11143981 (log: /work/project/CASCAD/mnaji/sm_folder/results/.snakemake/slurm_logs/rule_giraffe_chunk/ABOFRAM007401840180_15/11143981.log).

[Fri Sep 20 08:39:17 2024]
rule giraffe_chunk_vg:
    input: vg_vg/ABOFRAM007401840180_wg.xg
    output: vg_map/ABOFRAM007401840180_2_2.vg
    log: logs/vg/giraffe_chunk_vg_ABOFRAM007401840180_2.log
    jobid: 1439
    reason: Missing output files: vg_map/ABOFRAM007401840180_2_2.vg
    wildcards: sample=ABOFRAM007401840180, chr=2
    resources: mem_mb=11444, mem_mib=7630, disk_mb=9482, disk_mib=9043, tmpdir=<TBD>, slurm_partition=workq, slurm_account=mnaji, mem=12GB, time=28800


        vg chunk -x vg_vg/ABOFRAM007401840180_wg.xg -C -p 2 > vg_map/ABOFRAM007401840180_2_2.vg
        
No wall time information given. This might or might not work on your cluster. If not, specify the resource runtime in your rule or as a reasonable default via --default-resources.
Job 1439 has been submitted with SLURM jobid 11143982 (log: /work/project/CASCAD/mnaji/sm_folder/results/.snakemake/slurm_logs/rule_giraffe_chunk_vg/ABOFRAM007401840180_2/11143982.log).

[Fri Sep 20 08:39:17 2024]
rule giraffe_chunk_vg:
    input: vg_vg/ABOFRAM000703115255_wg.xg
    output: vg_map/ABOFRAM000703115255_28_28.vg
    log: logs/vg/giraffe_chunk_vg_ABOFRAM000703115255_28.log
    jobid: 949
    reason: Missing output files: vg_map/ABOFRAM000703115255_28_28.vg
    wildcards: sample=ABOFRAM000703115255, chr=28
    resources: mem_mb=11444, mem_mib=7630, disk_mb=9484, disk_mib=9045, tmpdir=<TBD>, slurm_partition=workq, slurm_account=mnaji, mem=12GB, time=28800


        vg chunk -x vg_vg/ABOFRAM000703115255_wg.xg -C -p 28 > vg_map/ABOFRAM000703115255_28_28.vg
        
No wall time information given. This might or might not work on your cluster. If not, specify the resource runtime in your rule or as a reasonable default via --default-resources.
Job 949 has been submitted with SLURM jobid 11143983 (log: /work/project/CASCAD/mnaji/sm_folder/results/.snakemake/slurm_logs/rule_giraffe_chunk_vg/ABOFRAM000703115255_28/11143983.log).

[Fri Sep 20 08:39:17 2024]
rule giraffe_chunk:
    input: vg_vg/ABOFRAM000703115255_wg.xg, vg_map/ABOFRAM000703115255.gam
    output: vg_map/ABOFRAM000703115255_15_15.gam
    log: logs/vg/giraffe_chunk_ABOFRAM000703115255_15.log
    jobid: 886
    reason: Missing output files: vg_map/ABOFRAM000703115255_15_15.gam
    wildcards: sample=ABOFRAM000703115255, chr=15
    resources: mem_mb=28610, mem_mib=7630, disk_mb=273960, disk_mib=261269, tmpdir=<TBD>, slurm_partition=workq, slurm_account=mnaji, mem=30GB, time=28800


        vg chunk -x vg_vg/ABOFRAM000703115255_wg.xg -a vg_map/ABOFRAM000703115255.gam -C -p 15 -O pg --prefix vg_map/ABOFRAM000703115255_15 && ls -sh vg_map/ABOFRAM000703115255_15_15.gam
        
No wall time information given. This might or might not work on your cluster. If not, specify the resource runtime in your rule or as a reasonable default via --default-resources.
Job 886 has been submitted with SLURM jobid 11143984 (log: /work/project/CASCAD/mnaji/sm_folder/results/.snakemake/slurm_logs/rule_giraffe_chunk/ABOFRAM000703115255_15/11143984.log).

[Fri Sep 20 08:39:17 2024]
rule giraffe_chunk_vg:
    input: vg_vg/ABOFRAM007301868101_wg.xg
    output: vg_map/ABOFRAM007301868101_4_4.vg
    log: logs/vg/giraffe_chunk_vg_ABOFRAM007301868101_4.log
    jobid: 1294
    reason: Missing output files: vg_map/ABOFRAM007301868101_4_4.vg
    wildcards: sample=ABOFRAM007301868101, chr=4
    resources: mem_mb=11444, mem_mib=7630, disk_mb=9481, disk_mib=9042, tmpdir=<TBD>, slurm_partition=workq, slurm_account=mnaji, mem=12GB, time=28800


        vg chunk -x vg_vg/ABOFRAM007301868101_wg.xg -C -p 4 > vg_map/ABOFRAM007301868101_4_4.vg
        
No wall time information given. This might or might not work on your cluster. If not, specify the resource runtime in your rule or as a reasonable default via --default-resources.
Job 1294 has been submitted with SLURM jobid 11143985 (log: /work/project/CASCAD/mnaji/sm_folder/results/.snakemake/slurm_logs/rule_giraffe_chunk_vg/ABOFRAM007301868101_4/11143985.log).

[Fri Sep 20 08:39:17 2024]
rule giraffe_chunk_vg:
    input: vg_vg/ABOFRAM000709524730_wg.xg
    output: vg_map/ABOFRAM000709524730_17_17.vg
    log: logs/vg/giraffe_chunk_vg_ABOFRAM000709524730_17.log
    jobid: 1204
    reason: Missing output files: vg_map/ABOFRAM000709524730_17_17.vg
    wildcards: sample=ABOFRAM000709524730, chr=17
    resources: mem_mb=11444, mem_mib=7630, disk_mb=9485, disk_mib=9046, tmpdir=<TBD>, slurm_partition=workq, slurm_account=mnaji, mem=12GB, time=28800


        vg chunk -x vg_vg/ABOFRAM000709524730_wg.xg -C -p 17 > vg_map/ABOFRAM000709524730_17_17.vg
        
No wall time information given. This might or might not work on your cluster. If not, specify the resource runtime in your rule or as a reasonable default via --default-resources.
Job 1204 has been submitted with SLURM jobid 11143986 (log: /work/project/CASCAD/mnaji/sm_folder/results/.snakemake/slurm_logs/rule_giraffe_chunk_vg/ABOFRAM000709524730_17/11143986.log).

[Fri Sep 20 08:39:18 2024]
rule giraffe_chunk_vg:
    input: vg_vg/ABOFRAM007301868101_wg.xg
    output: vg_map/ABOFRAM007301868101_16_16.vg
    log: logs/vg/giraffe_chunk_vg_ABOFRAM007301868101_16.log
    jobid: 1354
    reason: Missing output files: vg_map/ABOFRAM007301868101_16_16.vg
    wildcards: sample=ABOFRAM007301868101, chr=16
    resources: mem_mb=11444, mem_mib=7630, disk_mb=9481, disk_mib=9042, tmpdir=<TBD>, slurm_partition=workq, slurm_account=mnaji, mem=12GB, time=28800


        vg chunk -x vg_vg/ABOFRAM007301868101_wg.xg -C -p 16 > vg_map/ABOFRAM007301868101_16_16.vg
        
No wall time information given. This might or might not work on your cluster. If not, specify the resource runtime in your rule or as a reasonable default via --default-resources.
Job 1354 has been submitted with SLURM jobid 11143987 (log: /work/project/CASCAD/mnaji/sm_folder/results/.snakemake/slurm_logs/rule_giraffe_chunk_vg/ABOFRAM007301868101_16/11143987.log).

[Fri Sep 20 08:39:18 2024]
rule giraffe_chunk:
    input: vg_vg/ABOFRAM007401840180_wg.xg, vg_map/ABOFRAM007401840180.gam
    output: vg_map/ABOFRAM007401840180_20_20.gam
    log: logs/vg/giraffe_chunk_ABOFRAM007401840180_20.log
    jobid: 1531
    reason: Missing output files: vg_map/ABOFRAM007401840180_20_20.gam
    wildcards: sample=ABOFRAM007401840180, chr=20
    resources: mem_mb=28610, mem_mib=7630, disk_mb=196150, disk_mib=187064, tmpdir=<TBD>, slurm_partition=workq, slurm_account=mnaji, mem=30GB, time=28800


        vg chunk -x vg_vg/ABOFRAM007401840180_wg.xg -a vg_map/ABOFRAM007401840180.gam -C -p 20 -O pg --prefix vg_map/ABOFRAM007401840180_20 && ls -sh vg_map/ABOFRAM007401840180_20_20.gam
        
No wall time information given. This might or might not work on your cluster. If not, specify the resource runtime in your rule or as a reasonable default via --default-resources.
Job 1531 has been submitted with SLURM jobid 11143988 (log: /work/project/CASCAD/mnaji/sm_folder/results/.snakemake/slurm_logs/rule_giraffe_chunk/ABOFRAM007401840180_20/11143988.log).

[Fri Sep 20 08:39:18 2024]
rule giraffe_chunk:
    input: vg_vg/ABOFRAM000709524730_wg.xg, vg_map/ABOFRAM000709524730.gam
    output: vg_map/ABOFRAM000709524730_19_19.gam
    log: logs/vg/giraffe_chunk_ABOFRAM000709524730_19.log
    jobid: 1216
    reason: Missing output files: vg_map/ABOFRAM000709524730_19_19.gam
    wildcards: sample=ABOFRAM000709524730, chr=19
    resources: mem_mb=28610, mem_mib=7630, disk_mb=246756, disk_mib=235325, tmpdir=<TBD>, slurm_partition=workq, slurm_account=mnaji, mem=30GB, time=28800


        vg chunk -x vg_vg/ABOFRAM000709524730_wg.xg -a vg_map/ABOFRAM000709524730.gam -C -p 19 -O pg --prefix vg_map/ABOFRAM000709524730_19 && ls -sh vg_map/ABOFRAM000709524730_19_19.gam
        
No wall time information given. This might or might not work on your cluster. If not, specify the resource runtime in your rule or as a reasonable default via --default-resources.
Job 1216 has been submitted with SLURM jobid 11143989 (log: /work/project/CASCAD/mnaji/sm_folder/results/.snakemake/slurm_logs/rule_giraffe_chunk/ABOFRAM000709524730_19/11143989.log).

[Fri Sep 20 08:39:18 2024]
rule giraffe_chunk_vg:
    input: vg_vg/ABOFRAM007301868101_wg.xg
    output: vg_map/ABOFRAM007301868101_21_21.vg
    log: logs/vg/giraffe_chunk_vg_ABOFRAM007301868101_21.log
    jobid: 1379
    reason: Missing output files: vg_map/ABOFRAM007301868101_21_21.vg
    wildcards: sample=ABOFRAM007301868101, chr=21
    resources: mem_mb=11444, mem_mib=7630, disk_mb=9481, disk_mib=9042, tmpdir=<TBD>, slurm_partition=workq, slurm_account=mnaji, mem=12GB, time=28800


        vg chunk -x vg_vg/ABOFRAM007301868101_wg.xg -C -p 21 > vg_map/ABOFRAM007301868101_21_21.vg
        
No wall time information given. This might or might not work on your cluster. If not, specify the resource runtime in your rule or as a reasonable default via --default-resources.
Job 1379 has been submitted with SLURM jobid 11143990 (log: /work/project/CASCAD/mnaji/sm_folder/results/.snakemake/slurm_logs/rule_giraffe_chunk_vg/ABOFRAM007301868101_21/11143990.log).

[Fri Sep 20 08:39:18 2024]
rule giraffe_chunk_vg:
    input: vg_vg/ABOFRAM007401840180_wg.xg
    output: vg_map/ABOFRAM007401840180_7_7.vg
    log: logs/vg/giraffe_chunk_vg_ABOFRAM007401840180_7.log
    jobid: 1464
    reason: Missing output files: vg_map/ABOFRAM007401840180_7_7.vg
    wildcards: sample=ABOFRAM007401840180, chr=7
    resources: mem_mb=11444, mem_mib=7630, disk_mb=9482, disk_mib=9043, tmpdir=<TBD>, slurm_partition=workq, slurm_account=mnaji, mem=12GB, time=28800


        vg chunk -x vg_vg/ABOFRAM007401840180_wg.xg -C -p 7 > vg_map/ABOFRAM007401840180_7_7.vg
        
No wall time information given. This might or might not work on your cluster. If not, specify the resource runtime in your rule or as a reasonable default via --default-resources.
Job 1464 has been submitted with SLURM jobid 11143991 (log: /work/project/CASCAD/mnaji/sm_folder/results/.snakemake/slurm_logs/rule_giraffe_chunk_vg/ABOFRAM007401840180_7/11143991.log).

[Fri Sep 20 08:39:19 2024]
rule giraffe_chunk:
    input: vg_vg/ABOFRAM000707401531_wg.xg, vg_map/ABOFRAM000707401531.gam
    output: vg_map/ABOFRAM000707401531_3_3.gam
    log: logs/vg/giraffe_chunk_ABOFRAM000707401531_3.log
    jobid: 981
    reason: Missing output files: vg_map/ABOFRAM000707401531_3_3.gam
    wildcards: sample=ABOFRAM000707401531, chr=3
    resources: mem_mb=28610, mem_mib=7630, disk_mb=202240, disk_mib=192872, tmpdir=<TBD>, slurm_partition=workq, slurm_account=mnaji, mem=30GB, time=28800


        vg chunk -x vg_vg/ABOFRAM000707401531_wg.xg -a vg_map/ABOFRAM000707401531.gam -C -p 3 -O pg --prefix vg_map/ABOFRAM000707401531_3 && ls -sh vg_map/ABOFRAM000707401531_3_3.gam
        
No wall time information given. This might or might not work on your cluster. If not, specify the resource runtime in your rule or as a reasonable default via --default-resources.
Job 981 has been submitted with SLURM jobid 11143992 (log: /work/project/CASCAD/mnaji/sm_folder/results/.snakemake/slurm_logs/rule_giraffe_chunk/ABOFRAM000707401531_3/11143992.log).

[Fri Sep 20 08:39:19 2024]
rule giraffe_chunk:
    input: vg_vg/ABOFRAM007401840180_wg.xg, vg_map/ABOFRAM007401840180.gam
    output: vg_map/ABOFRAM007401840180_25_25.gam
    log: logs/vg/giraffe_chunk_ABOFRAM007401840180_25.log
    jobid: 1556
    reason: Missing output files: vg_map/ABOFRAM007401840180_25_25.gam
    wildcards: sample=ABOFRAM007401840180, chr=25
    resources: mem_mb=28610, mem_mib=7630, disk_mb=196150, disk_mib=187064, tmpdir=<TBD>, slurm_partition=workq, slurm_account=mnaji, mem=30GB, time=28800


        vg chunk -x vg_vg/ABOFRAM007401840180_wg.xg -a vg_map/ABOFRAM007401840180.gam -C -p 25 -O pg --prefix vg_map/ABOFRAM007401840180_25 && ls -sh vg_map/ABOFRAM007401840180_25_25.gam
        
No wall time information given. This might or might not work on your cluster. If not, specify the resource runtime in your rule or as a reasonable default via --default-resources.
Job 1556 has been submitted with SLURM jobid 11143993 (log: /work/project/CASCAD/mnaji/sm_folder/results/.snakemake/slurm_logs/rule_giraffe_chunk/ABOFRAM007401840180_25/11143993.log).

[Fri Sep 20 08:39:19 2024]
rule giraffe_chunk_vg:
    input: vg_vg/ABOFRAM000707401531_wg.xg
    output: vg_map/ABOFRAM000707401531_7_7.vg
    log: logs/vg/giraffe_chunk_vg_ABOFRAM000707401531_7.log
    jobid: 999
    reason: Missing output files: vg_map/ABOFRAM000707401531_7_7.vg
    wildcards: sample=ABOFRAM000707401531, chr=7
    resources: mem_mb=11444, mem_mib=7630, disk_mb=9481, disk_mib=9042, tmpdir=<TBD>, slurm_partition=workq, slurm_account=mnaji, mem=12GB, time=28800


        vg chunk -x vg_vg/ABOFRAM000707401531_wg.xg -C -p 7 > vg_map/ABOFRAM000707401531_7_7.vg
        
No wall time information given. This might or might not work on your cluster. If not, specify the resource runtime in your rule or as a reasonable default via --default-resources.
Job 999 has been submitted with SLURM jobid 11143994 (log: /work/project/CASCAD/mnaji/sm_folder/results/.snakemake/slurm_logs/rule_giraffe_chunk_vg/ABOFRAM000707401531_7/11143994.log).

[Fri Sep 20 08:39:19 2024]
rule giraffe_chunk:
    input: vg_vg/ABOFRAM000707401531_wg.xg, vg_map/ABOFRAM000707401531.gam
    output: vg_map/ABOFRAM000707401531_8_8.gam
    log: logs/vg/giraffe_chunk_ABOFRAM000707401531_8.log
    jobid: 1006
    reason: Missing output files: vg_map/ABOFRAM000707401531_8_8.gam
    wildcards: sample=ABOFRAM000707401531, chr=8
    resources: mem_mb=28610, mem_mib=7630, disk_mb=202240, disk_mib=192872, tmpdir=<TBD>, slurm_partition=workq, slurm_account=mnaji, mem=30GB, time=28800


        vg chunk -x vg_vg/ABOFRAM000707401531_wg.xg -a vg_map/ABOFRAM000707401531.gam -C -p 8 -O pg --prefix vg_map/ABOFRAM000707401531_8 && ls -sh vg_map/ABOFRAM000707401531_8_8.gam
        
No wall time information given. This might or might not work on your cluster. If not, specify the resource runtime in your rule or as a reasonable default via --default-resources.
Job 1006 has been submitted with SLURM jobid 11143995 (log: /work/project/CASCAD/mnaji/sm_folder/results/.snakemake/slurm_logs/rule_giraffe_chunk/ABOFRAM000707401531_8/11143995.log).

[Fri Sep 20 08:39:19 2024]
rule giraffe_chunk:
    input: vg_vg/ABOFRAM007301868101_wg.xg, vg_map/ABOFRAM007301868101.gam
    output: vg_map/ABOFRAM007301868101_28_28.gam
    log: logs/vg/giraffe_chunk_ABOFRAM007301868101_28.log
    jobid: 1416
    reason: Missing output files: vg_map/ABOFRAM007301868101_28_28.gam
    wildcards: sample=ABOFRAM007301868101, chr=28
    resources: mem_mb=28610, mem_mib=7630, disk_mb=185244, disk_mib=176663, tmpdir=<TBD>, slurm_partition=workq, slurm_account=mnaji, mem=30GB, time=28800


        vg chunk -x vg_vg/ABOFRAM007301868101_wg.xg -a vg_map/ABOFRAM007301868101.gam -C -p 28 -O pg --prefix vg_map/ABOFRAM007301868101_28 && ls -sh vg_map/ABOFRAM007301868101_28_28.gam
        
No wall time information given. This might or might not work on your cluster. If not, specify the resource runtime in your rule or as a reasonable default via --default-resources.
Job 1416 has been submitted with SLURM jobid 11143996 (log: /work/project/CASCAD/mnaji/sm_folder/results/.snakemake/slurm_logs/rule_giraffe_chunk/ABOFRAM007301868101_28/11143996.log).

[Fri Sep 20 08:39:20 2024]
rule giraffe_chunk_vg:
    input: vg_vg/ABOFRAM000709524730_wg.xg
    output: vg_map/ABOFRAM000709524730_23_23.vg
    log: logs/vg/giraffe_chunk_vg_ABOFRAM000709524730_23.log
    jobid: 1234
    reason: Missing output files: vg_map/ABOFRAM000709524730_23_23.vg
    wildcards: sample=ABOFRAM000709524730, chr=23
    resources: mem_mb=11444, mem_mib=7630, disk_mb=9485, disk_mib=9046, tmpdir=<TBD>, slurm_partition=workq, slurm_account=mnaji, mem=12GB, time=28800


        vg chunk -x vg_vg/ABOFRAM000709524730_wg.xg -C -p 23 > vg_map/ABOFRAM000709524730_23_23.vg
        
No wall time information given. This might or might not work on your cluster. If not, specify the resource runtime in your rule or as a reasonable default via --default-resources.
Job 1234 has been submitted with SLURM jobid 11143997 (log: /work/project/CASCAD/mnaji/sm_folder/results/.snakemake/slurm_logs/rule_giraffe_chunk_vg/ABOFRAM000709524730_23/11143997.log).

[Fri Sep 20 08:39:20 2024]
rule giraffe_chunk_vg:
    input: vg_vg/ABOFRAM007301868101_wg.xg
    output: vg_map/ABOFRAM007301868101_15_15.vg
    log: logs/vg/giraffe_chunk_vg_ABOFRAM007301868101_15.log
    jobid: 1349
    reason: Missing output files: vg_map/ABOFRAM007301868101_15_15.vg
    wildcards: sample=ABOFRAM007301868101, chr=15
    resources: mem_mb=11444, mem_mib=7630, disk_mb=9481, disk_mib=9042, tmpdir=<TBD>, slurm_partition=workq, slurm_account=mnaji, mem=12GB, time=28800


        vg chunk -x vg_vg/ABOFRAM007301868101_wg.xg -C -p 15 > vg_map/ABOFRAM007301868101_15_15.vg
        
No wall time information given. This might or might not work on your cluster. If not, specify the resource runtime in your rule or as a reasonable default via --default-resources.
Job 1349 has been submitted with SLURM jobid 11143998 (log: /work/project/CASCAD/mnaji/sm_folder/results/.snakemake/slurm_logs/rule_giraffe_chunk_vg/ABOFRAM007301868101_15/11143998.log).

[Fri Sep 20 08:39:20 2024]
rule giraffe_chunk_vg:
    input: vg_vg/ABOFRAM000707401531_wg.xg
    output: vg_map/ABOFRAM000707401531_12_12.vg
    log: logs/vg/giraffe_chunk_vg_ABOFRAM000707401531_12.log
    jobid: 1024
    reason: Missing output files: vg_map/ABOFRAM000707401531_12_12.vg
    wildcards: sample=ABOFRAM000707401531, chr=12
    resources: mem_mb=11444, mem_mib=7630, disk_mb=9481, disk_mib=9042, tmpdir=<TBD>, slurm_partition=workq, slurm_account=mnaji, mem=12GB, time=28800


        vg chunk -x vg_vg/ABOFRAM000707401531_wg.xg -C -p 12 > vg_map/ABOFRAM000707401531_12_12.vg
        
No wall time information given. This might or might not work on your cluster. If not, specify the resource runtime in your rule or as a reasonable default via --default-resources.
Job 1024 has been submitted with SLURM jobid 11143999 (log: /work/project/CASCAD/mnaji/sm_folder/results/.snakemake/slurm_logs/rule_giraffe_chunk_vg/ABOFRAM000707401531_12/11143999.log).

[Fri Sep 20 08:39:20 2024]
rule giraffe_chunk_vg:
    input: vg_vg/ABOFRAM000709524730_wg.xg
    output: vg_map/ABOFRAM000709524730_26_26.vg
    log: logs/vg/giraffe_chunk_vg_ABOFRAM000709524730_26.log
    jobid: 1249
    reason: Missing output files: vg_map/ABOFRAM000709524730_26_26.vg
    wildcards: sample=ABOFRAM000709524730, chr=26
    resources: mem_mb=11444, mem_mib=7630, disk_mb=9485, disk_mib=9046, tmpdir=<TBD>, slurm_partition=workq, slurm_account=mnaji, mem=12GB, time=28800


        vg chunk -x vg_vg/ABOFRAM000709524730_wg.xg -C -p 26 > vg_map/ABOFRAM000709524730_26_26.vg
        
No wall time information given. This might or might not work on your cluster. If not, specify the resource runtime in your rule or as a reasonable default via --default-resources.
Job 1249 has been submitted with SLURM jobid 11144000 (log: /work/project/CASCAD/mnaji/sm_folder/results/.snakemake/slurm_logs/rule_giraffe_chunk_vg/ABOFRAM000709524730_26/11144000.log).

[Fri Sep 20 08:39:20 2024]
rule giraffe_chunk_vg:
    input: vg_vg/ABOFRAM007401840180_wg.xg
    output: vg_map/ABOFRAM007401840180_13_13.vg
    log: logs/vg/giraffe_chunk_vg_ABOFRAM007401840180_13.log
    jobid: 1494
    reason: Missing output files: vg_map/ABOFRAM007401840180_13_13.vg
    wildcards: sample=ABOFRAM007401840180, chr=13
    resources: mem_mb=11444, mem_mib=7630, disk_mb=9482, disk_mib=9043, tmpdir=<TBD>, slurm_partition=workq, slurm_account=mnaji, mem=12GB, time=28800


        vg chunk -x vg_vg/ABOFRAM007401840180_wg.xg -C -p 13 > vg_map/ABOFRAM007401840180_13_13.vg
        
No wall time information given. This might or might not work on your cluster. If not, specify the resource runtime in your rule or as a reasonable default via --default-resources.
Job 1494 has been submitted with SLURM jobid 11144001 (log: /work/project/CASCAD/mnaji/sm_folder/results/.snakemake/slurm_logs/rule_giraffe_chunk_vg/ABOFRAM007401840180_13/11144001.log).

[Fri Sep 20 08:39:21 2024]
rule giraffe_chunk_vg:
    input: vg_vg/ABOFRAM000703115255_wg.xg
    output: vg_map/ABOFRAM000703115255_10_10.vg
    log: logs/vg/giraffe_chunk_vg_ABOFRAM000703115255_10.log
    jobid: 859
    reason: Missing output files: vg_map/ABOFRAM000703115255_10_10.vg
    wildcards: sample=ABOFRAM000703115255, chr=10
    resources: mem_mb=11444, mem_mib=7630, disk_mb=9484, disk_mib=9045, tmpdir=<TBD>, slurm_partition=workq, slurm_account=mnaji, mem=12GB, time=28800


        vg chunk -x vg_vg/ABOFRAM000703115255_wg.xg -C -p 10 > vg_map/ABOFRAM000703115255_10_10.vg
        
No wall time information given. This might or might not work on your cluster. If not, specify the resource runtime in your rule or as a reasonable default via --default-resources.
Job 859 has been submitted with SLURM jobid 11144002 (log: /work/project/CASCAD/mnaji/sm_folder/results/.snakemake/slurm_logs/rule_giraffe_chunk_vg/ABOFRAM000703115255_10/11144002.log).

[Fri Sep 20 08:39:21 2024]
rule bwamap:
    input: /work/project/G2BSeq/Sequences/RUN7/REF/ARS-UCD1.2_Btau5.0.1Y.fa, /work/project/CASCAD/mnaji/fastq_sr/ABOFRAM007301868101.R1.fq.gz, /work/project/CASCAD/mnaji/fastq_sr/ABOFRAM007301868101.R2.fq.gz
    output: bam_files/ABOFRAM007301868101.bam
    log: logs/bwmap/ABOFRAM007301868101.log
    jobid: 34
    reason: Missing output files: bam_files/ABOFRAM007301868101.bam
    wildcards: sample=ABOFRAM007301868101
    threads: 5
    resources: mem_mb=61035, mem_mib=7630, disk_mb=80129, disk_mib=76417, tmpdir=<TBD>, slurm_partition=workq, slurm_account=mnaji, mem=64GB, time=28800

bwa mem -t 24 -R '@RG\tID:ABOFRAM007301868101\tPL:Illumina\tSM:ABOFRAM007301868101' /work/project/G2BSeq/Sequences/RUN7/REF/ARS-UCD1.2_Btau5.0.1Y.fa /work/project/CASCAD/mnaji/fastq_sr/ABOFRAM007301868101.R1.fq.gz /work/project/CASCAD/mnaji/fastq_sr/ABOFRAM007301868101.R2.fq.gz | samtools sort -@ 24 -m 1500M -n -T ABOFRAM007301868101 -o bam_files/ABOFRAM007301868101.bam -O BAM
No wall time information given. This might or might not work on your cluster. If not, specify the resource runtime in your rule or as a reasonable default via --default-resources.
Job 34 has been submitted with SLURM jobid 11144003 (log: /work/project/CASCAD/mnaji/sm_folder/results/.snakemake/slurm_logs/rule_bwamap/ABOFRAM007301868101/11144003.log).

[Fri Sep 20 08:39:21 2024]
rule giraffe_chunk_vg:
    input: vg_vg/ABOFRAM007301868101_wg.xg
    output: vg_map/ABOFRAM007301868101_20_20.vg
    log: logs/vg/giraffe_chunk_vg_ABOFRAM007301868101_20.log
    jobid: 1374
    reason: Missing output files: vg_map/ABOFRAM007301868101_20_20.vg
    wildcards: sample=ABOFRAM007301868101, chr=20
    resources: mem_mb=11444, mem_mib=7630, disk_mb=9481, disk_mib=9042, tmpdir=<TBD>, slurm_partition=workq, slurm_account=mnaji, mem=12GB, time=28800


        vg chunk -x vg_vg/ABOFRAM007301868101_wg.xg -C -p 20 > vg_map/ABOFRAM007301868101_20_20.vg
        
No wall time information given. This might or might not work on your cluster. If not, specify the resource runtime in your rule or as a reasonable default via --default-resources.
Job 1374 has been submitted with SLURM jobid 11144004 (log: /work/project/CASCAD/mnaji/sm_folder/results/.snakemake/slurm_logs/rule_giraffe_chunk_vg/ABOFRAM007301868101_20/11144004.log).

[Fri Sep 20 08:39:21 2024]
rule giraffe_chunk_vg:
    input: vg_vg/ABOFRAM007401840180_wg.xg
    output: vg_map/ABOFRAM007401840180_18_18.vg
    log: logs/vg/giraffe_chunk_vg_ABOFRAM007401840180_18.log
    jobid: 1519
    reason: Missing output files: vg_map/ABOFRAM007401840180_18_18.vg
    wildcards: sample=ABOFRAM007401840180, chr=18
    resources: mem_mb=11444, mem_mib=7630, disk_mb=9482, disk_mib=9043, tmpdir=<TBD>, slurm_partition=workq, slurm_account=mnaji, mem=12GB, time=28800


        vg chunk -x vg_vg/ABOFRAM007401840180_wg.xg -C -p 18 > vg_map/ABOFRAM007401840180_18_18.vg
        
No wall time information given. This might or might not work on your cluster. If not, specify the resource runtime in your rule or as a reasonable default via --default-resources.
Job 1519 has been submitted with SLURM jobid 11144005 (log: /work/project/CASCAD/mnaji/sm_folder/results/.snakemake/slurm_logs/rule_giraffe_chunk_vg/ABOFRAM007401840180_18/11144005.log).

[Fri Sep 20 08:39:21 2024]
rule giraffe_chunk:
    input: vg_vg/ABOFRAM000709524730_wg.xg, vg_map/ABOFRAM000709524730.gam
    output: vg_map/ABOFRAM000709524730_27_27.gam
    log: logs/vg/giraffe_chunk_ABOFRAM000709524730_27.log
    jobid: 1256
    reason: Missing output files: vg_map/ABOFRAM000709524730_27_27.gam
    wildcards: sample=ABOFRAM000709524730, chr=27
    resources: mem_mb=28610, mem_mib=7630, disk_mb=246756, disk_mib=235325, tmpdir=<TBD>, slurm_partition=workq, slurm_account=mnaji, mem=30GB, time=28800


        vg chunk -x vg_vg/ABOFRAM000709524730_wg.xg -a vg_map/ABOFRAM000709524730.gam -C -p 27 -O pg --prefix vg_map/ABOFRAM000709524730_27 && ls -sh vg_map/ABOFRAM000709524730_27_27.gam
        
No wall time information given. This might or might not work on your cluster. If not, specify the resource runtime in your rule or as a reasonable default via --default-resources.
Job 1256 has been submitted with SLURM jobid 11144006 (log: /work/project/CASCAD/mnaji/sm_folder/results/.snakemake/slurm_logs/rule_giraffe_chunk/ABOFRAM000709524730_27/11144006.log).

[Fri Sep 20 08:39:21 2024]
rule giraffe_chunk_vg:
    input: vg_vg/ABOFRAM007401840180_wg.xg
    output: vg_map/ABOFRAM007401840180_23_23.vg
    log: logs/vg/giraffe_chunk_vg_ABOFRAM007401840180_23.log
    jobid: 1544
    reason: Missing output files: vg_map/ABOFRAM007401840180_23_23.vg
    wildcards: sample=ABOFRAM007401840180, chr=23
    resources: mem_mb=11444, mem_mib=7630, disk_mb=9482, disk_mib=9043, tmpdir=<TBD>, slurm_partition=workq, slurm_account=mnaji, mem=12GB, time=28800


        vg chunk -x vg_vg/ABOFRAM007401840180_wg.xg -C -p 23 > vg_map/ABOFRAM007401840180_23_23.vg
        
No wall time information given. This might or might not work on your cluster. If not, specify the resource runtime in your rule or as a reasonable default via --default-resources.
Job 1544 has been submitted with SLURM jobid 11144007 (log: /work/project/CASCAD/mnaji/sm_folder/results/.snakemake/slurm_logs/rule_giraffe_chunk_vg/ABOFRAM007401840180_23/11144007.log).

[Fri Sep 20 08:39:22 2024]
rule modified_panel_vcf:
    input: /work/project/CASCAD/mnaji/sm_folder/results/vcf_lr/ABOFRAM007301868101_pbsv.vcf.gz
    output: svtyper/modif_panel1_ABOFRAM007301868101.vcf
    log: logs/svtyper/modified_panel_vcf_ABOFRAM007301868101.log
    jobid: 1764
    reason: Missing output files: svtyper/modif_panel1_ABOFRAM007301868101.vcf
    wildcards: sample=ABOFRAM007301868101
    resources: mem_mb=11444, mem_mib=954, disk_mb=1000, disk_mib=954, tmpdir=<TBD>, slurm_partition=workq, slurm_account=mnaji, mem=12GB, time=28800


        bcftools view /work/project/CASCAD/mnaji/sm_folder/results/vcf_lr/ABOFRAM007301868101_pbsv.vcf.gz | grep '^#' > svtyper/modif_panel1_ABOFRAM007301868101.vcf; 
        bcftools view /work/project/CASCAD/mnaji/sm_folder/results/vcf_lr/ABOFRAM007301868101_pbsv.vcf.gz | grep -v '^#' |  sed 's/SVLEN/CIPOS\=-100,100\;CIEND\=-100,100\;CIPOS95=0,0\;CIEND95=0,0\;SVLEN/g' >> svtyper/modif_panel1_ABOFRAM007301868101.vcf
        
No wall time information given. This might or might not work on your cluster. If not, specify the resource runtime in your rule or as a reasonable default via --default-resources.
Job 1764 has been submitted with SLURM jobid 11144008 (log: /work/project/CASCAD/mnaji/sm_folder/results/.snakemake/slurm_logs/rule_modified_panel_vcf/ABOFRAM007301868101/11144008.log).

[Fri Sep 20 08:39:22 2024]
rule giraffe_chunk_vg:
    input: vg_vg/ABOFRAM000703115255_wg.xg
    output: vg_map/ABOFRAM000703115255_15_15.vg
    log: logs/vg/giraffe_chunk_vg_ABOFRAM000703115255_15.log
    jobid: 884
    reason: Missing output files: vg_map/ABOFRAM000703115255_15_15.vg
    wildcards: sample=ABOFRAM000703115255, chr=15
    resources: mem_mb=11444, mem_mib=7630, disk_mb=9484, disk_mib=9045, tmpdir=<TBD>, slurm_partition=workq, slurm_account=mnaji, mem=12GB, time=28800


        vg chunk -x vg_vg/ABOFRAM000703115255_wg.xg -C -p 15 > vg_map/ABOFRAM000703115255_15_15.vg
        
No wall time information given. This might or might not work on your cluster. If not, specify the resource runtime in your rule or as a reasonable default via --default-resources.
Job 884 has been submitted with SLURM jobid 11144009 (log: /work/project/CASCAD/mnaji/sm_folder/results/.snakemake/slurm_logs/rule_giraffe_chunk_vg/ABOFRAM000703115255_15/11144009.log).

[Fri Sep 20 08:39:22 2024]
rule giraffe_chunk_vg:
    input: vg_vg/ABOFRAM000703115255_wg.xg
    output: vg_map/ABOFRAM000703115255_3_3.vg
    log: logs/vg/giraffe_chunk_vg_ABOFRAM000703115255_3.log
    jobid: 824
    reason: Missing output files: vg_map/ABOFRAM000703115255_3_3.vg
    wildcards: sample=ABOFRAM000703115255, chr=3
    resources: mem_mb=11444, mem_mib=7630, disk_mb=9484, disk_mib=9045, tmpdir=<TBD>, slurm_partition=workq, slurm_account=mnaji, mem=12GB, time=28800


        vg chunk -x vg_vg/ABOFRAM000703115255_wg.xg -C -p 3 > vg_map/ABOFRAM000703115255_3_3.vg
        
No wall time information given. This might or might not work on your cluster. If not, specify the resource runtime in your rule or as a reasonable default via --default-resources.
Job 824 has been submitted with SLURM jobid 11144010 (log: /work/project/CASCAD/mnaji/sm_folder/results/.snakemake/slurm_logs/rule_giraffe_chunk_vg/ABOFRAM000703115255_3/11144010.log).

[Fri Sep 20 08:39:22 2024]
rule modified_panel_vcf:
    input: /work/project/CASCAD/mnaji/sm_folder/results/vcf_lr/ABOFRAM000707401531_pbsv.vcf.gz
    output: svtyper/modif_panel1_ABOFRAM000707401531.vcf
    log: logs/svtyper/modified_panel_vcf_ABOFRAM000707401531.log
    jobid: 1756
    reason: Missing output files: svtyper/modif_panel1_ABOFRAM000707401531.vcf
    wildcards: sample=ABOFRAM000707401531
    resources: mem_mb=11444, mem_mib=954, disk_mb=1000, disk_mib=954, tmpdir=<TBD>, slurm_partition=workq, slurm_account=mnaji, mem=12GB, time=28800


        bcftools view /work/project/CASCAD/mnaji/sm_folder/results/vcf_lr/ABOFRAM000707401531_pbsv.vcf.gz | grep '^#' > svtyper/modif_panel1_ABOFRAM000707401531.vcf; 
        bcftools view /work/project/CASCAD/mnaji/sm_folder/results/vcf_lr/ABOFRAM000707401531_pbsv.vcf.gz | grep -v '^#' |  sed 's/SVLEN/CIPOS\=-100,100\;CIEND\=-100,100\;CIPOS95=0,0\;CIEND95=0,0\;SVLEN/g' >> svtyper/modif_panel1_ABOFRAM000707401531.vcf
        
No wall time information given. This might or might not work on your cluster. If not, specify the resource runtime in your rule or as a reasonable default via --default-resources.
Job 1756 has been submitted with SLURM jobid 11144011 (log: /work/project/CASCAD/mnaji/sm_folder/results/.snakemake/slurm_logs/rule_modified_panel_vcf/ABOFRAM000707401531/11144011.log).

[Fri Sep 20 08:39:22 2024]
rule giraffe_chunk:
    input: vg_vg/ABOFRAM007301868101_wg.xg, vg_map/ABOFRAM007301868101.gam
    output: vg_map/ABOFRAM007301868101_3_3.gam
    log: logs/vg/giraffe_chunk_ABOFRAM007301868101_3.log
    jobid: 1291
    reason: Missing output files: vg_map/ABOFRAM007301868101_3_3.gam
    wildcards: sample=ABOFRAM007301868101, chr=3
    resources: mem_mb=28610, mem_mib=7630, disk_mb=185244, disk_mib=176663, tmpdir=<TBD>, slurm_partition=workq, slurm_account=mnaji, mem=30GB, time=28800


        vg chunk -x vg_vg/ABOFRAM007301868101_wg.xg -a vg_map/ABOFRAM007301868101.gam -C -p 3 -O pg --prefix vg_map/ABOFRAM007301868101_3 && ls -sh vg_map/ABOFRAM007301868101_3_3.gam
        
No wall time information given. This might or might not work on your cluster. If not, specify the resource runtime in your rule or as a reasonable default via --default-resources.
Job 1291 has been submitted with SLURM jobid 11144012 (log: /work/project/CASCAD/mnaji/sm_folder/results/.snakemake/slurm_logs/rule_giraffe_chunk/ABOFRAM007301868101_3/11144012.log).

[Fri Sep 20 08:39:23 2024]
rule giraffe_chunk_vg:
    input: vg_vg/ABOFRAM000703115255_wg.xg
    output: vg_map/ABOFRAM000703115255_20_20.vg
    log: logs/vg/giraffe_chunk_vg_ABOFRAM000703115255_20.log
    jobid: 909
    reason: Missing output files: vg_map/ABOFRAM000703115255_20_20.vg
    wildcards: sample=ABOFRAM000703115255, chr=20
    resources: mem_mb=11444, mem_mib=7630, disk_mb=9484, disk_mib=9045, tmpdir=<TBD>, slurm_partition=workq, slurm_account=mnaji, mem=12GB, time=28800


        vg chunk -x vg_vg/ABOFRAM000703115255_wg.xg -C -p 20 > vg_map/ABOFRAM000703115255_20_20.vg
        
No wall time information given. This might or might not work on your cluster. If not, specify the resource runtime in your rule or as a reasonable default via --default-resources.
Job 909 has been submitted with SLURM jobid 11144013 (log: /work/project/CASCAD/mnaji/sm_folder/results/.snakemake/slurm_logs/rule_giraffe_chunk_vg/ABOFRAM000703115255_20/11144013.log).

[Fri Sep 20 08:39:23 2024]
rule giraffe_chunk_vg:
    input: vg_vg/ABOFRAM000703115255_wg.xg
    output: vg_map/ABOFRAM000703115255_8_8.vg
    log: logs/vg/giraffe_chunk_vg_ABOFRAM000703115255_8.log
    jobid: 849
    reason: Missing output files: vg_map/ABOFRAM000703115255_8_8.vg
    wildcards: sample=ABOFRAM000703115255, chr=8
    resources: mem_mb=11444, mem_mib=7630, disk_mb=9484, disk_mib=9045, tmpdir=<TBD>, slurm_partition=workq, slurm_account=mnaji, mem=12GB, time=28800


        vg chunk -x vg_vg/ABOFRAM000703115255_wg.xg -C -p 8 > vg_map/ABOFRAM000703115255_8_8.vg
        
No wall time information given. This might or might not work on your cluster. If not, specify the resource runtime in your rule or as a reasonable default via --default-resources.
Job 849 has been submitted with SLURM jobid 11144014 (log: /work/project/CASCAD/mnaji/sm_folder/results/.snakemake/slurm_logs/rule_giraffe_chunk_vg/ABOFRAM000703115255_8/11144014.log).

[Fri Sep 20 08:39:23 2024]
rule giraffe_chunk_vg:
    input: vg_vg/ABOFRAM000703115255_wg.xg
    output: vg_map/ABOFRAM000703115255_25_25.vg
    log: logs/vg/giraffe_chunk_vg_ABOFRAM000703115255_25.log
    jobid: 934
    reason: Missing output files: vg_map/ABOFRAM000703115255_25_25.vg
    wildcards: sample=ABOFRAM000703115255, chr=25
    resources: mem_mb=11444, mem_mib=7630, disk_mb=9484, disk_mib=9045, tmpdir=<TBD>, slurm_partition=workq, slurm_account=mnaji, mem=12GB, time=28800


        vg chunk -x vg_vg/ABOFRAM000703115255_wg.xg -C -p 25 > vg_map/ABOFRAM000703115255_25_25.vg
        
No wall time information given. This might or might not work on your cluster. If not, specify the resource runtime in your rule or as a reasonable default via --default-resources.
Job 934 has been submitted with SLURM jobid 11144015 (log: /work/project/CASCAD/mnaji/sm_folder/results/.snakemake/slurm_logs/rule_giraffe_chunk_vg/ABOFRAM000703115255_25/11144015.log).

[Fri Sep 20 08:39:23 2024]
rule giraffe_chunk:
    input: vg_vg/ABOFRAM000703115255_wg.xg, vg_map/ABOFRAM000703115255.gam
    output: vg_map/ABOFRAM000703115255_28_28.gam
    log: logs/vg/giraffe_chunk_ABOFRAM000703115255_28.log
    jobid: 951
    reason: Missing output files: vg_map/ABOFRAM000703115255_28_28.gam
    wildcards: sample=ABOFRAM000703115255, chr=28
    resources: mem_mb=28610, mem_mib=7630, disk_mb=273960, disk_mib=261269, tmpdir=<TBD>, slurm_partition=workq, slurm_account=mnaji, mem=30GB, time=28800


        vg chunk -x vg_vg/ABOFRAM000703115255_wg.xg -a vg_map/ABOFRAM000703115255.gam -C -p 28 -O pg --prefix vg_map/ABOFRAM000703115255_28 && ls -sh vg_map/ABOFRAM000703115255_28_28.gam
        
No wall time information given. This might or might not work on your cluster. If not, specify the resource runtime in your rule or as a reasonable default via --default-resources.
Job 951 has been submitted with SLURM jobid 11144016 (log: /work/project/CASCAD/mnaji/sm_folder/results/.snakemake/slurm_logs/rule_giraffe_chunk/ABOFRAM000703115255_28/11144016.log).

[Fri Sep 20 08:39:23 2024]
rule giraffe_chunk:
    input: vg_vg/ABOFRAM000707401531_wg.xg, vg_map/ABOFRAM000707401531.gam
    output: vg_map/ABOFRAM000707401531_17_17.gam
    log: logs/vg/giraffe_chunk_ABOFRAM000707401531_17.log
    jobid: 1051
    reason: Missing output files: vg_map/ABOFRAM000707401531_17_17.gam
    wildcards: sample=ABOFRAM000707401531, chr=17
    resources: mem_mb=28610, mem_mib=7630, disk_mb=202240, disk_mib=192872, tmpdir=<TBD>, slurm_partition=workq, slurm_account=mnaji, mem=30GB, time=28800


        vg chunk -x vg_vg/ABOFRAM000707401531_wg.xg -a vg_map/ABOFRAM000707401531.gam -C -p 17 -O pg --prefix vg_map/ABOFRAM000707401531_17 && ls -sh vg_map/ABOFRAM000707401531_17_17.gam
        
No wall time information given. This might or might not work on your cluster. If not, specify the resource runtime in your rule or as a reasonable default via --default-resources.
Job 1051 has been submitted with SLURM jobid 11144017 (log: /work/project/CASCAD/mnaji/sm_folder/results/.snakemake/slurm_logs/rule_giraffe_chunk/ABOFRAM000707401531_17/11144017.log).

[Fri Sep 20 08:39:24 2024]
rule giraffe_chunk:
    input: vg_vg/ABOFRAM000709524730_wg.xg, vg_map/ABOFRAM000709524730.gam
    output: vg_map/ABOFRAM000709524730_3_3.gam
    log: logs/vg/giraffe_chunk_ABOFRAM000709524730_3.log
    jobid: 1136
    reason: Missing output files: vg_map/ABOFRAM000709524730_3_3.gam
    wildcards: sample=ABOFRAM000709524730, chr=3
    resources: mem_mb=28610, mem_mib=7630, disk_mb=246756, disk_mib=235325, tmpdir=<TBD>, slurm_partition=workq, slurm_account=mnaji, mem=30GB, time=28800


        vg chunk -x vg_vg/ABOFRAM000709524730_wg.xg -a vg_map/ABOFRAM000709524730.gam -C -p 3 -O pg --prefix vg_map/ABOFRAM000709524730_3 && ls -sh vg_map/ABOFRAM000709524730_3_3.gam
        
No wall time information given. This might or might not work on your cluster. If not, specify the resource runtime in your rule or as a reasonable default via --default-resources.
Job 1136 has been submitted with SLURM jobid 11144018 (log: /work/project/CASCAD/mnaji/sm_folder/results/.snakemake/slurm_logs/rule_giraffe_chunk/ABOFRAM000709524730_3/11144018.log).

[Fri Sep 20 08:39:24 2024]
rule giraffe_chunk_vg:
    input: vg_vg/ABOFRAM000703115255_wg.xg
    output: vg_map/ABOFRAM000703115255_11_11.vg
    log: logs/vg/giraffe_chunk_vg_ABOFRAM000703115255_11.log
    jobid: 864
    reason: Missing output files: vg_map/ABOFRAM000703115255_11_11.vg
    wildcards: sample=ABOFRAM000703115255, chr=11
    resources: mem_mb=11444, mem_mib=7630, disk_mb=9484, disk_mib=9045, tmpdir=<TBD>, slurm_partition=workq, slurm_account=mnaji, mem=12GB, time=28800


        vg chunk -x vg_vg/ABOFRAM000703115255_wg.xg -C -p 11 > vg_map/ABOFRAM000703115255_11_11.vg
        
No wall time information given. This might or might not work on your cluster. If not, specify the resource runtime in your rule or as a reasonable default via --default-resources.
Job 864 has been submitted with SLURM jobid 11144019 (log: /work/project/CASCAD/mnaji/sm_folder/results/.snakemake/slurm_logs/rule_giraffe_chunk_vg/ABOFRAM000703115255_11/11144019.log).

[Fri Sep 20 08:39:24 2024]
rule giraffe_chunk_vg:
    input: vg_vg/ABOFRAM007301868101_wg.xg
    output: vg_map/ABOFRAM007301868101_3_3.vg
    log: logs/vg/giraffe_chunk_vg_ABOFRAM007301868101_3.log
    jobid: 1289
    reason: Missing output files: vg_map/ABOFRAM007301868101_3_3.vg
    wildcards: sample=ABOFRAM007301868101, chr=3
    resources: mem_mb=11444, mem_mib=7630, disk_mb=9481, disk_mib=9042, tmpdir=<TBD>, slurm_partition=workq, slurm_account=mnaji, mem=12GB, time=28800


        vg chunk -x vg_vg/ABOFRAM007301868101_wg.xg -C -p 3 > vg_map/ABOFRAM007301868101_3_3.vg
        
No wall time information given. This might or might not work on your cluster. If not, specify the resource runtime in your rule or as a reasonable default via --default-resources.
Job 1289 has been submitted with SLURM jobid 11144020 (log: /work/project/CASCAD/mnaji/sm_folder/results/.snakemake/slurm_logs/rule_giraffe_chunk_vg/ABOFRAM007301868101_3/11144020.log).

[Fri Sep 20 08:39:24 2024]
rule giraffe_chunk:
    input: vg_vg/ABOFRAM000709524730_wg.xg, vg_map/ABOFRAM000709524730.gam
    output: vg_map/ABOFRAM000709524730_18_18.gam
    log: logs/vg/giraffe_chunk_ABOFRAM000709524730_18.log
    jobid: 1211
    reason: Missing output files: vg_map/ABOFRAM000709524730_18_18.gam
    wildcards: sample=ABOFRAM000709524730, chr=18
    resources: mem_mb=28610, mem_mib=7630, disk_mb=246756, disk_mib=235325, tmpdir=<TBD>, slurm_partition=workq, slurm_account=mnaji, mem=30GB, time=28800


        vg chunk -x vg_vg/ABOFRAM000709524730_wg.xg -a vg_map/ABOFRAM000709524730.gam -C -p 18 -O pg --prefix vg_map/ABOFRAM000709524730_18 && ls -sh vg_map/ABOFRAM000709524730_18_18.gam
        
No wall time information given. This might or might not work on your cluster. If not, specify the resource runtime in your rule or as a reasonable default via --default-resources.
Job 1211 has been submitted with SLURM jobid 11144021 (log: /work/project/CASCAD/mnaji/sm_folder/results/.snakemake/slurm_logs/rule_giraffe_chunk/ABOFRAM000709524730_18/11144021.log).

[Fri Sep 20 08:39:24 2024]
rule giraffe_chunk_vg:
    input: vg_vg/ABOFRAM000709524730_wg.xg
    output: vg_map/ABOFRAM000709524730_20_20.vg
    log: logs/vg/giraffe_chunk_vg_ABOFRAM000709524730_20.log
    jobid: 1219
    reason: Missing output files: vg_map/ABOFRAM000709524730_20_20.vg
    wildcards: sample=ABOFRAM000709524730, chr=20
    resources: mem_mb=11444, mem_mib=7630, disk_mb=9485, disk_mib=9046, tmpdir=<TBD>, slurm_partition=workq, slurm_account=mnaji, mem=12GB, time=28800


        vg chunk -x vg_vg/ABOFRAM000709524730_wg.xg -C -p 20 > vg_map/ABOFRAM000709524730_20_20.vg
        
No wall time information given. This might or might not work on your cluster. If not, specify the resource runtime in your rule or as a reasonable default via --default-resources.
Job 1219 has been submitted with SLURM jobid 11144022 (log: /work/project/CASCAD/mnaji/sm_folder/results/.snakemake/slurm_logs/rule_giraffe_chunk_vg/ABOFRAM000709524730_20/11144022.log).

[Fri Sep 20 08:39:25 2024]
rule giraffe_chunk:
    input: vg_vg/ABOFRAM000709524730_wg.xg, vg_map/ABOFRAM000709524730.gam
    output: vg_map/ABOFRAM000709524730_8_8.gam
    log: logs/vg/giraffe_chunk_ABOFRAM000709524730_8.log
    jobid: 1161
    reason: Missing output files: vg_map/ABOFRAM000709524730_8_8.gam
    wildcards: sample=ABOFRAM000709524730, chr=8
    resources: mem_mb=28610, mem_mib=7630, disk_mb=246756, disk_mib=235325, tmpdir=<TBD>, slurm_partition=workq, slurm_account=mnaji, mem=30GB, time=28800


        vg chunk -x vg_vg/ABOFRAM000709524730_wg.xg -a vg_map/ABOFRAM000709524730.gam -C -p 8 -O pg --prefix vg_map/ABOFRAM000709524730_8 && ls -sh vg_map/ABOFRAM000709524730_8_8.gam
        
No wall time information given. This might or might not work on your cluster. If not, specify the resource runtime in your rule or as a reasonable default via --default-resources.
Job 1161 has been submitted with SLURM jobid 11144023 (log: /work/project/CASCAD/mnaji/sm_folder/results/.snakemake/slurm_logs/rule_giraffe_chunk/ABOFRAM000709524730_8/11144023.log).

[Fri Sep 20 08:39:25 2024]
rule giraffe_chunk_vg:
    input: vg_vg/ABOFRAM000703115255_wg.xg
    output: vg_map/ABOFRAM000703115255_16_16.vg
    log: logs/vg/giraffe_chunk_vg_ABOFRAM000703115255_16.log
    jobid: 889
    reason: Missing output files: vg_map/ABOFRAM000703115255_16_16.vg
    wildcards: sample=ABOFRAM000703115255, chr=16
    resources: mem_mb=11444, mem_mib=7630, disk_mb=9484, disk_mib=9045, tmpdir=<TBD>, slurm_partition=workq, slurm_account=mnaji, mem=12GB, time=28800


        vg chunk -x vg_vg/ABOFRAM000703115255_wg.xg -C -p 16 > vg_map/ABOFRAM000703115255_16_16.vg
        
No wall time information given. This might or might not work on your cluster. If not, specify the resource runtime in your rule or as a reasonable default via --default-resources.
Job 889 has been submitted with SLURM jobid 11144024 (log: /work/project/CASCAD/mnaji/sm_folder/results/.snakemake/slurm_logs/rule_giraffe_chunk_vg/ABOFRAM000703115255_16/11144024.log).

[Fri Sep 20 08:39:25 2024]
rule giraffe_chunk_vg:
    input: vg_vg/ABOFRAM000707401531_wg.xg
    output: vg_map/ABOFRAM000707401531_14_14.vg
    log: logs/vg/giraffe_chunk_vg_ABOFRAM000707401531_14.log
    jobid: 1034
    reason: Missing output files: vg_map/ABOFRAM000707401531_14_14.vg
    wildcards: sample=ABOFRAM000707401531, chr=14
    resources: mem_mb=11444, mem_mib=7630, disk_mb=9481, disk_mib=9042, tmpdir=<TBD>, slurm_partition=workq, slurm_account=mnaji, mem=12GB, time=28800


        vg chunk -x vg_vg/ABOFRAM000707401531_wg.xg -C -p 14 > vg_map/ABOFRAM000707401531_14_14.vg
        
No wall time information given. This might or might not work on your cluster. If not, specify the resource runtime in your rule or as a reasonable default via --default-resources.
Job 1034 has been submitted with SLURM jobid 11144025 (log: /work/project/CASCAD/mnaji/sm_folder/results/.snakemake/slurm_logs/rule_giraffe_chunk_vg/ABOFRAM000707401531_14/11144025.log).

[Fri Sep 20 08:39:25 2024]
rule giraffe_chunk_vg:
    input: vg_vg/ABOFRAM000707401531_wg.xg
    output: vg_map/ABOFRAM000707401531_4_4.vg
    log: logs/vg/giraffe_chunk_vg_ABOFRAM000707401531_4.log
    jobid: 984
    reason: Missing output files: vg_map/ABOFRAM000707401531_4_4.vg
    wildcards: sample=ABOFRAM000707401531, chr=4
    resources: mem_mb=11444, mem_mib=7630, disk_mb=9481, disk_mib=9042, tmpdir=<TBD>, slurm_partition=workq, slurm_account=mnaji, mem=12GB, time=28800


        vg chunk -x vg_vg/ABOFRAM000707401531_wg.xg -C -p 4 > vg_map/ABOFRAM000707401531_4_4.vg
        
No wall time information given. This might or might not work on your cluster. If not, specify the resource runtime in your rule or as a reasonable default via --default-resources.
Job 984 has been submitted with SLURM jobid 11144026 (log: /work/project/CASCAD/mnaji/sm_folder/results/.snakemake/slurm_logs/rule_giraffe_chunk_vg/ABOFRAM000707401531_4/11144026.log).

[Fri Sep 20 08:39:25 2024]
rule bwamap:
    input: /work/project/G2BSeq/Sequences/RUN7/REF/ARS-UCD1.2_Btau5.0.1Y.fa, /work/project/CASCAD/mnaji/fastq_sr/ABOFRAM000703115255.R1.fq.gz, /work/project/CASCAD/mnaji/fastq_sr/ABOFRAM000703115255.R2.fq.gz
    output: bam_files/ABOFRAM000703115255.bam
    log: logs/bwmap/ABOFRAM000703115255.log
    jobid: 19
    reason: Missing output files: bam_files/ABOFRAM000703115255.bam
    wildcards: sample=ABOFRAM000703115255
    threads: 5
    resources: mem_mb=61035, mem_mib=7630, disk_mb=117944, disk_mib=112481, tmpdir=<TBD>, slurm_partition=workq, slurm_account=mnaji, mem=64GB, time=28800

bwa mem -t 24 -R '@RG\tID:ABOFRAM000703115255\tPL:Illumina\tSM:ABOFRAM000703115255' /work/project/G2BSeq/Sequences/RUN7/REF/ARS-UCD1.2_Btau5.0.1Y.fa /work/project/CASCAD/mnaji/fastq_sr/ABOFRAM000703115255.R1.fq.gz /work/project/CASCAD/mnaji/fastq_sr/ABOFRAM000703115255.R2.fq.gz | samtools sort -@ 24 -m 1500M -n -T ABOFRAM000703115255 -o bam_files/ABOFRAM000703115255.bam -O BAM
No wall time information given. This might or might not work on your cluster. If not, specify the resource runtime in your rule or as a reasonable default via --default-resources.
Job 19 has been submitted with SLURM jobid 11144027 (log: /work/project/CASCAD/mnaji/sm_folder/results/.snakemake/slurm_logs/rule_bwamap/ABOFRAM000703115255/11144027.log).

[Fri Sep 20 08:39:26 2024]
rule giraffe_chunk:
    input: vg_vg/ABOFRAM000709524730_wg.xg, vg_map/ABOFRAM000709524730.gam
    output: vg_map/ABOFRAM000709524730_X_X.gam
    log: logs/vg/giraffe_chunk_ABOFRAM000709524730_X.log
    jobid: 1271
    reason: Missing output files: vg_map/ABOFRAM000709524730_X_X.gam
    wildcards: sample=ABOFRAM000709524730, chr=X
    resources: mem_mb=28610, mem_mib=7630, disk_mb=246756, disk_mib=235325, tmpdir=<TBD>, slurm_partition=workq, slurm_account=mnaji, mem=30GB, time=28800


        vg chunk -x vg_vg/ABOFRAM000709524730_wg.xg -a vg_map/ABOFRAM000709524730.gam -C -p X -O pg --prefix vg_map/ABOFRAM000709524730_X && ls -sh vg_map/ABOFRAM000709524730_X_X.gam
        
No wall time information given. This might or might not work on your cluster. If not, specify the resource runtime in your rule or as a reasonable default via --default-resources.
Job 1271 has been submitted with SLURM jobid 11144028 (log: /work/project/CASCAD/mnaji/sm_folder/results/.snakemake/slurm_logs/rule_giraffe_chunk/ABOFRAM000709524730_X/11144028.log).

[Fri Sep 20 08:39:26 2024]
rule giraffe_chunk:
    input: vg_vg/ABOFRAM007301868101_wg.xg, vg_map/ABOFRAM007301868101.gam
    output: vg_map/ABOFRAM007301868101_25_25.gam
    log: logs/vg/giraffe_chunk_ABOFRAM007301868101_25.log
    jobid: 1401
    reason: Missing output files: vg_map/ABOFRAM007301868101_25_25.gam
    wildcards: sample=ABOFRAM007301868101, chr=25
    resources: mem_mb=28610, mem_mib=7630, disk_mb=185244, disk_mib=176663, tmpdir=<TBD>, slurm_partition=workq, slurm_account=mnaji, mem=30GB, time=28800


        vg chunk -x vg_vg/ABOFRAM007301868101_wg.xg -a vg_map/ABOFRAM007301868101.gam -C -p 25 -O pg --prefix vg_map/ABOFRAM007301868101_25 && ls -sh vg_map/ABOFRAM007301868101_25_25.gam
        
No wall time information given. This might or might not work on your cluster. If not, specify the resource runtime in your rule or as a reasonable default via --default-resources.
Job 1401 has been submitted with SLURM jobid 11144029 (log: /work/project/CASCAD/mnaji/sm_folder/results/.snakemake/slurm_logs/rule_giraffe_chunk/ABOFRAM007301868101_25/11144029.log).

[Fri Sep 20 08:39:26 2024]
rule giraffe_chunk_vg:
    input: vg_vg/ABOFRAM000707401531_wg.xg
    output: vg_map/ABOFRAM000707401531_9_9.vg
    log: logs/vg/giraffe_chunk_vg_ABOFRAM000707401531_9.log
    jobid: 1009
    reason: Missing output files: vg_map/ABOFRAM000707401531_9_9.vg
    wildcards: sample=ABOFRAM000707401531, chr=9
    resources: mem_mb=11444, mem_mib=7630, disk_mb=9481, disk_mib=9042, tmpdir=<TBD>, slurm_partition=workq, slurm_account=mnaji, mem=12GB, time=28800


        vg chunk -x vg_vg/ABOFRAM000707401531_wg.xg -C -p 9 > vg_map/ABOFRAM000707401531_9_9.vg
        
No wall time information given. This might or might not work on your cluster. If not, specify the resource runtime in your rule or as a reasonable default via --default-resources.
Job 1009 has been submitted with SLURM jobid 11144030 (log: /work/project/CASCAD/mnaji/sm_folder/results/.snakemake/slurm_logs/rule_giraffe_chunk_vg/ABOFRAM000707401531_9/11144030.log).

[Fri Sep 20 08:39:26 2024]
rule giraffe_chunk_vg:
    input: vg_vg/ABOFRAM007301868101_wg.xg
    output: vg_map/ABOFRAM007301868101_29_29.vg
    log: logs/vg/giraffe_chunk_vg_ABOFRAM007301868101_29.log
    jobid: 1419
    reason: Missing output files: vg_map/ABOFRAM007301868101_29_29.vg
    wildcards: sample=ABOFRAM007301868101, chr=29
    resources: mem_mb=11444, mem_mib=7630, disk_mb=9481, disk_mib=9042, tmpdir=<TBD>, slurm_partition=workq, slurm_account=mnaji, mem=12GB, time=28800


        vg chunk -x vg_vg/ABOFRAM007301868101_wg.xg -C -p 29 > vg_map/ABOFRAM007301868101_29_29.vg
        
No wall time information given. This might or might not work on your cluster. If not, specify the resource runtime in your rule or as a reasonable default via --default-resources.
Job 1419 has been submitted with SLURM jobid 11144031 (log: /work/project/CASCAD/mnaji/sm_folder/results/.snakemake/slurm_logs/rule_giraffe_chunk_vg/ABOFRAM007301868101_29/11144031.log).

[Fri Sep 20 08:39:26 2024]
rule giraffe_chunk:
    input: vg_vg/ABOFRAM007301868101_wg.xg, vg_map/ABOFRAM007301868101.gam
    output: vg_map/ABOFRAM007301868101_17_17.gam
    log: logs/vg/giraffe_chunk_ABOFRAM007301868101_17.log
    jobid: 1361
    reason: Missing output files: vg_map/ABOFRAM007301868101_17_17.gam
    wildcards: sample=ABOFRAM007301868101, chr=17
    resources: mem_mb=28610, mem_mib=7630, disk_mb=185244, disk_mib=176663, tmpdir=<TBD>, slurm_partition=workq, slurm_account=mnaji, mem=30GB, time=28800


        vg chunk -x vg_vg/ABOFRAM007301868101_wg.xg -a vg_map/ABOFRAM007301868101.gam -C -p 17 -O pg --prefix vg_map/ABOFRAM007301868101_17 && ls -sh vg_map/ABOFRAM007301868101_17_17.gam
        
No wall time information given. This might or might not work on your cluster. If not, specify the resource runtime in your rule or as a reasonable default via --default-resources.
Job 1361 has been submitted with SLURM jobid 11144032 (log: /work/project/CASCAD/mnaji/sm_folder/results/.snakemake/slurm_logs/rule_giraffe_chunk/ABOFRAM007301868101_17/11144032.log).

[Fri Sep 20 08:39:27 2024]
rule giraffe_chunk:
    input: vg_vg/ABOFRAM007401840180_wg.xg, vg_map/ABOFRAM007401840180.gam
    output: vg_map/ABOFRAM007401840180_3_3.gam
    log: logs/vg/giraffe_chunk_ABOFRAM007401840180_3.log
    jobid: 1446
    reason: Missing output files: vg_map/ABOFRAM007401840180_3_3.gam
    wildcards: sample=ABOFRAM007401840180, chr=3
    resources: mem_mb=28610, mem_mib=7630, disk_mb=196150, disk_mib=187064, tmpdir=<TBD>, slurm_partition=workq, slurm_account=mnaji, mem=30GB, time=28800


        vg chunk -x vg_vg/ABOFRAM007401840180_wg.xg -a vg_map/ABOFRAM007401840180.gam -C -p 3 -O pg --prefix vg_map/ABOFRAM007401840180_3 && ls -sh vg_map/ABOFRAM007401840180_3_3.gam
        
No wall time information given. This might or might not work on your cluster. If not, specify the resource runtime in your rule or as a reasonable default via --default-resources.
Job 1446 has been submitted with SLURM jobid 11144033 (log: /work/project/CASCAD/mnaji/sm_folder/results/.snakemake/slurm_logs/rule_giraffe_chunk/ABOFRAM007401840180_3/11144033.log).

[Fri Sep 20 08:39:27 2024]
rule giraffe_chunk_vg:
    input: vg_vg/ABOFRAM007401840180_wg.xg
    output: vg_map/ABOFRAM007401840180_11_11.vg
    log: logs/vg/giraffe_chunk_vg_ABOFRAM007401840180_11.log
    jobid: 1484
    reason: Missing output files: vg_map/ABOFRAM007401840180_11_11.vg
    wildcards: sample=ABOFRAM007401840180, chr=11
    resources: mem_mb=11444, mem_mib=7630, disk_mb=9482, disk_mib=9043, tmpdir=<TBD>, slurm_partition=workq, slurm_account=mnaji, mem=12GB, time=28800


        vg chunk -x vg_vg/ABOFRAM007401840180_wg.xg -C -p 11 > vg_map/ABOFRAM007401840180_11_11.vg
        
No wall time information given. This might or might not work on your cluster. If not, specify the resource runtime in your rule or as a reasonable default via --default-resources.
Job 1484 has been submitted with SLURM jobid 11144034 (log: /work/project/CASCAD/mnaji/sm_folder/results/.snakemake/slurm_logs/rule_giraffe_chunk_vg/ABOFRAM007401840180_11/11144034.log).

[Fri Sep 20 08:39:27 2024]
rule giraffe_chunk:
    input: vg_vg/ABOFRAM007401840180_wg.xg, vg_map/ABOFRAM007401840180.gam
    output: vg_map/ABOFRAM007401840180_17_17.gam
    log: logs/vg/giraffe_chunk_ABOFRAM007401840180_17.log
    jobid: 1516
    reason: Missing output files: vg_map/ABOFRAM007401840180_17_17.gam
    wildcards: sample=ABOFRAM007401840180, chr=17
    resources: mem_mb=28610, mem_mib=7630, disk_mb=196150, disk_mib=187064, tmpdir=<TBD>, slurm_partition=workq, slurm_account=mnaji, mem=30GB, time=28800


        vg chunk -x vg_vg/ABOFRAM007401840180_wg.xg -a vg_map/ABOFRAM007401840180.gam -C -p 17 -O pg --prefix vg_map/ABOFRAM007401840180_17 && ls -sh vg_map/ABOFRAM007401840180_17_17.gam
        
No wall time information given. This might or might not work on your cluster. If not, specify the resource runtime in your rule or as a reasonable default via --default-resources.
Job 1516 has been submitted with SLURM jobid 11144035 (log: /work/project/CASCAD/mnaji/sm_folder/results/.snakemake/slurm_logs/rule_giraffe_chunk/ABOFRAM007401840180_17/11144035.log).

[Fri Sep 20 08:39:27 2024]
rule bwamap:
    input: /work/project/G2BSeq/Sequences/RUN7/REF/ARS-UCD1.2_Btau5.0.1Y.fa, /work/project/CASCAD/mnaji/fastq_sr/ABOFRAM007401840180.R1.fq.gz, /work/project/CASCAD/mnaji/fastq_sr/ABOFRAM007401840180.R2.fq.gz
    output: bam_files/ABOFRAM007401840180.bam
    log: logs/bwmap/ABOFRAM007401840180.log
    jobid: 39
    reason: Missing output files: bam_files/ABOFRAM007401840180.bam
    wildcards: sample=ABOFRAM007401840180
    threads: 5
    resources: mem_mb=61035, mem_mib=7630, disk_mb=85266, disk_mib=81316, tmpdir=<TBD>, slurm_partition=workq, slurm_account=mnaji, mem=64GB, time=28800

bwa mem -t 24 -R '@RG\tID:ABOFRAM007401840180\tPL:Illumina\tSM:ABOFRAM007401840180' /work/project/G2BSeq/Sequences/RUN7/REF/ARS-UCD1.2_Btau5.0.1Y.fa /work/project/CASCAD/mnaji/fastq_sr/ABOFRAM007401840180.R1.fq.gz /work/project/CASCAD/mnaji/fastq_sr/ABOFRAM007401840180.R2.fq.gz | samtools sort -@ 24 -m 1500M -n -T ABOFRAM007401840180 -o bam_files/ABOFRAM007401840180.bam -O BAM
No wall time information given. This might or might not work on your cluster. If not, specify the resource runtime in your rule or as a reasonable default via --default-resources.
Job 39 has been submitted with SLURM jobid 11144036 (log: /work/project/CASCAD/mnaji/sm_folder/results/.snakemake/slurm_logs/rule_bwamap/ABOFRAM007401840180/11144036.log).

[Fri Sep 20 08:39:27 2024]
rule giraffe_chunk:
    input: vg_vg/ABOFRAM000709524730_wg.xg, vg_map/ABOFRAM000709524730.gam
    output: vg_map/ABOFRAM000709524730_24_24.gam
    log: logs/vg/giraffe_chunk_ABOFRAM000709524730_24.log
    jobid: 1241
    reason: Missing output files: vg_map/ABOFRAM000709524730_24_24.gam
    wildcards: sample=ABOFRAM000709524730, chr=24
    resources: mem_mb=28610, mem_mib=7630, disk_mb=246756, disk_mib=235325, tmpdir=<TBD>, slurm_partition=workq, slurm_account=mnaji, mem=30GB, time=28800


        vg chunk -x vg_vg/ABOFRAM000709524730_wg.xg -a vg_map/ABOFRAM000709524730.gam -C -p 24 -O pg --prefix vg_map/ABOFRAM000709524730_24 && ls -sh vg_map/ABOFRAM000709524730_24_24.gam
        
No wall time information given. This might or might not work on your cluster. If not, specify the resource runtime in your rule or as a reasonable default via --default-resources.
Job 1241 has been submitted with SLURM jobid 11144037 (log: /work/project/CASCAD/mnaji/sm_folder/results/.snakemake/slurm_logs/rule_giraffe_chunk/ABOFRAM000709524730_24/11144037.log).

[Fri Sep 20 08:39:27 2024]
rule giraffe_chunk:
    input: vg_vg/ABOFRAM007401840180_wg.xg, vg_map/ABOFRAM007401840180.gam
    output: vg_map/ABOFRAM007401840180_22_22.gam
    log: logs/vg/giraffe_chunk_ABOFRAM007401840180_22.log
    jobid: 1541
    reason: Missing output files: vg_map/ABOFRAM007401840180_22_22.gam
    wildcards: sample=ABOFRAM007401840180, chr=22
    resources: mem_mb=28610, mem_mib=7630, disk_mb=196150, disk_mib=187064, tmpdir=<TBD>, slurm_partition=workq, slurm_account=mnaji, mem=30GB, time=28800


        vg chunk -x vg_vg/ABOFRAM007401840180_wg.xg -a vg_map/ABOFRAM007401840180.gam -C -p 22 -O pg --prefix vg_map/ABOFRAM007401840180_22 && ls -sh vg_map/ABOFRAM007401840180_22_22.gam
        
No wall time information given. This might or might not work on your cluster. If not, specify the resource runtime in your rule or as a reasonable default via --default-resources.
Job 1541 has been submitted with SLURM jobid 11144038 (log: /work/project/CASCAD/mnaji/sm_folder/results/.snakemake/slurm_logs/rule_giraffe_chunk/ABOFRAM007401840180_22/11144038.log).

[Fri Sep 20 08:39:28 2024]
rule giraffe_chunk_vg:
    input: vg_vg/ABOFRAM000707401531_wg.xg
    output: vg_map/ABOFRAM000707401531_8_8.vg
    log: logs/vg/giraffe_chunk_vg_ABOFRAM000707401531_8.log
    jobid: 1004
    reason: Missing output files: vg_map/ABOFRAM000707401531_8_8.vg
    wildcards: sample=ABOFRAM000707401531, chr=8
    resources: mem_mb=11444, mem_mib=7630, disk_mb=9481, disk_mib=9042, tmpdir=<TBD>, slurm_partition=workq, slurm_account=mnaji, mem=12GB, time=28800


        vg chunk -x vg_vg/ABOFRAM000707401531_wg.xg -C -p 8 > vg_map/ABOFRAM000707401531_8_8.vg
        
No wall time information given. This might or might not work on your cluster. If not, specify the resource runtime in your rule or as a reasonable default via --default-resources.
Job 1004 has been submitted with SLURM jobid 11144039 (log: /work/project/CASCAD/mnaji/sm_folder/results/.snakemake/slurm_logs/rule_giraffe_chunk_vg/ABOFRAM000707401531_8/11144039.log).

[Fri Sep 20 08:39:28 2024]
rule giraffe_chunk:
    input: vg_vg/ABOFRAM007401840180_wg.xg, vg_map/ABOFRAM007401840180.gam
    output: vg_map/ABOFRAM007401840180_9_9.gam
    log: logs/vg/giraffe_chunk_ABOFRAM007401840180_9.log
    jobid: 1476
    reason: Missing output files: vg_map/ABOFRAM007401840180_9_9.gam
    wildcards: sample=ABOFRAM007401840180, chr=9
    resources: mem_mb=28610, mem_mib=7630, disk_mb=196150, disk_mib=187064, tmpdir=<TBD>, slurm_partition=workq, slurm_account=mnaji, mem=30GB, time=28800


        vg chunk -x vg_vg/ABOFRAM007401840180_wg.xg -a vg_map/ABOFRAM007401840180.gam -C -p 9 -O pg --prefix vg_map/ABOFRAM007401840180_9 && ls -sh vg_map/ABOFRAM007401840180_9_9.gam
        
No wall time information given. This might or might not work on your cluster. If not, specify the resource runtime in your rule or as a reasonable default via --default-resources.
Job 1476 has been submitted with SLURM jobid 11144040 (log: /work/project/CASCAD/mnaji/sm_folder/results/.snakemake/slurm_logs/rule_giraffe_chunk/ABOFRAM007401840180_9/11144040.log).

[Fri Sep 20 08:39:28 2024]
rule giraffe_chunk:
    input: vg_vg/ABOFRAM007401840180_wg.xg, vg_map/ABOFRAM007401840180.gam
    output: vg_map/ABOFRAM007401840180_27_27.gam
    log: logs/vg/giraffe_chunk_ABOFRAM007401840180_27.log
    jobid: 1566
    reason: Missing output files: vg_map/ABOFRAM007401840180_27_27.gam
    wildcards: sample=ABOFRAM007401840180, chr=27
    resources: mem_mb=28610, mem_mib=7630, disk_mb=196150, disk_mib=187064, tmpdir=<TBD>, slurm_partition=workq, slurm_account=mnaji, mem=30GB, time=28800


        vg chunk -x vg_vg/ABOFRAM007401840180_wg.xg -a vg_map/ABOFRAM007401840180.gam -C -p 27 -O pg --prefix vg_map/ABOFRAM007401840180_27 && ls -sh vg_map/ABOFRAM007401840180_27_27.gam
        
No wall time information given. This might or might not work on your cluster. If not, specify the resource runtime in your rule or as a reasonable default via --default-resources.
Job 1566 has been submitted with SLURM jobid 11144041 (log: /work/project/CASCAD/mnaji/sm_folder/results/.snakemake/slurm_logs/rule_giraffe_chunk/ABOFRAM007401840180_27/11144041.log).

[Fri Sep 20 08:39:28 2024]
rule giraffe_chunk:
    input: vg_vg/ABOFRAM000703115255_wg.xg, vg_map/ABOFRAM000703115255.gam
    output: vg_map/ABOFRAM000703115255_29_29.gam
    log: logs/vg/giraffe_chunk_ABOFRAM000703115255_29.log
    jobid: 956
    reason: Missing output files: vg_map/ABOFRAM000703115255_29_29.gam
    wildcards: sample=ABOFRAM000703115255, chr=29
    resources: mem_mb=28610, mem_mib=7630, disk_mb=273960, disk_mib=261269, tmpdir=<TBD>, slurm_partition=workq, slurm_account=mnaji, mem=30GB, time=28800


        vg chunk -x vg_vg/ABOFRAM000703115255_wg.xg -a vg_map/ABOFRAM000703115255.gam -C -p 29 -O pg --prefix vg_map/ABOFRAM000703115255_29 && ls -sh vg_map/ABOFRAM000703115255_29_29.gam
        
No wall time information given. This might or might not work on your cluster. If not, specify the resource runtime in your rule or as a reasonable default via --default-resources.
Job 956 has been submitted with SLURM jobid 11144042 (log: /work/project/CASCAD/mnaji/sm_folder/results/.snakemake/slurm_logs/rule_giraffe_chunk/ABOFRAM000703115255_29/11144042.log).

[Fri Sep 20 08:39:28 2024]
rule giraffe_chunk:
    input: vg_vg/ABOFRAM000707401531_wg.xg, vg_map/ABOFRAM000707401531.gam
    output: vg_map/ABOFRAM000707401531_13_13.gam
    log: logs/vg/giraffe_chunk_ABOFRAM000707401531_13.log
    jobid: 1031
    reason: Missing output files: vg_map/ABOFRAM000707401531_13_13.gam
    wildcards: sample=ABOFRAM000707401531, chr=13
    resources: mem_mb=28610, mem_mib=7630, disk_mb=202240, disk_mib=192872, tmpdir=<TBD>, slurm_partition=workq, slurm_account=mnaji, mem=30GB, time=28800


        vg chunk -x vg_vg/ABOFRAM000707401531_wg.xg -a vg_map/ABOFRAM000707401531.gam -C -p 13 -O pg --prefix vg_map/ABOFRAM000707401531_13 && ls -sh vg_map/ABOFRAM000707401531_13_13.gam
        
No wall time information given. This might or might not work on your cluster. If not, specify the resource runtime in your rule or as a reasonable default via --default-resources.
Job 1031 has been submitted with SLURM jobid 11144043 (log: /work/project/CASCAD/mnaji/sm_folder/results/.snakemake/slurm_logs/rule_giraffe_chunk/ABOFRAM000707401531_13/11144043.log).

[Fri Sep 20 08:39:29 2024]
rule giraffe_chunk:
    input: vg_vg/ABOFRAM000703115255_wg.xg, vg_map/ABOFRAM000703115255.gam
    output: vg_map/ABOFRAM000703115255_4_4.gam
    log: logs/vg/giraffe_chunk_ABOFRAM000703115255_4.log
    jobid: 831
    reason: Missing output files: vg_map/ABOFRAM000703115255_4_4.gam
    wildcards: sample=ABOFRAM000703115255, chr=4
    resources: mem_mb=28610, mem_mib=7630, disk_mb=273960, disk_mib=261269, tmpdir=<TBD>, slurm_partition=workq, slurm_account=mnaji, mem=30GB, time=28800


        vg chunk -x vg_vg/ABOFRAM000703115255_wg.xg -a vg_map/ABOFRAM000703115255.gam -C -p 4 -O pg --prefix vg_map/ABOFRAM000703115255_4 && ls -sh vg_map/ABOFRAM000703115255_4_4.gam
        
No wall time information given. This might or might not work on your cluster. If not, specify the resource runtime in your rule or as a reasonable default via --default-resources.
Job 831 has been submitted with SLURM jobid 11144044 (log: /work/project/CASCAD/mnaji/sm_folder/results/.snakemake/slurm_logs/rule_giraffe_chunk/ABOFRAM000703115255_4/11144044.log).

[Fri Sep 20 08:39:29 2024]
rule giraffe_chunk_vg:
    input: vg_vg/ABOFRAM000703115255_wg.xg
    output: vg_map/ABOFRAM000703115255_X_X.vg
    log: logs/vg/giraffe_chunk_vg_ABOFRAM000703115255_X.log
    jobid: 959
    reason: Missing output files: vg_map/ABOFRAM000703115255_X_X.vg
    wildcards: sample=ABOFRAM000703115255, chr=X
    resources: mem_mb=11444, mem_mib=7630, disk_mb=9484, disk_mib=9045, tmpdir=<TBD>, slurm_partition=workq, slurm_account=mnaji, mem=12GB, time=28800


        vg chunk -x vg_vg/ABOFRAM000703115255_wg.xg -C -p X > vg_map/ABOFRAM000703115255_X_X.vg
        
No wall time information given. This might or might not work on your cluster. If not, specify the resource runtime in your rule or as a reasonable default via --default-resources.
Job 959 has been submitted with SLURM jobid 11144045 (log: /work/project/CASCAD/mnaji/sm_folder/results/.snakemake/slurm_logs/rule_giraffe_chunk_vg/ABOFRAM000703115255_X/11144045.log).

[Fri Sep 20 08:39:29 2024]
rule giraffe_chunk_vg:
    input: vg_vg/ABOFRAM007301868101_wg.xg
    output: vg_map/ABOFRAM007301868101_26_26.vg
    log: logs/vg/giraffe_chunk_vg_ABOFRAM007301868101_26.log
    jobid: 1404
    reason: Missing output files: vg_map/ABOFRAM007301868101_26_26.vg
    wildcards: sample=ABOFRAM007301868101, chr=26
    resources: mem_mb=11444, mem_mib=7630, disk_mb=9481, disk_mib=9042, tmpdir=<TBD>, slurm_partition=workq, slurm_account=mnaji, mem=12GB, time=28800


        vg chunk -x vg_vg/ABOFRAM007301868101_wg.xg -C -p 26 > vg_map/ABOFRAM007301868101_26_26.vg
        
No wall time information given. This might or might not work on your cluster. If not, specify the resource runtime in your rule or as a reasonable default via --default-resources.
Job 1404 has been submitted with SLURM jobid 11144046 (log: /work/project/CASCAD/mnaji/sm_folder/results/.snakemake/slurm_logs/rule_giraffe_chunk_vg/ABOFRAM007301868101_26/11144046.log).

[Fri Sep 20 08:39:29 2024]
rule bwamap:
    input: /work/project/G2BSeq/Sequences/RUN7/REF/ARS-UCD1.2_Btau5.0.1Y.fa, /work/project/CASCAD/mnaji/fastq_sr/ABOFRAM000707401531.R1.fq.gz, /work/project/CASCAD/mnaji/fastq_sr/ABOFRAM000707401531.R2.fq.gz
    output: bam_files/ABOFRAM000707401531.bam
    log: logs/bwmap/ABOFRAM000707401531.log
    jobid: 24
    reason: Missing output files: bam_files/ABOFRAM000707401531.bam
    wildcards: sample=ABOFRAM000707401531
    threads: 5
    resources: mem_mb=61035, mem_mib=7630, disk_mb=86827, disk_mib=82805, tmpdir=<TBD>, slurm_partition=workq, slurm_account=mnaji, mem=64GB, time=28800

bwa mem -t 24 -R '@RG\tID:ABOFRAM000707401531\tPL:Illumina\tSM:ABOFRAM000707401531' /work/project/G2BSeq/Sequences/RUN7/REF/ARS-UCD1.2_Btau5.0.1Y.fa /work/project/CASCAD/mnaji/fastq_sr/ABOFRAM000707401531.R1.fq.gz /work/project/CASCAD/mnaji/fastq_sr/ABOFRAM000707401531.R2.fq.gz | samtools sort -@ 24 -m 1500M -n -T ABOFRAM000707401531 -o bam_files/ABOFRAM000707401531.bam -O BAM
No wall time information given. This might or might not work on your cluster. If not, specify the resource runtime in your rule or as a reasonable default via --default-resources.
Job 24 has been submitted with SLURM jobid 11144047 (log: /work/project/CASCAD/mnaji/sm_folder/results/.snakemake/slurm_logs/rule_bwamap/ABOFRAM000707401531/11144047.log).

[Fri Sep 20 08:39:29 2024]
rule giraffe_chunk_vg:
    input: vg_vg/ABOFRAM007301868101_wg.xg
    output: vg_map/ABOFRAM007301868101_18_18.vg
    log: logs/vg/giraffe_chunk_vg_ABOFRAM007301868101_18.log
    jobid: 1364
    reason: Missing output files: vg_map/ABOFRAM007301868101_18_18.vg
    wildcards: sample=ABOFRAM007301868101, chr=18
    resources: mem_mb=11444, mem_mib=7630, disk_mb=9481, disk_mib=9042, tmpdir=<TBD>, slurm_partition=workq, slurm_account=mnaji, mem=12GB, time=28800


        vg chunk -x vg_vg/ABOFRAM007301868101_wg.xg -C -p 18 > vg_map/ABOFRAM007301868101_18_18.vg
        
No wall time information given. This might or might not work on your cluster. If not, specify the resource runtime in your rule or as a reasonable default via --default-resources.
Job 1364 has been submitted with SLURM jobid 11144048 (log: /work/project/CASCAD/mnaji/sm_folder/results/.snakemake/slurm_logs/rule_giraffe_chunk_vg/ABOFRAM007301868101_18/11144048.log).

[Fri Sep 20 08:39:30 2024]
rule giraffe_chunk_vg:
    input: vg_vg/ABOFRAM007401840180_wg.xg
    output: vg_map/ABOFRAM007401840180_4_4.vg
    log: logs/vg/giraffe_chunk_vg_ABOFRAM007401840180_4.log
    jobid: 1449
    reason: Missing output files: vg_map/ABOFRAM007401840180_4_4.vg
    wildcards: sample=ABOFRAM007401840180, chr=4
    resources: mem_mb=11444, mem_mib=7630, disk_mb=9482, disk_mib=9043, tmpdir=<TBD>, slurm_partition=workq, slurm_account=mnaji, mem=12GB, time=28800


        vg chunk -x vg_vg/ABOFRAM007401840180_wg.xg -C -p 4 > vg_map/ABOFRAM007401840180_4_4.vg
        
No wall time information given. This might or might not work on your cluster. If not, specify the resource runtime in your rule or as a reasonable default via --default-resources.
Job 1449 has been submitted with SLURM jobid 11144049 (log: /work/project/CASCAD/mnaji/sm_folder/results/.snakemake/slurm_logs/rule_giraffe_chunk_vg/ABOFRAM007401840180_4/11144049.log).

[Fri Sep 20 08:39:30 2024]
rule giraffe_chunk:
    input: vg_vg/ABOFRAM000707401531_wg.xg, vg_map/ABOFRAM000707401531.gam
    output: vg_map/ABOFRAM000707401531_14_14.gam
    log: logs/vg/giraffe_chunk_ABOFRAM000707401531_14.log
    jobid: 1036
    reason: Missing output files: vg_map/ABOFRAM000707401531_14_14.gam
    wildcards: sample=ABOFRAM000707401531, chr=14
    resources: mem_mb=28610, mem_mib=7630, disk_mb=202240, disk_mib=192872, tmpdir=<TBD>, slurm_partition=workq, slurm_account=mnaji, mem=30GB, time=28800


        vg chunk -x vg_vg/ABOFRAM000707401531_wg.xg -a vg_map/ABOFRAM000707401531.gam -C -p 14 -O pg --prefix vg_map/ABOFRAM000707401531_14 && ls -sh vg_map/ABOFRAM000707401531_14_14.gam
        
No wall time information given. This might or might not work on your cluster. If not, specify the resource runtime in your rule or as a reasonable default via --default-resources.
Job 1036 has been submitted with SLURM jobid 11144050 (log: /work/project/CASCAD/mnaji/sm_folder/results/.snakemake/slurm_logs/rule_giraffe_chunk/ABOFRAM000707401531_14/11144050.log).

[Fri Sep 20 08:39:30 2024]
rule giraffe_chunk:
    input: vg_vg/ABOFRAM000709524730_wg.xg, vg_map/ABOFRAM000709524730.gam
    output: vg_map/ABOFRAM000709524730_21_21.gam
    log: logs/vg/giraffe_chunk_ABOFRAM000709524730_21.log
    jobid: 1226
    reason: Missing output files: vg_map/ABOFRAM000709524730_21_21.gam
    wildcards: sample=ABOFRAM000709524730, chr=21
    resources: mem_mb=28610, mem_mib=7630, disk_mb=246756, disk_mib=235325, tmpdir=<TBD>, slurm_partition=workq, slurm_account=mnaji, mem=30GB, time=28800


        vg chunk -x vg_vg/ABOFRAM000709524730_wg.xg -a vg_map/ABOFRAM000709524730.gam -C -p 21 -O pg --prefix vg_map/ABOFRAM000709524730_21 && ls -sh vg_map/ABOFRAM000709524730_21_21.gam
        
No wall time information given. This might or might not work on your cluster. If not, specify the resource runtime in your rule or as a reasonable default via --default-resources.
Job 1226 has been submitted with SLURM jobid 11144051 (log: /work/project/CASCAD/mnaji/sm_folder/results/.snakemake/slurm_logs/rule_giraffe_chunk/ABOFRAM000709524730_21/11144051.log).

[Fri Sep 20 08:39:30 2024]
rule giraffe_chunk:
    input: vg_vg/ABOFRAM000707401531_wg.xg, vg_map/ABOFRAM000707401531.gam
    output: vg_map/ABOFRAM000707401531_5_5.gam
    log: logs/vg/giraffe_chunk_ABOFRAM000707401531_5.log
    jobid: 991
    reason: Missing output files: vg_map/ABOFRAM000707401531_5_5.gam
    wildcards: sample=ABOFRAM000707401531, chr=5
    resources: mem_mb=28610, mem_mib=7630, disk_mb=202240, disk_mib=192872, tmpdir=<TBD>, slurm_partition=workq, slurm_account=mnaji, mem=30GB, time=28800


        vg chunk -x vg_vg/ABOFRAM000707401531_wg.xg -a vg_map/ABOFRAM000707401531.gam -C -p 5 -O pg --prefix vg_map/ABOFRAM000707401531_5 && ls -sh vg_map/ABOFRAM000707401531_5_5.gam
        
No wall time information given. This might or might not work on your cluster. If not, specify the resource runtime in your rule or as a reasonable default via --default-resources.
Job 991 has been submitted with SLURM jobid 11144052 (log: /work/project/CASCAD/mnaji/sm_folder/results/.snakemake/slurm_logs/rule_giraffe_chunk/ABOFRAM000707401531_5/11144052.log).

[Fri Sep 20 08:39:30 2024]
rule giraffe_chunk_vg:
    input: vg_vg/ABOFRAM007401840180_wg.xg
    output: vg_map/ABOFRAM007401840180_10_10.vg
    log: logs/vg/giraffe_chunk_vg_ABOFRAM007401840180_10.log
    jobid: 1479
    reason: Missing output files: vg_map/ABOFRAM007401840180_10_10.vg
    wildcards: sample=ABOFRAM007401840180, chr=10
    resources: mem_mb=11444, mem_mib=7630, disk_mb=9482, disk_mib=9043, tmpdir=<TBD>, slurm_partition=workq, slurm_account=mnaji, mem=12GB, time=28800


        vg chunk -x vg_vg/ABOFRAM007401840180_wg.xg -C -p 10 > vg_map/ABOFRAM007401840180_10_10.vg
        
No wall time information given. This might or might not work on your cluster. If not, specify the resource runtime in your rule or as a reasonable default via --default-resources.
Job 1479 has been submitted with SLURM jobid 11144053 (log: /work/project/CASCAD/mnaji/sm_folder/results/.snakemake/slurm_logs/rule_giraffe_chunk_vg/ABOFRAM007401840180_10/11144053.log).

[Fri Sep 20 08:39:31 2024]
rule giraffe_chunk:
    input: vg_vg/ABOFRAM000703115255_wg.xg, vg_map/ABOFRAM000703115255.gam
    output: vg_map/ABOFRAM000703115255_X_X.gam
    log: logs/vg/giraffe_chunk_ABOFRAM000703115255_X.log
    jobid: 961
    reason: Missing output files: vg_map/ABOFRAM000703115255_X_X.gam
    wildcards: sample=ABOFRAM000703115255, chr=X
    resources: mem_mb=28610, mem_mib=7630, disk_mb=273960, disk_mib=261269, tmpdir=<TBD>, slurm_partition=workq, slurm_account=mnaji, mem=30GB, time=28800


        vg chunk -x vg_vg/ABOFRAM000703115255_wg.xg -a vg_map/ABOFRAM000703115255.gam -C -p X -O pg --prefix vg_map/ABOFRAM000703115255_X && ls -sh vg_map/ABOFRAM000703115255_X_X.gam
        
No wall time information given. This might or might not work on your cluster. If not, specify the resource runtime in your rule or as a reasonable default via --default-resources.
Job 961 has been submitted with SLURM jobid 11144054 (log: /work/project/CASCAD/mnaji/sm_folder/results/.snakemake/slurm_logs/rule_giraffe_chunk/ABOFRAM000703115255_X/11144054.log).

[Fri Sep 20 08:39:31 2024]
rule giraffe_chunk_vg:
    input: vg_vg/ABOFRAM000709524730_wg.xg
    output: vg_map/ABOFRAM000709524730_25_25.vg
    log: logs/vg/giraffe_chunk_vg_ABOFRAM000709524730_25.log
    jobid: 1244
    reason: Missing output files: vg_map/ABOFRAM000709524730_25_25.vg
    wildcards: sample=ABOFRAM000709524730, chr=25
    resources: mem_mb=11444, mem_mib=7630, disk_mb=9485, disk_mib=9046, tmpdir=<TBD>, slurm_partition=workq, slurm_account=mnaji, mem=12GB, time=28800


        vg chunk -x vg_vg/ABOFRAM000709524730_wg.xg -C -p 25 > vg_map/ABOFRAM000709524730_25_25.vg
        
No wall time information given. This might or might not work on your cluster. If not, specify the resource runtime in your rule or as a reasonable default via --default-resources.
Job 1244 has been submitted with SLURM jobid 11144055 (log: /work/project/CASCAD/mnaji/sm_folder/results/.snakemake/slurm_logs/rule_giraffe_chunk_vg/ABOFRAM000709524730_25/11144055.log).

[Fri Sep 20 08:39:31 2024]
rule giraffe_chunk:
    input: vg_vg/ABOFRAM000707401531_wg.xg, vg_map/ABOFRAM000707401531.gam
    output: vg_map/ABOFRAM000707401531_16_16.gam
    log: logs/vg/giraffe_chunk_ABOFRAM000707401531_16.log
    jobid: 1046
    reason: Missing output files: vg_map/ABOFRAM000707401531_16_16.gam
    wildcards: sample=ABOFRAM000707401531, chr=16
    resources: mem_mb=28610, mem_mib=7630, disk_mb=202240, disk_mib=192872, tmpdir=<TBD>, slurm_partition=workq, slurm_account=mnaji, mem=30GB, time=28800


        vg chunk -x vg_vg/ABOFRAM000707401531_wg.xg -a vg_map/ABOFRAM000707401531.gam -C -p 16 -O pg --prefix vg_map/ABOFRAM000707401531_16 && ls -sh vg_map/ABOFRAM000707401531_16_16.gam
        
No wall time information given. This might or might not work on your cluster. If not, specify the resource runtime in your rule or as a reasonable default via --default-resources.
Job 1046 has been submitted with SLURM jobid 11144056 (log: /work/project/CASCAD/mnaji/sm_folder/results/.snakemake/slurm_logs/rule_giraffe_chunk/ABOFRAM000707401531_16/11144056.log).

[Fri Sep 20 08:39:31 2024]
rule giraffe_chunk:
    input: vg_vg/ABOFRAM000709524730_wg.xg, vg_map/ABOFRAM000709524730.gam
    output: vg_map/ABOFRAM000709524730_2_2.gam
    log: logs/vg/giraffe_chunk_ABOFRAM000709524730_2.log
    jobid: 1131
    reason: Missing output files: vg_map/ABOFRAM000709524730_2_2.gam
    wildcards: sample=ABOFRAM000709524730, chr=2
    resources: mem_mb=28610, mem_mib=7630, disk_mb=246756, disk_mib=235325, tmpdir=<TBD>, slurm_partition=workq, slurm_account=mnaji, mem=30GB, time=28800


        vg chunk -x vg_vg/ABOFRAM000709524730_wg.xg -a vg_map/ABOFRAM000709524730.gam -C -p 2 -O pg --prefix vg_map/ABOFRAM000709524730_2 && ls -sh vg_map/ABOFRAM000709524730_2_2.gam
        
No wall time information given. This might or might not work on your cluster. If not, specify the resource runtime in your rule or as a reasonable default via --default-resources.
Job 1131 has been submitted with SLURM jobid 11144057 (log: /work/project/CASCAD/mnaji/sm_folder/results/.snakemake/slurm_logs/rule_giraffe_chunk/ABOFRAM000709524730_2/11144057.log).

[Fri Sep 20 08:39:31 2024]
rule giraffe_chunk_vg:
    input: vg_vg/ABOFRAM007401840180_wg.xg
    output: vg_map/ABOFRAM007401840180_28_28.vg
    log: logs/vg/giraffe_chunk_vg_ABOFRAM007401840180_28.log
    jobid: 1569
    reason: Missing output files: vg_map/ABOFRAM007401840180_28_28.vg
    wildcards: sample=ABOFRAM007401840180, chr=28
    resources: mem_mb=11444, mem_mib=7630, disk_mb=9482, disk_mib=9043, tmpdir=<TBD>, slurm_partition=workq, slurm_account=mnaji, mem=12GB, time=28800


        vg chunk -x vg_vg/ABOFRAM007401840180_wg.xg -C -p 28 > vg_map/ABOFRAM007401840180_28_28.vg
        
No wall time information given. This might or might not work on your cluster. If not, specify the resource runtime in your rule or as a reasonable default via --default-resources.
Job 1569 has been submitted with SLURM jobid 11144058 (log: /work/project/CASCAD/mnaji/sm_folder/results/.snakemake/slurm_logs/rule_giraffe_chunk_vg/ABOFRAM007401840180_28/11144058.log).

[Fri Sep 20 08:39:32 2024]
rule giraffe_chunk:
    input: vg_vg/ABOFRAM007401840180_wg.xg, vg_map/ABOFRAM007401840180.gam
    output: vg_map/ABOFRAM007401840180_16_16.gam
    log: logs/vg/giraffe_chunk_ABOFRAM007401840180_16.log
    jobid: 1511
    reason: Missing output files: vg_map/ABOFRAM007401840180_16_16.gam
    wildcards: sample=ABOFRAM007401840180, chr=16
    resources: mem_mb=28610, mem_mib=7630, disk_mb=196150, disk_mib=187064, tmpdir=<TBD>, slurm_partition=workq, slurm_account=mnaji, mem=30GB, time=28800


        vg chunk -x vg_vg/ABOFRAM007401840180_wg.xg -a vg_map/ABOFRAM007401840180.gam -C -p 16 -O pg --prefix vg_map/ABOFRAM007401840180_16 && ls -sh vg_map/ABOFRAM007401840180_16_16.gam
        
No wall time information given. This might or might not work on your cluster. If not, specify the resource runtime in your rule or as a reasonable default via --default-resources.
Job 1511 has been submitted with SLURM jobid 11144059 (log: /work/project/CASCAD/mnaji/sm_folder/results/.snakemake/slurm_logs/rule_giraffe_chunk/ABOFRAM007401840180_16/11144059.log).

[Fri Sep 20 08:39:32 2024]
rule giraffe_chunk:
    input: vg_vg/ABOFRAM000703115255_wg.xg, vg_map/ABOFRAM000703115255.gam
    output: vg_map/ABOFRAM000703115255_13_13.gam
    log: logs/vg/giraffe_chunk_ABOFRAM000703115255_13.log
    jobid: 876
    reason: Missing output files: vg_map/ABOFRAM000703115255_13_13.gam
    wildcards: sample=ABOFRAM000703115255, chr=13
    resources: mem_mb=28610, mem_mib=7630, disk_mb=273960, disk_mib=261269, tmpdir=<TBD>, slurm_partition=workq, slurm_account=mnaji, mem=30GB, time=28800


        vg chunk -x vg_vg/ABOFRAM000703115255_wg.xg -a vg_map/ABOFRAM000703115255.gam -C -p 13 -O pg --prefix vg_map/ABOFRAM000703115255_13 && ls -sh vg_map/ABOFRAM000703115255_13_13.gam
        
No wall time information given. This might or might not work on your cluster. If not, specify the resource runtime in your rule or as a reasonable default via --default-resources.
Job 876 has been submitted with SLURM jobid 11144060 (log: /work/project/CASCAD/mnaji/sm_folder/results/.snakemake/slurm_logs/rule_giraffe_chunk/ABOFRAM000703115255_13/11144060.log).

[Fri Sep 20 08:39:32 2024]
rule giraffe_chunk:
    input: vg_vg/ABOFRAM000709524730_wg.xg, vg_map/ABOFRAM000709524730.gam
    output: vg_map/ABOFRAM000709524730_7_7.gam
    log: logs/vg/giraffe_chunk_ABOFRAM000709524730_7.log
    jobid: 1156
    reason: Missing output files: vg_map/ABOFRAM000709524730_7_7.gam
    wildcards: sample=ABOFRAM000709524730, chr=7
    resources: mem_mb=28610, mem_mib=7630, disk_mb=246756, disk_mib=235325, tmpdir=<TBD>, slurm_partition=workq, slurm_account=mnaji, mem=30GB, time=28800


        vg chunk -x vg_vg/ABOFRAM000709524730_wg.xg -a vg_map/ABOFRAM000709524730.gam -C -p 7 -O pg --prefix vg_map/ABOFRAM000709524730_7 && ls -sh vg_map/ABOFRAM000709524730_7_7.gam
        
No wall time information given. This might or might not work on your cluster. If not, specify the resource runtime in your rule or as a reasonable default via --default-resources.
Job 1156 has been submitted with SLURM jobid 11144061 (log: /work/project/CASCAD/mnaji/sm_folder/results/.snakemake/slurm_logs/rule_giraffe_chunk/ABOFRAM000709524730_7/11144061.log).

[Fri Sep 20 08:39:32 2024]
rule giraffe_chunk:
    input: vg_vg/ABOFRAM007401840180_wg.xg, vg_map/ABOFRAM007401840180.gam
    output: vg_map/ABOFRAM007401840180_21_21.gam
    log: logs/vg/giraffe_chunk_ABOFRAM007401840180_21.log
    jobid: 1536
    reason: Missing output files: vg_map/ABOFRAM007401840180_21_21.gam
    wildcards: sample=ABOFRAM007401840180, chr=21
    resources: mem_mb=28610, mem_mib=7630, disk_mb=196150, disk_mib=187064, tmpdir=<TBD>, slurm_partition=workq, slurm_account=mnaji, mem=30GB, time=28800


        vg chunk -x vg_vg/ABOFRAM007401840180_wg.xg -a vg_map/ABOFRAM007401840180.gam -C -p 21 -O pg --prefix vg_map/ABOFRAM007401840180_21 && ls -sh vg_map/ABOFRAM007401840180_21_21.gam
        
No wall time information given. This might or might not work on your cluster. If not, specify the resource runtime in your rule or as a reasonable default via --default-resources.
Job 1536 has been submitted with SLURM jobid 11144062 (log: /work/project/CASCAD/mnaji/sm_folder/results/.snakemake/slurm_logs/rule_giraffe_chunk/ABOFRAM007401840180_21/11144062.log).

[Fri Sep 20 08:39:32 2024]
rule giraffe_chunk:
    input: vg_vg/ABOFRAM007401840180_wg.xg, vg_map/ABOFRAM007401840180.gam
    output: vg_map/ABOFRAM007401840180_26_26.gam
    log: logs/vg/giraffe_chunk_ABOFRAM007401840180_26.log
    jobid: 1561
    reason: Missing output files: vg_map/ABOFRAM007401840180_26_26.gam
    wildcards: sample=ABOFRAM007401840180, chr=26
    resources: mem_mb=28610, mem_mib=7630, disk_mb=196150, disk_mib=187064, tmpdir=<TBD>, slurm_partition=workq, slurm_account=mnaji, mem=30GB, time=28800


        vg chunk -x vg_vg/ABOFRAM007401840180_wg.xg -a vg_map/ABOFRAM007401840180.gam -C -p 26 -O pg --prefix vg_map/ABOFRAM007401840180_26 && ls -sh vg_map/ABOFRAM007401840180_26_26.gam
        
No wall time information given. This might or might not work on your cluster. If not, specify the resource runtime in your rule or as a reasonable default via --default-resources.
Job 1561 has been submitted with SLURM jobid 11144063 (log: /work/project/CASCAD/mnaji/sm_folder/results/.snakemake/slurm_logs/rule_giraffe_chunk/ABOFRAM007401840180_26/11144063.log).

[Fri Sep 20 08:39:33 2024]
rule giraffe_chunk_vg:
    input: vg_vg/ABOFRAM000707401531_wg.xg
    output: vg_map/ABOFRAM000707401531_3_3.vg
    log: logs/vg/giraffe_chunk_vg_ABOFRAM000707401531_3.log
    jobid: 979
    reason: Missing output files: vg_map/ABOFRAM000707401531_3_3.vg
    wildcards: sample=ABOFRAM000707401531, chr=3
    resources: mem_mb=11444, mem_mib=7630, disk_mb=9481, disk_mib=9042, tmpdir=<TBD>, slurm_partition=workq, slurm_account=mnaji, mem=12GB, time=28800


        vg chunk -x vg_vg/ABOFRAM000707401531_wg.xg -C -p 3 > vg_map/ABOFRAM000707401531_3_3.vg
        
No wall time information given. This might or might not work on your cluster. If not, specify the resource runtime in your rule or as a reasonable default via --default-resources.
Job 979 has been submitted with SLURM jobid 11144064 (log: /work/project/CASCAD/mnaji/sm_folder/results/.snakemake/slurm_logs/rule_giraffe_chunk_vg/ABOFRAM000707401531_3/11144064.log).

[Fri Sep 20 08:39:33 2024]
rule giraffe_chunk:
    input: vg_vg/ABOFRAM000703115255_wg.xg, vg_map/ABOFRAM000703115255.gam
    output: vg_map/ABOFRAM000703115255_18_18.gam
    log: logs/vg/giraffe_chunk_ABOFRAM000703115255_18.log
    jobid: 901
    reason: Missing output files: vg_map/ABOFRAM000703115255_18_18.gam
    wildcards: sample=ABOFRAM000703115255, chr=18
    resources: mem_mb=28610, mem_mib=7630, disk_mb=273960, disk_mib=261269, tmpdir=<TBD>, slurm_partition=workq, slurm_account=mnaji, mem=30GB, time=28800


        vg chunk -x vg_vg/ABOFRAM000703115255_wg.xg -a vg_map/ABOFRAM000703115255.gam -C -p 18 -O pg --prefix vg_map/ABOFRAM000703115255_18 && ls -sh vg_map/ABOFRAM000703115255_18_18.gam
        
No wall time information given. This might or might not work on your cluster. If not, specify the resource runtime in your rule or as a reasonable default via --default-resources.
Job 901 has been submitted with SLURM jobid 11144065 (log: /work/project/CASCAD/mnaji/sm_folder/results/.snakemake/slurm_logs/rule_giraffe_chunk/ABOFRAM000703115255_18/11144065.log).
[Fri Sep 20 08:39:53 2024]
Finished job 1069.
1 of 886 steps (0.1%) done
Select jobs to execute...
Execute 1 jobs...

[Fri Sep 20 08:39:53 2024]
rule giraffe_snarls:
    input: vg_map/ABOFRAM000707401531_21_21.vg
    output: vg_map/ABOFRAM000707401531_pt21.snarls
    log: logs/vg/giraffe_snarls_ABOFRAM000707401531_21.log
    jobid: 1072
    reason: Missing output files: vg_map/ABOFRAM000707401531_pt21.snarls; Input files updated by another job: vg_map/ABOFRAM000707401531_21_21.vg
    wildcards: sample=ABOFRAM000707401531, chr=21
    resources: mem_mb=11444, mem_mib=954, disk_mb=1000, disk_mib=954, tmpdir=<TBD>, slurm_partition=workq, slurm_account=mnaji, mem=12GB, time=28800


        vg snarls vg_map/ABOFRAM000707401531_21_21.vg > vg_map/ABOFRAM000707401531_pt21.snarls
        
No wall time information given. This might or might not work on your cluster. If not, specify the resource runtime in your rule or as a reasonable default via --default-resources.
Job 1072 has been submitted with SLURM jobid 11144066 (log: /work/project/CASCAD/mnaji/sm_folder/results/.snakemake/slurm_logs/rule_giraffe_snarls/ABOFRAM000707401531_21/11144066.log).
[Fri Sep 20 08:40:03 2024]
Finished job 1329.
2 of 886 steps (0.2%) done
[Fri Sep 20 08:40:03 2024]
Finished job 999.
3 of 886 steps (0.3%) done
[Fri Sep 20 08:40:03 2024]
Finished job 1234.
4 of 886 steps (0.5%) done
Select jobs to execute...
Execute 3 jobs...

[Fri Sep 20 08:40:03 2024]
rule giraffe_snarls:
    input: vg_map/ABOFRAM007301868101_11_11.vg
    output: vg_map/ABOFRAM007301868101_pt11.snarls
    log: logs/vg/giraffe_snarls_ABOFRAM007301868101_11.log
    jobid: 1332
    reason: Missing output files: vg_map/ABOFRAM007301868101_pt11.snarls; Input files updated by another job: vg_map/ABOFRAM007301868101_11_11.vg
    wildcards: sample=ABOFRAM007301868101, chr=11
    resources: mem_mb=11444, mem_mib=954, disk_mb=1000, disk_mib=954, tmpdir=<TBD>, slurm_partition=workq, slurm_account=mnaji, mem=12GB, time=28800


        vg snarls vg_map/ABOFRAM007301868101_11_11.vg > vg_map/ABOFRAM007301868101_pt11.snarls
        
No wall time information given. This might or might not work on your cluster. If not, specify the resource runtime in your rule or as a reasonable default via --default-resources.
Job 1332 has been submitted with SLURM jobid 11144067 (log: /work/project/CASCAD/mnaji/sm_folder/results/.snakemake/slurm_logs/rule_giraffe_snarls/ABOFRAM007301868101_11/11144067.log).

[Fri Sep 20 08:40:03 2024]
rule giraffe_snarls:
    input: vg_map/ABOFRAM000709524730_23_23.vg
    output: vg_map/ABOFRAM000709524730_pt23.snarls
    log: logs/vg/giraffe_snarls_ABOFRAM000709524730_23.log
    jobid: 1237
    reason: Missing output files: vg_map/ABOFRAM000709524730_pt23.snarls; Input files updated by another job: vg_map/ABOFRAM000709524730_23_23.vg
    wildcards: sample=ABOFRAM000709524730, chr=23
    resources: mem_mb=11444, mem_mib=954, disk_mb=1000, disk_mib=954, tmpdir=<TBD>, slurm_partition=workq, slurm_account=mnaji, mem=12GB, time=28800


        vg snarls vg_map/ABOFRAM000709524730_23_23.vg > vg_map/ABOFRAM000709524730_pt23.snarls
        
No wall time information given. This might or might not work on your cluster. If not, specify the resource runtime in your rule or as a reasonable default via --default-resources.
Job 1237 has been submitted with SLURM jobid 11144068 (log: /work/project/CASCAD/mnaji/sm_folder/results/.snakemake/slurm_logs/rule_giraffe_snarls/ABOFRAM000709524730_23/11144068.log).

[Fri Sep 20 08:40:04 2024]
rule giraffe_snarls:
    input: vg_map/ABOFRAM000707401531_7_7.vg
    output: vg_map/ABOFRAM000707401531_pt7.snarls
    log: logs/vg/giraffe_snarls_ABOFRAM000707401531_7.log
    jobid: 1002
    reason: Missing output files: vg_map/ABOFRAM000707401531_pt7.snarls; Input files updated by another job: vg_map/ABOFRAM000707401531_7_7.vg
    wildcards: sample=ABOFRAM000707401531, chr=7
    resources: mem_mb=11444, mem_mib=954, disk_mb=1000, disk_mib=954, tmpdir=<TBD>, slurm_partition=workq, slurm_account=mnaji, mem=12GB, time=28800


        vg snarls vg_map/ABOFRAM000707401531_7_7.vg > vg_map/ABOFRAM000707401531_pt7.snarls
        
No wall time information given. This might or might not work on your cluster. If not, specify the resource runtime in your rule or as a reasonable default via --default-resources.
Job 1002 has been submitted with SLURM jobid 11144069 (log: /work/project/CASCAD/mnaji/sm_folder/results/.snakemake/slurm_logs/rule_giraffe_snarls/ABOFRAM000707401531_7/11144069.log).
Select jobs to execute...
[Fri Sep 20 08:40:13 2024]
Finished job 1459.
5 of 886 steps (1%) done
[Fri Sep 20 08:40:13 2024]
Finished job 1229.
6 of 886 steps (1%) done
[Fri Sep 20 08:40:13 2024]
Finished job 1179.
7 of 886 steps (1%) done
[Fri Sep 20 08:40:13 2024]
Finished job 1294.
8 of 886 steps (1%) done
[Fri Sep 20 08:40:13 2024]
Finished job 1024.
9 of 886 steps (1%) done
Execute 5 jobs...

[Fri Sep 20 08:40:13 2024]
rule giraffe_snarls:
    input: vg_map/ABOFRAM000709524730_12_12.vg
    output: vg_map/ABOFRAM000709524730_pt12.snarls
    log: logs/vg/giraffe_snarls_ABOFRAM000709524730_12.log
    jobid: 1182
    reason: Missing output files: vg_map/ABOFRAM000709524730_pt12.snarls; Input files updated by another job: vg_map/ABOFRAM000709524730_12_12.vg
    wildcards: sample=ABOFRAM000709524730, chr=12
    resources: mem_mb=11444, mem_mib=954, disk_mb=1000, disk_mib=954, tmpdir=<TBD>, slurm_partition=workq, slurm_account=mnaji, mem=12GB, time=28800


        vg snarls vg_map/ABOFRAM000709524730_12_12.vg > vg_map/ABOFRAM000709524730_pt12.snarls
        
No wall time information given. This might or might not work on your cluster. If not, specify the resource runtime in your rule or as a reasonable default via --default-resources.
Job 1182 has been submitted with SLURM jobid 11144070 (log: /work/project/CASCAD/mnaji/sm_folder/results/.snakemake/slurm_logs/rule_giraffe_snarls/ABOFRAM000709524730_12/11144070.log).

[Fri Sep 20 08:40:14 2024]
rule giraffe_snarls:
    input: vg_map/ABOFRAM000707401531_12_12.vg
    output: vg_map/ABOFRAM000707401531_pt12.snarls
    log: logs/vg/giraffe_snarls_ABOFRAM000707401531_12.log
    jobid: 1027
    reason: Missing output files: vg_map/ABOFRAM000707401531_pt12.snarls; Input files updated by another job: vg_map/ABOFRAM000707401531_12_12.vg
    wildcards: sample=ABOFRAM000707401531, chr=12
    resources: mem_mb=11444, mem_mib=954, disk_mb=1000, disk_mib=954, tmpdir=<TBD>, slurm_partition=workq, slurm_account=mnaji, mem=12GB, time=28800


        vg snarls vg_map/ABOFRAM000707401531_12_12.vg > vg_map/ABOFRAM000707401531_pt12.snarls
        
No wall time information given. This might or might not work on your cluster. If not, specify the resource runtime in your rule or as a reasonable default via --default-resources.
Job 1027 has been submitted with SLURM jobid 11144071 (log: /work/project/CASCAD/mnaji/sm_folder/results/.snakemake/slurm_logs/rule_giraffe_snarls/ABOFRAM000707401531_12/11144071.log).

[Fri Sep 20 08:40:14 2024]
rule giraffe_snarls:
    input: vg_map/ABOFRAM007401840180_6_6.vg
    output: vg_map/ABOFRAM007401840180_pt6.snarls
    log: logs/vg/giraffe_snarls_ABOFRAM007401840180_6.log
    jobid: 1462
    reason: Missing output files: vg_map/ABOFRAM007401840180_pt6.snarls; Input files updated by another job: vg_map/ABOFRAM007401840180_6_6.vg
    wildcards: sample=ABOFRAM007401840180, chr=6
    resources: mem_mb=11444, mem_mib=954, disk_mb=1000, disk_mib=954, tmpdir=<TBD>, slurm_partition=workq, slurm_account=mnaji, mem=12GB, time=28800


        vg snarls vg_map/ABOFRAM007401840180_6_6.vg > vg_map/ABOFRAM007401840180_pt6.snarls
        
No wall time information given. This might or might not work on your cluster. If not, specify the resource runtime in your rule or as a reasonable default via --default-resources.
Job 1462 has been submitted with SLURM jobid 11144072 (log: /work/project/CASCAD/mnaji/sm_folder/results/.snakemake/slurm_logs/rule_giraffe_snarls/ABOFRAM007401840180_6/11144072.log).

[Fri Sep 20 08:40:14 2024]
rule giraffe_snarls:
    input: vg_map/ABOFRAM000709524730_22_22.vg
    output: vg_map/ABOFRAM000709524730_pt22.snarls
    log: logs/vg/giraffe_snarls_ABOFRAM000709524730_22.log
    jobid: 1232
    reason: Missing output files: vg_map/ABOFRAM000709524730_pt22.snarls; Input files updated by another job: vg_map/ABOFRAM000709524730_22_22.vg
    wildcards: sample=ABOFRAM000709524730, chr=22
    resources: mem_mb=11444, mem_mib=954, disk_mb=1000, disk_mib=954, tmpdir=<TBD>, slurm_partition=workq, slurm_account=mnaji, mem=12GB, time=28800


        vg snarls vg_map/ABOFRAM000709524730_22_22.vg > vg_map/ABOFRAM000709524730_pt22.snarls
        
No wall time information given. This might or might not work on your cluster. If not, specify the resource runtime in your rule or as a reasonable default via --default-resources.
Job 1232 has been submitted with SLURM jobid 11144073 (log: /work/project/CASCAD/mnaji/sm_folder/results/.snakemake/slurm_logs/rule_giraffe_snarls/ABOFRAM000709524730_22/11144073.log).

[Fri Sep 20 08:40:14 2024]
rule giraffe_snarls:
    input: vg_map/ABOFRAM007301868101_4_4.vg
    output: vg_map/ABOFRAM007301868101_pt4.snarls
    log: logs/vg/giraffe_snarls_ABOFRAM007301868101_4.log
    jobid: 1297
    reason: Missing output files: vg_map/ABOFRAM007301868101_pt4.snarls; Input files updated by another job: vg_map/ABOFRAM007301868101_4_4.vg
    wildcards: sample=ABOFRAM007301868101, chr=4
    resources: mem_mb=11444, mem_mib=954, disk_mb=1000, disk_mib=954, tmpdir=<TBD>, slurm_partition=workq, slurm_account=mnaji, mem=12GB, time=28800


        vg snarls vg_map/ABOFRAM007301868101_4_4.vg > vg_map/ABOFRAM007301868101_pt4.snarls
        
No wall time information given. This might or might not work on your cluster. If not, specify the resource runtime in your rule or as a reasonable default via --default-resources.
Job 1297 has been submitted with SLURM jobid 11144074 (log: /work/project/CASCAD/mnaji/sm_folder/results/.snakemake/slurm_logs/rule_giraffe_snarls/ABOFRAM007301868101_4/11144074.log).
Select jobs to execute...
[Fri Sep 20 08:40:23 2024]
Finished job 839.
10 of 886 steps (1%) done
[Fri Sep 20 08:40:23 2024]
Finished job 949.
11 of 886 steps (1%) done
[Fri Sep 20 08:40:23 2024]
Finished job 1204.
12 of 886 steps (1%) done
[Fri Sep 20 08:40:23 2024]
Finished job 1354.
13 of 886 steps (1%) done
[Fri Sep 20 08:40:23 2024]
Finished job 1379.
14 of 886 steps (2%) done
[Fri Sep 20 08:40:23 2024]
Finished job 1249.
15 of 886 steps (2%) done
Execute 6 jobs...

[Fri Sep 20 08:40:23 2024]
rule giraffe_snarls:
    input: vg_map/ABOFRAM000709524730_26_26.vg
    output: vg_map/ABOFRAM000709524730_pt26.snarls
    log: logs/vg/giraffe_snarls_ABOFRAM000709524730_26.log
    jobid: 1252
    reason: Missing output files: vg_map/ABOFRAM000709524730_pt26.snarls; Input files updated by another job: vg_map/ABOFRAM000709524730_26_26.vg
    wildcards: sample=ABOFRAM000709524730, chr=26
    resources: mem_mb=11444, mem_mib=954, disk_mb=1000, disk_mib=954, tmpdir=<TBD>, slurm_partition=workq, slurm_account=mnaji, mem=12GB, time=28800


        vg snarls vg_map/ABOFRAM000709524730_26_26.vg > vg_map/ABOFRAM000709524730_pt26.snarls
        
No wall time information given. This might or might not work on your cluster. If not, specify the resource runtime in your rule or as a reasonable default via --default-resources.
Job 1252 has been submitted with SLURM jobid 11144075 (log: /work/project/CASCAD/mnaji/sm_folder/results/.snakemake/slurm_logs/rule_giraffe_snarls/ABOFRAM000709524730_26/11144075.log).

[Fri Sep 20 08:40:24 2024]
rule giraffe_snarls:
    input: vg_map/ABOFRAM000703115255_6_6.vg
    output: vg_map/ABOFRAM000703115255_pt6.snarls
    log: logs/vg/giraffe_snarls_ABOFRAM000703115255_6.log
    jobid: 842
    reason: Missing output files: vg_map/ABOFRAM000703115255_pt6.snarls; Input files updated by another job: vg_map/ABOFRAM000703115255_6_6.vg
    wildcards: sample=ABOFRAM000703115255, chr=6
    resources: mem_mb=11444, mem_mib=954, disk_mb=1000, disk_mib=954, tmpdir=<TBD>, slurm_partition=workq, slurm_account=mnaji, mem=12GB, time=28800


        vg snarls vg_map/ABOFRAM000703115255_6_6.vg > vg_map/ABOFRAM000703115255_pt6.snarls
        
No wall time information given. This might or might not work on your cluster. If not, specify the resource runtime in your rule or as a reasonable default via --default-resources.
Job 842 has been submitted with SLURM jobid 11144076 (log: /work/project/CASCAD/mnaji/sm_folder/results/.snakemake/slurm_logs/rule_giraffe_snarls/ABOFRAM000703115255_6/11144076.log).

[Fri Sep 20 08:40:24 2024]
rule giraffe_snarls:
    input: vg_map/ABOFRAM007301868101_21_21.vg
    output: vg_map/ABOFRAM007301868101_pt21.snarls
    log: logs/vg/giraffe_snarls_ABOFRAM007301868101_21.log
    jobid: 1382
    reason: Missing output files: vg_map/ABOFRAM007301868101_pt21.snarls; Input files updated by another job: vg_map/ABOFRAM007301868101_21_21.vg
    wildcards: sample=ABOFRAM007301868101, chr=21
    resources: mem_mb=11444, mem_mib=954, disk_mb=1000, disk_mib=954, tmpdir=<TBD>, slurm_partition=workq, slurm_account=mnaji, mem=12GB, time=28800


        vg snarls vg_map/ABOFRAM007301868101_21_21.vg > vg_map/ABOFRAM007301868101_pt21.snarls
        
No wall time information given. This might or might not work on your cluster. If not, specify the resource runtime in your rule or as a reasonable default via --default-resources.
Job 1382 has been submitted with SLURM jobid 11144077 (log: /work/project/CASCAD/mnaji/sm_folder/results/.snakemake/slurm_logs/rule_giraffe_snarls/ABOFRAM007301868101_21/11144077.log).

[Fri Sep 20 08:40:24 2024]
rule giraffe_snarls:
    input: vg_map/ABOFRAM007301868101_16_16.vg
    output: vg_map/ABOFRAM007301868101_pt16.snarls
    log: logs/vg/giraffe_snarls_ABOFRAM007301868101_16.log
    jobid: 1357
    reason: Missing output files: vg_map/ABOFRAM007301868101_pt16.snarls; Input files updated by another job: vg_map/ABOFRAM007301868101_16_16.vg
    wildcards: sample=ABOFRAM007301868101, chr=16
    resources: mem_mb=11444, mem_mib=954, disk_mb=1000, disk_mib=954, tmpdir=<TBD>, slurm_partition=workq, slurm_account=mnaji, mem=12GB, time=28800


        vg snarls vg_map/ABOFRAM007301868101_16_16.vg > vg_map/ABOFRAM007301868101_pt16.snarls
        
No wall time information given. This might or might not work on your cluster. If not, specify the resource runtime in your rule or as a reasonable default via --default-resources.
Job 1357 has been submitted with SLURM jobid 11144078 (log: /work/project/CASCAD/mnaji/sm_folder/results/.snakemake/slurm_logs/rule_giraffe_snarls/ABOFRAM007301868101_16/11144078.log).

[Fri Sep 20 08:40:24 2024]
rule giraffe_snarls:
    input: vg_map/ABOFRAM000709524730_17_17.vg
    output: vg_map/ABOFRAM000709524730_pt17.snarls
    log: logs/vg/giraffe_snarls_ABOFRAM000709524730_17.log
    jobid: 1207
    reason: Missing output files: vg_map/ABOFRAM000709524730_pt17.snarls; Input files updated by another job: vg_map/ABOFRAM000709524730_17_17.vg
    wildcards: sample=ABOFRAM000709524730, chr=17
    resources: mem_mb=11444, mem_mib=954, disk_mb=1000, disk_mib=954, tmpdir=<TBD>, slurm_partition=workq, slurm_account=mnaji, mem=12GB, time=28800


        vg snarls vg_map/ABOFRAM000709524730_17_17.vg > vg_map/ABOFRAM000709524730_pt17.snarls
        
No wall time information given. This might or might not work on your cluster. If not, specify the resource runtime in your rule or as a reasonable default via --default-resources.
Job 1207 has been submitted with SLURM jobid 11144079 (log: /work/project/CASCAD/mnaji/sm_folder/results/.snakemake/slurm_logs/rule_giraffe_snarls/ABOFRAM000709524730_17/11144079.log).

[Fri Sep 20 08:40:24 2024]
rule giraffe_snarls:
    input: vg_map/ABOFRAM000703115255_28_28.vg
    output: vg_map/ABOFRAM000703115255_pt28.snarls
    log: logs/vg/giraffe_snarls_ABOFRAM000703115255_28.log
    jobid: 952
    reason: Missing output files: vg_map/ABOFRAM000703115255_pt28.snarls; Input files updated by another job: vg_map/ABOFRAM000703115255_28_28.vg
    wildcards: sample=ABOFRAM000703115255, chr=28
    resources: mem_mb=11444, mem_mib=954, disk_mb=1000, disk_mib=954, tmpdir=<TBD>, slurm_partition=workq, slurm_account=mnaji, mem=12GB, time=28800


        vg snarls vg_map/ABOFRAM000703115255_28_28.vg > vg_map/ABOFRAM000703115255_pt28.snarls
        
No wall time information given. This might or might not work on your cluster. If not, specify the resource runtime in your rule or as a reasonable default via --default-resources.
Job 952 has been submitted with SLURM jobid 11144080 (log: /work/project/CASCAD/mnaji/sm_folder/results/.snakemake/slurm_logs/rule_giraffe_snarls/ABOFRAM000703115255_28/11144080.log).
Select jobs to execute...
[Fri Sep 20 08:40:33 2024]
Finished job 1304.
16 of 886 steps (2%) done
[Fri Sep 20 08:40:33 2024]
Finished job 1474.
17 of 886 steps (2%) done
[Fri Sep 20 08:40:33 2024]
Finished job 1094.
18 of 886 steps (2%) done
[Fri Sep 20 08:40:33 2024]
Finished job 1264.
19 of 886 steps (2%) done
[Fri Sep 20 08:40:33 2024]
Finished job 1349.
20 of 886 steps (2%) done
Execute 5 jobs...

[Fri Sep 20 08:40:33 2024]
rule giraffe_snarls:
    input: vg_map/ABOFRAM000709524730_29_29.vg
    output: vg_map/ABOFRAM000709524730_pt29.snarls
    log: logs/vg/giraffe_snarls_ABOFRAM000709524730_29.log
    jobid: 1267
    reason: Missing output files: vg_map/ABOFRAM000709524730_pt29.snarls; Input files updated by another job: vg_map/ABOFRAM000709524730_29_29.vg
    wildcards: sample=ABOFRAM000709524730, chr=29
    resources: mem_mb=11444, mem_mib=954, disk_mb=1000, disk_mib=954, tmpdir=<TBD>, slurm_partition=workq, slurm_account=mnaji, mem=12GB, time=28800


        vg snarls vg_map/ABOFRAM000709524730_29_29.vg > vg_map/ABOFRAM000709524730_pt29.snarls
        
No wall time information given. This might or might not work on your cluster. If not, specify the resource runtime in your rule or as a reasonable default via --default-resources.
Job 1267 has been submitted with SLURM jobid 11144081 (log: /work/project/CASCAD/mnaji/sm_folder/results/.snakemake/slurm_logs/rule_giraffe_snarls/ABOFRAM000709524730_29/11144081.log).

[Fri Sep 20 08:40:34 2024]
rule giraffe_snarls:
    input: vg_map/ABOFRAM000707401531_26_26.vg
    output: vg_map/ABOFRAM000707401531_pt26.snarls
    log: logs/vg/giraffe_snarls_ABOFRAM000707401531_26.log
    jobid: 1097
    reason: Missing output files: vg_map/ABOFRAM000707401531_pt26.snarls; Input files updated by another job: vg_map/ABOFRAM000707401531_26_26.vg
    wildcards: sample=ABOFRAM000707401531, chr=26
    resources: mem_mb=11444, mem_mib=954, disk_mb=1000, disk_mib=954, tmpdir=<TBD>, slurm_partition=workq, slurm_account=mnaji, mem=12GB, time=28800


        vg snarls vg_map/ABOFRAM000707401531_26_26.vg > vg_map/ABOFRAM000707401531_pt26.snarls
        
No wall time information given. This might or might not work on your cluster. If not, specify the resource runtime in your rule or as a reasonable default via --default-resources.
Job 1097 has been submitted with SLURM jobid 11144082 (log: /work/project/CASCAD/mnaji/sm_folder/results/.snakemake/slurm_logs/rule_giraffe_snarls/ABOFRAM000707401531_26/11144082.log).

[Fri Sep 20 08:40:34 2024]
rule giraffe_snarls:
    input: vg_map/ABOFRAM007401840180_9_9.vg
    output: vg_map/ABOFRAM007401840180_pt9.snarls
    log: logs/vg/giraffe_snarls_ABOFRAM007401840180_9.log
    jobid: 1477
    reason: Missing output files: vg_map/ABOFRAM007401840180_pt9.snarls; Input files updated by another job: vg_map/ABOFRAM007401840180_9_9.vg
    wildcards: sample=ABOFRAM007401840180, chr=9
    resources: mem_mb=11444, mem_mib=954, disk_mb=1000, disk_mib=954, tmpdir=<TBD>, slurm_partition=workq, slurm_account=mnaji, mem=12GB, time=28800


        vg snarls vg_map/ABOFRAM007401840180_9_9.vg > vg_map/ABOFRAM007401840180_pt9.snarls
        
No wall time information given. This might or might not work on your cluster. If not, specify the resource runtime in your rule or as a reasonable default via --default-resources.
Job 1477 has been submitted with SLURM jobid 11144083 (log: /work/project/CASCAD/mnaji/sm_folder/results/.snakemake/slurm_logs/rule_giraffe_snarls/ABOFRAM007401840180_9/11144083.log).

[Fri Sep 20 08:40:34 2024]
rule giraffe_snarls:
    input: vg_map/ABOFRAM007301868101_15_15.vg
    output: vg_map/ABOFRAM007301868101_pt15.snarls
    log: logs/vg/giraffe_snarls_ABOFRAM007301868101_15.log
    jobid: 1352
    reason: Missing output files: vg_map/ABOFRAM007301868101_pt15.snarls; Input files updated by another job: vg_map/ABOFRAM007301868101_15_15.vg
    wildcards: sample=ABOFRAM007301868101, chr=15
    resources: mem_mb=11444, mem_mib=954, disk_mb=1000, disk_mib=954, tmpdir=<TBD>, slurm_partition=workq, slurm_account=mnaji, mem=12GB, time=28800


        vg snarls vg_map/ABOFRAM007301868101_15_15.vg > vg_map/ABOFRAM007301868101_pt15.snarls
        
No wall time information given. This might or might not work on your cluster. If not, specify the resource runtime in your rule or as a reasonable default via --default-resources.
Job 1352 has been submitted with SLURM jobid 11144084 (log: /work/project/CASCAD/mnaji/sm_folder/results/.snakemake/slurm_logs/rule_giraffe_snarls/ABOFRAM007301868101_15/11144084.log).

[Fri Sep 20 08:40:34 2024]
rule giraffe_snarls:
    input: vg_map/ABOFRAM007301868101_6_6.vg
    output: vg_map/ABOFRAM007301868101_pt6.snarls
    log: logs/vg/giraffe_snarls_ABOFRAM007301868101_6.log
    jobid: 1307
    reason: Missing output files: vg_map/ABOFRAM007301868101_pt6.snarls; Input files updated by another job: vg_map/ABOFRAM007301868101_6_6.vg
    wildcards: sample=ABOFRAM007301868101, chr=6
    resources: mem_mb=11444, mem_mib=954, disk_mb=1000, disk_mib=954, tmpdir=<TBD>, slurm_partition=workq, slurm_account=mnaji, mem=12GB, time=28800


        vg snarls vg_map/ABOFRAM007301868101_6_6.vg > vg_map/ABOFRAM007301868101_pt6.snarls
        
No wall time information given. This might or might not work on your cluster. If not, specify the resource runtime in your rule or as a reasonable default via --default-resources.
Job 1307 has been submitted with SLURM jobid 11144085 (log: /work/project/CASCAD/mnaji/sm_folder/results/.snakemake/slurm_logs/rule_giraffe_snarls/ABOFRAM007301868101_6/11144085.log).
Select jobs to execute...
[Fri Sep 20 08:40:43 2024]
Finished job 1439.
21 of 886 steps (2%) done
Execute 1 jobs...

[Fri Sep 20 08:40:44 2024]
rule giraffe_snarls:
    input: vg_map/ABOFRAM007401840180_2_2.vg
    output: vg_map/ABOFRAM007401840180_pt2.snarls
    log: logs/vg/giraffe_snarls_ABOFRAM007401840180_2.log
    jobid: 1442
    reason: Missing output files: vg_map/ABOFRAM007401840180_pt2.snarls; Input files updated by another job: vg_map/ABOFRAM007401840180_2_2.vg
    wildcards: sample=ABOFRAM007401840180, chr=2
    resources: mem_mb=11444, mem_mib=954, disk_mb=1000, disk_mib=954, tmpdir=<TBD>, slurm_partition=workq, slurm_account=mnaji, mem=12GB, time=28800


        vg snarls vg_map/ABOFRAM007401840180_2_2.vg > vg_map/ABOFRAM007401840180_pt2.snarls
        
No wall time information given. This might or might not work on your cluster. If not, specify the resource runtime in your rule or as a reasonable default via --default-resources.
Job 1442 has been submitted with SLURM jobid 11144086 (log: /work/project/CASCAD/mnaji/sm_folder/results/.snakemake/slurm_logs/rule_giraffe_snarls/ABOFRAM007401840180_2/11144086.log).
[Fri Sep 20 08:40:53 2024]
Finished job 1464.
22 of 886 steps (2%) done
[Fri Sep 20 08:40:54 2024]
Finished job 1072.
23 of 886 steps (3%) done
Select jobs to execute...
Execute 2 jobs...

[Fri Sep 20 08:40:54 2024]
rule giraffe_snarls:
    input: vg_map/ABOFRAM007401840180_7_7.vg
    output: vg_map/ABOFRAM007401840180_pt7.snarls
    log: logs/vg/giraffe_snarls_ABOFRAM007401840180_7.log
    jobid: 1467
    reason: Missing output files: vg_map/ABOFRAM007401840180_pt7.snarls; Input files updated by another job: vg_map/ABOFRAM007401840180_7_7.vg
    wildcards: sample=ABOFRAM007401840180, chr=7
    resources: mem_mb=11444, mem_mib=954, disk_mb=1000, disk_mib=954, tmpdir=<TBD>, slurm_partition=workq, slurm_account=mnaji, mem=12GB, time=28800


        vg snarls vg_map/ABOFRAM007401840180_7_7.vg > vg_map/ABOFRAM007401840180_pt7.snarls
        
No wall time information given. This might or might not work on your cluster. If not, specify the resource runtime in your rule or as a reasonable default via --default-resources.
Job 1467 has been submitted with SLURM jobid 11144087 (log: /work/project/CASCAD/mnaji/sm_folder/results/.snakemake/slurm_logs/rule_giraffe_snarls/ABOFRAM007401840180_7/11144087.log).

[Fri Sep 20 08:40:54 2024]
rule giraffe_chunk_vg:
    input: vg_vg/ABOFRAM000707401531_wg.xg
    output: vg_map/ABOFRAM000707401531_16_16.vg
    log: logs/vg/giraffe_chunk_vg_ABOFRAM000707401531_16.log
    jobid: 1044
    reason: Missing output files: vg_map/ABOFRAM000707401531_16_16.vg
    wildcards: sample=ABOFRAM000707401531, chr=16
    resources: mem_mb=11444, mem_mib=7630, disk_mb=9481, disk_mib=9042, tmpdir=<TBD>, slurm_partition=workq, slurm_account=mnaji, mem=12GB, time=28800


        vg chunk -x vg_vg/ABOFRAM000707401531_wg.xg -C -p 16 > vg_map/ABOFRAM000707401531_16_16.vg
        
No wall time information given. This might or might not work on your cluster. If not, specify the resource runtime in your rule or as a reasonable default via --default-resources.
Job 1044 has been submitted with SLURM jobid 11144088 (log: /work/project/CASCAD/mnaji/sm_folder/results/.snakemake/slurm_logs/rule_giraffe_chunk_vg/ABOFRAM000707401531_16/11144088.log).
Select jobs to execute...
[Fri Sep 20 08:41:04 2024]
Finished job 1244.
24 of 886 steps (3%) done
[Fri Sep 20 08:41:04 2024]
Finished job 1237.
25 of 886 steps (3%) done
Execute 2 jobs...

[Fri Sep 20 08:41:04 2024]
rule giraffe_snarls:
    input: vg_map/ABOFRAM000709524730_25_25.vg
    output: vg_map/ABOFRAM000709524730_pt25.snarls
    log: logs/vg/giraffe_snarls_ABOFRAM000709524730_25.log
    jobid: 1247
    reason: Missing output files: vg_map/ABOFRAM000709524730_pt25.snarls; Input files updated by another job: vg_map/ABOFRAM000709524730_25_25.vg
    wildcards: sample=ABOFRAM000709524730, chr=25
    resources: mem_mb=11444, mem_mib=954, disk_mb=1000, disk_mib=954, tmpdir=<TBD>, slurm_partition=workq, slurm_account=mnaji, mem=12GB, time=28800


        vg snarls vg_map/ABOFRAM000709524730_25_25.vg > vg_map/ABOFRAM000709524730_pt25.snarls
        
No wall time information given. This might or might not work on your cluster. If not, specify the resource runtime in your rule or as a reasonable default via --default-resources.
Job 1247 has been submitted with SLURM jobid 11144089 (log: /work/project/CASCAD/mnaji/sm_folder/results/.snakemake/slurm_logs/rule_giraffe_snarls/ABOFRAM000709524730_25/11144089.log).

[Fri Sep 20 08:41:04 2024]
rule giraffe_chunk:
    input: vg_vg/ABOFRAM007401840180_wg.xg, vg_map/ABOFRAM007401840180.gam
    output: vg_map/ABOFRAM007401840180_8_8.gam
    log: logs/vg/giraffe_chunk_ABOFRAM007401840180_8.log
    jobid: 1471
    reason: Missing output files: vg_map/ABOFRAM007401840180_8_8.gam
    wildcards: sample=ABOFRAM007401840180, chr=8
    resources: mem_mb=28610, mem_mib=7630, disk_mb=196150, disk_mib=187064, tmpdir=<TBD>, slurm_partition=workq, slurm_account=mnaji, mem=30GB, time=28800


        vg chunk -x vg_vg/ABOFRAM007401840180_wg.xg -a vg_map/ABOFRAM007401840180.gam -C -p 8 -O pg --prefix vg_map/ABOFRAM007401840180_8 && ls -sh vg_map/ABOFRAM007401840180_8_8.gam
        
No wall time information given. This might or might not work on your cluster. If not, specify the resource runtime in your rule or as a reasonable default via --default-resources.
Job 1471 has been submitted with SLURM jobid 11144090 (log: /work/project/CASCAD/mnaji/sm_folder/results/.snakemake/slurm_logs/rule_giraffe_chunk/ABOFRAM007401840180_8/11144090.log).
Select jobs to execute...
[Fri Sep 20 08:41:14 2024]
Finished job 1404.
26 of 886 steps (3%) done
[Fri Sep 20 08:41:14 2024]
Finished job 1232.
27 of 886 steps (3%) done
[Fri Sep 20 08:41:14 2024]
Finished job 1252.
28 of 886 steps (3%) done
[Fri Sep 20 08:41:14 2024]
Finished job 952.
29 of 886 steps (3%) done
Execute 4 jobs...

[Fri Sep 20 08:41:14 2024]
rule giraffe_chunk:
    input: vg_vg/ABOFRAM007401840180_wg.xg, vg_map/ABOFRAM007401840180.gam
    output: vg_map/ABOFRAM007401840180_X_X.gam
    log: logs/vg/giraffe_chunk_ABOFRAM007401840180_X.log
    jobid: 1581
    reason: Missing output files: vg_map/ABOFRAM007401840180_X_X.gam
    wildcards: sample=ABOFRAM007401840180, chr=X
    resources: mem_mb=28610, mem_mib=7630, disk_mb=196150, disk_mib=187064, tmpdir=<TBD>, slurm_partition=workq, slurm_account=mnaji, mem=30GB, time=28800


        vg chunk -x vg_vg/ABOFRAM007401840180_wg.xg -a vg_map/ABOFRAM007401840180.gam -C -p X -O pg --prefix vg_map/ABOFRAM007401840180_X && ls -sh vg_map/ABOFRAM007401840180_X_X.gam
        
No wall time information given. This might or might not work on your cluster. If not, specify the resource runtime in your rule or as a reasonable default via --default-resources.
Job 1581 has been submitted with SLURM jobid 11144091 (log: /work/project/CASCAD/mnaji/sm_folder/results/.snakemake/slurm_logs/rule_giraffe_chunk/ABOFRAM007401840180_X/11144091.log).

[Fri Sep 20 08:41:14 2024]
rule giraffe_chunk_vg:
    input: vg_vg/ABOFRAM000703115255_wg.xg
    output: vg_map/ABOFRAM000703115255_24_24.vg
    log: logs/vg/giraffe_chunk_vg_ABOFRAM000703115255_24.log
    jobid: 929
    reason: Missing output files: vg_map/ABOFRAM000703115255_24_24.vg
    wildcards: sample=ABOFRAM000703115255, chr=24
    resources: mem_mb=11444, mem_mib=7630, disk_mb=9484, disk_mib=9045, tmpdir=<TBD>, slurm_partition=workq, slurm_account=mnaji, mem=12GB, time=28800


        vg chunk -x vg_vg/ABOFRAM000703115255_wg.xg -C -p 24 > vg_map/ABOFRAM000703115255_24_24.vg
        
No wall time information given. This might or might not work on your cluster. If not, specify the resource runtime in your rule or as a reasonable default via --default-resources.
Job 929 has been submitted with SLURM jobid 11144092 (log: /work/project/CASCAD/mnaji/sm_folder/results/.snakemake/slurm_logs/rule_giraffe_chunk_vg/ABOFRAM000703115255_24/11144092.log).

[Fri Sep 20 08:41:14 2024]
rule giraffe_chunk_vg:
    input: vg_vg/ABOFRAM000703115255_wg.xg
    output: vg_map/ABOFRAM000703115255_22_22.vg
    log: logs/vg/giraffe_chunk_vg_ABOFRAM000703115255_22.log
    jobid: 919
    reason: Missing output files: vg_map/ABOFRAM000703115255_22_22.vg
    wildcards: sample=ABOFRAM000703115255, chr=22
    resources: mem_mb=11444, mem_mib=7630, disk_mb=9484, disk_mib=9045, tmpdir=<TBD>, slurm_partition=workq, slurm_account=mnaji, mem=12GB, time=28800


        vg chunk -x vg_vg/ABOFRAM000703115255_wg.xg -C -p 22 > vg_map/ABOFRAM000703115255_22_22.vg
        
No wall time information given. This might or might not work on your cluster. If not, specify the resource runtime in your rule or as a reasonable default via --default-resources.
Job 919 has been submitted with SLURM jobid 11144093 (log: /work/project/CASCAD/mnaji/sm_folder/results/.snakemake/slurm_logs/rule_giraffe_chunk_vg/ABOFRAM000703115255_22/11144093.log).

[Fri Sep 20 08:41:14 2024]
rule giraffe_snarls:
    input: vg_map/ABOFRAM007301868101_26_26.vg
    output: vg_map/ABOFRAM007301868101_pt26.snarls
    log: logs/vg/giraffe_snarls_ABOFRAM007301868101_26.log
    jobid: 1407
    reason: Missing output files: vg_map/ABOFRAM007301868101_pt26.snarls; Input files updated by another job: vg_map/ABOFRAM007301868101_26_26.vg
    wildcards: sample=ABOFRAM007301868101, chr=26
    resources: mem_mb=11444, mem_mib=954, disk_mb=1000, disk_mib=954, tmpdir=<TBD>, slurm_partition=workq, slurm_account=mnaji, mem=12GB, time=28800


        vg snarls vg_map/ABOFRAM007301868101_26_26.vg > vg_map/ABOFRAM007301868101_pt26.snarls
        
No wall time information given. This might or might not work on your cluster. If not, specify the resource runtime in your rule or as a reasonable default via --default-resources.
Job 1407 has been submitted with SLURM jobid 11144094 (log: /work/project/CASCAD/mnaji/sm_folder/results/.snakemake/slurm_logs/rule_giraffe_snarls/ABOFRAM007301868101_26/11144094.log).
Select jobs to execute...
[Fri Sep 20 08:41:24 2024]
Finished job 1332.
30 of 886 steps (3%) done
[Fri Sep 20 08:41:24 2024]
Finished job 1002.
31 of 886 steps (3%) done
[Fri Sep 20 08:41:24 2024]
Finished job 1182.
32 of 886 steps (4%) done
[Fri Sep 20 08:41:24 2024]
Finished job 1027.
33 of 886 steps (4%) done
[Fri Sep 20 08:41:24 2024]
Finished job 1462.
34 of 886 steps (4%) done
[Fri Sep 20 08:41:24 2024]
Finished job 1207.
35 of 886 steps (4%) done
[Fri Sep 20 08:41:24 2024]
Finished job 1267.
36 of 886 steps (4%) done
[Fri Sep 20 08:41:24 2024]
Finished job 1097.
37 of 886 steps (4%) done
Execute 8 jobs...

[Fri Sep 20 08:41:24 2024]
rule giraffe_chunk:
    input: vg_vg/ABOFRAM007301868101_wg.xg, vg_map/ABOFRAM007301868101.gam
    output: vg_map/ABOFRAM007301868101_19_19.gam
    log: logs/vg/giraffe_chunk_ABOFRAM007301868101_19.log
    jobid: 1371
    reason: Missing output files: vg_map/ABOFRAM007301868101_19_19.gam
    wildcards: sample=ABOFRAM007301868101, chr=19
    resources: mem_mb=28610, mem_mib=7630, disk_mb=185244, disk_mib=176663, tmpdir=<TBD>, slurm_partition=workq, slurm_account=mnaji, mem=30GB, time=28800


        vg chunk -x vg_vg/ABOFRAM007301868101_wg.xg -a vg_map/ABOFRAM007301868101.gam -C -p 19 -O pg --prefix vg_map/ABOFRAM007301868101_19 && ls -sh vg_map/ABOFRAM007301868101_19_19.gam
        
No wall time information given. This might or might not work on your cluster. If not, specify the resource runtime in your rule or as a reasonable default via --default-resources.
Job 1371 has been submitted with SLURM jobid 11144096 (log: /work/project/CASCAD/mnaji/sm_folder/results/.snakemake/slurm_logs/rule_giraffe_chunk/ABOFRAM007301868101_19/11144096.log).

[Fri Sep 20 08:41:24 2024]
rule giraffe_chunk:
    input: vg_vg/ABOFRAM007301868101_wg.xg, vg_map/ABOFRAM007301868101.gam
    output: vg_map/ABOFRAM007301868101_14_14.gam
    log: logs/vg/giraffe_chunk_ABOFRAM007301868101_14.log
    jobid: 1346
    reason: Missing output files: vg_map/ABOFRAM007301868101_14_14.gam
    wildcards: sample=ABOFRAM007301868101, chr=14
    resources: mem_mb=28610, mem_mib=7630, disk_mb=185244, disk_mib=176663, tmpdir=<TBD>, slurm_partition=workq, slurm_account=mnaji, mem=30GB, time=28800


        vg chunk -x vg_vg/ABOFRAM007301868101_wg.xg -a vg_map/ABOFRAM007301868101.gam -C -p 14 -O pg --prefix vg_map/ABOFRAM007301868101_14 && ls -sh vg_map/ABOFRAM007301868101_14_14.gam
        
No wall time information given. This might or might not work on your cluster. If not, specify the resource runtime in your rule or as a reasonable default via --default-resources.
Job 1346 has been submitted with SLURM jobid 11144097 (log: /work/project/CASCAD/mnaji/sm_folder/results/.snakemake/slurm_logs/rule_giraffe_chunk/ABOFRAM007301868101_14/11144097.log).

[Fri Sep 20 08:41:24 2024]
rule giraffe_chunk_vg:
    input: vg_vg/ABOFRAM007401840180_wg.xg
    output: vg_map/ABOFRAM007401840180_12_12.vg
    log: logs/vg/giraffe_chunk_vg_ABOFRAM007401840180_12.log
    jobid: 1489
    reason: Missing output files: vg_map/ABOFRAM007401840180_12_12.vg
    wildcards: sample=ABOFRAM007401840180, chr=12
    resources: mem_mb=11444, mem_mib=7630, disk_mb=9482, disk_mib=9043, tmpdir=<TBD>, slurm_partition=workq, slurm_account=mnaji, mem=12GB, time=28800


        vg chunk -x vg_vg/ABOFRAM007401840180_wg.xg -C -p 12 > vg_map/ABOFRAM007401840180_12_12.vg
        
No wall time information given. This might or might not work on your cluster. If not, specify the resource runtime in your rule or as a reasonable default via --default-resources.
Job 1489 has been submitted with SLURM jobid 11144098 (log: /work/project/CASCAD/mnaji/sm_folder/results/.snakemake/slurm_logs/rule_giraffe_chunk_vg/ABOFRAM007401840180_12/11144098.log).

[Fri Sep 20 08:41:24 2024]
rule giraffe_chunk:
    input: vg_vg/ABOFRAM007301868101_wg.xg, vg_map/ABOFRAM007301868101.gam
    output: vg_map/ABOFRAM007301868101_27_27.gam
    log: logs/vg/giraffe_chunk_ABOFRAM007301868101_27.log
    jobid: 1411
    reason: Missing output files: vg_map/ABOFRAM007301868101_27_27.gam
    wildcards: sample=ABOFRAM007301868101, chr=27
    resources: mem_mb=28610, mem_mib=7630, disk_mb=185244, disk_mib=176663, tmpdir=<TBD>, slurm_partition=workq, slurm_account=mnaji, mem=30GB, time=28800


        vg chunk -x vg_vg/ABOFRAM007301868101_wg.xg -a vg_map/ABOFRAM007301868101.gam -C -p 27 -O pg --prefix vg_map/ABOFRAM007301868101_27 && ls -sh vg_map/ABOFRAM007301868101_27_27.gam
        
No wall time information given. This might or might not work on your cluster. If not, specify the resource runtime in your rule or as a reasonable default via --default-resources.
Job 1411 has been submitted with SLURM jobid 11144099 (log: /work/project/CASCAD/mnaji/sm_folder/results/.snakemake/slurm_logs/rule_giraffe_chunk/ABOFRAM007301868101_27/11144099.log).

[Fri Sep 20 08:41:25 2024]
rule giraffe_chunk_vg:
    input: vg_vg/ABOFRAM000707401531_wg.xg
    output: vg_map/ABOFRAM000707401531_17_17.vg
    log: logs/vg/giraffe_chunk_vg_ABOFRAM000707401531_17.log
    jobid: 1049
    reason: Missing output files: vg_map/ABOFRAM000707401531_17_17.vg
    wildcards: sample=ABOFRAM000707401531, chr=17
    resources: mem_mb=11444, mem_mib=7630, disk_mb=9481, disk_mib=9042, tmpdir=<TBD>, slurm_partition=workq, slurm_account=mnaji, mem=12GB, time=28800


        vg chunk -x vg_vg/ABOFRAM000707401531_wg.xg -C -p 17 > vg_map/ABOFRAM000707401531_17_17.vg
        
No wall time information given. This might or might not work on your cluster. If not, specify the resource runtime in your rule or as a reasonable default via --default-resources.
Job 1049 has been submitted with SLURM jobid 11144100 (log: /work/project/CASCAD/mnaji/sm_folder/results/.snakemake/slurm_logs/rule_giraffe_chunk_vg/ABOFRAM000707401531_17/11144100.log).

[Fri Sep 20 08:41:25 2024]
rule giraffe_chunk_vg:
    input: vg_vg/ABOFRAM000709524730_wg.xg
    output: vg_map/ABOFRAM000709524730_3_3.vg
    log: logs/vg/giraffe_chunk_vg_ABOFRAM000709524730_3.log
    jobid: 1134
    reason: Missing output files: vg_map/ABOFRAM000709524730_3_3.vg
    wildcards: sample=ABOFRAM000709524730, chr=3
    resources: mem_mb=11444, mem_mib=7630, disk_mb=9485, disk_mib=9046, tmpdir=<TBD>, slurm_partition=workq, slurm_account=mnaji, mem=12GB, time=28800


        vg chunk -x vg_vg/ABOFRAM000709524730_wg.xg -C -p 3 > vg_map/ABOFRAM000709524730_3_3.vg
        
No wall time information given. This might or might not work on your cluster. If not, specify the resource runtime in your rule or as a reasonable default via --default-resources.
Job 1134 has been submitted with SLURM jobid 11144101 (log: /work/project/CASCAD/mnaji/sm_folder/results/.snakemake/slurm_logs/rule_giraffe_chunk_vg/ABOFRAM000709524730_3/11144101.log).

[Fri Sep 20 08:41:25 2024]
rule giraffe_chunk:
    input: vg_vg/ABOFRAM000709524730_wg.xg, vg_map/ABOFRAM000709524730.gam
    output: vg_map/ABOFRAM000709524730_4_4.gam
    log: logs/vg/giraffe_chunk_ABOFRAM000709524730_4.log
    jobid: 1141
    reason: Missing output files: vg_map/ABOFRAM000709524730_4_4.gam
    wildcards: sample=ABOFRAM000709524730, chr=4
    resources: mem_mb=28610, mem_mib=7630, disk_mb=246756, disk_mib=235325, tmpdir=<TBD>, slurm_partition=workq, slurm_account=mnaji, mem=30GB, time=28800


        vg chunk -x vg_vg/ABOFRAM000709524730_wg.xg -a vg_map/ABOFRAM000709524730.gam -C -p 4 -O pg --prefix vg_map/ABOFRAM000709524730_4 && ls -sh vg_map/ABOFRAM000709524730_4_4.gam
        
No wall time information given. This might or might not work on your cluster. If not, specify the resource runtime in your rule or as a reasonable default via --default-resources.
Job 1141 has been submitted with SLURM jobid 11144102 (log: /work/project/CASCAD/mnaji/sm_folder/results/.snakemake/slurm_logs/rule_giraffe_chunk/ABOFRAM000709524730_4/11144102.log).

[Fri Sep 20 08:41:25 2024]
rule giraffe_chunk_vg:
    input: vg_vg/ABOFRAM007401840180_wg.xg
    output: vg_map/ABOFRAM007401840180_17_17.vg
    log: logs/vg/giraffe_chunk_vg_ABOFRAM007401840180_17.log
    jobid: 1514
    reason: Missing output files: vg_map/ABOFRAM007401840180_17_17.vg
    wildcards: sample=ABOFRAM007401840180, chr=17
    resources: mem_mb=11444, mem_mib=7630, disk_mb=9482, disk_mib=9043, tmpdir=<TBD>, slurm_partition=workq, slurm_account=mnaji, mem=12GB, time=28800


        vg chunk -x vg_vg/ABOFRAM007401840180_wg.xg -C -p 17 > vg_map/ABOFRAM007401840180_17_17.vg
        
No wall time information given. This might or might not work on your cluster. If not, specify the resource runtime in your rule or as a reasonable default via --default-resources.
Job 1514 has been submitted with SLURM jobid 11144103 (log: /work/project/CASCAD/mnaji/sm_folder/results/.snakemake/slurm_logs/rule_giraffe_chunk_vg/ABOFRAM007401840180_17/11144103.log).
Select jobs to execute...
[Fri Sep 20 08:41:34 2024]
Finished job 1382.
38 of 886 steps (4%) done
[Fri Sep 20 08:41:34 2024]
Finished job 1477.
39 of 886 steps (4%) done
[Fri Sep 20 08:41:34 2024]
Finished job 1044.
40 of 886 steps (5%) done
Execute 3 jobs...

[Fri Sep 20 08:41:34 2024]
rule giraffe_chunk:
    input: vg_vg/ABOFRAM000703115255_wg.xg, vg_map/ABOFRAM000703115255.gam
    output: vg_map/ABOFRAM000703115255_6_6.gam
    log: logs/vg/giraffe_chunk_ABOFRAM000703115255_6.log
    jobid: 841
    reason: Missing output files: vg_map/ABOFRAM000703115255_6_6.gam
    wildcards: sample=ABOFRAM000703115255, chr=6
    resources: mem_mb=28610, mem_mib=7630, disk_mb=273960, disk_mib=261269, tmpdir=<TBD>, slurm_partition=workq, slurm_account=mnaji, mem=30GB, time=28800


        vg chunk -x vg_vg/ABOFRAM000703115255_wg.xg -a vg_map/ABOFRAM000703115255.gam -C -p 6 -O pg --prefix vg_map/ABOFRAM000703115255_6 && ls -sh vg_map/ABOFRAM000703115255_6_6.gam
        
No wall time information given. This might or might not work on your cluster. If not, specify the resource runtime in your rule or as a reasonable default via --default-resources.
Job 841 has been submitted with SLURM jobid 11144104 (log: /work/project/CASCAD/mnaji/sm_folder/results/.snakemake/slurm_logs/rule_giraffe_chunk/ABOFRAM000703115255_6/11144104.log).

[Fri Sep 20 08:41:34 2024]
rule giraffe_chunk:
    input: vg_vg/ABOFRAM000707401531_wg.xg, vg_map/ABOFRAM000707401531.gam
    output: vg_map/ABOFRAM000707401531_18_18.gam
    log: logs/vg/giraffe_chunk_ABOFRAM000707401531_18.log
    jobid: 1056
    reason: Missing output files: vg_map/ABOFRAM000707401531_18_18.gam
    wildcards: sample=ABOFRAM000707401531, chr=18
    resources: mem_mb=28610, mem_mib=7630, disk_mb=202240, disk_mib=192872, tmpdir=<TBD>, slurm_partition=workq, slurm_account=mnaji, mem=30GB, time=28800


        vg chunk -x vg_vg/ABOFRAM000707401531_wg.xg -a vg_map/ABOFRAM000707401531.gam -C -p 18 -O pg --prefix vg_map/ABOFRAM000707401531_18 && ls -sh vg_map/ABOFRAM000707401531_18_18.gam
        
No wall time information given. This might or might not work on your cluster. If not, specify the resource runtime in your rule or as a reasonable default via --default-resources.
Job 1056 has been submitted with SLURM jobid 11144105 (log: /work/project/CASCAD/mnaji/sm_folder/results/.snakemake/slurm_logs/rule_giraffe_chunk/ABOFRAM000707401531_18/11144105.log).

[Fri Sep 20 08:41:34 2024]
rule giraffe_snarls:
    input: vg_map/ABOFRAM000707401531_16_16.vg
    output: vg_map/ABOFRAM000707401531_pt16.snarls
    log: logs/vg/giraffe_snarls_ABOFRAM000707401531_16.log
    jobid: 1047
    reason: Missing output files: vg_map/ABOFRAM000707401531_pt16.snarls; Input files updated by another job: vg_map/ABOFRAM000707401531_16_16.vg
    wildcards: sample=ABOFRAM000707401531, chr=16
    resources: mem_mb=11444, mem_mib=954, disk_mb=1000, disk_mib=954, tmpdir=<TBD>, slurm_partition=workq, slurm_account=mnaji, mem=12GB, time=28800


        vg snarls vg_map/ABOFRAM000707401531_16_16.vg > vg_map/ABOFRAM000707401531_pt16.snarls
        
No wall time information given. This might or might not work on your cluster. If not, specify the resource runtime in your rule or as a reasonable default via --default-resources.
Job 1047 has been submitted with SLURM jobid 11144106 (log: /work/project/CASCAD/mnaji/sm_folder/results/.snakemake/slurm_logs/rule_giraffe_snarls/ABOFRAM000707401531_16/11144106.log).
Select jobs to execute...
[Fri Sep 20 08:41:44 2024]
Finished job 1364.
41 of 886 steps (5%) done
[Fri Sep 20 08:41:44 2024]
Finished job 1449.
42 of 886 steps (5%) done
[Fri Sep 20 08:41:44 2024]
Finished job 1569.
43 of 886 steps (5%) done
[Fri Sep 20 08:41:44 2024]
Finished job 842.
44 of 886 steps (5%) done
[Fri Sep 20 08:41:44 2024]
Finished job 1352.
45 of 886 steps (5%) done
[Fri Sep 20 08:41:44 2024]
Finished job 929.
46 of 886 steps (5%) done
Execute 6 jobs...

[Fri Sep 20 08:41:44 2024]
rule giraffe_snarls:
    input: vg_map/ABOFRAM007301868101_18_18.vg
    output: vg_map/ABOFRAM007301868101_pt18.snarls
    log: logs/vg/giraffe_snarls_ABOFRAM007301868101_18.log
    jobid: 1367
    reason: Missing output files: vg_map/ABOFRAM007301868101_pt18.snarls; Input files updated by another job: vg_map/ABOFRAM007301868101_18_18.vg
    wildcards: sample=ABOFRAM007301868101, chr=18
    resources: mem_mb=11444, mem_mib=954, disk_mb=1000, disk_mib=954, tmpdir=<TBD>, slurm_partition=workq, slurm_account=mnaji, mem=12GB, time=28800


        vg snarls vg_map/ABOFRAM007301868101_18_18.vg > vg_map/ABOFRAM007301868101_pt18.snarls
        
No wall time information given. This might or might not work on your cluster. If not, specify the resource runtime in your rule or as a reasonable default via --default-resources.
Job 1367 has been submitted with SLURM jobid 11144107 (log: /work/project/CASCAD/mnaji/sm_folder/results/.snakemake/slurm_logs/rule_giraffe_snarls/ABOFRAM007301868101_18/11144107.log).

[Fri Sep 20 08:41:44 2024]
rule giraffe_snarls:
    input: vg_map/ABOFRAM007401840180_28_28.vg
    output: vg_map/ABOFRAM007401840180_pt28.snarls
    log: logs/vg/giraffe_snarls_ABOFRAM007401840180_28.log
    jobid: 1572
    reason: Missing output files: vg_map/ABOFRAM007401840180_pt28.snarls; Input files updated by another job: vg_map/ABOFRAM007401840180_28_28.vg
    wildcards: sample=ABOFRAM007401840180, chr=28
    resources: mem_mb=11444, mem_mib=954, disk_mb=1000, disk_mib=954, tmpdir=<TBD>, slurm_partition=workq, slurm_account=mnaji, mem=12GB, time=28800


        vg snarls vg_map/ABOFRAM007401840180_28_28.vg > vg_map/ABOFRAM007401840180_pt28.snarls
        
No wall time information given. This might or might not work on your cluster. If not, specify the resource runtime in your rule or as a reasonable default via --default-resources.
Job 1572 has been submitted with SLURM jobid 11144108 (log: /work/project/CASCAD/mnaji/sm_folder/results/.snakemake/slurm_logs/rule_giraffe_snarls/ABOFRAM007401840180_28/11144108.log).

[Fri Sep 20 08:41:44 2024]
rule giraffe_snarls:
    input: vg_map/ABOFRAM007401840180_4_4.vg
    output: vg_map/ABOFRAM007401840180_pt4.snarls
    log: logs/vg/giraffe_snarls_ABOFRAM007401840180_4.log
    jobid: 1452
    reason: Missing output files: vg_map/ABOFRAM007401840180_pt4.snarls; Input files updated by another job: vg_map/ABOFRAM007401840180_4_4.vg
    wildcards: sample=ABOFRAM007401840180, chr=4
    resources: mem_mb=11444, mem_mib=954, disk_mb=1000, disk_mib=954, tmpdir=<TBD>, slurm_partition=workq, slurm_account=mnaji, mem=12GB, time=28800


        vg snarls vg_map/ABOFRAM007401840180_4_4.vg > vg_map/ABOFRAM007401840180_pt4.snarls
        
No wall time information given. This might or might not work on your cluster. If not, specify the resource runtime in your rule or as a reasonable default via --default-resources.
Job 1452 has been submitted with SLURM jobid 11144109 (log: /work/project/CASCAD/mnaji/sm_folder/results/.snakemake/slurm_logs/rule_giraffe_snarls/ABOFRAM007401840180_4/11144109.log).

[Fri Sep 20 08:41:45 2024]
rule giraffe_chunk:
    input: vg_vg/ABOFRAM000709524730_wg.xg, vg_map/ABOFRAM000709524730.gam
    output: vg_map/ABOFRAM000709524730_14_14.gam
    log: logs/vg/giraffe_chunk_ABOFRAM000709524730_14.log
    jobid: 1191
    reason: Missing output files: vg_map/ABOFRAM000709524730_14_14.gam
    wildcards: sample=ABOFRAM000709524730, chr=14
    resources: mem_mb=28610, mem_mib=7630, disk_mb=246756, disk_mib=235325, tmpdir=<TBD>, slurm_partition=workq, slurm_account=mnaji, mem=30GB, time=28800


        vg chunk -x vg_vg/ABOFRAM000709524730_wg.xg -a vg_map/ABOFRAM000709524730.gam -C -p 14 -O pg --prefix vg_map/ABOFRAM000709524730_14 && ls -sh vg_map/ABOFRAM000709524730_14_14.gam
        
No wall time information given. This might or might not work on your cluster. If not, specify the resource runtime in your rule or as a reasonable default via --default-resources.
Job 1191 has been submitted with SLURM jobid 11144110 (log: /work/project/CASCAD/mnaji/sm_folder/results/.snakemake/slurm_logs/rule_giraffe_chunk/ABOFRAM000709524730_14/11144110.log).

[Fri Sep 20 08:41:45 2024]
rule giraffe_snarls:
    input: vg_map/ABOFRAM000703115255_24_24.vg
    output: vg_map/ABOFRAM000703115255_pt24.snarls
    log: logs/vg/giraffe_snarls_ABOFRAM000703115255_24.log
    jobid: 932
    reason: Missing output files: vg_map/ABOFRAM000703115255_pt24.snarls; Input files updated by another job: vg_map/ABOFRAM000703115255_24_24.vg
    wildcards: sample=ABOFRAM000703115255, chr=24
    resources: mem_mb=11444, mem_mib=954, disk_mb=1000, disk_mib=954, tmpdir=<TBD>, slurm_partition=workq, slurm_account=mnaji, mem=12GB, time=28800


        vg snarls vg_map/ABOFRAM000703115255_24_24.vg > vg_map/ABOFRAM000703115255_pt24.snarls
        
No wall time information given. This might or might not work on your cluster. If not, specify the resource runtime in your rule or as a reasonable default via --default-resources.
Job 932 has been submitted with SLURM jobid 11144111 (log: /work/project/CASCAD/mnaji/sm_folder/results/.snakemake/slurm_logs/rule_giraffe_snarls/ABOFRAM000703115255_24/11144111.log).

[Fri Sep 20 08:41:45 2024]
rule giraffe_chunk:
    input: vg_vg/ABOFRAM000703115255_wg.xg, vg_map/ABOFRAM000703115255.gam
    output: vg_map/ABOFRAM000703115255_25_25.gam
    log: logs/vg/giraffe_chunk_ABOFRAM000703115255_25.log
    jobid: 936
    reason: Missing output files: vg_map/ABOFRAM000703115255_25_25.gam
    wildcards: sample=ABOFRAM000703115255, chr=25
    resources: mem_mb=28610, mem_mib=7630, disk_mb=273960, disk_mib=261269, tmpdir=<TBD>, slurm_partition=workq, slurm_account=mnaji, mem=30GB, time=28800


        vg chunk -x vg_vg/ABOFRAM000703115255_wg.xg -a vg_map/ABOFRAM000703115255.gam -C -p 25 -O pg --prefix vg_map/ABOFRAM000703115255_25 && ls -sh vg_map/ABOFRAM000703115255_25_25.gam
        
No wall time information given. This might or might not work on your cluster. If not, specify the resource runtime in your rule or as a reasonable default via --default-resources.
Job 936 has been submitted with SLURM jobid 11144112 (log: /work/project/CASCAD/mnaji/sm_folder/results/.snakemake/slurm_logs/rule_giraffe_chunk/ABOFRAM000703115255_25/11144112.log).
Select jobs to execute...
[Fri Sep 20 08:41:54 2024]
Finished job 979.
47 of 886 steps (5%) done
[Fri Sep 20 08:41:54 2024]
Finished job 1247.
48 of 886 steps (5%) done
[Fri Sep 20 08:41:54 2024]
Finished job 919.
49 of 886 steps (6%) done
Execute 3 jobs...

[Fri Sep 20 08:41:54 2024]
rule giraffe_chunk_vg:
    input: vg_vg/ABOFRAM000703115255_wg.xg
    output: vg_map/ABOFRAM000703115255_12_12.vg
    log: logs/vg/giraffe_chunk_vg_ABOFRAM000703115255_12.log
    jobid: 869
    reason: Missing output files: vg_map/ABOFRAM000703115255_12_12.vg
    wildcards: sample=ABOFRAM000703115255, chr=12
    resources: mem_mb=11444, mem_mib=7630, disk_mb=9484, disk_mib=9045, tmpdir=<TBD>, slurm_partition=workq, slurm_account=mnaji, mem=12GB, time=28800


        vg chunk -x vg_vg/ABOFRAM000703115255_wg.xg -C -p 12 > vg_map/ABOFRAM000703115255_12_12.vg
        
No wall time information given. This might or might not work on your cluster. If not, specify the resource runtime in your rule or as a reasonable default via --default-resources.
Job 869 has been submitted with SLURM jobid 11144113 (log: /work/project/CASCAD/mnaji/sm_folder/results/.snakemake/slurm_logs/rule_giraffe_chunk_vg/ABOFRAM000703115255_12/11144113.log).

[Fri Sep 20 08:41:54 2024]
rule giraffe_snarls:
    input: vg_map/ABOFRAM000703115255_22_22.vg
    output: vg_map/ABOFRAM000703115255_pt22.snarls
    log: logs/vg/giraffe_snarls_ABOFRAM000703115255_22.log
    jobid: 922
    reason: Missing output files: vg_map/ABOFRAM000703115255_pt22.snarls; Input files updated by another job: vg_map/ABOFRAM000703115255_22_22.vg
    wildcards: sample=ABOFRAM000703115255, chr=22
    resources: mem_mb=11444, mem_mib=954, disk_mb=1000, disk_mib=954, tmpdir=<TBD>, slurm_partition=workq, slurm_account=mnaji, mem=12GB, time=28800


        vg snarls vg_map/ABOFRAM000703115255_22_22.vg > vg_map/ABOFRAM000703115255_pt22.snarls
        
No wall time information given. This might or might not work on your cluster. If not, specify the resource runtime in your rule or as a reasonable default via --default-resources.
Job 922 has been submitted with SLURM jobid 11144114 (log: /work/project/CASCAD/mnaji/sm_folder/results/.snakemake/slurm_logs/rule_giraffe_snarls/ABOFRAM000703115255_22/11144114.log).

[Fri Sep 20 08:41:54 2024]
rule giraffe_snarls:
    input: vg_map/ABOFRAM000707401531_3_3.vg
    output: vg_map/ABOFRAM000707401531_pt3.snarls
    log: logs/vg/giraffe_snarls_ABOFRAM000707401531_3.log
    jobid: 982
    reason: Missing output files: vg_map/ABOFRAM000707401531_pt3.snarls; Input files updated by another job: vg_map/ABOFRAM000707401531_3_3.vg
    wildcards: sample=ABOFRAM000707401531, chr=3
    resources: mem_mb=11444, mem_mib=954, disk_mb=1000, disk_mib=954, tmpdir=<TBD>, slurm_partition=workq, slurm_account=mnaji, mem=12GB, time=28800


        vg snarls vg_map/ABOFRAM000707401531_3_3.vg > vg_map/ABOFRAM000707401531_pt3.snarls
        
No wall time information given. This might or might not work on your cluster. If not, specify the resource runtime in your rule or as a reasonable default via --default-resources.
Job 982 has been submitted with SLURM jobid 11144115 (log: /work/project/CASCAD/mnaji/sm_folder/results/.snakemake/slurm_logs/rule_giraffe_snarls/ABOFRAM000707401531_3/11144115.log).
Select jobs to execute...
[Fri Sep 20 08:42:04 2024]
Finished job 1407.
50 of 886 steps (6%) done
[Fri Sep 20 08:42:04 2024]
Finished job 1489.
51 of 886 steps (6%) done
[Fri Sep 20 08:42:04 2024]
Finished job 1134.
52 of 886 steps (6%) done
Execute 3 jobs...

[Fri Sep 20 08:42:04 2024]
rule giraffe_chunk:
    input: vg_vg/ABOFRAM000707401531_wg.xg, vg_map/ABOFRAM000707401531.gam
    output: vg_map/ABOFRAM000707401531_X_X.gam
    log: logs/vg/giraffe_chunk_ABOFRAM000707401531_X.log
    jobid: 1116
    reason: Missing output files: vg_map/ABOFRAM000707401531_X_X.gam
    wildcards: sample=ABOFRAM000707401531, chr=X
    resources: mem_mb=28610, mem_mib=7630, disk_mb=202240, disk_mib=192872, tmpdir=<TBD>, slurm_partition=workq, slurm_account=mnaji, mem=30GB, time=28800


        vg chunk -x vg_vg/ABOFRAM000707401531_wg.xg -a vg_map/ABOFRAM000707401531.gam -C -p X -O pg --prefix vg_map/ABOFRAM000707401531_X && ls -sh vg_map/ABOFRAM000707401531_X_X.gam
        
No wall time information given. This might or might not work on your cluster. If not, specify the resource runtime in your rule or as a reasonable default via --default-resources.
Job 1116 has been submitted with SLURM jobid 11144116 (log: /work/project/CASCAD/mnaji/sm_folder/results/.snakemake/slurm_logs/rule_giraffe_chunk/ABOFRAM000707401531_X/11144116.log).

[Fri Sep 20 08:42:04 2024]
rule giraffe_snarls:
    input: vg_map/ABOFRAM007401840180_12_12.vg
    output: vg_map/ABOFRAM007401840180_pt12.snarls
    log: logs/vg/giraffe_snarls_ABOFRAM007401840180_12.log
    jobid: 1492
    reason: Missing output files: vg_map/ABOFRAM007401840180_pt12.snarls; Input files updated by another job: vg_map/ABOFRAM007401840180_12_12.vg
    wildcards: sample=ABOFRAM007401840180, chr=12
    resources: mem_mb=11444, mem_mib=954, disk_mb=1000, disk_mib=954, tmpdir=<TBD>, slurm_partition=workq, slurm_account=mnaji, mem=12GB, time=28800


        vg snarls vg_map/ABOFRAM007401840180_12_12.vg > vg_map/ABOFRAM007401840180_pt12.snarls
        
No wall time information given. This might or might not work on your cluster. If not, specify the resource runtime in your rule or as a reasonable default via --default-resources.
Job 1492 has been submitted with SLURM jobid 11144117 (log: /work/project/CASCAD/mnaji/sm_folder/results/.snakemake/slurm_logs/rule_giraffe_snarls/ABOFRAM007401840180_12/11144117.log).

[Fri Sep 20 08:42:05 2024]
rule giraffe_snarls:
    input: vg_map/ABOFRAM000709524730_3_3.vg
    output: vg_map/ABOFRAM000709524730_pt3.snarls
    log: logs/vg/giraffe_snarls_ABOFRAM000709524730_3.log
    jobid: 1137
    reason: Missing output files: vg_map/ABOFRAM000709524730_pt3.snarls; Input files updated by another job: vg_map/ABOFRAM000709524730_3_3.vg
    wildcards: sample=ABOFRAM000709524730, chr=3
    resources: mem_mb=11444, mem_mib=954, disk_mb=1000, disk_mib=954, tmpdir=<TBD>, slurm_partition=workq, slurm_account=mnaji, mem=12GB, time=28800


        vg snarls vg_map/ABOFRAM000709524730_3_3.vg > vg_map/ABOFRAM000709524730_pt3.snarls
        
No wall time information given. This might or might not work on your cluster. If not, specify the resource runtime in your rule or as a reasonable default via --default-resources.
Job 1137 has been submitted with SLURM jobid 11144118 (log: /work/project/CASCAD/mnaji/sm_folder/results/.snakemake/slurm_logs/rule_giraffe_snarls/ABOFRAM000709524730_3/11144118.log).
Select jobs to execute...
[Fri Sep 20 08:42:14 2024]
Finished job 1297.
53 of 886 steps (6%) done
[Fri Sep 20 08:42:14 2024]
Finished job 1357.
54 of 886 steps (6%) done
[Fri Sep 20 08:42:14 2024]
Finished job 1307.
55 of 886 steps (6%) done
[Fri Sep 20 08:42:14 2024]
Finished job 1442.
56 of 886 steps (6%) done
[Fri Sep 20 08:42:14 2024]
Finished job 1467.
57 of 886 steps (6%) done
Execute 5 jobs...

[Fri Sep 20 08:42:14 2024]
rule giraffe_chunk_vg:
    input: vg_vg/ABOFRAM000709524730_wg.xg
    output: vg_map/ABOFRAM000709524730_X_X.vg
    log: logs/vg/giraffe_chunk_vg_ABOFRAM000709524730_X.log
    jobid: 1269
    reason: Missing output files: vg_map/ABOFRAM000709524730_X_X.vg
    wildcards: sample=ABOFRAM000709524730, chr=X
    resources: mem_mb=11444, mem_mib=7630, disk_mb=9485, disk_mib=9046, tmpdir=<TBD>, slurm_partition=workq, slurm_account=mnaji, mem=12GB, time=28800


        vg chunk -x vg_vg/ABOFRAM000709524730_wg.xg -C -p X > vg_map/ABOFRAM000709524730_X_X.vg
        
No wall time information given. This might or might not work on your cluster. If not, specify the resource runtime in your rule or as a reasonable default via --default-resources.
Job 1269 has been submitted with SLURM jobid 11144120 (log: /work/project/CASCAD/mnaji/sm_folder/results/.snakemake/slurm_logs/rule_giraffe_chunk_vg/ABOFRAM000709524730_X/11144120.log).

[Fri Sep 20 08:42:14 2024]
rule giraffe_chunk_vg:
    input: vg_vg/ABOFRAM007401840180_wg.xg
    output: vg_map/ABOFRAM007401840180_27_27.vg
    log: logs/vg/giraffe_chunk_vg_ABOFRAM007401840180_27.log
    jobid: 1564
    reason: Missing output files: vg_map/ABOFRAM007401840180_27_27.vg
    wildcards: sample=ABOFRAM007401840180, chr=27
    resources: mem_mb=11444, mem_mib=7630, disk_mb=9482, disk_mib=9043, tmpdir=<TBD>, slurm_partition=workq, slurm_account=mnaji, mem=12GB, time=28800


        vg chunk -x vg_vg/ABOFRAM007401840180_wg.xg -C -p 27 > vg_map/ABOFRAM007401840180_27_27.vg
        
No wall time information given. This might or might not work on your cluster. If not, specify the resource runtime in your rule or as a reasonable default via --default-resources.
Job 1564 has been submitted with SLURM jobid 11144121 (log: /work/project/CASCAD/mnaji/sm_folder/results/.snakemake/slurm_logs/rule_giraffe_chunk_vg/ABOFRAM007401840180_27/11144121.log).

[Fri Sep 20 08:42:15 2024]
rule modified_panel_vcf:
    input: /work/project/CASCAD/mnaji/sm_folder/results/vcf_lr/ABOFRAM000703115255_pbsv.vcf.gz
    output: svtyper/modif_panel1_ABOFRAM000703115255.vcf
    log: logs/svtyper/modified_panel_vcf_ABOFRAM000703115255.log
    jobid: 1752
    reason: Missing output files: svtyper/modif_panel1_ABOFRAM000703115255.vcf
    wildcards: sample=ABOFRAM000703115255
    resources: mem_mb=11444, mem_mib=954, disk_mb=1000, disk_mib=954, tmpdir=<TBD>, slurm_partition=workq, slurm_account=mnaji, mem=12GB, time=28800


        bcftools view /work/project/CASCAD/mnaji/sm_folder/results/vcf_lr/ABOFRAM000703115255_pbsv.vcf.gz | grep '^#' > svtyper/modif_panel1_ABOFRAM000703115255.vcf; 
        bcftools view /work/project/CASCAD/mnaji/sm_folder/results/vcf_lr/ABOFRAM000703115255_pbsv.vcf.gz | grep -v '^#' |  sed 's/SVLEN/CIPOS\=-100,100\;CIEND\=-100,100\;CIPOS95=0,0\;CIEND95=0,0\;SVLEN/g' >> svtyper/modif_panel1_ABOFRAM000703115255.vcf
        
No wall time information given. This might or might not work on your cluster. If not, specify the resource runtime in your rule or as a reasonable default via --default-resources.
Job 1752 has been submitted with SLURM jobid 11144122 (log: /work/project/CASCAD/mnaji/sm_folder/results/.snakemake/slurm_logs/rule_modified_panel_vcf/ABOFRAM000703115255/11144122.log).

[Fri Sep 20 08:42:15 2024]
rule giraffe_chunk_vg:
    input: vg_vg/ABOFRAM000709524730_wg.xg
    output: vg_map/ABOFRAM000709524730_8_8.vg
    log: logs/vg/giraffe_chunk_vg_ABOFRAM000709524730_8.log
    jobid: 1159
    reason: Missing output files: vg_map/ABOFRAM000709524730_8_8.vg
    wildcards: sample=ABOFRAM000709524730, chr=8
    resources: mem_mb=11444, mem_mib=7630, disk_mb=9485, disk_mib=9046, tmpdir=<TBD>, slurm_partition=workq, slurm_account=mnaji, mem=12GB, time=28800


        vg chunk -x vg_vg/ABOFRAM000709524730_wg.xg -C -p 8 > vg_map/ABOFRAM000709524730_8_8.vg
        
No wall time information given. This might or might not work on your cluster. If not, specify the resource runtime in your rule or as a reasonable default via --default-resources.
Job 1159 has been submitted with SLURM jobid 11144123 (log: /work/project/CASCAD/mnaji/sm_folder/results/.snakemake/slurm_logs/rule_giraffe_chunk_vg/ABOFRAM000709524730_8/11144123.log).

[Fri Sep 20 08:42:15 2024]
rule giraffe_chunk_vg:
    input: vg_vg/ABOFRAM000707401531_wg.xg
    output: vg_map/ABOFRAM000707401531_22_22.vg
    log: logs/vg/giraffe_chunk_vg_ABOFRAM000707401531_22.log
    jobid: 1074
    reason: Missing output files: vg_map/ABOFRAM000707401531_22_22.vg
    wildcards: sample=ABOFRAM000707401531, chr=22
    resources: mem_mb=11444, mem_mib=7630, disk_mb=9481, disk_mib=9042, tmpdir=<TBD>, slurm_partition=workq, slurm_account=mnaji, mem=12GB, time=28800


        vg chunk -x vg_vg/ABOFRAM000707401531_wg.xg -C -p 22 > vg_map/ABOFRAM000707401531_22_22.vg
        
No wall time information given. This might or might not work on your cluster. If not, specify the resource runtime in your rule or as a reasonable default via --default-resources.
Job 1074 has been submitted with SLURM jobid 11144124 (log: /work/project/CASCAD/mnaji/sm_folder/results/.snakemake/slurm_logs/rule_giraffe_chunk_vg/ABOFRAM000707401531_22/11144124.log).
Select jobs to execute...
[Fri Sep 20 08:42:44 2024]
Finished job 1049.
58 of 886 steps (7%) done
[Fri Sep 20 08:42:44 2024]
Finished job 1514.
59 of 886 steps (7%) done
[Fri Sep 20 08:42:44 2024]
Finished job 1367.
60 of 886 steps (7%) done
[Fri Sep 20 08:42:44 2024]
Finished job 1572.
61 of 886 steps (7%) done
Execute 4 jobs...

[Fri Sep 20 08:42:44 2024]
rule giraffe_chunk:
    input: vg_vg/ABOFRAM000707401531_wg.xg, vg_map/ABOFRAM000707401531.gam
    output: vg_map/ABOFRAM000707401531_22_22.gam
    log: logs/vg/giraffe_chunk_ABOFRAM000707401531_22.log
    jobid: 1076
    reason: Missing output files: vg_map/ABOFRAM000707401531_22_22.gam
    wildcards: sample=ABOFRAM000707401531, chr=22
    resources: mem_mb=28610, mem_mib=7630, disk_mb=202240, disk_mib=192872, tmpdir=<TBD>, slurm_partition=workq, slurm_account=mnaji, mem=30GB, time=28800


        vg chunk -x vg_vg/ABOFRAM000707401531_wg.xg -a vg_map/ABOFRAM000707401531.gam -C -p 22 -O pg --prefix vg_map/ABOFRAM000707401531_22 && ls -sh vg_map/ABOFRAM000707401531_22_22.gam
        
No wall time information given. This might or might not work on your cluster. If not, specify the resource runtime in your rule or as a reasonable default via --default-resources.
Job 1076 has been submitted with SLURM jobid 11144125 (log: /work/project/CASCAD/mnaji/sm_folder/results/.snakemake/slurm_logs/rule_giraffe_chunk/ABOFRAM000707401531_22/11144125.log).

[Fri Sep 20 08:42:45 2024]
rule giraffe_snarls:
    input: vg_map/ABOFRAM007401840180_17_17.vg
    output: vg_map/ABOFRAM007401840180_pt17.snarls
    log: logs/vg/giraffe_snarls_ABOFRAM007401840180_17.log
    jobid: 1517
    reason: Missing output files: vg_map/ABOFRAM007401840180_pt17.snarls; Input files updated by another job: vg_map/ABOFRAM007401840180_17_17.vg
    wildcards: sample=ABOFRAM007401840180, chr=17
    resources: mem_mb=11444, mem_mib=954, disk_mb=1000, disk_mib=954, tmpdir=<TBD>, slurm_partition=workq, slurm_account=mnaji, mem=12GB, time=28800


        vg snarls vg_map/ABOFRAM007401840180_17_17.vg > vg_map/ABOFRAM007401840180_pt17.snarls
        
No wall time information given. This might or might not work on your cluster. If not, specify the resource runtime in your rule or as a reasonable default via --default-resources.
Job 1517 has been submitted with SLURM jobid 11144126 (log: /work/project/CASCAD/mnaji/sm_folder/results/.snakemake/slurm_logs/rule_giraffe_snarls/ABOFRAM007401840180_17/11144126.log).

[Fri Sep 20 08:42:45 2024]
rule giraffe_snarls:
    input: vg_map/ABOFRAM000707401531_17_17.vg
    output: vg_map/ABOFRAM000707401531_pt17.snarls
    log: logs/vg/giraffe_snarls_ABOFRAM000707401531_17.log
    jobid: 1052
    reason: Missing output files: vg_map/ABOFRAM000707401531_pt17.snarls; Input files updated by another job: vg_map/ABOFRAM000707401531_17_17.vg
    wildcards: sample=ABOFRAM000707401531, chr=17
    resources: mem_mb=11444, mem_mib=954, disk_mb=1000, disk_mib=954, tmpdir=<TBD>, slurm_partition=workq, slurm_account=mnaji, mem=12GB, time=28800


        vg snarls vg_map/ABOFRAM000707401531_17_17.vg > vg_map/ABOFRAM000707401531_pt17.snarls
        
No wall time information given. This might or might not work on your cluster. If not, specify the resource runtime in your rule or as a reasonable default via --default-resources.
Job 1052 has been submitted with SLURM jobid 11144127 (log: /work/project/CASCAD/mnaji/sm_folder/results/.snakemake/slurm_logs/rule_giraffe_snarls/ABOFRAM000707401531_17/11144127.log).

[Fri Sep 20 08:42:45 2024]
rule giraffe_chunk_vg:
    input: vg_vg/ABOFRAM007301868101_wg.xg
    output: vg_map/ABOFRAM007301868101_12_12.vg
    log: logs/vg/giraffe_chunk_vg_ABOFRAM007301868101_12.log
    jobid: 1334
    reason: Missing output files: vg_map/ABOFRAM007301868101_12_12.vg
    wildcards: sample=ABOFRAM007301868101, chr=12
    resources: mem_mb=11444, mem_mib=7630, disk_mb=9481, disk_mib=9042, tmpdir=<TBD>, slurm_partition=workq, slurm_account=mnaji, mem=12GB, time=28800


        vg chunk -x vg_vg/ABOFRAM007301868101_wg.xg -C -p 12 > vg_map/ABOFRAM007301868101_12_12.vg
        
No wall time information given. This might or might not work on your cluster. If not, specify the resource runtime in your rule or as a reasonable default via --default-resources.
Job 1334 has been submitted with SLURM jobid 11144128 (log: /work/project/CASCAD/mnaji/sm_folder/results/.snakemake/slurm_logs/rule_giraffe_chunk_vg/ABOFRAM007301868101_12/11144128.log).
Select jobs to execute...
[Fri Sep 20 08:42:54 2024]
Finished job 934.
62 of 886 steps (7%) done
[Fri Sep 20 08:42:54 2024]
Finished job 1479.
63 of 886 steps (7%) done
[Fri Sep 20 08:42:54 2024]
Finished job 869.
64 of 886 steps (7%) done
[Fri Sep 20 08:42:54 2024]
Finished job 1564.
65 of 886 steps (7%) done
[Fri Sep 20 08:42:54 2024]
Finished job 1752.
66 of 886 steps (7%) done
[Fri Sep 20 08:42:54 2024]
Finished job 1074.
67 of 886 steps (8%) done
Execute 6 jobs...

[Fri Sep 20 08:42:55 2024]
rule giraffe_snarls:
    input: vg_map/ABOFRAM007401840180_10_10.vg
    output: vg_map/ABOFRAM007401840180_pt10.snarls
    log: logs/vg/giraffe_snarls_ABOFRAM007401840180_10.log
    jobid: 1482
    reason: Missing output files: vg_map/ABOFRAM007401840180_pt10.snarls; Input files updated by another job: vg_map/ABOFRAM007401840180_10_10.vg
    wildcards: sample=ABOFRAM007401840180, chr=10
    resources: mem_mb=11444, mem_mib=954, disk_mb=1000, disk_mib=954, tmpdir=<TBD>, slurm_partition=workq, slurm_account=mnaji, mem=12GB, time=28800


        vg snarls vg_map/ABOFRAM007401840180_10_10.vg > vg_map/ABOFRAM007401840180_pt10.snarls
        
No wall time information given. This might or might not work on your cluster. If not, specify the resource runtime in your rule or as a reasonable default via --default-resources.
Job 1482 has been submitted with SLURM jobid 11144129 (log: /work/project/CASCAD/mnaji/sm_folder/results/.snakemake/slurm_logs/rule_giraffe_snarls/ABOFRAM007401840180_10/11144129.log).

[Fri Sep 20 08:42:55 2024]
rule giraffe_snarls:
    input: vg_map/ABOFRAM000703115255_12_12.vg
    output: vg_map/ABOFRAM000703115255_pt12.snarls
    log: logs/vg/giraffe_snarls_ABOFRAM000703115255_12.log
    jobid: 872
    reason: Missing output files: vg_map/ABOFRAM000703115255_pt12.snarls; Input files updated by another job: vg_map/ABOFRAM000703115255_12_12.vg
    wildcards: sample=ABOFRAM000703115255, chr=12
    resources: mem_mb=11444, mem_mib=954, disk_mb=1000, disk_mib=954, tmpdir=<TBD>, slurm_partition=workq, slurm_account=mnaji, mem=12GB, time=28800


        vg snarls vg_map/ABOFRAM000703115255_12_12.vg > vg_map/ABOFRAM000703115255_pt12.snarls
        
No wall time information given. This might or might not work on your cluster. If not, specify the resource runtime in your rule or as a reasonable default via --default-resources.
Job 872 has been submitted with SLURM jobid 11144130 (log: /work/project/CASCAD/mnaji/sm_folder/results/.snakemake/slurm_logs/rule_giraffe_snarls/ABOFRAM000703115255_12/11144130.log).

[Fri Sep 20 08:42:55 2024]
rule giraffe_snarls:
    input: vg_map/ABOFRAM000703115255_25_25.vg
    output: vg_map/ABOFRAM000703115255_pt25.snarls
    log: logs/vg/giraffe_snarls_ABOFRAM000703115255_25.log
    jobid: 937
    reason: Missing output files: vg_map/ABOFRAM000703115255_pt25.snarls; Input files updated by another job: vg_map/ABOFRAM000703115255_25_25.vg
    wildcards: sample=ABOFRAM000703115255, chr=25
    resources: mem_mb=11444, mem_mib=954, disk_mb=1000, disk_mib=954, tmpdir=<TBD>, slurm_partition=workq, slurm_account=mnaji, mem=12GB, time=28800


        vg snarls vg_map/ABOFRAM000703115255_25_25.vg > vg_map/ABOFRAM000703115255_pt25.snarls
        
No wall time information given. This might or might not work on your cluster. If not, specify the resource runtime in your rule or as a reasonable default via --default-resources.
Job 937 has been submitted with SLURM jobid 11144131 (log: /work/project/CASCAD/mnaji/sm_folder/results/.snakemake/slurm_logs/rule_giraffe_snarls/ABOFRAM000703115255_25/11144131.log).

[Fri Sep 20 08:42:55 2024]
rule giraffe_snarls:
    input: vg_map/ABOFRAM007401840180_27_27.vg
    output: vg_map/ABOFRAM007401840180_pt27.snarls
    log: logs/vg/giraffe_snarls_ABOFRAM007401840180_27.log
    jobid: 1567
    reason: Missing output files: vg_map/ABOFRAM007401840180_pt27.snarls; Input files updated by another job: vg_map/ABOFRAM007401840180_27_27.vg
    wildcards: sample=ABOFRAM007401840180, chr=27
    resources: mem_mb=11444, mem_mib=954, disk_mb=1000, disk_mib=954, tmpdir=<TBD>, slurm_partition=workq, slurm_account=mnaji, mem=12GB, time=28800


        vg snarls vg_map/ABOFRAM007401840180_27_27.vg > vg_map/ABOFRAM007401840180_pt27.snarls
        
No wall time information given. This might or might not work on your cluster. If not, specify the resource runtime in your rule or as a reasonable default via --default-resources.
Job 1567 has been submitted with SLURM jobid 11144132 (log: /work/project/CASCAD/mnaji/sm_folder/results/.snakemake/slurm_logs/rule_giraffe_snarls/ABOFRAM007401840180_27/11144132.log).

[Fri Sep 20 08:42:55 2024]
rule giraffe_snarls:
    input: vg_map/ABOFRAM000707401531_22_22.vg
    output: vg_map/ABOFRAM000707401531_pt22.snarls
    log: logs/vg/giraffe_snarls_ABOFRAM000707401531_22.log
    jobid: 1077
    reason: Missing output files: vg_map/ABOFRAM000707401531_pt22.snarls; Input files updated by another job: vg_map/ABOFRAM000707401531_22_22.vg
    wildcards: sample=ABOFRAM000707401531, chr=22
    resources: mem_mb=11444, mem_mib=954, disk_mb=1000, disk_mib=954, tmpdir=<TBD>, slurm_partition=workq, slurm_account=mnaji, mem=12GB, time=28800


        vg snarls vg_map/ABOFRAM000707401531_22_22.vg > vg_map/ABOFRAM000707401531_pt22.snarls
        
No wall time information given. This might or might not work on your cluster. If not, specify the resource runtime in your rule or as a reasonable default via --default-resources.
Job 1077 has been submitted with SLURM jobid 11144133 (log: /work/project/CASCAD/mnaji/sm_folder/results/.snakemake/slurm_logs/rule_giraffe_snarls/ABOFRAM000707401531_22/11144133.log).

[Fri Sep 20 08:42:55 2024]
rule giraffe_chunk_vg:
    input: vg_vg/ABOFRAM007401840180_wg.xg
    output: vg_map/ABOFRAM007401840180_20_20.vg
    log: logs/vg/giraffe_chunk_vg_ABOFRAM007401840180_20.log
    jobid: 1529
    reason: Missing output files: vg_map/ABOFRAM007401840180_20_20.vg
    wildcards: sample=ABOFRAM007401840180, chr=20
    resources: mem_mb=11444, mem_mib=7630, disk_mb=9482, disk_mib=9043, tmpdir=<TBD>, slurm_partition=workq, slurm_account=mnaji, mem=12GB, time=28800


        vg chunk -x vg_vg/ABOFRAM007401840180_wg.xg -C -p 20 > vg_map/ABOFRAM007401840180_20_20.vg
        
No wall time information given. This might or might not work on your cluster. If not, specify the resource runtime in your rule or as a reasonable default via --default-resources.
Job 1529 has been submitted with SLURM jobid 11144134 (log: /work/project/CASCAD/mnaji/sm_folder/results/.snakemake/slurm_logs/rule_giraffe_chunk_vg/ABOFRAM007401840180_20/11144134.log).
Select jobs to execute...
[Fri Sep 20 08:43:04 2024]
Finished job 1219.
68 of 886 steps (8%) done
[Fri Sep 20 08:43:04 2024]
Finished job 1047.
69 of 886 steps (8%) done
Execute 2 jobs...

[Fri Sep 20 08:43:05 2024]
rule giraffe_chunk:
    input: vg_vg/ABOFRAM000703115255_wg.xg, vg_map/ABOFRAM000703115255.gam
    output: vg_map/ABOFRAM000703115255_14_14.gam
    log: logs/vg/giraffe_chunk_ABOFRAM000703115255_14.log
    jobid: 881
    reason: Missing output files: vg_map/ABOFRAM000703115255_14_14.gam
    wildcards: sample=ABOFRAM000703115255, chr=14
    resources: mem_mb=28610, mem_mib=7630, disk_mb=273960, disk_mib=261269, tmpdir=<TBD>, slurm_partition=workq, slurm_account=mnaji, mem=30GB, time=28800


        vg chunk -x vg_vg/ABOFRAM000703115255_wg.xg -a vg_map/ABOFRAM000703115255.gam -C -p 14 -O pg --prefix vg_map/ABOFRAM000703115255_14 && ls -sh vg_map/ABOFRAM000703115255_14_14.gam
        
No wall time information given. This might or might not work on your cluster. If not, specify the resource runtime in your rule or as a reasonable default via --default-resources.
Job 881 has been submitted with SLURM jobid 11144135 (log: /work/project/CASCAD/mnaji/sm_folder/results/.snakemake/slurm_logs/rule_giraffe_chunk/ABOFRAM000703115255_14/11144135.log).

[Fri Sep 20 08:43:05 2024]
rule giraffe_snarls:
    input: vg_map/ABOFRAM000709524730_20_20.vg
    output: vg_map/ABOFRAM000709524730_pt20.snarls
    log: logs/vg/giraffe_snarls_ABOFRAM000709524730_20.log
    jobid: 1222
    reason: Missing output files: vg_map/ABOFRAM000709524730_pt20.snarls; Input files updated by another job: vg_map/ABOFRAM000709524730_20_20.vg
    wildcards: sample=ABOFRAM000709524730, chr=20
    resources: mem_mb=11444, mem_mib=954, disk_mb=1000, disk_mib=954, tmpdir=<TBD>, slurm_partition=workq, slurm_account=mnaji, mem=12GB, time=28800


        vg snarls vg_map/ABOFRAM000709524730_20_20.vg > vg_map/ABOFRAM000709524730_pt20.snarls
        
No wall time information given. This might or might not work on your cluster. If not, specify the resource runtime in your rule or as a reasonable default via --default-resources.
Job 1222 has been submitted with SLURM jobid 11144136 (log: /work/project/CASCAD/mnaji/sm_folder/results/.snakemake/slurm_logs/rule_giraffe_snarls/ABOFRAM000709524730_20/11144136.log).
Select jobs to execute...
[Fri Sep 20 08:43:15 2024]
Finished job 1494.
70 of 886 steps (8%) done
[Fri Sep 20 08:43:15 2024]
Finished job 1544.
71 of 886 steps (8%) done
[Fri Sep 20 08:43:15 2024]
Finished job 884.
72 of 886 steps (8%) done
[Fri Sep 20 08:43:15 2024]
Finished job 849.
73 of 886 steps (8%) done
[Fri Sep 20 08:43:15 2024]
Finished job 864.
74 of 886 steps (8%) done
[Fri Sep 20 08:43:15 2024]
Finished job 984.
75 of 886 steps (8%) done
[Fri Sep 20 08:43:15 2024]
Finished job 1009.
76 of 886 steps (9%) done
[Fri Sep 20 08:43:15 2024]
Finished job 1484.
77 of 886 steps (9%) done
[Fri Sep 20 08:43:15 2024]
Finished job 1004.
78 of 886 steps (9%) done
[Fri Sep 20 08:43:15 2024]
Finished job 1452.
79 of 886 steps (9%) done
[Fri Sep 20 08:43:15 2024]
Finished job 1269.
80 of 886 steps (9%) done
[Fri Sep 20 08:43:15 2024]
Finished job 1159.
81 of 886 steps (9%) done
Execute 12 jobs...

[Fri Sep 20 08:43:15 2024]
rule giraffe_snarls:
    input: vg_map/ABOFRAM000703115255_11_11.vg
    output: vg_map/ABOFRAM000703115255_pt11.snarls
    log: logs/vg/giraffe_snarls_ABOFRAM000703115255_11.log
    jobid: 867
    reason: Missing output files: vg_map/ABOFRAM000703115255_pt11.snarls; Input files updated by another job: vg_map/ABOFRAM000703115255_11_11.vg
    wildcards: sample=ABOFRAM000703115255, chr=11
    resources: mem_mb=11444, mem_mib=954, disk_mb=1000, disk_mib=954, tmpdir=<TBD>, slurm_partition=workq, slurm_account=mnaji, mem=12GB, time=28800


        vg snarls vg_map/ABOFRAM000703115255_11_11.vg > vg_map/ABOFRAM000703115255_pt11.snarls
        
No wall time information given. This might or might not work on your cluster. If not, specify the resource runtime in your rule or as a reasonable default via --default-resources.
Job 867 has been submitted with SLURM jobid 11144137 (log: /work/project/CASCAD/mnaji/sm_folder/results/.snakemake/slurm_logs/rule_giraffe_snarls/ABOFRAM000703115255_11/11144137.log).

[Fri Sep 20 08:43:15 2024]
rule giraffe_snarls:
    input: vg_map/ABOFRAM000707401531_8_8.vg
    output: vg_map/ABOFRAM000707401531_pt8.snarls
    log: logs/vg/giraffe_snarls_ABOFRAM000707401531_8.log
    jobid: 1007
    reason: Missing output files: vg_map/ABOFRAM000707401531_pt8.snarls; Input files updated by another job: vg_map/ABOFRAM000707401531_8_8.vg
    wildcards: sample=ABOFRAM000707401531, chr=8
    resources: mem_mb=11444, mem_mib=954, disk_mb=1000, disk_mib=954, tmpdir=<TBD>, slurm_partition=workq, slurm_account=mnaji, mem=12GB, time=28800


        vg snarls vg_map/ABOFRAM000707401531_8_8.vg > vg_map/ABOFRAM000707401531_pt8.snarls
        
No wall time information given. This might or might not work on your cluster. If not, specify the resource runtime in your rule or as a reasonable default via --default-resources.
Job 1007 has been submitted with SLURM jobid 11144138 (log: /work/project/CASCAD/mnaji/sm_folder/results/.snakemake/slurm_logs/rule_giraffe_snarls/ABOFRAM000707401531_8/11144138.log).

[Fri Sep 20 08:43:15 2024]
rule giraffe_snarls:
    input: vg_map/ABOFRAM000707401531_9_9.vg
    output: vg_map/ABOFRAM000707401531_pt9.snarls
    log: logs/vg/giraffe_snarls_ABOFRAM000707401531_9.log
    jobid: 1012
    reason: Missing output files: vg_map/ABOFRAM000707401531_pt9.snarls; Input files updated by another job: vg_map/ABOFRAM000707401531_9_9.vg
    wildcards: sample=ABOFRAM000707401531, chr=9
    resources: mem_mb=11444, mem_mib=954, disk_mb=1000, disk_mib=954, tmpdir=<TBD>, slurm_partition=workq, slurm_account=mnaji, mem=12GB, time=28800


        vg snarls vg_map/ABOFRAM000707401531_9_9.vg > vg_map/ABOFRAM000707401531_pt9.snarls
        
No wall time information given. This might or might not work on your cluster. If not, specify the resource runtime in your rule or as a reasonable default via --default-resources.
Job 1012 has been submitted with SLURM jobid 11144139 (log: /work/project/CASCAD/mnaji/sm_folder/results/.snakemake/slurm_logs/rule_giraffe_snarls/ABOFRAM000707401531_9/11144139.log).

[Fri Sep 20 08:43:15 2024]
rule giraffe_snarls:
    input: vg_map/ABOFRAM007401840180_11_11.vg
    output: vg_map/ABOFRAM007401840180_pt11.snarls
    log: logs/vg/giraffe_snarls_ABOFRAM007401840180_11.log
    jobid: 1487
    reason: Missing output files: vg_map/ABOFRAM007401840180_pt11.snarls; Input files updated by another job: vg_map/ABOFRAM007401840180_11_11.vg
    wildcards: sample=ABOFRAM007401840180, chr=11
    resources: mem_mb=11444, mem_mib=954, disk_mb=1000, disk_mib=954, tmpdir=<TBD>, slurm_partition=workq, slurm_account=mnaji, mem=12GB, time=28800


        vg snarls vg_map/ABOFRAM007401840180_11_11.vg > vg_map/ABOFRAM007401840180_pt11.snarls
        
No wall time information given. This might or might not work on your cluster. If not, specify the resource runtime in your rule or as a reasonable default via --default-resources.
Job 1487 has been submitted with SLURM jobid 11144140 (log: /work/project/CASCAD/mnaji/sm_folder/results/.snakemake/slurm_logs/rule_giraffe_snarls/ABOFRAM007401840180_11/11144140.log).

[Fri Sep 20 08:43:16 2024]
rule giraffe_snarls:
    input: vg_map/ABOFRAM007401840180_13_13.vg
    output: vg_map/ABOFRAM007401840180_pt13.snarls
    log: logs/vg/giraffe_snarls_ABOFRAM007401840180_13.log
    jobid: 1497
    reason: Missing output files: vg_map/ABOFRAM007401840180_pt13.snarls; Input files updated by another job: vg_map/ABOFRAM007401840180_13_13.vg
    wildcards: sample=ABOFRAM007401840180, chr=13
    resources: mem_mb=11444, mem_mib=954, disk_mb=1000, disk_mib=954, tmpdir=<TBD>, slurm_partition=workq, slurm_account=mnaji, mem=12GB, time=28800


        vg snarls vg_map/ABOFRAM007401840180_13_13.vg > vg_map/ABOFRAM007401840180_pt13.snarls
        
No wall time information given. This might or might not work on your cluster. If not, specify the resource runtime in your rule or as a reasonable default via --default-resources.
Job 1497 has been submitted with SLURM jobid 11144141 (log: /work/project/CASCAD/mnaji/sm_folder/results/.snakemake/slurm_logs/rule_giraffe_snarls/ABOFRAM007401840180_13/11144141.log).

[Fri Sep 20 08:43:16 2024]
rule giraffe_snarls:
    input: vg_map/ABOFRAM000709524730_X_X.vg
    output: vg_map/ABOFRAM000709524730_ptX.snarls
    log: logs/vg/giraffe_snarls_ABOFRAM000709524730_X.log
    jobid: 1272
    reason: Missing output files: vg_map/ABOFRAM000709524730_ptX.snarls; Input files updated by another job: vg_map/ABOFRAM000709524730_X_X.vg
    wildcards: sample=ABOFRAM000709524730, chr=X
    resources: mem_mb=11444, mem_mib=954, disk_mb=1000, disk_mib=954, tmpdir=<TBD>, slurm_partition=workq, slurm_account=mnaji, mem=12GB, time=28800


        vg snarls vg_map/ABOFRAM000709524730_X_X.vg > vg_map/ABOFRAM000709524730_ptX.snarls
        
No wall time information given. This might or might not work on your cluster. If not, specify the resource runtime in your rule or as a reasonable default via --default-resources.
Job 1272 has been submitted with SLURM jobid 11144142 (log: /work/project/CASCAD/mnaji/sm_folder/results/.snakemake/slurm_logs/rule_giraffe_snarls/ABOFRAM000709524730_X/11144142.log).

[Fri Sep 20 08:43:16 2024]
rule giraffe_snarls:
    input: vg_map/ABOFRAM000703115255_15_15.vg
    output: vg_map/ABOFRAM000703115255_pt15.snarls
    log: logs/vg/giraffe_snarls_ABOFRAM000703115255_15.log
    jobid: 887
    reason: Missing output files: vg_map/ABOFRAM000703115255_pt15.snarls; Input files updated by another job: vg_map/ABOFRAM000703115255_15_15.vg
    wildcards: sample=ABOFRAM000703115255, chr=15
    resources: mem_mb=11444, mem_mib=954, disk_mb=1000, disk_mib=954, tmpdir=<TBD>, slurm_partition=workq, slurm_account=mnaji, mem=12GB, time=28800


        vg snarls vg_map/ABOFRAM000703115255_15_15.vg > vg_map/ABOFRAM000703115255_pt15.snarls
        
No wall time information given. This might or might not work on your cluster. If not, specify the resource runtime in your rule or as a reasonable default via --default-resources.
Job 887 has been submitted with SLURM jobid 11144143 (log: /work/project/CASCAD/mnaji/sm_folder/results/.snakemake/slurm_logs/rule_giraffe_snarls/ABOFRAM000703115255_15/11144143.log).

[Fri Sep 20 08:43:16 2024]
rule giraffe_snarls:
    input: vg_map/ABOFRAM007401840180_23_23.vg
    output: vg_map/ABOFRAM007401840180_pt23.snarls
    log: logs/vg/giraffe_snarls_ABOFRAM007401840180_23.log
    jobid: 1547
    reason: Missing output files: vg_map/ABOFRAM007401840180_pt23.snarls; Input files updated by another job: vg_map/ABOFRAM007401840180_23_23.vg
    wildcards: sample=ABOFRAM007401840180, chr=23
    resources: mem_mb=11444, mem_mib=954, disk_mb=1000, disk_mib=954, tmpdir=<TBD>, slurm_partition=workq, slurm_account=mnaji, mem=12GB, time=28800


        vg snarls vg_map/ABOFRAM007401840180_23_23.vg > vg_map/ABOFRAM007401840180_pt23.snarls
        
No wall time information given. This might or might not work on your cluster. If not, specify the resource runtime in your rule or as a reasonable default via --default-resources.
Job 1547 has been submitted with SLURM jobid 11144144 (log: /work/project/CASCAD/mnaji/sm_folder/results/.snakemake/slurm_logs/rule_giraffe_snarls/ABOFRAM007401840180_23/11144144.log).

[Fri Sep 20 08:43:16 2024]
rule giraffe_snarls:
    input: vg_map/ABOFRAM000703115255_8_8.vg
    output: vg_map/ABOFRAM000703115255_pt8.snarls
    log: logs/vg/giraffe_snarls_ABOFRAM000703115255_8.log
    jobid: 852
    reason: Missing output files: vg_map/ABOFRAM000703115255_pt8.snarls; Input files updated by another job: vg_map/ABOFRAM000703115255_8_8.vg
    wildcards: sample=ABOFRAM000703115255, chr=8
    resources: mem_mb=11444, mem_mib=954, disk_mb=1000, disk_mib=954, tmpdir=<TBD>, slurm_partition=workq, slurm_account=mnaji, mem=12GB, time=28800


        vg snarls vg_map/ABOFRAM000703115255_8_8.vg > vg_map/ABOFRAM000703115255_pt8.snarls
        
No wall time information given. This might or might not work on your cluster. If not, specify the resource runtime in your rule or as a reasonable default via --default-resources.
Job 852 has been submitted with SLURM jobid 11144145 (log: /work/project/CASCAD/mnaji/sm_folder/results/.snakemake/slurm_logs/rule_giraffe_snarls/ABOFRAM000703115255_8/11144145.log).

[Fri Sep 20 08:43:16 2024]
rule giraffe_snarls:
    input: vg_map/ABOFRAM000707401531_4_4.vg
    output: vg_map/ABOFRAM000707401531_pt4.snarls
    log: logs/vg/giraffe_snarls_ABOFRAM000707401531_4.log
    jobid: 987
    reason: Missing output files: vg_map/ABOFRAM000707401531_pt4.snarls; Input files updated by another job: vg_map/ABOFRAM000707401531_4_4.vg
    wildcards: sample=ABOFRAM000707401531, chr=4
    resources: mem_mb=11444, mem_mib=954, disk_mb=1000, disk_mib=954, tmpdir=<TBD>, slurm_partition=workq, slurm_account=mnaji, mem=12GB, time=28800


        vg snarls vg_map/ABOFRAM000707401531_4_4.vg > vg_map/ABOFRAM000707401531_pt4.snarls
        
No wall time information given. This might or might not work on your cluster. If not, specify the resource runtime in your rule or as a reasonable default via --default-resources.
Job 987 has been submitted with SLURM jobid 11144146 (log: /work/project/CASCAD/mnaji/sm_folder/results/.snakemake/slurm_logs/rule_giraffe_snarls/ABOFRAM000707401531_4/11144146.log).

[Fri Sep 20 08:43:17 2024]
rule giraffe_snarls:
    input: vg_map/ABOFRAM000709524730_8_8.vg
    output: vg_map/ABOFRAM000709524730_pt8.snarls
    log: logs/vg/giraffe_snarls_ABOFRAM000709524730_8.log
    jobid: 1162
    reason: Missing output files: vg_map/ABOFRAM000709524730_pt8.snarls; Input files updated by another job: vg_map/ABOFRAM000709524730_8_8.vg
    wildcards: sample=ABOFRAM000709524730, chr=8
    resources: mem_mb=11444, mem_mib=954, disk_mb=1000, disk_mib=954, tmpdir=<TBD>, slurm_partition=workq, slurm_account=mnaji, mem=12GB, time=28800


        vg snarls vg_map/ABOFRAM000709524730_8_8.vg > vg_map/ABOFRAM000709524730_pt8.snarls
        
No wall time information given. This might or might not work on your cluster. If not, specify the resource runtime in your rule or as a reasonable default via --default-resources.
Job 1162 has been submitted with SLURM jobid 11144147 (log: /work/project/CASCAD/mnaji/sm_folder/results/.snakemake/slurm_logs/rule_giraffe_snarls/ABOFRAM000709524730_8/11144147.log).

[Fri Sep 20 08:43:17 2024]
rule giraffe_chunk:
    input: vg_vg/ABOFRAM000707401531_wg.xg, vg_map/ABOFRAM000707401531.gam
    output: vg_map/ABOFRAM000707401531_21_21.gam
    log: logs/vg/giraffe_chunk_ABOFRAM000707401531_21.log
    jobid: 1071
    reason: Missing output files: vg_map/ABOFRAM000707401531_21_21.gam
    wildcards: sample=ABOFRAM000707401531, chr=21
    resources: mem_mb=28610, mem_mib=7630, disk_mb=202240, disk_mib=192872, tmpdir=<TBD>, slurm_partition=workq, slurm_account=mnaji, mem=30GB, time=28800


        vg chunk -x vg_vg/ABOFRAM000707401531_wg.xg -a vg_map/ABOFRAM000707401531.gam -C -p 21 -O pg --prefix vg_map/ABOFRAM000707401531_21 && ls -sh vg_map/ABOFRAM000707401531_21_21.gam
        
No wall time information given. This might or might not work on your cluster. If not, specify the resource runtime in your rule or as a reasonable default via --default-resources.
Job 1071 has been submitted with SLURM jobid 11144148 (log: /work/project/CASCAD/mnaji/sm_folder/results/.snakemake/slurm_logs/rule_giraffe_chunk/ABOFRAM000707401531_21/11144148.log).
Select jobs to execute...
[Fri Sep 20 08:43:25 2024]
Finished job 909.
82 of 886 steps (9%) done
[Fri Sep 20 08:43:25 2024]
Finished job 889.
83 of 886 steps (9%) done
Execute 2 jobs...

[Fri Sep 20 08:43:25 2024]
rule giraffe_snarls:
    input: vg_map/ABOFRAM000703115255_16_16.vg
    output: vg_map/ABOFRAM000703115255_pt16.snarls
    log: logs/vg/giraffe_snarls_ABOFRAM000703115255_16.log
    jobid: 892
    reason: Missing output files: vg_map/ABOFRAM000703115255_pt16.snarls; Input files updated by another job: vg_map/ABOFRAM000703115255_16_16.vg
    wildcards: sample=ABOFRAM000703115255, chr=16
    resources: mem_mb=11444, mem_mib=954, disk_mb=1000, disk_mib=954, tmpdir=<TBD>, slurm_partition=workq, slurm_account=mnaji, mem=12GB, time=28800


        vg snarls vg_map/ABOFRAM000703115255_16_16.vg > vg_map/ABOFRAM000703115255_pt16.snarls
        
No wall time information given. This might or might not work on your cluster. If not, specify the resource runtime in your rule or as a reasonable default via --default-resources.
Job 892 has been submitted with SLURM jobid 11144149 (log: /work/project/CASCAD/mnaji/sm_folder/results/.snakemake/slurm_logs/rule_giraffe_snarls/ABOFRAM000703115255_16/11144149.log).

[Fri Sep 20 08:43:25 2024]
rule giraffe_snarls:
    input: vg_map/ABOFRAM000703115255_20_20.vg
    output: vg_map/ABOFRAM000703115255_pt20.snarls
    log: logs/vg/giraffe_snarls_ABOFRAM000703115255_20.log
    jobid: 912
    reason: Missing output files: vg_map/ABOFRAM000703115255_pt20.snarls; Input files updated by another job: vg_map/ABOFRAM000703115255_20_20.vg
    wildcards: sample=ABOFRAM000703115255, chr=20
    resources: mem_mb=11444, mem_mib=954, disk_mb=1000, disk_mib=954, tmpdir=<TBD>, slurm_partition=workq, slurm_account=mnaji, mem=12GB, time=28800


        vg snarls vg_map/ABOFRAM000703115255_20_20.vg > vg_map/ABOFRAM000703115255_pt20.snarls
        
No wall time information given. This might or might not work on your cluster. If not, specify the resource runtime in your rule or as a reasonable default via --default-resources.
Job 912 has been submitted with SLURM jobid 11144150 (log: /work/project/CASCAD/mnaji/sm_folder/results/.snakemake/slurm_logs/rule_giraffe_snarls/ABOFRAM000703115255_20/11144150.log).
Select jobs to execute...
[Fri Sep 20 08:43:35 2024]
Finished job 932.
84 of 886 steps (9%) done
[Fri Sep 20 08:43:35 2024]
Finished job 1334.
85 of 886 steps (10%) done
Execute 2 jobs...

[Fri Sep 20 08:43:35 2024]
rule giraffe_chunk:
    input: vg_vg/ABOFRAM000703115255_wg.xg, vg_map/ABOFRAM000703115255.gam
    output: vg_map/ABOFRAM000703115255_27_27.gam
    log: logs/vg/giraffe_chunk_ABOFRAM000703115255_27.log
    jobid: 946
    reason: Missing output files: vg_map/ABOFRAM000703115255_27_27.gam
    wildcards: sample=ABOFRAM000703115255, chr=27
    resources: mem_mb=28610, mem_mib=7630, disk_mb=273960, disk_mib=261269, tmpdir=<TBD>, slurm_partition=workq, slurm_account=mnaji, mem=30GB, time=28800


        vg chunk -x vg_vg/ABOFRAM000703115255_wg.xg -a vg_map/ABOFRAM000703115255.gam -C -p 27 -O pg --prefix vg_map/ABOFRAM000703115255_27 && ls -sh vg_map/ABOFRAM000703115255_27_27.gam
        
No wall time information given. This might or might not work on your cluster. If not, specify the resource runtime in your rule or as a reasonable default via --default-resources.
Job 946 has been submitted with SLURM jobid 11144151 (log: /work/project/CASCAD/mnaji/sm_folder/results/.snakemake/slurm_logs/rule_giraffe_chunk/ABOFRAM000703115255_27/11144151.log).

[Fri Sep 20 08:43:35 2024]
rule giraffe_snarls:
    input: vg_map/ABOFRAM007301868101_12_12.vg
    output: vg_map/ABOFRAM007301868101_pt12.snarls
    log: logs/vg/giraffe_snarls_ABOFRAM007301868101_12.log
    jobid: 1337
    reason: Missing output files: vg_map/ABOFRAM007301868101_pt12.snarls; Input files updated by another job: vg_map/ABOFRAM007301868101_12_12.vg
    wildcards: sample=ABOFRAM007301868101, chr=12
    resources: mem_mb=11444, mem_mib=954, disk_mb=1000, disk_mib=954, tmpdir=<TBD>, slurm_partition=workq, slurm_account=mnaji, mem=12GB, time=28800


        vg snarls vg_map/ABOFRAM007301868101_12_12.vg > vg_map/ABOFRAM007301868101_pt12.snarls
        
No wall time information given. This might or might not work on your cluster. If not, specify the resource runtime in your rule or as a reasonable default via --default-resources.
Job 1337 has been submitted with SLURM jobid 11144152 (log: /work/project/CASCAD/mnaji/sm_folder/results/.snakemake/slurm_logs/rule_giraffe_snarls/ABOFRAM007301868101_12/11144152.log).
Select jobs to execute...
[Fri Sep 20 08:43:45 2024]
Finished job 859.
86 of 886 steps (10%) done
[Fri Sep 20 08:43:45 2024]
Finished job 824.
87 of 886 steps (10%) done
[Fri Sep 20 08:43:45 2024]
Finished job 1289.
88 of 886 steps (10%) done
[Fri Sep 20 08:43:45 2024]
Finished job 1034.
89 of 886 steps (10%) done
[Fri Sep 20 08:43:45 2024]
Finished job 1492.
90 of 886 steps (10%) done
[Fri Sep 20 08:43:45 2024]
Finished job 1137.
91 of 886 steps (10%) done
[Fri Sep 20 08:43:45 2024]
Finished job 1517.
92 of 886 steps (10%) done
[Fri Sep 20 08:43:45 2024]
Finished job 937.
93 of 886 steps (10%) done
[Fri Sep 20 08:43:45 2024]
Finished job 1567.
94 of 886 steps (11%) done
[Fri Sep 20 08:43:45 2024]
Finished job 1077.
95 of 886 steps (11%) done
Execute 10 jobs...

[Fri Sep 20 08:43:45 2024]
rule giraffe_snarls:
    input: vg_map/ABOFRAM000707401531_14_14.vg
    output: vg_map/ABOFRAM000707401531_pt14.snarls
    log: logs/vg/giraffe_snarls_ABOFRAM000707401531_14.log
    jobid: 1037
    reason: Missing output files: vg_map/ABOFRAM000707401531_pt14.snarls; Input files updated by another job: vg_map/ABOFRAM000707401531_14_14.vg
    wildcards: sample=ABOFRAM000707401531, chr=14
    resources: mem_mb=11444, mem_mib=954, disk_mb=1000, disk_mib=954, tmpdir=<TBD>, slurm_partition=workq, slurm_account=mnaji, mem=12GB, time=28800


        vg snarls vg_map/ABOFRAM000707401531_14_14.vg > vg_map/ABOFRAM000707401531_pt14.snarls
        
No wall time information given. This might or might not work on your cluster. If not, specify the resource runtime in your rule or as a reasonable default via --default-resources.
Job 1037 has been submitted with SLURM jobid 11144153 (log: /work/project/CASCAD/mnaji/sm_folder/results/.snakemake/slurm_logs/rule_giraffe_snarls/ABOFRAM000707401531_14/11144153.log).

[Fri Sep 20 08:43:45 2024]
rule giraffe_snarls:
    input: vg_map/ABOFRAM007301868101_3_3.vg
    output: vg_map/ABOFRAM007301868101_pt3.snarls
    log: logs/vg/giraffe_snarls_ABOFRAM007301868101_3.log
    jobid: 1292
    reason: Missing output files: vg_map/ABOFRAM007301868101_pt3.snarls; Input files updated by another job: vg_map/ABOFRAM007301868101_3_3.vg
    wildcards: sample=ABOFRAM007301868101, chr=3
    resources: mem_mb=11444, mem_mib=954, disk_mb=1000, disk_mib=954, tmpdir=<TBD>, slurm_partition=workq, slurm_account=mnaji, mem=12GB, time=28800


        vg snarls vg_map/ABOFRAM007301868101_3_3.vg > vg_map/ABOFRAM007301868101_pt3.snarls
        
No wall time information given. This might or might not work on your cluster. If not, specify the resource runtime in your rule or as a reasonable default via --default-resources.
Job 1292 has been submitted with SLURM jobid 11144154 (log: /work/project/CASCAD/mnaji/sm_folder/results/.snakemake/slurm_logs/rule_giraffe_snarls/ABOFRAM007301868101_3/11144154.log).

[Fri Sep 20 08:43:45 2024]
rule giraffe_chunk_vg:
    input: vg_vg/ABOFRAM007401840180_wg.xg
    output: vg_map/ABOFRAM007401840180_3_3.vg
    log: logs/vg/giraffe_chunk_vg_ABOFRAM007401840180_3.log
    jobid: 1444
    reason: Missing output files: vg_map/ABOFRAM007401840180_3_3.vg
    wildcards: sample=ABOFRAM007401840180, chr=3
    resources: mem_mb=11444, mem_mib=7630, disk_mb=9482, disk_mib=9043, tmpdir=<TBD>, slurm_partition=workq, slurm_account=mnaji, mem=12GB, time=28800


        vg chunk -x vg_vg/ABOFRAM007401840180_wg.xg -C -p 3 > vg_map/ABOFRAM007401840180_3_3.vg
        
No wall time information given. This might or might not work on your cluster. If not, specify the resource runtime in your rule or as a reasonable default via --default-resources.
Job 1444 has been submitted with SLURM jobid 11144155 (log: /work/project/CASCAD/mnaji/sm_folder/results/.snakemake/slurm_logs/rule_giraffe_chunk_vg/ABOFRAM007401840180_3/11144155.log).

[Fri Sep 20 08:43:46 2024]
rule giraffe_chunk:
    input: vg_vg/ABOFRAM000707401531_wg.xg, vg_map/ABOFRAM000707401531.gam
    output: vg_map/ABOFRAM000707401531_28_28.gam
    log: logs/vg/giraffe_chunk_ABOFRAM000707401531_28.log
    jobid: 1106
    reason: Missing output files: vg_map/ABOFRAM000707401531_28_28.gam
    wildcards: sample=ABOFRAM000707401531, chr=28
    resources: mem_mb=28610, mem_mib=7630, disk_mb=202240, disk_mib=192872, tmpdir=<TBD>, slurm_partition=workq, slurm_account=mnaji, mem=30GB, time=28800


        vg chunk -x vg_vg/ABOFRAM000707401531_wg.xg -a vg_map/ABOFRAM000707401531.gam -C -p 28 -O pg --prefix vg_map/ABOFRAM000707401531_28 && ls -sh vg_map/ABOFRAM000707401531_28_28.gam
        
No wall time information given. This might or might not work on your cluster. If not, specify the resource runtime in your rule or as a reasonable default via --default-resources.
Job 1106 has been submitted with SLURM jobid 11144156 (log: /work/project/CASCAD/mnaji/sm_folder/results/.snakemake/slurm_logs/rule_giraffe_chunk/ABOFRAM000707401531_28/11144156.log).

[Fri Sep 20 08:43:46 2024]
rule giraffe_chunk_vg:
    input: vg_vg/ABOFRAM007301868101_wg.xg
    output: vg_map/ABOFRAM007301868101_22_22.vg
    log: logs/vg/giraffe_chunk_vg_ABOFRAM007301868101_22.log
    jobid: 1384
    reason: Missing output files: vg_map/ABOFRAM007301868101_22_22.vg
    wildcards: sample=ABOFRAM007301868101, chr=22
    resources: mem_mb=11444, mem_mib=7630, disk_mb=9481, disk_mib=9042, tmpdir=<TBD>, slurm_partition=workq, slurm_account=mnaji, mem=12GB, time=28800


        vg chunk -x vg_vg/ABOFRAM007301868101_wg.xg -C -p 22 > vg_map/ABOFRAM007301868101_22_22.vg
        
No wall time information given. This might or might not work on your cluster. If not, specify the resource runtime in your rule or as a reasonable default via --default-resources.
Job 1384 has been submitted with SLURM jobid 11144157 (log: /work/project/CASCAD/mnaji/sm_folder/results/.snakemake/slurm_logs/rule_giraffe_chunk_vg/ABOFRAM007301868101_22/11144157.log).

[Fri Sep 20 08:43:46 2024]
rule giraffe_chunk:
    input: vg_vg/ABOFRAM000709524730_wg.xg, vg_map/ABOFRAM000709524730.gam
    output: vg_map/ABOFRAM000709524730_23_23.gam
    log: logs/vg/giraffe_chunk_ABOFRAM000709524730_23.log
    jobid: 1236
    reason: Missing output files: vg_map/ABOFRAM000709524730_23_23.gam
    wildcards: sample=ABOFRAM000709524730, chr=23
    resources: mem_mb=28610, mem_mib=7630, disk_mb=246756, disk_mib=235325, tmpdir=<TBD>, slurm_partition=workq, slurm_account=mnaji, mem=30GB, time=28800


        vg chunk -x vg_vg/ABOFRAM000709524730_wg.xg -a vg_map/ABOFRAM000709524730.gam -C -p 23 -O pg --prefix vg_map/ABOFRAM000709524730_23 && ls -sh vg_map/ABOFRAM000709524730_23_23.gam
        
No wall time information given. This might or might not work on your cluster. If not, specify the resource runtime in your rule or as a reasonable default via --default-resources.
Job 1236 has been submitted with SLURM jobid 11144158 (log: /work/project/CASCAD/mnaji/sm_folder/results/.snakemake/slurm_logs/rule_giraffe_chunk/ABOFRAM000709524730_23/11144158.log).

[Fri Sep 20 08:43:46 2024]
rule giraffe_chunk:
    input: vg_vg/ABOFRAM007401840180_wg.xg, vg_map/ABOFRAM007401840180.gam
    output: vg_map/ABOFRAM007401840180_4_4.gam
    log: logs/vg/giraffe_chunk_ABOFRAM007401840180_4.log
    jobid: 1451
    reason: Missing output files: vg_map/ABOFRAM007401840180_4_4.gam
    wildcards: sample=ABOFRAM007401840180, chr=4
    resources: mem_mb=28610, mem_mib=7630, disk_mb=196150, disk_mib=187064, tmpdir=<TBD>, slurm_partition=workq, slurm_account=mnaji, mem=30GB, time=28800


        vg chunk -x vg_vg/ABOFRAM007401840180_wg.xg -a vg_map/ABOFRAM007401840180.gam -C -p 4 -O pg --prefix vg_map/ABOFRAM007401840180_4 && ls -sh vg_map/ABOFRAM007401840180_4_4.gam
        
No wall time information given. This might or might not work on your cluster. If not, specify the resource runtime in your rule or as a reasonable default via --default-resources.
Job 1451 has been submitted with SLURM jobid 11144159 (log: /work/project/CASCAD/mnaji/sm_folder/results/.snakemake/slurm_logs/rule_giraffe_chunk/ABOFRAM007401840180_4/11144159.log).

[Fri Sep 20 08:43:46 2024]
rule giraffe_snarls:
    input: vg_map/ABOFRAM000703115255_10_10.vg
    output: vg_map/ABOFRAM000703115255_pt10.snarls
    log: logs/vg/giraffe_snarls_ABOFRAM000703115255_10.log
    jobid: 862
    reason: Missing output files: vg_map/ABOFRAM000703115255_pt10.snarls; Input files updated by another job: vg_map/ABOFRAM000703115255_10_10.vg
    wildcards: sample=ABOFRAM000703115255, chr=10
    resources: mem_mb=11444, mem_mib=954, disk_mb=1000, disk_mib=954, tmpdir=<TBD>, slurm_partition=workq, slurm_account=mnaji, mem=12GB, time=28800


        vg snarls vg_map/ABOFRAM000703115255_10_10.vg > vg_map/ABOFRAM000703115255_pt10.snarls
        
No wall time information given. This might or might not work on your cluster. If not, specify the resource runtime in your rule or as a reasonable default via --default-resources.
Job 862 has been submitted with SLURM jobid 11144160 (log: /work/project/CASCAD/mnaji/sm_folder/results/.snakemake/slurm_logs/rule_giraffe_snarls/ABOFRAM000703115255_10/11144160.log).

[Fri Sep 20 08:43:47 2024]
rule giraffe_chunk_vg:
    input: vg_vg/ABOFRAM007301868101_wg.xg
    output: vg_map/ABOFRAM007301868101_17_17.vg
    log: logs/vg/giraffe_chunk_vg_ABOFRAM007301868101_17.log
    jobid: 1359
    reason: Missing output files: vg_map/ABOFRAM007301868101_17_17.vg
    wildcards: sample=ABOFRAM007301868101, chr=17
    resources: mem_mb=11444, mem_mib=7630, disk_mb=9481, disk_mib=9042, tmpdir=<TBD>, slurm_partition=workq, slurm_account=mnaji, mem=12GB, time=28800


        vg chunk -x vg_vg/ABOFRAM007301868101_wg.xg -C -p 17 > vg_map/ABOFRAM007301868101_17_17.vg
        
No wall time information given. This might or might not work on your cluster. If not, specify the resource runtime in your rule or as a reasonable default via --default-resources.
Job 1359 has been submitted with SLURM jobid 11144161 (log: /work/project/CASCAD/mnaji/sm_folder/results/.snakemake/slurm_logs/rule_giraffe_chunk_vg/ABOFRAM007301868101_17/11144161.log).

[Fri Sep 20 08:43:47 2024]
rule giraffe_snarls:
    input: vg_map/ABOFRAM000703115255_3_3.vg
    output: vg_map/ABOFRAM000703115255_pt3.snarls
    log: logs/vg/giraffe_snarls_ABOFRAM000703115255_3.log
    jobid: 827
    reason: Missing output files: vg_map/ABOFRAM000703115255_pt3.snarls; Input files updated by another job: vg_map/ABOFRAM000703115255_3_3.vg
    wildcards: sample=ABOFRAM000703115255, chr=3
    resources: mem_mb=11444, mem_mib=954, disk_mb=1000, disk_mib=954, tmpdir=<TBD>, slurm_partition=workq, slurm_account=mnaji, mem=12GB, time=28800


        vg snarls vg_map/ABOFRAM000703115255_3_3.vg > vg_map/ABOFRAM000703115255_pt3.snarls
        
No wall time information given. This might or might not work on your cluster. If not, specify the resource runtime in your rule or as a reasonable default via --default-resources.
Job 827 has been submitted with SLURM jobid 11144162 (log: /work/project/CASCAD/mnaji/sm_folder/results/.snakemake/slurm_logs/rule_giraffe_snarls/ABOFRAM000703115255_3/11144162.log).
Select jobs to execute...
[Fri Sep 20 08:43:55 2024]
Finished job 922.
96 of 886 steps (11%) done
[Fri Sep 20 08:43:55 2024]
Finished job 1052.
97 of 886 steps (11%) done
Execute 2 jobs...

[Fri Sep 20 08:43:55 2024]
rule giraffe_chunk:
    input: vg_vg/ABOFRAM007301868101_wg.xg, vg_map/ABOFRAM007301868101.gam
    output: vg_map/ABOFRAM007301868101_7_7.gam
    log: logs/vg/giraffe_chunk_ABOFRAM007301868101_7.log
    jobid: 1311
    reason: Missing output files: vg_map/ABOFRAM007301868101_7_7.gam
    wildcards: sample=ABOFRAM007301868101, chr=7
    resources: mem_mb=28610, mem_mib=7630, disk_mb=185244, disk_mib=176663, tmpdir=<TBD>, slurm_partition=workq, slurm_account=mnaji, mem=30GB, time=28800


        vg chunk -x vg_vg/ABOFRAM007301868101_wg.xg -a vg_map/ABOFRAM007301868101.gam -C -p 7 -O pg --prefix vg_map/ABOFRAM007301868101_7 && ls -sh vg_map/ABOFRAM007301868101_7_7.gam
        
No wall time information given. This might or might not work on your cluster. If not, specify the resource runtime in your rule or as a reasonable default via --default-resources.
Job 1311 has been submitted with SLURM jobid 11144163 (log: /work/project/CASCAD/mnaji/sm_folder/results/.snakemake/slurm_logs/rule_giraffe_chunk/ABOFRAM007301868101_7/11144163.log).

[Fri Sep 20 08:43:55 2024]
rule giraffe_chunk_vg:
    input: vg_vg/ABOFRAM000709524730_wg.xg
    output: vg_map/ABOFRAM000709524730_27_27.vg
    log: logs/vg/giraffe_chunk_vg_ABOFRAM000709524730_27.log
    jobid: 1254
    reason: Missing output files: vg_map/ABOFRAM000709524730_27_27.vg
    wildcards: sample=ABOFRAM000709524730, chr=27
    resources: mem_mb=11444, mem_mib=7630, disk_mb=9485, disk_mib=9046, tmpdir=<TBD>, slurm_partition=workq, slurm_account=mnaji, mem=12GB, time=28800


        vg chunk -x vg_vg/ABOFRAM000709524730_wg.xg -C -p 27 > vg_map/ABOFRAM000709524730_27_27.vg
        
No wall time information given. This might or might not work on your cluster. If not, specify the resource runtime in your rule or as a reasonable default via --default-resources.
Job 1254 has been submitted with SLURM jobid 11144164 (log: /work/project/CASCAD/mnaji/sm_folder/results/.snakemake/slurm_logs/rule_giraffe_chunk_vg/ABOFRAM000709524730_27/11144164.log).
Select jobs to execute...
[Fri Sep 20 08:44:05 2024]
Finished job 982.
98 of 886 steps (11%) done
[Fri Sep 20 08:44:05 2024]
Finished job 872.
99 of 886 steps (11%) done
[Fri Sep 20 08:44:05 2024]
Finished job 1529.
100 of 886 steps (11%) done
[Fri Sep 20 08:44:05 2024]
Finished job 1222.
101 of 886 steps (11%) done
Execute 4 jobs...

[Fri Sep 20 08:44:05 2024]
rule giraffe_chunk_vg:
    input: vg_vg/ABOFRAM007301868101_wg.xg
    output: vg_map/ABOFRAM007301868101_25_25.vg
    log: logs/vg/giraffe_chunk_vg_ABOFRAM007301868101_25.log
    jobid: 1399
    reason: Missing output files: vg_map/ABOFRAM007301868101_25_25.vg
    wildcards: sample=ABOFRAM007301868101, chr=25
    resources: mem_mb=11444, mem_mib=7630, disk_mb=9481, disk_mib=9042, tmpdir=<TBD>, slurm_partition=workq, slurm_account=mnaji, mem=12GB, time=28800


        vg chunk -x vg_vg/ABOFRAM007301868101_wg.xg -C -p 25 > vg_map/ABOFRAM007301868101_25_25.vg
        
No wall time information given. This might or might not work on your cluster. If not, specify the resource runtime in your rule or as a reasonable default via --default-resources.
Job 1399 has been submitted with SLURM jobid 11144165 (log: /work/project/CASCAD/mnaji/sm_folder/results/.snakemake/slurm_logs/rule_giraffe_chunk_vg/ABOFRAM007301868101_25/11144165.log).

[Fri Sep 20 08:44:05 2024]
rule giraffe_snarls:
    input: vg_map/ABOFRAM007401840180_20_20.vg
    output: vg_map/ABOFRAM007401840180_pt20.snarls
    log: logs/vg/giraffe_snarls_ABOFRAM007401840180_20.log
    jobid: 1532
    reason: Missing output files: vg_map/ABOFRAM007401840180_pt20.snarls; Input files updated by another job: vg_map/ABOFRAM007401840180_20_20.vg
    wildcards: sample=ABOFRAM007401840180, chr=20
    resources: mem_mb=11444, mem_mib=954, disk_mb=1000, disk_mib=954, tmpdir=<TBD>, slurm_partition=workq, slurm_account=mnaji, mem=12GB, time=28800


        vg snarls vg_map/ABOFRAM007401840180_20_20.vg > vg_map/ABOFRAM007401840180_pt20.snarls
        
No wall time information given. This might or might not work on your cluster. If not, specify the resource runtime in your rule or as a reasonable default via --default-resources.
Job 1532 has been submitted with SLURM jobid 11144166 (log: /work/project/CASCAD/mnaji/sm_folder/results/.snakemake/slurm_logs/rule_giraffe_snarls/ABOFRAM007401840180_20/11144166.log).

[Fri Sep 20 08:44:05 2024]
rule giraffe_chunk_vg:
    input: vg_vg/ABOFRAM000707401531_wg.xg
    output: vg_map/ABOFRAM000707401531_19_19.vg
    log: logs/vg/giraffe_chunk_vg_ABOFRAM000707401531_19.log
    jobid: 1059
    reason: Missing output files: vg_map/ABOFRAM000707401531_19_19.vg
    wildcards: sample=ABOFRAM000707401531, chr=19
    resources: mem_mb=11444, mem_mib=7630, disk_mb=9481, disk_mib=9042, tmpdir=<TBD>, slurm_partition=workq, slurm_account=mnaji, mem=12GB, time=28800


        vg chunk -x vg_vg/ABOFRAM000707401531_wg.xg -C -p 19 > vg_map/ABOFRAM000707401531_19_19.vg
        
No wall time information given. This might or might not work on your cluster. If not, specify the resource runtime in your rule or as a reasonable default via --default-resources.
Job 1059 has been submitted with SLURM jobid 11144167 (log: /work/project/CASCAD/mnaji/sm_folder/results/.snakemake/slurm_logs/rule_giraffe_chunk_vg/ABOFRAM000707401531_19/11144167.log).

[Fri Sep 20 08:44:06 2024]
rule giraffe_chunk:
    input: vg_vg/ABOFRAM007301868101_wg.xg, vg_map/ABOFRAM007301868101.gam
    output: vg_map/ABOFRAM007301868101_2_2.gam
    log: logs/vg/giraffe_chunk_ABOFRAM007301868101_2.log
    jobid: 1286
    reason: Missing output files: vg_map/ABOFRAM007301868101_2_2.gam
    wildcards: sample=ABOFRAM007301868101, chr=2
    resources: mem_mb=28610, mem_mib=7630, disk_mb=185244, disk_mib=176663, tmpdir=<TBD>, slurm_partition=workq, slurm_account=mnaji, mem=30GB, time=28800


        vg chunk -x vg_vg/ABOFRAM007301868101_wg.xg -a vg_map/ABOFRAM007301868101.gam -C -p 2 -O pg --prefix vg_map/ABOFRAM007301868101_2 && ls -sh vg_map/ABOFRAM007301868101_2_2.gam
        
No wall time information given. This might or might not work on your cluster. If not, specify the resource runtime in your rule or as a reasonable default via --default-resources.
Job 1286 has been submitted with SLURM jobid 11144168 (log: /work/project/CASCAD/mnaji/sm_folder/results/.snakemake/slurm_logs/rule_giraffe_chunk/ABOFRAM007301868101_2/11144168.log).
Select jobs to execute...
[Fri Sep 20 08:44:35 2024]
Finished job 1764.
102 of 886 steps (12%) done
[Fri Sep 20 08:44:35 2024]
Finished job 867.
103 of 886 steps (12%) done
[Fri Sep 20 08:44:35 2024]
Finished job 1007.
104 of 886 steps (12%) done
[Fri Sep 20 08:44:35 2024]
Finished job 1012.
105 of 886 steps (12%) done
[Fri Sep 20 08:44:35 2024]
Finished job 1497.
106 of 886 steps (12%) done
[Fri Sep 20 08:44:35 2024]
Finished job 1384.
107 of 886 steps (12%) done
Execute 6 jobs...

[Fri Sep 20 08:44:35 2024]
rule giraffe_chunk:
    input: vg_vg/ABOFRAM000709524730_wg.xg, vg_map/ABOFRAM000709524730.gam
    output: vg_map/ABOFRAM000709524730_13_13.gam
    log: logs/vg/giraffe_chunk_ABOFRAM000709524730_13.log
    jobid: 1186
    reason: Missing output files: vg_map/ABOFRAM000709524730_13_13.gam
    wildcards: sample=ABOFRAM000709524730, chr=13
    resources: mem_mb=28610, mem_mib=7630, disk_mb=246756, disk_mib=235325, tmpdir=<TBD>, slurm_partition=workq, slurm_account=mnaji, mem=30GB, time=28800


        vg chunk -x vg_vg/ABOFRAM000709524730_wg.xg -a vg_map/ABOFRAM000709524730.gam -C -p 13 -O pg --prefix vg_map/ABOFRAM000709524730_13 && ls -sh vg_map/ABOFRAM000709524730_13_13.gam
        
No wall time information given. This might or might not work on your cluster. If not, specify the resource runtime in your rule or as a reasonable default via --default-resources.
Job 1186 has been submitted with SLURM jobid 11144170 (log: /work/project/CASCAD/mnaji/sm_folder/results/.snakemake/slurm_logs/rule_giraffe_chunk/ABOFRAM000709524730_13/11144170.log).

[Fri Sep 20 08:44:35 2024]
rule giraffe_chunk:
    input: vg_vg/ABOFRAM000707401531_wg.xg, vg_map/ABOFRAM000707401531.gam
    output: vg_map/ABOFRAM000707401531_27_27.gam
    log: logs/vg/giraffe_chunk_ABOFRAM000707401531_27.log
    jobid: 1101
    reason: Missing output files: vg_map/ABOFRAM000707401531_27_27.gam
    wildcards: sample=ABOFRAM000707401531, chr=27
    resources: mem_mb=28610, mem_mib=7630, disk_mb=202240, disk_mib=192872, tmpdir=<TBD>, slurm_partition=workq, slurm_account=mnaji, mem=30GB, time=28800


        vg chunk -x vg_vg/ABOFRAM000707401531_wg.xg -a vg_map/ABOFRAM000707401531.gam -C -p 27 -O pg --prefix vg_map/ABOFRAM000707401531_27 && ls -sh vg_map/ABOFRAM000707401531_27_27.gam
        
No wall time information given. This might or might not work on your cluster. If not, specify the resource runtime in your rule or as a reasonable default via --default-resources.
Job 1101 has been submitted with SLURM jobid 11144171 (log: /work/project/CASCAD/mnaji/sm_folder/results/.snakemake/slurm_logs/rule_giraffe_chunk/ABOFRAM000707401531_27/11144171.log).

[Fri Sep 20 08:44:36 2024]
rule giraffe_chunk_vg:
    input: vg_vg/ABOFRAM000703115255_wg.xg
    output: vg_map/ABOFRAM000703115255_21_21.vg
    log: logs/vg/giraffe_chunk_vg_ABOFRAM000703115255_21.log
    jobid: 914
    reason: Missing output files: vg_map/ABOFRAM000703115255_21_21.vg
    wildcards: sample=ABOFRAM000703115255, chr=21
    resources: mem_mb=11444, mem_mib=7630, disk_mb=9484, disk_mib=9045, tmpdir=<TBD>, slurm_partition=workq, slurm_account=mnaji, mem=12GB, time=28800


        vg chunk -x vg_vg/ABOFRAM000703115255_wg.xg -C -p 21 > vg_map/ABOFRAM000703115255_21_21.vg
        
No wall time information given. This might or might not work on your cluster. If not, specify the resource runtime in your rule or as a reasonable default via --default-resources.
Job 914 has been submitted with SLURM jobid 11144172 (log: /work/project/CASCAD/mnaji/sm_folder/results/.snakemake/slurm_logs/rule_giraffe_chunk_vg/ABOFRAM000703115255_21/11144172.log).

[Fri Sep 20 08:44:36 2024]
rule giraffe_snarls:
    input: vg_map/ABOFRAM007301868101_22_22.vg
    output: vg_map/ABOFRAM007301868101_pt22.snarls
    log: logs/vg/giraffe_snarls_ABOFRAM007301868101_22.log
    jobid: 1387
    reason: Missing output files: vg_map/ABOFRAM007301868101_pt22.snarls; Input files updated by another job: vg_map/ABOFRAM007301868101_22_22.vg
    wildcards: sample=ABOFRAM007301868101, chr=22
    resources: mem_mb=11444, mem_mib=954, disk_mb=1000, disk_mib=954, tmpdir=<TBD>, slurm_partition=workq, slurm_account=mnaji, mem=12GB, time=28800


        vg snarls vg_map/ABOFRAM007301868101_22_22.vg > vg_map/ABOFRAM007301868101_pt22.snarls
        
No wall time information given. This might or might not work on your cluster. If not, specify the resource runtime in your rule or as a reasonable default via --default-resources.
Job 1387 has been submitted with SLURM jobid 11144173 (log: /work/project/CASCAD/mnaji/sm_folder/results/.snakemake/slurm_logs/rule_giraffe_snarls/ABOFRAM007301868101_22/11144173.log).

[Fri Sep 20 08:44:36 2024]
rule giraffe_chunk:
    input: vg_vg/ABOFRAM000707401531_wg.xg, vg_map/ABOFRAM000707401531.gam
    output: vg_map/ABOFRAM000707401531_7_7.gam
    log: logs/vg/giraffe_chunk_ABOFRAM000707401531_7.log
    jobid: 1001
    reason: Missing output files: vg_map/ABOFRAM000707401531_7_7.gam
    wildcards: sample=ABOFRAM000707401531, chr=7
    resources: mem_mb=28610, mem_mib=7630, disk_mb=202240, disk_mib=192872, tmpdir=<TBD>, slurm_partition=workq, slurm_account=mnaji, mem=30GB, time=28800


        vg chunk -x vg_vg/ABOFRAM000707401531_wg.xg -a vg_map/ABOFRAM000707401531.gam -C -p 7 -O pg --prefix vg_map/ABOFRAM000707401531_7 && ls -sh vg_map/ABOFRAM000707401531_7_7.gam
        
No wall time information given. This might or might not work on your cluster. If not, specify the resource runtime in your rule or as a reasonable default via --default-resources.
Job 1001 has been submitted with SLURM jobid 11144174 (log: /work/project/CASCAD/mnaji/sm_folder/results/.snakemake/slurm_logs/rule_giraffe_chunk/ABOFRAM000707401531_7/11144174.log).

[Fri Sep 20 08:44:36 2024]
rule giraffe_chunk_vg:
    input: vg_vg/ABOFRAM007301868101_wg.xg
    output: vg_map/ABOFRAM007301868101_X_X.vg
    log: logs/vg/giraffe_chunk_vg_ABOFRAM007301868101_X.log
    jobid: 1424
    reason: Missing output files: vg_map/ABOFRAM007301868101_X_X.vg
    wildcards: sample=ABOFRAM007301868101, chr=X
    resources: mem_mb=11444, mem_mib=7630, disk_mb=9481, disk_mib=9042, tmpdir=<TBD>, slurm_partition=workq, slurm_account=mnaji, mem=12GB, time=28800


        vg chunk -x vg_vg/ABOFRAM007301868101_wg.xg -C -p X > vg_map/ABOFRAM007301868101_X_X.vg
        
No wall time information given. This might or might not work on your cluster. If not, specify the resource runtime in your rule or as a reasonable default via --default-resources.
Job 1424 has been submitted with SLURM jobid 11144175 (log: /work/project/CASCAD/mnaji/sm_folder/results/.snakemake/slurm_logs/rule_giraffe_chunk_vg/ABOFRAM007301868101_X/11144175.log).
Select jobs to execute...
[Fri Sep 20 08:44:45 2024]
Finished job 1756.
108 of 886 steps (12%) done
[Fri Sep 20 08:44:45 2024]
Finished job 1419.
109 of 886 steps (12%) done
[Fri Sep 20 08:44:45 2024]
Finished job 1547.
110 of 886 steps (12%) done
[Fri Sep 20 08:44:45 2024]
Finished job 1444.
111 of 886 steps (13%) done
[Fri Sep 20 08:44:45 2024]
Finished job 1359.
112 of 886 steps (13%) done
[Fri Sep 20 08:44:45 2024]
Finished job 1399.
113 of 886 steps (13%) done
[Fri Sep 20 08:44:45 2024]
Finished job 1059.
114 of 886 steps (13%) done
Execute 7 jobs...

[Fri Sep 20 08:44:46 2024]
rule giraffe_chunk_vg:
    input: vg_vg/ABOFRAM000707401531_wg.xg
    output: vg_map/ABOFRAM000707401531_15_15.vg
    log: logs/vg/giraffe_chunk_vg_ABOFRAM000707401531_15.log
    jobid: 1039
    reason: Missing output files: vg_map/ABOFRAM000707401531_15_15.vg
    wildcards: sample=ABOFRAM000707401531, chr=15
    resources: mem_mb=11444, mem_mib=7630, disk_mb=9481, disk_mib=9042, tmpdir=<TBD>, slurm_partition=workq, slurm_account=mnaji, mem=12GB, time=28800


        vg chunk -x vg_vg/ABOFRAM000707401531_wg.xg -C -p 15 > vg_map/ABOFRAM000707401531_15_15.vg
        
No wall time information given. This might or might not work on your cluster. If not, specify the resource runtime in your rule or as a reasonable default via --default-resources.
Job 1039 has been submitted with SLURM jobid 11144176 (log: /work/project/CASCAD/mnaji/sm_folder/results/.snakemake/slurm_logs/rule_giraffe_chunk_vg/ABOFRAM000707401531_15/11144176.log).

[Fri Sep 20 08:44:46 2024]
rule giraffe_chunk_vg:
    input: vg_vg/ABOFRAM007401840180_wg.xg
    output: vg_map/ABOFRAM007401840180_8_8.vg
    log: logs/vg/giraffe_chunk_vg_ABOFRAM007401840180_8.log
    jobid: 1469
    reason: Missing output files: vg_map/ABOFRAM007401840180_8_8.vg
    wildcards: sample=ABOFRAM007401840180, chr=8
    resources: mem_mb=11444, mem_mib=7630, disk_mb=9482, disk_mib=9043, tmpdir=<TBD>, slurm_partition=workq, slurm_account=mnaji, mem=12GB, time=28800


        vg chunk -x vg_vg/ABOFRAM007401840180_wg.xg -C -p 8 > vg_map/ABOFRAM007401840180_8_8.vg
        
No wall time information given. This might or might not work on your cluster. If not, specify the resource runtime in your rule or as a reasonable default via --default-resources.
Job 1469 has been submitted with SLURM jobid 11144177 (log: /work/project/CASCAD/mnaji/sm_folder/results/.snakemake/slurm_logs/rule_giraffe_chunk_vg/ABOFRAM007401840180_8/11144177.log).

[Fri Sep 20 08:44:46 2024]
rule giraffe_snarls:
    input: vg_map/ABOFRAM007301868101_17_17.vg
    output: vg_map/ABOFRAM007301868101_pt17.snarls
    log: logs/vg/giraffe_snarls_ABOFRAM007301868101_17.log
    jobid: 1362
    reason: Missing output files: vg_map/ABOFRAM007301868101_pt17.snarls; Input files updated by another job: vg_map/ABOFRAM007301868101_17_17.vg
    wildcards: sample=ABOFRAM007301868101, chr=17
    resources: mem_mb=11444, mem_mib=954, disk_mb=1000, disk_mib=954, tmpdir=<TBD>, slurm_partition=workq, slurm_account=mnaji, mem=12GB, time=28800


        vg snarls vg_map/ABOFRAM007301868101_17_17.vg > vg_map/ABOFRAM007301868101_pt17.snarls
        
No wall time information given. This might or might not work on your cluster. If not, specify the resource runtime in your rule or as a reasonable default via --default-resources.
Job 1362 has been submitted with SLURM jobid 11144178 (log: /work/project/CASCAD/mnaji/sm_folder/results/.snakemake/slurm_logs/rule_giraffe_snarls/ABOFRAM007301868101_17/11144178.log).

[Fri Sep 20 08:44:46 2024]
rule giraffe_snarls:
    input: vg_map/ABOFRAM007301868101_25_25.vg
    output: vg_map/ABOFRAM007301868101_pt25.snarls
    log: logs/vg/giraffe_snarls_ABOFRAM007301868101_25.log
    jobid: 1402
    reason: Missing output files: vg_map/ABOFRAM007301868101_pt25.snarls; Input files updated by another job: vg_map/ABOFRAM007301868101_25_25.vg
    wildcards: sample=ABOFRAM007301868101, chr=25
    resources: mem_mb=11444, mem_mib=954, disk_mb=1000, disk_mib=954, tmpdir=<TBD>, slurm_partition=workq, slurm_account=mnaji, mem=12GB, time=28800


        vg snarls vg_map/ABOFRAM007301868101_25_25.vg > vg_map/ABOFRAM007301868101_pt25.snarls
        
No wall time information given. This might or might not work on your cluster. If not, specify the resource runtime in your rule or as a reasonable default via --default-resources.
Job 1402 has been submitted with SLURM jobid 11144179 (log: /work/project/CASCAD/mnaji/sm_folder/results/.snakemake/slurm_logs/rule_giraffe_snarls/ABOFRAM007301868101_25/11144179.log).

[Fri Sep 20 08:44:46 2024]
rule giraffe_snarls:
    input: vg_map/ABOFRAM000707401531_19_19.vg
    output: vg_map/ABOFRAM000707401531_pt19.snarls
    log: logs/vg/giraffe_snarls_ABOFRAM000707401531_19.log
    jobid: 1062
    reason: Missing output files: vg_map/ABOFRAM000707401531_pt19.snarls; Input files updated by another job: vg_map/ABOFRAM000707401531_19_19.vg
    wildcards: sample=ABOFRAM000707401531, chr=19
    resources: mem_mb=11444, mem_mib=954, disk_mb=1000, disk_mib=954, tmpdir=<TBD>, slurm_partition=workq, slurm_account=mnaji, mem=12GB, time=28800


        vg snarls vg_map/ABOFRAM000707401531_19_19.vg > vg_map/ABOFRAM000707401531_pt19.snarls
        
No wall time information given. This might or might not work on your cluster. If not, specify the resource runtime in your rule or as a reasonable default via --default-resources.
Job 1062 has been submitted with SLURM jobid 11144180 (log: /work/project/CASCAD/mnaji/sm_folder/results/.snakemake/slurm_logs/rule_giraffe_snarls/ABOFRAM000707401531_19/11144180.log).

[Fri Sep 20 08:44:47 2024]
rule giraffe_snarls:
    input: vg_map/ABOFRAM007301868101_29_29.vg
    output: vg_map/ABOFRAM007301868101_pt29.snarls
    log: logs/vg/giraffe_snarls_ABOFRAM007301868101_29.log
    jobid: 1422
    reason: Missing output files: vg_map/ABOFRAM007301868101_pt29.snarls; Input files updated by another job: vg_map/ABOFRAM007301868101_29_29.vg
    wildcards: sample=ABOFRAM007301868101, chr=29
    resources: mem_mb=11444, mem_mib=954, disk_mb=1000, disk_mib=954, tmpdir=<TBD>, slurm_partition=workq, slurm_account=mnaji, mem=12GB, time=28800


        vg snarls vg_map/ABOFRAM007301868101_29_29.vg > vg_map/ABOFRAM007301868101_pt29.snarls
        
No wall time information given. This might or might not work on your cluster. If not, specify the resource runtime in your rule or as a reasonable default via --default-resources.
Job 1422 has been submitted with SLURM jobid 11144181 (log: /work/project/CASCAD/mnaji/sm_folder/results/.snakemake/slurm_logs/rule_giraffe_snarls/ABOFRAM007301868101_29/11144181.log).

[Fri Sep 20 08:44:47 2024]
rule giraffe_snarls:
    input: vg_map/ABOFRAM007401840180_3_3.vg
    output: vg_map/ABOFRAM007401840180_pt3.snarls
    log: logs/vg/giraffe_snarls_ABOFRAM007401840180_3.log
    jobid: 1447
    reason: Missing output files: vg_map/ABOFRAM007401840180_pt3.snarls; Input files updated by another job: vg_map/ABOFRAM007401840180_3_3.vg
    wildcards: sample=ABOFRAM007401840180, chr=3
    resources: mem_mb=11444, mem_mib=954, disk_mb=1000, disk_mib=954, tmpdir=<TBD>, slurm_partition=workq, slurm_account=mnaji, mem=12GB, time=28800


        vg snarls vg_map/ABOFRAM007401840180_3_3.vg > vg_map/ABOFRAM007401840180_pt3.snarls
        
No wall time information given. This might or might not work on your cluster. If not, specify the resource runtime in your rule or as a reasonable default via --default-resources.
Job 1447 has been submitted with SLURM jobid 11144182 (log: /work/project/CASCAD/mnaji/sm_folder/results/.snakemake/slurm_logs/rule_giraffe_snarls/ABOFRAM007401840180_3/11144182.log).
Select jobs to execute...
[Fri Sep 20 08:44:55 2024]
Finished job 1374.
115 of 886 steps (13%) done
[Fri Sep 20 08:44:55 2024]
Finished job 1519.
116 of 886 steps (13%) done
[Fri Sep 20 08:44:55 2024]
Finished job 887.
117 of 886 steps (13%) done
[Fri Sep 20 08:44:55 2024]
Finished job 892.
118 of 886 steps (13%) done
[Fri Sep 20 08:44:55 2024]
Finished job 1337.
119 of 886 steps (13%) done
[Fri Sep 20 08:44:55 2024]
Finished job 1254.
120 of 886 steps (14%) done
Execute 6 jobs...

[Fri Sep 20 08:44:55 2024]
rule modified_panel_vcf:
    input: /work/project/CASCAD/mnaji/sm_folder/results/vcf_lr/ABOFRAM007401840180_pbsv.vcf.gz
    output: svtyper/modif_panel1_ABOFRAM007401840180.vcf
    log: logs/svtyper/modified_panel_vcf_ABOFRAM007401840180.log
    jobid: 1768
    reason: Missing output files: svtyper/modif_panel1_ABOFRAM007401840180.vcf
    wildcards: sample=ABOFRAM007401840180
    resources: mem_mb=11444, mem_mib=954, disk_mb=1000, disk_mib=954, tmpdir=<TBD>, slurm_partition=workq, slurm_account=mnaji, mem=12GB, time=28800


        bcftools view /work/project/CASCAD/mnaji/sm_folder/results/vcf_lr/ABOFRAM007401840180_pbsv.vcf.gz | grep '^#' > svtyper/modif_panel1_ABOFRAM007401840180.vcf; 
        bcftools view /work/project/CASCAD/mnaji/sm_folder/results/vcf_lr/ABOFRAM007401840180_pbsv.vcf.gz | grep -v '^#' |  sed 's/SVLEN/CIPOS\=-100,100\;CIEND\=-100,100\;CIPOS95=0,0\;CIEND95=0,0\;SVLEN/g' >> svtyper/modif_panel1_ABOFRAM007401840180.vcf
        
No wall time information given. This might or might not work on your cluster. If not, specify the resource runtime in your rule or as a reasonable default via --default-resources.
Job 1768 has been submitted with SLURM jobid 11144183 (log: /work/project/CASCAD/mnaji/sm_folder/results/.snakemake/slurm_logs/rule_modified_panel_vcf/ABOFRAM007401840180/11144183.log).

[Fri Sep 20 08:44:56 2024]
rule giraffe_chunk_vg:
    input: vg_vg/ABOFRAM000703115255_wg.xg
    output: vg_map/ABOFRAM000703115255_4_4.vg
    log: logs/vg/giraffe_chunk_vg_ABOFRAM000703115255_4.log
    jobid: 829
    reason: Missing output files: vg_map/ABOFRAM000703115255_4_4.vg
    wildcards: sample=ABOFRAM000703115255, chr=4
    resources: mem_mb=11444, mem_mib=7630, disk_mb=9484, disk_mib=9045, tmpdir=<TBD>, slurm_partition=workq, slurm_account=mnaji, mem=12GB, time=28800


        vg chunk -x vg_vg/ABOFRAM000703115255_wg.xg -C -p 4 > vg_map/ABOFRAM000703115255_4_4.vg
        
No wall time information given. This might or might not work on your cluster. If not, specify the resource runtime in your rule or as a reasonable default via --default-resources.
Job 829 has been submitted with SLURM jobid 11144184 (log: /work/project/CASCAD/mnaji/sm_folder/results/.snakemake/slurm_logs/rule_giraffe_chunk_vg/ABOFRAM000703115255_4/11144184.log).

[Fri Sep 20 08:44:56 2024]
rule giraffe_snarls:
    input: vg_map/ABOFRAM000709524730_27_27.vg
    output: vg_map/ABOFRAM000709524730_pt27.snarls
    log: logs/vg/giraffe_snarls_ABOFRAM000709524730_27.log
    jobid: 1257
    reason: Missing output files: vg_map/ABOFRAM000709524730_pt27.snarls; Input files updated by another job: vg_map/ABOFRAM000709524730_27_27.vg
    wildcards: sample=ABOFRAM000709524730, chr=27
    resources: mem_mb=11444, mem_mib=954, disk_mb=1000, disk_mib=954, tmpdir=<TBD>, slurm_partition=workq, slurm_account=mnaji, mem=12GB, time=28800


        vg snarls vg_map/ABOFRAM000709524730_27_27.vg > vg_map/ABOFRAM000709524730_pt27.snarls
        
No wall time information given. This might or might not work on your cluster. If not, specify the resource runtime in your rule or as a reasonable default via --default-resources.
Job 1257 has been submitted with SLURM jobid 11144185 (log: /work/project/CASCAD/mnaji/sm_folder/results/.snakemake/slurm_logs/rule_giraffe_snarls/ABOFRAM000709524730_27/11144185.log).

[Fri Sep 20 08:44:56 2024]
rule giraffe_snarls:
    input: vg_map/ABOFRAM007301868101_20_20.vg
    output: vg_map/ABOFRAM007301868101_pt20.snarls
    log: logs/vg/giraffe_snarls_ABOFRAM007301868101_20.log
    jobid: 1377
    reason: Missing output files: vg_map/ABOFRAM007301868101_pt20.snarls; Input files updated by another job: vg_map/ABOFRAM007301868101_20_20.vg
    wildcards: sample=ABOFRAM007301868101, chr=20
    resources: mem_mb=11444, mem_mib=954, disk_mb=1000, disk_mib=954, tmpdir=<TBD>, slurm_partition=workq, slurm_account=mnaji, mem=12GB, time=28800


        vg snarls vg_map/ABOFRAM007301868101_20_20.vg > vg_map/ABOFRAM007301868101_pt20.snarls
        
No wall time information given. This might or might not work on your cluster. If not, specify the resource runtime in your rule or as a reasonable default via --default-resources.
Job 1377 has been submitted with SLURM jobid 11144186 (log: /work/project/CASCAD/mnaji/sm_folder/results/.snakemake/slurm_logs/rule_giraffe_snarls/ABOFRAM007301868101_20/11144186.log).

[Fri Sep 20 08:44:56 2024]
rule giraffe_chunk_vg:
    input: vg_vg/ABOFRAM000709524730_wg.xg
    output: vg_map/ABOFRAM000709524730_15_15.vg
    log: logs/vg/giraffe_chunk_vg_ABOFRAM000709524730_15.log
    jobid: 1194
    reason: Missing output files: vg_map/ABOFRAM000709524730_15_15.vg
    wildcards: sample=ABOFRAM000709524730, chr=15
    resources: mem_mb=11444, mem_mib=7630, disk_mb=9485, disk_mib=9046, tmpdir=<TBD>, slurm_partition=workq, slurm_account=mnaji, mem=12GB, time=28800


        vg chunk -x vg_vg/ABOFRAM000709524730_wg.xg -C -p 15 > vg_map/ABOFRAM000709524730_15_15.vg
        
No wall time information given. This might or might not work on your cluster. If not, specify the resource runtime in your rule or as a reasonable default via --default-resources.
Job 1194 has been submitted with SLURM jobid 11144187 (log: /work/project/CASCAD/mnaji/sm_folder/results/.snakemake/slurm_logs/rule_giraffe_chunk_vg/ABOFRAM000709524730_15/11144187.log).

[Fri Sep 20 08:44:56 2024]
rule giraffe_snarls:
    input: vg_map/ABOFRAM007401840180_18_18.vg
    output: vg_map/ABOFRAM007401840180_pt18.snarls
    log: logs/vg/giraffe_snarls_ABOFRAM007401840180_18.log
    jobid: 1522
    reason: Missing output files: vg_map/ABOFRAM007401840180_pt18.snarls; Input files updated by another job: vg_map/ABOFRAM007401840180_18_18.vg
    wildcards: sample=ABOFRAM007401840180, chr=18
    resources: mem_mb=11444, mem_mib=954, disk_mb=1000, disk_mib=954, tmpdir=<TBD>, slurm_partition=workq, slurm_account=mnaji, mem=12GB, time=28800


        vg snarls vg_map/ABOFRAM007401840180_18_18.vg > vg_map/ABOFRAM007401840180_pt18.snarls
        
No wall time information given. This might or might not work on your cluster. If not, specify the resource runtime in your rule or as a reasonable default via --default-resources.
Job 1522 has been submitted with SLURM jobid 11144188 (log: /work/project/CASCAD/mnaji/sm_folder/results/.snakemake/slurm_logs/rule_giraffe_snarls/ABOFRAM007401840180_18/11144188.log).
Select jobs to execute...
[Fri Sep 20 08:45:05 2024]
Finished job 959.
121 of 886 steps (14%) done
[Fri Sep 20 08:45:05 2024]
Finished job 1482.
122 of 886 steps (14%) done
[Fri Sep 20 08:45:05 2024]
Finished job 1487.
123 of 886 steps (14%) done
[Fri Sep 20 08:45:05 2024]
Finished job 1162.
124 of 886 steps (14%) done
[Fri Sep 20 08:45:05 2024]
Finished job 1037.
125 of 886 steps (14%) done
[Fri Sep 20 08:45:05 2024]
Finished job 862.
126 of 886 steps (14%) done
[Fri Sep 20 08:45:05 2024]
Finished job 1532.
127 of 886 steps (14%) done
Execute 7 jobs...

[Fri Sep 20 08:45:05 2024]
rule giraffe_chunk_vg:
    input: vg_vg/ABOFRAM000709524730_wg.xg
    output: vg_map/ABOFRAM000709524730_10_10.vg
    log: logs/vg/giraffe_chunk_vg_ABOFRAM000709524730_10.log
    jobid: 1169
    reason: Missing output files: vg_map/ABOFRAM000709524730_10_10.vg
    wildcards: sample=ABOFRAM000709524730, chr=10
    resources: mem_mb=11444, mem_mib=7630, disk_mb=9485, disk_mib=9046, tmpdir=<TBD>, slurm_partition=workq, slurm_account=mnaji, mem=12GB, time=28800


        vg chunk -x vg_vg/ABOFRAM000709524730_wg.xg -C -p 10 > vg_map/ABOFRAM000709524730_10_10.vg
        
No wall time information given. This might or might not work on your cluster. If not, specify the resource runtime in your rule or as a reasonable default via --default-resources.
Job 1169 has been submitted with SLURM jobid 11144189 (log: /work/project/CASCAD/mnaji/sm_folder/results/.snakemake/slurm_logs/rule_giraffe_chunk_vg/ABOFRAM000709524730_10/11144189.log).

[Fri Sep 20 08:45:06 2024]
rule giraffe_chunk:
    input: vg_vg/ABOFRAM000703115255_wg.xg, vg_map/ABOFRAM000703115255.gam
    output: vg_map/ABOFRAM000703115255_22_22.gam
    log: logs/vg/giraffe_chunk_ABOFRAM000703115255_22.log
    jobid: 921
    reason: Missing output files: vg_map/ABOFRAM000703115255_22_22.gam
    wildcards: sample=ABOFRAM000703115255, chr=22
    resources: mem_mb=28610, mem_mib=7630, disk_mb=273960, disk_mib=261269, tmpdir=<TBD>, slurm_partition=workq, slurm_account=mnaji, mem=30GB, time=28800


        vg chunk -x vg_vg/ABOFRAM000703115255_wg.xg -a vg_map/ABOFRAM000703115255.gam -C -p 22 -O pg --prefix vg_map/ABOFRAM000703115255_22 && ls -sh vg_map/ABOFRAM000703115255_22_22.gam
        
No wall time information given. This might or might not work on your cluster. If not, specify the resource runtime in your rule or as a reasonable default via --default-resources.
Job 921 has been submitted with SLURM jobid 11144190 (log: /work/project/CASCAD/mnaji/sm_folder/results/.snakemake/slurm_logs/rule_giraffe_chunk/ABOFRAM000703115255_22/11144190.log).

[Fri Sep 20 08:45:06 2024]
rule giraffe_chunk:
    input: vg_vg/ABOFRAM007401840180_wg.xg, vg_map/ABOFRAM007401840180.gam
    output: vg_map/ABOFRAM007401840180_2_2.gam
    log: logs/vg/giraffe_chunk_ABOFRAM007401840180_2.log
    jobid: 1441
    reason: Missing output files: vg_map/ABOFRAM007401840180_2_2.gam
    wildcards: sample=ABOFRAM007401840180, chr=2
    resources: mem_mb=28610, mem_mib=7630, disk_mb=196150, disk_mib=187064, tmpdir=<TBD>, slurm_partition=workq, slurm_account=mnaji, mem=30GB, time=28800


        vg chunk -x vg_vg/ABOFRAM007401840180_wg.xg -a vg_map/ABOFRAM007401840180.gam -C -p 2 -O pg --prefix vg_map/ABOFRAM007401840180_2 && ls -sh vg_map/ABOFRAM007401840180_2_2.gam
        
No wall time information given. This might or might not work on your cluster. If not, specify the resource runtime in your rule or as a reasonable default via --default-resources.
Job 1441 has been submitted with SLURM jobid 11144191 (log: /work/project/CASCAD/mnaji/sm_folder/results/.snakemake/slurm_logs/rule_giraffe_chunk/ABOFRAM007401840180_2/11144191.log).

[Fri Sep 20 08:45:06 2024]
rule giraffe_snarls:
    input: vg_map/ABOFRAM000703115255_X_X.vg
    output: vg_map/ABOFRAM000703115255_ptX.snarls
    log: logs/vg/giraffe_snarls_ABOFRAM000703115255_X.log
    jobid: 962
    reason: Missing output files: vg_map/ABOFRAM000703115255_ptX.snarls; Input files updated by another job: vg_map/ABOFRAM000703115255_X_X.vg
    wildcards: sample=ABOFRAM000703115255, chr=X
    resources: mem_mb=11444, mem_mib=954, disk_mb=1000, disk_mib=954, tmpdir=<TBD>, slurm_partition=workq, slurm_account=mnaji, mem=12GB, time=28800


        vg snarls vg_map/ABOFRAM000703115255_X_X.vg > vg_map/ABOFRAM000703115255_ptX.snarls
        
No wall time information given. This might or might not work on your cluster. If not, specify the resource runtime in your rule or as a reasonable default via --default-resources.
Job 962 has been submitted with SLURM jobid 11144192 (log: /work/project/CASCAD/mnaji/sm_folder/results/.snakemake/slurm_logs/rule_giraffe_snarls/ABOFRAM000703115255_X/11144192.log).

[Fri Sep 20 08:45:06 2024]
rule giraffe_chunk:
    input: vg_vg/ABOFRAM007301868101_wg.xg, vg_map/ABOFRAM007301868101.gam
    output: vg_map/ABOFRAM007301868101_X_X.gam
    log: logs/vg/giraffe_chunk_ABOFRAM007301868101_X.log
    jobid: 1426
    reason: Missing output files: vg_map/ABOFRAM007301868101_X_X.gam
    wildcards: sample=ABOFRAM007301868101, chr=X
    resources: mem_mb=28610, mem_mib=7630, disk_mb=185244, disk_mib=176663, tmpdir=<TBD>, slurm_partition=workq, slurm_account=mnaji, mem=30GB, time=28800


        vg chunk -x vg_vg/ABOFRAM007301868101_wg.xg -a vg_map/ABOFRAM007301868101.gam -C -p X -O pg --prefix vg_map/ABOFRAM007301868101_X && ls -sh vg_map/ABOFRAM007301868101_X_X.gam
        
No wall time information given. This might or might not work on your cluster. If not, specify the resource runtime in your rule or as a reasonable default via --default-resources.
Job 1426 has been submitted with SLURM jobid 11144193 (log: /work/project/CASCAD/mnaji/sm_folder/results/.snakemake/slurm_logs/rule_giraffe_chunk/ABOFRAM007301868101_X/11144193.log).

[Fri Sep 20 08:45:07 2024]
rule giraffe_chunk_vg:
    input: vg_vg/ABOFRAM000709524730_wg.xg
    output: vg_map/ABOFRAM000709524730_18_18.vg
    log: logs/vg/giraffe_chunk_vg_ABOFRAM000709524730_18.log
    jobid: 1209
    reason: Missing output files: vg_map/ABOFRAM000709524730_18_18.vg
    wildcards: sample=ABOFRAM000709524730, chr=18
    resources: mem_mb=11444, mem_mib=7630, disk_mb=9485, disk_mib=9046, tmpdir=<TBD>, slurm_partition=workq, slurm_account=mnaji, mem=12GB, time=28800


        vg chunk -x vg_vg/ABOFRAM000709524730_wg.xg -C -p 18 > vg_map/ABOFRAM000709524730_18_18.vg
        
No wall time information given. This might or might not work on your cluster. If not, specify the resource runtime in your rule or as a reasonable default via --default-resources.
Job 1209 has been submitted with SLURM jobid 11144194 (log: /work/project/CASCAD/mnaji/sm_folder/results/.snakemake/slurm_logs/rule_giraffe_chunk_vg/ABOFRAM000709524730_18/11144194.log).

[Fri Sep 20 08:45:07 2024]
rule giraffe_chunk_vg:
    input: vg_vg/ABOFRAM007301868101_wg.xg
    output: vg_map/ABOFRAM007301868101_27_27.vg
    log: logs/vg/giraffe_chunk_vg_ABOFRAM007301868101_27.log
    jobid: 1409
    reason: Missing output files: vg_map/ABOFRAM007301868101_27_27.vg
    wildcards: sample=ABOFRAM007301868101, chr=27
    resources: mem_mb=11444, mem_mib=7630, disk_mb=9481, disk_mib=9042, tmpdir=<TBD>, slurm_partition=workq, slurm_account=mnaji, mem=12GB, time=28800


        vg chunk -x vg_vg/ABOFRAM007301868101_wg.xg -C -p 27 > vg_map/ABOFRAM007301868101_27_27.vg
        
No wall time information given. This might or might not work on your cluster. If not, specify the resource runtime in your rule or as a reasonable default via --default-resources.
Job 1409 has been submitted with SLURM jobid 11144195 (log: /work/project/CASCAD/mnaji/sm_folder/results/.snakemake/slurm_logs/rule_giraffe_chunk_vg/ABOFRAM007301868101_27/11144195.log).
Select jobs to execute...
[Fri Sep 20 08:45:15 2024]
Finished job 1272.
128 of 886 steps (14%) done
[Fri Sep 20 08:45:15 2024]
Finished job 827.
129 of 886 steps (15%) done
Execute 2 jobs...

[Fri Sep 20 08:45:15 2024]
rule giraffe_chunk_vg:
    input: vg_vg/ABOFRAM007401840180_wg.xg
    output: vg_map/ABOFRAM007401840180_16_16.vg
    log: logs/vg/giraffe_chunk_vg_ABOFRAM007401840180_16.log
    jobid: 1509
    reason: Missing output files: vg_map/ABOFRAM007401840180_16_16.vg
    wildcards: sample=ABOFRAM007401840180, chr=16
    resources: mem_mb=11444, mem_mib=7630, disk_mb=9482, disk_mib=9043, tmpdir=<TBD>, slurm_partition=workq, slurm_account=mnaji, mem=12GB, time=28800


        vg chunk -x vg_vg/ABOFRAM007401840180_wg.xg -C -p 16 > vg_map/ABOFRAM007401840180_16_16.vg
        
No wall time information given. This might or might not work on your cluster. If not, specify the resource runtime in your rule or as a reasonable default via --default-resources.
Job 1509 has been submitted with SLURM jobid 11144196 (log: /work/project/CASCAD/mnaji/sm_folder/results/.snakemake/slurm_logs/rule_giraffe_chunk_vg/ABOFRAM007401840180_16/11144196.log).

[Fri Sep 20 08:45:16 2024]
rule giraffe_chunk:
    input: vg_vg/ABOFRAM007401840180_wg.xg, vg_map/ABOFRAM007401840180.gam
    output: vg_map/ABOFRAM007401840180_18_18.gam
    log: logs/vg/giraffe_chunk_ABOFRAM007401840180_18.log
    jobid: 1521
    reason: Missing output files: vg_map/ABOFRAM007401840180_18_18.gam
    wildcards: sample=ABOFRAM007401840180, chr=18
    resources: mem_mb=28610, mem_mib=7630, disk_mb=196150, disk_mib=187064, tmpdir=<TBD>, slurm_partition=workq, slurm_account=mnaji, mem=30GB, time=28800


        vg chunk -x vg_vg/ABOFRAM007401840180_wg.xg -a vg_map/ABOFRAM007401840180.gam -C -p 18 -O pg --prefix vg_map/ABOFRAM007401840180_18 && ls -sh vg_map/ABOFRAM007401840180_18_18.gam
        
No wall time information given. This might or might not work on your cluster. If not, specify the resource runtime in your rule or as a reasonable default via --default-resources.
Job 1521 has been submitted with SLURM jobid 11144197 (log: /work/project/CASCAD/mnaji/sm_folder/results/.snakemake/slurm_logs/rule_giraffe_chunk/ABOFRAM007401840180_18/11144197.log).
Select jobs to execute...
[Fri Sep 20 08:45:25 2024]
Finished job 852.
130 of 886 steps (15%) done
[Fri Sep 20 08:45:26 2024]
Finished job 987.
131 of 886 steps (15%) done
[Fri Sep 20 08:45:26 2024]
Finished job 912.
132 of 886 steps (15%) done
[Fri Sep 20 08:45:26 2024]
Finished job 1292.
133 of 886 steps (15%) done
[Fri Sep 20 08:45:26 2024]
Finished job 1387.
134 of 886 steps (15%) done
[Fri Sep 20 08:45:26 2024]
Finished job 1424.
135 of 886 steps (15%) done
[Fri Sep 20 08:45:26 2024]
Finished job 1039.
136 of 886 steps (15%) done
[Fri Sep 20 08:45:26 2024]
Finished job 1469.
137 of 886 steps (15%) done
[Fri Sep 20 08:45:26 2024]
Finished job 1768.
138 of 886 steps (16%) done
Execute 9 jobs...

[Fri Sep 20 08:45:26 2024]
rule giraffe_chunk:
    input: vg_vg/ABOFRAM007301868101_wg.xg, vg_map/ABOFRAM007301868101.gam
    output: vg_map/ABOFRAM007301868101_22_22.gam
    log: logs/vg/giraffe_chunk_ABOFRAM007301868101_22.log
    jobid: 1386
    reason: Missing output files: vg_map/ABOFRAM007301868101_22_22.gam
    wildcards: sample=ABOFRAM007301868101, chr=22
    resources: mem_mb=28610, mem_mib=7630, disk_mb=185244, disk_mib=176663, tmpdir=<TBD>, slurm_partition=workq, slurm_account=mnaji, mem=30GB, time=28800


        vg chunk -x vg_vg/ABOFRAM007301868101_wg.xg -a vg_map/ABOFRAM007301868101.gam -C -p 22 -O pg --prefix vg_map/ABOFRAM007301868101_22 && ls -sh vg_map/ABOFRAM007301868101_22_22.gam
        
No wall time information given. This might or might not work on your cluster. If not, specify the resource runtime in your rule or as a reasonable default via --default-resources.
Job 1386 has been submitted with SLURM jobid 11144198 (log: /work/project/CASCAD/mnaji/sm_folder/results/.snakemake/slurm_logs/rule_giraffe_chunk/ABOFRAM007301868101_22/11144198.log).

[Fri Sep 20 08:45:26 2024]
rule giraffe_chunk_vg:
    input: vg_vg/ABOFRAM000709524730_wg.xg
    output: vg_map/ABOFRAM000709524730_1_1.vg
    log: logs/vg/giraffe_chunk_vg_ABOFRAM000709524730_1.log
    jobid: 1121
    reason: Missing output files: vg_map/ABOFRAM000709524730_1_1.vg
    wildcards: sample=ABOFRAM000709524730, chr=1
    resources: mem_mb=11444, mem_mib=7630, disk_mb=9485, disk_mib=9046, tmpdir=<TBD>, slurm_partition=workq, slurm_account=mnaji, mem=12GB, time=28800


        vg chunk -x vg_vg/ABOFRAM000709524730_wg.xg -C -p 1 > vg_map/ABOFRAM000709524730_1_1.vg
        
No wall time information given. This might or might not work on your cluster. If not, specify the resource runtime in your rule or as a reasonable default via --default-resources.
Job 1121 has been submitted with SLURM jobid 11144199 (log: /work/project/CASCAD/mnaji/sm_folder/results/.snakemake/slurm_logs/rule_giraffe_chunk_vg/ABOFRAM000709524730_1/11144199.log).

[Fri Sep 20 08:45:26 2024]
rule giraffe_snarls:
    input: vg_map/ABOFRAM000707401531_15_15.vg
    output: vg_map/ABOFRAM000707401531_pt15.snarls
    log: logs/vg/giraffe_snarls_ABOFRAM000707401531_15.log
    jobid: 1042
    reason: Missing output files: vg_map/ABOFRAM000707401531_pt15.snarls; Input files updated by another job: vg_map/ABOFRAM000707401531_15_15.vg
    wildcards: sample=ABOFRAM000707401531, chr=15
    resources: mem_mb=11444, mem_mib=954, disk_mb=1000, disk_mib=954, tmpdir=<TBD>, slurm_partition=workq, slurm_account=mnaji, mem=12GB, time=28800


        vg snarls vg_map/ABOFRAM000707401531_15_15.vg > vg_map/ABOFRAM000707401531_pt15.snarls
        
No wall time information given. This might or might not work on your cluster. If not, specify the resource runtime in your rule or as a reasonable default via --default-resources.
Job 1042 has been submitted with SLURM jobid 11144200 (log: /work/project/CASCAD/mnaji/sm_folder/results/.snakemake/slurm_logs/rule_giraffe_snarls/ABOFRAM000707401531_15/11144200.log).

[Fri Sep 20 08:45:26 2024]
rule giraffe_chunk_vg:
    input: vg_vg/ABOFRAM000707401531_wg.xg
    output: vg_map/ABOFRAM000707401531_29_29.vg
    log: logs/vg/giraffe_chunk_vg_ABOFRAM000707401531_29.log
    jobid: 1109
    reason: Missing output files: vg_map/ABOFRAM000707401531_29_29.vg
    wildcards: sample=ABOFRAM000707401531, chr=29
    resources: mem_mb=11444, mem_mib=7630, disk_mb=9481, disk_mib=9042, tmpdir=<TBD>, slurm_partition=workq, slurm_account=mnaji, mem=12GB, time=28800


        vg chunk -x vg_vg/ABOFRAM000707401531_wg.xg -C -p 29 > vg_map/ABOFRAM000707401531_29_29.vg
        
No wall time information given. This might or might not work on your cluster. If not, specify the resource runtime in your rule or as a reasonable default via --default-resources.
Job 1109 has been submitted with SLURM jobid 11144201 (log: /work/project/CASCAD/mnaji/sm_folder/results/.snakemake/slurm_logs/rule_giraffe_chunk_vg/ABOFRAM000707401531_29/11144201.log).

[Fri Sep 20 08:45:26 2024]
rule giraffe_chunk_vg:
    input: vg_vg/ABOFRAM000703115255_wg.xg
    output: vg_map/ABOFRAM000703115255_26_26.vg
    log: logs/vg/giraffe_chunk_vg_ABOFRAM000703115255_26.log
    jobid: 939
    reason: Missing output files: vg_map/ABOFRAM000703115255_26_26.vg
    wildcards: sample=ABOFRAM000703115255, chr=26
    resources: mem_mb=11444, mem_mib=7630, disk_mb=9484, disk_mib=9045, tmpdir=<TBD>, slurm_partition=workq, slurm_account=mnaji, mem=12GB, time=28800


        vg chunk -x vg_vg/ABOFRAM000703115255_wg.xg -C -p 26 > vg_map/ABOFRAM000703115255_26_26.vg
        
No wall time information given. This might or might not work on your cluster. If not, specify the resource runtime in your rule or as a reasonable default via --default-resources.
Job 939 has been submitted with SLURM jobid 11144202 (log: /work/project/CASCAD/mnaji/sm_folder/results/.snakemake/slurm_logs/rule_giraffe_chunk_vg/ABOFRAM000703115255_26/11144202.log).

[Fri Sep 20 08:45:27 2024]
rule giraffe_chunk:
    input: vg_vg/ABOFRAM007301868101_wg.xg, vg_map/ABOFRAM007301868101.gam
    output: vg_map/ABOFRAM007301868101_11_11.gam
    log: logs/vg/giraffe_chunk_ABOFRAM007301868101_11.log
    jobid: 1331
    reason: Missing output files: vg_map/ABOFRAM007301868101_11_11.gam
    wildcards: sample=ABOFRAM007301868101, chr=11
    resources: mem_mb=28610, mem_mib=7630, disk_mb=185244, disk_mib=176663, tmpdir=<TBD>, slurm_partition=workq, slurm_account=mnaji, mem=30GB, time=28800


        vg chunk -x vg_vg/ABOFRAM007301868101_wg.xg -a vg_map/ABOFRAM007301868101.gam -C -p 11 -O pg --prefix vg_map/ABOFRAM007301868101_11 && ls -sh vg_map/ABOFRAM007301868101_11_11.gam
        
No wall time information given. This might or might not work on your cluster. If not, specify the resource runtime in your rule or as a reasonable default via --default-resources.
Job 1331 has been submitted with SLURM jobid 11144203 (log: /work/project/CASCAD/mnaji/sm_folder/results/.snakemake/slurm_logs/rule_giraffe_chunk/ABOFRAM007301868101_11/11144203.log).

[Fri Sep 20 08:45:27 2024]
rule giraffe_snarls:
    input: vg_map/ABOFRAM007301868101_X_X.vg
    output: vg_map/ABOFRAM007301868101_ptX.snarls
    log: logs/vg/giraffe_snarls_ABOFRAM007301868101_X.log
    jobid: 1427
    reason: Missing output files: vg_map/ABOFRAM007301868101_ptX.snarls; Input files updated by another job: vg_map/ABOFRAM007301868101_X_X.vg
    wildcards: sample=ABOFRAM007301868101, chr=X
    resources: mem_mb=11444, mem_mib=954, disk_mb=1000, disk_mib=954, tmpdir=<TBD>, slurm_partition=workq, slurm_account=mnaji, mem=12GB, time=28800


        vg snarls vg_map/ABOFRAM007301868101_X_X.vg > vg_map/ABOFRAM007301868101_ptX.snarls
        
No wall time information given. This might or might not work on your cluster. If not, specify the resource runtime in your rule or as a reasonable default via --default-resources.
Job 1427 has been submitted with SLURM jobid 11144204 (log: /work/project/CASCAD/mnaji/sm_folder/results/.snakemake/slurm_logs/rule_giraffe_snarls/ABOFRAM007301868101_X/11144204.log).

[Fri Sep 20 08:45:27 2024]
rule giraffe_snarls:
    input: vg_map/ABOFRAM007401840180_8_8.vg
    output: vg_map/ABOFRAM007401840180_pt8.snarls
    log: logs/vg/giraffe_snarls_ABOFRAM007401840180_8.log
    jobid: 1472
    reason: Missing output files: vg_map/ABOFRAM007401840180_pt8.snarls; Input files updated by another job: vg_map/ABOFRAM007401840180_8_8.vg
    wildcards: sample=ABOFRAM007401840180, chr=8
    resources: mem_mb=11444, mem_mib=954, disk_mb=1000, disk_mib=954, tmpdir=<TBD>, slurm_partition=workq, slurm_account=mnaji, mem=12GB, time=28800


        vg snarls vg_map/ABOFRAM007401840180_8_8.vg > vg_map/ABOFRAM007401840180_pt8.snarls
        
No wall time information given. This might or might not work on your cluster. If not, specify the resource runtime in your rule or as a reasonable default via --default-resources.
Job 1472 has been submitted with SLURM jobid 11144205 (log: /work/project/CASCAD/mnaji/sm_folder/results/.snakemake/slurm_logs/rule_giraffe_snarls/ABOFRAM007401840180_8/11144205.log).

[Fri Sep 20 08:45:27 2024]
rule giraffe_chunk:
    input: vg_vg/ABOFRAM007301868101_wg.xg, vg_map/ABOFRAM007301868101.gam
    output: vg_map/ABOFRAM007301868101_8_8.gam
    log: logs/vg/giraffe_chunk_ABOFRAM007301868101_8.log
    jobid: 1316
    reason: Missing output files: vg_map/ABOFRAM007301868101_8_8.gam
    wildcards: sample=ABOFRAM007301868101, chr=8
    resources: mem_mb=28610, mem_mib=7630, disk_mb=185244, disk_mib=176663, tmpdir=<TBD>, slurm_partition=workq, slurm_account=mnaji, mem=30GB, time=28800


        vg chunk -x vg_vg/ABOFRAM007301868101_wg.xg -a vg_map/ABOFRAM007301868101.gam -C -p 8 -O pg --prefix vg_map/ABOFRAM007301868101_8 && ls -sh vg_map/ABOFRAM007301868101_8_8.gam
        
No wall time information given. This might or might not work on your cluster. If not, specify the resource runtime in your rule or as a reasonable default via --default-resources.
Job 1316 has been submitted with SLURM jobid 11144206 (log: /work/project/CASCAD/mnaji/sm_folder/results/.snakemake/slurm_logs/rule_giraffe_chunk/ABOFRAM007301868101_8/11144206.log).
Select jobs to execute...
[Fri Sep 20 08:45:36 2024]
Finished job 1402.
139 of 886 steps (16%) done
Execute 1 jobs...

[Fri Sep 20 08:45:36 2024]
rule giraffe_chunk_vg:
    input: vg_vg/ABOFRAM000709524730_wg.xg
    output: vg_map/ABOFRAM000709524730_7_7.vg
    log: logs/vg/giraffe_chunk_vg_ABOFRAM000709524730_7.log
    jobid: 1154
    reason: Missing output files: vg_map/ABOFRAM000709524730_7_7.vg
    wildcards: sample=ABOFRAM000709524730, chr=7
    resources: mem_mb=11444, mem_mib=7630, disk_mb=9485, disk_mib=9046, tmpdir=<TBD>, slurm_partition=workq, slurm_account=mnaji, mem=12GB, time=28800


        vg chunk -x vg_vg/ABOFRAM000709524730_wg.xg -C -p 7 > vg_map/ABOFRAM000709524730_7_7.vg
        
No wall time information given. This might or might not work on your cluster. If not, specify the resource runtime in your rule or as a reasonable default via --default-resources.
Job 1154 has been submitted with SLURM jobid 11144207 (log: /work/project/CASCAD/mnaji/sm_folder/results/.snakemake/slurm_logs/rule_giraffe_chunk_vg/ABOFRAM000709524730_7/11144207.log).
[Fri Sep 20 08:45:46 2024]
Finished job 1362.
140 of 886 steps (16%) done
[Fri Sep 20 08:45:46 2024]
Finished job 829.
141 of 886 steps (16%) done
[Fri Sep 20 08:45:46 2024]
Finished job 1169.
142 of 886 steps (16%) done
Select jobs to execute...
Execute 3 jobs...

[Fri Sep 20 08:45:46 2024]
rule giraffe_snarls:
    input: vg_map/ABOFRAM000703115255_4_4.vg
    output: vg_map/ABOFRAM000703115255_pt4.snarls
    log: logs/vg/giraffe_snarls_ABOFRAM000703115255_4.log
    jobid: 832
    reason: Missing output files: vg_map/ABOFRAM000703115255_pt4.snarls; Input files updated by another job: vg_map/ABOFRAM000703115255_4_4.vg
    wildcards: sample=ABOFRAM000703115255, chr=4
    resources: mem_mb=11444, mem_mib=954, disk_mb=1000, disk_mib=954, tmpdir=<TBD>, slurm_partition=workq, slurm_account=mnaji, mem=12GB, time=28800


        vg snarls vg_map/ABOFRAM000703115255_4_4.vg > vg_map/ABOFRAM000703115255_pt4.snarls
        
No wall time information given. This might or might not work on your cluster. If not, specify the resource runtime in your rule or as a reasonable default via --default-resources.
Job 832 has been submitted with SLURM jobid 11144208 (log: /work/project/CASCAD/mnaji/sm_folder/results/.snakemake/slurm_logs/rule_giraffe_snarls/ABOFRAM000703115255_4/11144208.log).

[Fri Sep 20 08:45:46 2024]
rule giraffe_snarls:
    input: vg_map/ABOFRAM000709524730_10_10.vg
    output: vg_map/ABOFRAM000709524730_pt10.snarls
    log: logs/vg/giraffe_snarls_ABOFRAM000709524730_10.log
    jobid: 1172
    reason: Missing output files: vg_map/ABOFRAM000709524730_pt10.snarls; Input files updated by another job: vg_map/ABOFRAM000709524730_10_10.vg
    wildcards: sample=ABOFRAM000709524730, chr=10
    resources: mem_mb=11444, mem_mib=954, disk_mb=1000, disk_mib=954, tmpdir=<TBD>, slurm_partition=workq, slurm_account=mnaji, mem=12GB, time=28800


        vg snarls vg_map/ABOFRAM000709524730_10_10.vg > vg_map/ABOFRAM000709524730_pt10.snarls
        
No wall time information given. This might or might not work on your cluster. If not, specify the resource runtime in your rule or as a reasonable default via --default-resources.
Job 1172 has been submitted with SLURM jobid 11144209 (log: /work/project/CASCAD/mnaji/sm_folder/results/.snakemake/slurm_logs/rule_giraffe_snarls/ABOFRAM000709524730_10/11144209.log).

[Fri Sep 20 08:45:46 2024]
rule giraffe_chunk:
    input: vg_vg/ABOFRAM000703115255_wg.xg, vg_map/ABOFRAM000703115255.gam
    output: vg_map/ABOFRAM000703115255_19_19.gam
    log: logs/vg/giraffe_chunk_ABOFRAM000703115255_19.log
    jobid: 906
    reason: Missing output files: vg_map/ABOFRAM000703115255_19_19.gam
    wildcards: sample=ABOFRAM000703115255, chr=19
    resources: mem_mb=28610, mem_mib=7630, disk_mb=273960, disk_mib=261269, tmpdir=<TBD>, slurm_partition=workq, slurm_account=mnaji, mem=30GB, time=28800


        vg chunk -x vg_vg/ABOFRAM000703115255_wg.xg -a vg_map/ABOFRAM000703115255.gam -C -p 19 -O pg --prefix vg_map/ABOFRAM000703115255_19 && ls -sh vg_map/ABOFRAM000703115255_19_19.gam
        
No wall time information given. This might or might not work on your cluster. If not, specify the resource runtime in your rule or as a reasonable default via --default-resources.
Job 906 has been submitted with SLURM jobid 11144210 (log: /work/project/CASCAD/mnaji/sm_folder/results/.snakemake/slurm_logs/rule_giraffe_chunk/ABOFRAM000703115255_19/11144210.log).
Select jobs to execute...
[Fri Sep 20 08:45:56 2024]
Finished job 1062.
143 of 886 steps (16%) done
[Fri Sep 20 08:45:56 2024]
Finished job 1257.
144 of 886 steps (16%) done
Execute 2 jobs...

[Fri Sep 20 08:45:56 2024]
rule giraffe_chunk_vg:
    input: vg_vg/ABOFRAM007301868101_wg.xg
    output: vg_map/ABOFRAM007301868101_5_5.vg
    log: logs/vg/giraffe_chunk_vg_ABOFRAM007301868101_5.log
    jobid: 1299
    reason: Missing output files: vg_map/ABOFRAM007301868101_5_5.vg
    wildcards: sample=ABOFRAM007301868101, chr=5
    resources: mem_mb=11444, mem_mib=7630, disk_mb=9481, disk_mib=9042, tmpdir=<TBD>, slurm_partition=workq, slurm_account=mnaji, mem=12GB, time=28800


        vg chunk -x vg_vg/ABOFRAM007301868101_wg.xg -C -p 5 > vg_map/ABOFRAM007301868101_5_5.vg
        
No wall time information given. This might or might not work on your cluster. If not, specify the resource runtime in your rule or as a reasonable default via --default-resources.
Job 1299 has been submitted with SLURM jobid 11144211 (log: /work/project/CASCAD/mnaji/sm_folder/results/.snakemake/slurm_logs/rule_giraffe_chunk_vg/ABOFRAM007301868101_5/11144211.log).

[Fri Sep 20 08:45:56 2024]
rule giraffe_chunk:
    input: vg_vg/ABOFRAM007401840180_wg.xg, vg_map/ABOFRAM007401840180.gam
    output: vg_map/ABOFRAM007401840180_29_29.gam
    log: logs/vg/giraffe_chunk_ABOFRAM007401840180_29.log
    jobid: 1576
    reason: Missing output files: vg_map/ABOFRAM007401840180_29_29.gam
    wildcards: sample=ABOFRAM007401840180, chr=29
    resources: mem_mb=28610, mem_mib=7630, disk_mb=196150, disk_mib=187064, tmpdir=<TBD>, slurm_partition=workq, slurm_account=mnaji, mem=30GB, time=28800


        vg chunk -x vg_vg/ABOFRAM007401840180_wg.xg -a vg_map/ABOFRAM007401840180.gam -C -p 29 -O pg --prefix vg_map/ABOFRAM007401840180_29 && ls -sh vg_map/ABOFRAM007401840180_29_29.gam
        
No wall time information given. This might or might not work on your cluster. If not, specify the resource runtime in your rule or as a reasonable default via --default-resources.
Job 1576 has been submitted with SLURM jobid 11144212 (log: /work/project/CASCAD/mnaji/sm_folder/results/.snakemake/slurm_logs/rule_giraffe_chunk/ABOFRAM007401840180_29/11144212.log).
Select jobs to execute...
[Fri Sep 20 08:46:06 2024]
Finished job 1422.
145 of 886 steps (16%) done
[Fri Sep 20 08:46:06 2024]
Finished job 1194.
146 of 886 steps (16%) done
[Fri Sep 20 08:46:06 2024]
Finished job 1209.
147 of 886 steps (17%) done
[Fri Sep 20 08:46:06 2024]
Finished job 1509.
148 of 886 steps (17%) done
[Fri Sep 20 08:46:06 2024]
Finished job 939.
149 of 886 steps (17%) done
Execute 5 jobs...

[Fri Sep 20 08:46:06 2024]
rule giraffe_snarls:
    input: vg_map/ABOFRAM000709524730_18_18.vg
    output: vg_map/ABOFRAM000709524730_pt18.snarls
    log: logs/vg/giraffe_snarls_ABOFRAM000709524730_18.log
    jobid: 1212
    reason: Missing output files: vg_map/ABOFRAM000709524730_pt18.snarls; Input files updated by another job: vg_map/ABOFRAM000709524730_18_18.vg
    wildcards: sample=ABOFRAM000709524730, chr=18
    resources: mem_mb=11444, mem_mib=954, disk_mb=1000, disk_mib=954, tmpdir=<TBD>, slurm_partition=workq, slurm_account=mnaji, mem=12GB, time=28800


        vg snarls vg_map/ABOFRAM000709524730_18_18.vg > vg_map/ABOFRAM000709524730_pt18.snarls
        
No wall time information given. This might or might not work on your cluster. If not, specify the resource runtime in your rule or as a reasonable default via --default-resources.
Job 1212 has been submitted with SLURM jobid 11144213 (log: /work/project/CASCAD/mnaji/sm_folder/results/.snakemake/slurm_logs/rule_giraffe_snarls/ABOFRAM000709524730_18/11144213.log).

[Fri Sep 20 08:46:06 2024]
rule giraffe_chunk_vg:
    input: vg_vg/ABOFRAM007301868101_wg.xg
    output: vg_map/ABOFRAM007301868101_2_2.vg
    log: logs/vg/giraffe_chunk_vg_ABOFRAM007301868101_2.log
    jobid: 1284
    reason: Missing output files: vg_map/ABOFRAM007301868101_2_2.vg
    wildcards: sample=ABOFRAM007301868101, chr=2
    resources: mem_mb=11444, mem_mib=7630, disk_mb=9481, disk_mib=9042, tmpdir=<TBD>, slurm_partition=workq, slurm_account=mnaji, mem=12GB, time=28800


        vg chunk -x vg_vg/ABOFRAM007301868101_wg.xg -C -p 2 > vg_map/ABOFRAM007301868101_2_2.vg
        
No wall time information given. This might or might not work on your cluster. If not, specify the resource runtime in your rule or as a reasonable default via --default-resources.
Job 1284 has been submitted with SLURM jobid 11144214 (log: /work/project/CASCAD/mnaji/sm_folder/results/.snakemake/slurm_logs/rule_giraffe_chunk_vg/ABOFRAM007301868101_2/11144214.log).

[Fri Sep 20 08:46:06 2024]
rule giraffe_snarls:
    input: vg_map/ABOFRAM000709524730_15_15.vg
    output: vg_map/ABOFRAM000709524730_pt15.snarls
    log: logs/vg/giraffe_snarls_ABOFRAM000709524730_15.log
    jobid: 1197
    reason: Missing output files: vg_map/ABOFRAM000709524730_pt15.snarls; Input files updated by another job: vg_map/ABOFRAM000709524730_15_15.vg
    wildcards: sample=ABOFRAM000709524730, chr=15
    resources: mem_mb=11444, mem_mib=954, disk_mb=1000, disk_mib=954, tmpdir=<TBD>, slurm_partition=workq, slurm_account=mnaji, mem=12GB, time=28800


        vg snarls vg_map/ABOFRAM000709524730_15_15.vg > vg_map/ABOFRAM000709524730_pt15.snarls
        
No wall time information given. This might or might not work on your cluster. If not, specify the resource runtime in your rule or as a reasonable default via --default-resources.
Job 1197 has been submitted with SLURM jobid 11144215 (log: /work/project/CASCAD/mnaji/sm_folder/results/.snakemake/slurm_logs/rule_giraffe_snarls/ABOFRAM000709524730_15/11144215.log).

[Fri Sep 20 08:46:07 2024]
rule giraffe_snarls:
    input: vg_map/ABOFRAM000703115255_26_26.vg
    output: vg_map/ABOFRAM000703115255_pt26.snarls
    log: logs/vg/giraffe_snarls_ABOFRAM000703115255_26.log
    jobid: 942
    reason: Missing output files: vg_map/ABOFRAM000703115255_pt26.snarls; Input files updated by another job: vg_map/ABOFRAM000703115255_26_26.vg
    wildcards: sample=ABOFRAM000703115255, chr=26
    resources: mem_mb=11444, mem_mib=954, disk_mb=1000, disk_mib=954, tmpdir=<TBD>, slurm_partition=workq, slurm_account=mnaji, mem=12GB, time=28800


        vg snarls vg_map/ABOFRAM000703115255_26_26.vg > vg_map/ABOFRAM000703115255_pt26.snarls
        
No wall time information given. This might or might not work on your cluster. If not, specify the resource runtime in your rule or as a reasonable default via --default-resources.
Job 942 has been submitted with SLURM jobid 11144216 (log: /work/project/CASCAD/mnaji/sm_folder/results/.snakemake/slurm_logs/rule_giraffe_snarls/ABOFRAM000703115255_26/11144216.log).

[Fri Sep 20 08:46:07 2024]
rule giraffe_snarls:
    input: vg_map/ABOFRAM007401840180_16_16.vg
    output: vg_map/ABOFRAM007401840180_pt16.snarls
    log: logs/vg/giraffe_snarls_ABOFRAM007401840180_16.log
    jobid: 1512
    reason: Missing output files: vg_map/ABOFRAM007401840180_pt16.snarls; Input files updated by another job: vg_map/ABOFRAM007401840180_16_16.vg
    wildcards: sample=ABOFRAM007401840180, chr=16
    resources: mem_mb=11444, mem_mib=954, disk_mb=1000, disk_mib=954, tmpdir=<TBD>, slurm_partition=workq, slurm_account=mnaji, mem=12GB, time=28800


        vg snarls vg_map/ABOFRAM007401840180_16_16.vg > vg_map/ABOFRAM007401840180_pt16.snarls
        
No wall time information given. This might or might not work on your cluster. If not, specify the resource runtime in your rule or as a reasonable default via --default-resources.
Job 1512 has been submitted with SLURM jobid 11144217 (log: /work/project/CASCAD/mnaji/sm_folder/results/.snakemake/slurm_logs/rule_giraffe_snarls/ABOFRAM007401840180_16/11144217.log).
Select jobs to execute...
[Fri Sep 20 08:46:16 2024]
Finished job 1447.
150 of 886 steps (17%) done
[Fri Sep 20 08:46:16 2024]
Finished job 1121.
151 of 886 steps (17%) done
[Fri Sep 20 08:46:16 2024]
Finished job 1109.
152 of 886 steps (17%) done
Execute 3 jobs...

[Fri Sep 20 08:46:16 2024]
rule giraffe_chunk:
    input: vg_vg/ABOFRAM000707401531_wg.xg, vg_map/ABOFRAM000707401531.gam
    output: vg_map/ABOFRAM000707401531_11_11.gam
    log: logs/vg/giraffe_chunk_ABOFRAM000707401531_11.log
    jobid: 1021
    reason: Missing output files: vg_map/ABOFRAM000707401531_11_11.gam
    wildcards: sample=ABOFRAM000707401531, chr=11
    resources: mem_mb=28610, mem_mib=7630, disk_mb=202240, disk_mib=192872, tmpdir=<TBD>, slurm_partition=workq, slurm_account=mnaji, mem=30GB, time=28800


        vg chunk -x vg_vg/ABOFRAM000707401531_wg.xg -a vg_map/ABOFRAM000707401531.gam -C -p 11 -O pg --prefix vg_map/ABOFRAM000707401531_11 && ls -sh vg_map/ABOFRAM000707401531_11_11.gam
        
No wall time information given. This might or might not work on your cluster. If not, specify the resource runtime in your rule or as a reasonable default via --default-resources.
Job 1021 has been submitted with SLURM jobid 11144218 (log: /work/project/CASCAD/mnaji/sm_folder/results/.snakemake/slurm_logs/rule_giraffe_chunk/ABOFRAM000707401531_11/11144218.log).

[Fri Sep 20 08:46:16 2024]
rule giraffe_snarls:
    input: vg_map/ABOFRAM000707401531_29_29.vg
    output: vg_map/ABOFRAM000707401531_pt29.snarls
    log: logs/vg/giraffe_snarls_ABOFRAM000707401531_29.log
    jobid: 1112
    reason: Missing output files: vg_map/ABOFRAM000707401531_pt29.snarls; Input files updated by another job: vg_map/ABOFRAM000707401531_29_29.vg
    wildcards: sample=ABOFRAM000707401531, chr=29
    resources: mem_mb=11444, mem_mib=954, disk_mb=1000, disk_mib=954, tmpdir=<TBD>, slurm_partition=workq, slurm_account=mnaji, mem=12GB, time=28800


        vg snarls vg_map/ABOFRAM000707401531_29_29.vg > vg_map/ABOFRAM000707401531_pt29.snarls
        
No wall time information given. This might or might not work on your cluster. If not, specify the resource runtime in your rule or as a reasonable default via --default-resources.
Job 1112 has been submitted with SLURM jobid 11144219 (log: /work/project/CASCAD/mnaji/sm_folder/results/.snakemake/slurm_logs/rule_giraffe_snarls/ABOFRAM000707401531_29/11144219.log).

[Fri Sep 20 08:46:16 2024]
rule giraffe_snarls:
    input: vg_map/ABOFRAM000709524730_1_1.vg
    output: vg_map/ABOFRAM000709524730_pt1.snarls
    log: logs/vg/giraffe_snarls_ABOFRAM000709524730_1.log
    jobid: 1127
    reason: Missing output files: vg_map/ABOFRAM000709524730_pt1.snarls; Input files updated by another job: vg_map/ABOFRAM000709524730_1_1.vg
    wildcards: sample=ABOFRAM000709524730, chr=1
    resources: mem_mb=11444, mem_mib=954, disk_mb=1000, disk_mib=954, tmpdir=<TBD>, slurm_partition=workq, slurm_account=mnaji, mem=12GB, time=28800


        vg snarls vg_map/ABOFRAM000709524730_1_1.vg > vg_map/ABOFRAM000709524730_pt1.snarls
        
No wall time information given. This might or might not work on your cluster. If not, specify the resource runtime in your rule or as a reasonable default via --default-resources.
Job 1127 has been submitted with SLURM jobid 11144220 (log: /work/project/CASCAD/mnaji/sm_folder/results/.snakemake/slurm_logs/rule_giraffe_snarls/ABOFRAM000709524730_1/11144220.log).
Select jobs to execute...
[Fri Sep 20 08:46:26 2024]
Finished job 1042.
153 of 886 steps (17%) done
Execute 1 jobs...

[Fri Sep 20 08:46:26 2024]
rule giraffe_chunk:
    input: vg_vg/ABOFRAM000703115255_wg.xg, vg_map/ABOFRAM000703115255.gam
    output: vg_map/ABOFRAM000703115255_23_23.gam
    log: logs/vg/giraffe_chunk_ABOFRAM000703115255_23.log
    jobid: 926
    reason: Missing output files: vg_map/ABOFRAM000703115255_23_23.gam
    wildcards: sample=ABOFRAM000703115255, chr=23
    resources: mem_mb=28610, mem_mib=7630, disk_mb=273960, disk_mib=261269, tmpdir=<TBD>, slurm_partition=workq, slurm_account=mnaji, mem=30GB, time=28800


        vg chunk -x vg_vg/ABOFRAM000703115255_wg.xg -a vg_map/ABOFRAM000703115255.gam -C -p 23 -O pg --prefix vg_map/ABOFRAM000703115255_23 && ls -sh vg_map/ABOFRAM000703115255_23_23.gam
        
No wall time information given. This might or might not work on your cluster. If not, specify the resource runtime in your rule or as a reasonable default via --default-resources.
Job 926 has been submitted with SLURM jobid 11144222 (log: /work/project/CASCAD/mnaji/sm_folder/results/.snakemake/slurm_logs/rule_giraffe_chunk/ABOFRAM000703115255_23/11144222.log).
[Fri Sep 20 08:46:36 2024]
Finished job 1522.
154 of 886 steps (17%) done
Select jobs to execute...
Execute 1 jobs...

[Fri Sep 20 08:46:36 2024]
rule giraffe_chunk_vg:
    input: vg_vg/ABOFRAM000707401531_wg.xg
    output: vg_map/ABOFRAM000707401531_11_11.vg
    log: logs/vg/giraffe_chunk_vg_ABOFRAM000707401531_11.log
    jobid: 1019
    reason: Missing output files: vg_map/ABOFRAM000707401531_11_11.vg
    wildcards: sample=ABOFRAM000707401531, chr=11
    resources: mem_mb=11444, mem_mib=7630, disk_mb=9481, disk_mib=9042, tmpdir=<TBD>, slurm_partition=workq, slurm_account=mnaji, mem=12GB, time=28800


        vg chunk -x vg_vg/ABOFRAM000707401531_wg.xg -C -p 11 > vg_map/ABOFRAM000707401531_11_11.vg
        
No wall time information given. This might or might not work on your cluster. If not, specify the resource runtime in your rule or as a reasonable default via --default-resources.
Job 1019 has been submitted with SLURM jobid 11144223 (log: /work/project/CASCAD/mnaji/sm_folder/results/.snakemake/slurm_logs/rule_giraffe_chunk_vg/ABOFRAM000707401531_11/11144223.log).
[Fri Sep 20 08:47:06 2024]
Finished job 914.
155 of 886 steps (17%) done
[Fri Sep 20 08:47:06 2024]
Finished job 832.
156 of 886 steps (18%) done
[Fri Sep 20 08:47:06 2024]
Finished job 1212.
157 of 886 steps (18%) done
[Fri Sep 20 08:47:06 2024]
Finished job 1512.
158 of 886 steps (18%) done
[Fri Sep 20 08:47:06 2024]
Finished job 1112.
159 of 886 steps (18%) done
Select jobs to execute...
Execute 5 jobs...

[Fri Sep 20 08:47:06 2024]
rule giraffe_snarls:
    input: vg_map/ABOFRAM000703115255_21_21.vg
    output: vg_map/ABOFRAM000703115255_pt21.snarls
    log: logs/vg/giraffe_snarls_ABOFRAM000703115255_21.log
    jobid: 917
    reason: Missing output files: vg_map/ABOFRAM000703115255_pt21.snarls; Input files updated by another job: vg_map/ABOFRAM000703115255_21_21.vg
    wildcards: sample=ABOFRAM000703115255, chr=21
    resources: mem_mb=11444, mem_mib=954, disk_mb=1000, disk_mib=954, tmpdir=<TBD>, slurm_partition=workq, slurm_account=mnaji, mem=12GB, time=28800


        vg snarls vg_map/ABOFRAM000703115255_21_21.vg > vg_map/ABOFRAM000703115255_pt21.snarls
        
No wall time information given. This might or might not work on your cluster. If not, specify the resource runtime in your rule or as a reasonable default via --default-resources.
Job 917 has been submitted with SLURM jobid 11144224 (log: /work/project/CASCAD/mnaji/sm_folder/results/.snakemake/slurm_logs/rule_giraffe_snarls/ABOFRAM000703115255_21/11144224.log).

[Fri Sep 20 08:47:07 2024]
rule giraffe_chunk:
    input: vg_vg/ABOFRAM007301868101_wg.xg, vg_map/ABOFRAM007301868101.gam
    output: vg_map/ABOFRAM007301868101_13_13.gam
    log: logs/vg/giraffe_chunk_ABOFRAM007301868101_13.log
    jobid: 1341
    reason: Missing output files: vg_map/ABOFRAM007301868101_13_13.gam
    wildcards: sample=ABOFRAM007301868101, chr=13
    resources: mem_mb=28610, mem_mib=7630, disk_mb=185244, disk_mib=176663, tmpdir=<TBD>, slurm_partition=workq, slurm_account=mnaji, mem=30GB, time=28800


        vg chunk -x vg_vg/ABOFRAM007301868101_wg.xg -a vg_map/ABOFRAM007301868101.gam -C -p 13 -O pg --prefix vg_map/ABOFRAM007301868101_13 && ls -sh vg_map/ABOFRAM007301868101_13_13.gam
        
No wall time information given. This might or might not work on your cluster. If not, specify the resource runtime in your rule or as a reasonable default via --default-resources.
Job 1341 has been submitted with SLURM jobid 11144225 (log: /work/project/CASCAD/mnaji/sm_folder/results/.snakemake/slurm_logs/rule_giraffe_chunk/ABOFRAM007301868101_13/11144225.log).

[Fri Sep 20 08:47:07 2024]
rule giraffe_chunk_vg:
    input: vg_vg/ABOFRAM000703115255_wg.xg
    output: vg_map/ABOFRAM000703115255_13_13.vg
    log: logs/vg/giraffe_chunk_vg_ABOFRAM000703115255_13.log
    jobid: 874
    reason: Missing output files: vg_map/ABOFRAM000703115255_13_13.vg
    wildcards: sample=ABOFRAM000703115255, chr=13
    resources: mem_mb=11444, mem_mib=7630, disk_mb=9484, disk_mib=9045, tmpdir=<TBD>, slurm_partition=workq, slurm_account=mnaji, mem=12GB, time=28800


        vg chunk -x vg_vg/ABOFRAM000703115255_wg.xg -C -p 13 > vg_map/ABOFRAM000703115255_13_13.vg
        
No wall time information given. This might or might not work on your cluster. If not, specify the resource runtime in your rule or as a reasonable default via --default-resources.
Job 874 has been submitted with SLURM jobid 11144226 (log: /work/project/CASCAD/mnaji/sm_folder/results/.snakemake/slurm_logs/rule_giraffe_chunk_vg/ABOFRAM000703115255_13/11144226.log).

[Fri Sep 20 08:47:07 2024]
rule giraffe_chunk_vg:
    input: vg_vg/ABOFRAM000709524730_wg.xg
    output: vg_map/ABOFRAM000709524730_4_4.vg
    log: logs/vg/giraffe_chunk_vg_ABOFRAM000709524730_4.log
    jobid: 1139
    reason: Missing output files: vg_map/ABOFRAM000709524730_4_4.vg
    wildcards: sample=ABOFRAM000709524730, chr=4
    resources: mem_mb=11444, mem_mib=7630, disk_mb=9485, disk_mib=9046, tmpdir=<TBD>, slurm_partition=workq, slurm_account=mnaji, mem=12GB, time=28800


        vg chunk -x vg_vg/ABOFRAM000709524730_wg.xg -C -p 4 > vg_map/ABOFRAM000709524730_4_4.vg
        
No wall time information given. This might or might not work on your cluster. If not, specify the resource runtime in your rule or as a reasonable default via --default-resources.
Job 1139 has been submitted with SLURM jobid 11144227 (log: /work/project/CASCAD/mnaji/sm_folder/results/.snakemake/slurm_logs/rule_giraffe_chunk_vg/ABOFRAM000709524730_4/11144227.log).

[Fri Sep 20 08:47:07 2024]
rule giraffe_chunk_vg:
    input: vg_vg/ABOFRAM007401840180_wg.xg
    output: vg_map/ABOFRAM007401840180_26_26.vg
    log: logs/vg/giraffe_chunk_vg_ABOFRAM007401840180_26.log
    jobid: 1559
    reason: Missing output files: vg_map/ABOFRAM007401840180_26_26.vg
    wildcards: sample=ABOFRAM007401840180, chr=26
    resources: mem_mb=11444, mem_mib=7630, disk_mb=9482, disk_mib=9043, tmpdir=<TBD>, slurm_partition=workq, slurm_account=mnaji, mem=12GB, time=28800


        vg chunk -x vg_vg/ABOFRAM007401840180_wg.xg -C -p 26 > vg_map/ABOFRAM007401840180_26_26.vg
        
No wall time information given. This might or might not work on your cluster. If not, specify the resource runtime in your rule or as a reasonable default via --default-resources.
Job 1559 has been submitted with SLURM jobid 11144228 (log: /work/project/CASCAD/mnaji/sm_folder/results/.snakemake/slurm_logs/rule_giraffe_chunk_vg/ABOFRAM007401840180_26/11144228.log).
Select jobs to execute...
[Fri Sep 20 08:47:16 2024]
Finished job 1409.
160 of 886 steps (18%) done
Execute 1 jobs...

[Fri Sep 20 08:47:16 2024]
rule giraffe_snarls:
    input: vg_map/ABOFRAM007301868101_27_27.vg
    output: vg_map/ABOFRAM007301868101_pt27.snarls
    log: logs/vg/giraffe_snarls_ABOFRAM007301868101_27.log
    jobid: 1412
    reason: Missing output files: vg_map/ABOFRAM007301868101_pt27.snarls; Input files updated by another job: vg_map/ABOFRAM007301868101_27_27.vg
    wildcards: sample=ABOFRAM007301868101, chr=27
    resources: mem_mb=11444, mem_mib=954, disk_mb=1000, disk_mib=954, tmpdir=<TBD>, slurm_partition=workq, slurm_account=mnaji, mem=12GB, time=28800


        vg snarls vg_map/ABOFRAM007301868101_27_27.vg > vg_map/ABOFRAM007301868101_pt27.snarls
        
No wall time information given. This might or might not work on your cluster. If not, specify the resource runtime in your rule or as a reasonable default via --default-resources.
Job 1412 has been submitted with SLURM jobid 11144229 (log: /work/project/CASCAD/mnaji/sm_folder/results/.snakemake/slurm_logs/rule_giraffe_snarls/ABOFRAM007301868101_27/11144229.log).
[Fri Sep 20 08:47:26 2024]
Finished job 1377.
161 of 886 steps (18%) done
[Fri Sep 20 08:47:26 2024]
Finished job 1284.
162 of 886 steps (18%) done
[Fri Sep 20 08:47:26 2024]
Finished job 942.
163 of 886 steps (18%) done
Select jobs to execute...
Execute 3 jobs...

[Fri Sep 20 08:47:27 2024]
rule giraffe_chunk:
    input: vg_vg/ABOFRAM000709524730_wg.xg, vg_map/ABOFRAM000709524730.gam
    output: vg_map/ABOFRAM000709524730_17_17.gam
    log: logs/vg/giraffe_chunk_ABOFRAM000709524730_17.log
    jobid: 1206
    reason: Missing output files: vg_map/ABOFRAM000709524730_17_17.gam
    wildcards: sample=ABOFRAM000709524730, chr=17
    resources: mem_mb=28610, mem_mib=7630, disk_mb=246756, disk_mib=235325, tmpdir=<TBD>, slurm_partition=workq, slurm_account=mnaji, mem=30GB, time=28800


        vg chunk -x vg_vg/ABOFRAM000709524730_wg.xg -a vg_map/ABOFRAM000709524730.gam -C -p 17 -O pg --prefix vg_map/ABOFRAM000709524730_17 && ls -sh vg_map/ABOFRAM000709524730_17_17.gam
        
No wall time information given. This might or might not work on your cluster. If not, specify the resource runtime in your rule or as a reasonable default via --default-resources.
Job 1206 has been submitted with SLURM jobid 11144230 (log: /work/project/CASCAD/mnaji/sm_folder/results/.snakemake/slurm_logs/rule_giraffe_chunk/ABOFRAM000709524730_17/11144230.log).

[Fri Sep 20 08:47:27 2024]
rule giraffe_chunk_vg:
    input: vg_vg/ABOFRAM007401840180_wg.xg
    output: vg_map/ABOFRAM007401840180_1_1.vg
    log: logs/vg/giraffe_chunk_vg_ABOFRAM007401840180_1.log
    jobid: 1431
    reason: Missing output files: vg_map/ABOFRAM007401840180_1_1.vg
    wildcards: sample=ABOFRAM007401840180, chr=1
    resources: mem_mb=11444, mem_mib=7630, disk_mb=9482, disk_mib=9043, tmpdir=<TBD>, slurm_partition=workq, slurm_account=mnaji, mem=12GB, time=28800


        vg chunk -x vg_vg/ABOFRAM007401840180_wg.xg -C -p 1 > vg_map/ABOFRAM007401840180_1_1.vg
        
No wall time information given. This might or might not work on your cluster. If not, specify the resource runtime in your rule or as a reasonable default via --default-resources.
Job 1431 has been submitted with SLURM jobid 11144231 (log: /work/project/CASCAD/mnaji/sm_folder/results/.snakemake/slurm_logs/rule_giraffe_chunk_vg/ABOFRAM007401840180_1/11144231.log).

[Fri Sep 20 08:47:27 2024]
rule giraffe_snarls:
    input: vg_map/ABOFRAM007301868101_2_2.vg
    output: vg_map/ABOFRAM007301868101_pt2.snarls
    log: logs/vg/giraffe_snarls_ABOFRAM007301868101_2.log
    jobid: 1287
    reason: Missing output files: vg_map/ABOFRAM007301868101_pt2.snarls; Input files updated by another job: vg_map/ABOFRAM007301868101_2_2.vg
    wildcards: sample=ABOFRAM007301868101, chr=2
    resources: mem_mb=11444, mem_mib=954, disk_mb=1000, disk_mib=954, tmpdir=<TBD>, slurm_partition=workq, slurm_account=mnaji, mem=12GB, time=28800


        vg snarls vg_map/ABOFRAM007301868101_2_2.vg > vg_map/ABOFRAM007301868101_pt2.snarls
        
No wall time information given. This might or might not work on your cluster. If not, specify the resource runtime in your rule or as a reasonable default via --default-resources.
Job 1287 has been submitted with SLURM jobid 11144232 (log: /work/project/CASCAD/mnaji/sm_folder/results/.snakemake/slurm_logs/rule_giraffe_snarls/ABOFRAM007301868101_2/11144232.log).
Select jobs to execute...
[Fri Sep 20 08:47:36 2024]
Finished job 1299.
164 of 886 steps (19%) done
[Fri Sep 20 08:47:36 2024]
Finished job 1127.
165 of 886 steps (19%) done
Execute 2 jobs...

[Fri Sep 20 08:47:37 2024]
rule giraffe_chunk:
    input: vg_vg/ABOFRAM000703115255_wg.xg, vg_map/ABOFRAM000703115255.gam
    output: vg_map/ABOFRAM000703115255_1_1.gam
    log: logs/vg/giraffe_chunk_ABOFRAM000703115255_1.log
    jobid: 813
    reason: Missing output files: vg_map/ABOFRAM000703115255_1_1.gam
    wildcards: sample=ABOFRAM000703115255, chr=1
    resources: mem_mb=28610, mem_mib=7630, disk_mb=273960, disk_mib=261269, tmpdir=<TBD>, slurm_partition=workq, slurm_account=mnaji, mem=30GB, time=28800


        vg chunk -x vg_vg/ABOFRAM000703115255_wg.xg -a vg_map/ABOFRAM000703115255.gam -C -p 1 -O pg --prefix vg_map/ABOFRAM000703115255_1 && ls -sh vg_map/ABOFRAM000703115255_1_1.gam
        
No wall time information given. This might or might not work on your cluster. If not, specify the resource runtime in your rule or as a reasonable default via --default-resources.
Job 813 has been submitted with SLURM jobid 11144233 (log: /work/project/CASCAD/mnaji/sm_folder/results/.snakemake/slurm_logs/rule_giraffe_chunk/ABOFRAM000703115255_1/11144233.log).

[Fri Sep 20 08:47:37 2024]
rule giraffe_snarls:
    input: vg_map/ABOFRAM007301868101_5_5.vg
    output: vg_map/ABOFRAM007301868101_pt5.snarls
    log: logs/vg/giraffe_snarls_ABOFRAM007301868101_5.log
    jobid: 1302
    reason: Missing output files: vg_map/ABOFRAM007301868101_pt5.snarls; Input files updated by another job: vg_map/ABOFRAM007301868101_5_5.vg
    wildcards: sample=ABOFRAM007301868101, chr=5
    resources: mem_mb=11444, mem_mib=954, disk_mb=1000, disk_mib=954, tmpdir=<TBD>, slurm_partition=workq, slurm_account=mnaji, mem=12GB, time=28800


        vg snarls vg_map/ABOFRAM007301868101_5_5.vg > vg_map/ABOFRAM007301868101_pt5.snarls
        
No wall time information given. This might or might not work on your cluster. If not, specify the resource runtime in your rule or as a reasonable default via --default-resources.
Job 1302 has been submitted with SLURM jobid 11144234 (log: /work/project/CASCAD/mnaji/sm_folder/results/.snakemake/slurm_logs/rule_giraffe_snarls/ABOFRAM007301868101_5/11144234.log).
Select jobs to execute...
[Fri Sep 20 08:47:47 2024]
Finished job 1559.
166 of 886 steps (19%) done
Execute 1 jobs...

[Fri Sep 20 08:47:47 2024]
rule giraffe_snarls:
    input: vg_map/ABOFRAM007401840180_26_26.vg
    output: vg_map/ABOFRAM007401840180_pt26.snarls
    log: logs/vg/giraffe_snarls_ABOFRAM007401840180_26.log
    jobid: 1562
    reason: Missing output files: vg_map/ABOFRAM007401840180_pt26.snarls; Input files updated by another job: vg_map/ABOFRAM007401840180_26_26.vg
    wildcards: sample=ABOFRAM007401840180, chr=26
    resources: mem_mb=11444, mem_mib=954, disk_mb=1000, disk_mib=954, tmpdir=<TBD>, slurm_partition=workq, slurm_account=mnaji, mem=12GB, time=28800


        vg snarls vg_map/ABOFRAM007401840180_26_26.vg > vg_map/ABOFRAM007401840180_pt26.snarls
        
No wall time information given. This might or might not work on your cluster. If not, specify the resource runtime in your rule or as a reasonable default via --default-resources.
Job 1562 has been submitted with SLURM jobid 11144235 (log: /work/project/CASCAD/mnaji/sm_folder/results/.snakemake/slurm_logs/rule_giraffe_snarls/ABOFRAM007401840180_26/11144235.log).
[Fri Sep 20 08:47:57 2024]
Finished job 962.
167 of 886 steps (19%) done
[Fri Sep 20 08:47:57 2024]
Finished job 1472.
168 of 886 steps (19%) done
[Fri Sep 20 08:47:57 2024]
Finished job 1154.
169 of 886 steps (19%) done
[Fri Sep 20 08:47:57 2024]
Finished job 1172.
170 of 886 steps (19%) done
Select jobs to execute...
Execute 4 jobs...

[Fri Sep 20 08:47:57 2024]
rule giraffe_chunk:
    input: vg_vg/ABOFRAM000703115255_wg.xg, vg_map/ABOFRAM000703115255.gam
    output: vg_map/ABOFRAM000703115255_16_16.gam
    log: logs/vg/giraffe_chunk_ABOFRAM000703115255_16.log
    jobid: 891
    reason: Missing output files: vg_map/ABOFRAM000703115255_16_16.gam
    wildcards: sample=ABOFRAM000703115255, chr=16
    resources: mem_mb=28610, mem_mib=7630, disk_mb=273960, disk_mib=261269, tmpdir=<TBD>, slurm_partition=workq, slurm_account=mnaji, mem=30GB, time=28800


        vg chunk -x vg_vg/ABOFRAM000703115255_wg.xg -a vg_map/ABOFRAM000703115255.gam -C -p 16 -O pg --prefix vg_map/ABOFRAM000703115255_16 && ls -sh vg_map/ABOFRAM000703115255_16_16.gam
        
No wall time information given. This might or might not work on your cluster. If not, specify the resource runtime in your rule or as a reasonable default via --default-resources.
Job 891 has been submitted with SLURM jobid 11144237 (log: /work/project/CASCAD/mnaji/sm_folder/results/.snakemake/slurm_logs/rule_giraffe_chunk/ABOFRAM000703115255_16/11144237.log).

[Fri Sep 20 08:47:57 2024]
rule giraffe_chunk:
    input: vg_vg/ABOFRAM007301868101_wg.xg, vg_map/ABOFRAM007301868101.gam
    output: vg_map/ABOFRAM007301868101_18_18.gam
    log: logs/vg/giraffe_chunk_ABOFRAM007301868101_18.log
    jobid: 1366
    reason: Missing output files: vg_map/ABOFRAM007301868101_18_18.gam
    wildcards: sample=ABOFRAM007301868101, chr=18
    resources: mem_mb=28610, mem_mib=7630, disk_mb=185244, disk_mib=176663, tmpdir=<TBD>, slurm_partition=workq, slurm_account=mnaji, mem=30GB, time=28800


        vg chunk -x vg_vg/ABOFRAM007301868101_wg.xg -a vg_map/ABOFRAM007301868101.gam -C -p 18 -O pg --prefix vg_map/ABOFRAM007301868101_18 && ls -sh vg_map/ABOFRAM007301868101_18_18.gam
        
No wall time information given. This might or might not work on your cluster. If not, specify the resource runtime in your rule or as a reasonable default via --default-resources.
Job 1366 has been submitted with SLURM jobid 11144238 (log: /work/project/CASCAD/mnaji/sm_folder/results/.snakemake/slurm_logs/rule_giraffe_chunk/ABOFRAM007301868101_18/11144238.log).

[Fri Sep 20 08:47:57 2024]
rule giraffe_chunk:
    input: vg_vg/ABOFRAM007301868101_wg.xg, vg_map/ABOFRAM007301868101.gam
    output: vg_map/ABOFRAM007301868101_24_24.gam
    log: logs/vg/giraffe_chunk_ABOFRAM007301868101_24.log
    jobid: 1396
    reason: Missing output files: vg_map/ABOFRAM007301868101_24_24.gam
    wildcards: sample=ABOFRAM007301868101, chr=24
    resources: mem_mb=28610, mem_mib=7630, disk_mb=185244, disk_mib=176663, tmpdir=<TBD>, slurm_partition=workq, slurm_account=mnaji, mem=30GB, time=28800


        vg chunk -x vg_vg/ABOFRAM007301868101_wg.xg -a vg_map/ABOFRAM007301868101.gam -C -p 24 -O pg --prefix vg_map/ABOFRAM007301868101_24 && ls -sh vg_map/ABOFRAM007301868101_24_24.gam
        
No wall time information given. This might or might not work on your cluster. If not, specify the resource runtime in your rule or as a reasonable default via --default-resources.
Job 1396 has been submitted with SLURM jobid 11144239 (log: /work/project/CASCAD/mnaji/sm_folder/results/.snakemake/slurm_logs/rule_giraffe_chunk/ABOFRAM007301868101_24/11144239.log).

[Fri Sep 20 08:47:57 2024]
rule giraffe_snarls:
    input: vg_map/ABOFRAM000709524730_7_7.vg
    output: vg_map/ABOFRAM000709524730_pt7.snarls
    log: logs/vg/giraffe_snarls_ABOFRAM000709524730_7.log
    jobid: 1157
    reason: Missing output files: vg_map/ABOFRAM000709524730_pt7.snarls; Input files updated by another job: vg_map/ABOFRAM000709524730_7_7.vg
    wildcards: sample=ABOFRAM000709524730, chr=7
    resources: mem_mb=11444, mem_mib=954, disk_mb=1000, disk_mib=954, tmpdir=<TBD>, slurm_partition=workq, slurm_account=mnaji, mem=12GB, time=28800


        vg snarls vg_map/ABOFRAM000709524730_7_7.vg > vg_map/ABOFRAM000709524730_pt7.snarls
        
No wall time information given. This might or might not work on your cluster. If not, specify the resource runtime in your rule or as a reasonable default via --default-resources.
Job 1157 has been submitted with SLURM jobid 11144240 (log: /work/project/CASCAD/mnaji/sm_folder/results/.snakemake/slurm_logs/rule_giraffe_snarls/ABOFRAM000709524730_7/11144240.log).
Select jobs to execute...
[Fri Sep 20 08:48:07 2024]
Finished job 1019.
171 of 886 steps (19%) done
[Fri Sep 20 08:48:07 2024]
Finished job 917.
172 of 886 steps (19%) done
[Fri Sep 20 08:48:07 2024]
Finished job 1139.
173 of 886 steps (20%) done
[Fri Sep 20 08:48:07 2024]
Finished job 1412.
174 of 886 steps (20%) done
Execute 4 jobs...

[Fri Sep 20 08:48:07 2024]
rule giraffe_chunk:
    input: vg_vg/ABOFRAM007401840180_wg.xg, vg_map/ABOFRAM007401840180.gam
    output: vg_map/ABOFRAM007401840180_24_24.gam
    log: logs/vg/giraffe_chunk_ABOFRAM007401840180_24.log
    jobid: 1551
    reason: Missing output files: vg_map/ABOFRAM007401840180_24_24.gam
    wildcards: sample=ABOFRAM007401840180, chr=24
    resources: mem_mb=28610, mem_mib=7630, disk_mb=196150, disk_mib=187064, tmpdir=<TBD>, slurm_partition=workq, slurm_account=mnaji, mem=30GB, time=28800


        vg chunk -x vg_vg/ABOFRAM007401840180_wg.xg -a vg_map/ABOFRAM007401840180.gam -C -p 24 -O pg --prefix vg_map/ABOFRAM007401840180_24 && ls -sh vg_map/ABOFRAM007401840180_24_24.gam
        
No wall time information given. This might or might not work on your cluster. If not, specify the resource runtime in your rule or as a reasonable default via --default-resources.
Job 1551 has been submitted with SLURM jobid 11144241 (log: /work/project/CASCAD/mnaji/sm_folder/results/.snakemake/slurm_logs/rule_giraffe_chunk/ABOFRAM007401840180_24/11144241.log).

[Fri Sep 20 08:48:07 2024]
rule giraffe_snarls:
    input: vg_map/ABOFRAM000707401531_11_11.vg
    output: vg_map/ABOFRAM000707401531_pt11.snarls
    log: logs/vg/giraffe_snarls_ABOFRAM000707401531_11.log
    jobid: 1022
    reason: Missing output files: vg_map/ABOFRAM000707401531_pt11.snarls; Input files updated by another job: vg_map/ABOFRAM000707401531_11_11.vg
    wildcards: sample=ABOFRAM000707401531, chr=11
    resources: mem_mb=11444, mem_mib=954, disk_mb=1000, disk_mib=954, tmpdir=<TBD>, slurm_partition=workq, slurm_account=mnaji, mem=12GB, time=28800


        vg snarls vg_map/ABOFRAM000707401531_11_11.vg > vg_map/ABOFRAM000707401531_pt11.snarls
        
No wall time information given. This might or might not work on your cluster. If not, specify the resource runtime in your rule or as a reasonable default via --default-resources.
Job 1022 has been submitted with SLURM jobid 11144242 (log: /work/project/CASCAD/mnaji/sm_folder/results/.snakemake/slurm_logs/rule_giraffe_snarls/ABOFRAM000707401531_11/11144242.log).

[Fri Sep 20 08:48:07 2024]
rule giraffe_chunk_vg:
    input: vg_vg/ABOFRAM000709524730_wg.xg
    output: vg_map/ABOFRAM000709524730_24_24.vg
    log: logs/vg/giraffe_chunk_vg_ABOFRAM000709524730_24.log
    jobid: 1239
    reason: Missing output files: vg_map/ABOFRAM000709524730_24_24.vg
    wildcards: sample=ABOFRAM000709524730, chr=24
    resources: mem_mb=11444, mem_mib=7630, disk_mb=9485, disk_mib=9046, tmpdir=<TBD>, slurm_partition=workq, slurm_account=mnaji, mem=12GB, time=28800


        vg chunk -x vg_vg/ABOFRAM000709524730_wg.xg -C -p 24 > vg_map/ABOFRAM000709524730_24_24.vg
        
No wall time information given. This might or might not work on your cluster. If not, specify the resource runtime in your rule or as a reasonable default via --default-resources.
Job 1239 has been submitted with SLURM jobid 11144243 (log: /work/project/CASCAD/mnaji/sm_folder/results/.snakemake/slurm_logs/rule_giraffe_chunk_vg/ABOFRAM000709524730_24/11144243.log).

[Fri Sep 20 08:48:07 2024]
rule giraffe_snarls:
    input: vg_map/ABOFRAM000709524730_4_4.vg
    output: vg_map/ABOFRAM000709524730_pt4.snarls
    log: logs/vg/giraffe_snarls_ABOFRAM000709524730_4.log
    jobid: 1142
    reason: Missing output files: vg_map/ABOFRAM000709524730_pt4.snarls; Input files updated by another job: vg_map/ABOFRAM000709524730_4_4.vg
    wildcards: sample=ABOFRAM000709524730, chr=4
    resources: mem_mb=11444, mem_mib=954, disk_mb=1000, disk_mib=954, tmpdir=<TBD>, slurm_partition=workq, slurm_account=mnaji, mem=12GB, time=28800


        vg snarls vg_map/ABOFRAM000709524730_4_4.vg > vg_map/ABOFRAM000709524730_pt4.snarls
        
No wall time information given. This might or might not work on your cluster. If not, specify the resource runtime in your rule or as a reasonable default via --default-resources.
Job 1142 has been submitted with SLURM jobid 11144244 (log: /work/project/CASCAD/mnaji/sm_folder/results/.snakemake/slurm_logs/rule_giraffe_snarls/ABOFRAM000709524730_4/11144244.log).
Select jobs to execute...
[Fri Sep 20 08:48:17 2024]
Finished job 1427.
175 of 886 steps (20%) done
[Fri Sep 20 08:48:17 2024]
Finished job 1197.
176 of 886 steps (20%) done
Execute 2 jobs...

[Fri Sep 20 08:48:17 2024]
rule giraffe_chunk_vg:
    input: vg_vg/ABOFRAM000707401531_wg.xg
    output: vg_map/ABOFRAM000707401531_23_23.vg
    log: logs/vg/giraffe_chunk_vg_ABOFRAM000707401531_23.log
    jobid: 1079
    reason: Missing output files: vg_map/ABOFRAM000707401531_23_23.vg
    wildcards: sample=ABOFRAM000707401531, chr=23
    resources: mem_mb=11444, mem_mib=7630, disk_mb=9481, disk_mib=9042, tmpdir=<TBD>, slurm_partition=workq, slurm_account=mnaji, mem=12GB, time=28800


        vg chunk -x vg_vg/ABOFRAM000707401531_wg.xg -C -p 23 > vg_map/ABOFRAM000707401531_23_23.vg
        
No wall time information given. This might or might not work on your cluster. If not, specify the resource runtime in your rule or as a reasonable default via --default-resources.
Job 1079 has been submitted with SLURM jobid 11144245 (log: /work/project/CASCAD/mnaji/sm_folder/results/.snakemake/slurm_logs/rule_giraffe_chunk_vg/ABOFRAM000707401531_23/11144245.log).

[Fri Sep 20 08:48:17 2024]
rule giraffe_chunk:
    input: vg_vg/ABOFRAM007301868101_wg.xg, vg_map/ABOFRAM007301868101.gam
    output: vg_map/ABOFRAM007301868101_29_29.gam
    log: logs/vg/giraffe_chunk_ABOFRAM007301868101_29.log
    jobid: 1421
    reason: Missing output files: vg_map/ABOFRAM007301868101_29_29.gam
    wildcards: sample=ABOFRAM007301868101, chr=29
    resources: mem_mb=28610, mem_mib=7630, disk_mb=185244, disk_mib=176663, tmpdir=<TBD>, slurm_partition=workq, slurm_account=mnaji, mem=30GB, time=28800


        vg chunk -x vg_vg/ABOFRAM007301868101_wg.xg -a vg_map/ABOFRAM007301868101.gam -C -p 29 -O pg --prefix vg_map/ABOFRAM007301868101_29 && ls -sh vg_map/ABOFRAM007301868101_29_29.gam
        
No wall time information given. This might or might not work on your cluster. If not, specify the resource runtime in your rule or as a reasonable default via --default-resources.
Job 1421 has been submitted with SLURM jobid 11144246 (log: /work/project/CASCAD/mnaji/sm_folder/results/.snakemake/slurm_logs/rule_giraffe_chunk/ABOFRAM007301868101_29/11144246.log).
Select jobs to execute...
[Fri Sep 20 08:48:47 2024]
Finished job 1562.
177 of 886 steps (20%) done
[Fri Sep 20 08:48:47 2024]
Finished job 1239.
178 of 886 steps (20%) done
Execute 2 jobs...

[Fri Sep 20 08:48:47 2024]
rule giraffe_chunk_vg:
    input: vg_vg/ABOFRAM000707401531_wg.xg
    output: vg_map/ABOFRAM000707401531_6_6.vg
    log: logs/vg/giraffe_chunk_vg_ABOFRAM000707401531_6.log
    jobid: 994
    reason: Missing output files: vg_map/ABOFRAM000707401531_6_6.vg
    wildcards: sample=ABOFRAM000707401531, chr=6
    resources: mem_mb=11444, mem_mib=7630, disk_mb=9481, disk_mib=9042, tmpdir=<TBD>, slurm_partition=workq, slurm_account=mnaji, mem=12GB, time=28800


        vg chunk -x vg_vg/ABOFRAM000707401531_wg.xg -C -p 6 > vg_map/ABOFRAM000707401531_6_6.vg
        
No wall time information given. This might or might not work on your cluster. If not, specify the resource runtime in your rule or as a reasonable default via --default-resources.
Job 994 has been submitted with SLURM jobid 11144247 (log: /work/project/CASCAD/mnaji/sm_folder/results/.snakemake/slurm_logs/rule_giraffe_chunk_vg/ABOFRAM000707401531_6/11144247.log).

[Fri Sep 20 08:48:47 2024]
rule giraffe_snarls:
    input: vg_map/ABOFRAM000709524730_24_24.vg
    output: vg_map/ABOFRAM000709524730_pt24.snarls
    log: logs/vg/giraffe_snarls_ABOFRAM000709524730_24.log
    jobid: 1242
    reason: Missing output files: vg_map/ABOFRAM000709524730_pt24.snarls; Input files updated by another job: vg_map/ABOFRAM000709524730_24_24.vg
    wildcards: sample=ABOFRAM000709524730, chr=24
    resources: mem_mb=11444, mem_mib=954, disk_mb=1000, disk_mib=954, tmpdir=<TBD>, slurm_partition=workq, slurm_account=mnaji, mem=12GB, time=28800


        vg snarls vg_map/ABOFRAM000709524730_24_24.vg > vg_map/ABOFRAM000709524730_pt24.snarls
        
No wall time information given. This might or might not work on your cluster. If not, specify the resource runtime in your rule or as a reasonable default via --default-resources.
Job 1242 has been submitted with SLURM jobid 11144248 (log: /work/project/CASCAD/mnaji/sm_folder/results/.snakemake/slurm_logs/rule_giraffe_snarls/ABOFRAM000709524730_24/11144248.log).
Select jobs to execute...
[Fri Sep 20 08:48:57 2024]
Finished job 874.
179 of 886 steps (20%) done
[Fri Sep 20 08:48:57 2024]
Finished job 1431.
180 of 886 steps (20%) done
[Fri Sep 20 08:48:57 2024]
Finished job 1287.
181 of 886 steps (20%) done
[Fri Sep 20 08:48:57 2024]
Finished job 1302.
182 of 886 steps (21%) done
[Fri Sep 20 08:48:57 2024]
Finished job 1079.
183 of 886 steps (21%) done
Execute 5 jobs...

[Fri Sep 20 08:48:57 2024]
rule giraffe_snarls:
    input: vg_map/ABOFRAM000707401531_23_23.vg
    output: vg_map/ABOFRAM000707401531_pt23.snarls
    log: logs/vg/giraffe_snarls_ABOFRAM000707401531_23.log
    jobid: 1082
    reason: Missing output files: vg_map/ABOFRAM000707401531_pt23.snarls; Input files updated by another job: vg_map/ABOFRAM000707401531_23_23.vg
    wildcards: sample=ABOFRAM000707401531, chr=23
    resources: mem_mb=11444, mem_mib=954, disk_mb=1000, disk_mib=954, tmpdir=<TBD>, slurm_partition=workq, slurm_account=mnaji, mem=12GB, time=28800


        vg snarls vg_map/ABOFRAM000707401531_23_23.vg > vg_map/ABOFRAM000707401531_pt23.snarls
        
No wall time information given. This might or might not work on your cluster. If not, specify the resource runtime in your rule or as a reasonable default via --default-resources.
Job 1082 has been submitted with SLURM jobid 11144249 (log: /work/project/CASCAD/mnaji/sm_folder/results/.snakemake/slurm_logs/rule_giraffe_snarls/ABOFRAM000707401531_23/11144249.log).

[Fri Sep 20 08:48:57 2024]
rule giraffe_chunk:
    input: vg_vg/ABOFRAM007401840180_wg.xg, vg_map/ABOFRAM007401840180.gam
    output: vg_map/ABOFRAM007401840180_7_7.gam
    log: logs/vg/giraffe_chunk_ABOFRAM007401840180_7.log
    jobid: 1466
    reason: Missing output files: vg_map/ABOFRAM007401840180_7_7.gam
    wildcards: sample=ABOFRAM007401840180, chr=7
    resources: mem_mb=28610, mem_mib=7630, disk_mb=196150, disk_mib=187064, tmpdir=<TBD>, slurm_partition=workq, slurm_account=mnaji, mem=30GB, time=28800


        vg chunk -x vg_vg/ABOFRAM007401840180_wg.xg -a vg_map/ABOFRAM007401840180.gam -C -p 7 -O pg --prefix vg_map/ABOFRAM007401840180_7 && ls -sh vg_map/ABOFRAM007401840180_7_7.gam
        
No wall time information given. This might or might not work on your cluster. If not, specify the resource runtime in your rule or as a reasonable default via --default-resources.
Job 1466 has been submitted with SLURM jobid 11144250 (log: /work/project/CASCAD/mnaji/sm_folder/results/.snakemake/slurm_logs/rule_giraffe_chunk/ABOFRAM007401840180_7/11144250.log).

[Fri Sep 20 08:48:58 2024]
rule giraffe_snarls:
    input: vg_map/ABOFRAM000703115255_13_13.vg
    output: vg_map/ABOFRAM000703115255_pt13.snarls
    log: logs/vg/giraffe_snarls_ABOFRAM000703115255_13.log
    jobid: 877
    reason: Missing output files: vg_map/ABOFRAM000703115255_pt13.snarls; Input files updated by another job: vg_map/ABOFRAM000703115255_13_13.vg
    wildcards: sample=ABOFRAM000703115255, chr=13
    resources: mem_mb=11444, mem_mib=954, disk_mb=1000, disk_mib=954, tmpdir=<TBD>, slurm_partition=workq, slurm_account=mnaji, mem=12GB, time=28800


        vg snarls vg_map/ABOFRAM000703115255_13_13.vg > vg_map/ABOFRAM000703115255_pt13.snarls
        
No wall time information given. This might or might not work on your cluster. If not, specify the resource runtime in your rule or as a reasonable default via --default-resources.
Job 877 has been submitted with SLURM jobid 11144251 (log: /work/project/CASCAD/mnaji/sm_folder/results/.snakemake/slurm_logs/rule_giraffe_snarls/ABOFRAM000703115255_13/11144251.log).

[Fri Sep 20 08:48:58 2024]
rule giraffe_chunk_vg:
    input: vg_vg/ABOFRAM000703115255_wg.xg
    output: vg_map/ABOFRAM000703115255_27_27.vg
    log: logs/vg/giraffe_chunk_vg_ABOFRAM000703115255_27.log
    jobid: 944
    reason: Missing output files: vg_map/ABOFRAM000703115255_27_27.vg
    wildcards: sample=ABOFRAM000703115255, chr=27
    resources: mem_mb=11444, mem_mib=7630, disk_mb=9484, disk_mib=9045, tmpdir=<TBD>, slurm_partition=workq, slurm_account=mnaji, mem=12GB, time=28800


        vg chunk -x vg_vg/ABOFRAM000703115255_wg.xg -C -p 27 > vg_map/ABOFRAM000703115255_27_27.vg
        
No wall time information given. This might or might not work on your cluster. If not, specify the resource runtime in your rule or as a reasonable default via --default-resources.
Job 944 has been submitted with SLURM jobid 11144252 (log: /work/project/CASCAD/mnaji/sm_folder/results/.snakemake/slurm_logs/rule_giraffe_chunk_vg/ABOFRAM000703115255_27/11144252.log).

[Fri Sep 20 08:48:58 2024]
rule giraffe_snarls:
    input: vg_map/ABOFRAM007401840180_1_1.vg
    output: vg_map/ABOFRAM007401840180_pt1.snarls
    log: logs/vg/giraffe_snarls_ABOFRAM007401840180_1.log
    jobid: 1437
    reason: Missing output files: vg_map/ABOFRAM007401840180_pt1.snarls; Input files updated by another job: vg_map/ABOFRAM007401840180_1_1.vg
    wildcards: sample=ABOFRAM007401840180, chr=1
    resources: mem_mb=11444, mem_mib=954, disk_mb=1000, disk_mib=954, tmpdir=<TBD>, slurm_partition=workq, slurm_account=mnaji, mem=12GB, time=28800


        vg snarls vg_map/ABOFRAM007401840180_1_1.vg > vg_map/ABOFRAM007401840180_pt1.snarls
        
No wall time information given. This might or might not work on your cluster. If not, specify the resource runtime in your rule or as a reasonable default via --default-resources.
Job 1437 has been submitted with SLURM jobid 11144253 (log: /work/project/CASCAD/mnaji/sm_folder/results/.snakemake/slurm_logs/rule_giraffe_snarls/ABOFRAM007401840180_1/11144253.log).
Select jobs to execute...
[Fri Sep 20 08:49:27 2024]
Finished job 1157.
184 of 886 steps (21%) done
[Fri Sep 20 08:49:27 2024]
Finished job 1022.
185 of 886 steps (21%) done
Execute 2 jobs...

[Fri Sep 20 08:49:27 2024]
rule giraffe_chunk:
    input: vg_vg/ABOFRAM000703115255_wg.xg, vg_map/ABOFRAM000703115255.gam
    output: vg_map/ABOFRAM000703115255_21_21.gam
    log: logs/vg/giraffe_chunk_ABOFRAM000703115255_21.log
    jobid: 916
    reason: Missing output files: vg_map/ABOFRAM000703115255_21_21.gam
    wildcards: sample=ABOFRAM000703115255, chr=21
    resources: mem_mb=28610, mem_mib=7630, disk_mb=273960, disk_mib=261269, tmpdir=<TBD>, slurm_partition=workq, slurm_account=mnaji, mem=30GB, time=28800


        vg chunk -x vg_vg/ABOFRAM000703115255_wg.xg -a vg_map/ABOFRAM000703115255.gam -C -p 21 -O pg --prefix vg_map/ABOFRAM000703115255_21 && ls -sh vg_map/ABOFRAM000703115255_21_21.gam
        
No wall time information given. This might or might not work on your cluster. If not, specify the resource runtime in your rule or as a reasonable default via --default-resources.
Job 916 has been submitted with SLURM jobid 11144256 (log: /work/project/CASCAD/mnaji/sm_folder/results/.snakemake/slurm_logs/rule_giraffe_chunk/ABOFRAM000703115255_21/11144256.log).

[Fri Sep 20 08:49:28 2024]
rule giraffe_chunk:
    input: vg_vg/ABOFRAM007401840180_wg.xg, vg_map/ABOFRAM007401840180.gam
    output: vg_map/ABOFRAM007401840180_5_5.gam
    log: logs/vg/giraffe_chunk_ABOFRAM007401840180_5.log
    jobid: 1456
    reason: Missing output files: vg_map/ABOFRAM007401840180_5_5.gam
    wildcards: sample=ABOFRAM007401840180, chr=5
    resources: mem_mb=28610, mem_mib=7630, disk_mb=196150, disk_mib=187064, tmpdir=<TBD>, slurm_partition=workq, slurm_account=mnaji, mem=30GB, time=28800


        vg chunk -x vg_vg/ABOFRAM007401840180_wg.xg -a vg_map/ABOFRAM007401840180.gam -C -p 5 -O pg --prefix vg_map/ABOFRAM007401840180_5 && ls -sh vg_map/ABOFRAM007401840180_5_5.gam
        
No wall time information given. This might or might not work on your cluster. If not, specify the resource runtime in your rule or as a reasonable default via --default-resources.
Job 1456 has been submitted with SLURM jobid 11144257 (log: /work/project/CASCAD/mnaji/sm_folder/results/.snakemake/slurm_logs/rule_giraffe_chunk/ABOFRAM007401840180_5/11144257.log).
Select jobs to execute...
[Fri Sep 20 08:49:37 2024]
Finished job 1142.
186 of 886 steps (21%) done
[Fri Sep 20 08:49:37 2024]
Finished job 994.
187 of 886 steps (21%) done
[Fri Sep 20 08:49:37 2024]
Finished job 1242.
188 of 886 steps (21%) done
[Fri Sep 20 08:49:37 2024]
Finished job 944.
189 of 886 steps (21%) done
Execute 4 jobs...

[Fri Sep 20 08:49:37 2024]
rule giraffe_snarls:
    input: vg_map/ABOFRAM000707401531_6_6.vg
    output: vg_map/ABOFRAM000707401531_pt6.snarls
    log: logs/vg/giraffe_snarls_ABOFRAM000707401531_6.log
    jobid: 997
    reason: Missing output files: vg_map/ABOFRAM000707401531_pt6.snarls; Input files updated by another job: vg_map/ABOFRAM000707401531_6_6.vg
    wildcards: sample=ABOFRAM000707401531, chr=6
    resources: mem_mb=11444, mem_mib=954, disk_mb=1000, disk_mib=954, tmpdir=<TBD>, slurm_partition=workq, slurm_account=mnaji, mem=12GB, time=28800


        vg snarls vg_map/ABOFRAM000707401531_6_6.vg > vg_map/ABOFRAM000707401531_pt6.snarls
        
No wall time information given. This might or might not work on your cluster. If not, specify the resource runtime in your rule or as a reasonable default via --default-resources.
Job 997 has been submitted with SLURM jobid 11144258 (log: /work/project/CASCAD/mnaji/sm_folder/results/.snakemake/slurm_logs/rule_giraffe_snarls/ABOFRAM000707401531_6/11144258.log).

[Fri Sep 20 08:49:38 2024]
rule giraffe_snarls:
    input: vg_map/ABOFRAM000703115255_27_27.vg
    output: vg_map/ABOFRAM000703115255_pt27.snarls
    log: logs/vg/giraffe_snarls_ABOFRAM000703115255_27.log
    jobid: 947
    reason: Missing output files: vg_map/ABOFRAM000703115255_pt27.snarls; Input files updated by another job: vg_map/ABOFRAM000703115255_27_27.vg
    wildcards: sample=ABOFRAM000703115255, chr=27
    resources: mem_mb=11444, mem_mib=954, disk_mb=1000, disk_mib=954, tmpdir=<TBD>, slurm_partition=workq, slurm_account=mnaji, mem=12GB, time=28800


        vg snarls vg_map/ABOFRAM000703115255_27_27.vg > vg_map/ABOFRAM000703115255_pt27.snarls
        
No wall time information given. This might or might not work on your cluster. If not, specify the resource runtime in your rule or as a reasonable default via --default-resources.
Job 947 has been submitted with SLURM jobid 11144259 (log: /work/project/CASCAD/mnaji/sm_folder/results/.snakemake/slurm_logs/rule_giraffe_snarls/ABOFRAM000703115255_27/11144259.log).

[Fri Sep 20 08:49:38 2024]
rule giraffe_chunk_vg:
    input: vg_vg/ABOFRAM007401840180_wg.xg
    output: vg_map/ABOFRAM007401840180_19_19.vg
    log: logs/vg/giraffe_chunk_vg_ABOFRAM007401840180_19.log
    jobid: 1524
    reason: Missing output files: vg_map/ABOFRAM007401840180_19_19.vg
    wildcards: sample=ABOFRAM007401840180, chr=19
    resources: mem_mb=11444, mem_mib=7630, disk_mb=9482, disk_mib=9043, tmpdir=<TBD>, slurm_partition=workq, slurm_account=mnaji, mem=12GB, time=28800


        vg chunk -x vg_vg/ABOFRAM007401840180_wg.xg -C -p 19 > vg_map/ABOFRAM007401840180_19_19.vg
        
No wall time information given. This might or might not work on your cluster. If not, specify the resource runtime in your rule or as a reasonable default via --default-resources.
Job 1524 has been submitted with SLURM jobid 11144260 (log: /work/project/CASCAD/mnaji/sm_folder/results/.snakemake/slurm_logs/rule_giraffe_chunk_vg/ABOFRAM007401840180_19/11144260.log).

[Fri Sep 20 08:49:38 2024]
rule giraffe_chunk_vg:
    input: vg_vg/ABOFRAM000707401531_wg.xg
    output: vg_map/ABOFRAM000707401531_20_20.vg
    log: logs/vg/giraffe_chunk_vg_ABOFRAM000707401531_20.log
    jobid: 1064
    reason: Missing output files: vg_map/ABOFRAM000707401531_20_20.vg
    wildcards: sample=ABOFRAM000707401531, chr=20
    resources: mem_mb=11444, mem_mib=7630, disk_mb=9481, disk_mib=9042, tmpdir=<TBD>, slurm_partition=workq, slurm_account=mnaji, mem=12GB, time=28800


        vg chunk -x vg_vg/ABOFRAM000707401531_wg.xg -C -p 20 > vg_map/ABOFRAM000707401531_20_20.vg
        
No wall time information given. This might or might not work on your cluster. If not, specify the resource runtime in your rule or as a reasonable default via --default-resources.
Job 1064 has been submitted with SLURM jobid 11144261 (log: /work/project/CASCAD/mnaji/sm_folder/results/.snakemake/slurm_logs/rule_giraffe_chunk_vg/ABOFRAM000707401531_20/11144261.log).
Select jobs to execute...
[Fri Sep 20 08:50:07 2024]
Finished job 1082.
190 of 886 steps (21%) done
[Fri Sep 20 08:50:08 2024]
Finished job 877.
191 of 886 steps (22%) done
Execute 2 jobs...

[Fri Sep 20 08:50:08 2024]
rule giraffe_chunk:
    input: vg_vg/ABOFRAM000707401531_wg.xg, vg_map/ABOFRAM000707401531.gam
    output: vg_map/ABOFRAM000707401531_15_15.gam
    log: logs/vg/giraffe_chunk_ABOFRAM000707401531_15.log
    jobid: 1041
    reason: Missing output files: vg_map/ABOFRAM000707401531_15_15.gam
    wildcards: sample=ABOFRAM000707401531, chr=15
    resources: mem_mb=28610, mem_mib=7630, disk_mb=202240, disk_mib=192872, tmpdir=<TBD>, slurm_partition=workq, slurm_account=mnaji, mem=30GB, time=28800


        vg chunk -x vg_vg/ABOFRAM000707401531_wg.xg -a vg_map/ABOFRAM000707401531.gam -C -p 15 -O pg --prefix vg_map/ABOFRAM000707401531_15 && ls -sh vg_map/ABOFRAM000707401531_15_15.gam
        
No wall time information given. This might or might not work on your cluster. If not, specify the resource runtime in your rule or as a reasonable default via --default-resources.
Job 1041 has been submitted with SLURM jobid 11144262 (log: /work/project/CASCAD/mnaji/sm_folder/results/.snakemake/slurm_logs/rule_giraffe_chunk/ABOFRAM000707401531_15/11144262.log).

[Fri Sep 20 08:50:08 2024]
rule giraffe_chunk_vg:
    input: vg_vg/ABOFRAM000707401531_wg.xg
    output: vg_map/ABOFRAM000707401531_25_25.vg
    log: logs/vg/giraffe_chunk_vg_ABOFRAM000707401531_25.log
    jobid: 1089
    reason: Missing output files: vg_map/ABOFRAM000707401531_25_25.vg
    wildcards: sample=ABOFRAM000707401531, chr=25
    resources: mem_mb=11444, mem_mib=7630, disk_mb=9481, disk_mib=9042, tmpdir=<TBD>, slurm_partition=workq, slurm_account=mnaji, mem=12GB, time=28800


        vg chunk -x vg_vg/ABOFRAM000707401531_wg.xg -C -p 25 > vg_map/ABOFRAM000707401531_25_25.vg
        
No wall time information given. This might or might not work on your cluster. If not, specify the resource runtime in your rule or as a reasonable default via --default-resources.
Job 1089 has been submitted with SLURM jobid 11144263 (log: /work/project/CASCAD/mnaji/sm_folder/results/.snakemake/slurm_logs/rule_giraffe_chunk_vg/ABOFRAM000707401531_25/11144263.log).
Select jobs to execute...
[Fri Sep 20 08:50:18 2024]
Finished job 1064.
192 of 886 steps (22%) done
Execute 1 jobs...

[Fri Sep 20 08:50:18 2024]
rule giraffe_snarls:
    input: vg_map/ABOFRAM000707401531_20_20.vg
    output: vg_map/ABOFRAM000707401531_pt20.snarls
    log: logs/vg/giraffe_snarls_ABOFRAM000707401531_20.log
    jobid: 1067
    reason: Missing output files: vg_map/ABOFRAM000707401531_pt20.snarls; Input files updated by another job: vg_map/ABOFRAM000707401531_20_20.vg
    wildcards: sample=ABOFRAM000707401531, chr=20
    resources: mem_mb=11444, mem_mib=954, disk_mb=1000, disk_mib=954, tmpdir=<TBD>, slurm_partition=workq, slurm_account=mnaji, mem=12GB, time=28800


        vg snarls vg_map/ABOFRAM000707401531_20_20.vg > vg_map/ABOFRAM000707401531_pt20.snarls
        
No wall time information given. This might or might not work on your cluster. If not, specify the resource runtime in your rule or as a reasonable default via --default-resources.
Job 1067 has been submitted with SLURM jobid 11144264 (log: /work/project/CASCAD/mnaji/sm_folder/results/.snakemake/slurm_logs/rule_giraffe_snarls/ABOFRAM000707401531_20/11144264.log).
[Fri Sep 20 08:50:28 2024]
Finished job 1524.
193 of 886 steps (22%) done
Select jobs to execute...
Execute 1 jobs...

[Fri Sep 20 08:50:28 2024]
rule giraffe_snarls:
    input: vg_map/ABOFRAM007401840180_19_19.vg
    output: vg_map/ABOFRAM007401840180_pt19.snarls
    log: logs/vg/giraffe_snarls_ABOFRAM007401840180_19.log
    jobid: 1527
    reason: Missing output files: vg_map/ABOFRAM007401840180_pt19.snarls; Input files updated by another job: vg_map/ABOFRAM007401840180_19_19.vg
    wildcards: sample=ABOFRAM007401840180, chr=19
    resources: mem_mb=11444, mem_mib=954, disk_mb=1000, disk_mib=954, tmpdir=<TBD>, slurm_partition=workq, slurm_account=mnaji, mem=12GB, time=28800


        vg snarls vg_map/ABOFRAM007401840180_19_19.vg > vg_map/ABOFRAM007401840180_pt19.snarls
        
No wall time information given. This might or might not work on your cluster. If not, specify the resource runtime in your rule or as a reasonable default via --default-resources.
Job 1527 has been submitted with SLURM jobid 11144265 (log: /work/project/CASCAD/mnaji/sm_folder/results/.snakemake/slurm_logs/rule_giraffe_snarls/ABOFRAM007401840180_19/11144265.log).
[Fri Sep 20 08:50:38 2024]
Finished job 947.
194 of 886 steps (22%) done
Select jobs to execute...
Execute 1 jobs...

[Fri Sep 20 08:50:38 2024]
rule giraffe_chunk_vg:
    input: vg_vg/ABOFRAM000707401531_wg.xg
    output: vg_map/ABOFRAM000707401531_27_27.vg
    log: logs/vg/giraffe_chunk_vg_ABOFRAM000707401531_27.log
    jobid: 1099
    reason: Missing output files: vg_map/ABOFRAM000707401531_27_27.vg
    wildcards: sample=ABOFRAM000707401531, chr=27
    resources: mem_mb=11444, mem_mib=7630, disk_mb=9481, disk_mib=9042, tmpdir=<TBD>, slurm_partition=workq, slurm_account=mnaji, mem=12GB, time=28800


        vg chunk -x vg_vg/ABOFRAM000707401531_wg.xg -C -p 27 > vg_map/ABOFRAM000707401531_27_27.vg
        
No wall time information given. This might or might not work on your cluster. If not, specify the resource runtime in your rule or as a reasonable default via --default-resources.
Job 1099 has been submitted with SLURM jobid 11144266 (log: /work/project/CASCAD/mnaji/sm_folder/results/.snakemake/slurm_logs/rule_giraffe_chunk_vg/ABOFRAM000707401531_27/11144266.log).
[Fri Sep 20 08:50:48 2024]
Finished job 1437.
195 of 886 steps (22%) done
Select jobs to execute...
Execute 1 jobs...

[Fri Sep 20 08:50:48 2024]
rule giraffe_chunk_vg:
    input: vg_vg/ABOFRAM000703115255_wg.xg
    output: vg_map/ABOFRAM000703115255_14_14.vg
    log: logs/vg/giraffe_chunk_vg_ABOFRAM000703115255_14.log
    jobid: 879
    reason: Missing output files: vg_map/ABOFRAM000703115255_14_14.vg
    wildcards: sample=ABOFRAM000703115255, chr=14
    resources: mem_mb=11444, mem_mib=7630, disk_mb=9484, disk_mib=9045, tmpdir=<TBD>, slurm_partition=workq, slurm_account=mnaji, mem=12GB, time=28800


        vg chunk -x vg_vg/ABOFRAM000703115255_wg.xg -C -p 14 > vg_map/ABOFRAM000703115255_14_14.vg
        
No wall time information given. This might or might not work on your cluster. If not, specify the resource runtime in your rule or as a reasonable default via --default-resources.
Job 879 has been submitted with SLURM jobid 11144267 (log: /work/project/CASCAD/mnaji/sm_folder/results/.snakemake/slurm_logs/rule_giraffe_chunk_vg/ABOFRAM000703115255_14/11144267.log).
[Fri Sep 20 08:50:58 2024]
Finished job 997.
196 of 886 steps (22%) done
[Fri Sep 20 08:50:58 2024]
Finished job 1089.
197 of 886 steps (22%) done
Select jobs to execute...
Execute 2 jobs...

[Fri Sep 20 08:50:58 2024]
rule giraffe_chunk_vg:
    input: vg_vg/ABOFRAM000707401531_wg.xg
    output: vg_map/ABOFRAM000707401531_18_18.vg
    log: logs/vg/giraffe_chunk_vg_ABOFRAM000707401531_18.log
    jobid: 1054
    reason: Missing output files: vg_map/ABOFRAM000707401531_18_18.vg
    wildcards: sample=ABOFRAM000707401531, chr=18
    resources: mem_mb=11444, mem_mib=7630, disk_mb=9481, disk_mib=9042, tmpdir=<TBD>, slurm_partition=workq, slurm_account=mnaji, mem=12GB, time=28800


        vg chunk -x vg_vg/ABOFRAM000707401531_wg.xg -C -p 18 > vg_map/ABOFRAM000707401531_18_18.vg
        
No wall time information given. This might or might not work on your cluster. If not, specify the resource runtime in your rule or as a reasonable default via --default-resources.
Job 1054 has been submitted with SLURM jobid 11144268 (log: /work/project/CASCAD/mnaji/sm_folder/results/.snakemake/slurm_logs/rule_giraffe_chunk_vg/ABOFRAM000707401531_18/11144268.log).

[Fri Sep 20 08:50:58 2024]
rule giraffe_snarls:
    input: vg_map/ABOFRAM000707401531_25_25.vg
    output: vg_map/ABOFRAM000707401531_pt25.snarls
    log: logs/vg/giraffe_snarls_ABOFRAM000707401531_25.log
    jobid: 1092
    reason: Missing output files: vg_map/ABOFRAM000707401531_pt25.snarls; Input files updated by another job: vg_map/ABOFRAM000707401531_25_25.vg
    wildcards: sample=ABOFRAM000707401531, chr=25
    resources: mem_mb=11444, mem_mib=954, disk_mb=1000, disk_mib=954, tmpdir=<TBD>, slurm_partition=workq, slurm_account=mnaji, mem=12GB, time=28800


        vg snarls vg_map/ABOFRAM000707401531_25_25.vg > vg_map/ABOFRAM000707401531_pt25.snarls
        
No wall time information given. This might or might not work on your cluster. If not, specify the resource runtime in your rule or as a reasonable default via --default-resources.
Job 1092 has been submitted with SLURM jobid 11144269 (log: /work/project/CASCAD/mnaji/sm_folder/results/.snakemake/slurm_logs/rule_giraffe_snarls/ABOFRAM000707401531_25/11144269.log).
Select jobs to execute...
[Fri Sep 20 08:51:08 2024]
Finished job 1099.
198 of 886 steps (22%) done
Execute 1 jobs...

[Fri Sep 20 08:51:08 2024]
rule giraffe_snarls:
    input: vg_map/ABOFRAM000707401531_27_27.vg
    output: vg_map/ABOFRAM000707401531_pt27.snarls
    log: logs/vg/giraffe_snarls_ABOFRAM000707401531_27.log
    jobid: 1102
    reason: Missing output files: vg_map/ABOFRAM000707401531_pt27.snarls; Input files updated by another job: vg_map/ABOFRAM000707401531_27_27.vg
    wildcards: sample=ABOFRAM000707401531, chr=27
    resources: mem_mb=11444, mem_mib=954, disk_mb=1000, disk_mib=954, tmpdir=<TBD>, slurm_partition=workq, slurm_account=mnaji, mem=12GB, time=28800


        vg snarls vg_map/ABOFRAM000707401531_27_27.vg > vg_map/ABOFRAM000707401531_pt27.snarls
        
No wall time information given. This might or might not work on your cluster. If not, specify the resource runtime in your rule or as a reasonable default via --default-resources.
Job 1102 has been submitted with SLURM jobid 11144270 (log: /work/project/CASCAD/mnaji/sm_folder/results/.snakemake/slurm_logs/rule_giraffe_snarls/ABOFRAM000707401531_27/11144270.log).
[Fri Sep 20 08:51:18 2024]
Finished job 1067.
199 of 886 steps (22%) done
Select jobs to execute...
Execute 1 jobs...

[Fri Sep 20 08:51:18 2024]
rule giraffe_chunk:
    input: vg_vg/ABOFRAM000703115255_wg.xg, vg_map/ABOFRAM000703115255.gam
    output: vg_map/ABOFRAM000703115255_12_12.gam
    log: logs/vg/giraffe_chunk_ABOFRAM000703115255_12.log
    jobid: 871
    reason: Missing output files: vg_map/ABOFRAM000703115255_12_12.gam
    wildcards: sample=ABOFRAM000703115255, chr=12
    resources: mem_mb=28610, mem_mib=7630, disk_mb=273960, disk_mib=261269, tmpdir=<TBD>, slurm_partition=workq, slurm_account=mnaji, mem=30GB, time=28800


        vg chunk -x vg_vg/ABOFRAM000703115255_wg.xg -a vg_map/ABOFRAM000703115255.gam -C -p 12 -O pg --prefix vg_map/ABOFRAM000703115255_12 && ls -sh vg_map/ABOFRAM000703115255_12_12.gam
        
No wall time information given. This might or might not work on your cluster. If not, specify the resource runtime in your rule or as a reasonable default via --default-resources.
Job 871 has been submitted with SLURM jobid 11144272 (log: /work/project/CASCAD/mnaji/sm_folder/results/.snakemake/slurm_logs/rule_giraffe_chunk/ABOFRAM000703115255_12/11144272.log).
[Fri Sep 20 08:51:28 2024]
Finished job 1527.
200 of 886 steps (23%) done
[Fri Sep 20 08:51:28 2024]
Finished job 879.
201 of 886 steps (23%) done
Select jobs to execute...
Execute 2 jobs...

[Fri Sep 20 08:51:28 2024]
rule giraffe_snarls:
    input: vg_map/ABOFRAM000703115255_14_14.vg
    output: vg_map/ABOFRAM000703115255_pt14.snarls
    log: logs/vg/giraffe_snarls_ABOFRAM000703115255_14.log
    jobid: 882
    reason: Missing output files: vg_map/ABOFRAM000703115255_pt14.snarls; Input files updated by another job: vg_map/ABOFRAM000703115255_14_14.vg
    wildcards: sample=ABOFRAM000703115255, chr=14
    resources: mem_mb=11444, mem_mib=954, disk_mb=1000, disk_mib=954, tmpdir=<TBD>, slurm_partition=workq, slurm_account=mnaji, mem=12GB, time=28800


        vg snarls vg_map/ABOFRAM000703115255_14_14.vg > vg_map/ABOFRAM000703115255_pt14.snarls
        
No wall time information given. This might or might not work on your cluster. If not, specify the resource runtime in your rule or as a reasonable default via --default-resources.
Job 882 has been submitted with SLURM jobid 11144273 (log: /work/project/CASCAD/mnaji/sm_folder/results/.snakemake/slurm_logs/rule_giraffe_snarls/ABOFRAM000703115255_14/11144273.log).

[Fri Sep 20 08:51:28 2024]
rule giraffe_chunk_vg:
    input: vg_vg/ABOFRAM000709524730_wg.xg
    output: vg_map/ABOFRAM000709524730_11_11.vg
    log: logs/vg/giraffe_chunk_vg_ABOFRAM000709524730_11.log
    jobid: 1174
    reason: Missing output files: vg_map/ABOFRAM000709524730_11_11.vg
    wildcards: sample=ABOFRAM000709524730, chr=11
    resources: mem_mb=11444, mem_mib=7630, disk_mb=9485, disk_mib=9046, tmpdir=<TBD>, slurm_partition=workq, slurm_account=mnaji, mem=12GB, time=28800


        vg chunk -x vg_vg/ABOFRAM000709524730_wg.xg -C -p 11 > vg_map/ABOFRAM000709524730_11_11.vg
        
No wall time information given. This might or might not work on your cluster. If not, specify the resource runtime in your rule or as a reasonable default via --default-resources.
Job 1174 has been submitted with SLURM jobid 11144274 (log: /work/project/CASCAD/mnaji/sm_folder/results/.snakemake/slurm_logs/rule_giraffe_chunk_vg/ABOFRAM000709524730_11/11144274.log).
Select jobs to execute...
[Fri Sep 20 08:51:58 2024]
Finished job 1054.
202 of 886 steps (23%) done
[Fri Sep 20 08:51:58 2024]
Finished job 1092.
203 of 886 steps (23%) done
[Fri Sep 20 08:51:58 2024]
Finished job 1102.
204 of 886 steps (23%) done
Execute 3 jobs...

[Fri Sep 20 08:51:58 2024]
rule giraffe_chunk:
    input: vg_vg/ABOFRAM000709524730_wg.xg, vg_map/ABOFRAM000709524730.gam
    output: vg_map/ABOFRAM000709524730_20_20.gam
    log: logs/vg/giraffe_chunk_ABOFRAM000709524730_20.log
    jobid: 1221
    reason: Missing output files: vg_map/ABOFRAM000709524730_20_20.gam
    wildcards: sample=ABOFRAM000709524730, chr=20
    resources: mem_mb=28610, mem_mib=7630, disk_mb=246756, disk_mib=235325, tmpdir=<TBD>, slurm_partition=workq, slurm_account=mnaji, mem=30GB, time=28800


        vg chunk -x vg_vg/ABOFRAM000709524730_wg.xg -a vg_map/ABOFRAM000709524730.gam -C -p 20 -O pg --prefix vg_map/ABOFRAM000709524730_20 && ls -sh vg_map/ABOFRAM000709524730_20_20.gam
        
No wall time information given. This might or might not work on your cluster. If not, specify the resource runtime in your rule or as a reasonable default via --default-resources.
Job 1221 has been submitted with SLURM jobid 11144275 (log: /work/project/CASCAD/mnaji/sm_folder/results/.snakemake/slurm_logs/rule_giraffe_chunk/ABOFRAM000709524730_20/11144275.log).

[Fri Sep 20 08:51:59 2024]
rule giraffe_chunk:
    input: vg_vg/ABOFRAM000707401531_wg.xg, vg_map/ABOFRAM000707401531.gam
    output: vg_map/ABOFRAM000707401531_10_10.gam
    log: logs/vg/giraffe_chunk_ABOFRAM000707401531_10.log
    jobid: 1016
    reason: Missing output files: vg_map/ABOFRAM000707401531_10_10.gam
    wildcards: sample=ABOFRAM000707401531, chr=10
    resources: mem_mb=28610, mem_mib=7630, disk_mb=202240, disk_mib=192872, tmpdir=<TBD>, slurm_partition=workq, slurm_account=mnaji, mem=30GB, time=28800


        vg chunk -x vg_vg/ABOFRAM000707401531_wg.xg -a vg_map/ABOFRAM000707401531.gam -C -p 10 -O pg --prefix vg_map/ABOFRAM000707401531_10 && ls -sh vg_map/ABOFRAM000707401531_10_10.gam
        
No wall time information given. This might or might not work on your cluster. If not, specify the resource runtime in your rule or as a reasonable default via --default-resources.
Job 1016 has been submitted with SLURM jobid 11144276 (log: /work/project/CASCAD/mnaji/sm_folder/results/.snakemake/slurm_logs/rule_giraffe_chunk/ABOFRAM000707401531_10/11144276.log).

[Fri Sep 20 08:51:59 2024]
rule giraffe_snarls:
    input: vg_map/ABOFRAM000707401531_18_18.vg
    output: vg_map/ABOFRAM000707401531_pt18.snarls
    log: logs/vg/giraffe_snarls_ABOFRAM000707401531_18.log
    jobid: 1057
    reason: Missing output files: vg_map/ABOFRAM000707401531_pt18.snarls; Input files updated by another job: vg_map/ABOFRAM000707401531_18_18.vg
    wildcards: sample=ABOFRAM000707401531, chr=18
    resources: mem_mb=11444, mem_mib=954, disk_mb=1000, disk_mib=954, tmpdir=<TBD>, slurm_partition=workq, slurm_account=mnaji, mem=12GB, time=28800


        vg snarls vg_map/ABOFRAM000707401531_18_18.vg > vg_map/ABOFRAM000707401531_pt18.snarls
        
No wall time information given. This might or might not work on your cluster. If not, specify the resource runtime in your rule or as a reasonable default via --default-resources.
Job 1057 has been submitted with SLURM jobid 11144277 (log: /work/project/CASCAD/mnaji/sm_folder/results/.snakemake/slurm_logs/rule_giraffe_snarls/ABOFRAM000707401531_18/11144277.log).
Select jobs to execute...
[Fri Sep 20 08:52:29 2024]
Finished job 1174.
205 of 886 steps (23%) done
Execute 1 jobs...

[Fri Sep 20 08:52:29 2024]
rule giraffe_snarls:
    input: vg_map/ABOFRAM000709524730_11_11.vg
    output: vg_map/ABOFRAM000709524730_pt11.snarls
    log: logs/vg/giraffe_snarls_ABOFRAM000709524730_11.log
    jobid: 1177
    reason: Missing output files: vg_map/ABOFRAM000709524730_pt11.snarls; Input files updated by another job: vg_map/ABOFRAM000709524730_11_11.vg
    wildcards: sample=ABOFRAM000709524730, chr=11
    resources: mem_mb=11444, mem_mib=954, disk_mb=1000, disk_mib=954, tmpdir=<TBD>, slurm_partition=workq, slurm_account=mnaji, mem=12GB, time=28800


        vg snarls vg_map/ABOFRAM000709524730_11_11.vg > vg_map/ABOFRAM000709524730_pt11.snarls
        
No wall time information given. This might or might not work on your cluster. If not, specify the resource runtime in your rule or as a reasonable default via --default-resources.
Job 1177 has been submitted with SLURM jobid 11144278 (log: /work/project/CASCAD/mnaji/sm_folder/results/.snakemake/slurm_logs/rule_giraffe_snarls/ABOFRAM000709524730_11/11144278.log).
[Fri Sep 20 08:52:59 2024]
Finished job 882.
206 of 886 steps (23%) done
[Fri Sep 20 08:52:59 2024]
Finished job 1057.
207 of 886 steps (23%) done
Select jobs to execute...
Execute 2 jobs...

[Fri Sep 20 08:52:59 2024]
rule giraffe_chunk:
    input: vg_vg/ABOFRAM000703115255_wg.xg, vg_map/ABOFRAM000703115255.gam
    output: vg_map/ABOFRAM000703115255_3_3.gam
    log: logs/vg/giraffe_chunk_ABOFRAM000703115255_3.log
    jobid: 826
    reason: Missing output files: vg_map/ABOFRAM000703115255_3_3.gam
    wildcards: sample=ABOFRAM000703115255, chr=3
    resources: mem_mb=28610, mem_mib=7630, disk_mb=273960, disk_mib=261269, tmpdir=<TBD>, slurm_partition=workq, slurm_account=mnaji, mem=30GB, time=28800


        vg chunk -x vg_vg/ABOFRAM000703115255_wg.xg -a vg_map/ABOFRAM000703115255.gam -C -p 3 -O pg --prefix vg_map/ABOFRAM000703115255_3 && ls -sh vg_map/ABOFRAM000703115255_3_3.gam
        
No wall time information given. This might or might not work on your cluster. If not, specify the resource runtime in your rule or as a reasonable default via --default-resources.
Job 826 has been submitted with SLURM jobid 11144280 (log: /work/project/CASCAD/mnaji/sm_folder/results/.snakemake/slurm_logs/rule_giraffe_chunk/ABOFRAM000703115255_3/11144280.log).

[Fri Sep 20 08:52:59 2024]
rule giraffe_chunk_vg:
    input: vg_vg/ABOFRAM007301868101_wg.xg
    output: vg_map/ABOFRAM007301868101_9_9.vg
    log: logs/vg/giraffe_chunk_vg_ABOFRAM007301868101_9.log
    jobid: 1319
    reason: Missing output files: vg_map/ABOFRAM007301868101_9_9.vg
    wildcards: sample=ABOFRAM007301868101, chr=9
    resources: mem_mb=11444, mem_mib=7630, disk_mb=9481, disk_mib=9042, tmpdir=<TBD>, slurm_partition=workq, slurm_account=mnaji, mem=12GB, time=28800


        vg chunk -x vg_vg/ABOFRAM007301868101_wg.xg -C -p 9 > vg_map/ABOFRAM007301868101_9_9.vg
        
No wall time information given. This might or might not work on your cluster. If not, specify the resource runtime in your rule or as a reasonable default via --default-resources.
Job 1319 has been submitted with SLURM jobid 11144281 (log: /work/project/CASCAD/mnaji/sm_folder/results/.snakemake/slurm_logs/rule_giraffe_chunk_vg/ABOFRAM007301868101_9/11144281.log).
Select jobs to execute...
[Fri Sep 20 08:53:59 2024]
Finished job 1177.
208 of 886 steps (23%) done
[Fri Sep 20 08:53:59 2024]
Finished job 1319.
209 of 886 steps (24%) done
Execute 2 jobs...

[Fri Sep 20 08:53:59 2024]
rule giraffe_snarls:
    input: vg_map/ABOFRAM007301868101_9_9.vg
    output: vg_map/ABOFRAM007301868101_pt9.snarls
    log: logs/vg/giraffe_snarls_ABOFRAM007301868101_9.log
    jobid: 1322
    reason: Missing output files: vg_map/ABOFRAM007301868101_pt9.snarls; Input files updated by another job: vg_map/ABOFRAM007301868101_9_9.vg
    wildcards: sample=ABOFRAM007301868101, chr=9
    resources: mem_mb=11444, mem_mib=954, disk_mb=1000, disk_mib=954, tmpdir=<TBD>, slurm_partition=workq, slurm_account=mnaji, mem=12GB, time=28800


        vg snarls vg_map/ABOFRAM007301868101_9_9.vg > vg_map/ABOFRAM007301868101_pt9.snarls
        
No wall time information given. This might or might not work on your cluster. If not, specify the resource runtime in your rule or as a reasonable default via --default-resources.
Job 1322 has been submitted with SLURM jobid 11144282 (log: /work/project/CASCAD/mnaji/sm_folder/results/.snakemake/slurm_logs/rule_giraffe_snarls/ABOFRAM007301868101_9/11144282.log).

[Fri Sep 20 08:53:59 2024]
rule giraffe_chunk:
    input: vg_vg/ABOFRAM000707401531_wg.xg, vg_map/ABOFRAM000707401531.gam
    output: vg_map/ABOFRAM000707401531_12_12.gam
    log: logs/vg/giraffe_chunk_ABOFRAM000707401531_12.log
    jobid: 1026
    reason: Missing output files: vg_map/ABOFRAM000707401531_12_12.gam
    wildcards: sample=ABOFRAM000707401531, chr=12
    resources: mem_mb=28610, mem_mib=7630, disk_mb=202240, disk_mib=192872, tmpdir=<TBD>, slurm_partition=workq, slurm_account=mnaji, mem=30GB, time=28800


        vg chunk -x vg_vg/ABOFRAM000707401531_wg.xg -a vg_map/ABOFRAM000707401531.gam -C -p 12 -O pg --prefix vg_map/ABOFRAM000707401531_12 && ls -sh vg_map/ABOFRAM000707401531_12_12.gam
        
No wall time information given. This might or might not work on your cluster. If not, specify the resource runtime in your rule or as a reasonable default via --default-resources.
Job 1026 has been submitted with SLURM jobid 11144283 (log: /work/project/CASCAD/mnaji/sm_folder/results/.snakemake/slurm_logs/rule_giraffe_chunk/ABOFRAM000707401531_12/11144283.log).
Select jobs to execute...
[Fri Sep 20 08:55:39 2024]
Finished job 1322.
210 of 886 steps (24%) done
Execute 1 jobs...

[Fri Sep 20 08:55:39 2024]
rule giraffe_chunk:
    input: vg_vg/ABOFRAM000703115255_wg.xg, vg_map/ABOFRAM000703115255.gam
    output: vg_map/ABOFRAM000703115255_9_9.gam
    log: logs/vg/giraffe_chunk_ABOFRAM000703115255_9.log
    jobid: 856
    reason: Missing output files: vg_map/ABOFRAM000703115255_9_9.gam
    wildcards: sample=ABOFRAM000703115255, chr=9
    resources: mem_mb=28610, mem_mib=7630, disk_mb=273960, disk_mib=261269, tmpdir=<TBD>, slurm_partition=workq, slurm_account=mnaji, mem=30GB, time=28800


        vg chunk -x vg_vg/ABOFRAM000703115255_wg.xg -a vg_map/ABOFRAM000703115255.gam -C -p 9 -O pg --prefix vg_map/ABOFRAM000703115255_9 && ls -sh vg_map/ABOFRAM000703115255_9_9.gam
        
No wall time information given. This might or might not work on your cluster. If not, specify the resource runtime in your rule or as a reasonable default via --default-resources.
Job 856 has been submitted with SLURM jobid 11144286 (log: /work/project/CASCAD/mnaji/sm_folder/results/.snakemake/slurm_logs/rule_giraffe_chunk/ABOFRAM000703115255_9/11144286.log).
[Fri Sep 20 09:27:12 2024]
Finished job 1411.
211 of 886 steps (24%) done
Select jobs to execute...
Execute 1 jobs...

[Fri Sep 20 09:27:12 2024]
rule giraffe_pack:
    input: vg_map/ABOFRAM007301868101_27_27.vg, vg_map/ABOFRAM007301868101_27_27.gam
    output: vg_map/ABOFRAM007301868101_27.pack
    log: logs/vg/giraffe_pack_ABOFRAM007301868101_27.log
    jobid: 1410
    reason: Missing output files: vg_map/ABOFRAM007301868101_27.pack; Input files updated by another job: vg_map/ABOFRAM007301868101_27_27.gam, vg_map/ABOFRAM007301868101_27_27.vg
    wildcards: sample=ABOFRAM007301868101, chr=27
    threads: 3
    resources: mem_mb=14305, mem_mib=2722, disk_mb=2854, disk_mib=2722, tmpdir=<TBD>, slurm_partition=workq, slurm_account=mnaji, mem=15GB, time=28800


        vg pack -x vg_map/ABOFRAM007301868101_27_27.vg -g vg_map/ABOFRAM007301868101_27_27.gam -Q 5 --threads 3 -o vg_map/ABOFRAM007301868101_27.pack
        
No wall time information given. This might or might not work on your cluster. If not, specify the resource runtime in your rule or as a reasonable default via --default-resources.
Job 1410 has been submitted with SLURM jobid 11145816 (log: /work/project/CASCAD/mnaji/sm_folder/results/.snakemake/slurm_logs/rule_giraffe_pack/ABOFRAM007301868101_27/11145816.log).
[Fri Sep 20 09:27:42 2024]
Finished job 1556.
212 of 886 steps (24%) done
Select jobs to execute...
Execute 1 jobs...

[Fri Sep 20 09:27:42 2024]
rule giraffe_chunk:
    input: vg_vg/ABOFRAM007401840180_wg.xg, vg_map/ABOFRAM007401840180.gam
    output: vg_map/ABOFRAM007401840180_12_12.gam
    log: logs/vg/giraffe_chunk_ABOFRAM007401840180_12.log
    jobid: 1491
    reason: Missing output files: vg_map/ABOFRAM007401840180_12_12.gam
    wildcards: sample=ABOFRAM007401840180, chr=12
    resources: mem_mb=28610, mem_mib=7630, disk_mb=196150, disk_mib=187064, tmpdir=<TBD>, slurm_partition=workq, slurm_account=mnaji, mem=30GB, time=28800


        vg chunk -x vg_vg/ABOFRAM007401840180_wg.xg -a vg_map/ABOFRAM007401840180.gam -C -p 12 -O pg --prefix vg_map/ABOFRAM007401840180_12 && ls -sh vg_map/ABOFRAM007401840180_12_12.gam
        
No wall time information given. This might or might not work on your cluster. If not, specify the resource runtime in your rule or as a reasonable default via --default-resources.
Job 1491 has been submitted with SLURM jobid 11145817 (log: /work/project/CASCAD/mnaji/sm_folder/results/.snakemake/slurm_logs/rule_giraffe_chunk/ABOFRAM007401840180_12/11145817.log).
[Fri Sep 20 09:28:43 2024]
Finished job 1410.
213 of 886 steps (24%) done
Removing temporary output vg_map/ABOFRAM007301868101_27_27.gam.
Select jobs to execute...
Execute 1 jobs...

[Fri Sep 20 09:28:43 2024]
rule giraffe_call:
    input: vg_map/ABOFRAM007301868101_27_27.vg, vg_map/ABOFRAM007301868101_27.pack, vg_map/ABOFRAM007301868101_pt27.snarls
    output: vg_call/ABOFRAM007301868101_27.vcf
    log: logs/vg/giraffe_call_ABOFRAM007301868101_27.log
    jobid: 1408
    reason: Missing output files: vg_call/ABOFRAM007301868101_27.vcf; Input files updated by another job: vg_map/ABOFRAM007301868101_pt27.snarls, vg_map/ABOFRAM007301868101_27_27.vg, vg_map/ABOFRAM007301868101_27.pack
    wildcards: sample=ABOFRAM007301868101, chr=27
    resources: mem_mb=11444, mem_mib=954, disk_mb=1000, disk_mib=954, tmpdir=<TBD>, slurm_partition=workq, slurm_account=mnaji, mem=12GB, time=28800


        vg call vg_map/ABOFRAM007301868101_27_27.vg -k vg_map/ABOFRAM007301868101_27.pack -r vg_map/ABOFRAM007301868101_pt27.snarls -s ABOFRAM007301868101 --threads 3 > vg_call/ABOFRAM007301868101_27.vcf 
        
No wall time information given. This might or might not work on your cluster. If not, specify the resource runtime in your rule or as a reasonable default via --default-resources.
Job 1408 has been submitted with SLURM jobid 11145818 (log: /work/project/CASCAD/mnaji/sm_folder/results/.snakemake/slurm_logs/rule_giraffe_call/ABOFRAM007301868101_27/11145818.log).
[Fri Sep 20 09:30:23 2024]
Finished job 1408.
214 of 886 steps (24%) done
Removing temporary output vg_map/ABOFRAM007301868101_27_27.vg.
Removing temporary output vg_map/ABOFRAM007301868101_27.pack.
Removing temporary output vg_map/ABOFRAM007301868101_pt27.snarls.
Select jobs to execute...
Execute 1 jobs...

[Fri Sep 20 09:30:23 2024]
rule giraffe_chunk:
    input: vg_vg/ABOFRAM007401840180_wg.xg, vg_map/ABOFRAM007401840180.gam
    output: vg_map/ABOFRAM007401840180_23_23.gam
    log: logs/vg/giraffe_chunk_ABOFRAM007401840180_23.log
    jobid: 1546
    reason: Missing output files: vg_map/ABOFRAM007401840180_23_23.gam
    wildcards: sample=ABOFRAM007401840180, chr=23
    resources: mem_mb=28610, mem_mib=7630, disk_mb=196150, disk_mib=187064, tmpdir=<TBD>, slurm_partition=workq, slurm_account=mnaji, mem=30GB, time=28800


        vg chunk -x vg_vg/ABOFRAM007401840180_wg.xg -a vg_map/ABOFRAM007401840180.gam -C -p 23 -O pg --prefix vg_map/ABOFRAM007401840180_23 && ls -sh vg_map/ABOFRAM007401840180_23_23.gam
        
No wall time information given. This might or might not work on your cluster. If not, specify the resource runtime in your rule or as a reasonable default via --default-resources.
Job 1546 has been submitted with SLURM jobid 11145821 (log: /work/project/CASCAD/mnaji/sm_folder/results/.snakemake/slurm_logs/rule_giraffe_chunk/ABOFRAM007401840180_23/11145821.log).
[Fri Sep 20 09:30:53 2024]
Finished job 1056.
215 of 886 steps (24%) done
Select jobs to execute...
Execute 1 jobs...

[Fri Sep 20 09:30:53 2024]
rule giraffe_pack:
    input: vg_map/ABOFRAM000707401531_18_18.vg, vg_map/ABOFRAM000707401531_18_18.gam
    output: vg_map/ABOFRAM000707401531_18.pack
    log: logs/vg/giraffe_pack_ABOFRAM000707401531_18.log
    jobid: 1055
    reason: Missing output files: vg_map/ABOFRAM000707401531_18.pack; Input files updated by another job: vg_map/ABOFRAM000707401531_18_18.gam, vg_map/ABOFRAM000707401531_18_18.vg
    wildcards: sample=ABOFRAM000707401531, chr=18
    threads: 3
    resources: mem_mb=14305, mem_mib=4324, disk_mb=4534, disk_mib=4324, tmpdir=<TBD>, slurm_partition=workq, slurm_account=mnaji, mem=15GB, time=28800


        vg pack -x vg_map/ABOFRAM000707401531_18_18.vg -g vg_map/ABOFRAM000707401531_18_18.gam -Q 5 --threads 3 -o vg_map/ABOFRAM000707401531_18.pack
        
No wall time information given. This might or might not work on your cluster. If not, specify the resource runtime in your rule or as a reasonable default via --default-resources.
Job 1055 has been submitted with SLURM jobid 11145824 (log: /work/project/CASCAD/mnaji/sm_folder/results/.snakemake/slurm_logs/rule_giraffe_pack/ABOFRAM000707401531_18/11145824.log).
[Fri Sep 20 09:32:34 2024]
Finished job 1055.
216 of 886 steps (24%) done
Removing temporary output vg_map/ABOFRAM000707401531_18_18.gam.
Select jobs to execute...
Execute 1 jobs...

[Fri Sep 20 09:32:34 2024]
rule giraffe_call:
    input: vg_map/ABOFRAM000707401531_18_18.vg, vg_map/ABOFRAM000707401531_18.pack, vg_map/ABOFRAM000707401531_pt18.snarls
    output: vg_call/ABOFRAM000707401531_18.vcf
    log: logs/vg/giraffe_call_ABOFRAM000707401531_18.log
    jobid: 1053
    reason: Missing output files: vg_call/ABOFRAM000707401531_18.vcf; Input files updated by another job: vg_map/ABOFRAM000707401531_18.pack, vg_map/ABOFRAM000707401531_18_18.vg, vg_map/ABOFRAM000707401531_pt18.snarls
    wildcards: sample=ABOFRAM000707401531, chr=18
    resources: mem_mb=11444, mem_mib=954, disk_mb=1000, disk_mib=954, tmpdir=<TBD>, slurm_partition=workq, slurm_account=mnaji, mem=12GB, time=28800


        vg call vg_map/ABOFRAM000707401531_18_18.vg -k vg_map/ABOFRAM000707401531_18.pack -r vg_map/ABOFRAM000707401531_pt18.snarls -s ABOFRAM000707401531 --threads 3 > vg_call/ABOFRAM000707401531_18.vcf 
        
No wall time information given. This might or might not work on your cluster. If not, specify the resource runtime in your rule or as a reasonable default via --default-resources.
Job 1053 has been submitted with SLURM jobid 11145826 (log: /work/project/CASCAD/mnaji/sm_folder/results/.snakemake/slurm_logs/rule_giraffe_call/ABOFRAM000707401531_18/11145826.log).
[Fri Sep 20 09:33:04 2024]
Finished job 1416.
217 of 886 steps (24%) done
Select jobs to execute...
Execute 1 jobs...

[Fri Sep 20 09:33:04 2024]
rule giraffe_chunk:
    input: vg_vg/ABOFRAM007301868101_wg.xg, vg_map/ABOFRAM007301868101.gam
    output: vg_map/ABOFRAM007301868101_6_6.gam
    log: logs/vg/giraffe_chunk_ABOFRAM007301868101_6.log
    jobid: 1306
    reason: Missing output files: vg_map/ABOFRAM007301868101_6_6.gam
    wildcards: sample=ABOFRAM007301868101, chr=6
    resources: mem_mb=28610, mem_mib=7630, disk_mb=185244, disk_mib=176663, tmpdir=<TBD>, slurm_partition=workq, slurm_account=mnaji, mem=30GB, time=28800


        vg chunk -x vg_vg/ABOFRAM007301868101_wg.xg -a vg_map/ABOFRAM007301868101.gam -C -p 6 -O pg --prefix vg_map/ABOFRAM007301868101_6 && ls -sh vg_map/ABOFRAM007301868101_6_6.gam
        
No wall time information given. This might or might not work on your cluster. If not, specify the resource runtime in your rule or as a reasonable default via --default-resources.
Job 1306 has been submitted with SLURM jobid 11145827 (log: /work/project/CASCAD/mnaji/sm_folder/results/.snakemake/slurm_logs/rule_giraffe_chunk/ABOFRAM007301868101_6/11145827.log).
[Fri Sep 20 09:34:44 2024]
Finished job 1286.
218 of 886 steps (25%) done
[Fri Sep 20 09:34:44 2024]
Finished job 1053.
219 of 886 steps (25%) done
Removing temporary output vg_map/ABOFRAM000707401531_18_18.vg.
Removing temporary output vg_map/ABOFRAM000707401531_18.pack.
Removing temporary output vg_map/ABOFRAM000707401531_pt18.snarls.
Select jobs to execute...
Execute 2 jobs...

[Fri Sep 20 09:34:44 2024]
rule giraffe_pack:
    input: vg_map/ABOFRAM007301868101_2_2.vg, vg_map/ABOFRAM007301868101_2_2.gam
    output: vg_map/ABOFRAM007301868101_2.pack
    log: logs/vg/giraffe_pack_ABOFRAM007301868101_2.log
    jobid: 1285
    reason: Missing output files: vg_map/ABOFRAM007301868101_2.pack; Input files updated by another job: vg_map/ABOFRAM007301868101_2_2.gam, vg_map/ABOFRAM007301868101_2_2.vg
    wildcards: sample=ABOFRAM007301868101, chr=2
    threads: 3
    resources: mem_mb=14305, mem_mib=7630, disk_mb=8275, disk_mib=7892, tmpdir=<TBD>, slurm_partition=workq, slurm_account=mnaji, mem=15GB, time=28800


        vg pack -x vg_map/ABOFRAM007301868101_2_2.vg -g vg_map/ABOFRAM007301868101_2_2.gam -Q 5 --threads 3 -o vg_map/ABOFRAM007301868101_2.pack
        
No wall time information given. This might or might not work on your cluster. If not, specify the resource runtime in your rule or as a reasonable default via --default-resources.
Job 1285 has been submitted with SLURM jobid 11145833 (log: /work/project/CASCAD/mnaji/sm_folder/results/.snakemake/slurm_logs/rule_giraffe_pack/ABOFRAM007301868101_2/11145833.log).

[Fri Sep 20 09:34:44 2024]
rule giraffe_chunk_vg:
    input: vg_vg/ABOFRAM007401840180_wg.xg
    output: vg_map/ABOFRAM007401840180_5_5.vg
    log: logs/vg/giraffe_chunk_vg_ABOFRAM007401840180_5.log
    jobid: 1454
    reason: Missing output files: vg_map/ABOFRAM007401840180_5_5.vg
    wildcards: sample=ABOFRAM007401840180, chr=5
    resources: mem_mb=11444, mem_mib=7630, disk_mb=9482, disk_mib=9043, tmpdir=<TBD>, slurm_partition=workq, slurm_account=mnaji, mem=12GB, time=28800


        vg chunk -x vg_vg/ABOFRAM007401840180_wg.xg -C -p 5 > vg_map/ABOFRAM007401840180_5_5.vg
        
No wall time information given. This might or might not work on your cluster. If not, specify the resource runtime in your rule or as a reasonable default via --default-resources.
Job 1454 has been submitted with SLURM jobid 11145834 (log: /work/project/CASCAD/mnaji/sm_folder/results/.snakemake/slurm_logs/rule_giraffe_chunk_vg/ABOFRAM007401840180_5/11145834.log).
Select jobs to execute...
[Fri Sep 20 09:35:14 2024]
Finished job 1006.
220 of 886 steps (25%) done
Execute 1 jobs...

[Fri Sep 20 09:35:14 2024]
rule giraffe_pack:
    input: vg_map/ABOFRAM000707401531_8_8.vg, vg_map/ABOFRAM000707401531_8_8.gam
    output: vg_map/ABOFRAM000707401531_8.pack
    log: logs/vg/giraffe_pack_ABOFRAM000707401531_8.log
    jobid: 1005
    reason: Missing output files: vg_map/ABOFRAM000707401531_8.pack; Input files updated by another job: vg_map/ABOFRAM000707401531_8_8.vg, vg_map/ABOFRAM000707401531_8_8.gam
    wildcards: sample=ABOFRAM000707401531, chr=8
    threads: 3
    resources: mem_mb=14305, mem_mib=7630, disk_mb=9723, disk_mib=9273, tmpdir=<TBD>, slurm_partition=workq, slurm_account=mnaji, mem=15GB, time=28800


        vg pack -x vg_map/ABOFRAM000707401531_8_8.vg -g vg_map/ABOFRAM000707401531_8_8.gam -Q 5 --threads 3 -o vg_map/ABOFRAM000707401531_8.pack
        
No wall time information given. This might or might not work on your cluster. If not, specify the resource runtime in your rule or as a reasonable default via --default-resources.
Job 1005 has been submitted with SLURM jobid 11145835 (log: /work/project/CASCAD/mnaji/sm_folder/results/.snakemake/slurm_logs/rule_giraffe_pack/ABOFRAM000707401531_8/11145835.log).
[Fri Sep 20 09:35:24 2024]
Finished job 1561.
221 of 886 steps (25%) done
Select jobs to execute...
Execute 1 jobs...

[Fri Sep 20 09:35:24 2024]
rule giraffe_pack:
    input: vg_map/ABOFRAM007401840180_26_26.vg, vg_map/ABOFRAM007401840180_26_26.gam
    output: vg_map/ABOFRAM007401840180_26.pack
    log: logs/vg/giraffe_pack_ABOFRAM007401840180_26.log
    jobid: 1560
    reason: Missing output files: vg_map/ABOFRAM007401840180_26.pack; Input files updated by another job: vg_map/ABOFRAM007401840180_26_26.gam, vg_map/ABOFRAM007401840180_26_26.vg
    wildcards: sample=ABOFRAM007401840180, chr=26
    threads: 3
    resources: mem_mb=14305, mem_mib=3277, disk_mb=3436, disk_mib=3277, tmpdir=<TBD>, slurm_partition=workq, slurm_account=mnaji, mem=15GB, time=28800


        vg pack -x vg_map/ABOFRAM007401840180_26_26.vg -g vg_map/ABOFRAM007401840180_26_26.gam -Q 5 --threads 3 -o vg_map/ABOFRAM007401840180_26.pack
        
No wall time information given. This might or might not work on your cluster. If not, specify the resource runtime in your rule or as a reasonable default via --default-resources.
Job 1560 has been submitted with SLURM jobid 11145836 (log: /work/project/CASCAD/mnaji/sm_folder/results/.snakemake/slurm_logs/rule_giraffe_pack/ABOFRAM007401840180_26/11145836.log).
[Fri Sep 20 09:35:55 2024]
Finished job 1506.
222 of 886 steps (25%) done
Select jobs to execute...
Execute 1 jobs...

[Fri Sep 20 09:35:55 2024]
rule giraffe_chunk:
    input: vg_vg/ABOFRAM007301868101_wg.xg, vg_map/ABOFRAM007301868101.gam
    output: vg_map/ABOFRAM007301868101_21_21.gam
    log: logs/vg/giraffe_chunk_ABOFRAM007301868101_21.log
    jobid: 1381
    reason: Missing output files: vg_map/ABOFRAM007301868101_21_21.gam
    wildcards: sample=ABOFRAM007301868101, chr=21
    resources: mem_mb=28610, mem_mib=7630, disk_mb=185244, disk_mib=176663, tmpdir=<TBD>, slurm_partition=workq, slurm_account=mnaji, mem=30GB, time=28800


        vg chunk -x vg_vg/ABOFRAM007301868101_wg.xg -a vg_map/ABOFRAM007301868101.gam -C -p 21 -O pg --prefix vg_map/ABOFRAM007301868101_21 && ls -sh vg_map/ABOFRAM007301868101_21_21.gam
        
No wall time information given. This might or might not work on your cluster. If not, specify the resource runtime in your rule or as a reasonable default via --default-resources.
Job 1381 has been submitted with SLURM jobid 11145837 (log: /work/project/CASCAD/mnaji/sm_folder/results/.snakemake/slurm_logs/rule_giraffe_chunk/ABOFRAM007301868101_21/11145837.log).
[Fri Sep 20 09:36:25 2024]
Finished job 1001.
223 of 886 steps (25%) done
[Fri Sep 20 09:36:25 2024]
Finished job 1454.
224 of 886 steps (25%) done
Select jobs to execute...
Execute 2 jobs...

[Fri Sep 20 09:36:25 2024]
rule giraffe_pack:
    input: vg_map/ABOFRAM000707401531_7_7.vg, vg_map/ABOFRAM000707401531_7_7.gam
    output: vg_map/ABOFRAM000707401531_7.pack
    log: logs/vg/giraffe_pack_ABOFRAM000707401531_7.log
    jobid: 1000
    reason: Missing output files: vg_map/ABOFRAM000707401531_7.pack; Input files updated by another job: vg_map/ABOFRAM000707401531_7_7.vg, vg_map/ABOFRAM000707401531_7_7.gam
    wildcards: sample=ABOFRAM000707401531, chr=7
    threads: 3
    resources: mem_mb=14305, mem_mib=7045, disk_mb=7387, disk_mib=7045, tmpdir=<TBD>, slurm_partition=workq, slurm_account=mnaji, mem=15GB, time=28800


        vg pack -x vg_map/ABOFRAM000707401531_7_7.vg -g vg_map/ABOFRAM000707401531_7_7.gam -Q 5 --threads 3 -o vg_map/ABOFRAM000707401531_7.pack
        
No wall time information given. This might or might not work on your cluster. If not, specify the resource runtime in your rule or as a reasonable default via --default-resources.
Job 1000 has been submitted with SLURM jobid 11145839 (log: /work/project/CASCAD/mnaji/sm_folder/results/.snakemake/slurm_logs/rule_giraffe_pack/ABOFRAM000707401531_7/11145839.log).

[Fri Sep 20 09:36:25 2024]
rule giraffe_snarls:
    input: vg_map/ABOFRAM007401840180_5_5.vg
    output: vg_map/ABOFRAM007401840180_pt5.snarls
    log: logs/vg/giraffe_snarls_ABOFRAM007401840180_5.log
    jobid: 1457
    reason: Missing output files: vg_map/ABOFRAM007401840180_pt5.snarls; Input files updated by another job: vg_map/ABOFRAM007401840180_5_5.vg
    wildcards: sample=ABOFRAM007401840180, chr=5
    resources: mem_mb=11444, mem_mib=954, disk_mb=1000, disk_mib=954, tmpdir=<TBD>, slurm_partition=workq, slurm_account=mnaji, mem=12GB, time=28800


        vg snarls vg_map/ABOFRAM007401840180_5_5.vg > vg_map/ABOFRAM007401840180_pt5.snarls
        
No wall time information given. This might or might not work on your cluster. If not, specify the resource runtime in your rule or as a reasonable default via --default-resources.
Job 1457 has been submitted with SLURM jobid 11145840 (log: /work/project/CASCAD/mnaji/sm_folder/results/.snakemake/slurm_logs/rule_giraffe_snarls/ABOFRAM007401840180_5/11145840.log).
Select jobs to execute...
[Fri Sep 20 09:36:35 2024]
Finished job 1536.
225 of 886 steps (25%) done
Execute 1 jobs...

[Fri Sep 20 09:36:35 2024]
rule giraffe_chunk_vg:
    input: vg_vg/ABOFRAM000709524730_wg.xg
    output: vg_map/ABOFRAM000709524730_28_28.vg
    log: logs/vg/giraffe_chunk_vg_ABOFRAM000709524730_28.log
    jobid: 1259
    reason: Missing output files: vg_map/ABOFRAM000709524730_28_28.vg
    wildcards: sample=ABOFRAM000709524730, chr=28
    resources: mem_mb=11444, mem_mib=7630, disk_mb=9485, disk_mib=9046, tmpdir=<TBD>, slurm_partition=workq, slurm_account=mnaji, mem=12GB, time=28800


        vg chunk -x vg_vg/ABOFRAM000709524730_wg.xg -C -p 28 > vg_map/ABOFRAM000709524730_28_28.vg
        
No wall time information given. This might or might not work on your cluster. If not, specify the resource runtime in your rule or as a reasonable default via --default-resources.
Job 1259 has been submitted with SLURM jobid 11145841 (log: /work/project/CASCAD/mnaji/sm_folder/results/.snakemake/slurm_logs/rule_giraffe_chunk_vg/ABOFRAM000709524730_28/11145841.log).
[Fri Sep 20 09:36:45 2024]
Finished job 1386.
226 of 886 steps (26%) done
Select jobs to execute...
Execute 1 jobs...

[Fri Sep 20 09:36:45 2024]
rule giraffe_pack:
    input: vg_map/ABOFRAM007301868101_22_22.vg, vg_map/ABOFRAM007301868101_22_22.gam
    output: vg_map/ABOFRAM007301868101_22.pack
    log: logs/vg/giraffe_pack_ABOFRAM007301868101_22.log
    jobid: 1385
    reason: Missing output files: vg_map/ABOFRAM007301868101_22.pack; Input files updated by another job: vg_map/ABOFRAM007301868101_22_22.vg, vg_map/ABOFRAM007301868101_22_22.gam
    wildcards: sample=ABOFRAM007301868101, chr=22
    threads: 3
    resources: mem_mb=14305, mem_mib=3649, disk_mb=3826, disk_mib=3649, tmpdir=<TBD>, slurm_partition=workq, slurm_account=mnaji, mem=15GB, time=28800


        vg pack -x vg_map/ABOFRAM007301868101_22_22.vg -g vg_map/ABOFRAM007301868101_22_22.gam -Q 5 --threads 3 -o vg_map/ABOFRAM007301868101_22.pack
        
No wall time information given. This might or might not work on your cluster. If not, specify the resource runtime in your rule or as a reasonable default via --default-resources.
Job 1385 has been submitted with SLURM jobid 11145842 (log: /work/project/CASCAD/mnaji/sm_folder/results/.snakemake/slurm_logs/rule_giraffe_pack/ABOFRAM007301868101_22/11145842.log).
[Fri Sep 20 09:37:15 2024]
Finished job 1346.
227 of 886 steps (26%) done
[Fri Sep 20 09:37:15 2024]
Finished job 1259.
228 of 886 steps (26%) done
Select jobs to execute...
Execute 2 jobs...

[Fri Sep 20 09:37:15 2024]
rule giraffe_snarls:
    input: vg_map/ABOFRAM000709524730_28_28.vg
    output: vg_map/ABOFRAM000709524730_pt28.snarls
    log: logs/vg/giraffe_snarls_ABOFRAM000709524730_28.log
    jobid: 1262
    reason: Missing output files: vg_map/ABOFRAM000709524730_pt28.snarls; Input files updated by another job: vg_map/ABOFRAM000709524730_28_28.vg
    wildcards: sample=ABOFRAM000709524730, chr=28
    resources: mem_mb=11444, mem_mib=954, disk_mb=1000, disk_mib=954, tmpdir=<TBD>, slurm_partition=workq, slurm_account=mnaji, mem=12GB, time=28800


        vg snarls vg_map/ABOFRAM000709524730_28_28.vg > vg_map/ABOFRAM000709524730_pt28.snarls
        
No wall time information given. This might or might not work on your cluster. If not, specify the resource runtime in your rule or as a reasonable default via --default-resources.
Job 1262 has been submitted with SLURM jobid 11145843 (log: /work/project/CASCAD/mnaji/sm_folder/results/.snakemake/slurm_logs/rule_giraffe_snarls/ABOFRAM000709524730_28/11145843.log).

[Fri Sep 20 09:37:15 2024]
rule giraffe_chunk_vg:
    input: vg_vg/ABOFRAM000707401531_wg.xg
    output: vg_map/ABOFRAM000707401531_5_5.vg
    log: logs/vg/giraffe_chunk_vg_ABOFRAM000707401531_5.log
    jobid: 989
    reason: Missing output files: vg_map/ABOFRAM000707401531_5_5.vg
    wildcards: sample=ABOFRAM000707401531, chr=5
    resources: mem_mb=11444, mem_mib=7630, disk_mb=9481, disk_mib=9042, tmpdir=<TBD>, slurm_partition=workq, slurm_account=mnaji, mem=12GB, time=28800


        vg chunk -x vg_vg/ABOFRAM000707401531_wg.xg -C -p 5 > vg_map/ABOFRAM000707401531_5_5.vg
        
No wall time information given. This might or might not work on your cluster. If not, specify the resource runtime in your rule or as a reasonable default via --default-resources.
Job 989 has been submitted with SLURM jobid 11145844 (log: /work/project/CASCAD/mnaji/sm_folder/results/.snakemake/slurm_logs/rule_giraffe_chunk_vg/ABOFRAM000707401531_5/11145844.log).
Select jobs to execute...
[Fri Sep 20 09:37:25 2024]
Finished job 1560.
229 of 886 steps (26%) done
Removing temporary output vg_map/ABOFRAM007401840180_26_26.gam.
Execute 1 jobs...

[Fri Sep 20 09:37:25 2024]
rule giraffe_call:
    input: vg_map/ABOFRAM007401840180_26_26.vg, vg_map/ABOFRAM007401840180_26.pack, vg_map/ABOFRAM007401840180_pt26.snarls
    output: vg_call/ABOFRAM007401840180_26.vcf
    log: logs/vg/giraffe_call_ABOFRAM007401840180_26.log
    jobid: 1558
    reason: Missing output files: vg_call/ABOFRAM007401840180_26.vcf; Input files updated by another job: vg_map/ABOFRAM007401840180_26.pack, vg_map/ABOFRAM007401840180_pt26.snarls, vg_map/ABOFRAM007401840180_26_26.vg
    wildcards: sample=ABOFRAM007401840180, chr=26
    resources: mem_mb=11444, mem_mib=954, disk_mb=1000, disk_mib=954, tmpdir=<TBD>, slurm_partition=workq, slurm_account=mnaji, mem=12GB, time=28800


        vg call vg_map/ABOFRAM007401840180_26_26.vg -k vg_map/ABOFRAM007401840180_26.pack -r vg_map/ABOFRAM007401840180_pt26.snarls -s ABOFRAM007401840180 --threads 3 > vg_call/ABOFRAM007401840180_26.vcf 
        
No wall time information given. This might or might not work on your cluster. If not, specify the resource runtime in your rule or as a reasonable default via --default-resources.
Job 1558 has been submitted with SLURM jobid 11145845 (log: /work/project/CASCAD/mnaji/sm_folder/results/.snakemake/slurm_logs/rule_giraffe_call/ABOFRAM007401840180_26/11145845.log).
[Fri Sep 20 09:37:35 2024]
Finished job 1457.
230 of 886 steps (26%) done
Select jobs to execute...
Execute 1 jobs...

[Fri Sep 20 09:37:35 2024]
rule giraffe_chunk_vg:
    input: vg_vg/ABOFRAM007401840180_wg.xg
    output: vg_map/ABOFRAM007401840180_21_21.vg
    log: logs/vg/giraffe_chunk_vg_ABOFRAM007401840180_21.log
    jobid: 1534
    reason: Missing output files: vg_map/ABOFRAM007401840180_21_21.vg
    wildcards: sample=ABOFRAM007401840180, chr=21
    resources: mem_mb=11444, mem_mib=7630, disk_mb=9482, disk_mib=9043, tmpdir=<TBD>, slurm_partition=workq, slurm_account=mnaji, mem=12GB, time=28800


        vg chunk -x vg_vg/ABOFRAM007401840180_wg.xg -C -p 21 > vg_map/ABOFRAM007401840180_21_21.vg
        
No wall time information given. This might or might not work on your cluster. If not, specify the resource runtime in your rule or as a reasonable default via --default-resources.
Job 1534 has been submitted with SLURM jobid 11145847 (log: /work/project/CASCAD/mnaji/sm_folder/results/.snakemake/slurm_logs/rule_giraffe_chunk_vg/ABOFRAM007401840180_21/11145847.log).
[Fri Sep 20 09:37:45 2024]
Finished job 1511.
231 of 886 steps (26%) done
Select jobs to execute...
Execute 1 jobs...

[Fri Sep 20 09:37:45 2024]
rule giraffe_pack:
    input: vg_map/ABOFRAM007401840180_16_16.vg, vg_map/ABOFRAM007401840180_16_16.gam
    output: vg_map/ABOFRAM007401840180_16.pack
    log: logs/vg/giraffe_pack_ABOFRAM007401840180_16.log
    jobid: 1510
    reason: Missing output files: vg_map/ABOFRAM007401840180_16.pack; Input files updated by another job: vg_map/ABOFRAM007401840180_16_16.vg, vg_map/ABOFRAM007401840180_16_16.gam
    wildcards: sample=ABOFRAM007401840180, chr=16
    threads: 3
    resources: mem_mb=14305, mem_mib=5804, disk_mb=6085, disk_mib=5804, tmpdir=<TBD>, slurm_partition=workq, slurm_account=mnaji, mem=15GB, time=28800


        vg pack -x vg_map/ABOFRAM007401840180_16_16.vg -g vg_map/ABOFRAM007401840180_16_16.gam -Q 5 --threads 3 -o vg_map/ABOFRAM007401840180_16.pack
        
No wall time information given. This might or might not work on your cluster. If not, specify the resource runtime in your rule or as a reasonable default via --default-resources.
Job 1510 has been submitted with SLURM jobid 11145848 (log: /work/project/CASCAD/mnaji/sm_folder/results/.snakemake/slurm_logs/rule_giraffe_pack/ABOFRAM007401840180_16/11145848.log).
[Fri Sep 20 09:37:55 2024]
Finished job 989.
232 of 886 steps (26%) done
Select jobs to execute...
Execute 1 jobs...

[Fri Sep 20 09:37:55 2024]
rule giraffe_snarls:
    input: vg_map/ABOFRAM000707401531_5_5.vg
    output: vg_map/ABOFRAM000707401531_pt5.snarls
    log: logs/vg/giraffe_snarls_ABOFRAM000707401531_5.log
    jobid: 992
    reason: Missing output files: vg_map/ABOFRAM000707401531_pt5.snarls; Input files updated by another job: vg_map/ABOFRAM000707401531_5_5.vg
    wildcards: sample=ABOFRAM000707401531, chr=5
    resources: mem_mb=11444, mem_mib=954, disk_mb=1000, disk_mib=954, tmpdir=<TBD>, slurm_partition=workq, slurm_account=mnaji, mem=12GB, time=28800


        vg snarls vg_map/ABOFRAM000707401531_5_5.vg > vg_map/ABOFRAM000707401531_pt5.snarls
        
No wall time information given. This might or might not work on your cluster. If not, specify the resource runtime in your rule or as a reasonable default via --default-resources.
Job 992 has been submitted with SLURM jobid 11145849 (log: /work/project/CASCAD/mnaji/sm_folder/results/.snakemake/slurm_logs/rule_giraffe_snarls/ABOFRAM000707401531_5/11145849.log).
[Fri Sep 20 09:38:06 2024]
Finished job 1262.
233 of 886 steps (26%) done
Select jobs to execute...
Execute 1 jobs...

[Fri Sep 20 09:38:06 2024]
rule giraffe_chunk:
    input: vg_vg/ABOFRAM007401840180_wg.xg, vg_map/ABOFRAM007401840180.gam
    output: vg_map/ABOFRAM007401840180_14_14.gam
    log: logs/vg/giraffe_chunk_ABOFRAM007401840180_14.log
    jobid: 1501
    reason: Missing output files: vg_map/ABOFRAM007401840180_14_14.gam
    wildcards: sample=ABOFRAM007401840180, chr=14
    resources: mem_mb=28610, mem_mib=7630, disk_mb=196150, disk_mib=187064, tmpdir=<TBD>, slurm_partition=workq, slurm_account=mnaji, mem=30GB, time=28800


        vg chunk -x vg_vg/ABOFRAM007401840180_wg.xg -a vg_map/ABOFRAM007401840180.gam -C -p 14 -O pg --prefix vg_map/ABOFRAM007401840180_14 && ls -sh vg_map/ABOFRAM007401840180_14_14.gam
        
No wall time information given. This might or might not work on your cluster. If not, specify the resource runtime in your rule or as a reasonable default via --default-resources.
Job 1501 has been submitted with SLURM jobid 11145851 (log: /work/project/CASCAD/mnaji/sm_folder/results/.snakemake/slurm_logs/rule_giraffe_chunk/ABOFRAM007401840180_14/11145851.log).
[Fri Sep 20 09:38:16 2024]
Finished job 1534.
234 of 886 steps (26%) done
Select jobs to execute...
Execute 1 jobs...

[Fri Sep 20 09:38:16 2024]
rule giraffe_pack:
    input: vg_map/ABOFRAM007401840180_21_21.vg, vg_map/ABOFRAM007401840180_21_21.gam
    output: vg_map/ABOFRAM007401840180_21.pack
    log: logs/vg/giraffe_pack_ABOFRAM007401840180_21.log
    jobid: 1535
    reason: Missing output files: vg_map/ABOFRAM007401840180_21.pack; Input files updated by another job: vg_map/ABOFRAM007401840180_21_21.gam, vg_map/ABOFRAM007401840180_21_21.vg
    wildcards: sample=ABOFRAM007401840180, chr=21
    threads: 3
    resources: mem_mb=14305, mem_mib=4593, disk_mb=4816, disk_mib=4593, tmpdir=<TBD>, slurm_partition=workq, slurm_account=mnaji, mem=15GB, time=28800


        vg pack -x vg_map/ABOFRAM007401840180_21_21.vg -g vg_map/ABOFRAM007401840180_21_21.gam -Q 5 --threads 3 -o vg_map/ABOFRAM007401840180_21.pack
        
No wall time information given. This might or might not work on your cluster. If not, specify the resource runtime in your rule or as a reasonable default via --default-resources.
Job 1535 has been submitted with SLURM jobid 11145852 (log: /work/project/CASCAD/mnaji/sm_folder/results/.snakemake/slurm_logs/rule_giraffe_pack/ABOFRAM007401840180_21/11145852.log).
[Fri Sep 20 09:38:26 2024]
Finished job 1285.
235 of 886 steps (27%) done
Removing temporary output vg_map/ABOFRAM007301868101_2_2.gam.
Select jobs to execute...
Execute 1 jobs...

[Fri Sep 20 09:38:26 2024]
rule giraffe_call:
    input: vg_map/ABOFRAM007301868101_2_2.vg, vg_map/ABOFRAM007301868101_2.pack, vg_map/ABOFRAM007301868101_pt2.snarls
    output: vg_call/ABOFRAM007301868101_2.vcf
    log: logs/vg/giraffe_call_ABOFRAM007301868101_2.log
    jobid: 1283
    reason: Missing output files: vg_call/ABOFRAM007301868101_2.vcf; Input files updated by another job: vg_map/ABOFRAM007301868101_pt2.snarls, vg_map/ABOFRAM007301868101_2.pack, vg_map/ABOFRAM007301868101_2_2.vg
    wildcards: sample=ABOFRAM007301868101, chr=2
    resources: mem_mb=11444, mem_mib=954, disk_mb=1000, disk_mib=954, tmpdir=<TBD>, slurm_partition=workq, slurm_account=mnaji, mem=12GB, time=28800


        vg call vg_map/ABOFRAM007301868101_2_2.vg -k vg_map/ABOFRAM007301868101_2.pack -r vg_map/ABOFRAM007301868101_pt2.snarls -s ABOFRAM007301868101 --threads 3 > vg_call/ABOFRAM007301868101_2.vcf 
        
No wall time information given. This might or might not work on your cluster. If not, specify the resource runtime in your rule or as a reasonable default via --default-resources.
Job 1283 has been submitted with SLURM jobid 11145853 (log: /work/project/CASCAD/mnaji/sm_folder/results/.snakemake/slurm_logs/rule_giraffe_call/ABOFRAM007301868101_2/11145853.log).
[Fri Sep 20 09:38:56 2024]
Finished job 1076.
236 of 886 steps (27%) done
[Fri Sep 20 09:38:56 2024]
Finished job 1558.
237 of 886 steps (27%) done
Removing temporary output vg_map/ABOFRAM007401840180_26_26.vg.
Removing temporary output vg_map/ABOFRAM007401840180_26.pack.
Removing temporary output vg_map/ABOFRAM007401840180_pt26.snarls.
Select jobs to execute...
Execute 2 jobs...

[Fri Sep 20 09:38:56 2024]
rule giraffe_snarls:
    input: vg_map/ABOFRAM007401840180_21_21.vg
    output: vg_map/ABOFRAM007401840180_pt21.snarls
    log: logs/vg/giraffe_snarls_ABOFRAM007401840180_21.log
    jobid: 1537
    reason: Missing output files: vg_map/ABOFRAM007401840180_pt21.snarls; Input files updated by another job: vg_map/ABOFRAM007401840180_21_21.vg
    wildcards: sample=ABOFRAM007401840180, chr=21
    resources: mem_mb=11444, mem_mib=954, disk_mb=1000, disk_mib=954, tmpdir=<TBD>, slurm_partition=workq, slurm_account=mnaji, mem=12GB, time=28800


        vg snarls vg_map/ABOFRAM007401840180_21_21.vg > vg_map/ABOFRAM007401840180_pt21.snarls
        
No wall time information given. This might or might not work on your cluster. If not, specify the resource runtime in your rule or as a reasonable default via --default-resources.
Job 1537 has been submitted with SLURM jobid 11145855 (log: /work/project/CASCAD/mnaji/sm_folder/results/.snakemake/slurm_logs/rule_giraffe_snarls/ABOFRAM007401840180_21/11145855.log).

[Fri Sep 20 09:38:56 2024]
rule giraffe_pack:
    input: vg_map/ABOFRAM000707401531_22_22.vg, vg_map/ABOFRAM000707401531_22_22.gam
    output: vg_map/ABOFRAM000707401531_22.pack
    log: logs/vg/giraffe_pack_ABOFRAM000707401531_22.log
    jobid: 1075
    reason: Missing output files: vg_map/ABOFRAM000707401531_22.pack; Input files updated by another job: vg_map/ABOFRAM000707401531_22_22.gam, vg_map/ABOFRAM000707401531_22_22.vg
    wildcards: sample=ABOFRAM000707401531, chr=22
    threads: 3
    resources: mem_mb=14305, mem_mib=3912, disk_mb=4101, disk_mib=3912, tmpdir=<TBD>, slurm_partition=workq, slurm_account=mnaji, mem=15GB, time=28800


        vg pack -x vg_map/ABOFRAM000707401531_22_22.vg -g vg_map/ABOFRAM000707401531_22_22.gam -Q 5 --threads 3 -o vg_map/ABOFRAM000707401531_22.pack
        
No wall time information given. This might or might not work on your cluster. If not, specify the resource runtime in your rule or as a reasonable default via --default-resources.
Job 1075 has been submitted with SLURM jobid 11145856 (log: /work/project/CASCAD/mnaji/sm_folder/results/.snakemake/slurm_logs/rule_giraffe_pack/ABOFRAM000707401531_22/11145856.log).
Select jobs to execute...
[Fri Sep 20 09:39:06 2024]
Finished job 1531.
238 of 886 steps (27%) done
[Fri Sep 20 09:39:06 2024]
Finished job 1005.
239 of 886 steps (27%) done
Removing temporary output vg_map/ABOFRAM000707401531_8_8.gam.
[Fri Sep 20 09:39:06 2024]
Finished job 992.
240 of 886 steps (27%) done
Execute 3 jobs...

[Fri Sep 20 09:39:06 2024]
rule giraffe_pack:
    input: vg_map/ABOFRAM007401840180_20_20.vg, vg_map/ABOFRAM007401840180_20_20.gam
    output: vg_map/ABOFRAM007401840180_20.pack
    log: logs/vg/giraffe_pack_ABOFRAM007401840180_20.log
    jobid: 1530
    reason: Missing output files: vg_map/ABOFRAM007401840180_20.pack; Input files updated by another job: vg_map/ABOFRAM007401840180_20_20.gam, vg_map/ABOFRAM007401840180_20_20.vg
    wildcards: sample=ABOFRAM007401840180, chr=20
    threads: 3
    resources: mem_mb=14305, mem_mib=4324, disk_mb=4534, disk_mib=4324, tmpdir=<TBD>, slurm_partition=workq, slurm_account=mnaji, mem=15GB, time=28800


        vg pack -x vg_map/ABOFRAM007401840180_20_20.vg -g vg_map/ABOFRAM007401840180_20_20.gam -Q 5 --threads 3 -o vg_map/ABOFRAM007401840180_20.pack
        
No wall time information given. This might or might not work on your cluster. If not, specify the resource runtime in your rule or as a reasonable default via --default-resources.
Job 1530 has been submitted with SLURM jobid 11145857 (log: /work/project/CASCAD/mnaji/sm_folder/results/.snakemake/slurm_logs/rule_giraffe_pack/ABOFRAM007401840180_20/11145857.log).

[Fri Sep 20 09:39:06 2024]
rule giraffe_call:
    input: vg_map/ABOFRAM000707401531_8_8.vg, vg_map/ABOFRAM000707401531_8.pack, vg_map/ABOFRAM000707401531_pt8.snarls
    output: vg_call/ABOFRAM000707401531_8.vcf
    log: logs/vg/giraffe_call_ABOFRAM000707401531_8.log
    jobid: 1003
    reason: Missing output files: vg_call/ABOFRAM000707401531_8.vcf; Input files updated by another job: vg_map/ABOFRAM000707401531_8_8.vg, vg_map/ABOFRAM000707401531_pt8.snarls, vg_map/ABOFRAM000707401531_8.pack
    wildcards: sample=ABOFRAM000707401531, chr=8
    resources: mem_mb=11444, mem_mib=954, disk_mb=1000, disk_mib=954, tmpdir=<TBD>, slurm_partition=workq, slurm_account=mnaji, mem=12GB, time=28800


        vg call vg_map/ABOFRAM000707401531_8_8.vg -k vg_map/ABOFRAM000707401531_8.pack -r vg_map/ABOFRAM000707401531_pt8.snarls -s ABOFRAM000707401531 --threads 3 > vg_call/ABOFRAM000707401531_8.vcf 
        
No wall time information given. This might or might not work on your cluster. If not, specify the resource runtime in your rule or as a reasonable default via --default-resources.
Job 1003 has been submitted with SLURM jobid 11145858 (log: /work/project/CASCAD/mnaji/sm_folder/results/.snakemake/slurm_logs/rule_giraffe_call/ABOFRAM000707401531_8/11145858.log).

[Fri Sep 20 09:39:06 2024]
rule giraffe_chunk:
    input: vg_vg/ABOFRAM000703115255_wg.xg, vg_map/ABOFRAM000703115255.gam
    output: vg_map/ABOFRAM000703115255_11_11.gam
    log: logs/vg/giraffe_chunk_ABOFRAM000703115255_11.log
    jobid: 866
    reason: Missing output files: vg_map/ABOFRAM000703115255_11_11.gam
    wildcards: sample=ABOFRAM000703115255, chr=11
    resources: mem_mb=28610, mem_mib=7630, disk_mb=273960, disk_mib=261269, tmpdir=<TBD>, slurm_partition=workq, slurm_account=mnaji, mem=30GB, time=28800


        vg chunk -x vg_vg/ABOFRAM000703115255_wg.xg -a vg_map/ABOFRAM000703115255.gam -C -p 11 -O pg --prefix vg_map/ABOFRAM000703115255_11 && ls -sh vg_map/ABOFRAM000703115255_11_11.gam
        
No wall time information given. This might or might not work on your cluster. If not, specify the resource runtime in your rule or as a reasonable default via --default-resources.
Job 866 has been submitted with SLURM jobid 11145859 (log: /work/project/CASCAD/mnaji/sm_folder/results/.snakemake/slurm_logs/rule_giraffe_chunk/ABOFRAM000703115255_11/11145859.log).
Select jobs to execute...
[Fri Sep 20 09:39:36 2024]
Finished job 1311.
241 of 886 steps (27%) done
[Fri Sep 20 09:39:36 2024]
Finished job 1385.
242 of 886 steps (27%) done
Removing temporary output vg_map/ABOFRAM007301868101_22_22.gam.
Execute 2 jobs...

[Fri Sep 20 09:39:36 2024]
rule giraffe_chunk_vg:
    input: vg_vg/ABOFRAM000707401531_wg.xg
    output: vg_map/ABOFRAM000707401531_10_10.vg
    log: logs/vg/giraffe_chunk_vg_ABOFRAM000707401531_10.log
    jobid: 1014
    reason: Missing output files: vg_map/ABOFRAM000707401531_10_10.vg
    wildcards: sample=ABOFRAM000707401531, chr=10
    resources: mem_mb=11444, mem_mib=7630, disk_mb=9481, disk_mib=9042, tmpdir=<TBD>, slurm_partition=workq, slurm_account=mnaji, mem=12GB, time=28800


        vg chunk -x vg_vg/ABOFRAM000707401531_wg.xg -C -p 10 > vg_map/ABOFRAM000707401531_10_10.vg
        
No wall time information given. This might or might not work on your cluster. If not, specify the resource runtime in your rule or as a reasonable default via --default-resources.
Job 1014 has been submitted with SLURM jobid 11145860 (log: /work/project/CASCAD/mnaji/sm_folder/results/.snakemake/slurm_logs/rule_giraffe_chunk_vg/ABOFRAM000707401531_10/11145860.log).

[Fri Sep 20 09:39:36 2024]
rule giraffe_call:
    input: vg_map/ABOFRAM007301868101_22_22.vg, vg_map/ABOFRAM007301868101_22.pack, vg_map/ABOFRAM007301868101_pt22.snarls
    output: vg_call/ABOFRAM007301868101_22.vcf
    log: logs/vg/giraffe_call_ABOFRAM007301868101_22.log
    jobid: 1383
    reason: Missing output files: vg_call/ABOFRAM007301868101_22.vcf; Input files updated by another job: vg_map/ABOFRAM007301868101_pt22.snarls, vg_map/ABOFRAM007301868101_22_22.vg, vg_map/ABOFRAM007301868101_22.pack
    wildcards: sample=ABOFRAM007301868101, chr=22
    resources: mem_mb=11444, mem_mib=954, disk_mb=1000, disk_mib=954, tmpdir=<TBD>, slurm_partition=workq, slurm_account=mnaji, mem=12GB, time=28800


        vg call vg_map/ABOFRAM007301868101_22_22.vg -k vg_map/ABOFRAM007301868101_22.pack -r vg_map/ABOFRAM007301868101_pt22.snarls -s ABOFRAM007301868101 --threads 3 > vg_call/ABOFRAM007301868101_22.vcf 
        
No wall time information given. This might or might not work on your cluster. If not, specify the resource runtime in your rule or as a reasonable default via --default-resources.
Job 1383 has been submitted with SLURM jobid 11145861 (log: /work/project/CASCAD/mnaji/sm_folder/results/.snakemake/slurm_logs/rule_giraffe_call/ABOFRAM007301868101_22/11145861.log).
Select jobs to execute...
[Fri Sep 20 09:39:46 2024]
Finished job 1000.
243 of 886 steps (27%) done
Removing temporary output vg_map/ABOFRAM000707401531_7_7.gam.
[Fri Sep 20 09:39:46 2024]
Finished job 1537.
244 of 886 steps (28%) done
Execute 2 jobs...

[Fri Sep 20 09:39:46 2024]
rule giraffe_call:
    input: vg_map/ABOFRAM000707401531_7_7.vg, vg_map/ABOFRAM000707401531_7.pack, vg_map/ABOFRAM000707401531_pt7.snarls
    output: vg_call/ABOFRAM000707401531_7.vcf
    log: logs/vg/giraffe_call_ABOFRAM000707401531_7.log
    jobid: 998
    reason: Missing output files: vg_call/ABOFRAM000707401531_7.vcf; Input files updated by another job: vg_map/ABOFRAM000707401531_7_7.vg, vg_map/ABOFRAM000707401531_pt7.snarls, vg_map/ABOFRAM000707401531_7.pack
    wildcards: sample=ABOFRAM000707401531, chr=7
    resources: mem_mb=11444, mem_mib=954, disk_mb=1000, disk_mib=954, tmpdir=<TBD>, slurm_partition=workq, slurm_account=mnaji, mem=12GB, time=28800


        vg call vg_map/ABOFRAM000707401531_7_7.vg -k vg_map/ABOFRAM000707401531_7.pack -r vg_map/ABOFRAM000707401531_pt7.snarls -s ABOFRAM000707401531 --threads 3 > vg_call/ABOFRAM000707401531_7.vcf 
        
No wall time information given. This might or might not work on your cluster. If not, specify the resource runtime in your rule or as a reasonable default via --default-resources.
Job 998 has been submitted with SLURM jobid 11145862 (log: /work/project/CASCAD/mnaji/sm_folder/results/.snakemake/slurm_logs/rule_giraffe_call/ABOFRAM000707401531_7/11145862.log).

[Fri Sep 20 09:39:46 2024]
rule giraffe_chunk:
    input: vg_vg/ABOFRAM007401840180_wg.xg, vg_map/ABOFRAM007401840180.gam
    output: vg_map/ABOFRAM007401840180_19_19.gam
    log: logs/vg/giraffe_chunk_ABOFRAM007401840180_19.log
    jobid: 1526
    reason: Missing output files: vg_map/ABOFRAM007401840180_19_19.gam
    wildcards: sample=ABOFRAM007401840180, chr=19
    resources: mem_mb=28610, mem_mib=7630, disk_mb=196150, disk_mib=187064, tmpdir=<TBD>, slurm_partition=workq, slurm_account=mnaji, mem=30GB, time=28800


        vg chunk -x vg_vg/ABOFRAM007401840180_wg.xg -a vg_map/ABOFRAM007401840180.gam -C -p 19 -O pg --prefix vg_map/ABOFRAM007401840180_19 && ls -sh vg_map/ABOFRAM007401840180_19_19.gam
        
No wall time information given. This might or might not work on your cluster. If not, specify the resource runtime in your rule or as a reasonable default via --default-resources.
Job 1526 has been submitted with SLURM jobid 11145863 (log: /work/project/CASCAD/mnaji/sm_folder/results/.snakemake/slurm_logs/rule_giraffe_chunk/ABOFRAM007401840180_19/11145863.log).
Select jobs to execute...
[Fri Sep 20 09:39:56 2024]
Finished job 1401.
245 of 886 steps (28%) done
[Fri Sep 20 09:39:56 2024]
Finished job 1046.
246 of 886 steps (28%) done
[Fri Sep 20 09:39:56 2024]
Finished job 1510.
247 of 886 steps (28%) done
Removing temporary output vg_map/ABOFRAM007401840180_16_16.gam.
Execute 3 jobs...

[Fri Sep 20 09:39:56 2024]
rule giraffe_pack:
    input: vg_map/ABOFRAM007301868101_25_25.vg, vg_map/ABOFRAM007301868101_25_25.gam
    output: vg_map/ABOFRAM007301868101_25.pack
    log: logs/vg/giraffe_pack_ABOFRAM007301868101_25.log
    jobid: 1400
    reason: Missing output files: vg_map/ABOFRAM007301868101_25.pack; Input files updated by another job: vg_map/ABOFRAM007301868101_25_25.vg, vg_map/ABOFRAM007301868101_25_25.gam
    wildcards: sample=ABOFRAM007301868101, chr=25
    threads: 3
    resources: mem_mb=14305, mem_mib=2522, disk_mb=2644, disk_mib=2522, tmpdir=<TBD>, slurm_partition=workq, slurm_account=mnaji, mem=15GB, time=28800


        vg pack -x vg_map/ABOFRAM007301868101_25_25.vg -g vg_map/ABOFRAM007301868101_25_25.gam -Q 5 --threads 3 -o vg_map/ABOFRAM007301868101_25.pack
        
No wall time information given. This might or might not work on your cluster. If not, specify the resource runtime in your rule or as a reasonable default via --default-resources.
Job 1400 has been submitted with SLURM jobid 11145864 (log: /work/project/CASCAD/mnaji/sm_folder/results/.snakemake/slurm_logs/rule_giraffe_pack/ABOFRAM007301868101_25/11145864.log).

[Fri Sep 20 09:39:57 2024]
rule giraffe_pack:
    input: vg_map/ABOFRAM000707401531_16_16.vg, vg_map/ABOFRAM000707401531_16_16.gam
    output: vg_map/ABOFRAM000707401531_16.pack
    log: logs/vg/giraffe_pack_ABOFRAM000707401531_16.log
    jobid: 1045
    reason: Missing output files: vg_map/ABOFRAM000707401531_16.pack; Input files updated by another job: vg_map/ABOFRAM000707401531_16_16.vg, vg_map/ABOFRAM000707401531_16_16.gam
    wildcards: sample=ABOFRAM000707401531, chr=16
    threads: 3
    resources: mem_mb=14305, mem_mib=6038, disk_mb=6331, disk_mib=6038, tmpdir=<TBD>, slurm_partition=workq, slurm_account=mnaji, mem=15GB, time=28800


        vg pack -x vg_map/ABOFRAM000707401531_16_16.vg -g vg_map/ABOFRAM000707401531_16_16.gam -Q 5 --threads 3 -o vg_map/ABOFRAM000707401531_16.pack
        
No wall time information given. This might or might not work on your cluster. If not, specify the resource runtime in your rule or as a reasonable default via --default-resources.
Job 1045 has been submitted with SLURM jobid 11145865 (log: /work/project/CASCAD/mnaji/sm_folder/results/.snakemake/slurm_logs/rule_giraffe_pack/ABOFRAM000707401531_16/11145865.log).

[Fri Sep 20 09:39:57 2024]
rule giraffe_call:
    input: vg_map/ABOFRAM007401840180_16_16.vg, vg_map/ABOFRAM007401840180_16.pack, vg_map/ABOFRAM007401840180_pt16.snarls
    output: vg_call/ABOFRAM007401840180_16.vcf
    log: logs/vg/giraffe_call_ABOFRAM007401840180_16.log
    jobid: 1508
    reason: Missing output files: vg_call/ABOFRAM007401840180_16.vcf; Input files updated by another job: vg_map/ABOFRAM007401840180_pt16.snarls, vg_map/ABOFRAM007401840180_16_16.vg, vg_map/ABOFRAM007401840180_16.pack
    wildcards: sample=ABOFRAM007401840180, chr=16
    resources: mem_mb=11444, mem_mib=954, disk_mb=1000, disk_mib=954, tmpdir=<TBD>, slurm_partition=workq, slurm_account=mnaji, mem=12GB, time=28800


        vg call vg_map/ABOFRAM007401840180_16_16.vg -k vg_map/ABOFRAM007401840180_16.pack -r vg_map/ABOFRAM007401840180_pt16.snarls -s ABOFRAM007401840180 --threads 3 > vg_call/ABOFRAM007401840180_16.vcf 
        
No wall time information given. This might or might not work on your cluster. If not, specify the resource runtime in your rule or as a reasonable default via --default-resources.
Job 1508 has been submitted with SLURM jobid 11145866 (log: /work/project/CASCAD/mnaji/sm_folder/results/.snakemake/slurm_logs/rule_giraffe_call/ABOFRAM007401840180_16/11145866.log).
Select jobs to execute...
[Fri Sep 20 09:40:06 2024]
Finished job 1036.
248 of 886 steps (28%) done
[Fri Sep 20 09:40:06 2024]
Finished job 991.
249 of 886 steps (28%) done
[Fri Sep 20 09:40:06 2024]
Finished job 1535.
250 of 886 steps (28%) done
Removing temporary output vg_map/ABOFRAM007401840180_21_21.gam.
Execute 3 jobs...

[Fri Sep 20 09:40:06 2024]
rule giraffe_pack:
    input: vg_map/ABOFRAM000707401531_5_5.vg, vg_map/ABOFRAM000707401531_5_5.gam
    output: vg_map/ABOFRAM000707401531_5.pack
    log: logs/vg/giraffe_pack_ABOFRAM000707401531_5.log
    jobid: 990
    reason: Missing output files: vg_map/ABOFRAM000707401531_5.pack; Input files updated by another job: vg_map/ABOFRAM000707401531_5_5.gam, vg_map/ABOFRAM000707401531_5_5.vg
    wildcards: sample=ABOFRAM000707401531, chr=5
    threads: 3
    resources: mem_mb=14305, mem_mib=7390, disk_mb=7748, disk_mib=7390, tmpdir=<TBD>, slurm_partition=workq, slurm_account=mnaji, mem=15GB, time=28800


        vg pack -x vg_map/ABOFRAM000707401531_5_5.vg -g vg_map/ABOFRAM000707401531_5_5.gam -Q 5 --threads 3 -o vg_map/ABOFRAM000707401531_5.pack
        
No wall time information given. This might or might not work on your cluster. If not, specify the resource runtime in your rule or as a reasonable default via --default-resources.
Job 990 has been submitted with SLURM jobid 11145867 (log: /work/project/CASCAD/mnaji/sm_folder/results/.snakemake/slurm_logs/rule_giraffe_pack/ABOFRAM000707401531_5/11145867.log).

[Fri Sep 20 09:40:07 2024]
rule giraffe_pack:
    input: vg_map/ABOFRAM000707401531_14_14.vg, vg_map/ABOFRAM000707401531_14_14.gam
    output: vg_map/ABOFRAM000707401531_14.pack
    log: logs/vg/giraffe_pack_ABOFRAM000707401531_14.log
    jobid: 1035
    reason: Missing output files: vg_map/ABOFRAM000707401531_14.pack; Input files updated by another job: vg_map/ABOFRAM000707401531_14_14.vg, vg_map/ABOFRAM000707401531_14_14.gam
    wildcards: sample=ABOFRAM000707401531, chr=14
    threads: 3
    resources: mem_mb=14305, mem_mib=5416, disk_mb=5679, disk_mib=5416, tmpdir=<TBD>, slurm_partition=workq, slurm_account=mnaji, mem=15GB, time=28800


        vg pack -x vg_map/ABOFRAM000707401531_14_14.vg -g vg_map/ABOFRAM000707401531_14_14.gam -Q 5 --threads 3 -o vg_map/ABOFRAM000707401531_14.pack
        
No wall time information given. This might or might not work on your cluster. If not, specify the resource runtime in your rule or as a reasonable default via --default-resources.
Job 1035 has been submitted with SLURM jobid 11145868 (log: /work/project/CASCAD/mnaji/sm_folder/results/.snakemake/slurm_logs/rule_giraffe_pack/ABOFRAM000707401531_14/11145868.log).

[Fri Sep 20 09:40:07 2024]
rule giraffe_call:
    input: vg_map/ABOFRAM007401840180_21_21.vg, vg_map/ABOFRAM007401840180_21.pack, vg_map/ABOFRAM007401840180_pt21.snarls
    output: vg_call/ABOFRAM007401840180_21.vcf
    log: logs/vg/giraffe_call_ABOFRAM007401840180_21.log
    jobid: 1533
    reason: Missing output files: vg_call/ABOFRAM007401840180_21.vcf; Input files updated by another job: vg_map/ABOFRAM007401840180_21.pack, vg_map/ABOFRAM007401840180_pt21.snarls, vg_map/ABOFRAM007401840180_21_21.vg
    wildcards: sample=ABOFRAM007401840180, chr=21
    resources: mem_mb=11444, mem_mib=954, disk_mb=1000, disk_mib=954, tmpdir=<TBD>, slurm_partition=workq, slurm_account=mnaji, mem=12GB, time=28800


        vg call vg_map/ABOFRAM007401840180_21_21.vg -k vg_map/ABOFRAM007401840180_21.pack -r vg_map/ABOFRAM007401840180_pt21.snarls -s ABOFRAM007401840180 --threads 3 > vg_call/ABOFRAM007401840180_21.vcf 
        
No wall time information given. This might or might not work on your cluster. If not, specify the resource runtime in your rule or as a reasonable default via --default-resources.
Job 1533 has been submitted with SLURM jobid 11145869 (log: /work/project/CASCAD/mnaji/sm_folder/results/.snakemake/slurm_logs/rule_giraffe_call/ABOFRAM007401840180_21/11145869.log).
Select jobs to execute...
[Fri Sep 20 09:40:16 2024]
Finished job 1014.
251 of 886 steps (28%) done
Execute 1 jobs...

[Fri Sep 20 09:40:16 2024]
rule giraffe_snarls:
    input: vg_map/ABOFRAM000707401531_10_10.vg
    output: vg_map/ABOFRAM000707401531_pt10.snarls
    log: logs/vg/giraffe_snarls_ABOFRAM000707401531_10.log
    jobid: 1017
    reason: Missing output files: vg_map/ABOFRAM000707401531_pt10.snarls; Input files updated by another job: vg_map/ABOFRAM000707401531_10_10.vg
    wildcards: sample=ABOFRAM000707401531, chr=10
    resources: mem_mb=11444, mem_mib=954, disk_mb=1000, disk_mib=954, tmpdir=<TBD>, slurm_partition=workq, slurm_account=mnaji, mem=12GB, time=28800


        vg snarls vg_map/ABOFRAM000707401531_10_10.vg > vg_map/ABOFRAM000707401531_pt10.snarls
        
No wall time information given. This might or might not work on your cluster. If not, specify the resource runtime in your rule or as a reasonable default via --default-resources.
Job 1017 has been submitted with SLURM jobid 11145870 (log: /work/project/CASCAD/mnaji/sm_folder/results/.snakemake/slurm_logs/rule_giraffe_snarls/ABOFRAM000707401531_10/11145870.log).
[Fri Sep 20 09:40:27 2024]
Finished job 1071.
252 of 886 steps (28%) done
Select jobs to execute...
Execute 1 jobs...

[Fri Sep 20 09:40:27 2024]
rule giraffe_pack:
    input: vg_map/ABOFRAM000707401531_21_21.vg, vg_map/ABOFRAM000707401531_21_21.gam
    output: vg_map/ABOFRAM000707401531_21.pack
    log: logs/vg/giraffe_pack_ABOFRAM000707401531_21.log
    jobid: 1070
    reason: Missing output files: vg_map/ABOFRAM000707401531_21.pack; Input files updated by another job: vg_map/ABOFRAM000707401531_21_21.gam, vg_map/ABOFRAM000707401531_21_21.vg
    wildcards: sample=ABOFRAM000707401531, chr=21
    threads: 3
    resources: mem_mb=14305, mem_mib=4538, disk_mb=4758, disk_mib=4538, tmpdir=<TBD>, slurm_partition=workq, slurm_account=mnaji, mem=15GB, time=28800


        vg pack -x vg_map/ABOFRAM000707401531_21_21.vg -g vg_map/ABOFRAM000707401531_21_21.gam -Q 5 --threads 3 -o vg_map/ABOFRAM000707401531_21.pack
        
No wall time information given. This might or might not work on your cluster. If not, specify the resource runtime in your rule or as a reasonable default via --default-resources.
Job 1070 has been submitted with SLURM jobid 11145872 (log: /work/project/CASCAD/mnaji/sm_folder/results/.snakemake/slurm_logs/rule_giraffe_pack/ABOFRAM000707401531_21/11145872.log).
[Fri Sep 20 09:41:27 2024]
Finished job 1471.
253 of 886 steps (29%) done
[Fri Sep 20 09:41:27 2024]
Finished job 1075.
254 of 886 steps (29%) done
Removing temporary output vg_map/ABOFRAM000707401531_22_22.gam.
[Fri Sep 20 09:41:27 2024]
Finished job 1530.
255 of 886 steps (29%) done
Removing temporary output vg_map/ABOFRAM007401840180_20_20.gam.
[Fri Sep 20 09:41:27 2024]
Finished job 1383.
256 of 886 steps (29%) done
Removing temporary output vg_map/ABOFRAM007301868101_22_22.vg.
Removing temporary output vg_map/ABOFRAM007301868101_22.pack.
Removing temporary output vg_map/ABOFRAM007301868101_pt22.snarls.
[Fri Sep 20 09:41:27 2024]
Finished job 1400.
257 of 886 steps (29%) done
Removing temporary output vg_map/ABOFRAM007301868101_25_25.gam.
[Fri Sep 20 09:41:27 2024]
Finished job 1017.
258 of 886 steps (29%) done
Select jobs to execute...
Execute 6 jobs...

[Fri Sep 20 09:41:27 2024]
rule giraffe_call:
    input: vg_map/ABOFRAM007401840180_20_20.vg, vg_map/ABOFRAM007401840180_20.pack, vg_map/ABOFRAM007401840180_pt20.snarls
    output: vg_call/ABOFRAM007401840180_20.vcf
    log: logs/vg/giraffe_call_ABOFRAM007401840180_20.log
    jobid: 1528
    reason: Missing output files: vg_call/ABOFRAM007401840180_20.vcf; Input files updated by another job: vg_map/ABOFRAM007401840180_20.pack, vg_map/ABOFRAM007401840180_pt20.snarls, vg_map/ABOFRAM007401840180_20_20.vg
    wildcards: sample=ABOFRAM007401840180, chr=20
    resources: mem_mb=11444, mem_mib=954, disk_mb=1000, disk_mib=954, tmpdir=<TBD>, slurm_partition=workq, slurm_account=mnaji, mem=12GB, time=28800


        vg call vg_map/ABOFRAM007401840180_20_20.vg -k vg_map/ABOFRAM007401840180_20.pack -r vg_map/ABOFRAM007401840180_pt20.snarls -s ABOFRAM007401840180 --threads 3 > vg_call/ABOFRAM007401840180_20.vcf 
        
No wall time information given. This might or might not work on your cluster. If not, specify the resource runtime in your rule or as a reasonable default via --default-resources.
Job 1528 has been submitted with SLURM jobid 11145873 (log: /work/project/CASCAD/mnaji/sm_folder/results/.snakemake/slurm_logs/rule_giraffe_call/ABOFRAM007401840180_20/11145873.log).

[Fri Sep 20 09:41:27 2024]
rule giraffe_call:
    input: vg_map/ABOFRAM007301868101_25_25.vg, vg_map/ABOFRAM007301868101_25.pack, vg_map/ABOFRAM007301868101_pt25.snarls
    output: vg_call/ABOFRAM007301868101_25.vcf
    log: logs/vg/giraffe_call_ABOFRAM007301868101_25.log
    jobid: 1398
    reason: Missing output files: vg_call/ABOFRAM007301868101_25.vcf; Input files updated by another job: vg_map/ABOFRAM007301868101_25_25.vg, vg_map/ABOFRAM007301868101_25.pack, vg_map/ABOFRAM007301868101_pt25.snarls
    wildcards: sample=ABOFRAM007301868101, chr=25
    resources: mem_mb=11444, mem_mib=954, disk_mb=1000, disk_mib=954, tmpdir=<TBD>, slurm_partition=workq, slurm_account=mnaji, mem=12GB, time=28800


        vg call vg_map/ABOFRAM007301868101_25_25.vg -k vg_map/ABOFRAM007301868101_25.pack -r vg_map/ABOFRAM007301868101_pt25.snarls -s ABOFRAM007301868101 --threads 3 > vg_call/ABOFRAM007301868101_25.vcf 
        
No wall time information given. This might or might not work on your cluster. If not, specify the resource runtime in your rule or as a reasonable default via --default-resources.
Job 1398 has been submitted with SLURM jobid 11145874 (log: /work/project/CASCAD/mnaji/sm_folder/results/.snakemake/slurm_logs/rule_giraffe_call/ABOFRAM007301868101_25/11145874.log).

[Fri Sep 20 09:41:27 2024]
rule giraffe_call:
    input: vg_map/ABOFRAM000707401531_22_22.vg, vg_map/ABOFRAM000707401531_22.pack, vg_map/ABOFRAM000707401531_pt22.snarls
    output: vg_call/ABOFRAM000707401531_22.vcf
    log: logs/vg/giraffe_call_ABOFRAM000707401531_22.log
    jobid: 1073
    reason: Missing output files: vg_call/ABOFRAM000707401531_22.vcf; Input files updated by another job: vg_map/ABOFRAM000707401531_pt22.snarls, vg_map/ABOFRAM000707401531_22.pack, vg_map/ABOFRAM000707401531_22_22.vg
    wildcards: sample=ABOFRAM000707401531, chr=22
    resources: mem_mb=11444, mem_mib=954, disk_mb=1000, disk_mib=954, tmpdir=<TBD>, slurm_partition=workq, slurm_account=mnaji, mem=12GB, time=28800


        vg call vg_map/ABOFRAM000707401531_22_22.vg -k vg_map/ABOFRAM000707401531_22.pack -r vg_map/ABOFRAM000707401531_pt22.snarls -s ABOFRAM000707401531 --threads 3 > vg_call/ABOFRAM000707401531_22.vcf 
        
No wall time information given. This might or might not work on your cluster. If not, specify the resource runtime in your rule or as a reasonable default via --default-resources.
Job 1073 has been submitted with SLURM jobid 11145875 (log: /work/project/CASCAD/mnaji/sm_folder/results/.snakemake/slurm_logs/rule_giraffe_call/ABOFRAM000707401531_22/11145875.log).

[Fri Sep 20 09:41:28 2024]
rule giraffe_pack:
    input: vg_map/ABOFRAM007401840180_8_8.vg, vg_map/ABOFRAM007401840180_8_8.gam
    output: vg_map/ABOFRAM007401840180_8.pack
    log: logs/vg/giraffe_pack_ABOFRAM007401840180_8.log
    jobid: 1470
    reason: Missing output files: vg_map/ABOFRAM007401840180_8.pack; Input files updated by another job: vg_map/ABOFRAM007401840180_8_8.gam, vg_map/ABOFRAM007401840180_8_8.vg
    wildcards: sample=ABOFRAM007401840180, chr=8
    threads: 3
    resources: mem_mb=14305, mem_mib=7630, disk_mb=9097, disk_mib=8676, tmpdir=<TBD>, slurm_partition=workq, slurm_account=mnaji, mem=15GB, time=28800


        vg pack -x vg_map/ABOFRAM007401840180_8_8.vg -g vg_map/ABOFRAM007401840180_8_8.gam -Q 5 --threads 3 -o vg_map/ABOFRAM007401840180_8.pack
        
No wall time information given. This might or might not work on your cluster. If not, specify the resource runtime in your rule or as a reasonable default via --default-resources.
Job 1470 has been submitted with SLURM jobid 11145876 (log: /work/project/CASCAD/mnaji/sm_folder/results/.snakemake/slurm_logs/rule_giraffe_pack/ABOFRAM007401840180_8/11145876.log).

[Fri Sep 20 09:41:28 2024]
rule giraffe_chunk:
    input: vg_vg/ABOFRAM007301868101_wg.xg, vg_map/ABOFRAM007301868101.gam
    output: vg_map/ABOFRAM007301868101_1_1.gam
    log: logs/vg/giraffe_chunk_ABOFRAM007301868101_1.log
    jobid: 1278
    reason: Missing output files: vg_map/ABOFRAM007301868101_1_1.gam
    wildcards: sample=ABOFRAM007301868101, chr=1
    resources: mem_mb=28610, mem_mib=7630, disk_mb=185244, disk_mib=176663, tmpdir=<TBD>, slurm_partition=workq, slurm_account=mnaji, mem=30GB, time=28800


        vg chunk -x vg_vg/ABOFRAM007301868101_wg.xg -a vg_map/ABOFRAM007301868101.gam -C -p 1 -O pg --prefix vg_map/ABOFRAM007301868101_1 && ls -sh vg_map/ABOFRAM007301868101_1_1.gam
        
No wall time information given. This might or might not work on your cluster. If not, specify the resource runtime in your rule or as a reasonable default via --default-resources.
Job 1278 has been submitted with SLURM jobid 11145877 (log: /work/project/CASCAD/mnaji/sm_folder/results/.snakemake/slurm_logs/rule_giraffe_chunk/ABOFRAM007301868101_1/11145877.log).

[Fri Sep 20 09:41:28 2024]
rule giraffe_chunk:
    input: vg_vg/ABOFRAM000709524730_wg.xg, vg_map/ABOFRAM000709524730.gam
    output: vg_map/ABOFRAM000709524730_5_5.gam
    log: logs/vg/giraffe_chunk_ABOFRAM000709524730_5.log
    jobid: 1146
    reason: Missing output files: vg_map/ABOFRAM000709524730_5_5.gam
    wildcards: sample=ABOFRAM000709524730, chr=5
    resources: mem_mb=28610, mem_mib=7630, disk_mb=246756, disk_mib=235325, tmpdir=<TBD>, slurm_partition=workq, slurm_account=mnaji, mem=30GB, time=28800


        vg chunk -x vg_vg/ABOFRAM000709524730_wg.xg -a vg_map/ABOFRAM000709524730.gam -C -p 5 -O pg --prefix vg_map/ABOFRAM000709524730_5 && ls -sh vg_map/ABOFRAM000709524730_5_5.gam
        
No wall time information given. This might or might not work on your cluster. If not, specify the resource runtime in your rule or as a reasonable default via --default-resources.
Job 1146 has been submitted with SLURM jobid 11145878 (log: /work/project/CASCAD/mnaji/sm_folder/results/.snakemake/slurm_logs/rule_giraffe_chunk/ABOFRAM000709524730_5/11145878.log).
Select jobs to execute...
[Fri Sep 20 09:41:37 2024]
Finished job 1371.
259 of 886 steps (29%) done
[Fri Sep 20 09:41:37 2024]
Finished job 1341.
260 of 886 steps (29%) done
[Fri Sep 20 09:41:37 2024]
Finished job 1283.
261 of 886 steps (29%) done
Removing temporary output vg_map/ABOFRAM007301868101_2_2.vg.
Removing temporary output vg_map/ABOFRAM007301868101_2.pack.
Removing temporary output vg_map/ABOFRAM007301868101_pt2.snarls.
Execute 3 jobs...

[Fri Sep 20 09:41:37 2024]
rule giraffe_chunk:
    input: vg_vg/ABOFRAM000707401531_wg.xg, vg_map/ABOFRAM000707401531.gam
    output: vg_map/ABOFRAM000707401531_9_9.gam
    log: logs/vg/giraffe_chunk_ABOFRAM000707401531_9.log
    jobid: 1011
    reason: Missing output files: vg_map/ABOFRAM000707401531_9_9.gam
    wildcards: sample=ABOFRAM000707401531, chr=9
    resources: mem_mb=28610, mem_mib=7630, disk_mb=202240, disk_mib=192872, tmpdir=<TBD>, slurm_partition=workq, slurm_account=mnaji, mem=30GB, time=28800


        vg chunk -x vg_vg/ABOFRAM000707401531_wg.xg -a vg_map/ABOFRAM000707401531.gam -C -p 9 -O pg --prefix vg_map/ABOFRAM000707401531_9 && ls -sh vg_map/ABOFRAM000707401531_9_9.gam
        
No wall time information given. This might or might not work on your cluster. If not, specify the resource runtime in your rule or as a reasonable default via --default-resources.
Job 1011 has been submitted with SLURM jobid 11145879 (log: /work/project/CASCAD/mnaji/sm_folder/results/.snakemake/slurm_logs/rule_giraffe_chunk/ABOFRAM000707401531_9/11145879.log).

[Fri Sep 20 09:41:37 2024]
rule giraffe_chunk:
    input: vg_vg/ABOFRAM000709524730_wg.xg, vg_map/ABOFRAM000709524730.gam
    output: vg_map/ABOFRAM000709524730_16_16.gam
    log: logs/vg/giraffe_chunk_ABOFRAM000709524730_16.log
    jobid: 1201
    reason: Missing output files: vg_map/ABOFRAM000709524730_16_16.gam
    wildcards: sample=ABOFRAM000709524730, chr=16
    resources: mem_mb=28610, mem_mib=7630, disk_mb=246756, disk_mib=235325, tmpdir=<TBD>, slurm_partition=workq, slurm_account=mnaji, mem=30GB, time=28800


        vg chunk -x vg_vg/ABOFRAM000709524730_wg.xg -a vg_map/ABOFRAM000709524730.gam -C -p 16 -O pg --prefix vg_map/ABOFRAM000709524730_16 && ls -sh vg_map/ABOFRAM000709524730_16_16.gam
        
No wall time information given. This might or might not work on your cluster. If not, specify the resource runtime in your rule or as a reasonable default via --default-resources.
Job 1201 has been submitted with SLURM jobid 11145880 (log: /work/project/CASCAD/mnaji/sm_folder/results/.snakemake/slurm_logs/rule_giraffe_chunk/ABOFRAM000709524730_16/11145880.log).

[Fri Sep 20 09:41:37 2024]
rule giraffe_chunk:
    input: vg_vg/ABOFRAM000703115255_wg.xg, vg_map/ABOFRAM000703115255.gam
    output: vg_map/ABOFRAM000703115255_5_5.gam
    log: logs/vg/giraffe_chunk_ABOFRAM000703115255_5.log
    jobid: 836
    reason: Missing output files: vg_map/ABOFRAM000703115255_5_5.gam
    wildcards: sample=ABOFRAM000703115255, chr=5
    resources: mem_mb=28610, mem_mib=7630, disk_mb=273960, disk_mib=261269, tmpdir=<TBD>, slurm_partition=workq, slurm_account=mnaji, mem=30GB, time=28800


        vg chunk -x vg_vg/ABOFRAM000703115255_wg.xg -a vg_map/ABOFRAM000703115255.gam -C -p 5 -O pg --prefix vg_map/ABOFRAM000703115255_5 && ls -sh vg_map/ABOFRAM000703115255_5_5.gam
        
No wall time information given. This might or might not work on your cluster. If not, specify the resource runtime in your rule or as a reasonable default via --default-resources.
Job 836 has been submitted with SLURM jobid 11145881 (log: /work/project/CASCAD/mnaji/sm_folder/results/.snakemake/slurm_logs/rule_giraffe_chunk/ABOFRAM000703115255_5/11145881.log).
Select jobs to execute...
[Fri Sep 20 09:42:07 2024]
Finished job 1581.
262 of 886 steps (30%) done
[Fri Sep 20 09:42:07 2024]
Finished job 1003.
263 of 886 steps (30%) done
Removing temporary output vg_map/ABOFRAM000707401531_8_8.vg.
Removing temporary output vg_map/ABOFRAM000707401531_8.pack.
Removing temporary output vg_map/ABOFRAM000707401531_pt8.snarls.
[Fri Sep 20 09:42:07 2024]
Finished job 1045.
264 of 886 steps (30%) done
Removing temporary output vg_map/ABOFRAM000707401531_16_16.gam.
[Fri Sep 20 09:42:07 2024]
Finished job 1508.
265 of 886 steps (30%) done
Removing temporary output vg_map/ABOFRAM007401840180_16_16.vg.
Removing temporary output vg_map/ABOFRAM007401840180_16.pack.
Removing temporary output vg_map/ABOFRAM007401840180_pt16.snarls.
[Fri Sep 20 09:42:07 2024]
Finished job 1533.
266 of 886 steps (30%) done
Removing temporary output vg_map/ABOFRAM007401840180_21_21.vg.
Removing temporary output vg_map/ABOFRAM007401840180_21.pack.
Removing temporary output vg_map/ABOFRAM007401840180_pt21.snarls.
Execute 5 jobs...

[Fri Sep 20 09:42:07 2024]
rule giraffe_chunk_vg:
    input: vg_vg/ABOFRAM000707401531_wg.xg
    output: vg_map/ABOFRAM000707401531_X_X.vg
    log: logs/vg/giraffe_chunk_vg_ABOFRAM000707401531_X.log
    jobid: 1114
    reason: Missing output files: vg_map/ABOFRAM000707401531_X_X.vg
    wildcards: sample=ABOFRAM000707401531, chr=X
    resources: mem_mb=11444, mem_mib=7630, disk_mb=9481, disk_mib=9042, tmpdir=<TBD>, slurm_partition=workq, slurm_account=mnaji, mem=12GB, time=28800


        vg chunk -x vg_vg/ABOFRAM000707401531_wg.xg -C -p X > vg_map/ABOFRAM000707401531_X_X.vg
        
No wall time information given. This might or might not work on your cluster. If not, specify the resource runtime in your rule or as a reasonable default via --default-resources.
Job 1114 has been submitted with SLURM jobid 11145882 (log: /work/project/CASCAD/mnaji/sm_folder/results/.snakemake/slurm_logs/rule_giraffe_chunk_vg/ABOFRAM000707401531_X/11145882.log).

[Fri Sep 20 09:42:07 2024]
rule giraffe_call:
    input: vg_map/ABOFRAM000707401531_16_16.vg, vg_map/ABOFRAM000707401531_16.pack, vg_map/ABOFRAM000707401531_pt16.snarls
    output: vg_call/ABOFRAM000707401531_16.vcf
    log: logs/vg/giraffe_call_ABOFRAM000707401531_16.log
    jobid: 1043
    reason: Missing output files: vg_call/ABOFRAM000707401531_16.vcf; Input files updated by another job: vg_map/ABOFRAM000707401531_16.pack, vg_map/ABOFRAM000707401531_16_16.vg, vg_map/ABOFRAM000707401531_pt16.snarls
    wildcards: sample=ABOFRAM000707401531, chr=16
    resources: mem_mb=11444, mem_mib=954, disk_mb=1000, disk_mib=954, tmpdir=<TBD>, slurm_partition=workq, slurm_account=mnaji, mem=12GB, time=28800


        vg call vg_map/ABOFRAM000707401531_16_16.vg -k vg_map/ABOFRAM000707401531_16.pack -r vg_map/ABOFRAM000707401531_pt16.snarls -s ABOFRAM000707401531 --threads 3 > vg_call/ABOFRAM000707401531_16.vcf 
        
No wall time information given. This might or might not work on your cluster. If not, specify the resource runtime in your rule or as a reasonable default via --default-resources.
Job 1043 has been submitted with SLURM jobid 11145883 (log: /work/project/CASCAD/mnaji/sm_folder/results/.snakemake/slurm_logs/rule_giraffe_call/ABOFRAM000707401531_16/11145883.log).

[Fri Sep 20 09:42:08 2024]
rule giraffe_chunk:
    input: vg_vg/ABOFRAM007301868101_wg.xg, vg_map/ABOFRAM007301868101.gam
    output: vg_map/ABOFRAM007301868101_15_15.gam
    log: logs/vg/giraffe_chunk_ABOFRAM007301868101_15.log
    jobid: 1351
    reason: Missing output files: vg_map/ABOFRAM007301868101_15_15.gam
    wildcards: sample=ABOFRAM007301868101, chr=15
    resources: mem_mb=28610, mem_mib=7630, disk_mb=185244, disk_mib=176663, tmpdir=<TBD>, slurm_partition=workq, slurm_account=mnaji, mem=30GB, time=28800


        vg chunk -x vg_vg/ABOFRAM007301868101_wg.xg -a vg_map/ABOFRAM007301868101.gam -C -p 15 -O pg --prefix vg_map/ABOFRAM007301868101_15 && ls -sh vg_map/ABOFRAM007301868101_15_15.gam
        
No wall time information given. This might or might not work on your cluster. If not, specify the resource runtime in your rule or as a reasonable default via --default-resources.
Job 1351 has been submitted with SLURM jobid 11145884 (log: /work/project/CASCAD/mnaji/sm_folder/results/.snakemake/slurm_logs/rule_giraffe_chunk/ABOFRAM007301868101_15/11145884.log).

[Fri Sep 20 09:42:08 2024]
rule giraffe_chunk:
    input: vg_vg/ABOFRAM000707401531_wg.xg, vg_map/ABOFRAM000707401531.gam
    output: vg_map/ABOFRAM000707401531_1_1.gam
    log: logs/vg/giraffe_chunk_ABOFRAM000707401531_1.log
    jobid: 968
    reason: Missing output files: vg_map/ABOFRAM000707401531_1_1.gam
    wildcards: sample=ABOFRAM000707401531, chr=1
    resources: mem_mb=28610, mem_mib=7630, disk_mb=202240, disk_mib=192872, tmpdir=<TBD>, slurm_partition=workq, slurm_account=mnaji, mem=30GB, time=28800


        vg chunk -x vg_vg/ABOFRAM000707401531_wg.xg -a vg_map/ABOFRAM000707401531.gam -C -p 1 -O pg --prefix vg_map/ABOFRAM000707401531_1 && ls -sh vg_map/ABOFRAM000707401531_1_1.gam
        
No wall time information given. This might or might not work on your cluster. If not, specify the resource runtime in your rule or as a reasonable default via --default-resources.
Job 968 has been submitted with SLURM jobid 11145885 (log: /work/project/CASCAD/mnaji/sm_folder/results/.snakemake/slurm_logs/rule_giraffe_chunk/ABOFRAM000707401531_1/11145885.log).

[Fri Sep 20 09:42:08 2024]
rule giraffe_chunk:
    input: vg_vg/ABOFRAM000707401531_wg.xg, vg_map/ABOFRAM000707401531.gam
    output: vg_map/ABOFRAM000707401531_4_4.gam
    log: logs/vg/giraffe_chunk_ABOFRAM000707401531_4.log
    jobid: 986
    reason: Missing output files: vg_map/ABOFRAM000707401531_4_4.gam
    wildcards: sample=ABOFRAM000707401531, chr=4
    resources: mem_mb=28610, mem_mib=7630, disk_mb=202240, disk_mib=192872, tmpdir=<TBD>, slurm_partition=workq, slurm_account=mnaji, mem=30GB, time=28800


        vg chunk -x vg_vg/ABOFRAM000707401531_wg.xg -a vg_map/ABOFRAM000707401531.gam -C -p 4 -O pg --prefix vg_map/ABOFRAM000707401531_4 && ls -sh vg_map/ABOFRAM000707401531_4_4.gam
        
No wall time information given. This might or might not work on your cluster. If not, specify the resource runtime in your rule or as a reasonable default via --default-resources.
Job 986 has been submitted with SLURM jobid 11145886 (log: /work/project/CASCAD/mnaji/sm_folder/results/.snakemake/slurm_logs/rule_giraffe_chunk/ABOFRAM000707401531_4/11145886.log).
Select jobs to execute...
[Fri Sep 20 09:42:17 2024]
Finished job 1070.
267 of 886 steps (30%) done
Removing temporary output vg_map/ABOFRAM000707401531_21_21.gam.
Execute 1 jobs...

[Fri Sep 20 09:42:17 2024]
rule giraffe_call:
    input: vg_map/ABOFRAM000707401531_21_21.vg, vg_map/ABOFRAM000707401531_21.pack, vg_map/ABOFRAM000707401531_pt21.snarls
    output: vg_call/ABOFRAM000707401531_21.vcf
    log: logs/vg/giraffe_call_ABOFRAM000707401531_21.log
    jobid: 1068
    reason: Missing output files: vg_call/ABOFRAM000707401531_21.vcf; Input files updated by another job: vg_map/ABOFRAM000707401531_pt21.snarls, vg_map/ABOFRAM000707401531_21.pack, vg_map/ABOFRAM000707401531_21_21.vg
    wildcards: sample=ABOFRAM000707401531, chr=21
    resources: mem_mb=11444, mem_mib=954, disk_mb=1000, disk_mib=954, tmpdir=<TBD>, slurm_partition=workq, slurm_account=mnaji, mem=12GB, time=28800


        vg call vg_map/ABOFRAM000707401531_21_21.vg -k vg_map/ABOFRAM000707401531_21.pack -r vg_map/ABOFRAM000707401531_pt21.snarls -s ABOFRAM000707401531 --threads 3 > vg_call/ABOFRAM000707401531_21.vcf 
        
No wall time information given. This might or might not work on your cluster. If not, specify the resource runtime in your rule or as a reasonable default via --default-resources.
Job 1068 has been submitted with SLURM jobid 11145887 (log: /work/project/CASCAD/mnaji/sm_folder/results/.snakemake/slurm_logs/rule_giraffe_call/ABOFRAM000707401531_21/11145887.log).
[Fri Sep 20 09:42:27 2024]
Finished job 998.
268 of 886 steps (30%) done
Removing temporary output vg_map/ABOFRAM000707401531_7_7.vg.
Removing temporary output vg_map/ABOFRAM000707401531_7.pack.
Removing temporary output vg_map/ABOFRAM000707401531_pt7.snarls.
Select jobs to execute...
Execute 1 jobs...

[Fri Sep 20 09:42:27 2024]
rule giraffe_chunk:
    input: vg_vg/ABOFRAM007301868101_wg.xg, vg_map/ABOFRAM007301868101.gam
    output: vg_map/ABOFRAM007301868101_16_16.gam
    log: logs/vg/giraffe_chunk_ABOFRAM007301868101_16.log
    jobid: 1356
    reason: Missing output files: vg_map/ABOFRAM007301868101_16_16.gam
    wildcards: sample=ABOFRAM007301868101, chr=16
    resources: mem_mb=28610, mem_mib=7630, disk_mb=185244, disk_mib=176663, tmpdir=<TBD>, slurm_partition=workq, slurm_account=mnaji, mem=30GB, time=28800


        vg chunk -x vg_vg/ABOFRAM007301868101_wg.xg -a vg_map/ABOFRAM007301868101.gam -C -p 16 -O pg --prefix vg_map/ABOFRAM007301868101_16 && ls -sh vg_map/ABOFRAM007301868101_16_16.gam
        
No wall time information given. This might or might not work on your cluster. If not, specify the resource runtime in your rule or as a reasonable default via --default-resources.
Job 1356 has been submitted with SLURM jobid 11145888 (log: /work/project/CASCAD/mnaji/sm_folder/results/.snakemake/slurm_logs/rule_giraffe_chunk/ABOFRAM007301868101_16/11145888.log).
[Fri Sep 20 09:42:37 2024]
Finished job 1566.
269 of 886 steps (30%) done
Select jobs to execute...
Execute 1 jobs...

[Fri Sep 20 09:42:37 2024]
rule giraffe_pack:
    input: vg_map/ABOFRAM007401840180_27_27.vg, vg_map/ABOFRAM007401840180_27_27.gam
    output: vg_map/ABOFRAM007401840180_27.pack
    log: logs/vg/giraffe_pack_ABOFRAM007401840180_27.log
    jobid: 1565
    reason: Missing output files: vg_map/ABOFRAM007401840180_27.pack; Input files updated by another job: vg_map/ABOFRAM007401840180_27_27.gam, vg_map/ABOFRAM007401840180_27_27.vg
    wildcards: sample=ABOFRAM007401840180, chr=27
    threads: 3
    resources: mem_mb=14305, mem_mib=2944, disk_mb=3087, disk_mib=2944, tmpdir=<TBD>, slurm_partition=workq, slurm_account=mnaji, mem=15GB, time=28800


        vg pack -x vg_map/ABOFRAM007401840180_27_27.vg -g vg_map/ABOFRAM007401840180_27_27.gam -Q 5 --threads 3 -o vg_map/ABOFRAM007401840180_27.pack
        
No wall time information given. This might or might not work on your cluster. If not, specify the resource runtime in your rule or as a reasonable default via --default-resources.
Job 1565 has been submitted with SLURM jobid 11145889 (log: /work/project/CASCAD/mnaji/sm_folder/results/.snakemake/slurm_logs/rule_giraffe_pack/ABOFRAM007401840180_27/11145889.log).
[Fri Sep 20 09:42:47 2024]
Finished job 990.
270 of 886 steps (30%) done
Removing temporary output vg_map/ABOFRAM000707401531_5_5.gam.
[Fri Sep 20 09:42:47 2024]
Finished job 1035.
271 of 886 steps (31%) done
Removing temporary output vg_map/ABOFRAM000707401531_14_14.gam.
Select jobs to execute...
Execute 2 jobs...

[Fri Sep 20 09:42:47 2024]
rule giraffe_call:
    input: vg_map/ABOFRAM000707401531_14_14.vg, vg_map/ABOFRAM000707401531_14.pack, vg_map/ABOFRAM000707401531_pt14.snarls
    output: vg_call/ABOFRAM000707401531_14.vcf
    log: logs/vg/giraffe_call_ABOFRAM000707401531_14.log
    jobid: 1033
    reason: Missing output files: vg_call/ABOFRAM000707401531_14.vcf; Input files updated by another job: vg_map/ABOFRAM000707401531_14.pack, vg_map/ABOFRAM000707401531_14_14.vg, vg_map/ABOFRAM000707401531_pt14.snarls
    wildcards: sample=ABOFRAM000707401531, chr=14
    resources: mem_mb=11444, mem_mib=954, disk_mb=1000, disk_mib=954, tmpdir=<TBD>, slurm_partition=workq, slurm_account=mnaji, mem=12GB, time=28800


        vg call vg_map/ABOFRAM000707401531_14_14.vg -k vg_map/ABOFRAM000707401531_14.pack -r vg_map/ABOFRAM000707401531_pt14.snarls -s ABOFRAM000707401531 --threads 3 > vg_call/ABOFRAM000707401531_14.vcf 
        
No wall time information given. This might or might not work on your cluster. If not, specify the resource runtime in your rule or as a reasonable default via --default-resources.
Job 1033 has been submitted with SLURM jobid 11145890 (log: /work/project/CASCAD/mnaji/sm_folder/results/.snakemake/slurm_logs/rule_giraffe_call/ABOFRAM000707401531_14/11145890.log).

[Fri Sep 20 09:42:48 2024]
rule giraffe_call:
    input: vg_map/ABOFRAM000707401531_5_5.vg, vg_map/ABOFRAM000707401531_5.pack, vg_map/ABOFRAM000707401531_pt5.snarls
    output: vg_call/ABOFRAM000707401531_5.vcf
    log: logs/vg/giraffe_call_ABOFRAM000707401531_5.log
    jobid: 988
    reason: Missing output files: vg_call/ABOFRAM000707401531_5.vcf; Input files updated by another job: vg_map/ABOFRAM000707401531_pt5.snarls, vg_map/ABOFRAM000707401531_5.pack, vg_map/ABOFRAM000707401531_5_5.vg
    wildcards: sample=ABOFRAM000707401531, chr=5
    resources: mem_mb=11444, mem_mib=954, disk_mb=1000, disk_mib=954, tmpdir=<TBD>, slurm_partition=workq, slurm_account=mnaji, mem=12GB, time=28800


        vg call vg_map/ABOFRAM000707401531_5_5.vg -k vg_map/ABOFRAM000707401531_5.pack -r vg_map/ABOFRAM000707401531_pt5.snarls -s ABOFRAM000707401531 --threads 3 > vg_call/ABOFRAM000707401531_5.vcf 
        
No wall time information given. This might or might not work on your cluster. If not, specify the resource runtime in your rule or as a reasonable default via --default-resources.
Job 988 has been submitted with SLURM jobid 11145891 (log: /work/project/CASCAD/mnaji/sm_folder/results/.snakemake/slurm_logs/rule_giraffe_call/ABOFRAM000707401531_5/11145891.log).
Select jobs to execute...
[Fri Sep 20 09:42:57 2024]
Finished job 1361.
272 of 886 steps (31%) done
[Fri Sep 20 09:42:57 2024]
Finished job 1114.
273 of 886 steps (31%) done
Execute 2 jobs...

[Fri Sep 20 09:42:58 2024]
rule giraffe_snarls:
    input: vg_map/ABOFRAM000707401531_X_X.vg
    output: vg_map/ABOFRAM000707401531_ptX.snarls
    log: logs/vg/giraffe_snarls_ABOFRAM000707401531_X.log
    jobid: 1117
    reason: Missing output files: vg_map/ABOFRAM000707401531_ptX.snarls; Input files updated by another job: vg_map/ABOFRAM000707401531_X_X.vg
    wildcards: sample=ABOFRAM000707401531, chr=X
    resources: mem_mb=11444, mem_mib=954, disk_mb=1000, disk_mib=954, tmpdir=<TBD>, slurm_partition=workq, slurm_account=mnaji, mem=12GB, time=28800


        vg snarls vg_map/ABOFRAM000707401531_X_X.vg > vg_map/ABOFRAM000707401531_ptX.snarls
        
No wall time information given. This might or might not work on your cluster. If not, specify the resource runtime in your rule or as a reasonable default via --default-resources.
Job 1117 has been submitted with SLURM jobid 11145892 (log: /work/project/CASCAD/mnaji/sm_folder/results/.snakemake/slurm_logs/rule_giraffe_snarls/ABOFRAM000707401531_X/11145892.log).

[Fri Sep 20 09:42:58 2024]
rule giraffe_pack:
    input: vg_map/ABOFRAM007301868101_17_17.vg, vg_map/ABOFRAM007301868101_17_17.gam
    output: vg_map/ABOFRAM007301868101_17.pack
    log: logs/vg/giraffe_pack_ABOFRAM007301868101_17.log
    jobid: 1360
    reason: Missing output files: vg_map/ABOFRAM007301868101_17.pack; Input files updated by another job: vg_map/ABOFRAM007301868101_17_17.vg, vg_map/ABOFRAM007301868101_17_17.gam
    wildcards: sample=ABOFRAM007301868101, chr=17
    threads: 3
    resources: mem_mb=14305, mem_mib=6266, disk_mb=6570, disk_mib=6266, tmpdir=<TBD>, slurm_partition=workq, slurm_account=mnaji, mem=15GB, time=28800


        vg pack -x vg_map/ABOFRAM007301868101_17_17.vg -g vg_map/ABOFRAM007301868101_17_17.gam -Q 5 --threads 3 -o vg_map/ABOFRAM007301868101_17.pack
        
No wall time information given. This might or might not work on your cluster. If not, specify the resource runtime in your rule or as a reasonable default via --default-resources.
Job 1360 has been submitted with SLURM jobid 11145893 (log: /work/project/CASCAD/mnaji/sm_folder/results/.snakemake/slurm_logs/rule_giraffe_pack/ABOFRAM007301868101_17/11145893.log).
Select jobs to execute...
[Fri Sep 20 09:43:28 2024]
Finished job 1541.
274 of 886 steps (31%) done
[Fri Sep 20 09:43:28 2024]
Finished job 1528.
275 of 886 steps (31%) done
Removing temporary output vg_map/ABOFRAM007401840180_20_20.vg.
Removing temporary output vg_map/ABOFRAM007401840180_20.pack.
Removing temporary output vg_map/ABOFRAM007401840180_pt20.snarls.
Execute 2 jobs...

[Fri Sep 20 09:43:28 2024]
rule giraffe_chunk_vg:
    input: vg_vg/ABOFRAM007401840180_wg.xg
    output: vg_map/ABOFRAM007401840180_X_X.vg
    log: logs/vg/giraffe_chunk_vg_ABOFRAM007401840180_X.log
    jobid: 1579
    reason: Missing output files: vg_map/ABOFRAM007401840180_X_X.vg
    wildcards: sample=ABOFRAM007401840180, chr=X
    resources: mem_mb=11444, mem_mib=7630, disk_mb=9482, disk_mib=9043, tmpdir=<TBD>, slurm_partition=workq, slurm_account=mnaji, mem=12GB, time=28800


        vg chunk -x vg_vg/ABOFRAM007401840180_wg.xg -C -p X > vg_map/ABOFRAM007401840180_X_X.vg
        
No wall time information given. This might or might not work on your cluster. If not, specify the resource runtime in your rule or as a reasonable default via --default-resources.
Job 1579 has been submitted with SLURM jobid 11145894 (log: /work/project/CASCAD/mnaji/sm_folder/results/.snakemake/slurm_logs/rule_giraffe_chunk_vg/ABOFRAM007401840180_X/11145894.log).

[Fri Sep 20 09:43:28 2024]
rule giraffe_chunk:
    input: vg_vg/ABOFRAM000709524730_wg.xg, vg_map/ABOFRAM000709524730.gam
    output: vg_map/ABOFRAM000709524730_6_6.gam
    log: logs/vg/giraffe_chunk_ABOFRAM000709524730_6.log
    jobid: 1151
    reason: Missing output files: vg_map/ABOFRAM000709524730_6_6.gam
    wildcards: sample=ABOFRAM000709524730, chr=6
    resources: mem_mb=28610, mem_mib=7630, disk_mb=246756, disk_mib=235325, tmpdir=<TBD>, slurm_partition=workq, slurm_account=mnaji, mem=30GB, time=28800


        vg chunk -x vg_vg/ABOFRAM000709524730_wg.xg -a vg_map/ABOFRAM000709524730.gam -C -p 6 -O pg --prefix vg_map/ABOFRAM000709524730_6 && ls -sh vg_map/ABOFRAM000709524730_6_6.gam
        
No wall time information given. This might or might not work on your cluster. If not, specify the resource runtime in your rule or as a reasonable default via --default-resources.
Job 1151 has been submitted with SLURM jobid 11145895 (log: /work/project/CASCAD/mnaji/sm_folder/results/.snakemake/slurm_logs/rule_giraffe_chunk/ABOFRAM000709524730_6/11145895.log).
Select jobs to execute...
[Fri Sep 20 09:43:38 2024]
Finished job 1441.
276 of 886 steps (31%) done
[Fri Sep 20 09:43:38 2024]
Finished job 1073.
277 of 886 steps (31%) done
Removing temporary output vg_map/ABOFRAM000707401531_22_22.vg.
Removing temporary output vg_map/ABOFRAM000707401531_22.pack.
Removing temporary output vg_map/ABOFRAM000707401531_pt22.snarls.
Execute 2 jobs...

[Fri Sep 20 09:43:38 2024]
rule giraffe_pack:
    input: vg_map/ABOFRAM007401840180_2_2.vg, vg_map/ABOFRAM007401840180_2_2.gam
    output: vg_map/ABOFRAM007401840180_2.pack
    log: logs/vg/giraffe_pack_ABOFRAM007401840180_2.log
    jobid: 1440
    reason: Missing output files: vg_map/ABOFRAM007401840180_2.pack; Input files updated by another job: vg_map/ABOFRAM007401840180_2_2.vg, vg_map/ABOFRAM007401840180_2_2.gam
    wildcards: sample=ABOFRAM007401840180, chr=2
    threads: 3
    resources: mem_mb=14305, mem_mib=7630, disk_mb=8859, disk_mib=8449, tmpdir=<TBD>, slurm_partition=workq, slurm_account=mnaji, mem=15GB, time=28800


        vg pack -x vg_map/ABOFRAM007401840180_2_2.vg -g vg_map/ABOFRAM007401840180_2_2.gam -Q 5 --threads 3 -o vg_map/ABOFRAM007401840180_2.pack
        
No wall time information given. This might or might not work on your cluster. If not, specify the resource runtime in your rule or as a reasonable default via --default-resources.
Job 1440 has been submitted with SLURM jobid 11145896 (log: /work/project/CASCAD/mnaji/sm_folder/results/.snakemake/slurm_logs/rule_giraffe_pack/ABOFRAM007401840180_2/11145896.log).

[Fri Sep 20 09:43:38 2024]
rule giraffe_chunk_vg:
    input: vg_vg/ABOFRAM000707401531_wg.xg
    output: vg_map/ABOFRAM000707401531_24_24.vg
    log: logs/vg/giraffe_chunk_vg_ABOFRAM000707401531_24.log
    jobid: 1084
    reason: Missing output files: vg_map/ABOFRAM000707401531_24_24.vg
    wildcards: sample=ABOFRAM000707401531, chr=24
    resources: mem_mb=11444, mem_mib=7630, disk_mb=9481, disk_mib=9042, tmpdir=<TBD>, slurm_partition=workq, slurm_account=mnaji, mem=12GB, time=28800


        vg chunk -x vg_vg/ABOFRAM000707401531_wg.xg -C -p 24 > vg_map/ABOFRAM000707401531_24_24.vg
        
No wall time information given. This might or might not work on your cluster. If not, specify the resource runtime in your rule or as a reasonable default via --default-resources.
Job 1084 has been submitted with SLURM jobid 11145897 (log: /work/project/CASCAD/mnaji/sm_folder/results/.snakemake/slurm_logs/rule_giraffe_chunk_vg/ABOFRAM000707401531_24/11145897.log).
Select jobs to execute...
[Fri Sep 20 09:43:48 2024]
Finished job 1398.
278 of 886 steps (31%) done
Removing temporary output vg_map/ABOFRAM007301868101_25_25.vg.
Removing temporary output vg_map/ABOFRAM007301868101_25.pack.
Removing temporary output vg_map/ABOFRAM007301868101_pt25.snarls.
Execute 1 jobs...

[Fri Sep 20 09:43:48 2024]
rule giraffe_chunk_vg:
    input: vg_vg/ABOFRAM007301868101_wg.xg
    output: vg_map/ABOFRAM007301868101_1_1.vg
    log: logs/vg/giraffe_chunk_vg_ABOFRAM007301868101_1.log
    jobid: 1276
    reason: Missing output files: vg_map/ABOFRAM007301868101_1_1.vg
    wildcards: sample=ABOFRAM007301868101, chr=1
    resources: mem_mb=11444, mem_mib=7630, disk_mb=9481, disk_mib=9042, tmpdir=<TBD>, slurm_partition=workq, slurm_account=mnaji, mem=12GB, time=28800


        vg chunk -x vg_vg/ABOFRAM007301868101_wg.xg -C -p 1 > vg_map/ABOFRAM007301868101_1_1.vg
        
No wall time information given. This might or might not work on your cluster. If not, specify the resource runtime in your rule or as a reasonable default via --default-resources.
Job 1276 has been submitted with SLURM jobid 11145899 (log: /work/project/CASCAD/mnaji/sm_folder/results/.snakemake/slurm_logs/rule_giraffe_chunk_vg/ABOFRAM007301868101_1/11145899.log).
[Fri Sep 20 09:43:58 2024]
Finished job 1426.
279 of 886 steps (31%) done
[Fri Sep 20 09:43:58 2024]
Finished job 1565.
280 of 886 steps (32%) done
Removing temporary output vg_map/ABOFRAM007401840180_27_27.gam.
Select jobs to execute...
Execute 2 jobs...

[Fri Sep 20 09:43:58 2024]
rule giraffe_pack:
    input: vg_map/ABOFRAM007301868101_X_X.vg, vg_map/ABOFRAM007301868101_X_X.gam
    output: vg_map/ABOFRAM007301868101_X.pack
    log: logs/vg/giraffe_pack_ABOFRAM007301868101_X.log
    jobid: 1425
    reason: Missing output files: vg_map/ABOFRAM007301868101_X.pack; Input files updated by another job: vg_map/ABOFRAM007301868101_X_X.vg, vg_map/ABOFRAM007301868101_X_X.gam
    wildcards: sample=ABOFRAM007301868101, chr=X
    threads: 3
    resources: mem_mb=14305, mem_mib=4728, disk_mb=4957, disk_mib=4728, tmpdir=<TBD>, slurm_partition=workq, slurm_account=mnaji, mem=15GB, time=28800


        vg pack -x vg_map/ABOFRAM007301868101_X_X.vg -g vg_map/ABOFRAM007301868101_X_X.gam -Q 5 --threads 3 -o vg_map/ABOFRAM007301868101_X.pack
        
No wall time information given. This might or might not work on your cluster. If not, specify the resource runtime in your rule or as a reasonable default via --default-resources.
Job 1425 has been submitted with SLURM jobid 11145900 (log: /work/project/CASCAD/mnaji/sm_folder/results/.snakemake/slurm_logs/rule_giraffe_pack/ABOFRAM007301868101_X/11145900.log).

[Fri Sep 20 09:43:58 2024]
rule giraffe_call:
    input: vg_map/ABOFRAM007401840180_27_27.vg, vg_map/ABOFRAM007401840180_27.pack, vg_map/ABOFRAM007401840180_pt27.snarls
    output: vg_call/ABOFRAM007401840180_27.vcf
    log: logs/vg/giraffe_call_ABOFRAM007401840180_27.log
    jobid: 1563
    reason: Missing output files: vg_call/ABOFRAM007401840180_27.vcf; Input files updated by another job: vg_map/ABOFRAM007401840180_27.pack, vg_map/ABOFRAM007401840180_pt27.snarls, vg_map/ABOFRAM007401840180_27_27.vg
    wildcards: sample=ABOFRAM007401840180, chr=27
    resources: mem_mb=11444, mem_mib=954, disk_mb=1000, disk_mib=954, tmpdir=<TBD>, slurm_partition=workq, slurm_account=mnaji, mem=12GB, time=28800


        vg call vg_map/ABOFRAM007401840180_27_27.vg -k vg_map/ABOFRAM007401840180_27.pack -r vg_map/ABOFRAM007401840180_pt27.snarls -s ABOFRAM007401840180 --threads 3 > vg_call/ABOFRAM007401840180_27.vcf 
        
No wall time information given. This might or might not work on your cluster. If not, specify the resource runtime in your rule or as a reasonable default via --default-resources.
Job 1563 has been submitted with SLURM jobid 11145901 (log: /work/project/CASCAD/mnaji/sm_folder/results/.snakemake/slurm_logs/rule_giraffe_call/ABOFRAM007401840180_27/11145901.log).
Select jobs to execute...
[Fri Sep 20 09:44:08 2024]
Finished job 1291.
281 of 886 steps (32%) done
[Fri Sep 20 09:44:08 2024]
Finished job 1116.
282 of 886 steps (32%) done
[Fri Sep 20 09:44:08 2024]
Finished job 1068.
283 of 886 steps (32%) done
Removing temporary output vg_map/ABOFRAM000707401531_21_21.vg.
Removing temporary output vg_map/ABOFRAM000707401531_21.pack.
Removing temporary output vg_map/ABOFRAM000707401531_pt21.snarls.
Execute 3 jobs...

[Fri Sep 20 09:44:08 2024]
rule giraffe_pack:
    input: vg_map/ABOFRAM007301868101_3_3.vg, vg_map/ABOFRAM007301868101_3_3.gam
    output: vg_map/ABOFRAM007301868101_3.pack
    log: logs/vg/giraffe_pack_ABOFRAM007301868101_3.log
    jobid: 1290
    reason: Missing output files: vg_map/ABOFRAM007301868101_3.pack; Input files updated by another job: vg_map/ABOFRAM007301868101_3_3.vg, vg_map/ABOFRAM007301868101_3_3.gam
    wildcards: sample=ABOFRAM007301868101, chr=3
    threads: 3
    resources: mem_mb=14305, mem_mib=6931, disk_mb=7267, disk_mib=6931, tmpdir=<TBD>, slurm_partition=workq, slurm_account=mnaji, mem=15GB, time=28800


        vg pack -x vg_map/ABOFRAM007301868101_3_3.vg -g vg_map/ABOFRAM007301868101_3_3.gam -Q 5 --threads 3 -o vg_map/ABOFRAM007301868101_3.pack
        
No wall time information given. This might or might not work on your cluster. If not, specify the resource runtime in your rule or as a reasonable default via --default-resources.
Job 1290 has been submitted with SLURM jobid 11145902 (log: /work/project/CASCAD/mnaji/sm_folder/results/.snakemake/slurm_logs/rule_giraffe_pack/ABOFRAM007301868101_3/11145902.log).

[Fri Sep 20 09:44:08 2024]
rule giraffe_chunk:
    input: vg_vg/ABOFRAM007301868101_wg.xg, vg_map/ABOFRAM007301868101.gam
    output: vg_map/ABOFRAM007301868101_23_23.gam
    log: logs/vg/giraffe_chunk_ABOFRAM007301868101_23.log
    jobid: 1391
    reason: Missing output files: vg_map/ABOFRAM007301868101_23_23.gam
    wildcards: sample=ABOFRAM007301868101, chr=23
    resources: mem_mb=28610, mem_mib=7630, disk_mb=185244, disk_mib=176663, tmpdir=<TBD>, slurm_partition=workq, slurm_account=mnaji, mem=30GB, time=28800


        vg chunk -x vg_vg/ABOFRAM007301868101_wg.xg -a vg_map/ABOFRAM007301868101.gam -C -p 23 -O pg --prefix vg_map/ABOFRAM007301868101_23 && ls -sh vg_map/ABOFRAM007301868101_23_23.gam
        
No wall time information given. This might or might not work on your cluster. If not, specify the resource runtime in your rule or as a reasonable default via --default-resources.
Job 1391 has been submitted with SLURM jobid 11145903 (log: /work/project/CASCAD/mnaji/sm_folder/results/.snakemake/slurm_logs/rule_giraffe_chunk/ABOFRAM007301868101_23/11145903.log).

[Fri Sep 20 09:44:09 2024]
rule giraffe_pack:
    input: vg_map/ABOFRAM000707401531_X_X.vg, vg_map/ABOFRAM000707401531_X_X.gam
    output: vg_map/ABOFRAM000707401531_X.pack
    log: logs/vg/giraffe_pack_ABOFRAM000707401531_X.log
    jobid: 1115
    reason: Missing output files: vg_map/ABOFRAM000707401531_X.pack; Input files updated by another job: vg_map/ABOFRAM000707401531_X_X.vg, vg_map/ABOFRAM000707401531_X_X.gam
    wildcards: sample=ABOFRAM000707401531, chr=X
    threads: 3
    resources: mem_mb=14305, mem_mib=5311, disk_mb=5568, disk_mib=5311, tmpdir=<TBD>, slurm_partition=workq, slurm_account=mnaji, mem=15GB, time=28800


        vg pack -x vg_map/ABOFRAM000707401531_X_X.vg -g vg_map/ABOFRAM000707401531_X_X.gam -Q 5 --threads 3 -o vg_map/ABOFRAM000707401531_X.pack
        
No wall time information given. This might or might not work on your cluster. If not, specify the resource runtime in your rule or as a reasonable default via --default-resources.
Job 1115 has been submitted with SLURM jobid 11145904 (log: /work/project/CASCAD/mnaji/sm_folder/results/.snakemake/slurm_logs/rule_giraffe_pack/ABOFRAM000707401531_X/11145904.log).
Select jobs to execute...
[Fri Sep 20 09:44:18 2024]
Finished job 1043.
284 of 886 steps (32%) done
Removing temporary output vg_map/ABOFRAM000707401531_16_16.vg.
Removing temporary output vg_map/ABOFRAM000707401531_16.pack.
Removing temporary output vg_map/ABOFRAM000707401531_pt16.snarls.
[Fri Sep 20 09:44:18 2024]
Finished job 1579.
285 of 886 steps (32%) done
[Fri Sep 20 09:44:18 2024]
Finished job 1084.
286 of 886 steps (32%) done
Execute 3 jobs...

[Fri Sep 20 09:44:18 2024]
rule giraffe_pack:
    input: vg_map/ABOFRAM007401840180_X_X.vg, vg_map/ABOFRAM007401840180_X_X.gam
    output: vg_map/ABOFRAM007401840180_X.pack
    log: logs/vg/giraffe_pack_ABOFRAM007401840180_X.log
    jobid: 1580
    reason: Missing output files: vg_map/ABOFRAM007401840180_X.pack; Input files updated by another job: vg_map/ABOFRAM007401840180_X_X.vg, vg_map/ABOFRAM007401840180_X_X.gam
    wildcards: sample=ABOFRAM007401840180, chr=X
    threads: 3
    resources: mem_mb=14305, mem_mib=4925, disk_mb=5164, disk_mib=4925, tmpdir=<TBD>, slurm_partition=workq, slurm_account=mnaji, mem=15GB, time=28800


        vg pack -x vg_map/ABOFRAM007401840180_X_X.vg -g vg_map/ABOFRAM007401840180_X_X.gam -Q 5 --threads 3 -o vg_map/ABOFRAM007401840180_X.pack
        
No wall time information given. This might or might not work on your cluster. If not, specify the resource runtime in your rule or as a reasonable default via --default-resources.
Job 1580 has been submitted with SLURM jobid 11145905 (log: /work/project/CASCAD/mnaji/sm_folder/results/.snakemake/slurm_logs/rule_giraffe_pack/ABOFRAM007401840180_X/11145905.log).

[Fri Sep 20 09:44:18 2024]
rule giraffe_snarls:
    input: vg_map/ABOFRAM007401840180_X_X.vg
    output: vg_map/ABOFRAM007401840180_ptX.snarls
    log: logs/vg/giraffe_snarls_ABOFRAM007401840180_X.log
    jobid: 1582
    reason: Missing output files: vg_map/ABOFRAM007401840180_ptX.snarls; Input files updated by another job: vg_map/ABOFRAM007401840180_X_X.vg
    wildcards: sample=ABOFRAM007401840180, chr=X
    resources: mem_mb=11444, mem_mib=954, disk_mb=1000, disk_mib=954, tmpdir=<TBD>, slurm_partition=workq, slurm_account=mnaji, mem=12GB, time=28800


        vg snarls vg_map/ABOFRAM007401840180_X_X.vg > vg_map/ABOFRAM007401840180_ptX.snarls
        
No wall time information given. This might or might not work on your cluster. If not, specify the resource runtime in your rule or as a reasonable default via --default-resources.
Job 1582 has been submitted with SLURM jobid 11145906 (log: /work/project/CASCAD/mnaji/sm_folder/results/.snakemake/slurm_logs/rule_giraffe_snarls/ABOFRAM007401840180_X/11145906.log).

[Fri Sep 20 09:44:19 2024]
rule giraffe_snarls:
    input: vg_map/ABOFRAM000707401531_24_24.vg
    output: vg_map/ABOFRAM000707401531_pt24.snarls
    log: logs/vg/giraffe_snarls_ABOFRAM000707401531_24.log
    jobid: 1087
    reason: Missing output files: vg_map/ABOFRAM000707401531_pt24.snarls; Input files updated by another job: vg_map/ABOFRAM000707401531_24_24.vg
    wildcards: sample=ABOFRAM000707401531, chr=24
    resources: mem_mb=11444, mem_mib=954, disk_mb=1000, disk_mib=954, tmpdir=<TBD>, slurm_partition=workq, slurm_account=mnaji, mem=12GB, time=28800


        vg snarls vg_map/ABOFRAM000707401531_24_24.vg > vg_map/ABOFRAM000707401531_pt24.snarls
        
No wall time information given. This might or might not work on your cluster. If not, specify the resource runtime in your rule or as a reasonable default via --default-resources.
Job 1087 has been submitted with SLURM jobid 11145907 (log: /work/project/CASCAD/mnaji/sm_folder/results/.snakemake/slurm_logs/rule_giraffe_snarls/ABOFRAM000707401531_24/11145907.log).
Select jobs to execute...
[Fri Sep 20 09:44:28 2024]
Finished job 1117.
287 of 886 steps (32%) done
Execute 1 jobs...

[Fri Sep 20 09:44:28 2024]
rule giraffe_chunk:
    input: vg_vg/ABOFRAM000707401531_wg.xg, vg_map/ABOFRAM000707401531.gam
    output: vg_map/ABOFRAM000707401531_20_20.gam
    log: logs/vg/giraffe_chunk_ABOFRAM000707401531_20.log
    jobid: 1066
    reason: Missing output files: vg_map/ABOFRAM000707401531_20_20.gam
    wildcards: sample=ABOFRAM000707401531, chr=20
    resources: mem_mb=28610, mem_mib=7630, disk_mb=202240, disk_mib=192872, tmpdir=<TBD>, slurm_partition=workq, slurm_account=mnaji, mem=30GB, time=28800


        vg chunk -x vg_vg/ABOFRAM000707401531_wg.xg -a vg_map/ABOFRAM000707401531.gam -C -p 20 -O pg --prefix vg_map/ABOFRAM000707401531_20 && ls -sh vg_map/ABOFRAM000707401531_20_20.gam
        
No wall time information given. This might or might not work on your cluster. If not, specify the resource runtime in your rule or as a reasonable default via --default-resources.
Job 1066 has been submitted with SLURM jobid 11145908 (log: /work/project/CASCAD/mnaji/sm_folder/results/.snakemake/slurm_logs/rule_giraffe_chunk/ABOFRAM000707401531_20/11145908.log).
[Fri Sep 20 09:44:38 2024]
Finished job 1276.
288 of 886 steps (33%) done
Select jobs to execute...
Execute 1 jobs...

[Fri Sep 20 09:44:38 2024]
rule giraffe_snarls:
    input: vg_map/ABOFRAM007301868101_1_1.vg
    output: vg_map/ABOFRAM007301868101_pt1.snarls
    log: logs/vg/giraffe_snarls_ABOFRAM007301868101_1.log
    jobid: 1282
    reason: Missing output files: vg_map/ABOFRAM007301868101_pt1.snarls; Input files updated by another job: vg_map/ABOFRAM007301868101_1_1.vg
    wildcards: sample=ABOFRAM007301868101, chr=1
    resources: mem_mb=11444, mem_mib=954, disk_mb=1000, disk_mib=954, tmpdir=<TBD>, slurm_partition=workq, slurm_account=mnaji, mem=12GB, time=28800


        vg snarls vg_map/ABOFRAM007301868101_1_1.vg > vg_map/ABOFRAM007301868101_pt1.snarls
        
No wall time information given. This might or might not work on your cluster. If not, specify the resource runtime in your rule or as a reasonable default via --default-resources.
Job 1282 has been submitted with SLURM jobid 11145909 (log: /work/project/CASCAD/mnaji/sm_folder/results/.snakemake/slurm_logs/rule_giraffe_snarls/ABOFRAM007301868101_1/11145909.log).
[Fri Sep 20 09:45:08 2024]
Finished job 1470.
289 of 886 steps (33%) done
Removing temporary output vg_map/ABOFRAM007401840180_8_8.gam.
[Fri Sep 20 09:45:08 2024]
Finished job 1033.
290 of 886 steps (33%) done
Removing temporary output vg_map/ABOFRAM000707401531_14_14.vg.
Removing temporary output vg_map/ABOFRAM000707401531_14.pack.
Removing temporary output vg_map/ABOFRAM000707401531_pt14.snarls.
[Fri Sep 20 09:45:08 2024]
Finished job 1087.
291 of 886 steps (33%) done
Select jobs to execute...
Execute 3 jobs...

[Fri Sep 20 09:45:09 2024]
rule giraffe_chunk_vg:
    input: vg_vg/ABOFRAM000703115255_wg.xg
    output: vg_map/ABOFRAM000703115255_9_9.vg
    log: logs/vg/giraffe_chunk_vg_ABOFRAM000703115255_9.log
    jobid: 854
    reason: Missing output files: vg_map/ABOFRAM000703115255_9_9.vg
    wildcards: sample=ABOFRAM000703115255, chr=9
    resources: mem_mb=11444, mem_mib=7630, disk_mb=9484, disk_mib=9045, tmpdir=<TBD>, slurm_partition=workq, slurm_account=mnaji, mem=12GB, time=28800


        vg chunk -x vg_vg/ABOFRAM000703115255_wg.xg -C -p 9 > vg_map/ABOFRAM000703115255_9_9.vg
        
No wall time information given. This might or might not work on your cluster. If not, specify the resource runtime in your rule or as a reasonable default via --default-resources.
Job 854 has been submitted with SLURM jobid 11145911 (log: /work/project/CASCAD/mnaji/sm_folder/results/.snakemake/slurm_logs/rule_giraffe_chunk_vg/ABOFRAM000703115255_9/11145911.log).

[Fri Sep 20 09:45:09 2024]
rule giraffe_call:
    input: vg_map/ABOFRAM007401840180_8_8.vg, vg_map/ABOFRAM007401840180_8.pack, vg_map/ABOFRAM007401840180_pt8.snarls
    output: vg_call/ABOFRAM007401840180_8.vcf
    log: logs/vg/giraffe_call_ABOFRAM007401840180_8.log
    jobid: 1468
    reason: Missing output files: vg_call/ABOFRAM007401840180_8.vcf; Input files updated by another job: vg_map/ABOFRAM007401840180_8_8.vg, vg_map/ABOFRAM007401840180_pt8.snarls, vg_map/ABOFRAM007401840180_8.pack
    wildcards: sample=ABOFRAM007401840180, chr=8
    resources: mem_mb=11444, mem_mib=954, disk_mb=1000, disk_mib=954, tmpdir=<TBD>, slurm_partition=workq, slurm_account=mnaji, mem=12GB, time=28800


        vg call vg_map/ABOFRAM007401840180_8_8.vg -k vg_map/ABOFRAM007401840180_8.pack -r vg_map/ABOFRAM007401840180_pt8.snarls -s ABOFRAM007401840180 --threads 3 > vg_call/ABOFRAM007401840180_8.vcf 
        
No wall time information given. This might or might not work on your cluster. If not, specify the resource runtime in your rule or as a reasonable default via --default-resources.
Job 1468 has been submitted with SLURM jobid 11145912 (log: /work/project/CASCAD/mnaji/sm_folder/results/.snakemake/slurm_logs/rule_giraffe_call/ABOFRAM007401840180_8/11145912.log).

[Fri Sep 20 09:45:09 2024]
rule giraffe_chunk:
    input: vg_vg/ABOFRAM000709524730_wg.xg, vg_map/ABOFRAM000709524730.gam
    output: vg_map/ABOFRAM000709524730_15_15.gam
    log: logs/vg/giraffe_chunk_ABOFRAM000709524730_15.log
    jobid: 1196
    reason: Missing output files: vg_map/ABOFRAM000709524730_15_15.gam
    wildcards: sample=ABOFRAM000709524730, chr=15
    resources: mem_mb=28610, mem_mib=7630, disk_mb=246756, disk_mib=235325, tmpdir=<TBD>, slurm_partition=workq, slurm_account=mnaji, mem=30GB, time=28800


        vg chunk -x vg_vg/ABOFRAM000709524730_wg.xg -a vg_map/ABOFRAM000709524730.gam -C -p 15 -O pg --prefix vg_map/ABOFRAM000709524730_15 && ls -sh vg_map/ABOFRAM000709524730_15_15.gam
        
No wall time information given. This might or might not work on your cluster. If not, specify the resource runtime in your rule or as a reasonable default via --default-resources.
Job 1196 has been submitted with SLURM jobid 11145913 (log: /work/project/CASCAD/mnaji/sm_folder/results/.snakemake/slurm_logs/rule_giraffe_chunk/ABOFRAM000709524730_15/11145913.log).
Select jobs to execute...
[Fri Sep 20 09:45:19 2024]
Finished job 981.
292 of 886 steps (33%) done
[Fri Sep 20 09:45:19 2024]
Finished job 1396.
293 of 886 steps (33%) done
[Fri Sep 20 09:45:19 2024]
Finished job 1563.
294 of 886 steps (33%) done
Removing temporary output vg_map/ABOFRAM007401840180_27_27.vg.
Removing temporary output vg_map/ABOFRAM007401840180_27.pack.
Removing temporary output vg_map/ABOFRAM007401840180_pt27.snarls.
Execute 3 jobs...

[Fri Sep 20 09:45:19 2024]
rule giraffe_pack:
    input: vg_map/ABOFRAM000707401531_3_3.vg, vg_map/ABOFRAM000707401531_3_3.gam
    output: vg_map/ABOFRAM000707401531_3.pack
    log: logs/vg/giraffe_pack_ABOFRAM000707401531_3.log
    jobid: 980
    reason: Missing output files: vg_map/ABOFRAM000707401531_3.pack; Input files updated by another job: vg_map/ABOFRAM000707401531_3_3.gam, vg_map/ABOFRAM000707401531_3_3.vg
    wildcards: sample=ABOFRAM000707401531, chr=3
    threads: 3
    resources: mem_mb=14305, mem_mib=7469, disk_mb=7831, disk_mib=7469, tmpdir=<TBD>, slurm_partition=workq, slurm_account=mnaji, mem=15GB, time=28800


        vg pack -x vg_map/ABOFRAM000707401531_3_3.vg -g vg_map/ABOFRAM000707401531_3_3.gam -Q 5 --threads 3 -o vg_map/ABOFRAM000707401531_3.pack
        
No wall time information given. This might or might not work on your cluster. If not, specify the resource runtime in your rule or as a reasonable default via --default-resources.
Job 980 has been submitted with SLURM jobid 11145914 (log: /work/project/CASCAD/mnaji/sm_folder/results/.snakemake/slurm_logs/rule_giraffe_pack/ABOFRAM000707401531_3/11145914.log).

[Fri Sep 20 09:45:19 2024]
rule giraffe_chunk:
    input: vg_vg/ABOFRAM007301868101_wg.xg, vg_map/ABOFRAM007301868101.gam
    output: vg_map/ABOFRAM007301868101_26_26.gam
    log: logs/vg/giraffe_chunk_ABOFRAM007301868101_26.log
    jobid: 1406
    reason: Missing output files: vg_map/ABOFRAM007301868101_26_26.gam
    wildcards: sample=ABOFRAM007301868101, chr=26
    resources: mem_mb=28610, mem_mib=7630, disk_mb=185244, disk_mib=176663, tmpdir=<TBD>, slurm_partition=workq, slurm_account=mnaji, mem=30GB, time=28800


        vg chunk -x vg_vg/ABOFRAM007301868101_wg.xg -a vg_map/ABOFRAM007301868101.gam -C -p 26 -O pg --prefix vg_map/ABOFRAM007301868101_26 && ls -sh vg_map/ABOFRAM007301868101_26_26.gam
        
No wall time information given. This might or might not work on your cluster. If not, specify the resource runtime in your rule or as a reasonable default via --default-resources.
Job 1406 has been submitted with SLURM jobid 11145915 (log: /work/project/CASCAD/mnaji/sm_folder/results/.snakemake/slurm_logs/rule_giraffe_chunk/ABOFRAM007301868101_26/11145915.log).

[Fri Sep 20 09:45:19 2024]
rule giraffe_chunk:
    input: vg_vg/ABOFRAM000707401531_wg.xg, vg_map/ABOFRAM000707401531.gam
    output: vg_map/ABOFRAM000707401531_29_29.gam
    log: logs/vg/giraffe_chunk_ABOFRAM000707401531_29.log
    jobid: 1111
    reason: Missing output files: vg_map/ABOFRAM000707401531_29_29.gam
    wildcards: sample=ABOFRAM000707401531, chr=29
    resources: mem_mb=28610, mem_mib=7630, disk_mb=202240, disk_mib=192872, tmpdir=<TBD>, slurm_partition=workq, slurm_account=mnaji, mem=30GB, time=28800


        vg chunk -x vg_vg/ABOFRAM000707401531_wg.xg -a vg_map/ABOFRAM000707401531.gam -C -p 29 -O pg --prefix vg_map/ABOFRAM000707401531_29 && ls -sh vg_map/ABOFRAM000707401531_29_29.gam
        
No wall time information given. This might or might not work on your cluster. If not, specify the resource runtime in your rule or as a reasonable default via --default-resources.
Job 1111 has been submitted with SLURM jobid 11145916 (log: /work/project/CASCAD/mnaji/sm_folder/results/.snakemake/slurm_logs/rule_giraffe_chunk/ABOFRAM000707401531_29/11145916.log).
Select jobs to execute...
[Fri Sep 20 09:45:29 2024]
Finished job 1421.
295 of 886 steps (33%) done
[Fri Sep 20 09:45:29 2024]
Finished job 1360.
296 of 886 steps (33%) done
Removing temporary output vg_map/ABOFRAM007301868101_17_17.gam.
Execute 2 jobs...

[Fri Sep 20 09:45:29 2024]
rule giraffe_call:
    input: vg_map/ABOFRAM007301868101_17_17.vg, vg_map/ABOFRAM007301868101_17.pack, vg_map/ABOFRAM007301868101_pt17.snarls
    output: vg_call/ABOFRAM007301868101_17.vcf
    log: logs/vg/giraffe_call_ABOFRAM007301868101_17.log
    jobid: 1358
    reason: Missing output files: vg_call/ABOFRAM007301868101_17.vcf; Input files updated by another job: vg_map/ABOFRAM007301868101_17.pack, vg_map/ABOFRAM007301868101_17_17.vg, vg_map/ABOFRAM007301868101_pt17.snarls
    wildcards: sample=ABOFRAM007301868101, chr=17
    resources: mem_mb=11444, mem_mib=954, disk_mb=1000, disk_mib=954, tmpdir=<TBD>, slurm_partition=workq, slurm_account=mnaji, mem=12GB, time=28800


        vg call vg_map/ABOFRAM007301868101_17_17.vg -k vg_map/ABOFRAM007301868101_17.pack -r vg_map/ABOFRAM007301868101_pt17.snarls -s ABOFRAM007301868101 --threads 3 > vg_call/ABOFRAM007301868101_17.vcf 
        
No wall time information given. This might or might not work on your cluster. If not, specify the resource runtime in your rule or as a reasonable default via --default-resources.
Job 1358 has been submitted with SLURM jobid 11145917 (log: /work/project/CASCAD/mnaji/sm_folder/results/.snakemake/slurm_logs/rule_giraffe_call/ABOFRAM007301868101_17/11145917.log).

[Fri Sep 20 09:45:29 2024]
rule giraffe_pack:
    input: vg_map/ABOFRAM007301868101_29_29.vg, vg_map/ABOFRAM007301868101_29_29.gam
    output: vg_map/ABOFRAM007301868101_29.pack
    log: logs/vg/giraffe_pack_ABOFRAM007301868101_29.log
    jobid: 1420
    reason: Missing output files: vg_map/ABOFRAM007301868101_29.pack; Input files updated by another job: vg_map/ABOFRAM007301868101_29_29.vg, vg_map/ABOFRAM007301868101_29_29.gam
    wildcards: sample=ABOFRAM007301868101, chr=29
    threads: 3
    resources: mem_mb=14305, mem_mib=3492, disk_mb=3661, disk_mib=3492, tmpdir=<TBD>, slurm_partition=workq, slurm_account=mnaji, mem=15GB, time=28800


        vg pack -x vg_map/ABOFRAM007301868101_29_29.vg -g vg_map/ABOFRAM007301868101_29_29.gam -Q 5 --threads 3 -o vg_map/ABOFRAM007301868101_29.pack
        
No wall time information given. This might or might not work on your cluster. If not, specify the resource runtime in your rule or as a reasonable default via --default-resources.
Job 1420 has been submitted with SLURM jobid 11145918 (log: /work/project/CASCAD/mnaji/sm_folder/results/.snakemake/slurm_logs/rule_giraffe_pack/ABOFRAM007301868101_29/11145918.log).
Select jobs to execute...
[Fri Sep 20 09:45:39 2024]
Finished job 988.
297 of 886 steps (34%) done
Removing temporary output vg_map/ABOFRAM000707401531_5_5.vg.
Removing temporary output vg_map/ABOFRAM000707401531_5.pack.
Removing temporary output vg_map/ABOFRAM000707401531_pt5.snarls.
Execute 1 jobs...

[Fri Sep 20 09:45:39 2024]
rule giraffe_chunk:
    input: vg_vg/ABOFRAM007301868101_wg.xg, vg_map/ABOFRAM007301868101.gam
    output: vg_map/ABOFRAM007301868101_5_5.gam
    log: logs/vg/giraffe_chunk_ABOFRAM007301868101_5.log
    jobid: 1301
    reason: Missing output files: vg_map/ABOFRAM007301868101_5_5.gam
    wildcards: sample=ABOFRAM007301868101, chr=5
    resources: mem_mb=28610, mem_mib=7630, disk_mb=185244, disk_mib=176663, tmpdir=<TBD>, slurm_partition=workq, slurm_account=mnaji, mem=30GB, time=28800


        vg chunk -x vg_vg/ABOFRAM007301868101_wg.xg -a vg_map/ABOFRAM007301868101.gam -C -p 5 -O pg --prefix vg_map/ABOFRAM007301868101_5 && ls -sh vg_map/ABOFRAM007301868101_5_5.gam
        
No wall time information given. This might or might not work on your cluster. If not, specify the resource runtime in your rule or as a reasonable default via --default-resources.
Job 1301 has been submitted with SLURM jobid 11145919 (log: /work/project/CASCAD/mnaji/sm_folder/results/.snakemake/slurm_logs/rule_giraffe_chunk/ABOFRAM007301868101_5/11145919.log).
[Fri Sep 20 09:45:49 2024]
Finished job 1582.
298 of 886 steps (34%) done
Select jobs to execute...
Execute 1 jobs...

[Fri Sep 20 09:45:49 2024]
rule giraffe_chunk_vg:
    input: vg_vg/ABOFRAM000707401531_wg.xg
    output: vg_map/ABOFRAM000707401531_2_2.vg
    log: logs/vg/giraffe_chunk_vg_ABOFRAM000707401531_2.log
    jobid: 974
    reason: Missing output files: vg_map/ABOFRAM000707401531_2_2.vg
    wildcards: sample=ABOFRAM000707401531, chr=2
    resources: mem_mb=11444, mem_mib=7630, disk_mb=9481, disk_mib=9042, tmpdir=<TBD>, slurm_partition=workq, slurm_account=mnaji, mem=12GB, time=28800


        vg chunk -x vg_vg/ABOFRAM000707401531_wg.xg -C -p 2 > vg_map/ABOFRAM000707401531_2_2.vg
        
No wall time information given. This might or might not work on your cluster. If not, specify the resource runtime in your rule or as a reasonable default via --default-resources.
Job 974 has been submitted with SLURM jobid 11145920 (log: /work/project/CASCAD/mnaji/sm_folder/results/.snakemake/slurm_logs/rule_giraffe_chunk_vg/ABOFRAM000707401531_2/11145920.log).
[Fri Sep 20 09:45:59 2024]
Finished job 1366.
299 of 886 steps (34%) done
[Fri Sep 20 09:45:59 2024]
Finished job 854.
300 of 886 steps (34%) done
Select jobs to execute...
Execute 2 jobs...

[Fri Sep 20 09:45:59 2024]
rule giraffe_snarls:
    input: vg_map/ABOFRAM000703115255_9_9.vg
    output: vg_map/ABOFRAM000703115255_pt9.snarls
    log: logs/vg/giraffe_snarls_ABOFRAM000703115255_9.log
    jobid: 857
    reason: Missing output files: vg_map/ABOFRAM000703115255_pt9.snarls; Input files updated by another job: vg_map/ABOFRAM000703115255_9_9.vg
    wildcards: sample=ABOFRAM000703115255, chr=9
    resources: mem_mb=11444, mem_mib=954, disk_mb=1000, disk_mib=954, tmpdir=<TBD>, slurm_partition=workq, slurm_account=mnaji, mem=12GB, time=28800


        vg snarls vg_map/ABOFRAM000703115255_9_9.vg > vg_map/ABOFRAM000703115255_pt9.snarls
        
No wall time information given. This might or might not work on your cluster. If not, specify the resource runtime in your rule or as a reasonable default via --default-resources.
Job 857 has been submitted with SLURM jobid 11145921 (log: /work/project/CASCAD/mnaji/sm_folder/results/.snakemake/slurm_logs/rule_giraffe_snarls/ABOFRAM000703115255_9/11145921.log).

[Fri Sep 20 09:45:59 2024]
rule giraffe_pack:
    input: vg_map/ABOFRAM007301868101_18_18.vg, vg_map/ABOFRAM007301868101_18_18.gam
    output: vg_map/ABOFRAM007301868101_18.pack
    log: logs/vg/giraffe_pack_ABOFRAM007301868101_18.log
    jobid: 1365
    reason: Missing output files: vg_map/ABOFRAM007301868101_18.pack; Input files updated by another job: vg_map/ABOFRAM007301868101_18_18.vg, vg_map/ABOFRAM007301868101_18_18.gam
    wildcards: sample=ABOFRAM007301868101, chr=18
    threads: 3
    resources: mem_mb=14305, mem_mib=4005, disk_mb=4199, disk_mib=4005, tmpdir=<TBD>, slurm_partition=workq, slurm_account=mnaji, mem=15GB, time=28800


        vg pack -x vg_map/ABOFRAM007301868101_18_18.vg -g vg_map/ABOFRAM007301868101_18_18.gam -Q 5 --threads 3 -o vg_map/ABOFRAM007301868101_18.pack
        
No wall time information given. This might or might not work on your cluster. If not, specify the resource runtime in your rule or as a reasonable default via --default-resources.
Job 1365 has been submitted with SLURM jobid 11145922 (log: /work/project/CASCAD/mnaji/sm_folder/results/.snakemake/slurm_logs/rule_giraffe_pack/ABOFRAM007301868101_18/11145922.log).
Select jobs to execute...
[Fri Sep 20 09:46:09 2024]
Finished job 1580.
301 of 886 steps (34%) done
Removing temporary output vg_map/ABOFRAM007401840180_X_X.gam.
[Fri Sep 20 09:46:09 2024]
Finished job 1282.
302 of 886 steps (34%) done
Execute 2 jobs...

[Fri Sep 20 09:46:09 2024]
rule giraffe_chunk_vg:
    input: vg_vg/ABOFRAM007301868101_wg.xg
    output: vg_map/ABOFRAM007301868101_7_7.vg
    log: logs/vg/giraffe_chunk_vg_ABOFRAM007301868101_7.log
    jobid: 1309
    reason: Missing output files: vg_map/ABOFRAM007301868101_7_7.vg
    wildcards: sample=ABOFRAM007301868101, chr=7
    resources: mem_mb=11444, mem_mib=7630, disk_mb=9481, disk_mib=9042, tmpdir=<TBD>, slurm_partition=workq, slurm_account=mnaji, mem=12GB, time=28800


        vg chunk -x vg_vg/ABOFRAM007301868101_wg.xg -C -p 7 > vg_map/ABOFRAM007301868101_7_7.vg
        
No wall time information given. This might or might not work on your cluster. If not, specify the resource runtime in your rule or as a reasonable default via --default-resources.
Job 1309 has been submitted with SLURM jobid 11145923 (log: /work/project/CASCAD/mnaji/sm_folder/results/.snakemake/slurm_logs/rule_giraffe_chunk_vg/ABOFRAM007301868101_7/11145923.log).

[Fri Sep 20 09:46:09 2024]
rule giraffe_call:
    input: vg_map/ABOFRAM007401840180_X_X.vg, vg_map/ABOFRAM007401840180_X.pack, vg_map/ABOFRAM007401840180_ptX.snarls
    output: vg_call/ABOFRAM007401840180_X.vcf
    log: logs/vg/giraffe_call_ABOFRAM007401840180_X.log
    jobid: 1578
    reason: Missing output files: vg_call/ABOFRAM007401840180_X.vcf; Input files updated by another job: vg_map/ABOFRAM007401840180_X_X.vg, vg_map/ABOFRAM007401840180_X.pack, vg_map/ABOFRAM007401840180_ptX.snarls
    wildcards: sample=ABOFRAM007401840180, chr=X
    resources: mem_mb=11444, mem_mib=954, disk_mb=1000, disk_mib=954, tmpdir=<TBD>, slurm_partition=workq, slurm_account=mnaji, mem=12GB, time=28800


        vg call vg_map/ABOFRAM007401840180_X_X.vg -k vg_map/ABOFRAM007401840180_X.pack -r vg_map/ABOFRAM007401840180_ptX.snarls -s ABOFRAM007401840180 --threads 3 > vg_call/ABOFRAM007401840180_X.vcf 
        
No wall time information given. This might or might not work on your cluster. If not, specify the resource runtime in your rule or as a reasonable default via --default-resources.
Job 1578 has been submitted with SLURM jobid 11145924 (log: /work/project/CASCAD/mnaji/sm_folder/results/.snakemake/slurm_logs/rule_giraffe_call/ABOFRAM007401840180_X/11145924.log).
Select jobs to execute...
[Fri Sep 20 09:46:19 2024]
Finished job 1246.
303 of 886 steps (34%) done
[Fri Sep 20 09:46:19 2024]
Finished job 1115.
304 of 886 steps (34%) done
Removing temporary output vg_map/ABOFRAM000707401531_X_X.gam.
Execute 2 jobs...

[Fri Sep 20 09:46:19 2024]
rule giraffe_call:
    input: vg_map/ABOFRAM000707401531_X_X.vg, vg_map/ABOFRAM000707401531_X.pack, vg_map/ABOFRAM000707401531_ptX.snarls
    output: vg_call/ABOFRAM000707401531_X.vcf
    log: logs/vg/giraffe_call_ABOFRAM000707401531_X.log
    jobid: 1113
    reason: Missing output files: vg_call/ABOFRAM000707401531_X.vcf; Input files updated by another job: vg_map/ABOFRAM000707401531_X_X.vg, vg_map/ABOFRAM000707401531_ptX.snarls, vg_map/ABOFRAM000707401531_X.pack
    wildcards: sample=ABOFRAM000707401531, chr=X
    resources: mem_mb=11444, mem_mib=954, disk_mb=1000, disk_mib=954, tmpdir=<TBD>, slurm_partition=workq, slurm_account=mnaji, mem=12GB, time=28800


        vg call vg_map/ABOFRAM000707401531_X_X.vg -k vg_map/ABOFRAM000707401531_X.pack -r vg_map/ABOFRAM000707401531_ptX.snarls -s ABOFRAM000707401531 --threads 3 > vg_call/ABOFRAM000707401531_X.vcf 
        
No wall time information given. This might or might not work on your cluster. If not, specify the resource runtime in your rule or as a reasonable default via --default-resources.
Job 1113 has been submitted with SLURM jobid 11145925 (log: /work/project/CASCAD/mnaji/sm_folder/results/.snakemake/slurm_logs/rule_giraffe_call/ABOFRAM000707401531_X/11145925.log).

[Fri Sep 20 09:46:19 2024]
rule giraffe_pack:
    input: vg_map/ABOFRAM000709524730_25_25.vg, vg_map/ABOFRAM000709524730_25_25.gam
    output: vg_map/ABOFRAM000709524730_25.pack
    log: logs/vg/giraffe_pack_ABOFRAM000709524730_25.log
    jobid: 1245
    reason: Missing output files: vg_map/ABOFRAM000709524730_25.pack; Input files updated by another job: vg_map/ABOFRAM000709524730_25_25.vg, vg_map/ABOFRAM000709524730_25_25.gam
    wildcards: sample=ABOFRAM000709524730, chr=25
    threads: 3
    resources: mem_mb=14305, mem_mib=3208, disk_mb=3363, disk_mib=3208, tmpdir=<TBD>, slurm_partition=workq, slurm_account=mnaji, mem=15GB, time=28800


        vg pack -x vg_map/ABOFRAM000709524730_25_25.vg -g vg_map/ABOFRAM000709524730_25_25.gam -Q 5 --threads 3 -o vg_map/ABOFRAM000709524730_25.pack
        
No wall time information given. This might or might not work on your cluster. If not, specify the resource runtime in your rule or as a reasonable default via --default-resources.
Job 1245 has been submitted with SLURM jobid 11145926 (log: /work/project/CASCAD/mnaji/sm_folder/results/.snakemake/slurm_logs/rule_giraffe_pack/ABOFRAM000709524730_25/11145926.log).
Select jobs to execute...
[Fri Sep 20 09:46:29 2024]
Finished job 1425.
305 of 886 steps (34%) done
Removing temporary output vg_map/ABOFRAM007301868101_X_X.gam.
Execute 1 jobs...

[Fri Sep 20 09:46:29 2024]
rule giraffe_call:
    input: vg_map/ABOFRAM007301868101_X_X.vg, vg_map/ABOFRAM007301868101_X.pack, vg_map/ABOFRAM007301868101_ptX.snarls
    output: vg_call/ABOFRAM007301868101_X.vcf
    log: logs/vg/giraffe_call_ABOFRAM007301868101_X.log
    jobid: 1423
    reason: Missing output files: vg_call/ABOFRAM007301868101_X.vcf; Input files updated by another job: vg_map/ABOFRAM007301868101_X_X.vg, vg_map/ABOFRAM007301868101_ptX.snarls, vg_map/ABOFRAM007301868101_X.pack
    wildcards: sample=ABOFRAM007301868101, chr=X
    resources: mem_mb=11444, mem_mib=954, disk_mb=1000, disk_mib=954, tmpdir=<TBD>, slurm_partition=workq, slurm_account=mnaji, mem=12GB, time=28800


        vg call vg_map/ABOFRAM007301868101_X_X.vg -k vg_map/ABOFRAM007301868101_X.pack -r vg_map/ABOFRAM007301868101_ptX.snarls -s ABOFRAM007301868101 --threads 3 > vg_call/ABOFRAM007301868101_X.vcf 
        
No wall time information given. This might or might not work on your cluster. If not, specify the resource runtime in your rule or as a reasonable default via --default-resources.
Job 1423 has been submitted with SLURM jobid 11145927 (log: /work/project/CASCAD/mnaji/sm_folder/results/.snakemake/slurm_logs/rule_giraffe_call/ABOFRAM007301868101_X/11145927.log).
[Fri Sep 20 09:46:39 2024]
Finished job 974.
306 of 886 steps (35%) done
Select jobs to execute...
Execute 1 jobs...

[Fri Sep 20 09:46:39 2024]
rule giraffe_snarls:
    input: vg_map/ABOFRAM000707401531_2_2.vg
    output: vg_map/ABOFRAM000707401531_pt2.snarls
    log: logs/vg/giraffe_snarls_ABOFRAM000707401531_2.log
    jobid: 977
    reason: Missing output files: vg_map/ABOFRAM000707401531_pt2.snarls; Input files updated by another job: vg_map/ABOFRAM000707401531_2_2.vg
    wildcards: sample=ABOFRAM000707401531, chr=2
    resources: mem_mb=11444, mem_mib=954, disk_mb=1000, disk_mib=954, tmpdir=<TBD>, slurm_partition=workq, slurm_account=mnaji, mem=12GB, time=28800


        vg snarls vg_map/ABOFRAM000707401531_2_2.vg > vg_map/ABOFRAM000707401531_pt2.snarls
        
No wall time information given. This might or might not work on your cluster. If not, specify the resource runtime in your rule or as a reasonable default via --default-resources.
Job 977 has been submitted with SLURM jobid 11145928 (log: /work/project/CASCAD/mnaji/sm_folder/results/.snakemake/slurm_logs/rule_giraffe_snarls/ABOFRAM000707401531_2/11145928.log).
[Fri Sep 20 09:47:09 2024]
Finished job 1290.
307 of 886 steps (35%) done
Removing temporary output vg_map/ABOFRAM007301868101_3_3.gam.
[Fri Sep 20 09:47:09 2024]
Finished job 857.
308 of 886 steps (35%) done
[Fri Sep 20 09:47:09 2024]
Finished job 1309.
309 of 886 steps (35%) done
Select jobs to execute...
Execute 3 jobs...

[Fri Sep 20 09:47:09 2024]
rule giraffe_call:
    input: vg_map/ABOFRAM007301868101_3_3.vg, vg_map/ABOFRAM007301868101_3.pack, vg_map/ABOFRAM007301868101_pt3.snarls
    output: vg_call/ABOFRAM007301868101_3.vcf
    log: logs/vg/giraffe_call_ABOFRAM007301868101_3.log
    jobid: 1288
    reason: Missing output files: vg_call/ABOFRAM007301868101_3.vcf; Input files updated by another job: vg_map/ABOFRAM007301868101_3_3.vg, vg_map/ABOFRAM007301868101_pt3.snarls, vg_map/ABOFRAM007301868101_3.pack
    wildcards: sample=ABOFRAM007301868101, chr=3
    resources: mem_mb=11444, mem_mib=954, disk_mb=1000, disk_mib=954, tmpdir=<TBD>, slurm_partition=workq, slurm_account=mnaji, mem=12GB, time=28800


        vg call vg_map/ABOFRAM007301868101_3_3.vg -k vg_map/ABOFRAM007301868101_3.pack -r vg_map/ABOFRAM007301868101_pt3.snarls -s ABOFRAM007301868101 --threads 3 > vg_call/ABOFRAM007301868101_3.vcf 
        
No wall time information given. This might or might not work on your cluster. If not, specify the resource runtime in your rule or as a reasonable default via --default-resources.
Job 1288 has been submitted with SLURM jobid 11145930 (log: /work/project/CASCAD/mnaji/sm_folder/results/.snakemake/slurm_logs/rule_giraffe_call/ABOFRAM007301868101_3/11145930.log).

[Fri Sep 20 09:47:10 2024]
rule giraffe_pack:
    input: vg_map/ABOFRAM007301868101_7_7.vg, vg_map/ABOFRAM007301868101_7_7.gam
    output: vg_map/ABOFRAM007301868101_7.pack
    log: logs/vg/giraffe_pack_ABOFRAM007301868101_7.log
    jobid: 1310
    reason: Missing output files: vg_map/ABOFRAM007301868101_7.pack; Input files updated by another job: vg_map/ABOFRAM007301868101_7_7.vg, vg_map/ABOFRAM007301868101_7_7.gam
    wildcards: sample=ABOFRAM007301868101, chr=7
    threads: 3
    resources: mem_mb=14305, mem_mib=6718, disk_mb=7044, disk_mib=6718, tmpdir=<TBD>, slurm_partition=workq, slurm_account=mnaji, mem=15GB, time=28800


        vg pack -x vg_map/ABOFRAM007301868101_7_7.vg -g vg_map/ABOFRAM007301868101_7_7.gam -Q 5 --threads 3 -o vg_map/ABOFRAM007301868101_7.pack
        
No wall time information given. This might or might not work on your cluster. If not, specify the resource runtime in your rule or as a reasonable default via --default-resources.
Job 1310 has been submitted with SLURM jobid 11145931 (log: /work/project/CASCAD/mnaji/sm_folder/results/.snakemake/slurm_logs/rule_giraffe_pack/ABOFRAM007301868101_7/11145931.log).

[Fri Sep 20 09:47:10 2024]
rule giraffe_snarls:
    input: vg_map/ABOFRAM007301868101_7_7.vg
    output: vg_map/ABOFRAM007301868101_pt7.snarls
    log: logs/vg/giraffe_snarls_ABOFRAM007301868101_7.log
    jobid: 1312
    reason: Missing output files: vg_map/ABOFRAM007301868101_pt7.snarls; Input files updated by another job: vg_map/ABOFRAM007301868101_7_7.vg
    wildcards: sample=ABOFRAM007301868101, chr=7
    resources: mem_mb=11444, mem_mib=954, disk_mb=1000, disk_mib=954, tmpdir=<TBD>, slurm_partition=workq, slurm_account=mnaji, mem=12GB, time=28800


        vg snarls vg_map/ABOFRAM007301868101_7_7.vg > vg_map/ABOFRAM007301868101_pt7.snarls
        
No wall time information given. This might or might not work on your cluster. If not, specify the resource runtime in your rule or as a reasonable default via --default-resources.
Job 1312 has been submitted with SLURM jobid 11145932 (log: /work/project/CASCAD/mnaji/sm_folder/results/.snakemake/slurm_logs/rule_giraffe_snarls/ABOFRAM007301868101_7/11145932.log).
Select jobs to execute...
[Fri Sep 20 09:47:40 2024]
Finished job 1440.
310 of 886 steps (35%) done
Removing temporary output vg_map/ABOFRAM007401840180_2_2.gam.
[Fri Sep 20 09:47:40 2024]
Finished job 1358.
311 of 886 steps (35%) done
Removing temporary output vg_map/ABOFRAM007301868101_17_17.vg.
Removing temporary output vg_map/ABOFRAM007301868101_17.pack.
Removing temporary output vg_map/ABOFRAM007301868101_pt17.snarls.
[Fri Sep 20 09:47:40 2024]
Finished job 1420.
312 of 886 steps (35%) done
Removing temporary output vg_map/ABOFRAM007301868101_29_29.gam.
Execute 3 jobs...

[Fri Sep 20 09:47:40 2024]
rule giraffe_call:
    input: vg_map/ABOFRAM007301868101_29_29.vg, vg_map/ABOFRAM007301868101_29.pack, vg_map/ABOFRAM007301868101_pt29.snarls
    output: vg_call/ABOFRAM007301868101_29.vcf
    log: logs/vg/giraffe_call_ABOFRAM007301868101_29.log
    jobid: 1418
    reason: Missing output files: vg_call/ABOFRAM007301868101_29.vcf; Input files updated by another job: vg_map/ABOFRAM007301868101_29_29.vg, vg_map/ABOFRAM007301868101_pt29.snarls, vg_map/ABOFRAM007301868101_29.pack
    wildcards: sample=ABOFRAM007301868101, chr=29
    resources: mem_mb=11444, mem_mib=954, disk_mb=1000, disk_mib=954, tmpdir=<TBD>, slurm_partition=workq, slurm_account=mnaji, mem=12GB, time=28800


        vg call vg_map/ABOFRAM007301868101_29_29.vg -k vg_map/ABOFRAM007301868101_29.pack -r vg_map/ABOFRAM007301868101_pt29.snarls -s ABOFRAM007301868101 --threads 3 > vg_call/ABOFRAM007301868101_29.vcf 
        
No wall time information given. This might or might not work on your cluster. If not, specify the resource runtime in your rule or as a reasonable default via --default-resources.
Job 1418 has been submitted with SLURM jobid 11145933 (log: /work/project/CASCAD/mnaji/sm_folder/results/.snakemake/slurm_logs/rule_giraffe_call/ABOFRAM007301868101_29/11145933.log).

[Fri Sep 20 09:47:40 2024]
rule giraffe_chunk_vg:
    input: vg_vg/ABOFRAM007301868101_wg.xg
    output: vg_map/ABOFRAM007301868101_8_8.vg
    log: logs/vg/giraffe_chunk_vg_ABOFRAM007301868101_8.log
    jobid: 1314
    reason: Missing output files: vg_map/ABOFRAM007301868101_8_8.vg
    wildcards: sample=ABOFRAM007301868101, chr=8
    resources: mem_mb=11444, mem_mib=7630, disk_mb=9481, disk_mib=9042, tmpdir=<TBD>, slurm_partition=workq, slurm_account=mnaji, mem=12GB, time=28800


        vg chunk -x vg_vg/ABOFRAM007301868101_wg.xg -C -p 8 > vg_map/ABOFRAM007301868101_8_8.vg
        
No wall time information given. This might or might not work on your cluster. If not, specify the resource runtime in your rule or as a reasonable default via --default-resources.
Job 1314 has been submitted with SLURM jobid 11145934 (log: /work/project/CASCAD/mnaji/sm_folder/results/.snakemake/slurm_logs/rule_giraffe_chunk_vg/ABOFRAM007301868101_8/11145934.log).

[Fri Sep 20 09:47:40 2024]
rule giraffe_call:
    input: vg_map/ABOFRAM007401840180_2_2.vg, vg_map/ABOFRAM007401840180_2.pack, vg_map/ABOFRAM007401840180_pt2.snarls
    output: vg_call/ABOFRAM007401840180_2.vcf
    log: logs/vg/giraffe_call_ABOFRAM007401840180_2.log
    jobid: 1438
    reason: Missing output files: vg_call/ABOFRAM007401840180_2.vcf; Input files updated by another job: vg_map/ABOFRAM007401840180_2.pack, vg_map/ABOFRAM007401840180_2_2.vg, vg_map/ABOFRAM007401840180_pt2.snarls
    wildcards: sample=ABOFRAM007401840180, chr=2
    resources: mem_mb=11444, mem_mib=954, disk_mb=1000, disk_mib=954, tmpdir=<TBD>, slurm_partition=workq, slurm_account=mnaji, mem=12GB, time=28800


        vg call vg_map/ABOFRAM007401840180_2_2.vg -k vg_map/ABOFRAM007401840180_2.pack -r vg_map/ABOFRAM007401840180_pt2.snarls -s ABOFRAM007401840180 --threads 3 > vg_call/ABOFRAM007401840180_2.vcf 
        
No wall time information given. This might or might not work on your cluster. If not, specify the resource runtime in your rule or as a reasonable default via --default-resources.
Job 1438 has been submitted with SLURM jobid 11145935 (log: /work/project/CASCAD/mnaji/sm_folder/results/.snakemake/slurm_logs/rule_giraffe_call/ABOFRAM007401840180_2/11145935.log).
Select jobs to execute...
[Fri Sep 20 09:47:50 2024]
Finished job 1521.
313 of 886 steps (35%) done
[Fri Sep 20 09:47:50 2024]
Finished job 1576.
314 of 886 steps (35%) done
Execute 2 jobs...

[Fri Sep 20 09:47:50 2024]
rule giraffe_pack:
    input: vg_map/ABOFRAM007401840180_18_18.vg, vg_map/ABOFRAM007401840180_18_18.gam
    output: vg_map/ABOFRAM007401840180_18.pack
    log: logs/vg/giraffe_pack_ABOFRAM007401840180_18.log
    jobid: 1520
    reason: Missing output files: vg_map/ABOFRAM007401840180_18.pack; Input files updated by another job: vg_map/ABOFRAM007401840180_18_18.vg, vg_map/ABOFRAM007401840180_18_18.gam
    wildcards: sample=ABOFRAM007401840180, chr=18
    threads: 3
    resources: mem_mb=14305, mem_mib=4382, disk_mb=4594, disk_mib=4382, tmpdir=<TBD>, slurm_partition=workq, slurm_account=mnaji, mem=15GB, time=28800


        vg pack -x vg_map/ABOFRAM007401840180_18_18.vg -g vg_map/ABOFRAM007401840180_18_18.gam -Q 5 --threads 3 -o vg_map/ABOFRAM007401840180_18.pack
        
No wall time information given. This might or might not work on your cluster. If not, specify the resource runtime in your rule or as a reasonable default via --default-resources.
Job 1520 has been submitted with SLURM jobid 11145936 (log: /work/project/CASCAD/mnaji/sm_folder/results/.snakemake/slurm_logs/rule_giraffe_pack/ABOFRAM007401840180_18/11145936.log).

[Fri Sep 20 09:47:50 2024]
rule giraffe_chunk_vg:
    input: vg_vg/ABOFRAM007401840180_wg.xg
    output: vg_map/ABOFRAM007401840180_24_24.vg
    log: logs/vg/giraffe_chunk_vg_ABOFRAM007401840180_24.log
    jobid: 1549
    reason: Missing output files: vg_map/ABOFRAM007401840180_24_24.vg
    wildcards: sample=ABOFRAM007401840180, chr=24
    resources: mem_mb=11444, mem_mib=7630, disk_mb=9482, disk_mib=9043, tmpdir=<TBD>, slurm_partition=workq, slurm_account=mnaji, mem=12GB, time=28800


        vg chunk -x vg_vg/ABOFRAM007401840180_wg.xg -C -p 24 > vg_map/ABOFRAM007401840180_24_24.vg
        
No wall time information given. This might or might not work on your cluster. If not, specify the resource runtime in your rule or as a reasonable default via --default-resources.
Job 1549 has been submitted with SLURM jobid 11145937 (log: /work/project/CASCAD/mnaji/sm_folder/results/.snakemake/slurm_logs/rule_giraffe_chunk_vg/ABOFRAM007401840180_24/11145937.log).
Select jobs to execute...
[Fri Sep 20 09:48:00 2024]
Finished job 1476.
315 of 886 steps (36%) done
[Fri Sep 20 09:48:00 2024]
Finished job 1101.
316 of 886 steps (36%) done
[Fri Sep 20 09:48:00 2024]
Finished job 1365.
317 of 886 steps (36%) done
Removing temporary output vg_map/ABOFRAM007301868101_18_18.gam.
[Fri Sep 20 09:48:00 2024]
Finished job 1245.
318 of 886 steps (36%) done
Removing temporary output vg_map/ABOFRAM000709524730_25_25.gam.
Execute 4 jobs...

[Fri Sep 20 09:48:00 2024]
rule giraffe_call:
    input: vg_map/ABOFRAM000709524730_25_25.vg, vg_map/ABOFRAM000709524730_25.pack, vg_map/ABOFRAM000709524730_pt25.snarls
    output: vg_call/ABOFRAM000709524730_25.vcf
    log: logs/vg/giraffe_call_ABOFRAM000709524730_25.log
    jobid: 1243
    reason: Missing output files: vg_call/ABOFRAM000709524730_25.vcf; Input files updated by another job: vg_map/ABOFRAM000709524730_pt25.snarls, vg_map/ABOFRAM000709524730_25_25.vg, vg_map/ABOFRAM000709524730_25.pack
    wildcards: sample=ABOFRAM000709524730, chr=25
    resources: mem_mb=11444, mem_mib=954, disk_mb=1000, disk_mib=954, tmpdir=<TBD>, slurm_partition=workq, slurm_account=mnaji, mem=12GB, time=28800


        vg call vg_map/ABOFRAM000709524730_25_25.vg -k vg_map/ABOFRAM000709524730_25.pack -r vg_map/ABOFRAM000709524730_pt25.snarls -s ABOFRAM000709524730 --threads 3 > vg_call/ABOFRAM000709524730_25.vcf 
        
No wall time information given. This might or might not work on your cluster. If not, specify the resource runtime in your rule or as a reasonable default via --default-resources.
Job 1243 has been submitted with SLURM jobid 11145938 (log: /work/project/CASCAD/mnaji/sm_folder/results/.snakemake/slurm_logs/rule_giraffe_call/ABOFRAM000709524730_25/11145938.log).

[Fri Sep 20 09:48:00 2024]
rule giraffe_pack:
    input: vg_map/ABOFRAM007401840180_9_9.vg, vg_map/ABOFRAM007401840180_9_9.gam
    output: vg_map/ABOFRAM007401840180_9.pack
    log: logs/vg/giraffe_pack_ABOFRAM007401840180_9.log
    jobid: 1475
    reason: Missing output files: vg_map/ABOFRAM007401840180_9.pack; Input files updated by another job: vg_map/ABOFRAM007401840180_9_9.vg, vg_map/ABOFRAM007401840180_9_9.gam
    wildcards: sample=ABOFRAM007401840180, chr=9
    threads: 3
    resources: mem_mb=14305, mem_mib=6441, disk_mb=6753, disk_mib=6441, tmpdir=<TBD>, slurm_partition=workq, slurm_account=mnaji, mem=15GB, time=28800


        vg pack -x vg_map/ABOFRAM007401840180_9_9.vg -g vg_map/ABOFRAM007401840180_9_9.gam -Q 5 --threads 3 -o vg_map/ABOFRAM007401840180_9.pack
        
No wall time information given. This might or might not work on your cluster. If not, specify the resource runtime in your rule or as a reasonable default via --default-resources.
Job 1475 has been submitted with SLURM jobid 11145939 (log: /work/project/CASCAD/mnaji/sm_folder/results/.snakemake/slurm_logs/rule_giraffe_pack/ABOFRAM007401840180_9/11145939.log).

[Fri Sep 20 09:48:00 2024]
rule giraffe_pack:
    input: vg_map/ABOFRAM000707401531_27_27.vg, vg_map/ABOFRAM000707401531_27_27.gam
    output: vg_map/ABOFRAM000707401531_27.pack
    log: logs/vg/giraffe_pack_ABOFRAM000707401531_27.log
    jobid: 1100
    reason: Missing output files: vg_map/ABOFRAM000707401531_27.pack; Input files updated by another job: vg_map/ABOFRAM000707401531_27_27.vg, vg_map/ABOFRAM000707401531_27_27.gam
    wildcards: sample=ABOFRAM000707401531, chr=27
    threads: 3
    resources: mem_mb=14305, mem_mib=2958, disk_mb=3101, disk_mib=2958, tmpdir=<TBD>, slurm_partition=workq, slurm_account=mnaji, mem=15GB, time=28800


        vg pack -x vg_map/ABOFRAM000707401531_27_27.vg -g vg_map/ABOFRAM000707401531_27_27.gam -Q 5 --threads 3 -o vg_map/ABOFRAM000707401531_27.pack
        
No wall time information given. This might or might not work on your cluster. If not, specify the resource runtime in your rule or as a reasonable default via --default-resources.
Job 1100 has been submitted with SLURM jobid 11145940 (log: /work/project/CASCAD/mnaji/sm_folder/results/.snakemake/slurm_logs/rule_giraffe_pack/ABOFRAM000707401531_27/11145940.log).

[Fri Sep 20 09:48:01 2024]
rule giraffe_call:
    input: vg_map/ABOFRAM007301868101_18_18.vg, vg_map/ABOFRAM007301868101_18.pack, vg_map/ABOFRAM007301868101_pt18.snarls
    output: vg_call/ABOFRAM007301868101_18.vcf
    log: logs/vg/giraffe_call_ABOFRAM007301868101_18.log
    jobid: 1363
    reason: Missing output files: vg_call/ABOFRAM007301868101_18.vcf; Input files updated by another job: vg_map/ABOFRAM007301868101_18_18.vg, vg_map/ABOFRAM007301868101_18.pack, vg_map/ABOFRAM007301868101_pt18.snarls
    wildcards: sample=ABOFRAM007301868101, chr=18
    resources: mem_mb=11444, mem_mib=954, disk_mb=1000, disk_mib=954, tmpdir=<TBD>, slurm_partition=workq, slurm_account=mnaji, mem=12GB, time=28800


        vg call vg_map/ABOFRAM007301868101_18_18.vg -k vg_map/ABOFRAM007301868101_18.pack -r vg_map/ABOFRAM007301868101_pt18.snarls -s ABOFRAM007301868101 --threads 3 > vg_call/ABOFRAM007301868101_18.vcf 
        
No wall time information given. This might or might not work on your cluster. If not, specify the resource runtime in your rule or as a reasonable default via --default-resources.
Job 1363 has been submitted with SLURM jobid 11145941 (log: /work/project/CASCAD/mnaji/sm_folder/results/.snakemake/slurm_logs/rule_giraffe_call/ABOFRAM007301868101_18/11145941.log).
Select jobs to execute...
[Fri Sep 20 09:48:10 2024]
Finished job 1446.
319 of 886 steps (36%) done
[Fri Sep 20 09:48:10 2024]
Finished job 1516.
320 of 886 steps (36%) done
[Fri Sep 20 09:48:10 2024]
Finished job 1106.
321 of 886 steps (36%) done
Execute 3 jobs...

[Fri Sep 20 09:48:10 2024]
rule giraffe_chunk:
    input: vg_vg/ABOFRAM007401840180_wg.xg, vg_map/ABOFRAM007401840180.gam
    output: vg_map/ABOFRAM007401840180_10_10.gam
    log: logs/vg/giraffe_chunk_ABOFRAM007401840180_10.log
    jobid: 1481
    reason: Missing output files: vg_map/ABOFRAM007401840180_10_10.gam
    wildcards: sample=ABOFRAM007401840180, chr=10
    resources: mem_mb=28610, mem_mib=7630, disk_mb=196150, disk_mib=187064, tmpdir=<TBD>, slurm_partition=workq, slurm_account=mnaji, mem=30GB, time=28800


        vg chunk -x vg_vg/ABOFRAM007401840180_wg.xg -a vg_map/ABOFRAM007401840180.gam -C -p 10 -O pg --prefix vg_map/ABOFRAM007401840180_10 && ls -sh vg_map/ABOFRAM007401840180_10_10.gam
        
No wall time information given. This might or might not work on your cluster. If not, specify the resource runtime in your rule or as a reasonable default via --default-resources.
Job 1481 has been submitted with SLURM jobid 11145942 (log: /work/project/CASCAD/mnaji/sm_folder/results/.snakemake/slurm_logs/rule_giraffe_chunk/ABOFRAM007401840180_10/11145942.log).

[Fri Sep 20 09:48:10 2024]
rule giraffe_pack:
    input: vg_map/ABOFRAM007401840180_17_17.vg, vg_map/ABOFRAM007401840180_17_17.gam
    output: vg_map/ABOFRAM007401840180_17.pack
    log: logs/vg/giraffe_pack_ABOFRAM007401840180_17.log
    jobid: 1515
    reason: Missing output files: vg_map/ABOFRAM007401840180_17.pack; Input files updated by another job: vg_map/ABOFRAM007401840180_17_17.gam, vg_map/ABOFRAM007401840180_17_17.vg
    wildcards: sample=ABOFRAM007401840180, chr=17
    threads: 3
    resources: mem_mb=14305, mem_mib=6236, disk_mb=6538, disk_mib=6236, tmpdir=<TBD>, slurm_partition=workq, slurm_account=mnaji, mem=15GB, time=28800


        vg pack -x vg_map/ABOFRAM007401840180_17_17.vg -g vg_map/ABOFRAM007401840180_17_17.gam -Q 5 --threads 3 -o vg_map/ABOFRAM007401840180_17.pack
        
No wall time information given. This might or might not work on your cluster. If not, specify the resource runtime in your rule or as a reasonable default via --default-resources.
Job 1515 has been submitted with SLURM jobid 11145943 (log: /work/project/CASCAD/mnaji/sm_folder/results/.snakemake/slurm_logs/rule_giraffe_pack/ABOFRAM007401840180_17/11145943.log).

[Fri Sep 20 09:48:10 2024]
rule giraffe_pack:
    input: vg_map/ABOFRAM007401840180_3_3.vg, vg_map/ABOFRAM007401840180_3_3.gam
    output: vg_map/ABOFRAM007401840180_3.pack
    log: logs/vg/giraffe_pack_ABOFRAM007401840180_3.log
    jobid: 1445
    reason: Missing output files: vg_map/ABOFRAM007401840180_3.pack; Input files updated by another job: vg_map/ABOFRAM007401840180_3_3.vg, vg_map/ABOFRAM007401840180_3_3.gam
    wildcards: sample=ABOFRAM007401840180, chr=3
    threads: 3
    resources: mem_mb=14305, mem_mib=7485, disk_mb=7848, disk_mib=7485, tmpdir=<TBD>, slurm_partition=workq, slurm_account=mnaji, mem=15GB, time=28800


        vg pack -x vg_map/ABOFRAM007401840180_3_3.vg -g vg_map/ABOFRAM007401840180_3_3.gam -Q 5 --threads 3 -o vg_map/ABOFRAM007401840180_3.pack
        
No wall time information given. This might or might not work on your cluster. If not, specify the resource runtime in your rule or as a reasonable default via --default-resources.
Job 1445 has been submitted with SLURM jobid 11145944 (log: /work/project/CASCAD/mnaji/sm_folder/results/.snakemake/slurm_logs/rule_giraffe_pack/ABOFRAM007401840180_3/11145944.log).
Select jobs to execute...
[Fri Sep 20 09:48:20 2024]
Finished job 980.
322 of 886 steps (36%) done
Removing temporary output vg_map/ABOFRAM000707401531_3_3.gam.
[Fri Sep 20 09:48:20 2024]
Finished job 977.
323 of 886 steps (36%) done
[Fri Sep 20 09:48:20 2024]
Finished job 1312.
324 of 886 steps (37%) done
Execute 3 jobs...

[Fri Sep 20 09:48:20 2024]
rule giraffe_chunk:
    input: vg_vg/ABOFRAM007301868101_wg.xg, vg_map/ABOFRAM007301868101.gam
    output: vg_map/ABOFRAM007301868101_4_4.gam
    log: logs/vg/giraffe_chunk_ABOFRAM007301868101_4.log
    jobid: 1296
    reason: Missing output files: vg_map/ABOFRAM007301868101_4_4.gam
    wildcards: sample=ABOFRAM007301868101, chr=4
    resources: mem_mb=28610, mem_mib=7630, disk_mb=185244, disk_mib=176663, tmpdir=<TBD>, slurm_partition=workq, slurm_account=mnaji, mem=30GB, time=28800


        vg chunk -x vg_vg/ABOFRAM007301868101_wg.xg -a vg_map/ABOFRAM007301868101.gam -C -p 4 -O pg --prefix vg_map/ABOFRAM007301868101_4 && ls -sh vg_map/ABOFRAM007301868101_4_4.gam
        
No wall time information given. This might or might not work on your cluster. If not, specify the resource runtime in your rule or as a reasonable default via --default-resources.
Job 1296 has been submitted with SLURM jobid 11145945 (log: /work/project/CASCAD/mnaji/sm_folder/results/.snakemake/slurm_logs/rule_giraffe_chunk/ABOFRAM007301868101_4/11145945.log).

[Fri Sep 20 09:48:20 2024]
rule giraffe_chunk_vg:
    input: vg_vg/ABOFRAM000703115255_wg.xg
    output: vg_map/ABOFRAM000703115255_17_17.vg
    log: logs/vg/giraffe_chunk_vg_ABOFRAM000703115255_17.log
    jobid: 894
    reason: Missing output files: vg_map/ABOFRAM000703115255_17_17.vg
    wildcards: sample=ABOFRAM000703115255, chr=17
    resources: mem_mb=11444, mem_mib=7630, disk_mb=9484, disk_mib=9045, tmpdir=<TBD>, slurm_partition=workq, slurm_account=mnaji, mem=12GB, time=28800


        vg chunk -x vg_vg/ABOFRAM000703115255_wg.xg -C -p 17 > vg_map/ABOFRAM000703115255_17_17.vg
        
No wall time information given. This might or might not work on your cluster. If not, specify the resource runtime in your rule or as a reasonable default via --default-resources.
Job 894 has been submitted with SLURM jobid 11145946 (log: /work/project/CASCAD/mnaji/sm_folder/results/.snakemake/slurm_logs/rule_giraffe_chunk_vg/ABOFRAM000703115255_17/11145946.log).

[Fri Sep 20 09:48:20 2024]
rule giraffe_call:
    input: vg_map/ABOFRAM000707401531_3_3.vg, vg_map/ABOFRAM000707401531_3.pack, vg_map/ABOFRAM000707401531_pt3.snarls
    output: vg_call/ABOFRAM000707401531_3.vcf
    log: logs/vg/giraffe_call_ABOFRAM000707401531_3.log
    jobid: 978
    reason: Missing output files: vg_call/ABOFRAM000707401531_3.vcf; Input files updated by another job: vg_map/ABOFRAM000707401531_3.pack, vg_map/ABOFRAM000707401531_3_3.vg, vg_map/ABOFRAM000707401531_pt3.snarls
    wildcards: sample=ABOFRAM000707401531, chr=3
    resources: mem_mb=11444, mem_mib=954, disk_mb=1000, disk_mib=954, tmpdir=<TBD>, slurm_partition=workq, slurm_account=mnaji, mem=12GB, time=28800


        vg call vg_map/ABOFRAM000707401531_3_3.vg -k vg_map/ABOFRAM000707401531_3.pack -r vg_map/ABOFRAM000707401531_pt3.snarls -s ABOFRAM000707401531 --threads 3 > vg_call/ABOFRAM000707401531_3.vcf 
        
No wall time information given. This might or might not work on your cluster. If not, specify the resource runtime in your rule or as a reasonable default via --default-resources.
Job 978 has been submitted with SLURM jobid 11145947 (log: /work/project/CASCAD/mnaji/sm_folder/results/.snakemake/slurm_logs/rule_giraffe_call/ABOFRAM000707401531_3/11145947.log).
Select jobs to execute...
[Fri Sep 20 09:48:30 2024]
Finished job 1468.
325 of 886 steps (37%) done
Removing temporary output vg_map/ABOFRAM007401840180_8_8.vg.
Removing temporary output vg_map/ABOFRAM007401840180_8.pack.
Removing temporary output vg_map/ABOFRAM007401840180_pt8.snarls.
[Fri Sep 20 09:48:30 2024]
Finished job 1549.
326 of 886 steps (37%) done
Execute 2 jobs...

[Fri Sep 20 09:48:30 2024]
rule giraffe_chunk:
    input: vg_vg/ABOFRAM007401840180_wg.xg, vg_map/ABOFRAM007401840180.gam
    output: vg_map/ABOFRAM007401840180_1_1.gam
    log: logs/vg/giraffe_chunk_ABOFRAM007401840180_1.log
    jobid: 1433
    reason: Missing output files: vg_map/ABOFRAM007401840180_1_1.gam
    wildcards: sample=ABOFRAM007401840180, chr=1
    resources: mem_mb=28610, mem_mib=7630, disk_mb=196150, disk_mib=187064, tmpdir=<TBD>, slurm_partition=workq, slurm_account=mnaji, mem=30GB, time=28800


        vg chunk -x vg_vg/ABOFRAM007401840180_wg.xg -a vg_map/ABOFRAM007401840180.gam -C -p 1 -O pg --prefix vg_map/ABOFRAM007401840180_1 && ls -sh vg_map/ABOFRAM007401840180_1_1.gam
        
No wall time information given. This might or might not work on your cluster. If not, specify the resource runtime in your rule or as a reasonable default via --default-resources.
Job 1433 has been submitted with SLURM jobid 11145949 (log: /work/project/CASCAD/mnaji/sm_folder/results/.snakemake/slurm_logs/rule_giraffe_chunk/ABOFRAM007401840180_1/11145949.log).

[Fri Sep 20 09:48:30 2024]
rule giraffe_snarls:
    input: vg_map/ABOFRAM007401840180_24_24.vg
    output: vg_map/ABOFRAM007401840180_pt24.snarls
    log: logs/vg/giraffe_snarls_ABOFRAM007401840180_24.log
    jobid: 1552
    reason: Missing output files: vg_map/ABOFRAM007401840180_pt24.snarls; Input files updated by another job: vg_map/ABOFRAM007401840180_24_24.vg
    wildcards: sample=ABOFRAM007401840180, chr=24
    resources: mem_mb=11444, mem_mib=954, disk_mb=1000, disk_mib=954, tmpdir=<TBD>, slurm_partition=workq, slurm_account=mnaji, mem=12GB, time=28800


        vg snarls vg_map/ABOFRAM007401840180_24_24.vg > vg_map/ABOFRAM007401840180_pt24.snarls
        
No wall time information given. This might or might not work on your cluster. If not, specify the resource runtime in your rule or as a reasonable default via --default-resources.
Job 1552 has been submitted with SLURM jobid 11145950 (log: /work/project/CASCAD/mnaji/sm_folder/results/.snakemake/slurm_logs/rule_giraffe_snarls/ABOFRAM007401840180_24/11145950.log).
Select jobs to execute...
[Fri Sep 20 09:48:40 2024]
Finished job 1331.
327 of 886 steps (37%) done
Execute 1 jobs...

[Fri Sep 20 09:48:40 2024]
rule giraffe_pack:
    input: vg_map/ABOFRAM007301868101_11_11.vg, vg_map/ABOFRAM007301868101_11_11.gam
    output: vg_map/ABOFRAM007301868101_11.pack
    log: logs/vg/giraffe_pack_ABOFRAM007301868101_11.log
    jobid: 1330
    reason: Missing output files: vg_map/ABOFRAM007301868101_11.pack; Input files updated by another job: vg_map/ABOFRAM007301868101_11_11.gam, vg_map/ABOFRAM007301868101_11_11.vg
    wildcards: sample=ABOFRAM007301868101, chr=11
    threads: 3
    resources: mem_mb=14305, mem_mib=7571, disk_mb=7938, disk_mib=7571, tmpdir=<TBD>, slurm_partition=workq, slurm_account=mnaji, mem=15GB, time=28800


        vg pack -x vg_map/ABOFRAM007301868101_11_11.vg -g vg_map/ABOFRAM007301868101_11_11.gam -Q 5 --threads 3 -o vg_map/ABOFRAM007301868101_11.pack
        
No wall time information given. This might or might not work on your cluster. If not, specify the resource runtime in your rule or as a reasonable default via --default-resources.
Job 1330 has been submitted with SLURM jobid 11145951 (log: /work/project/CASCAD/mnaji/sm_folder/results/.snakemake/slurm_logs/rule_giraffe_pack/ABOFRAM007301868101_11/11145951.log).
[Fri Sep 20 09:49:10 2024]
Finished job 1551.
328 of 886 steps (37%) done
[Fri Sep 20 09:49:10 2024]
Finished job 894.
329 of 886 steps (37%) done
Select jobs to execute...
Execute 2 jobs...

[Fri Sep 20 09:49:10 2024]
rule giraffe_snarls:
    input: vg_map/ABOFRAM000703115255_17_17.vg
    output: vg_map/ABOFRAM000703115255_pt17.snarls
    log: logs/vg/giraffe_snarls_ABOFRAM000703115255_17.log
    jobid: 897
    reason: Missing output files: vg_map/ABOFRAM000703115255_pt17.snarls; Input files updated by another job: vg_map/ABOFRAM000703115255_17_17.vg
    wildcards: sample=ABOFRAM000703115255, chr=17
    resources: mem_mb=11444, mem_mib=954, disk_mb=1000, disk_mib=954, tmpdir=<TBD>, slurm_partition=workq, slurm_account=mnaji, mem=12GB, time=28800


        vg snarls vg_map/ABOFRAM000703115255_17_17.vg > vg_map/ABOFRAM000703115255_pt17.snarls
        
No wall time information given. This might or might not work on your cluster. If not, specify the resource runtime in your rule or as a reasonable default via --default-resources.
Job 897 has been submitted with SLURM jobid 11145952 (log: /work/project/CASCAD/mnaji/sm_folder/results/.snakemake/slurm_logs/rule_giraffe_snarls/ABOFRAM000703115255_17/11145952.log).

[Fri Sep 20 09:49:11 2024]
rule giraffe_pack:
    input: vg_map/ABOFRAM007401840180_24_24.vg, vg_map/ABOFRAM007401840180_24_24.gam
    output: vg_map/ABOFRAM007401840180_24.pack
    log: logs/vg/giraffe_pack_ABOFRAM007401840180_24.log
    jobid: 1550
    reason: Missing output files: vg_map/ABOFRAM007401840180_24.pack; Input files updated by another job: vg_map/ABOFRAM007401840180_24_24.vg, vg_map/ABOFRAM007401840180_24_24.gam
    wildcards: sample=ABOFRAM007401840180, chr=24
    threads: 3
    resources: mem_mb=14305, mem_mib=3863, disk_mb=4050, disk_mib=3863, tmpdir=<TBD>, slurm_partition=workq, slurm_account=mnaji, mem=15GB, time=28800


        vg pack -x vg_map/ABOFRAM007401840180_24_24.vg -g vg_map/ABOFRAM007401840180_24_24.gam -Q 5 --threads 3 -o vg_map/ABOFRAM007401840180_24.pack
        
No wall time information given. This might or might not work on your cluster. If not, specify the resource runtime in your rule or as a reasonable default via --default-resources.
Job 1550 has been submitted with SLURM jobid 11145953 (log: /work/project/CASCAD/mnaji/sm_folder/results/.snakemake/slurm_logs/rule_giraffe_pack/ABOFRAM007401840180_24/11145953.log).
Select jobs to execute...
[Fri Sep 20 09:49:20 2024]
Finished job 1226.
330 of 886 steps (37%) done
[Fri Sep 20 09:49:20 2024]
Finished job 1451.
331 of 886 steps (37%) done
[Fri Sep 20 09:49:20 2024]
Finished job 1418.
332 of 886 steps (37%) done
Removing temporary output vg_map/ABOFRAM007301868101_29_29.vg.
Removing temporary output vg_map/ABOFRAM007301868101_29.pack.
Removing temporary output vg_map/ABOFRAM007301868101_pt29.snarls.
[Fri Sep 20 09:49:20 2024]
Finished job 1314.
333 of 886 steps (38%) done
[Fri Sep 20 09:49:20 2024]
Finished job 1552.
334 of 886 steps (38%) done
Execute 5 jobs...

[Fri Sep 20 09:49:20 2024]
rule giraffe_snarls:
    input: vg_map/ABOFRAM007301868101_8_8.vg
    output: vg_map/ABOFRAM007301868101_pt8.snarls
    log: logs/vg/giraffe_snarls_ABOFRAM007301868101_8.log
    jobid: 1317
    reason: Missing output files: vg_map/ABOFRAM007301868101_pt8.snarls; Input files updated by another job: vg_map/ABOFRAM007301868101_8_8.vg
    wildcards: sample=ABOFRAM007301868101, chr=8
    resources: mem_mb=11444, mem_mib=954, disk_mb=1000, disk_mib=954, tmpdir=<TBD>, slurm_partition=workq, slurm_account=mnaji, mem=12GB, time=28800


        vg snarls vg_map/ABOFRAM007301868101_8_8.vg > vg_map/ABOFRAM007301868101_pt8.snarls
        
No wall time information given. This might or might not work on your cluster. If not, specify the resource runtime in your rule or as a reasonable default via --default-resources.
Job 1317 has been submitted with SLURM jobid 11145980 (log: /work/project/CASCAD/mnaji/sm_folder/results/.snakemake/slurm_logs/rule_giraffe_snarls/ABOFRAM007301868101_8/11145980.log).

[Fri Sep 20 09:49:21 2024]
rule giraffe_chunk_vg:
    input: vg_vg/ABOFRAM007301868101_wg.xg
    output: vg_map/ABOFRAM007301868101_14_14.vg
    log: logs/vg/giraffe_chunk_vg_ABOFRAM007301868101_14.log
    jobid: 1344
    reason: Missing output files: vg_map/ABOFRAM007301868101_14_14.vg
    wildcards: sample=ABOFRAM007301868101, chr=14
    resources: mem_mb=11444, mem_mib=7630, disk_mb=9481, disk_mib=9042, tmpdir=<TBD>, slurm_partition=workq, slurm_account=mnaji, mem=12GB, time=28800


        vg chunk -x vg_vg/ABOFRAM007301868101_wg.xg -C -p 14 > vg_map/ABOFRAM007301868101_14_14.vg
        
No wall time information given. This might or might not work on your cluster. If not, specify the resource runtime in your rule or as a reasonable default via --default-resources.
Job 1344 has been submitted with SLURM jobid 11145981 (log: /work/project/CASCAD/mnaji/sm_folder/results/.snakemake/slurm_logs/rule_giraffe_chunk_vg/ABOFRAM007301868101_14/11145981.log).

[Fri Sep 20 09:49:21 2024]
rule giraffe_chunk:
    input: vg_vg/ABOFRAM000707401531_wg.xg, vg_map/ABOFRAM000707401531.gam
    output: vg_map/ABOFRAM000707401531_24_24.gam
    log: logs/vg/giraffe_chunk_ABOFRAM000707401531_24.log
    jobid: 1086
    reason: Missing output files: vg_map/ABOFRAM000707401531_24_24.gam
    wildcards: sample=ABOFRAM000707401531, chr=24
    resources: mem_mb=28610, mem_mib=7630, disk_mb=202240, disk_mib=192872, tmpdir=<TBD>, slurm_partition=workq, slurm_account=mnaji, mem=30GB, time=28800


        vg chunk -x vg_vg/ABOFRAM000707401531_wg.xg -a vg_map/ABOFRAM000707401531.gam -C -p 24 -O pg --prefix vg_map/ABOFRAM000707401531_24 && ls -sh vg_map/ABOFRAM000707401531_24_24.gam
        
No wall time information given. This might or might not work on your cluster. If not, specify the resource runtime in your rule or as a reasonable default via --default-resources.
Job 1086 has been submitted with SLURM jobid 11145982 (log: /work/project/CASCAD/mnaji/sm_folder/results/.snakemake/slurm_logs/rule_giraffe_chunk/ABOFRAM000707401531_24/11145982.log).

[Fri Sep 20 09:49:21 2024]
rule giraffe_chunk_vg:
    input: vg_vg/ABOFRAM000707401531_wg.xg
    output: vg_map/ABOFRAM000707401531_28_28.vg
    log: logs/vg/giraffe_chunk_vg_ABOFRAM000707401531_28.log
    jobid: 1104
    reason: Missing output files: vg_map/ABOFRAM000707401531_28_28.vg
    wildcards: sample=ABOFRAM000707401531, chr=28
    resources: mem_mb=11444, mem_mib=7630, disk_mb=9481, disk_mib=9042, tmpdir=<TBD>, slurm_partition=workq, slurm_account=mnaji, mem=12GB, time=28800


        vg chunk -x vg_vg/ABOFRAM000707401531_wg.xg -C -p 28 > vg_map/ABOFRAM000707401531_28_28.vg
        
No wall time information given. This might or might not work on your cluster. If not, specify the resource runtime in your rule or as a reasonable default via --default-resources.
Job 1104 has been submitted with SLURM jobid 11145983 (log: /work/project/CASCAD/mnaji/sm_folder/results/.snakemake/slurm_logs/rule_giraffe_chunk_vg/ABOFRAM000707401531_28/11145983.log).

[Fri Sep 20 09:49:21 2024]
rule giraffe_pack:
    input: vg_map/ABOFRAM007401840180_4_4.vg, vg_map/ABOFRAM007401840180_4_4.gam
    output: vg_map/ABOFRAM007401840180_4.pack
    log: logs/vg/giraffe_pack_ABOFRAM007401840180_4.log
    jobid: 1450
    reason: Missing output files: vg_map/ABOFRAM007401840180_4.pack; Input files updated by another job: vg_map/ABOFRAM007401840180_4_4.gam, vg_map/ABOFRAM007401840180_4_4.vg
    wildcards: sample=ABOFRAM007401840180, chr=4
    threads: 3
    resources: mem_mb=14305, mem_mib=7630, disk_mb=10087, disk_mib=9620, tmpdir=<TBD>, slurm_partition=workq, slurm_account=mnaji, mem=15GB, time=28800


        vg pack -x vg_map/ABOFRAM007401840180_4_4.vg -g vg_map/ABOFRAM007401840180_4_4.gam -Q 5 --threads 3 -o vg_map/ABOFRAM007401840180_4.pack
        
No wall time information given. This might or might not work on your cluster. If not, specify the resource runtime in your rule or as a reasonable default via --default-resources.
Job 1450 has been submitted with SLURM jobid 11145984 (log: /work/project/CASCAD/mnaji/sm_folder/results/.snakemake/slurm_logs/rule_giraffe_pack/ABOFRAM007401840180_4/11145984.log).
Select jobs to execute...
[Fri Sep 20 09:49:30 2024]
Finished job 1316.
335 of 886 steps (38%) done
[Fri Sep 20 09:49:30 2024]
Finished job 1578.
336 of 886 steps (38%) done
Removing temporary output vg_map/ABOFRAM007401840180_X_X.vg.
Removing temporary output vg_map/ABOFRAM007401840180_X.pack.
Removing temporary output vg_map/ABOFRAM007401840180_ptX.snarls.
[Fri Sep 20 09:49:30 2024]
Finished job 1100.
337 of 886 steps (38%) done
Removing temporary output vg_map/ABOFRAM000707401531_27_27.gam.
Execute 3 jobs...

[Fri Sep 20 09:49:31 2024]
rule giraffe_chunk:
    input: vg_vg/ABOFRAM000709524730_wg.xg, vg_map/ABOFRAM000709524730.gam
    output: vg_map/ABOFRAM000709524730_22_22.gam
    log: logs/vg/giraffe_chunk_ABOFRAM000709524730_22.log
    jobid: 1231
    reason: Missing output files: vg_map/ABOFRAM000709524730_22_22.gam
    wildcards: sample=ABOFRAM000709524730, chr=22
    resources: mem_mb=28610, mem_mib=7630, disk_mb=246756, disk_mib=235325, tmpdir=<TBD>, slurm_partition=workq, slurm_account=mnaji, mem=30GB, time=28800


        vg chunk -x vg_vg/ABOFRAM000709524730_wg.xg -a vg_map/ABOFRAM000709524730.gam -C -p 22 -O pg --prefix vg_map/ABOFRAM000709524730_22 && ls -sh vg_map/ABOFRAM000709524730_22_22.gam
        
No wall time information given. This might or might not work on your cluster. If not, specify the resource runtime in your rule or as a reasonable default via --default-resources.
Job 1231 has been submitted with SLURM jobid 11145985 (log: /work/project/CASCAD/mnaji/sm_folder/results/.snakemake/slurm_logs/rule_giraffe_chunk/ABOFRAM000709524730_22/11145985.log).

[Fri Sep 20 09:49:31 2024]
rule giraffe_pack:
    input: vg_map/ABOFRAM007301868101_8_8.vg, vg_map/ABOFRAM007301868101_8_8.gam
    output: vg_map/ABOFRAM007301868101_8.pack
    log: logs/vg/giraffe_pack_ABOFRAM007301868101_8.log
    jobid: 1315
    reason: Missing output files: vg_map/ABOFRAM007301868101_8.pack; Input files updated by another job: vg_map/ABOFRAM007301868101_8_8.gam, vg_map/ABOFRAM007301868101_8_8.vg
    wildcards: sample=ABOFRAM007301868101, chr=8
    threads: 3
    resources: mem_mb=14305, mem_mib=7630, disk_mb=8860, disk_mib=8450, tmpdir=<TBD>, slurm_partition=workq, slurm_account=mnaji, mem=15GB, time=28800


        vg pack -x vg_map/ABOFRAM007301868101_8_8.vg -g vg_map/ABOFRAM007301868101_8_8.gam -Q 5 --threads 3 -o vg_map/ABOFRAM007301868101_8.pack
        
No wall time information given. This might or might not work on your cluster. If not, specify the resource runtime in your rule or as a reasonable default via --default-resources.
Job 1315 has been submitted with SLURM jobid 11145986 (log: /work/project/CASCAD/mnaji/sm_folder/results/.snakemake/slurm_logs/rule_giraffe_pack/ABOFRAM007301868101_8/11145986.log).

[Fri Sep 20 09:49:31 2024]
rule giraffe_call:
    input: vg_map/ABOFRAM000707401531_27_27.vg, vg_map/ABOFRAM000707401531_27.pack, vg_map/ABOFRAM000707401531_pt27.snarls
    output: vg_call/ABOFRAM000707401531_27.vcf
    log: logs/vg/giraffe_call_ABOFRAM000707401531_27.log
    jobid: 1098
    reason: Missing output files: vg_call/ABOFRAM000707401531_27.vcf; Input files updated by another job: vg_map/ABOFRAM000707401531_27_27.vg, vg_map/ABOFRAM000707401531_pt27.snarls, vg_map/ABOFRAM000707401531_27.pack
    wildcards: sample=ABOFRAM000707401531, chr=27
    resources: mem_mb=11444, mem_mib=954, disk_mb=1000, disk_mib=954, tmpdir=<TBD>, slurm_partition=workq, slurm_account=mnaji, mem=12GB, time=28800


        vg call vg_map/ABOFRAM000707401531_27_27.vg -k vg_map/ABOFRAM000707401531_27.pack -r vg_map/ABOFRAM000707401531_pt27.snarls -s ABOFRAM000707401531 --threads 3 > vg_call/ABOFRAM000707401531_27.vcf 
        
No wall time information given. This might or might not work on your cluster. If not, specify the resource runtime in your rule or as a reasonable default via --default-resources.
Job 1098 has been submitted with SLURM jobid 11145987 (log: /work/project/CASCAD/mnaji/sm_folder/results/.snakemake/slurm_logs/rule_giraffe_call/ABOFRAM000707401531_27/11145987.log).
Select jobs to execute...
[Fri Sep 20 09:49:40 2024]
Finished job 1113.
338 of 886 steps (38%) done
Removing temporary output vg_map/ABOFRAM000707401531_X_X.vg.
Removing temporary output vg_map/ABOFRAM000707401531_X.pack.
Removing temporary output vg_map/ABOFRAM000707401531_ptX.snarls.
[Fri Sep 20 09:49:41 2024]
Finished job 1423.
339 of 886 steps (38%) done
Removing temporary output vg_map/ABOFRAM007301868101_X_X.vg.
Removing temporary output vg_map/ABOFRAM007301868101_X.pack.
Removing temporary output vg_map/ABOFRAM007301868101_ptX.snarls.
Execute 2 jobs...

[Fri Sep 20 09:49:41 2024]
rule giraffe_chunk_vg:
    input: vg_vg/ABOFRAM007301868101_wg.xg
    output: vg_map/ABOFRAM007301868101_28_28.vg
    log: logs/vg/giraffe_chunk_vg_ABOFRAM007301868101_28.log
    jobid: 1414
    reason: Missing output files: vg_map/ABOFRAM007301868101_28_28.vg
    wildcards: sample=ABOFRAM007301868101, chr=28
    resources: mem_mb=11444, mem_mib=7630, disk_mb=9481, disk_mib=9042, tmpdir=<TBD>, slurm_partition=workq, slurm_account=mnaji, mem=12GB, time=28800


        vg chunk -x vg_vg/ABOFRAM007301868101_wg.xg -C -p 28 > vg_map/ABOFRAM007301868101_28_28.vg
        
No wall time information given. This might or might not work on your cluster. If not, specify the resource runtime in your rule or as a reasonable default via --default-resources.
Job 1414 has been submitted with SLURM jobid 11145988 (log: /work/project/CASCAD/mnaji/sm_folder/results/.snakemake/slurm_logs/rule_giraffe_chunk_vg/ABOFRAM007301868101_28/11145988.log).

[Fri Sep 20 09:49:41 2024]
rule giraffe_chunk_vg:
    input: vg_vg/ABOFRAM000709524730_wg.xg
    output: vg_map/ABOFRAM000709524730_5_5.vg
    log: logs/vg/giraffe_chunk_vg_ABOFRAM000709524730_5.log
    jobid: 1144
    reason: Missing output files: vg_map/ABOFRAM000709524730_5_5.vg
    wildcards: sample=ABOFRAM000709524730, chr=5
    resources: mem_mb=11444, mem_mib=7630, disk_mb=9485, disk_mib=9046, tmpdir=<TBD>, slurm_partition=workq, slurm_account=mnaji, mem=12GB, time=28800


        vg chunk -x vg_vg/ABOFRAM000709524730_wg.xg -C -p 5 > vg_map/ABOFRAM000709524730_5_5.vg
        
No wall time information given. This might or might not work on your cluster. If not, specify the resource runtime in your rule or as a reasonable default via --default-resources.
Job 1144 has been submitted with SLURM jobid 11145989 (log: /work/project/CASCAD/mnaji/sm_folder/results/.snakemake/slurm_logs/rule_giraffe_chunk_vg/ABOFRAM000709524730_5/11145989.log).
Select jobs to execute...
[Fri Sep 20 09:49:51 2024]
Finished job 1051.
340 of 886 steps (38%) done
[Fri Sep 20 09:49:51 2024]
Finished job 1520.
341 of 886 steps (38%) done
Removing temporary output vg_map/ABOFRAM007401840180_18_18.gam.
[Fri Sep 20 09:49:51 2024]
Finished job 1363.
342 of 886 steps (39%) done
Removing temporary output vg_map/ABOFRAM007301868101_18_18.vg.
Removing temporary output vg_map/ABOFRAM007301868101_18.pack.
Removing temporary output vg_map/ABOFRAM007301868101_pt18.snarls.
Execute 3 jobs...

[Fri Sep 20 09:49:51 2024]
rule giraffe_chunk:
    input: vg_vg/ABOFRAM007301868101_wg.xg, vg_map/ABOFRAM007301868101.gam
    output: vg_map/ABOFRAM007301868101_20_20.gam
    log: logs/vg/giraffe_chunk_ABOFRAM007301868101_20.log
    jobid: 1376
    reason: Missing output files: vg_map/ABOFRAM007301868101_20_20.gam
    wildcards: sample=ABOFRAM007301868101, chr=20
    resources: mem_mb=28610, mem_mib=7630, disk_mb=185244, disk_mib=176663, tmpdir=<TBD>, slurm_partition=workq, slurm_account=mnaji, mem=30GB, time=28800


        vg chunk -x vg_vg/ABOFRAM007301868101_wg.xg -a vg_map/ABOFRAM007301868101.gam -C -p 20 -O pg --prefix vg_map/ABOFRAM007301868101_20 && ls -sh vg_map/ABOFRAM007301868101_20_20.gam
        
No wall time information given. This might or might not work on your cluster. If not, specify the resource runtime in your rule or as a reasonable default via --default-resources.
Job 1376 has been submitted with SLURM jobid 11145990 (log: /work/project/CASCAD/mnaji/sm_folder/results/.snakemake/slurm_logs/rule_giraffe_chunk/ABOFRAM007301868101_20/11145990.log).

[Fri Sep 20 09:49:51 2024]
rule giraffe_pack:
    input: vg_map/ABOFRAM000707401531_17_17.vg, vg_map/ABOFRAM000707401531_17_17.gam
    output: vg_map/ABOFRAM000707401531_17.pack
    log: logs/vg/giraffe_pack_ABOFRAM000707401531_17.log
    jobid: 1050
    reason: Missing output files: vg_map/ABOFRAM000707401531_17.pack; Input files updated by another job: vg_map/ABOFRAM000707401531_17_17.gam, vg_map/ABOFRAM000707401531_17_17.vg
    wildcards: sample=ABOFRAM000707401531, chr=17
    threads: 3
    resources: mem_mb=14305, mem_mib=7314, disk_mb=7669, disk_mib=7314, tmpdir=<TBD>, slurm_partition=workq, slurm_account=mnaji, mem=15GB, time=28800


        vg pack -x vg_map/ABOFRAM000707401531_17_17.vg -g vg_map/ABOFRAM000707401531_17_17.gam -Q 5 --threads 3 -o vg_map/ABOFRAM000707401531_17.pack
        
No wall time information given. This might or might not work on your cluster. If not, specify the resource runtime in your rule or as a reasonable default via --default-resources.
Job 1050 has been submitted with SLURM jobid 11145991 (log: /work/project/CASCAD/mnaji/sm_folder/results/.snakemake/slurm_logs/rule_giraffe_pack/ABOFRAM000707401531_17/11145991.log).

[Fri Sep 20 09:49:51 2024]
rule giraffe_call:
    input: vg_map/ABOFRAM007401840180_18_18.vg, vg_map/ABOFRAM007401840180_18.pack, vg_map/ABOFRAM007401840180_pt18.snarls
    output: vg_call/ABOFRAM007401840180_18.vcf
    log: logs/vg/giraffe_call_ABOFRAM007401840180_18.log
    jobid: 1518
    reason: Missing output files: vg_call/ABOFRAM007401840180_18.vcf; Input files updated by another job: vg_map/ABOFRAM007401840180_18_18.vg, vg_map/ABOFRAM007401840180_pt18.snarls, vg_map/ABOFRAM007401840180_18.pack
    wildcards: sample=ABOFRAM007401840180, chr=18
    resources: mem_mb=11444, mem_mib=954, disk_mb=1000, disk_mib=954, tmpdir=<TBD>, slurm_partition=workq, slurm_account=mnaji, mem=12GB, time=28800


        vg call vg_map/ABOFRAM007401840180_18_18.vg -k vg_map/ABOFRAM007401840180_18.pack -r vg_map/ABOFRAM007401840180_pt18.snarls -s ABOFRAM007401840180 --threads 3 > vg_call/ABOFRAM007401840180_18.vcf 
        
No wall time information given. This might or might not work on your cluster. If not, specify the resource runtime in your rule or as a reasonable default via --default-resources.
Job 1518 has been submitted with SLURM jobid 11145992 (log: /work/project/CASCAD/mnaji/sm_folder/results/.snakemake/slurm_logs/rule_giraffe_call/ABOFRAM007401840180_18/11145992.log).
Select jobs to execute...
[Fri Sep 20 09:50:01 2024]
Finished job 1243.
343 of 886 steps (39%) done
Removing temporary output vg_map/ABOFRAM000709524730_25_25.vg.
Removing temporary output vg_map/ABOFRAM000709524730_25.pack.
Removing temporary output vg_map/ABOFRAM000709524730_pt25.snarls.
[Fri Sep 20 09:50:01 2024]
Finished job 1104.
344 of 886 steps (39%) done
Execute 2 jobs...

[Fri Sep 20 09:50:01 2024]
rule giraffe_snarls:
    input: vg_map/ABOFRAM000707401531_28_28.vg
    output: vg_map/ABOFRAM000707401531_pt28.snarls
    log: logs/vg/giraffe_snarls_ABOFRAM000707401531_28.log
    jobid: 1107
    reason: Missing output files: vg_map/ABOFRAM000707401531_pt28.snarls; Input files updated by another job: vg_map/ABOFRAM000707401531_28_28.vg
    wildcards: sample=ABOFRAM000707401531, chr=28
    resources: mem_mb=11444, mem_mib=954, disk_mb=1000, disk_mib=954, tmpdir=<TBD>, slurm_partition=workq, slurm_account=mnaji, mem=12GB, time=28800


        vg snarls vg_map/ABOFRAM000707401531_28_28.vg > vg_map/ABOFRAM000707401531_pt28.snarls
        
No wall time information given. This might or might not work on your cluster. If not, specify the resource runtime in your rule or as a reasonable default via --default-resources.
Job 1107 has been submitted with SLURM jobid 11145993 (log: /work/project/CASCAD/mnaji/sm_folder/results/.snakemake/slurm_logs/rule_giraffe_snarls/ABOFRAM000707401531_28/11145993.log).

[Fri Sep 20 09:50:01 2024]
rule giraffe_pack:
    input: vg_map/ABOFRAM000707401531_28_28.vg, vg_map/ABOFRAM000707401531_28_28.gam
    output: vg_map/ABOFRAM000707401531_28.pack
    log: logs/vg/giraffe_pack_ABOFRAM000707401531_28.log
    jobid: 1105
    reason: Missing output files: vg_map/ABOFRAM000707401531_28.pack; Input files updated by another job: vg_map/ABOFRAM000707401531_28_28.vg, vg_map/ABOFRAM000707401531_28_28.gam
    wildcards: sample=ABOFRAM000707401531, chr=28
    threads: 3
    resources: mem_mb=14305, mem_mib=3463, disk_mb=3631, disk_mib=3463, tmpdir=<TBD>, slurm_partition=workq, slurm_account=mnaji, mem=15GB, time=28800


        vg pack -x vg_map/ABOFRAM000707401531_28_28.vg -g vg_map/ABOFRAM000707401531_28_28.gam -Q 5 --threads 3 -o vg_map/ABOFRAM000707401531_28.pack
        
No wall time information given. This might or might not work on your cluster. If not, specify the resource runtime in your rule or as a reasonable default via --default-resources.
Job 1105 has been submitted with SLURM jobid 11145994 (log: /work/project/CASCAD/mnaji/sm_folder/results/.snakemake/slurm_logs/rule_giraffe_pack/ABOFRAM000707401531_28/11145994.log).
Select jobs to execute...
[Fri Sep 20 09:50:11 2024]
Finished job 1191.
345 of 886 steps (39%) done
[Fri Sep 20 09:50:11 2024]
Finished job 1288.
346 of 886 steps (39%) done
Removing temporary output vg_map/ABOFRAM007301868101_3_3.vg.
Removing temporary output vg_map/ABOFRAM007301868101_3.pack.
Removing temporary output vg_map/ABOFRAM007301868101_pt3.snarls.
[Fri Sep 20 09:50:11 2024]
Finished job 897.
347 of 886 steps (39%) done
Execute 3 jobs...

[Fri Sep 20 09:50:11 2024]
rule giraffe_chunk:
    input: vg_vg/ABOFRAM000703115255_wg.xg, vg_map/ABOFRAM000703115255.gam
    output: vg_map/ABOFRAM000703115255_17_17.gam
    log: logs/vg/giraffe_chunk_ABOFRAM000703115255_17.log
    jobid: 896
    reason: Missing output files: vg_map/ABOFRAM000703115255_17_17.gam
    wildcards: sample=ABOFRAM000703115255, chr=17
    resources: mem_mb=28610, mem_mib=7630, disk_mb=273960, disk_mib=261269, tmpdir=<TBD>, slurm_partition=workq, slurm_account=mnaji, mem=30GB, time=28800


        vg chunk -x vg_vg/ABOFRAM000703115255_wg.xg -a vg_map/ABOFRAM000703115255.gam -C -p 17 -O pg --prefix vg_map/ABOFRAM000703115255_17 && ls -sh vg_map/ABOFRAM000703115255_17_17.gam
        
No wall time information given. This might or might not work on your cluster. If not, specify the resource runtime in your rule or as a reasonable default via --default-resources.
Job 896 has been submitted with SLURM jobid 11145995 (log: /work/project/CASCAD/mnaji/sm_folder/results/.snakemake/slurm_logs/rule_giraffe_chunk/ABOFRAM000703115255_17/11145995.log).

[Fri Sep 20 09:50:11 2024]
rule giraffe_chunk:
    input: vg_vg/ABOFRAM000709524730_wg.xg, vg_map/ABOFRAM000709524730.gam
    output: vg_map/ABOFRAM000709524730_9_9.gam
    log: logs/vg/giraffe_chunk_ABOFRAM000709524730_9.log
    jobid: 1166
    reason: Missing output files: vg_map/ABOFRAM000709524730_9_9.gam
    wildcards: sample=ABOFRAM000709524730, chr=9
    resources: mem_mb=28610, mem_mib=7630, disk_mb=246756, disk_mib=235325, tmpdir=<TBD>, slurm_partition=workq, slurm_account=mnaji, mem=30GB, time=28800


        vg chunk -x vg_vg/ABOFRAM000709524730_wg.xg -a vg_map/ABOFRAM000709524730.gam -C -p 9 -O pg --prefix vg_map/ABOFRAM000709524730_9 && ls -sh vg_map/ABOFRAM000709524730_9_9.gam
        
No wall time information given. This might or might not work on your cluster. If not, specify the resource runtime in your rule or as a reasonable default via --default-resources.
Job 1166 has been submitted with SLURM jobid 11145996 (log: /work/project/CASCAD/mnaji/sm_folder/results/.snakemake/slurm_logs/rule_giraffe_chunk/ABOFRAM000709524730_9/11145996.log).

[Fri Sep 20 09:50:11 2024]
rule giraffe_chunk:
    input: vg_vg/ABOFRAM000707401531_wg.xg, vg_map/ABOFRAM000707401531.gam
    output: vg_map/ABOFRAM000707401531_19_19.gam
    log: logs/vg/giraffe_chunk_ABOFRAM000707401531_19.log
    jobid: 1061
    reason: Missing output files: vg_map/ABOFRAM000707401531_19_19.gam
    wildcards: sample=ABOFRAM000707401531, chr=19
    resources: mem_mb=28610, mem_mib=7630, disk_mb=202240, disk_mib=192872, tmpdir=<TBD>, slurm_partition=workq, slurm_account=mnaji, mem=30GB, time=28800


        vg chunk -x vg_vg/ABOFRAM000707401531_wg.xg -a vg_map/ABOFRAM000707401531.gam -C -p 19 -O pg --prefix vg_map/ABOFRAM000707401531_19 && ls -sh vg_map/ABOFRAM000707401531_19_19.gam
        
No wall time information given. This might or might not work on your cluster. If not, specify the resource runtime in your rule or as a reasonable default via --default-resources.
Job 1061 has been submitted with SLURM jobid 11145997 (log: /work/project/CASCAD/mnaji/sm_folder/results/.snakemake/slurm_logs/rule_giraffe_chunk/ABOFRAM000707401531_19/11145997.log).
Select jobs to execute...
[Fri Sep 20 09:50:21 2024]
Finished job 1310.
348 of 886 steps (39%) done
Removing temporary output vg_map/ABOFRAM007301868101_7_7.gam.
[Fri Sep 20 09:50:21 2024]
Finished job 1515.
349 of 886 steps (39%) done
Removing temporary output vg_map/ABOFRAM007401840180_17_17.gam.
[Fri Sep 20 09:50:21 2024]
Finished job 1414.
350 of 886 steps (40%) done
Execute 3 jobs...

[Fri Sep 20 09:50:21 2024]
rule giraffe_call:
    input: vg_map/ABOFRAM007301868101_7_7.vg, vg_map/ABOFRAM007301868101_7.pack, vg_map/ABOFRAM007301868101_pt7.snarls
    output: vg_call/ABOFRAM007301868101_7.vcf
    log: logs/vg/giraffe_call_ABOFRAM007301868101_7.log
    jobid: 1308
    reason: Missing output files: vg_call/ABOFRAM007301868101_7.vcf; Input files updated by another job: vg_map/ABOFRAM007301868101_7_7.vg, vg_map/ABOFRAM007301868101_pt7.snarls, vg_map/ABOFRAM007301868101_7.pack
    wildcards: sample=ABOFRAM007301868101, chr=7
    resources: mem_mb=11444, mem_mib=954, disk_mb=1000, disk_mib=954, tmpdir=<TBD>, slurm_partition=workq, slurm_account=mnaji, mem=12GB, time=28800


        vg call vg_map/ABOFRAM007301868101_7_7.vg -k vg_map/ABOFRAM007301868101_7.pack -r vg_map/ABOFRAM007301868101_pt7.snarls -s ABOFRAM007301868101 --threads 3 > vg_call/ABOFRAM007301868101_7.vcf 
        
No wall time information given. This might or might not work on your cluster. If not, specify the resource runtime in your rule or as a reasonable default via --default-resources.
Job 1308 has been submitted with SLURM jobid 11145998 (log: /work/project/CASCAD/mnaji/sm_folder/results/.snakemake/slurm_logs/rule_giraffe_call/ABOFRAM007301868101_7/11145998.log).

[Fri Sep 20 09:50:21 2024]
rule giraffe_pack:
    input: vg_map/ABOFRAM007301868101_28_28.vg, vg_map/ABOFRAM007301868101_28_28.gam
    output: vg_map/ABOFRAM007301868101_28.pack
    log: logs/vg/giraffe_pack_ABOFRAM007301868101_28.log
    jobid: 1415
    reason: Missing output files: vg_map/ABOFRAM007301868101_28.pack; Input files updated by another job: vg_map/ABOFRAM007301868101_28_28.gam, vg_map/ABOFRAM007301868101_28_28.vg
    wildcards: sample=ABOFRAM007301868101, chr=28
    threads: 3
    resources: mem_mb=14305, mem_mib=3256, disk_mb=3414, disk_mib=3256, tmpdir=<TBD>, slurm_partition=workq, slurm_account=mnaji, mem=15GB, time=28800


        vg pack -x vg_map/ABOFRAM007301868101_28_28.vg -g vg_map/ABOFRAM007301868101_28_28.gam -Q 5 --threads 3 -o vg_map/ABOFRAM007301868101_28.pack
        
No wall time information given. This might or might not work on your cluster. If not, specify the resource runtime in your rule or as a reasonable default via --default-resources.
Job 1415 has been submitted with SLURM jobid 11145999 (log: /work/project/CASCAD/mnaji/sm_folder/results/.snakemake/slurm_logs/rule_giraffe_pack/ABOFRAM007301868101_28/11145999.log).

[Fri Sep 20 09:50:21 2024]
rule giraffe_call:
    input: vg_map/ABOFRAM007401840180_17_17.vg, vg_map/ABOFRAM007401840180_17.pack, vg_map/ABOFRAM007401840180_pt17.snarls
    output: vg_call/ABOFRAM007401840180_17.vcf
    log: logs/vg/giraffe_call_ABOFRAM007401840180_17.log
    jobid: 1513
    reason: Missing output files: vg_call/ABOFRAM007401840180_17.vcf; Input files updated by another job: vg_map/ABOFRAM007401840180_17_17.vg, vg_map/ABOFRAM007401840180_pt17.snarls, vg_map/ABOFRAM007401840180_17.pack
    wildcards: sample=ABOFRAM007401840180, chr=17
    resources: mem_mb=11444, mem_mib=954, disk_mb=1000, disk_mib=954, tmpdir=<TBD>, slurm_partition=workq, slurm_account=mnaji, mem=12GB, time=28800


        vg call vg_map/ABOFRAM007401840180_17_17.vg -k vg_map/ABOFRAM007401840180_17.pack -r vg_map/ABOFRAM007401840180_pt17.snarls -s ABOFRAM007401840180 --threads 3 > vg_call/ABOFRAM007401840180_17.vcf 
        
No wall time information given. This might or might not work on your cluster. If not, specify the resource runtime in your rule or as a reasonable default via --default-resources.
Job 1513 has been submitted with SLURM jobid 11146000 (log: /work/project/CASCAD/mnaji/sm_folder/results/.snakemake/slurm_logs/rule_giraffe_call/ABOFRAM007401840180_17/11146000.log).
Select jobs to execute...
[Fri Sep 20 09:50:31 2024]
Finished job 1144.
351 of 886 steps (40%) done
Execute 1 jobs...

[Fri Sep 20 09:50:31 2024]
rule giraffe_snarls:
    input: vg_map/ABOFRAM000709524730_5_5.vg
    output: vg_map/ABOFRAM000709524730_pt5.snarls
    log: logs/vg/giraffe_snarls_ABOFRAM000709524730_5.log
    jobid: 1147
    reason: Missing output files: vg_map/ABOFRAM000709524730_pt5.snarls; Input files updated by another job: vg_map/ABOFRAM000709524730_5_5.vg
    wildcards: sample=ABOFRAM000709524730, chr=5
    resources: mem_mb=11444, mem_mib=954, disk_mb=1000, disk_mib=954, tmpdir=<TBD>, slurm_partition=workq, slurm_account=mnaji, mem=12GB, time=28800


        vg snarls vg_map/ABOFRAM000709524730_5_5.vg > vg_map/ABOFRAM000709524730_pt5.snarls
        
No wall time information given. This might or might not work on your cluster. If not, specify the resource runtime in your rule or as a reasonable default via --default-resources.
Job 1147 has been submitted with SLURM jobid 11146002 (log: /work/project/CASCAD/mnaji/sm_folder/results/.snakemake/slurm_logs/rule_giraffe_snarls/ABOFRAM000709524730_5/11146002.log).
[Fri Sep 20 09:50:41 2024]
Finished job 1550.
352 of 886 steps (40%) done
Removing temporary output vg_map/ABOFRAM007401840180_24_24.gam.
Select jobs to execute...
Execute 1 jobs...

[Fri Sep 20 09:50:41 2024]
rule giraffe_call:
    input: vg_map/ABOFRAM007401840180_24_24.vg, vg_map/ABOFRAM007401840180_24.pack, vg_map/ABOFRAM007401840180_pt24.snarls
    output: vg_call/ABOFRAM007401840180_24.vcf
    log: logs/vg/giraffe_call_ABOFRAM007401840180_24.log
    jobid: 1548
    reason: Missing output files: vg_call/ABOFRAM007401840180_24.vcf; Input files updated by another job: vg_map/ABOFRAM007401840180_24_24.vg, vg_map/ABOFRAM007401840180_pt24.snarls, vg_map/ABOFRAM007401840180_24.pack
    wildcards: sample=ABOFRAM007401840180, chr=24
    resources: mem_mb=11444, mem_mib=954, disk_mb=1000, disk_mib=954, tmpdir=<TBD>, slurm_partition=workq, slurm_account=mnaji, mem=12GB, time=28800


        vg call vg_map/ABOFRAM007401840180_24_24.vg -k vg_map/ABOFRAM007401840180_24.pack -r vg_map/ABOFRAM007401840180_pt24.snarls -s ABOFRAM007401840180 --threads 3 > vg_call/ABOFRAM007401840180_24.vcf 
        
No wall time information given. This might or might not work on your cluster. If not, specify the resource runtime in your rule or as a reasonable default via --default-resources.
Job 1548 has been submitted with SLURM jobid 11146004 (log: /work/project/CASCAD/mnaji/sm_folder/results/.snakemake/slurm_logs/rule_giraffe_call/ABOFRAM007401840180_24/11146004.log).
[Fri Sep 20 09:50:51 2024]
Finished job 1456.
353 of 886 steps (40%) done
[Fri Sep 20 09:50:51 2024]
Finished job 1317.
354 of 886 steps (40%) done
Select jobs to execute...
Execute 2 jobs...

[Fri Sep 20 09:50:51 2024]
rule giraffe_snarls:
    input: vg_map/ABOFRAM007301868101_28_28.vg
    output: vg_map/ABOFRAM007301868101_pt28.snarls
    log: logs/vg/giraffe_snarls_ABOFRAM007301868101_28.log
    jobid: 1417
    reason: Missing output files: vg_map/ABOFRAM007301868101_pt28.snarls; Input files updated by another job: vg_map/ABOFRAM007301868101_28_28.vg
    wildcards: sample=ABOFRAM007301868101, chr=28
    resources: mem_mb=11444, mem_mib=954, disk_mb=1000, disk_mib=954, tmpdir=<TBD>, slurm_partition=workq, slurm_account=mnaji, mem=12GB, time=28800


        vg snarls vg_map/ABOFRAM007301868101_28_28.vg > vg_map/ABOFRAM007301868101_pt28.snarls
        
No wall time information given. This might or might not work on your cluster. If not, specify the resource runtime in your rule or as a reasonable default via --default-resources.
Job 1417 has been submitted with SLURM jobid 11146005 (log: /work/project/CASCAD/mnaji/sm_folder/results/.snakemake/slurm_logs/rule_giraffe_snarls/ABOFRAM007301868101_28/11146005.log).

[Fri Sep 20 09:50:51 2024]
rule giraffe_pack:
    input: vg_map/ABOFRAM007401840180_5_5.vg, vg_map/ABOFRAM007401840180_5_5.gam
    output: vg_map/ABOFRAM007401840180_5.pack
    log: logs/vg/giraffe_pack_ABOFRAM007401840180_5.log
    jobid: 1455
    reason: Missing output files: vg_map/ABOFRAM007401840180_5.pack; Input files updated by another job: vg_map/ABOFRAM007401840180_5_5.gam, vg_map/ABOFRAM007401840180_5_5.vg
    wildcards: sample=ABOFRAM007401840180, chr=5
    threads: 3
    resources: mem_mb=14305, mem_mib=7597, disk_mb=7966, disk_mib=7597, tmpdir=<TBD>, slurm_partition=workq, slurm_account=mnaji, mem=15GB, time=28800


        vg pack -x vg_map/ABOFRAM007401840180_5_5.vg -g vg_map/ABOFRAM007401840180_5_5.gam -Q 5 --threads 3 -o vg_map/ABOFRAM007401840180_5.pack
        
No wall time information given. This might or might not work on your cluster. If not, specify the resource runtime in your rule or as a reasonable default via --default-resources.
Job 1455 has been submitted with SLURM jobid 11146006 (log: /work/project/CASCAD/mnaji/sm_folder/results/.snakemake/slurm_logs/rule_giraffe_pack/ABOFRAM007401840180_5/11146006.log).
Select jobs to execute...
[Fri Sep 20 09:51:01 2024]
Finished job 1438.
355 of 886 steps (40%) done
Removing temporary output vg_map/ABOFRAM007401840180_2_2.vg.
Removing temporary output vg_map/ABOFRAM007401840180_2.pack.
Removing temporary output vg_map/ABOFRAM007401840180_pt2.snarls.
[Fri Sep 20 09:51:01 2024]
Finished job 1344.
356 of 886 steps (40%) done
[Fri Sep 20 09:51:01 2024]
Finished job 1098.
357 of 886 steps (40%) done
Removing temporary output vg_map/ABOFRAM000707401531_27_27.vg.
Removing temporary output vg_map/ABOFRAM000707401531_27.pack.
Removing temporary output vg_map/ABOFRAM000707401531_pt27.snarls.
Execute 3 jobs...

[Fri Sep 20 09:51:01 2024]
rule giraffe_pack:
    input: vg_map/ABOFRAM007301868101_14_14.vg, vg_map/ABOFRAM007301868101_14_14.gam
    output: vg_map/ABOFRAM007301868101_14.pack
    log: logs/vg/giraffe_pack_ABOFRAM007301868101_14.log
    jobid: 1345
    reason: Missing output files: vg_map/ABOFRAM007301868101_14.pack; Input files updated by another job: vg_map/ABOFRAM007301868101_14_14.vg, vg_map/ABOFRAM007301868101_14_14.gam
    wildcards: sample=ABOFRAM007301868101, chr=14
    threads: 3
    resources: mem_mb=14305, mem_mib=4769, disk_mb=5000, disk_mib=4769, tmpdir=<TBD>, slurm_partition=workq, slurm_account=mnaji, mem=15GB, time=28800


        vg pack -x vg_map/ABOFRAM007301868101_14_14.vg -g vg_map/ABOFRAM007301868101_14_14.gam -Q 5 --threads 3 -o vg_map/ABOFRAM007301868101_14.pack
        
No wall time information given. This might or might not work on your cluster. If not, specify the resource runtime in your rule or as a reasonable default via --default-resources.
Job 1345 has been submitted with SLURM jobid 11146007 (log: /work/project/CASCAD/mnaji/sm_folder/results/.snakemake/slurm_logs/rule_giraffe_pack/ABOFRAM007301868101_14/11146007.log).

[Fri Sep 20 09:51:01 2024]
rule giraffe_snarls:
    input: vg_map/ABOFRAM007301868101_14_14.vg
    output: vg_map/ABOFRAM007301868101_pt14.snarls
    log: logs/vg/giraffe_snarls_ABOFRAM007301868101_14.log
    jobid: 1347
    reason: Missing output files: vg_map/ABOFRAM007301868101_pt14.snarls; Input files updated by another job: vg_map/ABOFRAM007301868101_14_14.vg
    wildcards: sample=ABOFRAM007301868101, chr=14
    resources: mem_mb=11444, mem_mib=954, disk_mb=1000, disk_mib=954, tmpdir=<TBD>, slurm_partition=workq, slurm_account=mnaji, mem=12GB, time=28800


        vg snarls vg_map/ABOFRAM007301868101_14_14.vg > vg_map/ABOFRAM007301868101_pt14.snarls
        
No wall time information given. This might or might not work on your cluster. If not, specify the resource runtime in your rule or as a reasonable default via --default-resources.
Job 1347 has been submitted with SLURM jobid 11146008 (log: /work/project/CASCAD/mnaji/sm_folder/results/.snakemake/slurm_logs/rule_giraffe_snarls/ABOFRAM007301868101_14/11146008.log).

[Fri Sep 20 09:51:02 2024]
rule giraffe_chunk_vg:
    input: vg_vg/ABOFRAM007401840180_wg.xg
    output: vg_map/ABOFRAM007401840180_15_15.vg
    log: logs/vg/giraffe_chunk_vg_ABOFRAM007401840180_15.log
    jobid: 1504
    reason: Missing output files: vg_map/ABOFRAM007401840180_15_15.vg
    wildcards: sample=ABOFRAM007401840180, chr=15
    resources: mem_mb=11444, mem_mib=7630, disk_mb=9482, disk_mib=9043, tmpdir=<TBD>, slurm_partition=workq, slurm_account=mnaji, mem=12GB, time=28800


        vg chunk -x vg_vg/ABOFRAM007401840180_wg.xg -C -p 15 > vg_map/ABOFRAM007401840180_15_15.vg
        
No wall time information given. This might or might not work on your cluster. If not, specify the resource runtime in your rule or as a reasonable default via --default-resources.
Job 1504 has been submitted with SLURM jobid 11146009 (log: /work/project/CASCAD/mnaji/sm_folder/results/.snakemake/slurm_logs/rule_giraffe_chunk_vg/ABOFRAM007401840180_15/11146009.log).
Select jobs to execute...
[Fri Sep 20 09:51:11 2024]
Finished job 978.
358 of 886 steps (40%) done
Removing temporary output vg_map/ABOFRAM000707401531_3_3.vg.
Removing temporary output vg_map/ABOFRAM000707401531_3.pack.
Removing temporary output vg_map/ABOFRAM000707401531_pt3.snarls.
[Fri Sep 20 09:51:11 2024]
Finished job 1330.
359 of 886 steps (41%) done
Removing temporary output vg_map/ABOFRAM007301868101_11_11.gam.
[Fri Sep 20 09:51:11 2024]
Finished job 1107.
360 of 886 steps (41%) done
Execute 3 jobs...

[Fri Sep 20 09:51:11 2024]
rule giraffe_call:
    input: vg_map/ABOFRAM007301868101_11_11.vg, vg_map/ABOFRAM007301868101_11.pack, vg_map/ABOFRAM007301868101_pt11.snarls
    output: vg_call/ABOFRAM007301868101_11.vcf
    log: logs/vg/giraffe_call_ABOFRAM007301868101_11.log
    jobid: 1328
    reason: Missing output files: vg_call/ABOFRAM007301868101_11.vcf; Input files updated by another job: vg_map/ABOFRAM007301868101_11.pack, vg_map/ABOFRAM007301868101_pt11.snarls, vg_map/ABOFRAM007301868101_11_11.vg
    wildcards: sample=ABOFRAM007301868101, chr=11
    resources: mem_mb=11444, mem_mib=954, disk_mb=1000, disk_mib=954, tmpdir=<TBD>, slurm_partition=workq, slurm_account=mnaji, mem=12GB, time=28800


        vg call vg_map/ABOFRAM007301868101_11_11.vg -k vg_map/ABOFRAM007301868101_11.pack -r vg_map/ABOFRAM007301868101_pt11.snarls -s ABOFRAM007301868101 --threads 3 > vg_call/ABOFRAM007301868101_11.vcf 
        
No wall time information given. This might or might not work on your cluster. If not, specify the resource runtime in your rule or as a reasonable default via --default-resources.
Job 1328 has been submitted with SLURM jobid 11146010 (log: /work/project/CASCAD/mnaji/sm_folder/results/.snakemake/slurm_logs/rule_giraffe_call/ABOFRAM007301868101_11/11146010.log).

[Fri Sep 20 09:51:12 2024]
rule giraffe_chunk_vg:
    input: vg_vg/ABOFRAM000707401531_wg.xg
    output: vg_map/ABOFRAM000707401531_1_1.vg
    log: logs/vg/giraffe_chunk_vg_ABOFRAM000707401531_1.log
    jobid: 966
    reason: Missing output files: vg_map/ABOFRAM000707401531_1_1.vg
    wildcards: sample=ABOFRAM000707401531, chr=1
    resources: mem_mb=11444, mem_mib=7630, disk_mb=9481, disk_mib=9042, tmpdir=<TBD>, slurm_partition=workq, slurm_account=mnaji, mem=12GB, time=28800


        vg chunk -x vg_vg/ABOFRAM000707401531_wg.xg -C -p 1 > vg_map/ABOFRAM000707401531_1_1.vg
        
No wall time information given. This might or might not work on your cluster. If not, specify the resource runtime in your rule or as a reasonable default via --default-resources.
Job 966 has been submitted with SLURM jobid 11146011 (log: /work/project/CASCAD/mnaji/sm_folder/results/.snakemake/slurm_logs/rule_giraffe_chunk_vg/ABOFRAM000707401531_1/11146011.log).

[Fri Sep 20 09:51:12 2024]
rule giraffe_chunk_vg:
    input: vg_vg/ABOFRAM000703115255_wg.xg
    output: vg_map/ABOFRAM000703115255_7_7.vg
    log: logs/vg/giraffe_chunk_vg_ABOFRAM000703115255_7.log
    jobid: 844
    reason: Missing output files: vg_map/ABOFRAM000703115255_7_7.vg
    wildcards: sample=ABOFRAM000703115255, chr=7
    resources: mem_mb=11444, mem_mib=7630, disk_mb=9484, disk_mib=9045, tmpdir=<TBD>, slurm_partition=workq, slurm_account=mnaji, mem=12GB, time=28800


        vg chunk -x vg_vg/ABOFRAM000703115255_wg.xg -C -p 7 > vg_map/ABOFRAM000703115255_7_7.vg
        
No wall time information given. This might or might not work on your cluster. If not, specify the resource runtime in your rule or as a reasonable default via --default-resources.
Job 844 has been submitted with SLURM jobid 11146012 (log: /work/project/CASCAD/mnaji/sm_folder/results/.snakemake/slurm_logs/rule_giraffe_chunk_vg/ABOFRAM000703115255_7/11146012.log).
Select jobs to execute...
[Fri Sep 20 09:51:21 2024]
Finished job 1236.
361 of 886 steps (41%) done
Execute 1 jobs...

[Fri Sep 20 09:51:21 2024]
rule giraffe_pack:
    input: vg_map/ABOFRAM000709524730_23_23.vg, vg_map/ABOFRAM000709524730_23_23.gam
    output: vg_map/ABOFRAM000709524730_23.pack
    log: logs/vg/giraffe_pack_ABOFRAM000709524730_23.log
    jobid: 1235
    reason: Missing output files: vg_map/ABOFRAM000709524730_23.pack; Input files updated by another job: vg_map/ABOFRAM000709524730_23_23.vg, vg_map/ABOFRAM000709524730_23_23.gam
    wildcards: sample=ABOFRAM000709524730, chr=23
    threads: 3
    resources: mem_mb=14305, mem_mib=4213, disk_mb=4417, disk_mib=4213, tmpdir=<TBD>, slurm_partition=workq, slurm_account=mnaji, mem=15GB, time=28800


        vg pack -x vg_map/ABOFRAM000709524730_23_23.vg -g vg_map/ABOFRAM000709524730_23_23.gam -Q 5 --threads 3 -o vg_map/ABOFRAM000709524730_23.pack
        
No wall time information given. This might or might not work on your cluster. If not, specify the resource runtime in your rule or as a reasonable default via --default-resources.
Job 1235 has been submitted with SLURM jobid 11146013 (log: /work/project/CASCAD/mnaji/sm_folder/results/.snakemake/slurm_logs/rule_giraffe_pack/ABOFRAM000709524730_23/11146013.log).
[Fri Sep 20 09:51:31 2024]
Finished job 1445.
362 of 886 steps (41%) done
Removing temporary output vg_map/ABOFRAM007401840180_3_3.gam.
Select jobs to execute...
Execute 1 jobs...

[Fri Sep 20 09:51:32 2024]
rule giraffe_call:
    input: vg_map/ABOFRAM007401840180_3_3.vg, vg_map/ABOFRAM007401840180_3.pack, vg_map/ABOFRAM007401840180_pt3.snarls
    output: vg_call/ABOFRAM007401840180_3.vcf
    log: logs/vg/giraffe_call_ABOFRAM007401840180_3.log
    jobid: 1443
    reason: Missing output files: vg_call/ABOFRAM007401840180_3.vcf; Input files updated by another job: vg_map/ABOFRAM007401840180_3_3.vg, vg_map/ABOFRAM007401840180_pt3.snarls, vg_map/ABOFRAM007401840180_3.pack
    wildcards: sample=ABOFRAM007401840180, chr=3
    resources: mem_mb=11444, mem_mib=954, disk_mb=1000, disk_mib=954, tmpdir=<TBD>, slurm_partition=workq, slurm_account=mnaji, mem=12GB, time=28800


        vg call vg_map/ABOFRAM007401840180_3_3.vg -k vg_map/ABOFRAM007401840180_3.pack -r vg_map/ABOFRAM007401840180_pt3.snarls -s ABOFRAM007401840180 --threads 3 > vg_call/ABOFRAM007401840180_3.vcf 
        
No wall time information given. This might or might not work on your cluster. If not, specify the resource runtime in your rule or as a reasonable default via --default-resources.
Job 1443 has been submitted with SLURM jobid 11146014 (log: /work/project/CASCAD/mnaji/sm_folder/results/.snakemake/slurm_logs/rule_giraffe_call/ABOFRAM007401840180_3/11146014.log).
[Fri Sep 20 09:51:42 2024]
Finished job 1105.
363 of 886 steps (41%) done
Removing temporary output vg_map/ABOFRAM000707401531_28_28.gam.
[Fri Sep 20 09:51:42 2024]
Finished job 1417.
364 of 886 steps (41%) done
[Fri Sep 20 09:51:42 2024]
Finished job 1504.
365 of 886 steps (41%) done
Select jobs to execute...
Execute 3 jobs...

[Fri Sep 20 09:51:42 2024]
rule giraffe_call:
    input: vg_map/ABOFRAM000707401531_28_28.vg, vg_map/ABOFRAM000707401531_28.pack, vg_map/ABOFRAM000707401531_pt28.snarls
    output: vg_call/ABOFRAM000707401531_28.vcf
    log: logs/vg/giraffe_call_ABOFRAM000707401531_28.log
    jobid: 1103
    reason: Missing output files: vg_call/ABOFRAM000707401531_28.vcf; Input files updated by another job: vg_map/ABOFRAM000707401531_28_28.vg, vg_map/ABOFRAM000707401531_28.pack, vg_map/ABOFRAM000707401531_pt28.snarls
    wildcards: sample=ABOFRAM000707401531, chr=28
    resources: mem_mb=11444, mem_mib=954, disk_mb=1000, disk_mib=954, tmpdir=<TBD>, slurm_partition=workq, slurm_account=mnaji, mem=12GB, time=28800


        vg call vg_map/ABOFRAM000707401531_28_28.vg -k vg_map/ABOFRAM000707401531_28.pack -r vg_map/ABOFRAM000707401531_pt28.snarls -s ABOFRAM000707401531 --threads 3 > vg_call/ABOFRAM000707401531_28.vcf 
        
No wall time information given. This might or might not work on your cluster. If not, specify the resource runtime in your rule or as a reasonable default via --default-resources.
Job 1103 has been submitted with SLURM jobid 11146016 (log: /work/project/CASCAD/mnaji/sm_folder/results/.snakemake/slurm_logs/rule_giraffe_call/ABOFRAM000707401531_28/11146016.log).

[Fri Sep 20 09:51:42 2024]
rule giraffe_pack:
    input: vg_map/ABOFRAM007401840180_15_15.vg, vg_map/ABOFRAM007401840180_15_15.gam
    output: vg_map/ABOFRAM007401840180_15.pack
    log: logs/vg/giraffe_pack_ABOFRAM007401840180_15.log
    jobid: 1505
    reason: Missing output files: vg_map/ABOFRAM007401840180_15.pack; Input files updated by another job: vg_map/ABOFRAM007401840180_15_15.vg, vg_map/ABOFRAM007401840180_15_15.gam
    wildcards: sample=ABOFRAM007401840180, chr=15
    threads: 3
    resources: mem_mb=14305, mem_mib=6011, disk_mb=6302, disk_mib=6011, tmpdir=<TBD>, slurm_partition=workq, slurm_account=mnaji, mem=15GB, time=28800


        vg pack -x vg_map/ABOFRAM007401840180_15_15.vg -g vg_map/ABOFRAM007401840180_15_15.gam -Q 5 --threads 3 -o vg_map/ABOFRAM007401840180_15.pack
        
No wall time information given. This might or might not work on your cluster. If not, specify the resource runtime in your rule or as a reasonable default via --default-resources.
Job 1505 has been submitted with SLURM jobid 11146017 (log: /work/project/CASCAD/mnaji/sm_folder/results/.snakemake/slurm_logs/rule_giraffe_pack/ABOFRAM007401840180_15/11146017.log).

[Fri Sep 20 09:51:42 2024]
rule giraffe_snarls:
    input: vg_map/ABOFRAM007401840180_15_15.vg
    output: vg_map/ABOFRAM007401840180_pt15.snarls
    log: logs/vg/giraffe_snarls_ABOFRAM007401840180_15.log
    jobid: 1507
    reason: Missing output files: vg_map/ABOFRAM007401840180_pt15.snarls; Input files updated by another job: vg_map/ABOFRAM007401840180_15_15.vg
    wildcards: sample=ABOFRAM007401840180, chr=15
    resources: mem_mb=11444, mem_mib=954, disk_mb=1000, disk_mib=954, tmpdir=<TBD>, slurm_partition=workq, slurm_account=mnaji, mem=12GB, time=28800


        vg snarls vg_map/ABOFRAM007401840180_15_15.vg > vg_map/ABOFRAM007401840180_pt15.snarls
        
No wall time information given. This might or might not work on your cluster. If not, specify the resource runtime in your rule or as a reasonable default via --default-resources.
Job 1507 has been submitted with SLURM jobid 11146018 (log: /work/project/CASCAD/mnaji/sm_folder/results/.snakemake/slurm_logs/rule_giraffe_snarls/ABOFRAM007401840180_15/11146018.log).
Select jobs to execute...
[Fri Sep 20 09:51:52 2024]
Finished job 1518.
366 of 886 steps (41%) done
Removing temporary output vg_map/ABOFRAM007401840180_18_18.vg.
Removing temporary output vg_map/ABOFRAM007401840180_18.pack.
Removing temporary output vg_map/ABOFRAM007401840180_pt18.snarls.
[Fri Sep 20 09:51:52 2024]
Finished job 844.
367 of 886 steps (41%) done
Execute 2 jobs...

[Fri Sep 20 09:51:52 2024]
rule giraffe_snarls:
    input: vg_map/ABOFRAM000703115255_7_7.vg
    output: vg_map/ABOFRAM000703115255_pt7.snarls
    log: logs/vg/giraffe_snarls_ABOFRAM000703115255_7.log
    jobid: 847
    reason: Missing output files: vg_map/ABOFRAM000703115255_pt7.snarls; Input files updated by another job: vg_map/ABOFRAM000703115255_7_7.vg
    wildcards: sample=ABOFRAM000703115255, chr=7
    resources: mem_mb=11444, mem_mib=954, disk_mb=1000, disk_mib=954, tmpdir=<TBD>, slurm_partition=workq, slurm_account=mnaji, mem=12GB, time=28800


        vg snarls vg_map/ABOFRAM000703115255_7_7.vg > vg_map/ABOFRAM000703115255_pt7.snarls
        
No wall time information given. This might or might not work on your cluster. If not, specify the resource runtime in your rule or as a reasonable default via --default-resources.
Job 847 has been submitted with SLURM jobid 11146019 (log: /work/project/CASCAD/mnaji/sm_folder/results/.snakemake/slurm_logs/rule_giraffe_snarls/ABOFRAM000703115255_7/11146019.log).

[Fri Sep 20 09:51:52 2024]
rule giraffe_chunk:
    input: vg_vg/ABOFRAM007301868101_wg.xg, vg_map/ABOFRAM007301868101.gam
    output: vg_map/ABOFRAM007301868101_10_10.gam
    log: logs/vg/giraffe_chunk_ABOFRAM007301868101_10.log
    jobid: 1326
    reason: Missing output files: vg_map/ABOFRAM007301868101_10_10.gam
    wildcards: sample=ABOFRAM007301868101, chr=10
    resources: mem_mb=28610, mem_mib=7630, disk_mb=185244, disk_mib=176663, tmpdir=<TBD>, slurm_partition=workq, slurm_account=mnaji, mem=30GB, time=28800


        vg chunk -x vg_vg/ABOFRAM007301868101_wg.xg -a vg_map/ABOFRAM007301868101.gam -C -p 10 -O pg --prefix vg_map/ABOFRAM007301868101_10 && ls -sh vg_map/ABOFRAM007301868101_10_10.gam
        
No wall time information given. This might or might not work on your cluster. If not, specify the resource runtime in your rule or as a reasonable default via --default-resources.
Job 1326 has been submitted with SLURM jobid 11146020 (log: /work/project/CASCAD/mnaji/sm_folder/results/.snakemake/slurm_logs/rule_giraffe_chunk/ABOFRAM007301868101_10/11146020.log).
Select jobs to execute...
[Fri Sep 20 09:52:02 2024]
Finished job 1026.
368 of 886 steps (42%) done
[Fri Sep 20 09:52:02 2024]
Finished job 1475.
369 of 886 steps (42%) done
Removing temporary output vg_map/ABOFRAM007401840180_9_9.gam.
[Fri Sep 20 09:52:02 2024]
Finished job 966.
370 of 886 steps (42%) done
Execute 3 jobs...

[Fri Sep 20 09:52:02 2024]
rule giraffe_pack:
    input: vg_map/ABOFRAM000707401531_12_12.vg, vg_map/ABOFRAM000707401531_12_12.gam
    output: vg_map/ABOFRAM000707401531_12.pack
    log: logs/vg/giraffe_pack_ABOFRAM000707401531_12.log
    jobid: 1025
    reason: Missing output files: vg_map/ABOFRAM000707401531_12.pack; Input files updated by another job: vg_map/ABOFRAM000707401531_12_12.gam, vg_map/ABOFRAM000707401531_12_12.vg
    wildcards: sample=ABOFRAM000707401531, chr=12
    threads: 3
    resources: mem_mb=14305, mem_mib=5553, disk_mb=5822, disk_mib=5553, tmpdir=<TBD>, slurm_partition=workq, slurm_account=mnaji, mem=15GB, time=28800


        vg pack -x vg_map/ABOFRAM000707401531_12_12.vg -g vg_map/ABOFRAM000707401531_12_12.gam -Q 5 --threads 3 -o vg_map/ABOFRAM000707401531_12.pack
        
No wall time information given. This might or might not work on your cluster. If not, specify the resource runtime in your rule or as a reasonable default via --default-resources.
Job 1025 has been submitted with SLURM jobid 11146032 (log: /work/project/CASCAD/mnaji/sm_folder/results/.snakemake/slurm_logs/rule_giraffe_pack/ABOFRAM000707401531_12/11146032.log).

[Fri Sep 20 09:52:02 2024]
rule giraffe_snarls:
    input: vg_map/ABOFRAM000707401531_1_1.vg
    output: vg_map/ABOFRAM000707401531_pt1.snarls
    log: logs/vg/giraffe_snarls_ABOFRAM000707401531_1.log
    jobid: 972
    reason: Missing output files: vg_map/ABOFRAM000707401531_pt1.snarls; Input files updated by another job: vg_map/ABOFRAM000707401531_1_1.vg
    wildcards: sample=ABOFRAM000707401531, chr=1
    resources: mem_mb=11444, mem_mib=954, disk_mb=1000, disk_mib=954, tmpdir=<TBD>, slurm_partition=workq, slurm_account=mnaji, mem=12GB, time=28800


        vg snarls vg_map/ABOFRAM000707401531_1_1.vg > vg_map/ABOFRAM000707401531_pt1.snarls
        
No wall time information given. This might or might not work on your cluster. If not, specify the resource runtime in your rule or as a reasonable default via --default-resources.
Job 972 has been submitted with SLURM jobid 11146033 (log: /work/project/CASCAD/mnaji/sm_folder/results/.snakemake/slurm_logs/rule_giraffe_snarls/ABOFRAM000707401531_1/11146033.log).

[Fri Sep 20 09:52:02 2024]
rule giraffe_call:
    input: vg_map/ABOFRAM007401840180_9_9.vg, vg_map/ABOFRAM007401840180_9.pack, vg_map/ABOFRAM007401840180_pt9.snarls
    output: vg_call/ABOFRAM007401840180_9.vcf
    log: logs/vg/giraffe_call_ABOFRAM007401840180_9.log
    jobid: 1473
    reason: Missing output files: vg_call/ABOFRAM007401840180_9.vcf; Input files updated by another job: vg_map/ABOFRAM007401840180_9.pack, vg_map/ABOFRAM007401840180_9_9.vg, vg_map/ABOFRAM007401840180_pt9.snarls
    wildcards: sample=ABOFRAM007401840180, chr=9
    resources: mem_mb=11444, mem_mib=954, disk_mb=1000, disk_mib=954, tmpdir=<TBD>, slurm_partition=workq, slurm_account=mnaji, mem=12GB, time=28800


        vg call vg_map/ABOFRAM007401840180_9_9.vg -k vg_map/ABOFRAM007401840180_9.pack -r vg_map/ABOFRAM007401840180_pt9.snarls -s ABOFRAM007401840180 --threads 3 > vg_call/ABOFRAM007401840180_9.vcf 
        
No wall time information given. This might or might not work on your cluster. If not, specify the resource runtime in your rule or as a reasonable default via --default-resources.
Job 1473 has been submitted with SLURM jobid 11146035 (log: /work/project/CASCAD/mnaji/sm_folder/results/.snakemake/slurm_logs/rule_giraffe_call/ABOFRAM007401840180_9/11146035.log).
Select jobs to execute...
[Fri Sep 20 09:52:13 2024]
Finished job 1415.
371 of 886 steps (42%) done
Removing temporary output vg_map/ABOFRAM007301868101_28_28.gam.
[Fri Sep 20 09:52:13 2024]
Finished job 1513.
372 of 886 steps (42%) done
Removing temporary output vg_map/ABOFRAM007401840180_17_17.vg.
Removing temporary output vg_map/ABOFRAM007401840180_17.pack.
Removing temporary output vg_map/ABOFRAM007401840180_pt17.snarls.
[Fri Sep 20 09:52:13 2024]
Finished job 1347.
373 of 886 steps (42%) done
Execute 3 jobs...

[Fri Sep 20 09:52:13 2024]
rule giraffe_chunk:
    input: vg_vg/ABOFRAM000707401531_wg.xg, vg_map/ABOFRAM000707401531.gam
    output: vg_map/ABOFRAM000707401531_26_26.gam
    log: logs/vg/giraffe_chunk_ABOFRAM000707401531_26.log
    jobid: 1096
    reason: Missing output files: vg_map/ABOFRAM000707401531_26_26.gam
    wildcards: sample=ABOFRAM000707401531, chr=26
    resources: mem_mb=28610, mem_mib=7630, disk_mb=202240, disk_mib=192872, tmpdir=<TBD>, slurm_partition=workq, slurm_account=mnaji, mem=30GB, time=28800


        vg chunk -x vg_vg/ABOFRAM000707401531_wg.xg -a vg_map/ABOFRAM000707401531.gam -C -p 26 -O pg --prefix vg_map/ABOFRAM000707401531_26 && ls -sh vg_map/ABOFRAM000707401531_26_26.gam
        
No wall time information given. This might or might not work on your cluster. If not, specify the resource runtime in your rule or as a reasonable default via --default-resources.
Job 1096 has been submitted with SLURM jobid 11146066 (log: /work/project/CASCAD/mnaji/sm_folder/results/.snakemake/slurm_logs/rule_giraffe_chunk/ABOFRAM000707401531_26/11146066.log).

[Fri Sep 20 09:52:14 2024]
rule giraffe_chunk:
    input: vg_vg/ABOFRAM007401840180_wg.xg, vg_map/ABOFRAM007401840180.gam
    output: vg_map/ABOFRAM007401840180_6_6.gam
    log: logs/vg/giraffe_chunk_ABOFRAM007401840180_6.log
    jobid: 1461
    reason: Missing output files: vg_map/ABOFRAM007401840180_6_6.gam
    wildcards: sample=ABOFRAM007401840180, chr=6
    resources: mem_mb=28610, mem_mib=7630, disk_mb=196150, disk_mib=187064, tmpdir=<TBD>, slurm_partition=workq, slurm_account=mnaji, mem=30GB, time=28800


        vg chunk -x vg_vg/ABOFRAM007401840180_wg.xg -a vg_map/ABOFRAM007401840180.gam -C -p 6 -O pg --prefix vg_map/ABOFRAM007401840180_6 && ls -sh vg_map/ABOFRAM007401840180_6_6.gam
        
No wall time information given. This might or might not work on your cluster. If not, specify the resource runtime in your rule or as a reasonable default via --default-resources.
Job 1461 has been submitted with SLURM jobid 11146068 (log: /work/project/CASCAD/mnaji/sm_folder/results/.snakemake/slurm_logs/rule_giraffe_chunk/ABOFRAM007401840180_6/11146068.log).

[Fri Sep 20 09:52:14 2024]
rule giraffe_call:
    input: vg_map/ABOFRAM007301868101_28_28.vg, vg_map/ABOFRAM007301868101_28.pack, vg_map/ABOFRAM007301868101_pt28.snarls
    output: vg_call/ABOFRAM007301868101_28.vcf
    log: logs/vg/giraffe_call_ABOFRAM007301868101_28.log
    jobid: 1413
    reason: Missing output files: vg_call/ABOFRAM007301868101_28.vcf; Input files updated by another job: vg_map/ABOFRAM007301868101_28.pack, vg_map/ABOFRAM007301868101_28_28.vg, vg_map/ABOFRAM007301868101_pt28.snarls
    wildcards: sample=ABOFRAM007301868101, chr=28
    resources: mem_mb=11444, mem_mib=954, disk_mb=1000, disk_mib=954, tmpdir=<TBD>, slurm_partition=workq, slurm_account=mnaji, mem=12GB, time=28800


        vg call vg_map/ABOFRAM007301868101_28_28.vg -k vg_map/ABOFRAM007301868101_28.pack -r vg_map/ABOFRAM007301868101_pt28.snarls -s ABOFRAM007301868101 --threads 3 > vg_call/ABOFRAM007301868101_28.vcf 
        
No wall time information given. This might or might not work on your cluster. If not, specify the resource runtime in your rule or as a reasonable default via --default-resources.
Job 1413 has been submitted with SLURM jobid 11146069 (log: /work/project/CASCAD/mnaji/sm_folder/results/.snakemake/slurm_logs/rule_giraffe_call/ABOFRAM007301868101_28/11146069.log).
Select jobs to execute...
[Fri Sep 20 09:52:23 2024]
Finished job 1315.
374 of 886 steps (42%) done
Removing temporary output vg_map/ABOFRAM007301868101_8_8.gam.
[Fri Sep 20 09:52:23 2024]
Finished job 1147.
375 of 886 steps (42%) done
Execute 2 jobs...

[Fri Sep 20 09:52:24 2024]
rule giraffe_chunk_vg:
    input: vg_vg/ABOFRAM007301868101_wg.xg
    output: vg_map/ABOFRAM007301868101_19_19.vg
    log: logs/vg/giraffe_chunk_vg_ABOFRAM007301868101_19.log
    jobid: 1369
    reason: Missing output files: vg_map/ABOFRAM007301868101_19_19.vg
    wildcards: sample=ABOFRAM007301868101, chr=19
    resources: mem_mb=11444, mem_mib=7630, disk_mb=9481, disk_mib=9042, tmpdir=<TBD>, slurm_partition=workq, slurm_account=mnaji, mem=12GB, time=28800


        vg chunk -x vg_vg/ABOFRAM007301868101_wg.xg -C -p 19 > vg_map/ABOFRAM007301868101_19_19.vg
        
No wall time information given. This might or might not work on your cluster. If not, specify the resource runtime in your rule or as a reasonable default via --default-resources.
Job 1369 has been submitted with SLURM jobid 11146089 (log: /work/project/CASCAD/mnaji/sm_folder/results/.snakemake/slurm_logs/rule_giraffe_chunk_vg/ABOFRAM007301868101_19/11146089.log).

[Fri Sep 20 09:52:24 2024]
rule giraffe_call:
    input: vg_map/ABOFRAM007301868101_8_8.vg, vg_map/ABOFRAM007301868101_8.pack, vg_map/ABOFRAM007301868101_pt8.snarls
    output: vg_call/ABOFRAM007301868101_8.vcf
    log: logs/vg/giraffe_call_ABOFRAM007301868101_8.log
    jobid: 1313
    reason: Missing output files: vg_call/ABOFRAM007301868101_8.vcf; Input files updated by another job: vg_map/ABOFRAM007301868101_pt8.snarls, vg_map/ABOFRAM007301868101_8_8.vg, vg_map/ABOFRAM007301868101_8.pack
    wildcards: sample=ABOFRAM007301868101, chr=8
    resources: mem_mb=11444, mem_mib=954, disk_mb=1000, disk_mib=954, tmpdir=<TBD>, slurm_partition=workq, slurm_account=mnaji, mem=12GB, time=28800


        vg call vg_map/ABOFRAM007301868101_8_8.vg -k vg_map/ABOFRAM007301868101_8.pack -r vg_map/ABOFRAM007301868101_pt8.snarls -s ABOFRAM007301868101 --threads 3 > vg_call/ABOFRAM007301868101_8.vcf 
        
No wall time information given. This might or might not work on your cluster. If not, specify the resource runtime in your rule or as a reasonable default via --default-resources.
Job 1313 has been submitted with SLURM jobid 11146090 (log: /work/project/CASCAD/mnaji/sm_folder/results/.snakemake/slurm_logs/rule_giraffe_call/ABOFRAM007301868101_8/11146090.log).
Select jobs to execute...
[Fri Sep 20 09:52:54 2024]
Finished job 1050.
376 of 886 steps (42%) done
Removing temporary output vg_map/ABOFRAM000707401531_17_17.gam.
[Fri Sep 20 09:52:54 2024]
Finished job 1548.
377 of 886 steps (43%) done
Removing temporary output vg_map/ABOFRAM007401840180_24_24.vg.
Removing temporary output vg_map/ABOFRAM007401840180_24.pack.
Removing temporary output vg_map/ABOFRAM007401840180_pt24.snarls.
[Fri Sep 20 09:52:54 2024]
Finished job 1507.
378 of 886 steps (43%) done
Execute 3 jobs...

[Fri Sep 20 09:52:54 2024]
rule giraffe_chunk:
    input: vg_vg/ABOFRAM000709524730_wg.xg, vg_map/ABOFRAM000709524730.gam
    output: vg_map/ABOFRAM000709524730_10_10.gam
    log: logs/vg/giraffe_chunk_ABOFRAM000709524730_10.log
    jobid: 1171
    reason: Missing output files: vg_map/ABOFRAM000709524730_10_10.gam
    wildcards: sample=ABOFRAM000709524730, chr=10
    resources: mem_mb=28610, mem_mib=7630, disk_mb=246756, disk_mib=235325, tmpdir=<TBD>, slurm_partition=workq, slurm_account=mnaji, mem=30GB, time=28800


        vg chunk -x vg_vg/ABOFRAM000709524730_wg.xg -a vg_map/ABOFRAM000709524730.gam -C -p 10 -O pg --prefix vg_map/ABOFRAM000709524730_10 && ls -sh vg_map/ABOFRAM000709524730_10_10.gam
        
No wall time information given. This might or might not work on your cluster. If not, specify the resource runtime in your rule or as a reasonable default via --default-resources.
Job 1171 has been submitted with SLURM jobid 11146121 (log: /work/project/CASCAD/mnaji/sm_folder/results/.snakemake/slurm_logs/rule_giraffe_chunk/ABOFRAM000709524730_10/11146121.log).

[Fri Sep 20 09:52:54 2024]
rule giraffe_chunk_vg:
    input: vg_vg/ABOFRAM000703115255_wg.xg
    output: vg_map/ABOFRAM000703115255_19_19.vg
    log: logs/vg/giraffe_chunk_vg_ABOFRAM000703115255_19.log
    jobid: 904
    reason: Missing output files: vg_map/ABOFRAM000703115255_19_19.vg
    wildcards: sample=ABOFRAM000703115255, chr=19
    resources: mem_mb=11444, mem_mib=7630, disk_mb=9484, disk_mib=9045, tmpdir=<TBD>, slurm_partition=workq, slurm_account=mnaji, mem=12GB, time=28800


        vg chunk -x vg_vg/ABOFRAM000703115255_wg.xg -C -p 19 > vg_map/ABOFRAM000703115255_19_19.vg
        
No wall time information given. This might or might not work on your cluster. If not, specify the resource runtime in your rule or as a reasonable default via --default-resources.
Job 904 has been submitted with SLURM jobid 11146122 (log: /work/project/CASCAD/mnaji/sm_folder/results/.snakemake/slurm_logs/rule_giraffe_chunk_vg/ABOFRAM000703115255_19/11146122.log).

[Fri Sep 20 09:52:54 2024]
rule giraffe_call:
    input: vg_map/ABOFRAM000707401531_17_17.vg, vg_map/ABOFRAM000707401531_17.pack, vg_map/ABOFRAM000707401531_pt17.snarls
    output: vg_call/ABOFRAM000707401531_17.vcf
    log: logs/vg/giraffe_call_ABOFRAM000707401531_17.log
    jobid: 1048
    reason: Missing output files: vg_call/ABOFRAM000707401531_17.vcf; Input files updated by another job: vg_map/ABOFRAM000707401531_pt17.snarls, vg_map/ABOFRAM000707401531_17.pack, vg_map/ABOFRAM000707401531_17_17.vg
    wildcards: sample=ABOFRAM000707401531, chr=17
    resources: mem_mb=11444, mem_mib=954, disk_mb=1000, disk_mib=954, tmpdir=<TBD>, slurm_partition=workq, slurm_account=mnaji, mem=12GB, time=28800


        vg call vg_map/ABOFRAM000707401531_17_17.vg -k vg_map/ABOFRAM000707401531_17.pack -r vg_map/ABOFRAM000707401531_pt17.snarls -s ABOFRAM000707401531 --threads 3 > vg_call/ABOFRAM000707401531_17.vcf 
        
No wall time information given. This might or might not work on your cluster. If not, specify the resource runtime in your rule or as a reasonable default via --default-resources.
Job 1048 has been submitted with SLURM jobid 11146123 (log: /work/project/CASCAD/mnaji/sm_folder/results/.snakemake/slurm_logs/rule_giraffe_call/ABOFRAM000707401531_17/11146123.log).
Select jobs to execute...
[Fri Sep 20 09:53:04 2024]
Finished job 1031.
379 of 886 steps (43%) done
[Fri Sep 20 09:53:04 2024]
Finished job 1156.
380 of 886 steps (43%) done
[Fri Sep 20 09:53:04 2024]
Finished job 1308.
381 of 886 steps (43%) done
Removing temporary output vg_map/ABOFRAM007301868101_7_7.vg.
Removing temporary output vg_map/ABOFRAM007301868101_7.pack.
Removing temporary output vg_map/ABOFRAM007301868101_pt7.snarls.
[Fri Sep 20 09:53:04 2024]
Finished job 1103.
382 of 886 steps (43%) done
Removing temporary output vg_map/ABOFRAM000707401531_28_28.vg.
Removing temporary output vg_map/ABOFRAM000707401531_28.pack.
Removing temporary output vg_map/ABOFRAM000707401531_pt28.snarls.
Execute 4 jobs...

[Fri Sep 20 09:53:04 2024]
rule giraffe_chunk_vg:
    input: vg_vg/ABOFRAM000709524730_wg.xg
    output: vg_map/ABOFRAM000709524730_21_21.vg
    log: logs/vg/giraffe_chunk_vg_ABOFRAM000709524730_21.log
    jobid: 1224
    reason: Missing output files: vg_map/ABOFRAM000709524730_21_21.vg
    wildcards: sample=ABOFRAM000709524730, chr=21
    resources: mem_mb=11444, mem_mib=7630, disk_mb=9485, disk_mib=9046, tmpdir=<TBD>, slurm_partition=workq, slurm_account=mnaji, mem=12GB, time=28800


        vg chunk -x vg_vg/ABOFRAM000709524730_wg.xg -C -p 21 > vg_map/ABOFRAM000709524730_21_21.vg
        
No wall time information given. This might or might not work on your cluster. If not, specify the resource runtime in your rule or as a reasonable default via --default-resources.
Job 1224 has been submitted with SLURM jobid 11146124 (log: /work/project/CASCAD/mnaji/sm_folder/results/.snakemake/slurm_logs/rule_giraffe_chunk_vg/ABOFRAM000709524730_21/11146124.log).

[Fri Sep 20 09:53:04 2024]
rule giraffe_chunk:
    input: vg_vg/ABOFRAM000703115255_wg.xg, vg_map/ABOFRAM000703115255.gam
    output: vg_map/ABOFRAM000703115255_10_10.gam
    log: logs/vg/giraffe_chunk_ABOFRAM000703115255_10.log
    jobid: 861
    reason: Missing output files: vg_map/ABOFRAM000703115255_10_10.gam
    wildcards: sample=ABOFRAM000703115255, chr=10
    resources: mem_mb=28610, mem_mib=7630, disk_mb=273960, disk_mib=261269, tmpdir=<TBD>, slurm_partition=workq, slurm_account=mnaji, mem=30GB, time=28800


        vg chunk -x vg_vg/ABOFRAM000703115255_wg.xg -a vg_map/ABOFRAM000703115255.gam -C -p 10 -O pg --prefix vg_map/ABOFRAM000703115255_10 && ls -sh vg_map/ABOFRAM000703115255_10_10.gam
        
No wall time information given. This might or might not work on your cluster. If not, specify the resource runtime in your rule or as a reasonable default via --default-resources.
Job 861 has been submitted with SLURM jobid 11146125 (log: /work/project/CASCAD/mnaji/sm_folder/results/.snakemake/slurm_logs/rule_giraffe_chunk/ABOFRAM000703115255_10/11146125.log).

[Fri Sep 20 09:53:04 2024]
rule giraffe_chunk:
    input: vg_vg/ABOFRAM000709524730_wg.xg, vg_map/ABOFRAM000709524730.gam
    output: vg_map/ABOFRAM000709524730_29_29.gam
    log: logs/vg/giraffe_chunk_ABOFRAM000709524730_29.log
    jobid: 1266
    reason: Missing output files: vg_map/ABOFRAM000709524730_29_29.gam
    wildcards: sample=ABOFRAM000709524730, chr=29
    resources: mem_mb=28610, mem_mib=7630, disk_mb=246756, disk_mib=235325, tmpdir=<TBD>, slurm_partition=workq, slurm_account=mnaji, mem=30GB, time=28800


        vg chunk -x vg_vg/ABOFRAM000709524730_wg.xg -a vg_map/ABOFRAM000709524730.gam -C -p 29 -O pg --prefix vg_map/ABOFRAM000709524730_29 && ls -sh vg_map/ABOFRAM000709524730_29_29.gam
        
No wall time information given. This might or might not work on your cluster. If not, specify the resource runtime in your rule or as a reasonable default via --default-resources.
Job 1266 has been submitted with SLURM jobid 11146126 (log: /work/project/CASCAD/mnaji/sm_folder/results/.snakemake/slurm_logs/rule_giraffe_chunk/ABOFRAM000709524730_29/11146126.log).

[Fri Sep 20 09:53:04 2024]
rule giraffe_pack:
    input: vg_map/ABOFRAM000709524730_7_7.vg, vg_map/ABOFRAM000709524730_7_7.gam
    output: vg_map/ABOFRAM000709524730_7.pack
    log: logs/vg/giraffe_pack_ABOFRAM000709524730_7.log
    jobid: 1155
    reason: Missing output files: vg_map/ABOFRAM000709524730_7.pack; Input files updated by another job: vg_map/ABOFRAM000709524730_7_7.gam, vg_map/ABOFRAM000709524730_7_7.vg
    wildcards: sample=ABOFRAM000709524730, chr=7
    threads: 3
    resources: mem_mb=14305, mem_mib=7630, disk_mb=9111, disk_mib=8689, tmpdir=<TBD>, slurm_partition=workq, slurm_account=mnaji, mem=15GB, time=28800


        vg pack -x vg_map/ABOFRAM000709524730_7_7.vg -g vg_map/ABOFRAM000709524730_7_7.gam -Q 5 --threads 3 -o vg_map/ABOFRAM000709524730_7.pack
        
No wall time information given. This might or might not work on your cluster. If not, specify the resource runtime in your rule or as a reasonable default via --default-resources.
Job 1155 has been submitted with SLURM jobid 11146127 (log: /work/project/CASCAD/mnaji/sm_folder/results/.snakemake/slurm_logs/rule_giraffe_pack/ABOFRAM000709524730_7/11146127.log).
Select jobs to execute...
[Fri Sep 20 09:53:14 2024]
Finished job 1450.
383 of 886 steps (43%) done
Removing temporary output vg_map/ABOFRAM007401840180_4_4.gam.
[Fri Sep 20 09:53:14 2024]
Finished job 847.
384 of 886 steps (43%) done
Execute 2 jobs...

[Fri Sep 20 09:53:14 2024]
rule giraffe_chunk_vg:
    input: vg_vg/ABOFRAM000703115255_wg.xg
    output: vg_map/ABOFRAM000703115255_5_5.vg
    log: logs/vg/giraffe_chunk_vg_ABOFRAM000703115255_5.log
    jobid: 834
    reason: Missing output files: vg_map/ABOFRAM000703115255_5_5.vg
    wildcards: sample=ABOFRAM000703115255, chr=5
    resources: mem_mb=11444, mem_mib=7630, disk_mb=9484, disk_mib=9045, tmpdir=<TBD>, slurm_partition=workq, slurm_account=mnaji, mem=12GB, time=28800


        vg chunk -x vg_vg/ABOFRAM000703115255_wg.xg -C -p 5 > vg_map/ABOFRAM000703115255_5_5.vg
        
No wall time information given. This might or might not work on your cluster. If not, specify the resource runtime in your rule or as a reasonable default via --default-resources.
Job 834 has been submitted with SLURM jobid 11146128 (log: /work/project/CASCAD/mnaji/sm_folder/results/.snakemake/slurm_logs/rule_giraffe_chunk_vg/ABOFRAM000703115255_5/11146128.log).

[Fri Sep 20 09:53:14 2024]
rule giraffe_call:
    input: vg_map/ABOFRAM007401840180_4_4.vg, vg_map/ABOFRAM007401840180_4.pack, vg_map/ABOFRAM007401840180_pt4.snarls
    output: vg_call/ABOFRAM007401840180_4.vcf
    log: logs/vg/giraffe_call_ABOFRAM007401840180_4.log
    jobid: 1448
    reason: Missing output files: vg_call/ABOFRAM007401840180_4.vcf; Input files updated by another job: vg_map/ABOFRAM007401840180_4.pack, vg_map/ABOFRAM007401840180_pt4.snarls, vg_map/ABOFRAM007401840180_4_4.vg
    wildcards: sample=ABOFRAM007401840180, chr=4
    resources: mem_mb=11444, mem_mib=954, disk_mb=1000, disk_mib=954, tmpdir=<TBD>, slurm_partition=workq, slurm_account=mnaji, mem=12GB, time=28800


        vg call vg_map/ABOFRAM007401840180_4_4.vg -k vg_map/ABOFRAM007401840180_4.pack -r vg_map/ABOFRAM007401840180_pt4.snarls -s ABOFRAM007401840180 --threads 3 > vg_call/ABOFRAM007401840180_4.vcf 
        
No wall time information given. This might or might not work on your cluster. If not, specify the resource runtime in your rule or as a reasonable default via --default-resources.
Job 1448 has been submitted with SLURM jobid 11146129 (log: /work/project/CASCAD/mnaji/sm_folder/results/.snakemake/slurm_logs/rule_giraffe_call/ABOFRAM007401840180_4/11146129.log).
Select jobs to execute...
[Fri Sep 20 09:53:24 2024]
Finished job 1345.
385 of 886 steps (43%) done
Removing temporary output vg_map/ABOFRAM007301868101_14_14.gam.
Execute 1 jobs...

[Fri Sep 20 09:53:24 2024]
rule giraffe_call:
    input: vg_map/ABOFRAM007301868101_14_14.vg, vg_map/ABOFRAM007301868101_14.pack, vg_map/ABOFRAM007301868101_pt14.snarls
    output: vg_call/ABOFRAM007301868101_14.vcf
    log: logs/vg/giraffe_call_ABOFRAM007301868101_14.log
    jobid: 1343
    reason: Missing output files: vg_call/ABOFRAM007301868101_14.vcf; Input files updated by another job: vg_map/ABOFRAM007301868101_14.pack, vg_map/ABOFRAM007301868101_14_14.vg, vg_map/ABOFRAM007301868101_pt14.snarls
    wildcards: sample=ABOFRAM007301868101, chr=14
    resources: mem_mb=11444, mem_mib=954, disk_mb=1000, disk_mib=954, tmpdir=<TBD>, slurm_partition=workq, slurm_account=mnaji, mem=12GB, time=28800


        vg call vg_map/ABOFRAM007301868101_14_14.vg -k vg_map/ABOFRAM007301868101_14.pack -r vg_map/ABOFRAM007301868101_pt14.snarls -s ABOFRAM007301868101 --threads 3 > vg_call/ABOFRAM007301868101_14.vcf 
        
No wall time information given. This might or might not work on your cluster. If not, specify the resource runtime in your rule or as a reasonable default via --default-resources.
Job 1343 has been submitted with SLURM jobid 11146130 (log: /work/project/CASCAD/mnaji/sm_folder/results/.snakemake/slurm_logs/rule_giraffe_call/ABOFRAM007301868101_14/11146130.log).
[Fri Sep 20 09:53:34 2024]
Finished job 1369.
386 of 886 steps (44%) done
[Fri Sep 20 09:53:34 2024]
Finished job 904.
387 of 886 steps (44%) done
Select jobs to execute...
Execute 2 jobs...

[Fri Sep 20 09:53:34 2024]
rule giraffe_pack:
    input: vg_map/ABOFRAM007301868101_19_19.vg, vg_map/ABOFRAM007301868101_19_19.gam
    output: vg_map/ABOFRAM007301868101_19.pack
    log: logs/vg/giraffe_pack_ABOFRAM007301868101_19.log
    jobid: 1370
    reason: Missing output files: vg_map/ABOFRAM007301868101_19.pack; Input files updated by another job: vg_map/ABOFRAM007301868101_19_19.gam, vg_map/ABOFRAM007301868101_19_19.vg
    wildcards: sample=ABOFRAM007301868101, chr=19
    threads: 3
    resources: mem_mb=14305, mem_mib=7630, disk_mb=9608, disk_mib=9163, tmpdir=<TBD>, slurm_partition=workq, slurm_account=mnaji, mem=15GB, time=28800


        vg pack -x vg_map/ABOFRAM007301868101_19_19.vg -g vg_map/ABOFRAM007301868101_19_19.gam -Q 5 --threads 3 -o vg_map/ABOFRAM007301868101_19.pack
        
No wall time information given. This might or might not work on your cluster. If not, specify the resource runtime in your rule or as a reasonable default via --default-resources.
Job 1370 has been submitted with SLURM jobid 11146131 (log: /work/project/CASCAD/mnaji/sm_folder/results/.snakemake/slurm_logs/rule_giraffe_pack/ABOFRAM007301868101_19/11146131.log).

[Fri Sep 20 09:53:34 2024]
rule giraffe_snarls:
    input: vg_map/ABOFRAM007301868101_19_19.vg
    output: vg_map/ABOFRAM007301868101_pt19.snarls
    log: logs/vg/giraffe_snarls_ABOFRAM007301868101_19.log
    jobid: 1372
    reason: Missing output files: vg_map/ABOFRAM007301868101_pt19.snarls; Input files updated by another job: vg_map/ABOFRAM007301868101_19_19.vg
    wildcards: sample=ABOFRAM007301868101, chr=19
    resources: mem_mb=11444, mem_mib=954, disk_mb=1000, disk_mib=954, tmpdir=<TBD>, slurm_partition=workq, slurm_account=mnaji, mem=12GB, time=28800


        vg snarls vg_map/ABOFRAM007301868101_19_19.vg > vg_map/ABOFRAM007301868101_pt19.snarls
        
No wall time information given. This might or might not work on your cluster. If not, specify the resource runtime in your rule or as a reasonable default via --default-resources.
Job 1372 has been submitted with SLURM jobid 11146132 (log: /work/project/CASCAD/mnaji/sm_folder/results/.snakemake/slurm_logs/rule_giraffe_snarls/ABOFRAM007301868101_19/11146132.log).
Select jobs to execute...
[Fri Sep 20 09:53:44 2024]
Finished job 1455.
388 of 886 steps (44%) done
Removing temporary output vg_map/ABOFRAM007401840180_5_5.gam.
[Fri Sep 20 09:53:44 2024]
Finished job 972.
389 of 886 steps (44%) done
[Fri Sep 20 09:53:44 2024]
Finished job 1224.
390 of 886 steps (44%) done
Execute 3 jobs...

[Fri Sep 20 09:53:44 2024]
rule giraffe_snarls:
    input: vg_map/ABOFRAM000709524730_21_21.vg
    output: vg_map/ABOFRAM000709524730_pt21.snarls
    log: logs/vg/giraffe_snarls_ABOFRAM000709524730_21.log
    jobid: 1227
    reason: Missing output files: vg_map/ABOFRAM000709524730_pt21.snarls; Input files updated by another job: vg_map/ABOFRAM000709524730_21_21.vg
    wildcards: sample=ABOFRAM000709524730, chr=21
    resources: mem_mb=11444, mem_mib=954, disk_mb=1000, disk_mib=954, tmpdir=<TBD>, slurm_partition=workq, slurm_account=mnaji, mem=12GB, time=28800


        vg snarls vg_map/ABOFRAM000709524730_21_21.vg > vg_map/ABOFRAM000709524730_pt21.snarls
        
No wall time information given. This might or might not work on your cluster. If not, specify the resource runtime in your rule or as a reasonable default via --default-resources.
Job 1227 has been submitted with SLURM jobid 11146133 (log: /work/project/CASCAD/mnaji/sm_folder/results/.snakemake/slurm_logs/rule_giraffe_snarls/ABOFRAM000709524730_21/11146133.log).

[Fri Sep 20 09:53:44 2024]
rule giraffe_pack:
    input: vg_map/ABOFRAM000709524730_21_21.vg, vg_map/ABOFRAM000709524730_21_21.gam
    output: vg_map/ABOFRAM000709524730_21.pack
    log: logs/vg/giraffe_pack_ABOFRAM000709524730_21.log
    jobid: 1225
    reason: Missing output files: vg_map/ABOFRAM000709524730_21.pack; Input files updated by another job: vg_map/ABOFRAM000709524730_21_21.gam, vg_map/ABOFRAM000709524730_21_21.vg
    wildcards: sample=ABOFRAM000709524730, chr=21
    threads: 3
    resources: mem_mb=14305, mem_mib=5461, disk_mb=5726, disk_mib=5461, tmpdir=<TBD>, slurm_partition=workq, slurm_account=mnaji, mem=15GB, time=28800


        vg pack -x vg_map/ABOFRAM000709524730_21_21.vg -g vg_map/ABOFRAM000709524730_21_21.gam -Q 5 --threads 3 -o vg_map/ABOFRAM000709524730_21.pack
        
No wall time information given. This might or might not work on your cluster. If not, specify the resource runtime in your rule or as a reasonable default via --default-resources.
Job 1225 has been submitted with SLURM jobid 11146134 (log: /work/project/CASCAD/mnaji/sm_folder/results/.snakemake/slurm_logs/rule_giraffe_pack/ABOFRAM000709524730_21/11146134.log).

[Fri Sep 20 09:53:45 2024]
rule giraffe_call:
    input: vg_map/ABOFRAM007401840180_5_5.vg, vg_map/ABOFRAM007401840180_5.pack, vg_map/ABOFRAM007401840180_pt5.snarls
    output: vg_call/ABOFRAM007401840180_5.vcf
    log: logs/vg/giraffe_call_ABOFRAM007401840180_5.log
    jobid: 1453
    reason: Missing output files: vg_call/ABOFRAM007401840180_5.vcf; Input files updated by another job: vg_map/ABOFRAM007401840180_pt5.snarls, vg_map/ABOFRAM007401840180_5.pack, vg_map/ABOFRAM007401840180_5_5.vg
    wildcards: sample=ABOFRAM007401840180, chr=5
    resources: mem_mb=11444, mem_mib=954, disk_mb=1000, disk_mib=954, tmpdir=<TBD>, slurm_partition=workq, slurm_account=mnaji, mem=12GB, time=28800


        vg call vg_map/ABOFRAM007401840180_5_5.vg -k vg_map/ABOFRAM007401840180_5.pack -r vg_map/ABOFRAM007401840180_pt5.snarls -s ABOFRAM007401840180 --threads 3 > vg_call/ABOFRAM007401840180_5.vcf 
        
No wall time information given. This might or might not work on your cluster. If not, specify the resource runtime in your rule or as a reasonable default via --default-resources.
Job 1453 has been submitted with SLURM jobid 11146135 (log: /work/project/CASCAD/mnaji/sm_folder/results/.snakemake/slurm_logs/rule_giraffe_call/ABOFRAM007401840180_5/11146135.log).
Select jobs to execute...
[Fri Sep 20 09:53:54 2024]
Finished job 1328.
391 of 886 steps (44%) done
Removing temporary output vg_map/ABOFRAM007301868101_11_11.vg.
Removing temporary output vg_map/ABOFRAM007301868101_11.pack.
Removing temporary output vg_map/ABOFRAM007301868101_pt11.snarls.
Execute 1 jobs...

[Fri Sep 20 09:53:54 2024]
rule giraffe_snarls:
    input: vg_map/ABOFRAM000703115255_19_19.vg
    output: vg_map/ABOFRAM000703115255_pt19.snarls
    log: logs/vg/giraffe_snarls_ABOFRAM000703115255_19.log
    jobid: 907
    reason: Missing output files: vg_map/ABOFRAM000703115255_pt19.snarls; Input files updated by another job: vg_map/ABOFRAM000703115255_19_19.vg
    wildcards: sample=ABOFRAM000703115255, chr=19
    resources: mem_mb=11444, mem_mib=954, disk_mb=1000, disk_mib=954, tmpdir=<TBD>, slurm_partition=workq, slurm_account=mnaji, mem=12GB, time=28800


        vg snarls vg_map/ABOFRAM000703115255_19_19.vg > vg_map/ABOFRAM000703115255_pt19.snarls
        
No wall time information given. This might or might not work on your cluster. If not, specify the resource runtime in your rule or as a reasonable default via --default-resources.
Job 907 has been submitted with SLURM jobid 11146136 (log: /work/project/CASCAD/mnaji/sm_folder/results/.snakemake/slurm_logs/rule_giraffe_snarls/ABOFRAM000703115255_19/11146136.log).
[Fri Sep 20 09:54:04 2024]
Finished job 1131.
392 of 886 steps (44%) done
Select jobs to execute...
Execute 1 jobs...

[Fri Sep 20 09:54:04 2024]
rule giraffe_chunk:
    input: vg_vg/ABOFRAM000709524730_wg.xg, vg_map/ABOFRAM000709524730.gam
    output: vg_map/ABOFRAM000709524730_28_28.gam
    log: logs/vg/giraffe_chunk_ABOFRAM000709524730_28.log
    jobid: 1261
    reason: Missing output files: vg_map/ABOFRAM000709524730_28_28.gam
    wildcards: sample=ABOFRAM000709524730, chr=28
    resources: mem_mb=28610, mem_mib=7630, disk_mb=246756, disk_mib=235325, tmpdir=<TBD>, slurm_partition=workq, slurm_account=mnaji, mem=30GB, time=28800


        vg chunk -x vg_vg/ABOFRAM000709524730_wg.xg -a vg_map/ABOFRAM000709524730.gam -C -p 28 -O pg --prefix vg_map/ABOFRAM000709524730_28 && ls -sh vg_map/ABOFRAM000709524730_28_28.gam
        
No wall time information given. This might or might not work on your cluster. If not, specify the resource runtime in your rule or as a reasonable default via --default-resources.
Job 1261 has been submitted with SLURM jobid 11146137 (log: /work/project/CASCAD/mnaji/sm_folder/results/.snakemake/slurm_logs/rule_giraffe_chunk/ABOFRAM000709524730_28/11146137.log).
[Fri Sep 20 09:54:14 2024]
Finished job 1235.
393 of 886 steps (44%) done
Removing temporary output vg_map/ABOFRAM000709524730_23_23.gam.
Select jobs to execute...
Execute 1 jobs...

[Fri Sep 20 09:54:14 2024]
rule giraffe_call:
    input: vg_map/ABOFRAM000709524730_23_23.vg, vg_map/ABOFRAM000709524730_23.pack, vg_map/ABOFRAM000709524730_pt23.snarls
    output: vg_call/ABOFRAM000709524730_23.vcf
    log: logs/vg/giraffe_call_ABOFRAM000709524730_23.log
    jobid: 1233
    reason: Missing output files: vg_call/ABOFRAM000709524730_23.vcf; Input files updated by another job: vg_map/ABOFRAM000709524730_23_23.vg, vg_map/ABOFRAM000709524730_pt23.snarls, vg_map/ABOFRAM000709524730_23.pack
    wildcards: sample=ABOFRAM000709524730, chr=23
    resources: mem_mb=11444, mem_mib=954, disk_mb=1000, disk_mib=954, tmpdir=<TBD>, slurm_partition=workq, slurm_account=mnaji, mem=12GB, time=28800


        vg call vg_map/ABOFRAM000709524730_23_23.vg -k vg_map/ABOFRAM000709524730_23.pack -r vg_map/ABOFRAM000709524730_pt23.snarls -s ABOFRAM000709524730 --threads 3 > vg_call/ABOFRAM000709524730_23.vcf 
        
No wall time information given. This might or might not work on your cluster. If not, specify the resource runtime in your rule or as a reasonable default via --default-resources.
Job 1233 has been submitted with SLURM jobid 11146139 (log: /work/project/CASCAD/mnaji/sm_folder/results/.snakemake/slurm_logs/rule_giraffe_call/ABOFRAM000709524730_23/11146139.log).
[Fri Sep 20 09:54:24 2024]
Finished job 1443.
394 of 886 steps (44%) done
Removing temporary output vg_map/ABOFRAM007401840180_3_3.vg.
Removing temporary output vg_map/ABOFRAM007401840180_3.pack.
Removing temporary output vg_map/ABOFRAM007401840180_pt3.snarls.
[Fri Sep 20 09:54:24 2024]
Finished job 1505.
395 of 886 steps (45%) done
Removing temporary output vg_map/ABOFRAM007401840180_15_15.gam.
[Fri Sep 20 09:54:24 2024]
Finished job 1025.
396 of 886 steps (45%) done
Removing temporary output vg_map/ABOFRAM000707401531_12_12.gam.
[Fri Sep 20 09:54:24 2024]
Finished job 1413.
397 of 886 steps (45%) done
Removing temporary output vg_map/ABOFRAM007301868101_28_28.vg.
Removing temporary output vg_map/ABOFRAM007301868101_28.pack.
Removing temporary output vg_map/ABOFRAM007301868101_pt28.snarls.
Select jobs to execute...
Execute 4 jobs...

[Fri Sep 20 09:54:25 2024]
rule giraffe_call:
    input: vg_map/ABOFRAM000707401531_12_12.vg, vg_map/ABOFRAM000707401531_12.pack, vg_map/ABOFRAM000707401531_pt12.snarls
    output: vg_call/ABOFRAM000707401531_12.vcf
    log: logs/vg/giraffe_call_ABOFRAM000707401531_12.log
    jobid: 1023
    reason: Missing output files: vg_call/ABOFRAM000707401531_12.vcf; Input files updated by another job: vg_map/ABOFRAM000707401531_12.pack, vg_map/ABOFRAM000707401531_pt12.snarls, vg_map/ABOFRAM000707401531_12_12.vg
    wildcards: sample=ABOFRAM000707401531, chr=12
    resources: mem_mb=11444, mem_mib=954, disk_mb=1000, disk_mib=954, tmpdir=<TBD>, slurm_partition=workq, slurm_account=mnaji, mem=12GB, time=28800


        vg call vg_map/ABOFRAM000707401531_12_12.vg -k vg_map/ABOFRAM000707401531_12.pack -r vg_map/ABOFRAM000707401531_pt12.snarls -s ABOFRAM000707401531 --threads 3 > vg_call/ABOFRAM000707401531_12.vcf 
        
No wall time information given. This might or might not work on your cluster. If not, specify the resource runtime in your rule or as a reasonable default via --default-resources.
Job 1023 has been submitted with SLURM jobid 11146140 (log: /work/project/CASCAD/mnaji/sm_folder/results/.snakemake/slurm_logs/rule_giraffe_call/ABOFRAM000707401531_12/11146140.log).

[Fri Sep 20 09:54:25 2024]
rule giraffe_chunk_vg:
    input: vg_vg/ABOFRAM007401840180_wg.xg
    output: vg_map/ABOFRAM007401840180_14_14.vg
    log: logs/vg/giraffe_chunk_vg_ABOFRAM007401840180_14.log
    jobid: 1499
    reason: Missing output files: vg_map/ABOFRAM007401840180_14_14.vg
    wildcards: sample=ABOFRAM007401840180, chr=14
    resources: mem_mb=11444, mem_mib=7630, disk_mb=9482, disk_mib=9043, tmpdir=<TBD>, slurm_partition=workq, slurm_account=mnaji, mem=12GB, time=28800


        vg chunk -x vg_vg/ABOFRAM007401840180_wg.xg -C -p 14 > vg_map/ABOFRAM007401840180_14_14.vg
        
No wall time information given. This might or might not work on your cluster. If not, specify the resource runtime in your rule or as a reasonable default via --default-resources.
Job 1499 has been submitted with SLURM jobid 11146141 (log: /work/project/CASCAD/mnaji/sm_folder/results/.snakemake/slurm_logs/rule_giraffe_chunk_vg/ABOFRAM007401840180_14/11146141.log).

[Fri Sep 20 09:54:25 2024]
rule giraffe_call:
    input: vg_map/ABOFRAM007401840180_15_15.vg, vg_map/ABOFRAM007401840180_15.pack, vg_map/ABOFRAM007401840180_pt15.snarls
    output: vg_call/ABOFRAM007401840180_15.vcf
    log: logs/vg/giraffe_call_ABOFRAM007401840180_15.log
    jobid: 1503
    reason: Missing output files: vg_call/ABOFRAM007401840180_15.vcf; Input files updated by another job: vg_map/ABOFRAM007401840180_pt15.snarls, vg_map/ABOFRAM007401840180_15.pack, vg_map/ABOFRAM007401840180_15_15.vg
    wildcards: sample=ABOFRAM007401840180, chr=15
    resources: mem_mb=11444, mem_mib=954, disk_mb=1000, disk_mib=954, tmpdir=<TBD>, slurm_partition=workq, slurm_account=mnaji, mem=12GB, time=28800


        vg call vg_map/ABOFRAM007401840180_15_15.vg -k vg_map/ABOFRAM007401840180_15.pack -r vg_map/ABOFRAM007401840180_pt15.snarls -s ABOFRAM007401840180 --threads 3 > vg_call/ABOFRAM007401840180_15.vcf 
        
No wall time information given. This might or might not work on your cluster. If not, specify the resource runtime in your rule or as a reasonable default via --default-resources.
Job 1503 has been submitted with SLURM jobid 11146142 (log: /work/project/CASCAD/mnaji/sm_folder/results/.snakemake/slurm_logs/rule_giraffe_call/ABOFRAM007401840180_15/11146142.log).

[Fri Sep 20 09:54:25 2024]
rule giraffe_chunk_vg:
    input: vg_vg/ABOFRAM007401840180_wg.xg
    output: vg_map/ABOFRAM007401840180_25_25.vg
    log: logs/vg/giraffe_chunk_vg_ABOFRAM007401840180_25.log
    jobid: 1554
    reason: Missing output files: vg_map/ABOFRAM007401840180_25_25.vg
    wildcards: sample=ABOFRAM007401840180, chr=25
    resources: mem_mb=11444, mem_mib=7630, disk_mb=9482, disk_mib=9043, tmpdir=<TBD>, slurm_partition=workq, slurm_account=mnaji, mem=12GB, time=28800


        vg chunk -x vg_vg/ABOFRAM007401840180_wg.xg -C -p 25 > vg_map/ABOFRAM007401840180_25_25.vg
        
No wall time information given. This might or might not work on your cluster. If not, specify the resource runtime in your rule or as a reasonable default via --default-resources.
Job 1554 has been submitted with SLURM jobid 11146143 (log: /work/project/CASCAD/mnaji/sm_folder/results/.snakemake/slurm_logs/rule_giraffe_chunk_vg/ABOFRAM007401840180_25/11146143.log).
Select jobs to execute...
[Fri Sep 20 09:54:35 2024]
Finished job 1021.
398 of 886 steps (45%) done
Execute 1 jobs...

[Fri Sep 20 09:54:35 2024]
rule giraffe_pack:
    input: vg_map/ABOFRAM000707401531_11_11.vg, vg_map/ABOFRAM000707401531_11_11.gam
    output: vg_map/ABOFRAM000707401531_11.pack
    log: logs/vg/giraffe_pack_ABOFRAM000707401531_11.log
    jobid: 1020
    reason: Missing output files: vg_map/ABOFRAM000707401531_11.pack; Input files updated by another job: vg_map/ABOFRAM000707401531_11_11.gam, vg_map/ABOFRAM000707401531_11_11.vg
    wildcards: sample=ABOFRAM000707401531, chr=11
    threads: 3
    resources: mem_mb=14305, mem_mib=7630, disk_mb=8552, disk_mib=8156, tmpdir=<TBD>, slurm_partition=workq, slurm_account=mnaji, mem=15GB, time=28800


        vg pack -x vg_map/ABOFRAM000707401531_11_11.vg -g vg_map/ABOFRAM000707401531_11_11.gam -Q 5 --threads 3 -o vg_map/ABOFRAM000707401531_11.pack
        
No wall time information given. This might or might not work on your cluster. If not, specify the resource runtime in your rule or as a reasonable default via --default-resources.
Job 1020 has been submitted with SLURM jobid 11146144 (log: /work/project/CASCAD/mnaji/sm_folder/results/.snakemake/slurm_logs/rule_giraffe_pack/ABOFRAM000707401531_11/11146144.log).
[Fri Sep 20 09:54:45 2024]
Finished job 1466.
399 of 886 steps (45%) done
[Fri Sep 20 09:54:45 2024]
Finished job 1473.
400 of 886 steps (45%) done
Removing temporary output vg_map/ABOFRAM007401840180_9_9.vg.
Removing temporary output vg_map/ABOFRAM007401840180_9.pack.
Removing temporary output vg_map/ABOFRAM007401840180_pt9.snarls.
[Fri Sep 20 09:54:45 2024]
Finished job 834.
401 of 886 steps (45%) done
[Fri Sep 20 09:54:45 2024]
Finished job 1227.
402 of 886 steps (45%) done
Select jobs to execute...
Execute 4 jobs...

[Fri Sep 20 09:54:45 2024]
rule giraffe_chunk:
    input: vg_vg/ABOFRAM000709524730_wg.xg, vg_map/ABOFRAM000709524730.gam
    output: vg_map/ABOFRAM000709524730_26_26.gam
    log: logs/vg/giraffe_chunk_ABOFRAM000709524730_26.log
    jobid: 1251
    reason: Missing output files: vg_map/ABOFRAM000709524730_26_26.gam
    wildcards: sample=ABOFRAM000709524730, chr=26
    resources: mem_mb=28610, mem_mib=7630, disk_mb=246756, disk_mib=235325, tmpdir=<TBD>, slurm_partition=workq, slurm_account=mnaji, mem=30GB, time=28800


        vg chunk -x vg_vg/ABOFRAM000709524730_wg.xg -a vg_map/ABOFRAM000709524730.gam -C -p 26 -O pg --prefix vg_map/ABOFRAM000709524730_26 && ls -sh vg_map/ABOFRAM000709524730_26_26.gam
        
No wall time information given. This might or might not work on your cluster. If not, specify the resource runtime in your rule or as a reasonable default via --default-resources.
Job 1251 has been submitted with SLURM jobid 11146145 (log: /work/project/CASCAD/mnaji/sm_folder/results/.snakemake/slurm_logs/rule_giraffe_chunk/ABOFRAM000709524730_26/11146145.log).

[Fri Sep 20 09:54:45 2024]
rule giraffe_pack:
    input: vg_map/ABOFRAM007401840180_7_7.vg, vg_map/ABOFRAM007401840180_7_7.gam
    output: vg_map/ABOFRAM007401840180_7.pack
    log: logs/vg/giraffe_pack_ABOFRAM007401840180_7.log
    jobid: 1465
    reason: Missing output files: vg_map/ABOFRAM007401840180_7.pack; Input files updated by another job: vg_map/ABOFRAM007401840180_7_7.gam, vg_map/ABOFRAM007401840180_7_7.vg
    wildcards: sample=ABOFRAM007401840180, chr=7
    threads: 3
    resources: mem_mb=14305, mem_mib=7051, disk_mb=7393, disk_mib=7051, tmpdir=<TBD>, slurm_partition=workq, slurm_account=mnaji, mem=15GB, time=28800


        vg pack -x vg_map/ABOFRAM007401840180_7_7.vg -g vg_map/ABOFRAM007401840180_7_7.gam -Q 5 --threads 3 -o vg_map/ABOFRAM007401840180_7.pack
        
No wall time information given. This might or might not work on your cluster. If not, specify the resource runtime in your rule or as a reasonable default via --default-resources.
Job 1465 has been submitted with SLURM jobid 11146146 (log: /work/project/CASCAD/mnaji/sm_folder/results/.snakemake/slurm_logs/rule_giraffe_pack/ABOFRAM007401840180_7/11146146.log).

[Fri Sep 20 09:54:45 2024]
rule giraffe_chunk_vg:
    input: vg_vg/ABOFRAM000709524730_wg.xg
    output: vg_map/ABOFRAM000709524730_9_9.vg
    log: logs/vg/giraffe_chunk_vg_ABOFRAM000709524730_9.log
    jobid: 1164
    reason: Missing output files: vg_map/ABOFRAM000709524730_9_9.vg
    wildcards: sample=ABOFRAM000709524730, chr=9
    resources: mem_mb=11444, mem_mib=7630, disk_mb=9485, disk_mib=9046, tmpdir=<TBD>, slurm_partition=workq, slurm_account=mnaji, mem=12GB, time=28800


        vg chunk -x vg_vg/ABOFRAM000709524730_wg.xg -C -p 9 > vg_map/ABOFRAM000709524730_9_9.vg
        
No wall time information given. This might or might not work on your cluster. If not, specify the resource runtime in your rule or as a reasonable default via --default-resources.
Job 1164 has been submitted with SLURM jobid 11146147 (log: /work/project/CASCAD/mnaji/sm_folder/results/.snakemake/slurm_logs/rule_giraffe_chunk_vg/ABOFRAM000709524730_9/11146147.log).

[Fri Sep 20 09:54:45 2024]
rule giraffe_snarls:
    input: vg_map/ABOFRAM000703115255_5_5.vg
    output: vg_map/ABOFRAM000703115255_pt5.snarls
    log: logs/vg/giraffe_snarls_ABOFRAM000703115255_5.log
    jobid: 837
    reason: Missing output files: vg_map/ABOFRAM000703115255_pt5.snarls; Input files updated by another job: vg_map/ABOFRAM000703115255_5_5.vg
    wildcards: sample=ABOFRAM000703115255, chr=5
    resources: mem_mb=11444, mem_mib=954, disk_mb=1000, disk_mib=954, tmpdir=<TBD>, slurm_partition=workq, slurm_account=mnaji, mem=12GB, time=28800


        vg snarls vg_map/ABOFRAM000703115255_5_5.vg > vg_map/ABOFRAM000703115255_pt5.snarls
        
No wall time information given. This might or might not work on your cluster. If not, specify the resource runtime in your rule or as a reasonable default via --default-resources.
Job 837 has been submitted with SLURM jobid 11146148 (log: /work/project/CASCAD/mnaji/sm_folder/results/.snakemake/slurm_logs/rule_giraffe_snarls/ABOFRAM000703115255_5/11146148.log).
Select jobs to execute...
[Fri Sep 20 09:54:55 2024]
Finished job 1048.
403 of 886 steps (45%) done
Removing temporary output vg_map/ABOFRAM000707401531_17_17.vg.
Removing temporary output vg_map/ABOFRAM000707401531_17.pack.
Removing temporary output vg_map/ABOFRAM000707401531_pt17.snarls.
[Fri Sep 20 09:54:55 2024]
Finished job 1372.
404 of 886 steps (46%) done
Execute 2 jobs...

[Fri Sep 20 09:54:55 2024]
rule giraffe_chunk_vg:
    input: vg_vg/ABOFRAM000709524730_wg.xg
    output: vg_map/ABOFRAM000709524730_14_14.vg
    log: logs/vg/giraffe_chunk_vg_ABOFRAM000709524730_14.log
    jobid: 1189
    reason: Missing output files: vg_map/ABOFRAM000709524730_14_14.vg
    wildcards: sample=ABOFRAM000709524730, chr=14
    resources: mem_mb=11444, mem_mib=7630, disk_mb=9485, disk_mib=9046, tmpdir=<TBD>, slurm_partition=workq, slurm_account=mnaji, mem=12GB, time=28800


        vg chunk -x vg_vg/ABOFRAM000709524730_wg.xg -C -p 14 > vg_map/ABOFRAM000709524730_14_14.vg
        
No wall time information given. This might or might not work on your cluster. If not, specify the resource runtime in your rule or as a reasonable default via --default-resources.
Job 1189 has been submitted with SLURM jobid 11146149 (log: /work/project/CASCAD/mnaji/sm_folder/results/.snakemake/slurm_logs/rule_giraffe_chunk_vg/ABOFRAM000709524730_14/11146149.log).

[Fri Sep 20 09:54:55 2024]
rule giraffe_chunk:
    input: vg_vg/ABOFRAM000703115255_wg.xg, vg_map/ABOFRAM000703115255.gam
    output: vg_map/ABOFRAM000703115255_20_20.gam
    log: logs/vg/giraffe_chunk_ABOFRAM000703115255_20.log
    jobid: 911
    reason: Missing output files: vg_map/ABOFRAM000703115255_20_20.gam
    wildcards: sample=ABOFRAM000703115255, chr=20
    resources: mem_mb=28610, mem_mib=7630, disk_mb=273960, disk_mib=261269, tmpdir=<TBD>, slurm_partition=workq, slurm_account=mnaji, mem=30GB, time=28800


        vg chunk -x vg_vg/ABOFRAM000703115255_wg.xg -a vg_map/ABOFRAM000703115255.gam -C -p 20 -O pg --prefix vg_map/ABOFRAM000703115255_20 && ls -sh vg_map/ABOFRAM000703115255_20_20.gam
        
No wall time information given. This might or might not work on your cluster. If not, specify the resource runtime in your rule or as a reasonable default via --default-resources.
Job 911 has been submitted with SLURM jobid 11146150 (log: /work/project/CASCAD/mnaji/sm_folder/results/.snakemake/slurm_logs/rule_giraffe_chunk/ABOFRAM000703115255_20/11146150.log).
Select jobs to execute...
[Fri Sep 20 09:55:05 2024]
Finished job 1499.
405 of 886 steps (46%) done
Execute 1 jobs...

[Fri Sep 20 09:55:05 2024]
rule giraffe_snarls:
    input: vg_map/ABOFRAM007401840180_14_14.vg
    output: vg_map/ABOFRAM007401840180_pt14.snarls
    log: logs/vg/giraffe_snarls_ABOFRAM007401840180_14.log
    jobid: 1502
    reason: Missing output files: vg_map/ABOFRAM007401840180_pt14.snarls; Input files updated by another job: vg_map/ABOFRAM007401840180_14_14.vg
    wildcards: sample=ABOFRAM007401840180, chr=14
    resources: mem_mb=11444, mem_mib=954, disk_mb=1000, disk_mib=954, tmpdir=<TBD>, slurm_partition=workq, slurm_account=mnaji, mem=12GB, time=28800


        vg snarls vg_map/ABOFRAM007401840180_14_14.vg > vg_map/ABOFRAM007401840180_pt14.snarls
        
No wall time information given. This might or might not work on your cluster. If not, specify the resource runtime in your rule or as a reasonable default via --default-resources.
Job 1502 has been submitted with SLURM jobid 11146161 (log: /work/project/CASCAD/mnaji/sm_folder/results/.snakemake/slurm_logs/rule_giraffe_snarls/ABOFRAM007401840180_14/11146161.log).
[Fri Sep 20 09:55:35 2024]
Finished job 931.
406 of 886 steps (46%) done
[Fri Sep 20 09:55:35 2024]
Finished job 1313.
407 of 886 steps (46%) done
Removing temporary output vg_map/ABOFRAM007301868101_8_8.vg.
Removing temporary output vg_map/ABOFRAM007301868101_8.pack.
Removing temporary output vg_map/ABOFRAM007301868101_pt8.snarls.
[Fri Sep 20 09:55:35 2024]
Finished job 907.
408 of 886 steps (46%) done
[Fri Sep 20 09:55:35 2024]
Finished job 1554.
409 of 886 steps (46%) done
[Fri Sep 20 09:55:35 2024]
Finished job 1164.
410 of 886 steps (46%) done
Select jobs to execute...
Execute 5 jobs...

[Fri Sep 20 09:55:35 2024]
rule giraffe_snarls:
    input: vg_map/ABOFRAM000709524730_9_9.vg
    output: vg_map/ABOFRAM000709524730_pt9.snarls
    log: logs/vg/giraffe_snarls_ABOFRAM000709524730_9.log
    jobid: 1167
    reason: Missing output files: vg_map/ABOFRAM000709524730_pt9.snarls; Input files updated by another job: vg_map/ABOFRAM000709524730_9_9.vg
    wildcards: sample=ABOFRAM000709524730, chr=9
    resources: mem_mb=11444, mem_mib=954, disk_mb=1000, disk_mib=954, tmpdir=<TBD>, slurm_partition=workq, slurm_account=mnaji, mem=12GB, time=28800


        vg snarls vg_map/ABOFRAM000709524730_9_9.vg > vg_map/ABOFRAM000709524730_pt9.snarls
        
No wall time information given. This might or might not work on your cluster. If not, specify the resource runtime in your rule or as a reasonable default via --default-resources.
Job 1167 has been submitted with SLURM jobid 11146218 (log: /work/project/CASCAD/mnaji/sm_folder/results/.snakemake/slurm_logs/rule_giraffe_snarls/ABOFRAM000709524730_9/11146218.log).

[Fri Sep 20 09:55:35 2024]
rule giraffe_chunk_vg:
    input: vg_vg/ABOFRAM007401840180_wg.xg
    output: vg_map/ABOFRAM007401840180_22_22.vg
    log: logs/vg/giraffe_chunk_vg_ABOFRAM007401840180_22.log
    jobid: 1539
    reason: Missing output files: vg_map/ABOFRAM007401840180_22_22.vg
    wildcards: sample=ABOFRAM007401840180, chr=22
    resources: mem_mb=11444, mem_mib=7630, disk_mb=9482, disk_mib=9043, tmpdir=<TBD>, slurm_partition=workq, slurm_account=mnaji, mem=12GB, time=28800


        vg chunk -x vg_vg/ABOFRAM007401840180_wg.xg -C -p 22 > vg_map/ABOFRAM007401840180_22_22.vg
        
No wall time information given. This might or might not work on your cluster. If not, specify the resource runtime in your rule or as a reasonable default via --default-resources.
Job 1539 has been submitted with SLURM jobid 11146219 (log: /work/project/CASCAD/mnaji/sm_folder/results/.snakemake/slurm_logs/rule_giraffe_chunk_vg/ABOFRAM007401840180_22/11146219.log).

[Fri Sep 20 09:55:35 2024]
rule giraffe_snarls:
    input: vg_map/ABOFRAM007401840180_25_25.vg
    output: vg_map/ABOFRAM007401840180_pt25.snarls
    log: logs/vg/giraffe_snarls_ABOFRAM007401840180_25.log
    jobid: 1557
    reason: Missing output files: vg_map/ABOFRAM007401840180_pt25.snarls; Input files updated by another job: vg_map/ABOFRAM007401840180_25_25.vg
    wildcards: sample=ABOFRAM007401840180, chr=25
    resources: mem_mb=11444, mem_mib=954, disk_mb=1000, disk_mib=954, tmpdir=<TBD>, slurm_partition=workq, slurm_account=mnaji, mem=12GB, time=28800


        vg snarls vg_map/ABOFRAM007401840180_25_25.vg > vg_map/ABOFRAM007401840180_pt25.snarls
        
No wall time information given. This might or might not work on your cluster. If not, specify the resource runtime in your rule or as a reasonable default via --default-resources.
Job 1557 has been submitted with SLURM jobid 11146220 (log: /work/project/CASCAD/mnaji/sm_folder/results/.snakemake/slurm_logs/rule_giraffe_snarls/ABOFRAM007401840180_25/11146220.log).

[Fri Sep 20 09:55:36 2024]
rule giraffe_pack:
    input: vg_map/ABOFRAM000703115255_24_24.vg, vg_map/ABOFRAM000703115255_24_24.gam
    output: vg_map/ABOFRAM000703115255_24.pack
    log: logs/vg/giraffe_pack_ABOFRAM000703115255_24.log
    jobid: 930
    reason: Missing output files: vg_map/ABOFRAM000703115255_24.pack; Input files updated by another job: vg_map/ABOFRAM000703115255_24_24.gam, vg_map/ABOFRAM000703115255_24_24.vg
    wildcards: sample=ABOFRAM000703115255, chr=24
    threads: 3
    resources: mem_mb=14305, mem_mib=5421, disk_mb=5684, disk_mib=5421, tmpdir=<TBD>, slurm_partition=workq, slurm_account=mnaji, mem=15GB, time=28800


        vg pack -x vg_map/ABOFRAM000703115255_24_24.vg -g vg_map/ABOFRAM000703115255_24_24.gam -Q 5 --threads 3 -o vg_map/ABOFRAM000703115255_24.pack
        
No wall time information given. This might or might not work on your cluster. If not, specify the resource runtime in your rule or as a reasonable default via --default-resources.
Job 930 has been submitted with SLURM jobid 11146221 (log: /work/project/CASCAD/mnaji/sm_folder/results/.snakemake/slurm_logs/rule_giraffe_pack/ABOFRAM000703115255_24/11146221.log).

[Fri Sep 20 09:55:36 2024]
rule giraffe_pack:
    input: vg_map/ABOFRAM007401840180_25_25.vg, vg_map/ABOFRAM007401840180_25_25.gam
    output: vg_map/ABOFRAM007401840180_25.pack
    log: logs/vg/giraffe_pack_ABOFRAM007401840180_25.log
    jobid: 1555
    reason: Missing output files: vg_map/ABOFRAM007401840180_25.pack; Input files updated by another job: vg_map/ABOFRAM007401840180_25_25.vg, vg_map/ABOFRAM007401840180_25_25.gam
    wildcards: sample=ABOFRAM007401840180, chr=25
    threads: 3
    resources: mem_mb=14305, mem_mib=2766, disk_mb=2900, disk_mib=2766, tmpdir=<TBD>, slurm_partition=workq, slurm_account=mnaji, mem=15GB, time=28800


        vg pack -x vg_map/ABOFRAM007401840180_25_25.vg -g vg_map/ABOFRAM007401840180_25_25.gam -Q 5 --threads 3 -o vg_map/ABOFRAM007401840180_25.pack
        
No wall time information given. This might or might not work on your cluster. If not, specify the resource runtime in your rule or as a reasonable default via --default-resources.
Job 1555 has been submitted with SLURM jobid 11146222 (log: /work/project/CASCAD/mnaji/sm_folder/results/.snakemake/slurm_logs/rule_giraffe_pack/ABOFRAM007401840180_25/11146222.log).
Select jobs to execute...
[Fri Sep 20 09:55:45 2024]
Finished job 1233.
411 of 886 steps (46%) done
Removing temporary output vg_map/ABOFRAM000709524730_23_23.vg.
Removing temporary output vg_map/ABOFRAM000709524730_23.pack.
Removing temporary output vg_map/ABOFRAM000709524730_pt23.snarls.
Execute 1 jobs...

[Fri Sep 20 09:55:45 2024]
rule giraffe_chunk:
    input: vg_vg/ABOFRAM007401840180_wg.xg, vg_map/ABOFRAM007401840180.gam
    output: vg_map/ABOFRAM007401840180_28_28.gam
    log: logs/vg/giraffe_chunk_ABOFRAM007401840180_28.log
    jobid: 1571
    reason: Missing output files: vg_map/ABOFRAM007401840180_28_28.gam
    wildcards: sample=ABOFRAM007401840180, chr=28
    resources: mem_mb=28610, mem_mib=7630, disk_mb=196150, disk_mib=187064, tmpdir=<TBD>, slurm_partition=workq, slurm_account=mnaji, mem=30GB, time=28800


        vg chunk -x vg_vg/ABOFRAM007401840180_wg.xg -a vg_map/ABOFRAM007401840180.gam -C -p 28 -O pg --prefix vg_map/ABOFRAM007401840180_28 && ls -sh vg_map/ABOFRAM007401840180_28_28.gam
        
No wall time information given. This might or might not work on your cluster. If not, specify the resource runtime in your rule or as a reasonable default via --default-resources.
Job 1571 has been submitted with SLURM jobid 11146245 (log: /work/project/CASCAD/mnaji/sm_folder/results/.snakemake/slurm_logs/rule_giraffe_chunk/ABOFRAM007401840180_28/11146245.log).
[Fri Sep 20 09:55:55 2024]
Finished job 1041.
412 of 886 steps (47%) done
[Fri Sep 20 09:55:55 2024]
Finished job 1155.
413 of 886 steps (47%) done
Removing temporary output vg_map/ABOFRAM000709524730_7_7.gam.
[Fri Sep 20 09:55:55 2024]
Finished job 1189.
414 of 886 steps (47%) done
Select jobs to execute...
Execute 3 jobs...

[Fri Sep 20 09:55:55 2024]
rule giraffe_pack:
    input: vg_map/ABOFRAM000709524730_14_14.vg, vg_map/ABOFRAM000709524730_14_14.gam
    output: vg_map/ABOFRAM000709524730_14.pack
    log: logs/vg/giraffe_pack_ABOFRAM000709524730_14.log
    jobid: 1190
    reason: Missing output files: vg_map/ABOFRAM000709524730_14.pack; Input files updated by another job: vg_map/ABOFRAM000709524730_14_14.vg, vg_map/ABOFRAM000709524730_14_14.gam
    wildcards: sample=ABOFRAM000709524730, chr=14
    threads: 3
    resources: mem_mb=14305, mem_mib=6120, disk_mb=6417, disk_mib=6120, tmpdir=<TBD>, slurm_partition=workq, slurm_account=mnaji, mem=15GB, time=28800


        vg pack -x vg_map/ABOFRAM000709524730_14_14.vg -g vg_map/ABOFRAM000709524730_14_14.gam -Q 5 --threads 3 -o vg_map/ABOFRAM000709524730_14.pack
        
No wall time information given. This might or might not work on your cluster. If not, specify the resource runtime in your rule or as a reasonable default via --default-resources.
Job 1190 has been submitted with SLURM jobid 11146248 (log: /work/project/CASCAD/mnaji/sm_folder/results/.snakemake/slurm_logs/rule_giraffe_pack/ABOFRAM000709524730_14/11146248.log).

[Fri Sep 20 09:55:55 2024]
rule giraffe_pack:
    input: vg_map/ABOFRAM000707401531_15_15.vg, vg_map/ABOFRAM000707401531_15_15.gam
    output: vg_map/ABOFRAM000707401531_15.pack
    log: logs/vg/giraffe_pack_ABOFRAM000707401531_15.log
    jobid: 1040
    reason: Missing output files: vg_map/ABOFRAM000707401531_15.pack; Input files updated by another job: vg_map/ABOFRAM000707401531_15_15.gam, vg_map/ABOFRAM000707401531_15_15.vg
    wildcards: sample=ABOFRAM000707401531, chr=15
    threads: 3
    resources: mem_mb=14305, mem_mib=6265, disk_mb=6569, disk_mib=6265, tmpdir=<TBD>, slurm_partition=workq, slurm_account=mnaji, mem=15GB, time=28800


        vg pack -x vg_map/ABOFRAM000707401531_15_15.vg -g vg_map/ABOFRAM000707401531_15_15.gam -Q 5 --threads 3 -o vg_map/ABOFRAM000707401531_15.pack
        
No wall time information given. This might or might not work on your cluster. If not, specify the resource runtime in your rule or as a reasonable default via --default-resources.
Job 1040 has been submitted with SLURM jobid 11146249 (log: /work/project/CASCAD/mnaji/sm_folder/results/.snakemake/slurm_logs/rule_giraffe_pack/ABOFRAM000707401531_15/11146249.log).

[Fri Sep 20 09:55:56 2024]
rule giraffe_call:
    input: vg_map/ABOFRAM000709524730_7_7.vg, vg_map/ABOFRAM000709524730_7.pack, vg_map/ABOFRAM000709524730_pt7.snarls
    output: vg_call/ABOFRAM000709524730_7.vcf
    log: logs/vg/giraffe_call_ABOFRAM000709524730_7.log
    jobid: 1153
    reason: Missing output files: vg_call/ABOFRAM000709524730_7.vcf; Input files updated by another job: vg_map/ABOFRAM000709524730_pt7.snarls, vg_map/ABOFRAM000709524730_7.pack, vg_map/ABOFRAM000709524730_7_7.vg
    wildcards: sample=ABOFRAM000709524730, chr=7
    resources: mem_mb=11444, mem_mib=954, disk_mb=1000, disk_mib=954, tmpdir=<TBD>, slurm_partition=workq, slurm_account=mnaji, mem=12GB, time=28800


        vg call vg_map/ABOFRAM000709524730_7_7.vg -k vg_map/ABOFRAM000709524730_7.pack -r vg_map/ABOFRAM000709524730_pt7.snarls -s ABOFRAM000709524730 --threads 3 > vg_call/ABOFRAM000709524730_7.vcf 
        
No wall time information given. This might or might not work on your cluster. If not, specify the resource runtime in your rule or as a reasonable default via --default-resources.
Job 1153 has been submitted with SLURM jobid 11146250 (log: /work/project/CASCAD/mnaji/sm_folder/results/.snakemake/slurm_logs/rule_giraffe_call/ABOFRAM000709524730_7/11146250.log).
Select jobs to execute...
[Fri Sep 20 09:56:05 2024]
Finished job 1502.
415 of 886 steps (47%) done
Execute 1 jobs...

[Fri Sep 20 09:56:05 2024]
rule giraffe_snarls:
    input: vg_map/ABOFRAM000709524730_14_14.vg
    output: vg_map/ABOFRAM000709524730_pt14.snarls
    log: logs/vg/giraffe_snarls_ABOFRAM000709524730_14.log
    jobid: 1192
    reason: Missing output files: vg_map/ABOFRAM000709524730_pt14.snarls; Input files updated by another job: vg_map/ABOFRAM000709524730_14_14.vg
    wildcards: sample=ABOFRAM000709524730, chr=14
    resources: mem_mb=11444, mem_mib=954, disk_mb=1000, disk_mib=954, tmpdir=<TBD>, slurm_partition=workq, slurm_account=mnaji, mem=12GB, time=28800


        vg snarls vg_map/ABOFRAM000709524730_14_14.vg > vg_map/ABOFRAM000709524730_pt14.snarls
        
No wall time information given. This might or might not work on your cluster. If not, specify the resource runtime in your rule or as a reasonable default via --default-resources.
Job 1192 has been submitted with SLURM jobid 11146253 (log: /work/project/CASCAD/mnaji/sm_folder/results/.snakemake/slurm_logs/rule_giraffe_snarls/ABOFRAM000709524730_14/11146253.log).
[Fri Sep 20 09:56:15 2024]
Finished job 1343.
416 of 886 steps (47%) done
Removing temporary output vg_map/ABOFRAM007301868101_14_14.vg.
Removing temporary output vg_map/ABOFRAM007301868101_14.pack.
Removing temporary output vg_map/ABOFRAM007301868101_pt14.snarls.
[Fri Sep 20 09:56:15 2024]
Finished job 837.
417 of 886 steps (47%) done
Select jobs to execute...
Execute 2 jobs...

[Fri Sep 20 09:56:15 2024]
rule giraffe_chunk_vg:
    input: vg_vg/ABOFRAM000709524730_wg.xg
    output: vg_map/ABOFRAM000709524730_19_19.vg
    log: logs/vg/giraffe_chunk_vg_ABOFRAM000709524730_19.log
    jobid: 1214
    reason: Missing output files: vg_map/ABOFRAM000709524730_19_19.vg
    wildcards: sample=ABOFRAM000709524730, chr=19
    resources: mem_mb=11444, mem_mib=7630, disk_mb=9485, disk_mib=9046, tmpdir=<TBD>, slurm_partition=workq, slurm_account=mnaji, mem=12GB, time=28800


        vg chunk -x vg_vg/ABOFRAM000709524730_wg.xg -C -p 19 > vg_map/ABOFRAM000709524730_19_19.vg
        
No wall time information given. This might or might not work on your cluster. If not, specify the resource runtime in your rule or as a reasonable default via --default-resources.
Job 1214 has been submitted with SLURM jobid 11146254 (log: /work/project/CASCAD/mnaji/sm_folder/results/.snakemake/slurm_logs/rule_giraffe_chunk_vg/ABOFRAM000709524730_19/11146254.log).

[Fri Sep 20 09:56:16 2024]
rule giraffe_chunk_vg:
    input: vg_vg/ABOFRAM000709524730_wg.xg
    output: vg_map/ABOFRAM000709524730_6_6.vg
    log: logs/vg/giraffe_chunk_vg_ABOFRAM000709524730_6.log
    jobid: 1149
    reason: Missing output files: vg_map/ABOFRAM000709524730_6_6.vg
    wildcards: sample=ABOFRAM000709524730, chr=6
    resources: mem_mb=11444, mem_mib=7630, disk_mb=9485, disk_mib=9046, tmpdir=<TBD>, slurm_partition=workq, slurm_account=mnaji, mem=12GB, time=28800


        vg chunk -x vg_vg/ABOFRAM000709524730_wg.xg -C -p 6 > vg_map/ABOFRAM000709524730_6_6.vg
        
No wall time information given. This might or might not work on your cluster. If not, specify the resource runtime in your rule or as a reasonable default via --default-resources.
Job 1149 has been submitted with SLURM jobid 11146255 (log: /work/project/CASCAD/mnaji/sm_folder/results/.snakemake/slurm_logs/rule_giraffe_chunk_vg/ABOFRAM000709524730_6/11146255.log).
Select jobs to execute...
[Fri Sep 20 09:56:25 2024]
Finished job 1370.
418 of 886 steps (47%) done
Removing temporary output vg_map/ABOFRAM007301868101_19_19.gam.
[Fri Sep 20 09:56:25 2024]
Finished job 1225.
419 of 886 steps (47%) done
Removing temporary output vg_map/ABOFRAM000709524730_21_21.gam.
Execute 2 jobs...

[Fri Sep 20 09:56:25 2024]
rule giraffe_call:
    input: vg_map/ABOFRAM007301868101_19_19.vg, vg_map/ABOFRAM007301868101_19.pack, vg_map/ABOFRAM007301868101_pt19.snarls
    output: vg_call/ABOFRAM007301868101_19.vcf
    log: logs/vg/giraffe_call_ABOFRAM007301868101_19.log
    jobid: 1368
    reason: Missing output files: vg_call/ABOFRAM007301868101_19.vcf; Input files updated by another job: vg_map/ABOFRAM007301868101_19.pack, vg_map/ABOFRAM007301868101_19_19.vg, vg_map/ABOFRAM007301868101_pt19.snarls
    wildcards: sample=ABOFRAM007301868101, chr=19
    resources: mem_mb=11444, mem_mib=954, disk_mb=1000, disk_mib=954, tmpdir=<TBD>, slurm_partition=workq, slurm_account=mnaji, mem=12GB, time=28800


        vg call vg_map/ABOFRAM007301868101_19_19.vg -k vg_map/ABOFRAM007301868101_19.pack -r vg_map/ABOFRAM007301868101_pt19.snarls -s ABOFRAM007301868101 --threads 3 > vg_call/ABOFRAM007301868101_19.vcf 
        
No wall time information given. This might or might not work on your cluster. If not, specify the resource runtime in your rule or as a reasonable default via --default-resources.
Job 1368 has been submitted with SLURM jobid 11146256 (log: /work/project/CASCAD/mnaji/sm_folder/results/.snakemake/slurm_logs/rule_giraffe_call/ABOFRAM007301868101_19/11146256.log).

[Fri Sep 20 09:56:26 2024]
rule giraffe_call:
    input: vg_map/ABOFRAM000709524730_21_21.vg, vg_map/ABOFRAM000709524730_21.pack, vg_map/ABOFRAM000709524730_pt21.snarls
    output: vg_call/ABOFRAM000709524730_21.vcf
    log: logs/vg/giraffe_call_ABOFRAM000709524730_21.log
    jobid: 1223
    reason: Missing output files: vg_call/ABOFRAM000709524730_21.vcf; Input files updated by another job: vg_map/ABOFRAM000709524730_pt21.snarls, vg_map/ABOFRAM000709524730_21_21.vg, vg_map/ABOFRAM000709524730_21.pack
    wildcards: sample=ABOFRAM000709524730, chr=21
    resources: mem_mb=11444, mem_mib=954, disk_mb=1000, disk_mib=954, tmpdir=<TBD>, slurm_partition=workq, slurm_account=mnaji, mem=12GB, time=28800


        vg call vg_map/ABOFRAM000709524730_21_21.vg -k vg_map/ABOFRAM000709524730_21.pack -r vg_map/ABOFRAM000709524730_pt21.snarls -s ABOFRAM000709524730 --threads 3 > vg_call/ABOFRAM000709524730_21.vcf 
        
No wall time information given. This might or might not work on your cluster. If not, specify the resource runtime in your rule or as a reasonable default via --default-resources.
Job 1223 has been submitted with SLURM jobid 11146257 (log: /work/project/CASCAD/mnaji/sm_folder/results/.snakemake/slurm_logs/rule_giraffe_call/ABOFRAM000709524730_21/11146257.log).
Select jobs to execute...
[Fri Sep 20 09:56:35 2024]
Finished job 1448.
420 of 886 steps (47%) done
Removing temporary output vg_map/ABOFRAM007401840180_4_4.vg.
Removing temporary output vg_map/ABOFRAM007401840180_4.pack.
Removing temporary output vg_map/ABOFRAM007401840180_pt4.snarls.
[Fri Sep 20 09:56:36 2024]
Finished job 1453.
421 of 886 steps (48%) done
Removing temporary output vg_map/ABOFRAM007401840180_5_5.vg.
Removing temporary output vg_map/ABOFRAM007401840180_5.pack.
Removing temporary output vg_map/ABOFRAM007401840180_pt5.snarls.
[Fri Sep 20 09:56:36 2024]
Finished job 1023.
422 of 886 steps (48%) done
Removing temporary output vg_map/ABOFRAM000707401531_12_12.vg.
Removing temporary output vg_map/ABOFRAM000707401531_12.pack.
Removing temporary output vg_map/ABOFRAM000707401531_pt12.snarls.
[Fri Sep 20 09:56:36 2024]
Finished job 1539.
423 of 886 steps (48%) done
Execute 4 jobs...

[Fri Sep 20 09:56:36 2024]
rule modified_panel_vcf:
    input: /work/project/CASCAD/mnaji/sm_folder/results/vcf_lr/ABOFRAM000709524730_pbsv.vcf.gz
    output: svtyper/modif_panel1_ABOFRAM000709524730.vcf
    log: logs/svtyper/modified_panel_vcf_ABOFRAM000709524730.log
    jobid: 1760
    reason: Missing output files: svtyper/modif_panel1_ABOFRAM000709524730.vcf
    wildcards: sample=ABOFRAM000709524730
    resources: mem_mb=11444, mem_mib=954, disk_mb=1000, disk_mib=954, tmpdir=<TBD>, slurm_partition=workq, slurm_account=mnaji, mem=12GB, time=28800


        bcftools view /work/project/CASCAD/mnaji/sm_folder/results/vcf_lr/ABOFRAM000709524730_pbsv.vcf.gz | grep '^#' > svtyper/modif_panel1_ABOFRAM000709524730.vcf; 
        bcftools view /work/project/CASCAD/mnaji/sm_folder/results/vcf_lr/ABOFRAM000709524730_pbsv.vcf.gz | grep -v '^#' |  sed 's/SVLEN/CIPOS\=-100,100\;CIEND\=-100,100\;CIPOS95=0,0\;CIEND95=0,0\;SVLEN/g' >> svtyper/modif_panel1_ABOFRAM000709524730.vcf
        
No wall time information given. This might or might not work on your cluster. If not, specify the resource runtime in your rule or as a reasonable default via --default-resources.
Job 1760 has been submitted with SLURM jobid 11146258 (log: /work/project/CASCAD/mnaji/sm_folder/results/.snakemake/slurm_logs/rule_modified_panel_vcf/ABOFRAM000709524730/11146258.log).

[Fri Sep 20 09:56:36 2024]
rule giraffe_chunk:
    input: vg_vg/ABOFRAM007301868101_wg.xg, vg_map/ABOFRAM007301868101.gam
    output: vg_map/ABOFRAM007301868101_12_12.gam
    log: logs/vg/giraffe_chunk_ABOFRAM007301868101_12.log
    jobid: 1336
    reason: Missing output files: vg_map/ABOFRAM007301868101_12_12.gam
    wildcards: sample=ABOFRAM007301868101, chr=12
    resources: mem_mb=28610, mem_mib=7630, disk_mb=185244, disk_mib=176663, tmpdir=<TBD>, slurm_partition=workq, slurm_account=mnaji, mem=30GB, time=28800


        vg chunk -x vg_vg/ABOFRAM007301868101_wg.xg -a vg_map/ABOFRAM007301868101.gam -C -p 12 -O pg --prefix vg_map/ABOFRAM007301868101_12 && ls -sh vg_map/ABOFRAM007301868101_12_12.gam
        
No wall time information given. This might or might not work on your cluster. If not, specify the resource runtime in your rule or as a reasonable default via --default-resources.
Job 1336 has been submitted with SLURM jobid 11146259 (log: /work/project/CASCAD/mnaji/sm_folder/results/.snakemake/slurm_logs/rule_giraffe_chunk/ABOFRAM007301868101_12/11146259.log).

[Fri Sep 20 09:56:36 2024]
rule giraffe_pack:
    input: vg_map/ABOFRAM007401840180_22_22.vg, vg_map/ABOFRAM007401840180_22_22.gam
    output: vg_map/ABOFRAM007401840180_22.pack
    log: logs/vg/giraffe_pack_ABOFRAM007401840180_22.log
    jobid: 1540
    reason: Missing output files: vg_map/ABOFRAM007401840180_22.pack; Input files updated by another job: vg_map/ABOFRAM007401840180_22_22.gam, vg_map/ABOFRAM007401840180_22_22.vg
    wildcards: sample=ABOFRAM007401840180, chr=22
    threads: 3
    resources: mem_mb=14305, mem_mib=3997, disk_mb=4191, disk_mib=3997, tmpdir=<TBD>, slurm_partition=workq, slurm_account=mnaji, mem=15GB, time=28800


        vg pack -x vg_map/ABOFRAM007401840180_22_22.vg -g vg_map/ABOFRAM007401840180_22_22.gam -Q 5 --threads 3 -o vg_map/ABOFRAM007401840180_22.pack
        
No wall time information given. This might or might not work on your cluster. If not, specify the resource runtime in your rule or as a reasonable default via --default-resources.
Job 1540 has been submitted with SLURM jobid 11146260 (log: /work/project/CASCAD/mnaji/sm_folder/results/.snakemake/slurm_logs/rule_giraffe_pack/ABOFRAM007401840180_22/11146260.log).

[Fri Sep 20 09:56:36 2024]
rule giraffe_snarls:
    input: vg_map/ABOFRAM007401840180_22_22.vg
    output: vg_map/ABOFRAM007401840180_pt22.snarls
    log: logs/vg/giraffe_snarls_ABOFRAM007401840180_22.log
    jobid: 1542
    reason: Missing output files: vg_map/ABOFRAM007401840180_pt22.snarls; Input files updated by another job: vg_map/ABOFRAM007401840180_22_22.vg
    wildcards: sample=ABOFRAM007401840180, chr=22
    resources: mem_mb=11444, mem_mib=954, disk_mb=1000, disk_mib=954, tmpdir=<TBD>, slurm_partition=workq, slurm_account=mnaji, mem=12GB, time=28800


        vg snarls vg_map/ABOFRAM007401840180_22_22.vg > vg_map/ABOFRAM007401840180_pt22.snarls
        
No wall time information given. This might or might not work on your cluster. If not, specify the resource runtime in your rule or as a reasonable default via --default-resources.
Job 1542 has been submitted with SLURM jobid 11146261 (log: /work/project/CASCAD/mnaji/sm_folder/results/.snakemake/slurm_logs/rule_giraffe_snarls/ABOFRAM007401840180_22/11146261.log).
Select jobs to execute...
[Fri Sep 20 09:56:46 2024]
Finished job 1503.
424 of 886 steps (48%) done
Removing temporary output vg_map/ABOFRAM007401840180_15_15.vg.
Removing temporary output vg_map/ABOFRAM007401840180_15.pack.
Removing temporary output vg_map/ABOFRAM007401840180_pt15.snarls.
[Fri Sep 20 09:56:46 2024]
Finished job 1167.
425 of 886 steps (48%) done
Execute 2 jobs...

[Fri Sep 20 09:56:46 2024]
rule giraffe_chunk:
    input: vg_vg/ABOFRAM000709524730_wg.xg, vg_map/ABOFRAM000709524730.gam
    output: vg_map/ABOFRAM000709524730_12_12.gam
    log: logs/vg/giraffe_chunk_ABOFRAM000709524730_12.log
    jobid: 1181
    reason: Missing output files: vg_map/ABOFRAM000709524730_12_12.gam
    wildcards: sample=ABOFRAM000709524730, chr=12
    resources: mem_mb=28610, mem_mib=7630, disk_mb=246756, disk_mib=235325, tmpdir=<TBD>, slurm_partition=workq, slurm_account=mnaji, mem=30GB, time=28800


        vg chunk -x vg_vg/ABOFRAM000709524730_wg.xg -a vg_map/ABOFRAM000709524730.gam -C -p 12 -O pg --prefix vg_map/ABOFRAM000709524730_12 && ls -sh vg_map/ABOFRAM000709524730_12_12.gam
        
No wall time information given. This might or might not work on your cluster. If not, specify the resource runtime in your rule or as a reasonable default via --default-resources.
Job 1181 has been submitted with SLURM jobid 11146262 (log: /work/project/CASCAD/mnaji/sm_folder/results/.snakemake/slurm_logs/rule_giraffe_chunk/ABOFRAM000709524730_12/11146262.log).

[Fri Sep 20 09:56:46 2024]
rule giraffe_chunk_vg:
    input: vg_vg/ABOFRAM007301868101_wg.xg
    output: vg_map/ABOFRAM007301868101_24_24.vg
    log: logs/vg/giraffe_chunk_vg_ABOFRAM007301868101_24.log
    jobid: 1394
    reason: Missing output files: vg_map/ABOFRAM007301868101_24_24.vg
    wildcards: sample=ABOFRAM007301868101, chr=24
    resources: mem_mb=11444, mem_mib=7630, disk_mb=9481, disk_mib=9042, tmpdir=<TBD>, slurm_partition=workq, slurm_account=mnaji, mem=12GB, time=28800


        vg chunk -x vg_vg/ABOFRAM007301868101_wg.xg -C -p 24 > vg_map/ABOFRAM007301868101_24_24.vg
        
No wall time information given. This might or might not work on your cluster. If not, specify the resource runtime in your rule or as a reasonable default via --default-resources.
Job 1394 has been submitted with SLURM jobid 11146263 (log: /work/project/CASCAD/mnaji/sm_folder/results/.snakemake/slurm_logs/rule_giraffe_chunk_vg/ABOFRAM007301868101_24/11146263.log).
Select jobs to execute...
[Fri Sep 20 09:56:56 2024]
Finished job 1141.
426 of 886 steps (48%) done
[Fri Sep 20 09:56:56 2024]
Finished job 1149.
427 of 886 steps (48%) done
Execute 2 jobs...

[Fri Sep 20 09:56:56 2024]
rule giraffe_snarls:
    input: vg_map/ABOFRAM000709524730_6_6.vg
    output: vg_map/ABOFRAM000709524730_pt6.snarls
    log: logs/vg/giraffe_snarls_ABOFRAM000709524730_6.log
    jobid: 1152
    reason: Missing output files: vg_map/ABOFRAM000709524730_pt6.snarls; Input files updated by another job: vg_map/ABOFRAM000709524730_6_6.vg
    wildcards: sample=ABOFRAM000709524730, chr=6
    resources: mem_mb=11444, mem_mib=954, disk_mb=1000, disk_mib=954, tmpdir=<TBD>, slurm_partition=workq, slurm_account=mnaji, mem=12GB, time=28800


        vg snarls vg_map/ABOFRAM000709524730_6_6.vg > vg_map/ABOFRAM000709524730_pt6.snarls
        
No wall time information given. This might or might not work on your cluster. If not, specify the resource runtime in your rule or as a reasonable default via --default-resources.
Job 1152 has been submitted with SLURM jobid 11146264 (log: /work/project/CASCAD/mnaji/sm_folder/results/.snakemake/slurm_logs/rule_giraffe_snarls/ABOFRAM000709524730_6/11146264.log).

[Fri Sep 20 09:56:56 2024]
rule giraffe_pack:
    input: vg_map/ABOFRAM000709524730_4_4.vg, vg_map/ABOFRAM000709524730_4_4.gam
    output: vg_map/ABOFRAM000709524730_4.pack
    log: logs/vg/giraffe_pack_ABOFRAM000709524730_4.log
    jobid: 1140
    reason: Missing output files: vg_map/ABOFRAM000709524730_4.pack; Input files updated by another job: vg_map/ABOFRAM000709524730_4_4.gam, vg_map/ABOFRAM000709524730_4_4.vg
    wildcards: sample=ABOFRAM000709524730, chr=4
    threads: 3
    resources: mem_mb=14305, mem_mib=7630, disk_mb=10428, disk_mib=9945, tmpdir=<TBD>, slurm_partition=workq, slurm_account=mnaji, mem=15GB, time=28800


        vg pack -x vg_map/ABOFRAM000709524730_4_4.vg -g vg_map/ABOFRAM000709524730_4_4.gam -Q 5 --threads 3 -o vg_map/ABOFRAM000709524730_4.pack
        
No wall time information given. This might or might not work on your cluster. If not, specify the resource runtime in your rule or as a reasonable default via --default-resources.
Job 1140 has been submitted with SLURM jobid 11146265 (log: /work/project/CASCAD/mnaji/sm_folder/results/.snakemake/slurm_logs/rule_giraffe_pack/ABOFRAM000709524730_4/11146265.log).
Select jobs to execute...
[Fri Sep 20 09:57:06 2024]
Finished job 1557.
428 of 886 steps (48%) done
[Fri Sep 20 09:57:06 2024]
Finished job 1760.
429 of 886 steps (48%) done
Execute 2 jobs...

[Fri Sep 20 09:57:06 2024]
rule giraffe_chunk_vg:
    input: vg_vg/ABOFRAM007301868101_wg.xg
    output: vg_map/ABOFRAM007301868101_13_13.vg
    log: logs/vg/giraffe_chunk_vg_ABOFRAM007301868101_13.log
    jobid: 1339
    reason: Missing output files: vg_map/ABOFRAM007301868101_13_13.vg
    wildcards: sample=ABOFRAM007301868101, chr=13
    resources: mem_mb=11444, mem_mib=7630, disk_mb=9481, disk_mib=9042, tmpdir=<TBD>, slurm_partition=workq, slurm_account=mnaji, mem=12GB, time=28800


        vg chunk -x vg_vg/ABOFRAM007301868101_wg.xg -C -p 13 > vg_map/ABOFRAM007301868101_13_13.vg
        
No wall time information given. This might or might not work on your cluster. If not, specify the resource runtime in your rule or as a reasonable default via --default-resources.
Job 1339 has been submitted with SLURM jobid 11146266 (log: /work/project/CASCAD/mnaji/sm_folder/results/.snakemake/slurm_logs/rule_giraffe_chunk_vg/ABOFRAM007301868101_13/11146266.log).

[Fri Sep 20 09:57:06 2024]
rule giraffe_chunk:
    input: vg_vg/ABOFRAM000703115255_wg.xg, vg_map/ABOFRAM000703115255.gam
    output: vg_map/ABOFRAM000703115255_8_8.gam
    log: logs/vg/giraffe_chunk_ABOFRAM000703115255_8.log
    jobid: 851
    reason: Missing output files: vg_map/ABOFRAM000703115255_8_8.gam
    wildcards: sample=ABOFRAM000703115255, chr=8
    resources: mem_mb=28610, mem_mib=7630, disk_mb=273960, disk_mib=261269, tmpdir=<TBD>, slurm_partition=workq, slurm_account=mnaji, mem=30GB, time=28800


        vg chunk -x vg_vg/ABOFRAM000703115255_wg.xg -a vg_map/ABOFRAM000703115255.gam -C -p 8 -O pg --prefix vg_map/ABOFRAM000703115255_8 && ls -sh vg_map/ABOFRAM000703115255_8_8.gam
        
No wall time information given. This might or might not work on your cluster. If not, specify the resource runtime in your rule or as a reasonable default via --default-resources.
Job 851 has been submitted with SLURM jobid 11146267 (log: /work/project/CASCAD/mnaji/sm_folder/results/.snakemake/slurm_logs/rule_giraffe_chunk/ABOFRAM000703115255_8/11146267.log).
Select jobs to execute...
[Fri Sep 20 09:57:36 2024]
Finished job 1256.
430 of 886 steps (49%) done
[Fri Sep 20 09:57:36 2024]
Finished job 936.
431 of 886 steps (49%) done
[Fri Sep 20 09:57:36 2024]
Finished job 1020.
432 of 886 steps (49%) done
Removing temporary output vg_map/ABOFRAM000707401531_11_11.gam.
[Fri Sep 20 09:57:36 2024]
Finished job 1555.
433 of 886 steps (49%) done
Removing temporary output vg_map/ABOFRAM007401840180_25_25.gam.
[Fri Sep 20 09:57:36 2024]
Finished job 1542.
434 of 886 steps (49%) done
[Fri Sep 20 09:57:36 2024]
Finished job 1394.
435 of 886 steps (49%) done
Execute 6 jobs...

[Fri Sep 20 09:57:36 2024]
rule giraffe_snarls:
    input: vg_map/ABOFRAM007301868101_24_24.vg
    output: vg_map/ABOFRAM007301868101_pt24.snarls
    log: logs/vg/giraffe_snarls_ABOFRAM007301868101_24.log
    jobid: 1397
    reason: Missing output files: vg_map/ABOFRAM007301868101_pt24.snarls; Input files updated by another job: vg_map/ABOFRAM007301868101_24_24.vg
    wildcards: sample=ABOFRAM007301868101, chr=24
    resources: mem_mb=11444, mem_mib=954, disk_mb=1000, disk_mib=954, tmpdir=<TBD>, slurm_partition=workq, slurm_account=mnaji, mem=12GB, time=28800


        vg snarls vg_map/ABOFRAM007301868101_24_24.vg > vg_map/ABOFRAM007301868101_pt24.snarls
        
No wall time information given. This might or might not work on your cluster. If not, specify the resource runtime in your rule or as a reasonable default via --default-resources.
Job 1397 has been submitted with SLURM jobid 11146269 (log: /work/project/CASCAD/mnaji/sm_folder/results/.snakemake/slurm_logs/rule_giraffe_snarls/ABOFRAM007301868101_24/11146269.log).

[Fri Sep 20 09:57:36 2024]
rule giraffe_pack:
    input: vg_map/ABOFRAM000709524730_27_27.vg, vg_map/ABOFRAM000709524730_27_27.gam
    output: vg_map/ABOFRAM000709524730_27.pack
    log: logs/vg/giraffe_pack_ABOFRAM000709524730_27.log
    jobid: 1255
    reason: Missing output files: vg_map/ABOFRAM000709524730_27.pack; Input files updated by another job: vg_map/ABOFRAM000709524730_27_27.gam, vg_map/ABOFRAM000709524730_27_27.vg
    wildcards: sample=ABOFRAM000709524730, chr=27
    threads: 3
    resources: mem_mb=14305, mem_mib=3536, disk_mb=3707, disk_mib=3536, tmpdir=<TBD>, slurm_partition=workq, slurm_account=mnaji, mem=15GB, time=28800


        vg pack -x vg_map/ABOFRAM000709524730_27_27.vg -g vg_map/ABOFRAM000709524730_27_27.gam -Q 5 --threads 3 -o vg_map/ABOFRAM000709524730_27.pack
        
No wall time information given. This might or might not work on your cluster. If not, specify the resource runtime in your rule or as a reasonable default via --default-resources.
Job 1255 has been submitted with SLURM jobid 11146270 (log: /work/project/CASCAD/mnaji/sm_folder/results/.snakemake/slurm_logs/rule_giraffe_pack/ABOFRAM000709524730_27/11146270.log).

[Fri Sep 20 09:57:37 2024]
rule giraffe_pack:
    input: vg_map/ABOFRAM007301868101_24_24.vg, vg_map/ABOFRAM007301868101_24_24.gam
    output: vg_map/ABOFRAM007301868101_24.pack
    log: logs/vg/giraffe_pack_ABOFRAM007301868101_24.log
    jobid: 1395
    reason: Missing output files: vg_map/ABOFRAM007301868101_24.pack; Input files updated by another job: vg_map/ABOFRAM007301868101_24_24.gam, vg_map/ABOFRAM007301868101_24_24.vg
    wildcards: sample=ABOFRAM007301868101, chr=24
    threads: 3
    resources: mem_mb=14305, mem_mib=3577, disk_mb=3750, disk_mib=3577, tmpdir=<TBD>, slurm_partition=workq, slurm_account=mnaji, mem=15GB, time=28800


        vg pack -x vg_map/ABOFRAM007301868101_24_24.vg -g vg_map/ABOFRAM007301868101_24_24.gam -Q 5 --threads 3 -o vg_map/ABOFRAM007301868101_24.pack
        
No wall time information given. This might or might not work on your cluster. If not, specify the resource runtime in your rule or as a reasonable default via --default-resources.
Job 1395 has been submitted with SLURM jobid 11146271 (log: /work/project/CASCAD/mnaji/sm_folder/results/.snakemake/slurm_logs/rule_giraffe_pack/ABOFRAM007301868101_24/11146271.log).

[Fri Sep 20 09:57:37 2024]
rule giraffe_call:
    input: vg_map/ABOFRAM000707401531_11_11.vg, vg_map/ABOFRAM000707401531_11.pack, vg_map/ABOFRAM000707401531_pt11.snarls
    output: vg_call/ABOFRAM000707401531_11.vcf
    log: logs/vg/giraffe_call_ABOFRAM000707401531_11.log
    jobid: 1018
    reason: Missing output files: vg_call/ABOFRAM000707401531_11.vcf; Input files updated by another job: vg_map/ABOFRAM000707401531_11.pack, vg_map/ABOFRAM000707401531_11_11.vg, vg_map/ABOFRAM000707401531_pt11.snarls
    wildcards: sample=ABOFRAM000707401531, chr=11
    resources: mem_mb=11444, mem_mib=954, disk_mb=1000, disk_mib=954, tmpdir=<TBD>, slurm_partition=workq, slurm_account=mnaji, mem=12GB, time=28800


        vg call vg_map/ABOFRAM000707401531_11_11.vg -k vg_map/ABOFRAM000707401531_11.pack -r vg_map/ABOFRAM000707401531_pt11.snarls -s ABOFRAM000707401531 --threads 3 > vg_call/ABOFRAM000707401531_11.vcf 
        
No wall time information given. This might or might not work on your cluster. If not, specify the resource runtime in your rule or as a reasonable default via --default-resources.
Job 1018 has been submitted with SLURM jobid 11146272 (log: /work/project/CASCAD/mnaji/sm_folder/results/.snakemake/slurm_logs/rule_giraffe_call/ABOFRAM000707401531_11/11146272.log).

[Fri Sep 20 09:57:37 2024]
rule giraffe_pack:
    input: vg_map/ABOFRAM000703115255_25_25.vg, vg_map/ABOFRAM000703115255_25_25.gam
    output: vg_map/ABOFRAM000703115255_25.pack
    log: logs/vg/giraffe_pack_ABOFRAM000703115255_25.log
    jobid: 935
    reason: Missing output files: vg_map/ABOFRAM000703115255_25.pack; Input files updated by another job: vg_map/ABOFRAM000703115255_25_25.vg, vg_map/ABOFRAM000703115255_25_25.gam
    wildcards: sample=ABOFRAM000703115255, chr=25
    threads: 3
    resources: mem_mb=14305, mem_mib=3808, disk_mb=3992, disk_mib=3808, tmpdir=<TBD>, slurm_partition=workq, slurm_account=mnaji, mem=15GB, time=28800


        vg pack -x vg_map/ABOFRAM000703115255_25_25.vg -g vg_map/ABOFRAM000703115255_25_25.gam -Q 5 --threads 3 -o vg_map/ABOFRAM000703115255_25.pack
        
No wall time information given. This might or might not work on your cluster. If not, specify the resource runtime in your rule or as a reasonable default via --default-resources.
Job 935 has been submitted with SLURM jobid 11146273 (log: /work/project/CASCAD/mnaji/sm_folder/results/.snakemake/slurm_logs/rule_giraffe_pack/ABOFRAM000703115255_25/11146273.log).

[Fri Sep 20 09:57:37 2024]
rule giraffe_call:
    input: vg_map/ABOFRAM007401840180_25_25.vg, vg_map/ABOFRAM007401840180_25.pack, vg_map/ABOFRAM007401840180_pt25.snarls
    output: vg_call/ABOFRAM007401840180_25.vcf
    log: logs/vg/giraffe_call_ABOFRAM007401840180_25.log
    jobid: 1553
    reason: Missing output files: vg_call/ABOFRAM007401840180_25.vcf; Input files updated by another job: vg_map/ABOFRAM007401840180_25_25.vg, vg_map/ABOFRAM007401840180_25.pack, vg_map/ABOFRAM007401840180_pt25.snarls
    wildcards: sample=ABOFRAM007401840180, chr=25
    resources: mem_mb=11444, mem_mib=954, disk_mb=1000, disk_mib=954, tmpdir=<TBD>, slurm_partition=workq, slurm_account=mnaji, mem=12GB, time=28800


        vg call vg_map/ABOFRAM007401840180_25_25.vg -k vg_map/ABOFRAM007401840180_25.pack -r vg_map/ABOFRAM007401840180_pt25.snarls -s ABOFRAM007401840180 --threads 3 > vg_call/ABOFRAM007401840180_25.vcf 
        
No wall time information given. This might or might not work on your cluster. If not, specify the resource runtime in your rule or as a reasonable default via --default-resources.
Job 1553 has been submitted with SLURM jobid 11146274 (log: /work/project/CASCAD/mnaji/sm_folder/results/.snakemake/slurm_logs/rule_giraffe_call/ABOFRAM007401840180_25/11146274.log).
Select jobs to execute...
[Fri Sep 20 09:57:46 2024]
Finished job 1214.
436 of 886 steps (49%) done
[Fri Sep 20 09:57:46 2024]
Finished job 1339.
437 of 886 steps (49%) done
Execute 2 jobs...

[Fri Sep 20 09:57:46 2024]
rule giraffe_pack:
    input: vg_map/ABOFRAM007301868101_13_13.vg, vg_map/ABOFRAM007301868101_13_13.gam
    output: vg_map/ABOFRAM007301868101_13.pack
    log: logs/vg/giraffe_pack_ABOFRAM007301868101_13.log
    jobid: 1340
    reason: Missing output files: vg_map/ABOFRAM007301868101_13.pack; Input files updated by another job: vg_map/ABOFRAM007301868101_13_13.vg, vg_map/ABOFRAM007301868101_13_13.gam
    wildcards: sample=ABOFRAM007301868101, chr=13
    threads: 3
    resources: mem_mb=14305, mem_mib=7621, disk_mb=7991, disk_mib=7621, tmpdir=<TBD>, slurm_partition=workq, slurm_account=mnaji, mem=15GB, time=28800


        vg pack -x vg_map/ABOFRAM007301868101_13_13.vg -g vg_map/ABOFRAM007301868101_13_13.gam -Q 5 --threads 3 -o vg_map/ABOFRAM007301868101_13.pack
        
No wall time information given. This might or might not work on your cluster. If not, specify the resource runtime in your rule or as a reasonable default via --default-resources.
Job 1340 has been submitted with SLURM jobid 11146275 (log: /work/project/CASCAD/mnaji/sm_folder/results/.snakemake/slurm_logs/rule_giraffe_pack/ABOFRAM007301868101_13/11146275.log).

[Fri Sep 20 09:57:46 2024]
rule giraffe_snarls:
    input: vg_map/ABOFRAM007301868101_13_13.vg
    output: vg_map/ABOFRAM007301868101_pt13.snarls
    log: logs/vg/giraffe_snarls_ABOFRAM007301868101_13.log
    jobid: 1342
    reason: Missing output files: vg_map/ABOFRAM007301868101_pt13.snarls; Input files updated by another job: vg_map/ABOFRAM007301868101_13_13.vg
    wildcards: sample=ABOFRAM007301868101, chr=13
    resources: mem_mb=11444, mem_mib=954, disk_mb=1000, disk_mib=954, tmpdir=<TBD>, slurm_partition=workq, slurm_account=mnaji, mem=12GB, time=28800


        vg snarls vg_map/ABOFRAM007301868101_13_13.vg > vg_map/ABOFRAM007301868101_pt13.snarls
        
No wall time information given. This might or might not work on your cluster. If not, specify the resource runtime in your rule or as a reasonable default via --default-resources.
Job 1342 has been submitted with SLURM jobid 11146276 (log: /work/project/CASCAD/mnaji/sm_folder/results/.snakemake/slurm_logs/rule_giraffe_snarls/ABOFRAM007301868101_13/11146276.log).
Select jobs to execute...
[Fri Sep 20 09:57:56 2024]
Finished job 1016.
438 of 886 steps (49%) done
[Fri Sep 20 09:57:56 2024]
Finished job 1465.
439 of 886 steps (50%) done
Removing temporary output vg_map/ABOFRAM007401840180_7_7.gam.
Execute 2 jobs...

[Fri Sep 20 09:57:56 2024]
rule giraffe_pack:
    input: vg_map/ABOFRAM000707401531_10_10.vg, vg_map/ABOFRAM000707401531_10_10.gam
    output: vg_map/ABOFRAM000707401531_10.pack
    log: logs/vg/giraffe_pack_ABOFRAM000707401531_10.log
    jobid: 1015
    reason: Missing output files: vg_map/ABOFRAM000707401531_10.pack; Input files updated by another job: vg_map/ABOFRAM000707401531_10_10.vg, vg_map/ABOFRAM000707401531_10_10.gam
    wildcards: sample=ABOFRAM000707401531, chr=10
    threads: 3
    resources: mem_mb=14305, mem_mib=6488, disk_mb=6803, disk_mib=6488, tmpdir=<TBD>, slurm_partition=workq, slurm_account=mnaji, mem=15GB, time=28800


        vg pack -x vg_map/ABOFRAM000707401531_10_10.vg -g vg_map/ABOFRAM000707401531_10_10.gam -Q 5 --threads 3 -o vg_map/ABOFRAM000707401531_10.pack
        
No wall time information given. This might or might not work on your cluster. If not, specify the resource runtime in your rule or as a reasonable default via --default-resources.
Job 1015 has been submitted with SLURM jobid 11146277 (log: /work/project/CASCAD/mnaji/sm_folder/results/.snakemake/slurm_logs/rule_giraffe_pack/ABOFRAM000707401531_10/11146277.log).

[Fri Sep 20 09:57:57 2024]
rule giraffe_call:
    input: vg_map/ABOFRAM007401840180_7_7.vg, vg_map/ABOFRAM007401840180_7.pack, vg_map/ABOFRAM007401840180_pt7.snarls
    output: vg_call/ABOFRAM007401840180_7.vcf
    log: logs/vg/giraffe_call_ABOFRAM007401840180_7.log
    jobid: 1463
    reason: Missing output files: vg_call/ABOFRAM007401840180_7.vcf; Input files updated by another job: vg_map/ABOFRAM007401840180_7_7.vg, vg_map/ABOFRAM007401840180_7.pack, vg_map/ABOFRAM007401840180_pt7.snarls
    wildcards: sample=ABOFRAM007401840180, chr=7
    resources: mem_mb=11444, mem_mib=954, disk_mb=1000, disk_mib=954, tmpdir=<TBD>, slurm_partition=workq, slurm_account=mnaji, mem=12GB, time=28800


        vg call vg_map/ABOFRAM007401840180_7_7.vg -k vg_map/ABOFRAM007401840180_7.pack -r vg_map/ABOFRAM007401840180_pt7.snarls -s ABOFRAM007401840180 --threads 3 > vg_call/ABOFRAM007401840180_7.vcf 
        
No wall time information given. This might or might not work on your cluster. If not, specify the resource runtime in your rule or as a reasonable default via --default-resources.
Job 1463 has been submitted with SLURM jobid 11146278 (log: /work/project/CASCAD/mnaji/sm_folder/results/.snakemake/slurm_logs/rule_giraffe_call/ABOFRAM007401840180_7/11146278.log).
Select jobs to execute...
[Fri Sep 20 09:58:06 2024]
Finished job 1190.
440 of 886 steps (50%) done
Removing temporary output vg_map/ABOFRAM000709524730_14_14.gam.
[Fri Sep 20 09:58:06 2024]
Finished job 1040.
441 of 886 steps (50%) done
Removing temporary output vg_map/ABOFRAM000707401531_15_15.gam.
[Fri Sep 20 09:58:06 2024]
Finished job 1368.
442 of 886 steps (50%) done
Removing temporary output vg_map/ABOFRAM007301868101_19_19.vg.
Removing temporary output vg_map/ABOFRAM007301868101_19.pack.
Removing temporary output vg_map/ABOFRAM007301868101_pt19.snarls.
Execute 3 jobs...

[Fri Sep 20 09:58:06 2024]
rule giraffe_chunk_vg:
    input: vg_vg/ABOFRAM007301868101_wg.xg
    output: vg_map/ABOFRAM007301868101_10_10.vg
    log: logs/vg/giraffe_chunk_vg_ABOFRAM007301868101_10.log
    jobid: 1324
    reason: Missing output files: vg_map/ABOFRAM007301868101_10_10.vg
    wildcards: sample=ABOFRAM007301868101, chr=10
    resources: mem_mb=11444, mem_mib=7630, disk_mb=9481, disk_mib=9042, tmpdir=<TBD>, slurm_partition=workq, slurm_account=mnaji, mem=12GB, time=28800


        vg chunk -x vg_vg/ABOFRAM007301868101_wg.xg -C -p 10 > vg_map/ABOFRAM007301868101_10_10.vg
        
No wall time information given. This might or might not work on your cluster. If not, specify the resource runtime in your rule or as a reasonable default via --default-resources.
Job 1324 has been submitted with SLURM jobid 11146281 (log: /work/project/CASCAD/mnaji/sm_folder/results/.snakemake/slurm_logs/rule_giraffe_chunk_vg/ABOFRAM007301868101_10/11146281.log).

[Fri Sep 20 09:58:07 2024]
rule giraffe_snarls:
    input: vg_map/ABOFRAM000709524730_19_19.vg
    output: vg_map/ABOFRAM000709524730_pt19.snarls
    log: logs/vg/giraffe_snarls_ABOFRAM000709524730_19.log
    jobid: 1217
    reason: Missing output files: vg_map/ABOFRAM000709524730_pt19.snarls; Input files updated by another job: vg_map/ABOFRAM000709524730_19_19.vg
    wildcards: sample=ABOFRAM000709524730, chr=19
    resources: mem_mb=11444, mem_mib=954, disk_mb=1000, disk_mib=954, tmpdir=<TBD>, slurm_partition=workq, slurm_account=mnaji, mem=12GB, time=28800


        vg snarls vg_map/ABOFRAM000709524730_19_19.vg > vg_map/ABOFRAM000709524730_pt19.snarls
        
No wall time information given. This might or might not work on your cluster. If not, specify the resource runtime in your rule or as a reasonable default via --default-resources.
Job 1217 has been submitted with SLURM jobid 11146282 (log: /work/project/CASCAD/mnaji/sm_folder/results/.snakemake/slurm_logs/rule_giraffe_snarls/ABOFRAM000709524730_19/11146282.log).

[Fri Sep 20 09:58:07 2024]
rule giraffe_call:
    input: vg_map/ABOFRAM000707401531_15_15.vg, vg_map/ABOFRAM000707401531_15.pack, vg_map/ABOFRAM000707401531_pt15.snarls
    output: vg_call/ABOFRAM000707401531_15.vcf
    log: logs/vg/giraffe_call_ABOFRAM000707401531_15.log
    jobid: 1038
    reason: Missing output files: vg_call/ABOFRAM000707401531_15.vcf; Input files updated by another job: vg_map/ABOFRAM000707401531_15.pack, vg_map/ABOFRAM000707401531_pt15.snarls, vg_map/ABOFRAM000707401531_15_15.vg
    wildcards: sample=ABOFRAM000707401531, chr=15
    resources: mem_mb=11444, mem_mib=954, disk_mb=1000, disk_mib=954, tmpdir=<TBD>, slurm_partition=workq, slurm_account=mnaji, mem=12GB, time=28800


        vg call vg_map/ABOFRAM000707401531_15_15.vg -k vg_map/ABOFRAM000707401531_15.pack -r vg_map/ABOFRAM000707401531_pt15.snarls -s ABOFRAM000707401531 --threads 3 > vg_call/ABOFRAM000707401531_15.vcf 
        
No wall time information given. This might or might not work on your cluster. If not, specify the resource runtime in your rule or as a reasonable default via --default-resources.
Job 1038 has been submitted with SLURM jobid 11146283 (log: /work/project/CASCAD/mnaji/sm_folder/results/.snakemake/slurm_logs/rule_giraffe_call/ABOFRAM000707401531_15/11146283.log).
Select jobs to execute...
[Fri Sep 20 09:58:16 2024]
Finished job 1192.
443 of 886 steps (50%) done
[Fri Sep 20 09:58:16 2024]
Finished job 1223.
444 of 886 steps (50%) done
Removing temporary output vg_map/ABOFRAM000709524730_21_21.vg.
Removing temporary output vg_map/ABOFRAM000709524730_21.pack.
Removing temporary output vg_map/ABOFRAM000709524730_pt21.snarls.
Execute 2 jobs...

[Fri Sep 20 09:58:17 2024]
rule giraffe_call:
    input: vg_map/ABOFRAM000709524730_14_14.vg, vg_map/ABOFRAM000709524730_14.pack, vg_map/ABOFRAM000709524730_pt14.snarls
    output: vg_call/ABOFRAM000709524730_14.vcf
    log: logs/vg/giraffe_call_ABOFRAM000709524730_14.log
    jobid: 1188
    reason: Missing output files: vg_call/ABOFRAM000709524730_14.vcf; Input files updated by another job: vg_map/ABOFRAM000709524730_14_14.vg, vg_map/ABOFRAM000709524730_pt14.snarls, vg_map/ABOFRAM000709524730_14.pack
    wildcards: sample=ABOFRAM000709524730, chr=14
    resources: mem_mb=11444, mem_mib=954, disk_mb=1000, disk_mib=954, tmpdir=<TBD>, slurm_partition=workq, slurm_account=mnaji, mem=12GB, time=28800


        vg call vg_map/ABOFRAM000709524730_14_14.vg -k vg_map/ABOFRAM000709524730_14.pack -r vg_map/ABOFRAM000709524730_pt14.snarls -s ABOFRAM000709524730 --threads 3 > vg_call/ABOFRAM000709524730_14.vcf 
        
No wall time information given. This might or might not work on your cluster. If not, specify the resource runtime in your rule or as a reasonable default via --default-resources.
Job 1188 has been submitted with SLURM jobid 11146285 (log: /work/project/CASCAD/mnaji/sm_folder/results/.snakemake/slurm_logs/rule_giraffe_call/ABOFRAM000709524730_14/11146285.log).

[Fri Sep 20 09:58:17 2024]
rule giraffe_chunk:
    input: vg_vg/ABOFRAM000707401531_wg.xg, vg_map/ABOFRAM000707401531.gam
    output: vg_map/ABOFRAM000707401531_2_2.gam
    log: logs/vg/giraffe_chunk_ABOFRAM000707401531_2.log
    jobid: 976
    reason: Missing output files: vg_map/ABOFRAM000707401531_2_2.gam
    wildcards: sample=ABOFRAM000707401531, chr=2
    resources: mem_mb=28610, mem_mib=7630, disk_mb=202240, disk_mib=192872, tmpdir=<TBD>, slurm_partition=workq, slurm_account=mnaji, mem=30GB, time=28800


        vg chunk -x vg_vg/ABOFRAM000707401531_wg.xg -a vg_map/ABOFRAM000707401531.gam -C -p 2 -O pg --prefix vg_map/ABOFRAM000707401531_2 && ls -sh vg_map/ABOFRAM000707401531_2_2.gam
        
No wall time information given. This might or might not work on your cluster. If not, specify the resource runtime in your rule or as a reasonable default via --default-resources.
Job 976 has been submitted with SLURM jobid 11146286 (log: /work/project/CASCAD/mnaji/sm_folder/results/.snakemake/slurm_logs/rule_giraffe_chunk/ABOFRAM000707401531_2/11146286.log).
Select jobs to execute...
[Fri Sep 20 09:58:27 2024]
Finished job 1152.
445 of 886 steps (50%) done
Execute 1 jobs...

[Fri Sep 20 09:58:27 2024]
rule giraffe_chunk_vg:
    input: vg_vg/ABOFRAM000703115255_wg.xg
    output: vg_map/ABOFRAM000703115255_29_29.vg
    log: logs/vg/giraffe_chunk_vg_ABOFRAM000703115255_29.log
    jobid: 954
    reason: Missing output files: vg_map/ABOFRAM000703115255_29_29.vg
    wildcards: sample=ABOFRAM000703115255, chr=29
    resources: mem_mb=11444, mem_mib=7630, disk_mb=9484, disk_mib=9045, tmpdir=<TBD>, slurm_partition=workq, slurm_account=mnaji, mem=12GB, time=28800


        vg chunk -x vg_vg/ABOFRAM000703115255_wg.xg -C -p 29 > vg_map/ABOFRAM000703115255_29_29.vg
        
No wall time information given. This might or might not work on your cluster. If not, specify the resource runtime in your rule or as a reasonable default via --default-resources.
Job 954 has been submitted with SLURM jobid 11146289 (log: /work/project/CASCAD/mnaji/sm_folder/results/.snakemake/slurm_logs/rule_giraffe_chunk_vg/ABOFRAM000703115255_29/11146289.log).
[Fri Sep 20 09:58:37 2024]
Finished job 901.
446 of 886 steps (50%) done
Select jobs to execute...
Execute 1 jobs...

[Fri Sep 20 09:58:37 2024]
rule giraffe_chunk_vg:
    input: vg_vg/ABOFRAM007401840180_wg.xg
    output: vg_map/ABOFRAM007401840180_29_29.vg
    log: logs/vg/giraffe_chunk_vg_ABOFRAM007401840180_29.log
    jobid: 1574
    reason: Missing output files: vg_map/ABOFRAM007401840180_29_29.vg
    wildcards: sample=ABOFRAM007401840180, chr=29
    resources: mem_mb=11444, mem_mib=7630, disk_mb=9482, disk_mib=9043, tmpdir=<TBD>, slurm_partition=workq, slurm_account=mnaji, mem=12GB, time=28800


        vg chunk -x vg_vg/ABOFRAM007401840180_wg.xg -C -p 29 > vg_map/ABOFRAM007401840180_29_29.vg
        
No wall time information given. This might or might not work on your cluster. If not, specify the resource runtime in your rule or as a reasonable default via --default-resources.
Job 1574 has been submitted with SLURM jobid 11146293 (log: /work/project/CASCAD/mnaji/sm_folder/results/.snakemake/slurm_logs/rule_giraffe_chunk_vg/ABOFRAM007401840180_29/11146293.log).
[Fri Sep 20 09:58:47 2024]
Finished job 1153.
447 of 886 steps (50%) done
Removing temporary output vg_map/ABOFRAM000709524730_7_7.vg.
Removing temporary output vg_map/ABOFRAM000709524730_7.pack.
Removing temporary output vg_map/ABOFRAM000709524730_pt7.snarls.
[Fri Sep 20 09:58:47 2024]
Finished job 1397.
448 of 886 steps (51%) done
[Fri Sep 20 09:58:47 2024]
Finished job 1342.
449 of 886 steps (51%) done
[Fri Sep 20 09:58:47 2024]
Finished job 1324.
450 of 886 steps (51%) done
Select jobs to execute...
Execute 4 jobs...

[Fri Sep 20 09:58:47 2024]
rule giraffe_chunk:
    input: vg_vg/ABOFRAM007301868101_wg.xg, vg_map/ABOFRAM007301868101.gam
    output: vg_map/ABOFRAM007301868101_9_9.gam
    log: logs/vg/giraffe_chunk_ABOFRAM007301868101_9.log
    jobid: 1321
    reason: Missing output files: vg_map/ABOFRAM007301868101_9_9.gam
    wildcards: sample=ABOFRAM007301868101, chr=9
    resources: mem_mb=28610, mem_mib=7630, disk_mb=185244, disk_mib=176663, tmpdir=<TBD>, slurm_partition=workq, slurm_account=mnaji, mem=30GB, time=28800


        vg chunk -x vg_vg/ABOFRAM007301868101_wg.xg -a vg_map/ABOFRAM007301868101.gam -C -p 9 -O pg --prefix vg_map/ABOFRAM007301868101_9 && ls -sh vg_map/ABOFRAM007301868101_9_9.gam
        
No wall time information given. This might or might not work on your cluster. If not, specify the resource runtime in your rule or as a reasonable default via --default-resources.
Job 1321 has been submitted with SLURM jobid 11146294 (log: /work/project/CASCAD/mnaji/sm_folder/results/.snakemake/slurm_logs/rule_giraffe_chunk/ABOFRAM007301868101_9/11146294.log).

[Fri Sep 20 09:58:47 2024]
rule giraffe_chunk_vg:
    input: vg_vg/ABOFRAM000703115255_wg.xg
    output: vg_map/ABOFRAM000703115255_18_18.vg
    log: logs/vg/giraffe_chunk_vg_ABOFRAM000703115255_18.log
    jobid: 899
    reason: Missing output files: vg_map/ABOFRAM000703115255_18_18.vg
    wildcards: sample=ABOFRAM000703115255, chr=18
    resources: mem_mb=11444, mem_mib=7630, disk_mb=9484, disk_mib=9045, tmpdir=<TBD>, slurm_partition=workq, slurm_account=mnaji, mem=12GB, time=28800


        vg chunk -x vg_vg/ABOFRAM000703115255_wg.xg -C -p 18 > vg_map/ABOFRAM000703115255_18_18.vg
        
No wall time information given. This might or might not work on your cluster. If not, specify the resource runtime in your rule or as a reasonable default via --default-resources.
Job 899 has been submitted with SLURM jobid 11146295 (log: /work/project/CASCAD/mnaji/sm_folder/results/.snakemake/slurm_logs/rule_giraffe_chunk_vg/ABOFRAM000703115255_18/11146295.log).

[Fri Sep 20 09:58:47 2024]
rule giraffe_chunk_vg:
    input: vg_vg/ABOFRAM007301868101_wg.xg
    output: vg_map/ABOFRAM007301868101_23_23.vg
    log: logs/vg/giraffe_chunk_vg_ABOFRAM007301868101_23.log
    jobid: 1389
    reason: Missing output files: vg_map/ABOFRAM007301868101_23_23.vg
    wildcards: sample=ABOFRAM007301868101, chr=23
    resources: mem_mb=11444, mem_mib=7630, disk_mb=9481, disk_mib=9042, tmpdir=<TBD>, slurm_partition=workq, slurm_account=mnaji, mem=12GB, time=28800


        vg chunk -x vg_vg/ABOFRAM007301868101_wg.xg -C -p 23 > vg_map/ABOFRAM007301868101_23_23.vg
        
No wall time information given. This might or might not work on your cluster. If not, specify the resource runtime in your rule or as a reasonable default via --default-resources.
Job 1389 has been submitted with SLURM jobid 11146296 (log: /work/project/CASCAD/mnaji/sm_folder/results/.snakemake/slurm_logs/rule_giraffe_chunk_vg/ABOFRAM007301868101_23/11146296.log).

[Fri Sep 20 09:58:47 2024]
rule giraffe_snarls:
    input: vg_map/ABOFRAM007301868101_10_10.vg
    output: vg_map/ABOFRAM007301868101_pt10.snarls
    log: logs/vg/giraffe_snarls_ABOFRAM007301868101_10.log
    jobid: 1327
    reason: Missing output files: vg_map/ABOFRAM007301868101_pt10.snarls; Input files updated by another job: vg_map/ABOFRAM007301868101_10_10.vg
    wildcards: sample=ABOFRAM007301868101, chr=10
    resources: mem_mb=11444, mem_mib=954, disk_mb=1000, disk_mib=954, tmpdir=<TBD>, slurm_partition=workq, slurm_account=mnaji, mem=12GB, time=28800


        vg snarls vg_map/ABOFRAM007301868101_10_10.vg > vg_map/ABOFRAM007301868101_pt10.snarls
        
No wall time information given. This might or might not work on your cluster. If not, specify the resource runtime in your rule or as a reasonable default via --default-resources.
Job 1327 has been submitted with SLURM jobid 11146297 (log: /work/project/CASCAD/mnaji/sm_folder/results/.snakemake/slurm_logs/rule_giraffe_snarls/ABOFRAM007301868101_10/11146297.log).
Select jobs to execute...
[Fri Sep 20 09:58:57 2024]
Finished job 1540.
451 of 886 steps (51%) done
Removing temporary output vg_map/ABOFRAM007401840180_22_22.gam.
[Fri Sep 20 09:58:57 2024]
Finished job 954.
452 of 886 steps (51%) done
Execute 2 jobs...

[Fri Sep 20 09:58:57 2024]
rule giraffe_snarls:
    input: vg_map/ABOFRAM000703115255_29_29.vg
    output: vg_map/ABOFRAM000703115255_pt29.snarls
    log: logs/vg/giraffe_snarls_ABOFRAM000703115255_29.log
    jobid: 957
    reason: Missing output files: vg_map/ABOFRAM000703115255_pt29.snarls; Input files updated by another job: vg_map/ABOFRAM000703115255_29_29.vg
    wildcards: sample=ABOFRAM000703115255, chr=29
    resources: mem_mb=11444, mem_mib=954, disk_mb=1000, disk_mib=954, tmpdir=<TBD>, slurm_partition=workq, slurm_account=mnaji, mem=12GB, time=28800


        vg snarls vg_map/ABOFRAM000703115255_29_29.vg > vg_map/ABOFRAM000703115255_pt29.snarls
        
No wall time information given. This might or might not work on your cluster. If not, specify the resource runtime in your rule or as a reasonable default via --default-resources.
Job 957 has been submitted with SLURM jobid 11146298 (log: /work/project/CASCAD/mnaji/sm_folder/results/.snakemake/slurm_logs/rule_giraffe_snarls/ABOFRAM000703115255_29/11146298.log).

[Fri Sep 20 09:58:57 2024]
rule giraffe_call:
    input: vg_map/ABOFRAM007401840180_22_22.vg, vg_map/ABOFRAM007401840180_22.pack, vg_map/ABOFRAM007401840180_pt22.snarls
    output: vg_call/ABOFRAM007401840180_22.vcf
    log: logs/vg/giraffe_call_ABOFRAM007401840180_22.log
    jobid: 1538
    reason: Missing output files: vg_call/ABOFRAM007401840180_22.vcf; Input files updated by another job: vg_map/ABOFRAM007401840180_pt22.snarls, vg_map/ABOFRAM007401840180_22_22.vg, vg_map/ABOFRAM007401840180_22.pack
    wildcards: sample=ABOFRAM007401840180, chr=22
    resources: mem_mb=11444, mem_mib=954, disk_mb=1000, disk_mib=954, tmpdir=<TBD>, slurm_partition=workq, slurm_account=mnaji, mem=12GB, time=28800


        vg call vg_map/ABOFRAM007401840180_22_22.vg -k vg_map/ABOFRAM007401840180_22.pack -r vg_map/ABOFRAM007401840180_pt22.snarls -s ABOFRAM007401840180 --threads 3 > vg_call/ABOFRAM007401840180_22.vcf 
        
No wall time information given. This might or might not work on your cluster. If not, specify the resource runtime in your rule or as a reasonable default via --default-resources.
Job 1538 has been submitted with SLURM jobid 11146299 (log: /work/project/CASCAD/mnaji/sm_folder/results/.snakemake/slurm_logs/rule_giraffe_call/ABOFRAM007401840180_22/11146299.log).
Select jobs to execute...
[Fri Sep 20 09:59:07 2024]
Finished job 1255.
453 of 886 steps (51%) done
Removing temporary output vg_map/ABOFRAM000709524730_27_27.gam.
[Fri Sep 20 09:59:07 2024]
Finished job 1217.
454 of 886 steps (51%) done
Execute 2 jobs...

[Fri Sep 20 09:59:07 2024]
rule giraffe_call:
    input: vg_map/ABOFRAM000709524730_27_27.vg, vg_map/ABOFRAM000709524730_27.pack, vg_map/ABOFRAM000709524730_pt27.snarls
    output: vg_call/ABOFRAM000709524730_27.vcf
    log: logs/vg/giraffe_call_ABOFRAM000709524730_27.log
    jobid: 1253
    reason: Missing output files: vg_call/ABOFRAM000709524730_27.vcf; Input files updated by another job: vg_map/ABOFRAM000709524730_pt27.snarls, vg_map/ABOFRAM000709524730_27.pack, vg_map/ABOFRAM000709524730_27_27.vg
    wildcards: sample=ABOFRAM000709524730, chr=27
    resources: mem_mb=11444, mem_mib=954, disk_mb=1000, disk_mib=954, tmpdir=<TBD>, slurm_partition=workq, slurm_account=mnaji, mem=12GB, time=28800


        vg call vg_map/ABOFRAM000709524730_27_27.vg -k vg_map/ABOFRAM000709524730_27.pack -r vg_map/ABOFRAM000709524730_pt27.snarls -s ABOFRAM000709524730 --threads 3 > vg_call/ABOFRAM000709524730_27.vcf 
        
No wall time information given. This might or might not work on your cluster. If not, specify the resource runtime in your rule or as a reasonable default via --default-resources.
Job 1253 has been submitted with SLURM jobid 11146302 (log: /work/project/CASCAD/mnaji/sm_folder/results/.snakemake/slurm_logs/rule_giraffe_call/ABOFRAM000709524730_27/11146302.log).

[Fri Sep 20 09:59:07 2024]
rule giraffe_chunk:
    input: vg_vg/ABOFRAM007401840180_wg.xg, vg_map/ABOFRAM007401840180.gam
    output: vg_map/ABOFRAM007401840180_13_13.gam
    log: logs/vg/giraffe_chunk_ABOFRAM007401840180_13.log
    jobid: 1496
    reason: Missing output files: vg_map/ABOFRAM007401840180_13_13.gam
    wildcards: sample=ABOFRAM007401840180, chr=13
    resources: mem_mb=28610, mem_mib=7630, disk_mb=196150, disk_mib=187064, tmpdir=<TBD>, slurm_partition=workq, slurm_account=mnaji, mem=30GB, time=28800


        vg chunk -x vg_vg/ABOFRAM007401840180_wg.xg -a vg_map/ABOFRAM007401840180.gam -C -p 13 -O pg --prefix vg_map/ABOFRAM007401840180_13 && ls -sh vg_map/ABOFRAM007401840180_13_13.gam
        
No wall time information given. This might or might not work on your cluster. If not, specify the resource runtime in your rule or as a reasonable default via --default-resources.
Job 1496 has been submitted with SLURM jobid 11146303 (log: /work/project/CASCAD/mnaji/sm_folder/results/.snakemake/slurm_logs/rule_giraffe_chunk/ABOFRAM007401840180_13/11146303.log).
Select jobs to execute...
[Fri Sep 20 09:59:17 2024]
Finished job 1241.
455 of 886 steps (51%) done
Execute 1 jobs...

[Fri Sep 20 09:59:17 2024]
rule giraffe_pack:
    input: vg_map/ABOFRAM000709524730_24_24.vg, vg_map/ABOFRAM000709524730_24_24.gam
    output: vg_map/ABOFRAM000709524730_24.pack
    log: logs/vg/giraffe_pack_ABOFRAM000709524730_24.log
    jobid: 1240
    reason: Missing output files: vg_map/ABOFRAM000709524730_24.pack; Input files updated by another job: vg_map/ABOFRAM000709524730_24_24.vg, vg_map/ABOFRAM000709524730_24_24.gam
    wildcards: sample=ABOFRAM000709524730, chr=24
    threads: 3
    resources: mem_mb=14305, mem_mib=4640, disk_mb=4865, disk_mib=4640, tmpdir=<TBD>, slurm_partition=workq, slurm_account=mnaji, mem=15GB, time=28800


        vg pack -x vg_map/ABOFRAM000709524730_24_24.vg -g vg_map/ABOFRAM000709524730_24_24.gam -Q 5 --threads 3 -o vg_map/ABOFRAM000709524730_24.pack
        
No wall time information given. This might or might not work on your cluster. If not, specify the resource runtime in your rule or as a reasonable default via --default-resources.
Job 1240 has been submitted with SLURM jobid 11146306 (log: /work/project/CASCAD/mnaji/sm_folder/results/.snakemake/slurm_logs/rule_giraffe_pack/ABOFRAM000709524730_24/11146306.log).
[Fri Sep 20 09:59:27 2024]
Finished job 899.
456 of 886 steps (51%) done
Select jobs to execute...
Execute 1 jobs...

[Fri Sep 20 09:59:27 2024]
rule giraffe_pack:
    input: vg_map/ABOFRAM000703115255_18_18.vg, vg_map/ABOFRAM000703115255_18_18.gam
    output: vg_map/ABOFRAM000703115255_18.pack
    log: logs/vg/giraffe_pack_ABOFRAM000703115255_18.log
    jobid: 900
    reason: Missing output files: vg_map/ABOFRAM000703115255_18.pack; Input files updated by another job: vg_map/ABOFRAM000703115255_18_18.gam, vg_map/ABOFRAM000703115255_18_18.vg
    wildcards: sample=ABOFRAM000703115255, chr=18
    threads: 3
    resources: mem_mb=14305, mem_mib=6071, disk_mb=6365, disk_mib=6071, tmpdir=<TBD>, slurm_partition=workq, slurm_account=mnaji, mem=15GB, time=28800


        vg pack -x vg_map/ABOFRAM000703115255_18_18.vg -g vg_map/ABOFRAM000703115255_18_18.gam -Q 5 --threads 3 -o vg_map/ABOFRAM000703115255_18.pack
        
No wall time information given. This might or might not work on your cluster. If not, specify the resource runtime in your rule or as a reasonable default via --default-resources.
Job 900 has been submitted with SLURM jobid 11146307 (log: /work/project/CASCAD/mnaji/sm_folder/results/.snakemake/slurm_logs/rule_giraffe_pack/ABOFRAM000703115255_18/11146307.log).
[Fri Sep 20 09:59:37 2024]
Finished job 846.
457 of 886 steps (52%) done
[Fri Sep 20 09:59:37 2024]
Finished job 930.
458 of 886 steps (52%) done
Removing temporary output vg_map/ABOFRAM000703115255_24_24.gam.
Select jobs to execute...
Execute 2 jobs...

[Fri Sep 20 09:59:37 2024]
rule giraffe_pack:
    input: vg_map/ABOFRAM000703115255_7_7.vg, vg_map/ABOFRAM000703115255_7_7.gam
    output: vg_map/ABOFRAM000703115255_7.pack
    log: logs/vg/giraffe_pack_ABOFRAM000703115255_7.log
    jobid: 845
    reason: Missing output files: vg_map/ABOFRAM000703115255_7.pack; Input files updated by another job: vg_map/ABOFRAM000703115255_7_7.gam, vg_map/ABOFRAM000703115255_7_7.vg
    wildcards: sample=ABOFRAM000703115255, chr=7
    threads: 3
    resources: mem_mb=14305, mem_mib=7630, disk_mb=10588, disk_mib=10098, tmpdir=<TBD>, slurm_partition=workq, slurm_account=mnaji, mem=15GB, time=28800


        vg pack -x vg_map/ABOFRAM000703115255_7_7.vg -g vg_map/ABOFRAM000703115255_7_7.gam -Q 5 --threads 3 -o vg_map/ABOFRAM000703115255_7.pack
        
No wall time information given. This might or might not work on your cluster. If not, specify the resource runtime in your rule or as a reasonable default via --default-resources.
Job 845 has been submitted with SLURM jobid 11146310 (log: /work/project/CASCAD/mnaji/sm_folder/results/.snakemake/slurm_logs/rule_giraffe_pack/ABOFRAM000703115255_7/11146310.log).

[Fri Sep 20 09:59:37 2024]
rule giraffe_call:
    input: vg_map/ABOFRAM000703115255_24_24.vg, vg_map/ABOFRAM000703115255_24.pack, vg_map/ABOFRAM000703115255_pt24.snarls
    output: vg_call/ABOFRAM000703115255_24.vcf
    log: logs/vg/giraffe_call_ABOFRAM000703115255_24.log
    jobid: 928
    reason: Missing output files: vg_call/ABOFRAM000703115255_24.vcf; Input files updated by another job: vg_map/ABOFRAM000703115255_pt24.snarls, vg_map/ABOFRAM000703115255_24.pack, vg_map/ABOFRAM000703115255_24_24.vg
    wildcards: sample=ABOFRAM000703115255, chr=24
    resources: mem_mb=11444, mem_mib=954, disk_mb=1000, disk_mib=954, tmpdir=<TBD>, slurm_partition=workq, slurm_account=mnaji, mem=12GB, time=28800


        vg call vg_map/ABOFRAM000703115255_24_24.vg -k vg_map/ABOFRAM000703115255_24.pack -r vg_map/ABOFRAM000703115255_pt24.snarls -s ABOFRAM000703115255 --threads 3 > vg_call/ABOFRAM000703115255_24.vcf 
        
No wall time information given. This might or might not work on your cluster. If not, specify the resource runtime in your rule or as a reasonable default via --default-resources.
Job 928 has been submitted with SLURM jobid 11146311 (log: /work/project/CASCAD/mnaji/sm_folder/results/.snakemake/slurm_logs/rule_giraffe_call/ABOFRAM000703115255_24/11146311.log).
Select jobs to execute...
[Fri Sep 20 09:59:47 2024]
Finished job 1206.
459 of 886 steps (52%) done
[Fri Sep 20 09:59:47 2024]
Finished job 1553.
460 of 886 steps (52%) done
Removing temporary output vg_map/ABOFRAM007401840180_25_25.vg.
Removing temporary output vg_map/ABOFRAM007401840180_25.pack.
Removing temporary output vg_map/ABOFRAM007401840180_pt25.snarls.
[Fri Sep 20 09:59:47 2024]
Finished job 957.
461 of 886 steps (52%) done
Execute 3 jobs...

[Fri Sep 20 09:59:47 2024]
rule giraffe_pack:
    input: vg_map/ABOFRAM000709524730_17_17.vg, vg_map/ABOFRAM000709524730_17_17.gam
    output: vg_map/ABOFRAM000709524730_17.pack
    log: logs/vg/giraffe_pack_ABOFRAM000709524730_17.log
    jobid: 1205
    reason: Missing output files: vg_map/ABOFRAM000709524730_17.pack; Input files updated by another job: vg_map/ABOFRAM000709524730_17_17.gam, vg_map/ABOFRAM000709524730_17_17.vg
    wildcards: sample=ABOFRAM000709524730, chr=17
    threads: 3
    resources: mem_mb=14305, mem_mib=7630, disk_mb=8845, disk_mib=8436, tmpdir=<TBD>, slurm_partition=workq, slurm_account=mnaji, mem=15GB, time=28800


        vg pack -x vg_map/ABOFRAM000709524730_17_17.vg -g vg_map/ABOFRAM000709524730_17_17.gam -Q 5 --threads 3 -o vg_map/ABOFRAM000709524730_17.pack
        
No wall time information given. This might or might not work on your cluster. If not, specify the resource runtime in your rule or as a reasonable default via --default-resources.
Job 1205 has been submitted with SLURM jobid 11146314 (log: /work/project/CASCAD/mnaji/sm_folder/results/.snakemake/slurm_logs/rule_giraffe_pack/ABOFRAM000709524730_17/11146314.log).

[Fri Sep 20 09:59:48 2024]
rule giraffe_chunk:
    input: vg_vg/ABOFRAM000707401531_wg.xg, vg_map/ABOFRAM000707401531.gam
    output: vg_map/ABOFRAM000707401531_6_6.gam
    log: logs/vg/giraffe_chunk_ABOFRAM000707401531_6.log
    jobid: 996
    reason: Missing output files: vg_map/ABOFRAM000707401531_6_6.gam
    wildcards: sample=ABOFRAM000707401531, chr=6
    resources: mem_mb=28610, mem_mib=7630, disk_mb=202240, disk_mib=192872, tmpdir=<TBD>, slurm_partition=workq, slurm_account=mnaji, mem=30GB, time=28800


        vg chunk -x vg_vg/ABOFRAM000707401531_wg.xg -a vg_map/ABOFRAM000707401531.gam -C -p 6 -O pg --prefix vg_map/ABOFRAM000707401531_6 && ls -sh vg_map/ABOFRAM000707401531_6_6.gam
        
No wall time information given. This might or might not work on your cluster. If not, specify the resource runtime in your rule or as a reasonable default via --default-resources.
Job 996 has been submitted with SLURM jobid 11146315 (log: /work/project/CASCAD/mnaji/sm_folder/results/.snakemake/slurm_logs/rule_giraffe_chunk/ABOFRAM000707401531_6/11146315.log).

[Fri Sep 20 09:59:48 2024]
rule giraffe_snarls:
    input: vg_map/ABOFRAM000703115255_18_18.vg
    output: vg_map/ABOFRAM000703115255_pt18.snarls
    log: logs/vg/giraffe_snarls_ABOFRAM000703115255_18.log
    jobid: 902
    reason: Missing output files: vg_map/ABOFRAM000703115255_pt18.snarls; Input files updated by another job: vg_map/ABOFRAM000703115255_18_18.vg
    wildcards: sample=ABOFRAM000703115255, chr=18
    resources: mem_mb=11444, mem_mib=954, disk_mb=1000, disk_mib=954, tmpdir=<TBD>, slurm_partition=workq, slurm_account=mnaji, mem=12GB, time=28800


        vg snarls vg_map/ABOFRAM000703115255_18_18.vg > vg_map/ABOFRAM000703115255_pt18.snarls
        
No wall time information given. This might or might not work on your cluster. If not, specify the resource runtime in your rule or as a reasonable default via --default-resources.
Job 902 has been submitted with SLURM jobid 11146316 (log: /work/project/CASCAD/mnaji/sm_folder/results/.snakemake/slurm_logs/rule_giraffe_snarls/ABOFRAM000703115255_18/11146316.log).
Select jobs to execute...
[Fri Sep 20 09:59:57 2024]
Finished job 1211.
462 of 886 steps (52%) done
[Fri Sep 20 09:59:57 2024]
Finished job 1395.
463 of 886 steps (52%) done
Removing temporary output vg_map/ABOFRAM007301868101_24_24.gam.
[Fri Sep 20 09:59:57 2024]
Finished job 1340.
464 of 886 steps (52%) done
Removing temporary output vg_map/ABOFRAM007301868101_13_13.gam.
[Fri Sep 20 09:59:57 2024]
Finished job 1574.
465 of 886 steps (52%) done
[Fri Sep 20 09:59:57 2024]
Finished job 1389.
466 of 886 steps (53%) done
[Fri Sep 20 09:59:57 2024]
Finished job 1327.
467 of 886 steps (53%) done
Execute 6 jobs...

[Fri Sep 20 09:59:58 2024]
rule giraffe_call:
    input: vg_map/ABOFRAM007301868101_13_13.vg, vg_map/ABOFRAM007301868101_13.pack, vg_map/ABOFRAM007301868101_pt13.snarls
    output: vg_call/ABOFRAM007301868101_13.vcf
    log: logs/vg/giraffe_call_ABOFRAM007301868101_13.log
    jobid: 1338
    reason: Missing output files: vg_call/ABOFRAM007301868101_13.vcf; Input files updated by another job: vg_map/ABOFRAM007301868101_13.pack, vg_map/ABOFRAM007301868101_13_13.vg, vg_map/ABOFRAM007301868101_pt13.snarls
    wildcards: sample=ABOFRAM007301868101, chr=13
    resources: mem_mb=11444, mem_mib=954, disk_mb=1000, disk_mib=954, tmpdir=<TBD>, slurm_partition=workq, slurm_account=mnaji, mem=12GB, time=28800


        vg call vg_map/ABOFRAM007301868101_13_13.vg -k vg_map/ABOFRAM007301868101_13.pack -r vg_map/ABOFRAM007301868101_pt13.snarls -s ABOFRAM007301868101 --threads 3 > vg_call/ABOFRAM007301868101_13.vcf 
        
No wall time information given. This might or might not work on your cluster. If not, specify the resource runtime in your rule or as a reasonable default via --default-resources.
Job 1338 has been submitted with SLURM jobid 11146320 (log: /work/project/CASCAD/mnaji/sm_folder/results/.snakemake/slurm_logs/rule_giraffe_call/ABOFRAM007301868101_13/11146320.log).

[Fri Sep 20 09:59:58 2024]
rule giraffe_pack:
    input: vg_map/ABOFRAM000709524730_18_18.vg, vg_map/ABOFRAM000709524730_18_18.gam
    output: vg_map/ABOFRAM000709524730_18.pack
    log: logs/vg/giraffe_pack_ABOFRAM000709524730_18.log
    jobid: 1210
    reason: Missing output files: vg_map/ABOFRAM000709524730_18.pack; Input files updated by another job: vg_map/ABOFRAM000709524730_18_18.vg, vg_map/ABOFRAM000709524730_18_18.gam
    wildcards: sample=ABOFRAM000709524730, chr=18
    threads: 3
    resources: mem_mb=14305, mem_mib=4979, disk_mb=5220, disk_mib=4979, tmpdir=<TBD>, slurm_partition=workq, slurm_account=mnaji, mem=15GB, time=28800


        vg pack -x vg_map/ABOFRAM000709524730_18_18.vg -g vg_map/ABOFRAM000709524730_18_18.gam -Q 5 --threads 3 -o vg_map/ABOFRAM000709524730_18.pack
        
No wall time information given. This might or might not work on your cluster. If not, specify the resource runtime in your rule or as a reasonable default via --default-resources.
Job 1210 has been submitted with SLURM jobid 11146321 (log: /work/project/CASCAD/mnaji/sm_folder/results/.snakemake/slurm_logs/rule_giraffe_pack/ABOFRAM000709524730_18/11146321.log).

[Fri Sep 20 09:59:58 2024]
rule giraffe_snarls:
    input: vg_map/ABOFRAM007401840180_29_29.vg
    output: vg_map/ABOFRAM007401840180_pt29.snarls
    log: logs/vg/giraffe_snarls_ABOFRAM007401840180_29.log
    jobid: 1577
    reason: Missing output files: vg_map/ABOFRAM007401840180_pt29.snarls; Input files updated by another job: vg_map/ABOFRAM007401840180_29_29.vg
    wildcards: sample=ABOFRAM007401840180, chr=29
    resources: mem_mb=11444, mem_mib=954, disk_mb=1000, disk_mib=954, tmpdir=<TBD>, slurm_partition=workq, slurm_account=mnaji, mem=12GB, time=28800


        vg snarls vg_map/ABOFRAM007401840180_29_29.vg > vg_map/ABOFRAM007401840180_pt29.snarls
        
No wall time information given. This might or might not work on your cluster. If not, specify the resource runtime in your rule or as a reasonable default via --default-resources.
Job 1577 has been submitted with SLURM jobid 11146322 (log: /work/project/CASCAD/mnaji/sm_folder/results/.snakemake/slurm_logs/rule_giraffe_snarls/ABOFRAM007401840180_29/11146322.log).

[Fri Sep 20 09:59:58 2024]
rule giraffe_snarls:
    input: vg_map/ABOFRAM007301868101_23_23.vg
    output: vg_map/ABOFRAM007301868101_pt23.snarls
    log: logs/vg/giraffe_snarls_ABOFRAM007301868101_23.log
    jobid: 1392
    reason: Missing output files: vg_map/ABOFRAM007301868101_pt23.snarls; Input files updated by another job: vg_map/ABOFRAM007301868101_23_23.vg
    wildcards: sample=ABOFRAM007301868101, chr=23
    resources: mem_mb=11444, mem_mib=954, disk_mb=1000, disk_mib=954, tmpdir=<TBD>, slurm_partition=workq, slurm_account=mnaji, mem=12GB, time=28800


        vg snarls vg_map/ABOFRAM007301868101_23_23.vg > vg_map/ABOFRAM007301868101_pt23.snarls
        
No wall time information given. This might or might not work on your cluster. If not, specify the resource runtime in your rule or as a reasonable default via --default-resources.
Job 1392 has been submitted with SLURM jobid 11146323 (log: /work/project/CASCAD/mnaji/sm_folder/results/.snakemake/slurm_logs/rule_giraffe_snarls/ABOFRAM007301868101_23/11146323.log).

[Fri Sep 20 09:59:58 2024]
rule giraffe_pack:
    input: vg_map/ABOFRAM007401840180_29_29.vg, vg_map/ABOFRAM007401840180_29_29.gam
    output: vg_map/ABOFRAM007401840180_29.pack
    log: logs/vg/giraffe_pack_ABOFRAM007401840180_29.log
    jobid: 1575
    reason: Missing output files: vg_map/ABOFRAM007401840180_29.pack; Input files updated by another job: vg_map/ABOFRAM007401840180_29_29.gam, vg_map/ABOFRAM007401840180_29_29.vg
    wildcards: sample=ABOFRAM007401840180, chr=29
    threads: 3
    resources: mem_mb=14305, mem_mib=3898, disk_mb=4087, disk_mib=3898, tmpdir=<TBD>, slurm_partition=workq, slurm_account=mnaji, mem=15GB, time=28800


        vg pack -x vg_map/ABOFRAM007401840180_29_29.vg -g vg_map/ABOFRAM007401840180_29_29.gam -Q 5 --threads 3 -o vg_map/ABOFRAM007401840180_29.pack
        
No wall time information given. This might or might not work on your cluster. If not, specify the resource runtime in your rule or as a reasonable default via --default-resources.
Job 1575 has been submitted with SLURM jobid 11146324 (log: /work/project/CASCAD/mnaji/sm_folder/results/.snakemake/slurm_logs/rule_giraffe_pack/ABOFRAM007401840180_29/11146324.log).

[Fri Sep 20 09:59:59 2024]
rule giraffe_call:
    input: vg_map/ABOFRAM007301868101_24_24.vg, vg_map/ABOFRAM007301868101_24.pack, vg_map/ABOFRAM007301868101_pt24.snarls
    output: vg_call/ABOFRAM007301868101_24.vcf
    log: logs/vg/giraffe_call_ABOFRAM007301868101_24.log
    jobid: 1393
    reason: Missing output files: vg_call/ABOFRAM007301868101_24.vcf; Input files updated by another job: vg_map/ABOFRAM007301868101_24_24.vg, vg_map/ABOFRAM007301868101_pt24.snarls, vg_map/ABOFRAM007301868101_24.pack
    wildcards: sample=ABOFRAM007301868101, chr=24
    resources: mem_mb=11444, mem_mib=954, disk_mb=1000, disk_mib=954, tmpdir=<TBD>, slurm_partition=workq, slurm_account=mnaji, mem=12GB, time=28800


        vg call vg_map/ABOFRAM007301868101_24_24.vg -k vg_map/ABOFRAM007301868101_24.pack -r vg_map/ABOFRAM007301868101_pt24.snarls -s ABOFRAM007301868101 --threads 3 > vg_call/ABOFRAM007301868101_24.vcf 
        
No wall time information given. This might or might not work on your cluster. If not, specify the resource runtime in your rule or as a reasonable default via --default-resources.
Job 1393 has been submitted with SLURM jobid 11146325 (log: /work/project/CASCAD/mnaji/sm_folder/results/.snakemake/slurm_logs/rule_giraffe_call/ABOFRAM007301868101_24/11146325.log).
Select jobs to execute...
[Fri Sep 20 10:00:28 2024]
Finished job 961.
468 of 886 steps (53%) done
[Fri Sep 20 10:00:28 2024]
Finished job 1038.
469 of 886 steps (53%) done
Removing temporary output vg_map/ABOFRAM000707401531_15_15.vg.
Removing temporary output vg_map/ABOFRAM000707401531_15.pack.
Removing temporary output vg_map/ABOFRAM000707401531_pt15.snarls.
Execute 2 jobs...

[Fri Sep 20 10:00:28 2024]
rule giraffe_chunk_vg:
    input: vg_vg/ABOFRAM000709524730_wg.xg
    output: vg_map/ABOFRAM000709524730_2_2.vg
    log: logs/vg/giraffe_chunk_vg_ABOFRAM000709524730_2.log
    jobid: 1129
    reason: Missing output files: vg_map/ABOFRAM000709524730_2_2.vg
    wildcards: sample=ABOFRAM000709524730, chr=2
    resources: mem_mb=11444, mem_mib=7630, disk_mb=9485, disk_mib=9046, tmpdir=<TBD>, slurm_partition=workq, slurm_account=mnaji, mem=12GB, time=28800


        vg chunk -x vg_vg/ABOFRAM000709524730_wg.xg -C -p 2 > vg_map/ABOFRAM000709524730_2_2.vg
        
No wall time information given. This might or might not work on your cluster. If not, specify the resource runtime in your rule or as a reasonable default via --default-resources.
Job 1129 has been submitted with SLURM jobid 11146335 (log: /work/project/CASCAD/mnaji/sm_folder/results/.snakemake/slurm_logs/rule_giraffe_chunk_vg/ABOFRAM000709524730_2/11146335.log).

[Fri Sep 20 10:00:28 2024]
rule giraffe_pack:
    input: vg_map/ABOFRAM000703115255_X_X.vg, vg_map/ABOFRAM000703115255_X_X.gam
    output: vg_map/ABOFRAM000703115255_X.pack
    log: logs/vg/giraffe_pack_ABOFRAM000703115255_X.log
    jobid: 960
    reason: Missing output files: vg_map/ABOFRAM000703115255_X.pack; Input files updated by another job: vg_map/ABOFRAM000703115255_X_X.gam, vg_map/ABOFRAM000703115255_X_X.vg
    wildcards: sample=ABOFRAM000703115255, chr=X
    threads: 3
    resources: mem_mb=14305, mem_mib=7066, disk_mb=7409, disk_mib=7066, tmpdir=<TBD>, slurm_partition=workq, slurm_account=mnaji, mem=15GB, time=28800


        vg pack -x vg_map/ABOFRAM000703115255_X_X.vg -g vg_map/ABOFRAM000703115255_X_X.gam -Q 5 --threads 3 -o vg_map/ABOFRAM000703115255_X.pack
        
No wall time information given. This might or might not work on your cluster. If not, specify the resource runtime in your rule or as a reasonable default via --default-resources.
Job 960 has been submitted with SLURM jobid 11146336 (log: /work/project/CASCAD/mnaji/sm_folder/results/.snakemake/slurm_logs/rule_giraffe_pack/ABOFRAM000703115255_X/11146336.log).
Select jobs to execute...
[Fri Sep 20 10:00:38 2024]
Finished job 926.
470 of 886 steps (53%) done
[Fri Sep 20 10:00:38 2024]
Finished job 1015.
471 of 886 steps (53%) done
Removing temporary output vg_map/ABOFRAM000707401531_10_10.gam.
[Fri Sep 20 10:00:38 2024]
Finished job 1538.
472 of 886 steps (53%) done
Removing temporary output vg_map/ABOFRAM007401840180_22_22.vg.
Removing temporary output vg_map/ABOFRAM007401840180_22.pack.
Removing temporary output vg_map/ABOFRAM007401840180_pt22.snarls.
[Fri Sep 20 10:00:38 2024]
Finished job 1253.
473 of 886 steps (53%) done
Removing temporary output vg_map/ABOFRAM000709524730_27_27.vg.
Removing temporary output vg_map/ABOFRAM000709524730_27.pack.
Removing temporary output vg_map/ABOFRAM000709524730_pt27.snarls.
Execute 4 jobs...

[Fri Sep 20 10:00:38 2024]
rule giraffe_call:
    input: vg_map/ABOFRAM000707401531_10_10.vg, vg_map/ABOFRAM000707401531_10.pack, vg_map/ABOFRAM000707401531_pt10.snarls
    output: vg_call/ABOFRAM000707401531_10.vcf
    log: logs/vg/giraffe_call_ABOFRAM000707401531_10.log
    jobid: 1013
    reason: Missing output files: vg_call/ABOFRAM000707401531_10.vcf; Input files updated by another job: vg_map/ABOFRAM000707401531_pt10.snarls, vg_map/ABOFRAM000707401531_10_10.vg, vg_map/ABOFRAM000707401531_10.pack
    wildcards: sample=ABOFRAM000707401531, chr=10
    resources: mem_mb=11444, mem_mib=954, disk_mb=1000, disk_mib=954, tmpdir=<TBD>, slurm_partition=workq, slurm_account=mnaji, mem=12GB, time=28800


        vg call vg_map/ABOFRAM000707401531_10_10.vg -k vg_map/ABOFRAM000707401531_10.pack -r vg_map/ABOFRAM000707401531_pt10.snarls -s ABOFRAM000707401531 --threads 3 > vg_call/ABOFRAM000707401531_10.vcf 
        
No wall time information given. This might or might not work on your cluster. If not, specify the resource runtime in your rule or as a reasonable default via --default-resources.
Job 1013 has been submitted with SLURM jobid 11146338 (log: /work/project/CASCAD/mnaji/sm_folder/results/.snakemake/slurm_logs/rule_giraffe_call/ABOFRAM000707401531_10/11146338.log).

[Fri Sep 20 10:00:38 2024]
rule giraffe_chunk:
    input: vg_vg/ABOFRAM000709524730_wg.xg, vg_map/ABOFRAM000709524730.gam
    output: vg_map/ABOFRAM000709524730_11_11.gam
    log: logs/vg/giraffe_chunk_ABOFRAM000709524730_11.log
    jobid: 1176
    reason: Missing output files: vg_map/ABOFRAM000709524730_11_11.gam
    wildcards: sample=ABOFRAM000709524730, chr=11
    resources: mem_mb=28610, mem_mib=7630, disk_mb=246756, disk_mib=235325, tmpdir=<TBD>, slurm_partition=workq, slurm_account=mnaji, mem=30GB, time=28800


        vg chunk -x vg_vg/ABOFRAM000709524730_wg.xg -a vg_map/ABOFRAM000709524730.gam -C -p 11 -O pg --prefix vg_map/ABOFRAM000709524730_11 && ls -sh vg_map/ABOFRAM000709524730_11_11.gam
        
No wall time information given. This might or might not work on your cluster. If not, specify the resource runtime in your rule or as a reasonable default via --default-resources.
Job 1176 has been submitted with SLURM jobid 11146339 (log: /work/project/CASCAD/mnaji/sm_folder/results/.snakemake/slurm_logs/rule_giraffe_chunk/ABOFRAM000709524730_11/11146339.log).

[Fri Sep 20 10:00:38 2024]
rule giraffe_chunk:
    input: vg_vg/ABOFRAM007401840180_wg.xg, vg_map/ABOFRAM007401840180.gam
    output: vg_map/ABOFRAM007401840180_11_11.gam
    log: logs/vg/giraffe_chunk_ABOFRAM007401840180_11.log
    jobid: 1486
    reason: Missing output files: vg_map/ABOFRAM007401840180_11_11.gam
    wildcards: sample=ABOFRAM007401840180, chr=11
    resources: mem_mb=28610, mem_mib=7630, disk_mb=196150, disk_mib=187064, tmpdir=<TBD>, slurm_partition=workq, slurm_account=mnaji, mem=30GB, time=28800


        vg chunk -x vg_vg/ABOFRAM007401840180_wg.xg -a vg_map/ABOFRAM007401840180.gam -C -p 11 -O pg --prefix vg_map/ABOFRAM007401840180_11 && ls -sh vg_map/ABOFRAM007401840180_11_11.gam
        
No wall time information given. This might or might not work on your cluster. If not, specify the resource runtime in your rule or as a reasonable default via --default-resources.
Job 1486 has been submitted with SLURM jobid 11146340 (log: /work/project/CASCAD/mnaji/sm_folder/results/.snakemake/slurm_logs/rule_giraffe_chunk/ABOFRAM007401840180_11/11146340.log).

[Fri Sep 20 10:00:38 2024]
rule giraffe_chunk:
    input: vg_vg/ABOFRAM000707401531_wg.xg, vg_map/ABOFRAM000707401531.gam
    output: vg_map/ABOFRAM000707401531_25_25.gam
    log: logs/vg/giraffe_chunk_ABOFRAM000707401531_25.log
    jobid: 1091
    reason: Missing output files: vg_map/ABOFRAM000707401531_25_25.gam
    wildcards: sample=ABOFRAM000707401531, chr=25
    resources: mem_mb=28610, mem_mib=7630, disk_mb=202240, disk_mib=192872, tmpdir=<TBD>, slurm_partition=workq, slurm_account=mnaji, mem=30GB, time=28800


        vg chunk -x vg_vg/ABOFRAM000707401531_wg.xg -a vg_map/ABOFRAM000707401531.gam -C -p 25 -O pg --prefix vg_map/ABOFRAM000707401531_25 && ls -sh vg_map/ABOFRAM000707401531_25_25.gam
        
No wall time information given. This might or might not work on your cluster. If not, specify the resource runtime in your rule or as a reasonable default via --default-resources.
Job 1091 has been submitted with SLURM jobid 11146341 (log: /work/project/CASCAD/mnaji/sm_folder/results/.snakemake/slurm_logs/rule_giraffe_chunk/ABOFRAM000707401531_25/11146341.log).
Select jobs to execute...
[Fri Sep 20 10:00:48 2024]
Finished job 1018.
474 of 886 steps (53%) done
Removing temporary output vg_map/ABOFRAM000707401531_11_11.vg.
Removing temporary output vg_map/ABOFRAM000707401531_11.pack.
Removing temporary output vg_map/ABOFRAM000707401531_pt11.snarls.
[Fri Sep 20 10:00:48 2024]
Finished job 935.
475 of 886 steps (54%) done
Removing temporary output vg_map/ABOFRAM000703115255_25_25.gam.
[Fri Sep 20 10:00:48 2024]
Finished job 1577.
476 of 886 steps (54%) done
Execute 3 jobs...

[Fri Sep 20 10:00:48 2024]
rule giraffe_call:
    input: vg_map/ABOFRAM000703115255_25_25.vg, vg_map/ABOFRAM000703115255_25.pack, vg_map/ABOFRAM000703115255_pt25.snarls
    output: vg_call/ABOFRAM000703115255_25.vcf
    log: logs/vg/giraffe_call_ABOFRAM000703115255_25.log
    jobid: 933
    reason: Missing output files: vg_call/ABOFRAM000703115255_25.vcf; Input files updated by another job: vg_map/ABOFRAM000703115255_pt25.snarls, vg_map/ABOFRAM000703115255_25_25.vg, vg_map/ABOFRAM000703115255_25.pack
    wildcards: sample=ABOFRAM000703115255, chr=25
    resources: mem_mb=11444, mem_mib=954, disk_mb=1000, disk_mib=954, tmpdir=<TBD>, slurm_partition=workq, slurm_account=mnaji, mem=12GB, time=28800


        vg call vg_map/ABOFRAM000703115255_25_25.vg -k vg_map/ABOFRAM000703115255_25.pack -r vg_map/ABOFRAM000703115255_pt25.snarls -s ABOFRAM000703115255 --threads 3 > vg_call/ABOFRAM000703115255_25.vcf 
        
No wall time information given. This might or might not work on your cluster. If not, specify the resource runtime in your rule or as a reasonable default via --default-resources.
Job 933 has been submitted with SLURM jobid 11146345 (log: /work/project/CASCAD/mnaji/sm_folder/results/.snakemake/slurm_logs/rule_giraffe_call/ABOFRAM000703115255_25/11146345.log).

[Fri Sep 20 10:00:48 2024]
rule giraffe_chunk:
    input: vg_vg/ABOFRAM000703115255_wg.xg, vg_map/ABOFRAM000703115255.gam
    output: vg_map/ABOFRAM000703115255_26_26.gam
    log: logs/vg/giraffe_chunk_ABOFRAM000703115255_26.log
    jobid: 941
    reason: Missing output files: vg_map/ABOFRAM000703115255_26_26.gam
    wildcards: sample=ABOFRAM000703115255, chr=26
    resources: mem_mb=28610, mem_mib=7630, disk_mb=273960, disk_mib=261269, tmpdir=<TBD>, slurm_partition=workq, slurm_account=mnaji, mem=30GB, time=28800


        vg chunk -x vg_vg/ABOFRAM000703115255_wg.xg -a vg_map/ABOFRAM000703115255.gam -C -p 26 -O pg --prefix vg_map/ABOFRAM000703115255_26 && ls -sh vg_map/ABOFRAM000703115255_26_26.gam
        
No wall time information given. This might or might not work on your cluster. If not, specify the resource runtime in your rule or as a reasonable default via --default-resources.
Job 941 has been submitted with SLURM jobid 11146346 (log: /work/project/CASCAD/mnaji/sm_folder/results/.snakemake/slurm_logs/rule_giraffe_chunk/ABOFRAM000703115255_26/11146346.log).

[Fri Sep 20 10:00:48 2024]
rule giraffe_chunk_vg:
    input: vg_vg/ABOFRAM000709524730_wg.xg
    output: vg_map/ABOFRAM000709524730_16_16.vg
    log: logs/vg/giraffe_chunk_vg_ABOFRAM000709524730_16.log
    jobid: 1199
    reason: Missing output files: vg_map/ABOFRAM000709524730_16_16.vg
    wildcards: sample=ABOFRAM000709524730, chr=16
    resources: mem_mb=11444, mem_mib=7630, disk_mb=9485, disk_mib=9046, tmpdir=<TBD>, slurm_partition=workq, slurm_account=mnaji, mem=12GB, time=28800


        vg chunk -x vg_vg/ABOFRAM000709524730_wg.xg -C -p 16 > vg_map/ABOFRAM000709524730_16_16.vg
        
No wall time information given. This might or might not work on your cluster. If not, specify the resource runtime in your rule or as a reasonable default via --default-resources.
Job 1199 has been submitted with SLURM jobid 11146347 (log: /work/project/CASCAD/mnaji/sm_folder/results/.snakemake/slurm_logs/rule_giraffe_chunk_vg/ABOFRAM000709524730_16/11146347.log).
Select jobs to execute...
[Fri Sep 20 10:00:58 2024]
Finished job 1392.
477 of 886 steps (54%) done
Execute 1 jobs...

[Fri Sep 20 10:00:58 2024]
rule giraffe_chunk:
    input: vg_vg/ABOFRAM000707401531_wg.xg, vg_map/ABOFRAM000707401531.gam
    output: vg_map/ABOFRAM000707401531_23_23.gam
    log: logs/vg/giraffe_chunk_ABOFRAM000707401531_23.log
    jobid: 1081
    reason: Missing output files: vg_map/ABOFRAM000707401531_23_23.gam
    wildcards: sample=ABOFRAM000707401531, chr=23
    resources: mem_mb=28610, mem_mib=7630, disk_mb=202240, disk_mib=192872, tmpdir=<TBD>, slurm_partition=workq, slurm_account=mnaji, mem=30GB, time=28800


        vg chunk -x vg_vg/ABOFRAM000707401531_wg.xg -a vg_map/ABOFRAM000707401531.gam -C -p 23 -O pg --prefix vg_map/ABOFRAM000707401531_23 && ls -sh vg_map/ABOFRAM000707401531_23_23.gam
        
No wall time information given. This might or might not work on your cluster. If not, specify the resource runtime in your rule or as a reasonable default via --default-resources.
Job 1081 has been submitted with SLURM jobid 11146348 (log: /work/project/CASCAD/mnaji/sm_folder/results/.snakemake/slurm_logs/rule_giraffe_chunk/ABOFRAM000707401531_23/11146348.log).
[Fri Sep 20 10:01:08 2024]
Finished job 1271.
478 of 886 steps (54%) done
Select jobs to execute...
Execute 1 jobs...

[Fri Sep 20 10:01:08 2024]
rule giraffe_pack:
    input: vg_map/ABOFRAM000709524730_X_X.vg, vg_map/ABOFRAM000709524730_X_X.gam
    output: vg_map/ABOFRAM000709524730_X.pack
    log: logs/vg/giraffe_pack_ABOFRAM000709524730_X.log
    jobid: 1270
    reason: Missing output files: vg_map/ABOFRAM000709524730_X.pack; Input files updated by another job: vg_map/ABOFRAM000709524730_X_X.gam, vg_map/ABOFRAM000709524730_X_X.vg
    wildcards: sample=ABOFRAM000709524730, chr=X
    threads: 3
    resources: mem_mb=14305, mem_mib=6380, disk_mb=6689, disk_mib=6380, tmpdir=<TBD>, slurm_partition=workq, slurm_account=mnaji, mem=15GB, time=28800


        vg pack -x vg_map/ABOFRAM000709524730_X_X.vg -g vg_map/ABOFRAM000709524730_X_X.gam -Q 5 --threads 3 -o vg_map/ABOFRAM000709524730_X.pack
        
No wall time information given. This might or might not work on your cluster. If not, specify the resource runtime in your rule or as a reasonable default via --default-resources.
Job 1270 has been submitted with SLURM jobid 11146349 (log: /work/project/CASCAD/mnaji/sm_folder/results/.snakemake/slurm_logs/rule_giraffe_pack/ABOFRAM000709524730_X/11146349.log).
[Fri Sep 20 10:01:38 2024]
Finished job 1463.
479 of 886 steps (54%) done
Removing temporary output vg_map/ABOFRAM007401840180_7_7.vg.
Removing temporary output vg_map/ABOFRAM007401840180_7.pack.
Removing temporary output vg_map/ABOFRAM007401840180_pt7.snarls.
[Fri Sep 20 10:01:38 2024]
Finished job 1188.
480 of 886 steps (54%) done
Removing temporary output vg_map/ABOFRAM000709524730_14_14.vg.
Removing temporary output vg_map/ABOFRAM000709524730_14.pack.
Removing temporary output vg_map/ABOFRAM000709524730_pt14.snarls.
[Fri Sep 20 10:01:38 2024]
Finished job 928.
481 of 886 steps (54%) done
Removing temporary output vg_map/ABOFRAM000703115255_24_24.vg.
Removing temporary output vg_map/ABOFRAM000703115255_24.pack.
Removing temporary output vg_map/ABOFRAM000703115255_pt24.snarls.
[Fri Sep 20 10:01:38 2024]
Finished job 902.
482 of 886 steps (54%) done
[Fri Sep 20 10:01:38 2024]
Finished job 1575.
483 of 886 steps (55%) done
Removing temporary output vg_map/ABOFRAM007401840180_29_29.gam.
[Fri Sep 20 10:01:38 2024]
Finished job 1393.
484 of 886 steps (55%) done
Removing temporary output vg_map/ABOFRAM007301868101_24_24.vg.
Removing temporary output vg_map/ABOFRAM007301868101_24.pack.
Removing temporary output vg_map/ABOFRAM007301868101_pt24.snarls.
[Fri Sep 20 10:01:38 2024]
Finished job 1199.
485 of 886 steps (55%) done
Select jobs to execute...
Execute 7 jobs...

[Fri Sep 20 10:01:38 2024]
rule giraffe_call:
    input: vg_map/ABOFRAM007401840180_29_29.vg, vg_map/ABOFRAM007401840180_29.pack, vg_map/ABOFRAM007401840180_pt29.snarls
    output: vg_call/ABOFRAM007401840180_29.vcf
    log: logs/vg/giraffe_call_ABOFRAM007401840180_29.log
    jobid: 1573
    reason: Missing output files: vg_call/ABOFRAM007401840180_29.vcf; Input files updated by another job: vg_map/ABOFRAM007401840180_pt29.snarls, vg_map/ABOFRAM007401840180_29_29.vg, vg_map/ABOFRAM007401840180_29.pack
    wildcards: sample=ABOFRAM007401840180, chr=29
    resources: mem_mb=11444, mem_mib=954, disk_mb=1000, disk_mib=954, tmpdir=<TBD>, slurm_partition=workq, slurm_account=mnaji, mem=12GB, time=28800


        vg call vg_map/ABOFRAM007401840180_29_29.vg -k vg_map/ABOFRAM007401840180_29.pack -r vg_map/ABOFRAM007401840180_pt29.snarls -s ABOFRAM007401840180 --threads 3 > vg_call/ABOFRAM007401840180_29.vcf 
        
No wall time information given. This might or might not work on your cluster. If not, specify the resource runtime in your rule or as a reasonable default via --default-resources.
Job 1573 has been submitted with SLURM jobid 11146352 (log: /work/project/CASCAD/mnaji/sm_folder/results/.snakemake/slurm_logs/rule_giraffe_call/ABOFRAM007401840180_29/11146352.log).

[Fri Sep 20 10:01:38 2024]
rule giraffe_chunk_vg:
    input: vg_vg/ABOFRAM000703115255_wg.xg
    output: vg_map/ABOFRAM000703115255_23_23.vg
    log: logs/vg/giraffe_chunk_vg_ABOFRAM000703115255_23.log
    jobid: 924
    reason: Missing output files: vg_map/ABOFRAM000703115255_23_23.vg
    wildcards: sample=ABOFRAM000703115255, chr=23
    resources: mem_mb=11444, mem_mib=7630, disk_mb=9484, disk_mib=9045, tmpdir=<TBD>, slurm_partition=workq, slurm_account=mnaji, mem=12GB, time=28800


        vg chunk -x vg_vg/ABOFRAM000703115255_wg.xg -C -p 23 > vg_map/ABOFRAM000703115255_23_23.vg
        
No wall time information given. This might or might not work on your cluster. If not, specify the resource runtime in your rule or as a reasonable default via --default-resources.
Job 924 has been submitted with SLURM jobid 11146353 (log: /work/project/CASCAD/mnaji/sm_folder/results/.snakemake/slurm_logs/rule_giraffe_chunk_vg/ABOFRAM000703115255_23/11146353.log).

[Fri Sep 20 10:01:39 2024]
rule giraffe_chunk_vg:
    input: vg_vg/ABOFRAM000703115255_wg.xg
    output: vg_map/ABOFRAM000703115255_2_2.vg
    log: logs/vg/giraffe_chunk_vg_ABOFRAM000703115255_2.log
    jobid: 819
    reason: Missing output files: vg_map/ABOFRAM000703115255_2_2.vg
    wildcards: sample=ABOFRAM000703115255, chr=2
    resources: mem_mb=11444, mem_mib=7630, disk_mb=9484, disk_mib=9045, tmpdir=<TBD>, slurm_partition=workq, slurm_account=mnaji, mem=12GB, time=28800


        vg chunk -x vg_vg/ABOFRAM000703115255_wg.xg -C -p 2 > vg_map/ABOFRAM000703115255_2_2.vg
        
No wall time information given. This might or might not work on your cluster. If not, specify the resource runtime in your rule or as a reasonable default via --default-resources.
Job 819 has been submitted with SLURM jobid 11146354 (log: /work/project/CASCAD/mnaji/sm_folder/results/.snakemake/slurm_logs/rule_giraffe_chunk_vg/ABOFRAM000703115255_2/11146354.log).

[Fri Sep 20 10:01:39 2024]
rule giraffe_chunk_vg:
    input: vg_vg/ABOFRAM000709524730_wg.xg
    output: vg_map/ABOFRAM000709524730_13_13.vg
    log: logs/vg/giraffe_chunk_vg_ABOFRAM000709524730_13.log
    jobid: 1184
    reason: Missing output files: vg_map/ABOFRAM000709524730_13_13.vg
    wildcards: sample=ABOFRAM000709524730, chr=13
    resources: mem_mb=11444, mem_mib=7630, disk_mb=9485, disk_mib=9046, tmpdir=<TBD>, slurm_partition=workq, slurm_account=mnaji, mem=12GB, time=28800


        vg chunk -x vg_vg/ABOFRAM000709524730_wg.xg -C -p 13 > vg_map/ABOFRAM000709524730_13_13.vg
        
No wall time information given. This might or might not work on your cluster. If not, specify the resource runtime in your rule or as a reasonable default via --default-resources.
Job 1184 has been submitted with SLURM jobid 11146355 (log: /work/project/CASCAD/mnaji/sm_folder/results/.snakemake/slurm_logs/rule_giraffe_chunk_vg/ABOFRAM000709524730_13/11146355.log).

[Fri Sep 20 10:01:39 2024]
rule giraffe_chunk_vg:
    input: vg_vg/ABOFRAM000707401531_wg.xg
    output: vg_map/ABOFRAM000707401531_13_13.vg
    log: logs/vg/giraffe_chunk_vg_ABOFRAM000707401531_13.log
    jobid: 1029
    reason: Missing output files: vg_map/ABOFRAM000707401531_13_13.vg
    wildcards: sample=ABOFRAM000707401531, chr=13
    resources: mem_mb=11444, mem_mib=7630, disk_mb=9481, disk_mib=9042, tmpdir=<TBD>, slurm_partition=workq, slurm_account=mnaji, mem=12GB, time=28800


        vg chunk -x vg_vg/ABOFRAM000707401531_wg.xg -C -p 13 > vg_map/ABOFRAM000707401531_13_13.vg
        
No wall time information given. This might or might not work on your cluster. If not, specify the resource runtime in your rule or as a reasonable default via --default-resources.
Job 1029 has been submitted with SLURM jobid 11146356 (log: /work/project/CASCAD/mnaji/sm_folder/results/.snakemake/slurm_logs/rule_giraffe_chunk_vg/ABOFRAM000707401531_13/11146356.log).

[Fri Sep 20 10:01:39 2024]
rule giraffe_chunk_vg:
    input: vg_vg/ABOFRAM000703115255_wg.xg
    output: vg_map/ABOFRAM000703115255_1_1.vg
    log: logs/vg/giraffe_chunk_vg_ABOFRAM000703115255_1.log
    jobid: 811
    reason: Missing output files: vg_map/ABOFRAM000703115255_1_1.vg
    wildcards: sample=ABOFRAM000703115255, chr=1
    resources: mem_mb=11444, mem_mib=7630, disk_mb=9484, disk_mib=9045, tmpdir=<TBD>, slurm_partition=workq, slurm_account=mnaji, mem=12GB, time=28800


        vg chunk -x vg_vg/ABOFRAM000703115255_wg.xg -C -p 1 > vg_map/ABOFRAM000703115255_1_1.vg
        
No wall time information given. This might or might not work on your cluster. If not, specify the resource runtime in your rule or as a reasonable default via --default-resources.
Job 811 has been submitted with SLURM jobid 11146357 (log: /work/project/CASCAD/mnaji/sm_folder/results/.snakemake/slurm_logs/rule_giraffe_chunk_vg/ABOFRAM000703115255_1/11146357.log).

[Fri Sep 20 10:01:40 2024]
rule giraffe_snarls:
    input: vg_map/ABOFRAM000709524730_16_16.vg
    output: vg_map/ABOFRAM000709524730_pt16.snarls
    log: logs/vg/giraffe_snarls_ABOFRAM000709524730_16.log
    jobid: 1202
    reason: Missing output files: vg_map/ABOFRAM000709524730_pt16.snarls; Input files updated by another job: vg_map/ABOFRAM000709524730_16_16.vg
    wildcards: sample=ABOFRAM000709524730, chr=16
    resources: mem_mb=11444, mem_mib=954, disk_mb=1000, disk_mib=954, tmpdir=<TBD>, slurm_partition=workq, slurm_account=mnaji, mem=12GB, time=28800


        vg snarls vg_map/ABOFRAM000709524730_16_16.vg > vg_map/ABOFRAM000709524730_pt16.snarls
        
No wall time information given. This might or might not work on your cluster. If not, specify the resource runtime in your rule or as a reasonable default via --default-resources.
Job 1202 has been submitted with SLURM jobid 11146358 (log: /work/project/CASCAD/mnaji/sm_folder/results/.snakemake/slurm_logs/rule_giraffe_snarls/ABOFRAM000709524730_16/11146358.log).
Select jobs to execute...
[Fri Sep 20 10:02:08 2024]
Finished job 1140.
486 of 886 steps (55%) done
Removing temporary output vg_map/ABOFRAM000709524730_4_4.gam.
[Fri Sep 20 10:02:08 2024]
Finished job 1129.
487 of 886 steps (55%) done
[Fri Sep 20 10:02:08 2024]
Finished job 933.
488 of 886 steps (55%) done
Removing temporary output vg_map/ABOFRAM000703115255_25_25.vg.
Removing temporary output vg_map/ABOFRAM000703115255_25.pack.
Removing temporary output vg_map/ABOFRAM000703115255_pt25.snarls.
Execute 3 jobs...

[Fri Sep 20 10:02:08 2024]
rule giraffe_call:
    input: vg_map/ABOFRAM000709524730_4_4.vg, vg_map/ABOFRAM000709524730_4.pack, vg_map/ABOFRAM000709524730_pt4.snarls
    output: vg_call/ABOFRAM000709524730_4.vcf
    log: logs/vg/giraffe_call_ABOFRAM000709524730_4.log
    jobid: 1138
    reason: Missing output files: vg_call/ABOFRAM000709524730_4.vcf; Input files updated by another job: vg_map/ABOFRAM000709524730_pt4.snarls, vg_map/ABOFRAM000709524730_4.pack, vg_map/ABOFRAM000709524730_4_4.vg
    wildcards: sample=ABOFRAM000709524730, chr=4
    resources: mem_mb=11444, mem_mib=954, disk_mb=1000, disk_mib=954, tmpdir=<TBD>, slurm_partition=workq, slurm_account=mnaji, mem=12GB, time=28800


        vg call vg_map/ABOFRAM000709524730_4_4.vg -k vg_map/ABOFRAM000709524730_4.pack -r vg_map/ABOFRAM000709524730_pt4.snarls -s ABOFRAM000709524730 --threads 3 > vg_call/ABOFRAM000709524730_4.vcf 
        
No wall time information given. This might or might not work on your cluster. If not, specify the resource runtime in your rule or as a reasonable default via --default-resources.
Job 1138 has been submitted with SLURM jobid 11146360 (log: /work/project/CASCAD/mnaji/sm_folder/results/.snakemake/slurm_logs/rule_giraffe_call/ABOFRAM000709524730_4/11146360.log).

[Fri Sep 20 10:02:09 2024]
rule giraffe_pack:
    input: vg_map/ABOFRAM000709524730_2_2.vg, vg_map/ABOFRAM000709524730_2_2.gam
    output: vg_map/ABOFRAM000709524730_2.pack
    log: logs/vg/giraffe_pack_ABOFRAM000709524730_2.log
    jobid: 1130
    reason: Missing output files: vg_map/ABOFRAM000709524730_2.pack; Input files updated by another job: vg_map/ABOFRAM000709524730_2_2.vg, vg_map/ABOFRAM000709524730_2_2.gam
    wildcards: sample=ABOFRAM000709524730, chr=2
    threads: 3
    resources: mem_mb=14305, mem_mib=7630, disk_mb=10702, disk_mib=10207, tmpdir=<TBD>, slurm_partition=workq, slurm_account=mnaji, mem=15GB, time=28800


        vg pack -x vg_map/ABOFRAM000709524730_2_2.vg -g vg_map/ABOFRAM000709524730_2_2.gam -Q 5 --threads 3 -o vg_map/ABOFRAM000709524730_2.pack
        
No wall time information given. This might or might not work on your cluster. If not, specify the resource runtime in your rule or as a reasonable default via --default-resources.
Job 1130 has been submitted with SLURM jobid 11146361 (log: /work/project/CASCAD/mnaji/sm_folder/results/.snakemake/slurm_logs/rule_giraffe_pack/ABOFRAM000709524730_2/11146361.log).

[Fri Sep 20 10:02:09 2024]
rule giraffe_snarls:
    input: vg_map/ABOFRAM000709524730_2_2.vg
    output: vg_map/ABOFRAM000709524730_pt2.snarls
    log: logs/vg/giraffe_snarls_ABOFRAM000709524730_2.log
    jobid: 1132
    reason: Missing output files: vg_map/ABOFRAM000709524730_pt2.snarls; Input files updated by another job: vg_map/ABOFRAM000709524730_2_2.vg
    wildcards: sample=ABOFRAM000709524730, chr=2
    resources: mem_mb=11444, mem_mib=954, disk_mb=1000, disk_mib=954, tmpdir=<TBD>, slurm_partition=workq, slurm_account=mnaji, mem=12GB, time=28800


        vg snarls vg_map/ABOFRAM000709524730_2_2.vg > vg_map/ABOFRAM000709524730_pt2.snarls
        
No wall time information given. This might or might not work on your cluster. If not, specify the resource runtime in your rule or as a reasonable default via --default-resources.
Job 1132 has been submitted with SLURM jobid 11146362 (log: /work/project/CASCAD/mnaji/sm_folder/results/.snakemake/slurm_logs/rule_giraffe_snarls/ABOFRAM000709524730_2/11146362.log).
Select jobs to execute...
[Fri Sep 20 10:02:18 2024]
Finished job 1216.
489 of 886 steps (55%) done
[Fri Sep 20 10:02:18 2024]
Finished job 900.
490 of 886 steps (55%) done
Removing temporary output vg_map/ABOFRAM000703115255_18_18.gam.
[Fri Sep 20 10:02:18 2024]
Finished job 924.
491 of 886 steps (55%) done
Execute 3 jobs...

[Fri Sep 20 10:02:19 2024]
rule giraffe_pack:
    input: vg_map/ABOFRAM000709524730_19_19.vg, vg_map/ABOFRAM000709524730_19_19.gam
    output: vg_map/ABOFRAM000709524730_19.pack
    log: logs/vg/giraffe_pack_ABOFRAM000709524730_19.log
    jobid: 1215
    reason: Missing output files: vg_map/ABOFRAM000709524730_19.pack; Input files updated by another job: vg_map/ABOFRAM000709524730_19_19.vg, vg_map/ABOFRAM000709524730_19_19.gam
    wildcards: sample=ABOFRAM000709524730, chr=19
    threads: 3
    resources: mem_mb=14305, mem_mib=7630, disk_mb=12302, disk_mib=11733, tmpdir=<TBD>, slurm_partition=workq, slurm_account=mnaji, mem=15GB, time=28800


        vg pack -x vg_map/ABOFRAM000709524730_19_19.vg -g vg_map/ABOFRAM000709524730_19_19.gam -Q 5 --threads 3 -o vg_map/ABOFRAM000709524730_19.pack
        
No wall time information given. This might or might not work on your cluster. If not, specify the resource runtime in your rule or as a reasonable default via --default-resources.
Job 1215 has been submitted with SLURM jobid 11146363 (log: /work/project/CASCAD/mnaji/sm_folder/results/.snakemake/slurm_logs/rule_giraffe_pack/ABOFRAM000709524730_19/11146363.log).

[Fri Sep 20 10:02:19 2024]
rule giraffe_pack:
    input: vg_map/ABOFRAM000703115255_23_23.vg, vg_map/ABOFRAM000703115255_23_23.gam
    output: vg_map/ABOFRAM000703115255_23.pack
    log: logs/vg/giraffe_pack_ABOFRAM000703115255_23.log
    jobid: 925
    reason: Missing output files: vg_map/ABOFRAM000703115255_23.pack; Input files updated by another job: vg_map/ABOFRAM000703115255_23_23.vg, vg_map/ABOFRAM000703115255_23_23.gam
    wildcards: sample=ABOFRAM000703115255, chr=23
    threads: 3
    resources: mem_mb=14305, mem_mib=4977, disk_mb=5218, disk_mib=4977, tmpdir=<TBD>, slurm_partition=workq, slurm_account=mnaji, mem=15GB, time=28800


        vg pack -x vg_map/ABOFRAM000703115255_23_23.vg -g vg_map/ABOFRAM000703115255_23_23.gam -Q 5 --threads 3 -o vg_map/ABOFRAM000703115255_23.pack
        
No wall time information given. This might or might not work on your cluster. If not, specify the resource runtime in your rule or as a reasonable default via --default-resources.
Job 925 has been submitted with SLURM jobid 11146364 (log: /work/project/CASCAD/mnaji/sm_folder/results/.snakemake/slurm_logs/rule_giraffe_pack/ABOFRAM000703115255_23/11146364.log).

[Fri Sep 20 10:02:19 2024]
rule giraffe_call:
    input: vg_map/ABOFRAM000703115255_18_18.vg, vg_map/ABOFRAM000703115255_18.pack, vg_map/ABOFRAM000703115255_pt18.snarls
    output: vg_call/ABOFRAM000703115255_18.vcf
    log: logs/vg/giraffe_call_ABOFRAM000703115255_18.log
    jobid: 898
    reason: Missing output files: vg_call/ABOFRAM000703115255_18.vcf; Input files updated by another job: vg_map/ABOFRAM000703115255_pt18.snarls, vg_map/ABOFRAM000703115255_18.pack, vg_map/ABOFRAM000703115255_18_18.vg
    wildcards: sample=ABOFRAM000703115255, chr=18
    resources: mem_mb=11444, mem_mib=954, disk_mb=1000, disk_mib=954, tmpdir=<TBD>, slurm_partition=workq, slurm_account=mnaji, mem=12GB, time=28800


        vg call vg_map/ABOFRAM000703115255_18_18.vg -k vg_map/ABOFRAM000703115255_18.pack -r vg_map/ABOFRAM000703115255_pt18.snarls -s ABOFRAM000703115255 --threads 3 > vg_call/ABOFRAM000703115255_18.vcf 
        
No wall time information given. This might or might not work on your cluster. If not, specify the resource runtime in your rule or as a reasonable default via --default-resources.
Job 898 has been submitted with SLURM jobid 11146365 (log: /work/project/CASCAD/mnaji/sm_folder/results/.snakemake/slurm_logs/rule_giraffe_call/ABOFRAM000703115255_18/11146365.log).
Select jobs to execute...
[Fri Sep 20 10:02:29 2024]
Finished job 1240.
492 of 886 steps (56%) done
Removing temporary output vg_map/ABOFRAM000709524730_24_24.gam.
Execute 1 jobs...

[Fri Sep 20 10:02:29 2024]
rule giraffe_call:
    input: vg_map/ABOFRAM000709524730_24_24.vg, vg_map/ABOFRAM000709524730_24.pack, vg_map/ABOFRAM000709524730_pt24.snarls
    output: vg_call/ABOFRAM000709524730_24.vcf
    log: logs/vg/giraffe_call_ABOFRAM000709524730_24.log
    jobid: 1238
    reason: Missing output files: vg_call/ABOFRAM000709524730_24.vcf; Input files updated by another job: vg_map/ABOFRAM000709524730_pt24.snarls, vg_map/ABOFRAM000709524730_24_24.vg, vg_map/ABOFRAM000709524730_24.pack
    wildcards: sample=ABOFRAM000709524730, chr=24
    resources: mem_mb=11444, mem_mib=954, disk_mb=1000, disk_mib=954, tmpdir=<TBD>, slurm_partition=workq, slurm_account=mnaji, mem=12GB, time=28800


        vg call vg_map/ABOFRAM000709524730_24_24.vg -k vg_map/ABOFRAM000709524730_24.pack -r vg_map/ABOFRAM000709524730_pt24.snarls -s ABOFRAM000709524730 --threads 3 > vg_call/ABOFRAM000709524730_24.vcf 
        
No wall time information given. This might or might not work on your cluster. If not, specify the resource runtime in your rule or as a reasonable default via --default-resources.
Job 1238 has been submitted with SLURM jobid 11146366 (log: /work/project/CASCAD/mnaji/sm_folder/results/.snakemake/slurm_logs/rule_giraffe_call/ABOFRAM000709524730_24/11146366.log).
[Fri Sep 20 10:02:39 2024]
Finished job 1205.
493 of 886 steps (56%) done
Removing temporary output vg_map/ABOFRAM000709524730_17_17.gam.
[Fri Sep 20 10:02:39 2024]
Finished job 819.
494 of 886 steps (56%) done
[Fri Sep 20 10:02:39 2024]
Finished job 1029.
495 of 886 steps (56%) done
Select jobs to execute...
Execute 3 jobs...

[Fri Sep 20 10:02:39 2024]
rule giraffe_snarls:
    input: vg_map/ABOFRAM000703115255_2_2.vg
    output: vg_map/ABOFRAM000703115255_pt2.snarls
    log: logs/vg/giraffe_snarls_ABOFRAM000703115255_2.log
    jobid: 822
    reason: Missing output files: vg_map/ABOFRAM000703115255_pt2.snarls; Input files updated by another job: vg_map/ABOFRAM000703115255_2_2.vg
    wildcards: sample=ABOFRAM000703115255, chr=2
    resources: mem_mb=11444, mem_mib=954, disk_mb=1000, disk_mib=954, tmpdir=<TBD>, slurm_partition=workq, slurm_account=mnaji, mem=12GB, time=28800


        vg snarls vg_map/ABOFRAM000703115255_2_2.vg > vg_map/ABOFRAM000703115255_pt2.snarls
        
No wall time information given. This might or might not work on your cluster. If not, specify the resource runtime in your rule or as a reasonable default via --default-resources.
Job 822 has been submitted with SLURM jobid 11146367 (log: /work/project/CASCAD/mnaji/sm_folder/results/.snakemake/slurm_logs/rule_giraffe_snarls/ABOFRAM000703115255_2/11146367.log).

[Fri Sep 20 10:02:39 2024]
rule giraffe_call:
    input: vg_map/ABOFRAM000709524730_17_17.vg, vg_map/ABOFRAM000709524730_17.pack, vg_map/ABOFRAM000709524730_pt17.snarls
    output: vg_call/ABOFRAM000709524730_17.vcf
    log: logs/vg/giraffe_call_ABOFRAM000709524730_17.log
    jobid: 1203
    reason: Missing output files: vg_call/ABOFRAM000709524730_17.vcf; Input files updated by another job: vg_map/ABOFRAM000709524730_pt17.snarls, vg_map/ABOFRAM000709524730_17_17.vg, vg_map/ABOFRAM000709524730_17.pack
    wildcards: sample=ABOFRAM000709524730, chr=17
    resources: mem_mb=11444, mem_mib=954, disk_mb=1000, disk_mib=954, tmpdir=<TBD>, slurm_partition=workq, slurm_account=mnaji, mem=12GB, time=28800


        vg call vg_map/ABOFRAM000709524730_17_17.vg -k vg_map/ABOFRAM000709524730_17.pack -r vg_map/ABOFRAM000709524730_pt17.snarls -s ABOFRAM000709524730 --threads 3 > vg_call/ABOFRAM000709524730_17.vcf 
        
No wall time information given. This might or might not work on your cluster. If not, specify the resource runtime in your rule or as a reasonable default via --default-resources.
Job 1203 has been submitted with SLURM jobid 11146368 (log: /work/project/CASCAD/mnaji/sm_folder/results/.snakemake/slurm_logs/rule_giraffe_call/ABOFRAM000709524730_17/11146368.log).

[Fri Sep 20 10:02:39 2024]
rule giraffe_pack:
    input: vg_map/ABOFRAM000707401531_13_13.vg, vg_map/ABOFRAM000707401531_13_13.gam
    output: vg_map/ABOFRAM000707401531_13.pack
    log: logs/vg/giraffe_pack_ABOFRAM000707401531_13.log
    jobid: 1030
    reason: Missing output files: vg_map/ABOFRAM000707401531_13.pack; Input files updated by another job: vg_map/ABOFRAM000707401531_13_13.gam, vg_map/ABOFRAM000707401531_13_13.vg
    wildcards: sample=ABOFRAM000707401531, chr=13
    threads: 3
    resources: mem_mb=14305, mem_mib=7630, disk_mb=9218, disk_mib=8791, tmpdir=<TBD>, slurm_partition=workq, slurm_account=mnaji, mem=15GB, time=28800


        vg pack -x vg_map/ABOFRAM000707401531_13_13.vg -g vg_map/ABOFRAM000707401531_13_13.gam -Q 5 --threads 3 -o vg_map/ABOFRAM000707401531_13.pack
        
No wall time information given. This might or might not work on your cluster. If not, specify the resource runtime in your rule or as a reasonable default via --default-resources.
Job 1030 has been submitted with SLURM jobid 11146369 (log: /work/project/CASCAD/mnaji/sm_folder/results/.snakemake/slurm_logs/rule_giraffe_pack/ABOFRAM000707401531_13/11146369.log).
Select jobs to execute...
[Fri Sep 20 10:02:49 2024]
Finished job 1338.
496 of 886 steps (56%) done
Removing temporary output vg_map/ABOFRAM007301868101_13_13.vg.
Removing temporary output vg_map/ABOFRAM007301868101_13.pack.
Removing temporary output vg_map/ABOFRAM007301868101_pt13.snarls.
[Fri Sep 20 10:02:49 2024]
Finished job 1210.
497 of 886 steps (56%) done
Removing temporary output vg_map/ABOFRAM000709524730_18_18.gam.
[Fri Sep 20 10:02:49 2024]
Finished job 1184.
498 of 886 steps (56%) done
[Fri Sep 20 10:02:49 2024]
Finished job 811.
499 of 886 steps (56%) done
Execute 4 jobs...

[Fri Sep 20 10:02:49 2024]
rule giraffe_snarls:
    input: vg_map/ABOFRAM000703115255_1_1.vg
    output: vg_map/ABOFRAM000703115255_pt1.snarls
    log: logs/vg/giraffe_snarls_ABOFRAM000703115255_1.log
    jobid: 817
    reason: Missing output files: vg_map/ABOFRAM000703115255_pt1.snarls; Input files updated by another job: vg_map/ABOFRAM000703115255_1_1.vg
    wildcards: sample=ABOFRAM000703115255, chr=1
    resources: mem_mb=11444, mem_mib=954, disk_mb=1000, disk_mib=954, tmpdir=<TBD>, slurm_partition=workq, slurm_account=mnaji, mem=12GB, time=28800


        vg snarls vg_map/ABOFRAM000703115255_1_1.vg > vg_map/ABOFRAM000703115255_pt1.snarls
        
No wall time information given. This might or might not work on your cluster. If not, specify the resource runtime in your rule or as a reasonable default via --default-resources.
Job 817 has been submitted with SLURM jobid 11146372 (log: /work/project/CASCAD/mnaji/sm_folder/results/.snakemake/slurm_logs/rule_giraffe_snarls/ABOFRAM000703115255_1/11146372.log).

[Fri Sep 20 10:02:49 2024]
rule giraffe_call:
    input: vg_map/ABOFRAM000709524730_18_18.vg, vg_map/ABOFRAM000709524730_18.pack, vg_map/ABOFRAM000709524730_pt18.snarls
    output: vg_call/ABOFRAM000709524730_18.vcf
    log: logs/vg/giraffe_call_ABOFRAM000709524730_18.log
    jobid: 1208
    reason: Missing output files: vg_call/ABOFRAM000709524730_18.vcf; Input files updated by another job: vg_map/ABOFRAM000709524730_pt18.snarls, vg_map/ABOFRAM000709524730_18_18.vg, vg_map/ABOFRAM000709524730_18.pack
    wildcards: sample=ABOFRAM000709524730, chr=18
    resources: mem_mb=11444, mem_mib=954, disk_mb=1000, disk_mib=954, tmpdir=<TBD>, slurm_partition=workq, slurm_account=mnaji, mem=12GB, time=28800


        vg call vg_map/ABOFRAM000709524730_18_18.vg -k vg_map/ABOFRAM000709524730_18.pack -r vg_map/ABOFRAM000709524730_pt18.snarls -s ABOFRAM000709524730 --threads 3 > vg_call/ABOFRAM000709524730_18.vcf 
        
No wall time information given. This might or might not work on your cluster. If not, specify the resource runtime in your rule or as a reasonable default via --default-resources.
Job 1208 has been submitted with SLURM jobid 11146373 (log: /work/project/CASCAD/mnaji/sm_folder/results/.snakemake/slurm_logs/rule_giraffe_call/ABOFRAM000709524730_18/11146373.log).

[Fri Sep 20 10:02:49 2024]
rule giraffe_snarls:
    input: vg_map/ABOFRAM000709524730_13_13.vg
    output: vg_map/ABOFRAM000709524730_pt13.snarls
    log: logs/vg/giraffe_snarls_ABOFRAM000709524730_13.log
    jobid: 1187
    reason: Missing output files: vg_map/ABOFRAM000709524730_pt13.snarls; Input files updated by another job: vg_map/ABOFRAM000709524730_13_13.vg
    wildcards: sample=ABOFRAM000709524730, chr=13
    resources: mem_mb=11444, mem_mib=954, disk_mb=1000, disk_mib=954, tmpdir=<TBD>, slurm_partition=workq, slurm_account=mnaji, mem=12GB, time=28800


        vg snarls vg_map/ABOFRAM000709524730_13_13.vg > vg_map/ABOFRAM000709524730_pt13.snarls
        
No wall time information given. This might or might not work on your cluster. If not, specify the resource runtime in your rule or as a reasonable default via --default-resources.
Job 1187 has been submitted with SLURM jobid 11146374 (log: /work/project/CASCAD/mnaji/sm_folder/results/.snakemake/slurm_logs/rule_giraffe_snarls/ABOFRAM000709524730_13/11146374.log).

[Fri Sep 20 10:02:49 2024]
rule giraffe_snarls:
    input: vg_map/ABOFRAM000707401531_13_13.vg
    output: vg_map/ABOFRAM000707401531_pt13.snarls
    log: logs/vg/giraffe_snarls_ABOFRAM000707401531_13.log
    jobid: 1032
    reason: Missing output files: vg_map/ABOFRAM000707401531_pt13.snarls; Input files updated by another job: vg_map/ABOFRAM000707401531_13_13.vg
    wildcards: sample=ABOFRAM000707401531, chr=13
    resources: mem_mb=11444, mem_mib=954, disk_mb=1000, disk_mib=954, tmpdir=<TBD>, slurm_partition=workq, slurm_account=mnaji, mem=12GB, time=28800


        vg snarls vg_map/ABOFRAM000707401531_13_13.vg > vg_map/ABOFRAM000707401531_pt13.snarls
        
No wall time information given. This might or might not work on your cluster. If not, specify the resource runtime in your rule or as a reasonable default via --default-resources.
Job 1032 has been submitted with SLURM jobid 11146375 (log: /work/project/CASCAD/mnaji/sm_folder/results/.snakemake/slurm_logs/rule_giraffe_snarls/ABOFRAM000707401531_13/11146375.log).
Select jobs to execute...
[Fri Sep 20 10:02:59 2024]
Finished job 1202.
500 of 886 steps (56%) done
Execute 1 jobs...

[Fri Sep 20 10:02:59 2024]
rule giraffe_snarls:
    input: vg_map/ABOFRAM000703115255_23_23.vg
    output: vg_map/ABOFRAM000703115255_pt23.snarls
    log: logs/vg/giraffe_snarls_ABOFRAM000703115255_23.log
    jobid: 927
    reason: Missing output files: vg_map/ABOFRAM000703115255_pt23.snarls; Input files updated by another job: vg_map/ABOFRAM000703115255_23_23.vg
    wildcards: sample=ABOFRAM000703115255, chr=23
    resources: mem_mb=11444, mem_mib=954, disk_mb=1000, disk_mib=954, tmpdir=<TBD>, slurm_partition=workq, slurm_account=mnaji, mem=12GB, time=28800


        vg snarls vg_map/ABOFRAM000703115255_23_23.vg > vg_map/ABOFRAM000703115255_pt23.snarls
        
No wall time information given. This might or might not work on your cluster. If not, specify the resource runtime in your rule or as a reasonable default via --default-resources.
Job 927 has been submitted with SLURM jobid 11146378 (log: /work/project/CASCAD/mnaji/sm_folder/results/.snakemake/slurm_logs/rule_giraffe_snarls/ABOFRAM000703115255_23/11146378.log).
[Fri Sep 20 10:03:09 2024]
Finished job 960.
501 of 886 steps (57%) done
Removing temporary output vg_map/ABOFRAM000703115255_X_X.gam.
[Fri Sep 20 10:03:09 2024]
Finished job 1573.
502 of 886 steps (57%) done
Removing temporary output vg_map/ABOFRAM007401840180_29_29.vg.
Removing temporary output vg_map/ABOFRAM007401840180_29.pack.
Removing temporary output vg_map/ABOFRAM007401840180_pt29.snarls.
Select jobs to execute...
Execute 2 jobs...

[Fri Sep 20 10:03:09 2024]
rule giraffe_chunk:
    input: vg_vg/ABOFRAM000709524730_wg.xg, vg_map/ABOFRAM000709524730.gam
    output: vg_map/ABOFRAM000709524730_1_1.gam
    log: logs/vg/giraffe_chunk_ABOFRAM000709524730_1.log
    jobid: 1123
    reason: Missing output files: vg_map/ABOFRAM000709524730_1_1.gam
    wildcards: sample=ABOFRAM000709524730, chr=1
    resources: mem_mb=28610, mem_mib=7630, disk_mb=246756, disk_mib=235325, tmpdir=<TBD>, slurm_partition=workq, slurm_account=mnaji, mem=30GB, time=28800


        vg chunk -x vg_vg/ABOFRAM000709524730_wg.xg -a vg_map/ABOFRAM000709524730.gam -C -p 1 -O pg --prefix vg_map/ABOFRAM000709524730_1 && ls -sh vg_map/ABOFRAM000709524730_1_1.gam
        
No wall time information given. This might or might not work on your cluster. If not, specify the resource runtime in your rule or as a reasonable default via --default-resources.
Job 1123 has been submitted with SLURM jobid 11146380 (log: /work/project/CASCAD/mnaji/sm_folder/results/.snakemake/slurm_logs/rule_giraffe_chunk/ABOFRAM000709524730_1/11146380.log).

[Fri Sep 20 10:03:09 2024]
rule giraffe_call:
    input: vg_map/ABOFRAM000703115255_X_X.vg, vg_map/ABOFRAM000703115255_X.pack, vg_map/ABOFRAM000703115255_ptX.snarls
    output: vg_call/ABOFRAM000703115255_X.vcf
    log: logs/vg/giraffe_call_ABOFRAM000703115255_X.log
    jobid: 958
    reason: Missing output files: vg_call/ABOFRAM000703115255_X.vcf; Input files updated by another job: vg_map/ABOFRAM000703115255_ptX.snarls, vg_map/ABOFRAM000703115255_X.pack, vg_map/ABOFRAM000703115255_X_X.vg
    wildcards: sample=ABOFRAM000703115255, chr=X
    resources: mem_mb=11444, mem_mib=954, disk_mb=1000, disk_mib=954, tmpdir=<TBD>, slurm_partition=workq, slurm_account=mnaji, mem=12GB, time=28800


        vg call vg_map/ABOFRAM000703115255_X_X.vg -k vg_map/ABOFRAM000703115255_X.pack -r vg_map/ABOFRAM000703115255_ptX.snarls -s ABOFRAM000703115255 --threads 3 > vg_call/ABOFRAM000703115255_X.vcf 
        
No wall time information given. This might or might not work on your cluster. If not, specify the resource runtime in your rule or as a reasonable default via --default-resources.
Job 958 has been submitted with SLURM jobid 11146381 (log: /work/project/CASCAD/mnaji/sm_folder/results/.snakemake/slurm_logs/rule_giraffe_call/ABOFRAM000703115255_X/11146381.log).
[Fri Sep 20 10:03:19 2024]
Finished job 1013.
503 of 886 steps (57%) done
Removing temporary output vg_map/ABOFRAM000707401531_10_10.vg.
Removing temporary output vg_map/ABOFRAM000707401531_10.pack.
Removing temporary output vg_map/ABOFRAM000707401531_pt10.snarls.
[Fri Sep 20 10:03:29 2024]
Finished job 845.
504 of 886 steps (57%) done
Removing temporary output vg_map/ABOFRAM000703115255_7_7.gam.
Select jobs to execute...
Execute 1 jobs...

[Fri Sep 20 10:03:29 2024]
rule giraffe_call:
    input: vg_map/ABOFRAM000703115255_7_7.vg, vg_map/ABOFRAM000703115255_7.pack, vg_map/ABOFRAM000703115255_pt7.snarls
    output: vg_call/ABOFRAM000703115255_7.vcf
    log: logs/vg/giraffe_call_ABOFRAM000703115255_7.log
    jobid: 843
    reason: Missing output files: vg_call/ABOFRAM000703115255_7.vcf; Input files updated by another job: vg_map/ABOFRAM000703115255_7.pack, vg_map/ABOFRAM000703115255_7_7.vg, vg_map/ABOFRAM000703115255_pt7.snarls
    wildcards: sample=ABOFRAM000703115255, chr=7
    resources: mem_mb=11444, mem_mib=954, disk_mb=1000, disk_mib=954, tmpdir=<TBD>, slurm_partition=workq, slurm_account=mnaji, mem=12GB, time=28800


        vg call vg_map/ABOFRAM000703115255_7_7.vg -k vg_map/ABOFRAM000703115255_7.pack -r vg_map/ABOFRAM000703115255_pt7.snarls -s ABOFRAM000703115255 --threads 3 > vg_call/ABOFRAM000703115255_7.vcf 
        
No wall time information given. This might or might not work on your cluster. If not, specify the resource runtime in your rule or as a reasonable default via --default-resources.
Job 843 has been submitted with SLURM jobid 11146383 (log: /work/project/CASCAD/mnaji/sm_folder/results/.snakemake/slurm_logs/rule_giraffe_call/ABOFRAM000703115255_7/11146383.log).
[Fri Sep 20 10:03:59 2024]
Finished job 821.
505 of 886 steps (57%) done
[Fri Sep 20 10:03:59 2024]
Finished job 1136.
506 of 886 steps (57%) done
[Fri Sep 20 10:03:59 2024]
Finished job 1132.
507 of 886 steps (57%) done
[Fri Sep 20 10:03:59 2024]
Finished job 898.
508 of 886 steps (57%) done
Removing temporary output vg_map/ABOFRAM000703115255_18_18.vg.
Removing temporary output vg_map/ABOFRAM000703115255_18.pack.
Removing temporary output vg_map/ABOFRAM000703115255_pt18.snarls.
[Fri Sep 20 10:03:59 2024]
Finished job 822.
509 of 886 steps (57%) done
[Fri Sep 20 10:03:59 2024]
Finished job 1187.
510 of 886 steps (58%) done
[Fri Sep 20 10:03:59 2024]
Finished job 1032.
511 of 886 steps (58%) done
[Fri Sep 20 10:03:59 2024]
Finished job 927.
512 of 886 steps (58%) done
Select jobs to execute...
Execute 2 jobs...

[Fri Sep 20 10:03:59 2024]
rule giraffe_pack:
    input: vg_map/ABOFRAM000703115255_2_2.vg, vg_map/ABOFRAM000703115255_2_2.gam
    output: vg_map/ABOFRAM000703115255_2.pack
    log: logs/vg/giraffe_pack_ABOFRAM000703115255_2.log
    jobid: 820
    reason: Missing output files: vg_map/ABOFRAM000703115255_2.pack; Input files updated by another job: vg_map/ABOFRAM000703115255_2_2.vg, vg_map/ABOFRAM000703115255_2_2.gam
    wildcards: sample=ABOFRAM000703115255, chr=2
    threads: 3
    resources: mem_mb=14305, mem_mib=7630, disk_mb=12520, disk_mib=11941, tmpdir=<TBD>, slurm_partition=workq, slurm_account=mnaji, mem=15GB, time=28800


        vg pack -x vg_map/ABOFRAM000703115255_2_2.vg -g vg_map/ABOFRAM000703115255_2_2.gam -Q 5 --threads 3 -o vg_map/ABOFRAM000703115255_2.pack
        
No wall time information given. This might or might not work on your cluster. If not, specify the resource runtime in your rule or as a reasonable default via --default-resources.
Job 820 has been submitted with SLURM jobid 11146384 (log: /work/project/CASCAD/mnaji/sm_folder/results/.snakemake/slurm_logs/rule_giraffe_pack/ABOFRAM000703115255_2/11146384.log).

[Fri Sep 20 10:04:00 2024]
rule giraffe_pack:
    input: vg_map/ABOFRAM000709524730_3_3.vg, vg_map/ABOFRAM000709524730_3_3.gam
    output: vg_map/ABOFRAM000709524730_3.pack
    log: logs/vg/giraffe_pack_ABOFRAM000709524730_3.log
    jobid: 1135
    reason: Missing output files: vg_map/ABOFRAM000709524730_3.pack; Input files updated by another job: vg_map/ABOFRAM000709524730_3_3.vg, vg_map/ABOFRAM000709524730_3_3.gam
    wildcards: sample=ABOFRAM000709524730, chr=3
    threads: 3
    resources: mem_mb=14305, mem_mib=7630, disk_mb=9397, disk_mib=8962, tmpdir=<TBD>, slurm_partition=workq, slurm_account=mnaji, mem=15GB, time=28800


        vg pack -x vg_map/ABOFRAM000709524730_3_3.vg -g vg_map/ABOFRAM000709524730_3_3.gam -Q 5 --threads 3 -o vg_map/ABOFRAM000709524730_3.pack
        
No wall time information given. This might or might not work on your cluster. If not, specify the resource runtime in your rule or as a reasonable default via --default-resources.
Job 1135 has been submitted with SLURM jobid 11146385 (log: /work/project/CASCAD/mnaji/sm_folder/results/.snakemake/slurm_logs/rule_giraffe_pack/ABOFRAM000709524730_3/11146385.log).
[Fri Sep 20 10:04:29 2024]
Finished job 876.
513 of 886 steps (58%) done
[Fri Sep 20 10:04:29 2024]
Finished job 1238.
514 of 886 steps (58%) done
Removing temporary output vg_map/ABOFRAM000709524730_24_24.vg.
Removing temporary output vg_map/ABOFRAM000709524730_24.pack.
Removing temporary output vg_map/ABOFRAM000709524730_pt24.snarls.
[Fri Sep 20 10:04:29 2024]
Finished job 1203.
515 of 886 steps (58%) done
Removing temporary output vg_map/ABOFRAM000709524730_17_17.vg.
Removing temporary output vg_map/ABOFRAM000709524730_17.pack.
Removing temporary output vg_map/ABOFRAM000709524730_pt17.snarls.
[Fri Sep 20 10:04:30 2024]
Finished job 817.
516 of 886 steps (58%) done
Select jobs to execute...
Execute 1 jobs...

[Fri Sep 20 10:04:30 2024]
rule giraffe_pack:
    input: vg_map/ABOFRAM000703115255_13_13.vg, vg_map/ABOFRAM000703115255_13_13.gam
    output: vg_map/ABOFRAM000703115255_13.pack
    log: logs/vg/giraffe_pack_ABOFRAM000703115255_13.log
    jobid: 875
    reason: Missing output files: vg_map/ABOFRAM000703115255_13.pack; Input files updated by another job: vg_map/ABOFRAM000703115255_13_13.vg, vg_map/ABOFRAM000703115255_13_13.gam
    wildcards: sample=ABOFRAM000703115255, chr=13
    threads: 3
    resources: mem_mb=14305, mem_mib=7630, disk_mb=11782, disk_mib=11237, tmpdir=<TBD>, slurm_partition=workq, slurm_account=mnaji, mem=15GB, time=28800


        vg pack -x vg_map/ABOFRAM000703115255_13_13.vg -g vg_map/ABOFRAM000703115255_13_13.gam -Q 5 --threads 3 -o vg_map/ABOFRAM000703115255_13.pack
        
No wall time information given. This might or might not work on your cluster. If not, specify the resource runtime in your rule or as a reasonable default via --default-resources.
Job 875 has been submitted with SLURM jobid 11146389 (log: /work/project/CASCAD/mnaji/sm_folder/results/.snakemake/slurm_logs/rule_giraffe_pack/ABOFRAM000703115255_13/11146389.log).
[Fri Sep 20 10:05:00 2024]
Finished job 925.
517 of 886 steps (58%) done
Removing temporary output vg_map/ABOFRAM000703115255_23_23.gam.
Select jobs to execute...
Execute 1 jobs...

[Fri Sep 20 10:05:00 2024]
rule giraffe_call:
    input: vg_map/ABOFRAM000703115255_23_23.vg, vg_map/ABOFRAM000703115255_23.pack, vg_map/ABOFRAM000703115255_pt23.snarls
    output: vg_call/ABOFRAM000703115255_23.vcf
    log: logs/vg/giraffe_call_ABOFRAM000703115255_23.log
    jobid: 923
    reason: Missing output files: vg_call/ABOFRAM000703115255_23.vcf; Input files updated by another job: vg_map/ABOFRAM000703115255_pt23.snarls, vg_map/ABOFRAM000703115255_23_23.vg, vg_map/ABOFRAM000703115255_23.pack
    wildcards: sample=ABOFRAM000703115255, chr=23
    resources: mem_mb=11444, mem_mib=954, disk_mb=1000, disk_mib=954, tmpdir=<TBD>, slurm_partition=workq, slurm_account=mnaji, mem=12GB, time=28800


        vg call vg_map/ABOFRAM000703115255_23_23.vg -k vg_map/ABOFRAM000703115255_23.pack -r vg_map/ABOFRAM000703115255_pt23.snarls -s ABOFRAM000703115255 --threads 3 > vg_call/ABOFRAM000703115255_23.vcf 
        
No wall time information given. This might or might not work on your cluster. If not, specify the resource runtime in your rule or as a reasonable default via --default-resources.
Job 923 has been submitted with SLURM jobid 11146392 (log: /work/project/CASCAD/mnaji/sm_folder/results/.snakemake/slurm_logs/rule_giraffe_call/ABOFRAM000703115255_23/11146392.log).
[Fri Sep 20 10:05:10 2024]
Finished job 841.
518 of 886 steps (58%) done
[Fri Sep 20 10:05:10 2024]
Finished job 946.
519 of 886 steps (59%) done
[Fri Sep 20 10:05:10 2024]
Finished job 1138.
520 of 886 steps (59%) done
Removing temporary output vg_map/ABOFRAM000709524730_4_4.vg.
Removing temporary output vg_map/ABOFRAM000709524730_4.pack.
Removing temporary output vg_map/ABOFRAM000709524730_pt4.snarls.
[Fri Sep 20 10:05:10 2024]
Finished job 1208.
521 of 886 steps (59%) done
Removing temporary output vg_map/ABOFRAM000709524730_18_18.vg.
Removing temporary output vg_map/ABOFRAM000709524730_18.pack.
Removing temporary output vg_map/ABOFRAM000709524730_pt18.snarls.
Select jobs to execute...
Execute 2 jobs...

[Fri Sep 20 10:05:10 2024]
rule giraffe_pack:
    input: vg_map/ABOFRAM000703115255_27_27.vg, vg_map/ABOFRAM000703115255_27_27.gam
    output: vg_map/ABOFRAM000703115255_27.pack
    log: logs/vg/giraffe_pack_ABOFRAM000703115255_27.log
    jobid: 945
    reason: Missing output files: vg_map/ABOFRAM000703115255_27.pack; Input files updated by another job: vg_map/ABOFRAM000703115255_27_27.gam, vg_map/ABOFRAM000703115255_27_27.vg
    wildcards: sample=ABOFRAM000703115255, chr=27
    threads: 3
    resources: mem_mb=14305, mem_mib=4146, disk_mb=4347, disk_mib=4146, tmpdir=<TBD>, slurm_partition=workq, slurm_account=mnaji, mem=15GB, time=28800


        vg pack -x vg_map/ABOFRAM000703115255_27_27.vg -g vg_map/ABOFRAM000703115255_27_27.gam -Q 5 --threads 3 -o vg_map/ABOFRAM000703115255_27.pack
        
No wall time information given. This might or might not work on your cluster. If not, specify the resource runtime in your rule or as a reasonable default via --default-resources.
Job 945 has been submitted with SLURM jobid 11146394 (log: /work/project/CASCAD/mnaji/sm_folder/results/.snakemake/slurm_logs/rule_giraffe_pack/ABOFRAM000703115255_27/11146394.log).

[Fri Sep 20 10:05:10 2024]
rule giraffe_pack:
    input: vg_map/ABOFRAM000703115255_6_6.vg, vg_map/ABOFRAM000703115255_6_6.gam
    output: vg_map/ABOFRAM000703115255_6.pack
    log: logs/vg/giraffe_pack_ABOFRAM000703115255_6.log
    jobid: 840
    reason: Missing output files: vg_map/ABOFRAM000703115255_6.pack; Input files updated by another job: vg_map/ABOFRAM000703115255_6_6.vg, vg_map/ABOFRAM000703115255_6_6.gam
    wildcards: sample=ABOFRAM000703115255, chr=6
    threads: 3
    resources: mem_mb=14305, mem_mib=7630, disk_mb=11385, disk_mib=10858, tmpdir=<TBD>, slurm_partition=workq, slurm_account=mnaji, mem=15GB, time=28800


        vg pack -x vg_map/ABOFRAM000703115255_6_6.vg -g vg_map/ABOFRAM000703115255_6_6.gam -Q 5 --threads 3 -o vg_map/ABOFRAM000703115255_6.pack
        
No wall time information given. This might or might not work on your cluster. If not, specify the resource runtime in your rule or as a reasonable default via --default-resources.
Job 840 has been submitted with SLURM jobid 11146395 (log: /work/project/CASCAD/mnaji/sm_folder/results/.snakemake/slurm_logs/rule_giraffe_pack/ABOFRAM000703115255_6/11146395.log).
[Fri Sep 20 10:05:20 2024]
Finished job 1270.
522 of 886 steps (59%) done
Removing temporary output vg_map/ABOFRAM000709524730_X_X.gam.
Select jobs to execute...
Execute 1 jobs...

[Fri Sep 20 10:05:20 2024]
rule giraffe_call:
    input: vg_map/ABOFRAM000709524730_X_X.vg, vg_map/ABOFRAM000709524730_X.pack, vg_map/ABOFRAM000709524730_ptX.snarls
    output: vg_call/ABOFRAM000709524730_X.vcf
    log: logs/vg/giraffe_call_ABOFRAM000709524730_X.log
    jobid: 1268
    reason: Missing output files: vg_call/ABOFRAM000709524730_X.vcf; Input files updated by another job: vg_map/ABOFRAM000709524730_ptX.snarls, vg_map/ABOFRAM000709524730_X_X.vg, vg_map/ABOFRAM000709524730_X.pack
    wildcards: sample=ABOFRAM000709524730, chr=X
    resources: mem_mb=11444, mem_mib=954, disk_mb=1000, disk_mib=954, tmpdir=<TBD>, slurm_partition=workq, slurm_account=mnaji, mem=12GB, time=28800


        vg call vg_map/ABOFRAM000709524730_X_X.vg -k vg_map/ABOFRAM000709524730_X.pack -r vg_map/ABOFRAM000709524730_ptX.snarls -s ABOFRAM000709524730 --threads 3 > vg_call/ABOFRAM000709524730_X.vcf 
        
No wall time information given. This might or might not work on your cluster. If not, specify the resource runtime in your rule or as a reasonable default via --default-resources.
Job 1268 has been submitted with SLURM jobid 11146396 (log: /work/project/CASCAD/mnaji/sm_folder/results/.snakemake/slurm_logs/rule_giraffe_call/ABOFRAM000709524730_X/11146396.log).
[Fri Sep 20 10:05:50 2024]
Finished job 1215.
523 of 886 steps (59%) done
Removing temporary output vg_map/ABOFRAM000709524730_19_19.gam.
Select jobs to execute...
Execute 1 jobs...

[Fri Sep 20 10:05:50 2024]
rule giraffe_call:
    input: vg_map/ABOFRAM000709524730_19_19.vg, vg_map/ABOFRAM000709524730_19.pack, vg_map/ABOFRAM000709524730_pt19.snarls
    output: vg_call/ABOFRAM000709524730_19.vcf
    log: logs/vg/giraffe_call_ABOFRAM000709524730_19.log
    jobid: 1213
    reason: Missing output files: vg_call/ABOFRAM000709524730_19.vcf; Input files updated by another job: vg_map/ABOFRAM000709524730_19.pack, vg_map/ABOFRAM000709524730_19_19.vg, vg_map/ABOFRAM000709524730_pt19.snarls
    wildcards: sample=ABOFRAM000709524730, chr=19
    resources: mem_mb=11444, mem_mib=954, disk_mb=1000, disk_mib=954, tmpdir=<TBD>, slurm_partition=workq, slurm_account=mnaji, mem=12GB, time=28800


        vg call vg_map/ABOFRAM000709524730_19_19.vg -k vg_map/ABOFRAM000709524730_19.pack -r vg_map/ABOFRAM000709524730_pt19.snarls -s ABOFRAM000709524730 --threads 3 > vg_call/ABOFRAM000709524730_19.vcf 
        
No wall time information given. This might or might not work on your cluster. If not, specify the resource runtime in your rule or as a reasonable default via --default-resources.
Job 1213 has been submitted with SLURM jobid 11146400 (log: /work/project/CASCAD/mnaji/sm_folder/results/.snakemake/slurm_logs/rule_giraffe_call/ABOFRAM000709524730_19/11146400.log).
[Fri Sep 20 10:06:20 2024]
Finished job 1186.
524 of 886 steps (59%) done
[Fri Sep 20 10:06:20 2024]
Finished job 1130.
525 of 886 steps (59%) done
Removing temporary output vg_map/ABOFRAM000709524730_2_2.gam.
Select jobs to execute...
Execute 2 jobs...

[Fri Sep 20 10:06:20 2024]
rule giraffe_call:
    input: vg_map/ABOFRAM000709524730_2_2.vg, vg_map/ABOFRAM000709524730_2.pack, vg_map/ABOFRAM000709524730_pt2.snarls
    output: vg_call/ABOFRAM000709524730_2.vcf
    log: logs/vg/giraffe_call_ABOFRAM000709524730_2.log
    jobid: 1128
    reason: Missing output files: vg_call/ABOFRAM000709524730_2.vcf; Input files updated by another job: vg_map/ABOFRAM000709524730_2.pack, vg_map/ABOFRAM000709524730_2_2.vg, vg_map/ABOFRAM000709524730_pt2.snarls
    wildcards: sample=ABOFRAM000709524730, chr=2
    resources: mem_mb=11444, mem_mib=954, disk_mb=1000, disk_mib=954, tmpdir=<TBD>, slurm_partition=workq, slurm_account=mnaji, mem=12GB, time=28800


        vg call vg_map/ABOFRAM000709524730_2_2.vg -k vg_map/ABOFRAM000709524730_2.pack -r vg_map/ABOFRAM000709524730_pt2.snarls -s ABOFRAM000709524730 --threads 3 > vg_call/ABOFRAM000709524730_2.vcf 
        
No wall time information given. This might or might not work on your cluster. If not, specify the resource runtime in your rule or as a reasonable default via --default-resources.
Job 1128 has been submitted with SLURM jobid 11146408 (log: /work/project/CASCAD/mnaji/sm_folder/results/.snakemake/slurm_logs/rule_giraffe_call/ABOFRAM000709524730_2/11146408.log).

[Fri Sep 20 10:06:21 2024]
rule giraffe_pack:
    input: vg_map/ABOFRAM000709524730_13_13.vg, vg_map/ABOFRAM000709524730_13_13.gam
    output: vg_map/ABOFRAM000709524730_13.pack
    log: logs/vg/giraffe_pack_ABOFRAM000709524730_13.log
    jobid: 1185
    reason: Missing output files: vg_map/ABOFRAM000709524730_13.pack; Input files updated by another job: vg_map/ABOFRAM000709524730_13_13.gam, vg_map/ABOFRAM000709524730_13_13.vg
    wildcards: sample=ABOFRAM000709524730, chr=13
    threads: 3
    resources: mem_mb=14305, mem_mib=7630, disk_mb=10473, disk_mib=9988, tmpdir=<TBD>, slurm_partition=workq, slurm_account=mnaji, mem=15GB, time=28800


        vg pack -x vg_map/ABOFRAM000709524730_13_13.vg -g vg_map/ABOFRAM000709524730_13_13.gam -Q 5 --threads 3 -o vg_map/ABOFRAM000709524730_13.pack
        
No wall time information given. This might or might not work on your cluster. If not, specify the resource runtime in your rule or as a reasonable default via --default-resources.
Job 1185 has been submitted with SLURM jobid 11146409 (log: /work/project/CASCAD/mnaji/sm_folder/results/.snakemake/slurm_logs/rule_giraffe_pack/ABOFRAM000709524730_13/11146409.log).
[Fri Sep 20 10:06:50 2024]
Finished job 843.
526 of 886 steps (59%) done
Removing temporary output vg_map/ABOFRAM000703115255_7_7.vg.
Removing temporary output vg_map/ABOFRAM000703115255_7.pack.
Removing temporary output vg_map/ABOFRAM000703115255_pt7.snarls.
[Fri Sep 20 10:06:50 2024]
Finished job 923.
527 of 886 steps (59%) done
Removing temporary output vg_map/ABOFRAM000703115255_23_23.vg.
Removing temporary output vg_map/ABOFRAM000703115255_23.pack.
Removing temporary output vg_map/ABOFRAM000703115255_pt23.snarls.
[Fri Sep 20 10:07:01 2024]
Finished job 1030.
528 of 886 steps (60%) done
Removing temporary output vg_map/ABOFRAM000707401531_13_13.gam.
Select jobs to execute...
Execute 1 jobs...

[Fri Sep 20 10:07:01 2024]
rule giraffe_call:
    input: vg_map/ABOFRAM000707401531_13_13.vg, vg_map/ABOFRAM000707401531_13.pack, vg_map/ABOFRAM000707401531_pt13.snarls
    output: vg_call/ABOFRAM000707401531_13.vcf
    log: logs/vg/giraffe_call_ABOFRAM000707401531_13.log
    jobid: 1028
    reason: Missing output files: vg_call/ABOFRAM000707401531_13.vcf; Input files updated by another job: vg_map/ABOFRAM000707401531_13.pack, vg_map/ABOFRAM000707401531_pt13.snarls, vg_map/ABOFRAM000707401531_13_13.vg
    wildcards: sample=ABOFRAM000707401531, chr=13
    resources: mem_mb=11444, mem_mib=954, disk_mb=1000, disk_mib=954, tmpdir=<TBD>, slurm_partition=workq, slurm_account=mnaji, mem=12GB, time=28800


        vg call vg_map/ABOFRAM000707401531_13_13.vg -k vg_map/ABOFRAM000707401531_13.pack -r vg_map/ABOFRAM000707401531_pt13.snarls -s ABOFRAM000707401531 --threads 3 > vg_call/ABOFRAM000707401531_13.vcf 
        
No wall time information given. This might or might not work on your cluster. If not, specify the resource runtime in your rule or as a reasonable default via --default-resources.
Job 1028 has been submitted with SLURM jobid 11146417 (log: /work/project/CASCAD/mnaji/sm_folder/results/.snakemake/slurm_logs/rule_giraffe_call/ABOFRAM000707401531_13/11146417.log).
[Fri Sep 20 10:07:11 2024]
Finished job 958.
529 of 886 steps (60%) done
Removing temporary output vg_map/ABOFRAM000703115255_X_X.vg.
Removing temporary output vg_map/ABOFRAM000703115255_X.pack.
Removing temporary output vg_map/ABOFRAM000703115255_ptX.snarls.
[Fri Sep 20 10:07:21 2024]
Finished job 886.
530 of 886 steps (60%) done
[Fri Sep 20 10:07:21 2024]
Finished job 1135.
531 of 886 steps (60%) done
Removing temporary output vg_map/ABOFRAM000709524730_3_3.gam.
Select jobs to execute...
Execute 2 jobs...

[Fri Sep 20 10:07:21 2024]
rule giraffe_call:
    input: vg_map/ABOFRAM000709524730_3_3.vg, vg_map/ABOFRAM000709524730_3.pack, vg_map/ABOFRAM000709524730_pt3.snarls
    output: vg_call/ABOFRAM000709524730_3.vcf
    log: logs/vg/giraffe_call_ABOFRAM000709524730_3.log
    jobid: 1133
    reason: Missing output files: vg_call/ABOFRAM000709524730_3.vcf; Input files updated by another job: vg_map/ABOFRAM000709524730_pt3.snarls, vg_map/ABOFRAM000709524730_3_3.vg, vg_map/ABOFRAM000709524730_3.pack
    wildcards: sample=ABOFRAM000709524730, chr=3
    resources: mem_mb=11444, mem_mib=954, disk_mb=1000, disk_mib=954, tmpdir=<TBD>, slurm_partition=workq, slurm_account=mnaji, mem=12GB, time=28800


        vg call vg_map/ABOFRAM000709524730_3_3.vg -k vg_map/ABOFRAM000709524730_3.pack -r vg_map/ABOFRAM000709524730_pt3.snarls -s ABOFRAM000709524730 --threads 3 > vg_call/ABOFRAM000709524730_3.vcf 
        
No wall time information given. This might or might not work on your cluster. If not, specify the resource runtime in your rule or as a reasonable default via --default-resources.
Job 1133 has been submitted with SLURM jobid 11146419 (log: /work/project/CASCAD/mnaji/sm_folder/results/.snakemake/slurm_logs/rule_giraffe_call/ABOFRAM000709524730_3/11146419.log).

[Fri Sep 20 10:07:21 2024]
rule giraffe_pack:
    input: vg_map/ABOFRAM000703115255_15_15.vg, vg_map/ABOFRAM000703115255_15_15.gam
    output: vg_map/ABOFRAM000703115255_15.pack
    log: logs/vg/giraffe_pack_ABOFRAM000703115255_15.log
    jobid: 885
    reason: Missing output files: vg_map/ABOFRAM000703115255_15.pack; Input files updated by another job: vg_map/ABOFRAM000703115255_15_15.vg, vg_map/ABOFRAM000703115255_15_15.gam
    wildcards: sample=ABOFRAM000703115255, chr=15
    threads: 3
    resources: mem_mb=14305, mem_mib=7630, disk_mb=8784, disk_mib=8378, tmpdir=<TBD>, slurm_partition=workq, slurm_account=mnaji, mem=15GB, time=28800


        vg pack -x vg_map/ABOFRAM000703115255_15_15.vg -g vg_map/ABOFRAM000703115255_15_15.gam -Q 5 --threads 3 -o vg_map/ABOFRAM000703115255_15.pack
        
No wall time information given. This might or might not work on your cluster. If not, specify the resource runtime in your rule or as a reasonable default via --default-resources.
Job 885 has been submitted with SLURM jobid 11146420 (log: /work/project/CASCAD/mnaji/sm_folder/results/.snakemake/slurm_logs/rule_giraffe_pack/ABOFRAM000703115255_15/11146420.log).
[Fri Sep 20 10:07:31 2024]
Finished job 1213.
532 of 886 steps (60%) done
Removing temporary output vg_map/ABOFRAM000709524730_19_19.vg.
Removing temporary output vg_map/ABOFRAM000709524730_19.pack.
Removing temporary output vg_map/ABOFRAM000709524730_pt19.snarls.
[Fri Sep 20 10:08:01 2024]
Finished job 1161.
533 of 886 steps (60%) done
[Fri Sep 20 10:08:01 2024]
Finished job 945.
534 of 886 steps (60%) done
Removing temporary output vg_map/ABOFRAM000703115255_27_27.gam.
Select jobs to execute...
Execute 2 jobs...

[Fri Sep 20 10:08:01 2024]
rule giraffe_call:
    input: vg_map/ABOFRAM000703115255_27_27.vg, vg_map/ABOFRAM000703115255_27.pack, vg_map/ABOFRAM000703115255_pt27.snarls
    output: vg_call/ABOFRAM000703115255_27.vcf
    log: logs/vg/giraffe_call_ABOFRAM000703115255_27.log
    jobid: 943
    reason: Missing output files: vg_call/ABOFRAM000703115255_27.vcf; Input files updated by another job: vg_map/ABOFRAM000703115255_pt27.snarls, vg_map/ABOFRAM000703115255_27_27.vg, vg_map/ABOFRAM000703115255_27.pack
    wildcards: sample=ABOFRAM000703115255, chr=27
    resources: mem_mb=11444, mem_mib=954, disk_mb=1000, disk_mib=954, tmpdir=<TBD>, slurm_partition=workq, slurm_account=mnaji, mem=12GB, time=28800


        vg call vg_map/ABOFRAM000703115255_27_27.vg -k vg_map/ABOFRAM000703115255_27.pack -r vg_map/ABOFRAM000703115255_pt27.snarls -s ABOFRAM000703115255 --threads 3 > vg_call/ABOFRAM000703115255_27.vcf 
        
No wall time information given. This might or might not work on your cluster. If not, specify the resource runtime in your rule or as a reasonable default via --default-resources.
Job 943 has been submitted with SLURM jobid 11146428 (log: /work/project/CASCAD/mnaji/sm_folder/results/.snakemake/slurm_logs/rule_giraffe_call/ABOFRAM000703115255_27/11146428.log).

[Fri Sep 20 10:08:01 2024]
rule giraffe_pack:
    input: vg_map/ABOFRAM000709524730_8_8.vg, vg_map/ABOFRAM000709524730_8_8.gam
    output: vg_map/ABOFRAM000709524730_8.pack
    log: logs/vg/giraffe_pack_ABOFRAM000709524730_8.log
    jobid: 1160
    reason: Missing output files: vg_map/ABOFRAM000709524730_8.pack; Input files updated by another job: vg_map/ABOFRAM000709524730_8_8.gam, vg_map/ABOFRAM000709524730_8_8.vg
    wildcards: sample=ABOFRAM000709524730, chr=8
    threads: 3
    resources: mem_mb=14305, mem_mib=7630, disk_mb=11653, disk_mib=11114, tmpdir=<TBD>, slurm_partition=workq, slurm_account=mnaji, mem=15GB, time=28800


        vg pack -x vg_map/ABOFRAM000709524730_8_8.vg -g vg_map/ABOFRAM000709524730_8_8.gam -Q 5 --threads 3 -o vg_map/ABOFRAM000709524730_8.pack
        
No wall time information given. This might or might not work on your cluster. If not, specify the resource runtime in your rule or as a reasonable default via --default-resources.
Job 1160 has been submitted with SLURM jobid 11146429 (log: /work/project/CASCAD/mnaji/sm_folder/results/.snakemake/slurm_logs/rule_giraffe_pack/ABOFRAM000709524730_8/11146429.log).
[Fri Sep 20 10:08:31 2024]
Finished job 921.
535 of 886 steps (60%) done
Select jobs to execute...
Execute 1 jobs...

[Fri Sep 20 10:08:31 2024]
rule giraffe_pack:
    input: vg_map/ABOFRAM000703115255_22_22.vg, vg_map/ABOFRAM000703115255_22_22.gam
    output: vg_map/ABOFRAM000703115255_22.pack
    log: logs/vg/giraffe_pack_ABOFRAM000703115255_22.log
    jobid: 920
    reason: Missing output files: vg_map/ABOFRAM000703115255_22.pack; Input files updated by another job: vg_map/ABOFRAM000703115255_22_22.vg, vg_map/ABOFRAM000703115255_22_22.gam
    wildcards: sample=ABOFRAM000703115255, chr=22
    threads: 3
    resources: mem_mb=14305, mem_mib=5615, disk_mb=5887, disk_mib=5615, tmpdir=<TBD>, slurm_partition=workq, slurm_account=mnaji, mem=15GB, time=28800


        vg pack -x vg_map/ABOFRAM000703115255_22_22.vg -g vg_map/ABOFRAM000703115255_22_22.gam -Q 5 --threads 3 -o vg_map/ABOFRAM000703115255_22.pack
        
No wall time information given. This might or might not work on your cluster. If not, specify the resource runtime in your rule or as a reasonable default via --default-resources.
Job 920 has been submitted with SLURM jobid 11146437 (log: /work/project/CASCAD/mnaji/sm_folder/results/.snakemake/slurm_logs/rule_giraffe_pack/ABOFRAM000703115255_22/11146437.log).
[Fri Sep 20 10:08:41 2024]
Finished job 951.
536 of 886 steps (60%) done
Select jobs to execute...
Execute 1 jobs...

[Fri Sep 20 10:08:41 2024]
rule giraffe_pack:
    input: vg_map/ABOFRAM000703115255_28_28.vg, vg_map/ABOFRAM000703115255_28_28.gam
    output: vg_map/ABOFRAM000703115255_28.pack
    log: logs/vg/giraffe_pack_ABOFRAM000703115255_28.log
    jobid: 950
    reason: Missing output files: vg_map/ABOFRAM000703115255_28.pack; Input files updated by another job: vg_map/ABOFRAM000703115255_28_28.vg, vg_map/ABOFRAM000703115255_28_28.gam
    wildcards: sample=ABOFRAM000703115255, chr=28
    threads: 3
    resources: mem_mb=14305, mem_mib=4835, disk_mb=5069, disk_mib=4835, tmpdir=<TBD>, slurm_partition=workq, slurm_account=mnaji, mem=15GB, time=28800


        vg pack -x vg_map/ABOFRAM000703115255_28_28.vg -g vg_map/ABOFRAM000703115255_28_28.gam -Q 5 --threads 3 -o vg_map/ABOFRAM000703115255_28.pack
        
No wall time information given. This might or might not work on your cluster. If not, specify the resource runtime in your rule or as a reasonable default via --default-resources.
Job 950 has been submitted with SLURM jobid 11146439 (log: /work/project/CASCAD/mnaji/sm_folder/results/.snakemake/slurm_logs/rule_giraffe_pack/ABOFRAM000703115255_28/11146439.log).
[Fri Sep 20 10:08:51 2024]
Finished job 956.
537 of 886 steps (61%) done
[Fri Sep 20 10:08:51 2024]
Finished job 1221.
538 of 886 steps (61%) done
[Fri Sep 20 10:08:51 2024]
Finished job 1268.
539 of 886 steps (61%) done
Removing temporary output vg_map/ABOFRAM000709524730_X_X.vg.
Removing temporary output vg_map/ABOFRAM000709524730_X.pack.
Removing temporary output vg_map/ABOFRAM000709524730_ptX.snarls.
Select jobs to execute...
Execute 2 jobs...

[Fri Sep 20 10:08:51 2024]
rule giraffe_pack:
    input: vg_map/ABOFRAM000709524730_20_20.vg, vg_map/ABOFRAM000709524730_20_20.gam
    output: vg_map/ABOFRAM000709524730_20.pack
    log: logs/vg/giraffe_pack_ABOFRAM000709524730_20.log
    jobid: 1220
    reason: Missing output files: vg_map/ABOFRAM000709524730_20.pack; Input files updated by another job: vg_map/ABOFRAM000709524730_20_20.vg, vg_map/ABOFRAM000709524730_20_20.gam
    wildcards: sample=ABOFRAM000709524730, chr=20
    threads: 3
    resources: mem_mb=14305, mem_mib=5287, disk_mb=5543, disk_mib=5287, tmpdir=<TBD>, slurm_partition=workq, slurm_account=mnaji, mem=15GB, time=28800


        vg pack -x vg_map/ABOFRAM000709524730_20_20.vg -g vg_map/ABOFRAM000709524730_20_20.gam -Q 5 --threads 3 -o vg_map/ABOFRAM000709524730_20.pack
        
No wall time information given. This might or might not work on your cluster. If not, specify the resource runtime in your rule or as a reasonable default via --default-resources.
Job 1220 has been submitted with SLURM jobid 11146442 (log: /work/project/CASCAD/mnaji/sm_folder/results/.snakemake/slurm_logs/rule_giraffe_pack/ABOFRAM000709524730_20/11146442.log).

[Fri Sep 20 10:08:52 2024]
rule giraffe_pack:
    input: vg_map/ABOFRAM000703115255_29_29.vg, vg_map/ABOFRAM000703115255_29_29.gam
    output: vg_map/ABOFRAM000703115255_29.pack
    log: logs/vg/giraffe_pack_ABOFRAM000703115255_29.log
    jobid: 955
    reason: Missing output files: vg_map/ABOFRAM000703115255_29.pack; Input files updated by another job: vg_map/ABOFRAM000703115255_29_29.vg, vg_map/ABOFRAM000703115255_29_29.gam
    wildcards: sample=ABOFRAM000703115255, chr=29
    threads: 3
    resources: mem_mb=14305, mem_mib=5116, disk_mb=5364, disk_mib=5116, tmpdir=<TBD>, slurm_partition=workq, slurm_account=mnaji, mem=15GB, time=28800


        vg pack -x vg_map/ABOFRAM000703115255_29_29.vg -g vg_map/ABOFRAM000703115255_29_29.gam -Q 5 --threads 3 -o vg_map/ABOFRAM000703115255_29.pack
        
No wall time information given. This might or might not work on your cluster. If not, specify the resource runtime in your rule or as a reasonable default via --default-resources.
Job 955 has been submitted with SLURM jobid 11146443 (log: /work/project/CASCAD/mnaji/sm_folder/results/.snakemake/slurm_logs/rule_giraffe_pack/ABOFRAM000703115255_29/11146443.log).
[Fri Sep 20 10:09:01 2024]
Finished job 840.
540 of 886 steps (61%) done
Removing temporary output vg_map/ABOFRAM000703115255_6_6.gam.
Select jobs to execute...
Execute 1 jobs...

[Fri Sep 20 10:09:01 2024]
rule giraffe_call:
    input: vg_map/ABOFRAM000703115255_6_6.vg, vg_map/ABOFRAM000703115255_6.pack, vg_map/ABOFRAM000703115255_pt6.snarls
    output: vg_call/ABOFRAM000703115255_6.vcf
    log: logs/vg/giraffe_call_ABOFRAM000703115255_6.log
    jobid: 838
    reason: Missing output files: vg_call/ABOFRAM000703115255_6.vcf; Input files updated by another job: vg_map/ABOFRAM000703115255_6.pack, vg_map/ABOFRAM000703115255_6_6.vg, vg_map/ABOFRAM000703115255_pt6.snarls
    wildcards: sample=ABOFRAM000703115255, chr=6
    resources: mem_mb=11444, mem_mib=954, disk_mb=1000, disk_mib=954, tmpdir=<TBD>, slurm_partition=workq, slurm_account=mnaji, mem=12GB, time=28800


        vg call vg_map/ABOFRAM000703115255_6_6.vg -k vg_map/ABOFRAM000703115255_6.pack -r vg_map/ABOFRAM000703115255_pt6.snarls -s ABOFRAM000703115255 --threads 3 > vg_call/ABOFRAM000703115255_6.vcf 
        
No wall time information given. This might or might not work on your cluster. If not, specify the resource runtime in your rule or as a reasonable default via --default-resources.
Job 838 has been submitted with SLURM jobid 11146445 (log: /work/project/CASCAD/mnaji/sm_folder/results/.snakemake/slurm_logs/rule_giraffe_call/ABOFRAM000703115255_6/11146445.log).
[Fri Sep 20 10:09:12 2024]
Finished job 875.
541 of 886 steps (61%) done
Removing temporary output vg_map/ABOFRAM000703115255_13_13.gam.
Select jobs to execute...
Execute 1 jobs...

[Fri Sep 20 10:09:12 2024]
rule giraffe_call:
    input: vg_map/ABOFRAM000703115255_13_13.vg, vg_map/ABOFRAM000703115255_13.pack, vg_map/ABOFRAM000703115255_pt13.snarls
    output: vg_call/ABOFRAM000703115255_13.vcf
    log: logs/vg/giraffe_call_ABOFRAM000703115255_13.log
    jobid: 873
    reason: Missing output files: vg_call/ABOFRAM000703115255_13.vcf; Input files updated by another job: vg_map/ABOFRAM000703115255_pt13.snarls, vg_map/ABOFRAM000703115255_13_13.vg, vg_map/ABOFRAM000703115255_13.pack
    wildcards: sample=ABOFRAM000703115255, chr=13
    resources: mem_mb=11444, mem_mib=954, disk_mb=1000, disk_mib=954, tmpdir=<TBD>, slurm_partition=workq, slurm_account=mnaji, mem=12GB, time=28800


        vg call vg_map/ABOFRAM000703115255_13_13.vg -k vg_map/ABOFRAM000703115255_13.pack -r vg_map/ABOFRAM000703115255_pt13.snarls -s ABOFRAM000703115255 --threads 3 > vg_call/ABOFRAM000703115255_13.vcf 
        
No wall time information given. This might or might not work on your cluster. If not, specify the resource runtime in your rule or as a reasonable default via --default-resources.
Job 873 has been submitted with SLURM jobid 11146446 (log: /work/project/CASCAD/mnaji/sm_folder/results/.snakemake/slurm_logs/rule_giraffe_call/ABOFRAM000703115255_13/11146446.log).
[Fri Sep 20 10:09:22 2024]
Finished job 1028.
542 of 886 steps (61%) done
Removing temporary output vg_map/ABOFRAM000707401531_13_13.vg.
Removing temporary output vg_map/ABOFRAM000707401531_13.pack.
Removing temporary output vg_map/ABOFRAM000707401531_pt13.snarls.
[Fri Sep 20 10:09:32 2024]
Finished job 1128.
543 of 886 steps (61%) done
Removing temporary output vg_map/ABOFRAM000709524730_2_2.vg.
Removing temporary output vg_map/ABOFRAM000709524730_2.pack.
Removing temporary output vg_map/ABOFRAM000709524730_pt2.snarls.
[Fri Sep 20 10:10:02 2024]
Finished job 820.
544 of 886 steps (61%) done
Removing temporary output vg_map/ABOFRAM000703115255_2_2.gam.
[Fri Sep 20 10:10:02 2024]
Finished job 1185.
545 of 886 steps (62%) done
Removing temporary output vg_map/ABOFRAM000709524730_13_13.gam.
Select jobs to execute...
Execute 2 jobs...

[Fri Sep 20 10:10:02 2024]
rule giraffe_call:
    input: vg_map/ABOFRAM000709524730_13_13.vg, vg_map/ABOFRAM000709524730_13.pack, vg_map/ABOFRAM000709524730_pt13.snarls
    output: vg_call/ABOFRAM000709524730_13.vcf
    log: logs/vg/giraffe_call_ABOFRAM000709524730_13.log
    jobid: 1183
    reason: Missing output files: vg_call/ABOFRAM000709524730_13.vcf; Input files updated by another job: vg_map/ABOFRAM000709524730_pt13.snarls, vg_map/ABOFRAM000709524730_13_13.vg, vg_map/ABOFRAM000709524730_13.pack
    wildcards: sample=ABOFRAM000709524730, chr=13
    resources: mem_mb=11444, mem_mib=954, disk_mb=1000, disk_mib=954, tmpdir=<TBD>, slurm_partition=workq, slurm_account=mnaji, mem=12GB, time=28800


        vg call vg_map/ABOFRAM000709524730_13_13.vg -k vg_map/ABOFRAM000709524730_13.pack -r vg_map/ABOFRAM000709524730_pt13.snarls -s ABOFRAM000709524730 --threads 3 > vg_call/ABOFRAM000709524730_13.vcf 
        
No wall time information given. This might or might not work on your cluster. If not, specify the resource runtime in your rule or as a reasonable default via --default-resources.
Job 1183 has been submitted with SLURM jobid 11146462 (log: /work/project/CASCAD/mnaji/sm_folder/results/.snakemake/slurm_logs/rule_giraffe_call/ABOFRAM000709524730_13/11146462.log).

[Fri Sep 20 10:10:02 2024]
rule giraffe_call:
    input: vg_map/ABOFRAM000703115255_2_2.vg, vg_map/ABOFRAM000703115255_2.pack, vg_map/ABOFRAM000703115255_pt2.snarls
    output: vg_call/ABOFRAM000703115255_2.vcf
    log: logs/vg/giraffe_call_ABOFRAM000703115255_2.log
    jobid: 818
    reason: Missing output files: vg_call/ABOFRAM000703115255_2.vcf; Input files updated by another job: vg_map/ABOFRAM000703115255_pt2.snarls, vg_map/ABOFRAM000703115255_2_2.vg, vg_map/ABOFRAM000703115255_2.pack
    wildcards: sample=ABOFRAM000703115255, chr=2
    resources: mem_mb=11444, mem_mib=954, disk_mb=1000, disk_mib=954, tmpdir=<TBD>, slurm_partition=workq, slurm_account=mnaji, mem=12GB, time=28800


        vg call vg_map/ABOFRAM000703115255_2_2.vg -k vg_map/ABOFRAM000703115255_2.pack -r vg_map/ABOFRAM000703115255_pt2.snarls -s ABOFRAM000703115255 --threads 3 > vg_call/ABOFRAM000703115255_2.vcf 
        
No wall time information given. This might or might not work on your cluster. If not, specify the resource runtime in your rule or as a reasonable default via --default-resources.
Job 818 has been submitted with SLURM jobid 11146463 (log: /work/project/CASCAD/mnaji/sm_folder/results/.snakemake/slurm_logs/rule_giraffe_call/ABOFRAM000703115255_2/11146463.log).
[Fri Sep 20 10:10:12 2024]
Finished job 885.
546 of 886 steps (62%) done
Removing temporary output vg_map/ABOFRAM000703115255_15_15.gam.
[Fri Sep 20 10:10:12 2024]
Finished job 943.
547 of 886 steps (62%) done
Removing temporary output vg_map/ABOFRAM000703115255_27_27.vg.
Removing temporary output vg_map/ABOFRAM000703115255_27.pack.
Removing temporary output vg_map/ABOFRAM000703115255_pt27.snarls.
Select jobs to execute...
Execute 1 jobs...

[Fri Sep 20 10:10:12 2024]
rule giraffe_call:
    input: vg_map/ABOFRAM000703115255_15_15.vg, vg_map/ABOFRAM000703115255_15.pack, vg_map/ABOFRAM000703115255_pt15.snarls
    output: vg_call/ABOFRAM000703115255_15.vcf
    log: logs/vg/giraffe_call_ABOFRAM000703115255_15.log
    jobid: 883
    reason: Missing output files: vg_call/ABOFRAM000703115255_15.vcf; Input files updated by another job: vg_map/ABOFRAM000703115255_15.pack, vg_map/ABOFRAM000703115255_15_15.vg, vg_map/ABOFRAM000703115255_pt15.snarls
    wildcards: sample=ABOFRAM000703115255, chr=15
    resources: mem_mb=11444, mem_mib=954, disk_mb=1000, disk_mib=954, tmpdir=<TBD>, slurm_partition=workq, slurm_account=mnaji, mem=12GB, time=28800


        vg call vg_map/ABOFRAM000703115255_15_15.vg -k vg_map/ABOFRAM000703115255_15.pack -r vg_map/ABOFRAM000703115255_pt15.snarls -s ABOFRAM000703115255 --threads 3 > vg_call/ABOFRAM000703115255_15.vcf 
        
No wall time information given. This might or might not work on your cluster. If not, specify the resource runtime in your rule or as a reasonable default via --default-resources.
Job 883 has been submitted with SLURM jobid 11146464 (log: /work/project/CASCAD/mnaji/sm_folder/results/.snakemake/slurm_logs/rule_giraffe_call/ABOFRAM000703115255_15/11146464.log).
[Fri Sep 20 10:10:42 2024]
Finished job 1133.
548 of 886 steps (62%) done
Removing temporary output vg_map/ABOFRAM000709524730_3_3.vg.
Removing temporary output vg_map/ABOFRAM000709524730_3.pack.
Removing temporary output vg_map/ABOFRAM000709524730_pt3.snarls.
[Fri Sep 20 10:10:42 2024]
Finished job 920.
549 of 886 steps (62%) done
Removing temporary output vg_map/ABOFRAM000703115255_22_22.gam.
[Fri Sep 20 10:10:42 2024]
Finished job 950.
550 of 886 steps (62%) done
Removing temporary output vg_map/ABOFRAM000703115255_28_28.gam.
Select jobs to execute...
Execute 2 jobs...

[Fri Sep 20 10:10:42 2024]
rule giraffe_call:
    input: vg_map/ABOFRAM000703115255_28_28.vg, vg_map/ABOFRAM000703115255_28.pack, vg_map/ABOFRAM000703115255_pt28.snarls
    output: vg_call/ABOFRAM000703115255_28.vcf
    log: logs/vg/giraffe_call_ABOFRAM000703115255_28.log
    jobid: 948
    reason: Missing output files: vg_call/ABOFRAM000703115255_28.vcf; Input files updated by another job: vg_map/ABOFRAM000703115255_pt28.snarls, vg_map/ABOFRAM000703115255_28_28.vg, vg_map/ABOFRAM000703115255_28.pack
    wildcards: sample=ABOFRAM000703115255, chr=28
    resources: mem_mb=11444, mem_mib=954, disk_mb=1000, disk_mib=954, tmpdir=<TBD>, slurm_partition=workq, slurm_account=mnaji, mem=12GB, time=28800


        vg call vg_map/ABOFRAM000703115255_28_28.vg -k vg_map/ABOFRAM000703115255_28.pack -r vg_map/ABOFRAM000703115255_pt28.snarls -s ABOFRAM000703115255 --threads 3 > vg_call/ABOFRAM000703115255_28.vcf 
        
No wall time information given. This might or might not work on your cluster. If not, specify the resource runtime in your rule or as a reasonable default via --default-resources.
Job 948 has been submitted with SLURM jobid 11146472 (log: /work/project/CASCAD/mnaji/sm_folder/results/.snakemake/slurm_logs/rule_giraffe_call/ABOFRAM000703115255_28/11146472.log).

[Fri Sep 20 10:10:43 2024]
rule giraffe_call:
    input: vg_map/ABOFRAM000703115255_22_22.vg, vg_map/ABOFRAM000703115255_22.pack, vg_map/ABOFRAM000703115255_pt22.snarls
    output: vg_call/ABOFRAM000703115255_22.vcf
    log: logs/vg/giraffe_call_ABOFRAM000703115255_22.log
    jobid: 918
    reason: Missing output files: vg_call/ABOFRAM000703115255_22.vcf; Input files updated by another job: vg_map/ABOFRAM000703115255_pt22.snarls, vg_map/ABOFRAM000703115255_22_22.vg, vg_map/ABOFRAM000703115255_22.pack
    wildcards: sample=ABOFRAM000703115255, chr=22
    resources: mem_mb=11444, mem_mib=954, disk_mb=1000, disk_mib=954, tmpdir=<TBD>, slurm_partition=workq, slurm_account=mnaji, mem=12GB, time=28800


        vg call vg_map/ABOFRAM000703115255_22_22.vg -k vg_map/ABOFRAM000703115255_22.pack -r vg_map/ABOFRAM000703115255_pt22.snarls -s ABOFRAM000703115255 --threads 3 > vg_call/ABOFRAM000703115255_22.vcf 
        
No wall time information given. This might or might not work on your cluster. If not, specify the resource runtime in your rule or as a reasonable default via --default-resources.
Job 918 has been submitted with SLURM jobid 11146473 (log: /work/project/CASCAD/mnaji/sm_folder/results/.snakemake/slurm_logs/rule_giraffe_call/ABOFRAM000703115255_22/11146473.log).
[Fri Sep 20 10:10:52 2024]
Finished job 1220.
551 of 886 steps (62%) done
Removing temporary output vg_map/ABOFRAM000709524730_20_20.gam.
[Fri Sep 20 10:10:52 2024]
Finished job 955.
552 of 886 steps (62%) done
Removing temporary output vg_map/ABOFRAM000703115255_29_29.gam.
Select jobs to execute...
Execute 2 jobs...

[Fri Sep 20 10:10:52 2024]
rule giraffe_call:
    input: vg_map/ABOFRAM000709524730_20_20.vg, vg_map/ABOFRAM000709524730_20.pack, vg_map/ABOFRAM000709524730_pt20.snarls
    output: vg_call/ABOFRAM000709524730_20.vcf
    log: logs/vg/giraffe_call_ABOFRAM000709524730_20.log
    jobid: 1218
    reason: Missing output files: vg_call/ABOFRAM000709524730_20.vcf; Input files updated by another job: vg_map/ABOFRAM000709524730_pt20.snarls, vg_map/ABOFRAM000709524730_20.pack, vg_map/ABOFRAM000709524730_20_20.vg
    wildcards: sample=ABOFRAM000709524730, chr=20
    resources: mem_mb=11444, mem_mib=954, disk_mb=1000, disk_mib=954, tmpdir=<TBD>, slurm_partition=workq, slurm_account=mnaji, mem=12GB, time=28800


        vg call vg_map/ABOFRAM000709524730_20_20.vg -k vg_map/ABOFRAM000709524730_20.pack -r vg_map/ABOFRAM000709524730_pt20.snarls -s ABOFRAM000709524730 --threads 3 > vg_call/ABOFRAM000709524730_20.vcf 
        
No wall time information given. This might or might not work on your cluster. If not, specify the resource runtime in your rule or as a reasonable default via --default-resources.
Job 1218 has been submitted with SLURM jobid 11146479 (log: /work/project/CASCAD/mnaji/sm_folder/results/.snakemake/slurm_logs/rule_giraffe_call/ABOFRAM000709524730_20/11146479.log).

[Fri Sep 20 10:10:53 2024]
rule giraffe_call:
    input: vg_map/ABOFRAM000703115255_29_29.vg, vg_map/ABOFRAM000703115255_29.pack, vg_map/ABOFRAM000703115255_pt29.snarls
    output: vg_call/ABOFRAM000703115255_29.vcf
    log: logs/vg/giraffe_call_ABOFRAM000703115255_29.log
    jobid: 953
    reason: Missing output files: vg_call/ABOFRAM000703115255_29.vcf; Input files updated by another job: vg_map/ABOFRAM000703115255_29_29.vg, vg_map/ABOFRAM000703115255_pt29.snarls, vg_map/ABOFRAM000703115255_29.pack
    wildcards: sample=ABOFRAM000703115255, chr=29
    resources: mem_mb=11444, mem_mib=954, disk_mb=1000, disk_mib=954, tmpdir=<TBD>, slurm_partition=workq, slurm_account=mnaji, mem=12GB, time=28800


        vg call vg_map/ABOFRAM000703115255_29_29.vg -k vg_map/ABOFRAM000703115255_29.pack -r vg_map/ABOFRAM000703115255_pt29.snarls -s ABOFRAM000703115255 --threads 3 > vg_call/ABOFRAM000703115255_29.vcf 
        
No wall time information given. This might or might not work on your cluster. If not, specify the resource runtime in your rule or as a reasonable default via --default-resources.
Job 953 has been submitted with SLURM jobid 11146480 (log: /work/project/CASCAD/mnaji/sm_folder/results/.snakemake/slurm_logs/rule_giraffe_call/ABOFRAM000703115255_29/11146480.log).
[Fri Sep 20 10:11:23 2024]
Finished job 873.
553 of 886 steps (62%) done
Removing temporary output vg_map/ABOFRAM000703115255_13_13.vg.
Removing temporary output vg_map/ABOFRAM000703115255_13.pack.
Removing temporary output vg_map/ABOFRAM000703115255_pt13.snarls.
[Fri Sep 20 10:11:53 2024]
Finished job 881.
554 of 886 steps (63%) done
[Fri Sep 20 10:11:53 2024]
Finished job 838.
555 of 886 steps (63%) done
Removing temporary output vg_map/ABOFRAM000703115255_6_6.vg.
Removing temporary output vg_map/ABOFRAM000703115255_6.pack.
Removing temporary output vg_map/ABOFRAM000703115255_pt6.snarls.
Select jobs to execute...
Execute 1 jobs...

[Fri Sep 20 10:11:53 2024]
rule giraffe_pack:
    input: vg_map/ABOFRAM000703115255_14_14.vg, vg_map/ABOFRAM000703115255_14_14.gam
    output: vg_map/ABOFRAM000703115255_14.pack
    log: logs/vg/giraffe_pack_ABOFRAM000703115255_14.log
    jobid: 880
    reason: Missing output files: vg_map/ABOFRAM000703115255_14.pack; Input files updated by another job: vg_map/ABOFRAM000703115255_14_14.vg, vg_map/ABOFRAM000703115255_14_14.gam
    wildcards: sample=ABOFRAM000703115255, chr=14
    threads: 3
    resources: mem_mb=14305, mem_mib=7245, disk_mb=7596, disk_mib=7245, tmpdir=<TBD>, slurm_partition=workq, slurm_account=mnaji, mem=15GB, time=28800


        vg pack -x vg_map/ABOFRAM000703115255_14_14.vg -g vg_map/ABOFRAM000703115255_14_14.gam -Q 5 --threads 3 -o vg_map/ABOFRAM000703115255_14.pack
        
No wall time information given. This might or might not work on your cluster. If not, specify the resource runtime in your rule or as a reasonable default via --default-resources.
Job 880 has been submitted with SLURM jobid 11146496 (log: /work/project/CASCAD/mnaji/sm_folder/results/.snakemake/slurm_logs/rule_giraffe_pack/ABOFRAM000703115255_14/11146496.log).
[Fri Sep 20 10:12:23 2024]
Finished job 1160.
556 of 886 steps (63%) done
Removing temporary output vg_map/ABOFRAM000709524730_8_8.gam.
[Fri Sep 20 10:12:23 2024]
Finished job 1183.
557 of 886 steps (63%) done
Removing temporary output vg_map/ABOFRAM000709524730_13_13.vg.
Removing temporary output vg_map/ABOFRAM000709524730_13.pack.
Removing temporary output vg_map/ABOFRAM000709524730_pt13.snarls.
[Fri Sep 20 10:12:23 2024]
Finished job 948.
558 of 886 steps (63%) done
Removing temporary output vg_map/ABOFRAM000703115255_28_28.vg.
Removing temporary output vg_map/ABOFRAM000703115255_28.pack.
Removing temporary output vg_map/ABOFRAM000703115255_pt28.snarls.
Select jobs to execute...
Execute 1 jobs...

[Fri Sep 20 10:12:23 2024]
rule giraffe_call:
    input: vg_map/ABOFRAM000709524730_8_8.vg, vg_map/ABOFRAM000709524730_8.pack, vg_map/ABOFRAM000709524730_pt8.snarls
    output: vg_call/ABOFRAM000709524730_8.vcf
    log: logs/vg/giraffe_call_ABOFRAM000709524730_8.log
    jobid: 1158
    reason: Missing output files: vg_call/ABOFRAM000709524730_8.vcf; Input files updated by another job: vg_map/ABOFRAM000709524730_8.pack, vg_map/ABOFRAM000709524730_pt8.snarls, vg_map/ABOFRAM000709524730_8_8.vg
    wildcards: sample=ABOFRAM000709524730, chr=8
    resources: mem_mb=11444, mem_mib=954, disk_mb=1000, disk_mib=954, tmpdir=<TBD>, slurm_partition=workq, slurm_account=mnaji, mem=12GB, time=28800


        vg call vg_map/ABOFRAM000709524730_8_8.vg -k vg_map/ABOFRAM000709524730_8.pack -r vg_map/ABOFRAM000709524730_pt8.snarls -s ABOFRAM000709524730 --threads 3 > vg_call/ABOFRAM000709524730_8.vcf 
        
No wall time information given. This might or might not work on your cluster. If not, specify the resource runtime in your rule or as a reasonable default via --default-resources.
Job 1158 has been submitted with SLURM jobid 11146502 (log: /work/project/CASCAD/mnaji/sm_folder/results/.snakemake/slurm_logs/rule_giraffe_call/ABOFRAM000709524730_8/11146502.log).
[Fri Sep 20 10:12:33 2024]
Finished job 883.
559 of 886 steps (63%) done
Removing temporary output vg_map/ABOFRAM000703115255_15_15.vg.
Removing temporary output vg_map/ABOFRAM000703115255_15.pack.
Removing temporary output vg_map/ABOFRAM000703115255_pt15.snarls.
[Fri Sep 20 10:12:33 2024]
Finished job 918.
560 of 886 steps (63%) done
Removing temporary output vg_map/ABOFRAM000703115255_22_22.vg.
Removing temporary output vg_map/ABOFRAM000703115255_22.pack.
Removing temporary output vg_map/ABOFRAM000703115255_pt22.snarls.
[Fri Sep 20 10:12:33 2024]
Finished job 953.
561 of 886 steps (63%) done
Removing temporary output vg_map/ABOFRAM000703115255_29_29.vg.
Removing temporary output vg_map/ABOFRAM000703115255_29.pack.
Removing temporary output vg_map/ABOFRAM000703115255_pt29.snarls.
[Fri Sep 20 10:13:03 2024]
Finished job 818.
562 of 886 steps (63%) done
Removing temporary output vg_map/ABOFRAM000703115255_2_2.vg.
Removing temporary output vg_map/ABOFRAM000703115255_2.pack.
Removing temporary output vg_map/ABOFRAM000703115255_pt2.snarls.
[Fri Sep 20 10:13:03 2024]
Finished job 1218.
563 of 886 steps (64%) done
Removing temporary output vg_map/ABOFRAM000709524730_20_20.vg.
Removing temporary output vg_map/ABOFRAM000709524730_20.pack.
Removing temporary output vg_map/ABOFRAM000709524730_pt20.snarls.
[Fri Sep 20 10:15:34 2024]
Finished job 1158.
564 of 886 steps (64%) done
Removing temporary output vg_map/ABOFRAM000709524730_8_8.vg.
Removing temporary output vg_map/ABOFRAM000709524730_8.pack.
Removing temporary output vg_map/ABOFRAM000709524730_pt8.snarls.
[Fri Sep 20 10:15:44 2024]
Finished job 916.
565 of 886 steps (64%) done
Select jobs to execute...
Execute 1 jobs...

[Fri Sep 20 10:15:44 2024]
rule giraffe_pack:
    input: vg_map/ABOFRAM000703115255_21_21.vg, vg_map/ABOFRAM000703115255_21_21.gam
    output: vg_map/ABOFRAM000703115255_21.pack
    log: logs/vg/giraffe_pack_ABOFRAM000703115255_21.log
    jobid: 915
    reason: Missing output files: vg_map/ABOFRAM000703115255_21.pack; Input files updated by another job: vg_map/ABOFRAM000703115255_21_21.vg, vg_map/ABOFRAM000703115255_21_21.gam
    wildcards: sample=ABOFRAM000703115255, chr=21
    threads: 3
    resources: mem_mb=14305, mem_mib=6381, disk_mb=6690, disk_mib=6381, tmpdir=<TBD>, slurm_partition=workq, slurm_account=mnaji, mem=15GB, time=28800


        vg pack -x vg_map/ABOFRAM000703115255_21_21.vg -g vg_map/ABOFRAM000703115255_21_21.gam -Q 5 --threads 3 -o vg_map/ABOFRAM000703115255_21.pack
        
No wall time information given. This might or might not work on your cluster. If not, specify the resource runtime in your rule or as a reasonable default via --default-resources.
Job 915 has been submitted with SLURM jobid 11146531 (log: /work/project/CASCAD/mnaji/sm_folder/results/.snakemake/slurm_logs/rule_giraffe_pack/ABOFRAM000703115255_21/11146531.log).
[Fri Sep 20 10:16:14 2024]
Finished job 831.
566 of 886 steps (64%) done
[Fri Sep 20 10:16:14 2024]
Finished job 891.
567 of 886 steps (64%) done
Select jobs to execute...
Execute 2 jobs...

[Fri Sep 20 10:16:14 2024]
rule giraffe_pack:
    input: vg_map/ABOFRAM000703115255_16_16.vg, vg_map/ABOFRAM000703115255_16_16.gam
    output: vg_map/ABOFRAM000703115255_16.pack
    log: logs/vg/giraffe_pack_ABOFRAM000703115255_16.log
    jobid: 890
    reason: Missing output files: vg_map/ABOFRAM000703115255_16.pack; Input files updated by another job: vg_map/ABOFRAM000703115255_16_16.gam, vg_map/ABOFRAM000703115255_16_16.vg
    wildcards: sample=ABOFRAM000703115255, chr=16
    threads: 3
    resources: mem_mb=14305, mem_mib=7630, disk_mb=8459, disk_mib=8068, tmpdir=<TBD>, slurm_partition=workq, slurm_account=mnaji, mem=15GB, time=28800


        vg pack -x vg_map/ABOFRAM000703115255_16_16.vg -g vg_map/ABOFRAM000703115255_16_16.gam -Q 5 --threads 3 -o vg_map/ABOFRAM000703115255_16.pack
        
No wall time information given. This might or might not work on your cluster. If not, specify the resource runtime in your rule or as a reasonable default via --default-resources.
Job 890 has been submitted with SLURM jobid 11146538 (log: /work/project/CASCAD/mnaji/sm_folder/results/.snakemake/slurm_logs/rule_giraffe_pack/ABOFRAM000703115255_16/11146538.log).

[Fri Sep 20 10:16:14 2024]
rule giraffe_pack:
    input: vg_map/ABOFRAM000703115255_4_4.vg, vg_map/ABOFRAM000703115255_4_4.gam
    output: vg_map/ABOFRAM000703115255_4.pack
    log: logs/vg/giraffe_pack_ABOFRAM000703115255_4.log
    jobid: 830
    reason: Missing output files: vg_map/ABOFRAM000703115255_4.pack; Input files updated by another job: vg_map/ABOFRAM000703115255_4_4.vg, vg_map/ABOFRAM000703115255_4_4.gam
    wildcards: sample=ABOFRAM000703115255, chr=4
    threads: 3
    resources: mem_mb=14305, mem_mib=7630, disk_mb=11695, disk_mib=11154, tmpdir=<TBD>, slurm_partition=workq, slurm_account=mnaji, mem=15GB, time=28800


        vg pack -x vg_map/ABOFRAM000703115255_4_4.vg -g vg_map/ABOFRAM000703115255_4_4.gam -Q 5 --threads 3 -o vg_map/ABOFRAM000703115255_4.pack
        
No wall time information given. This might or might not work on your cluster. If not, specify the resource runtime in your rule or as a reasonable default via --default-resources.
Job 830 has been submitted with SLURM jobid 11146539 (log: /work/project/CASCAD/mnaji/sm_folder/results/.snakemake/slurm_logs/rule_giraffe_pack/ABOFRAM000703115255_4/11146539.log).
[Fri Sep 20 10:17:55 2024]
Finished job 871.
568 of 886 steps (64%) done
Select jobs to execute...
Execute 1 jobs...

[Fri Sep 20 10:17:55 2024]
rule giraffe_pack:
    input: vg_map/ABOFRAM000703115255_12_12.vg, vg_map/ABOFRAM000703115255_12_12.gam
    output: vg_map/ABOFRAM000703115255_12.pack
    log: logs/vg/giraffe_pack_ABOFRAM000703115255_12.log
    jobid: 870
    reason: Missing output files: vg_map/ABOFRAM000703115255_12.pack; Input files updated by another job: vg_map/ABOFRAM000703115255_12_12.gam, vg_map/ABOFRAM000703115255_12_12.vg
    wildcards: sample=ABOFRAM000703115255, chr=12
    threads: 3
    resources: mem_mb=14305, mem_mib=7543, disk_mb=7909, disk_mib=7543, tmpdir=<TBD>, slurm_partition=workq, slurm_account=mnaji, mem=15GB, time=28800


        vg pack -x vg_map/ABOFRAM000703115255_12_12.vg -g vg_map/ABOFRAM000703115255_12_12.gam -Q 5 --threads 3 -o vg_map/ABOFRAM000703115255_12.pack
        
No wall time information given. This might or might not work on your cluster. If not, specify the resource runtime in your rule or as a reasonable default via --default-resources.
Job 870 has been submitted with SLURM jobid 11146561 (log: /work/project/CASCAD/mnaji/sm_folder/results/.snakemake/slurm_logs/rule_giraffe_pack/ABOFRAM000703115255_12/11146561.log).
[Fri Sep 20 10:18:05 2024]
Finished job 915.
569 of 886 steps (64%) done
Removing temporary output vg_map/ABOFRAM000703115255_21_21.gam.
Select jobs to execute...
Execute 1 jobs...

[Fri Sep 20 10:18:05 2024]
rule giraffe_call:
    input: vg_map/ABOFRAM000703115255_21_21.vg, vg_map/ABOFRAM000703115255_21.pack, vg_map/ABOFRAM000703115255_pt21.snarls
    output: vg_call/ABOFRAM000703115255_21.vcf
    log: logs/vg/giraffe_call_ABOFRAM000703115255_21.log
    jobid: 913
    reason: Missing output files: vg_call/ABOFRAM000703115255_21.vcf; Input files updated by another job: vg_map/ABOFRAM000703115255_21.pack, vg_map/ABOFRAM000703115255_21_21.vg, vg_map/ABOFRAM000703115255_pt21.snarls
    wildcards: sample=ABOFRAM000703115255, chr=21
    resources: mem_mb=11444, mem_mib=954, disk_mb=1000, disk_mib=954, tmpdir=<TBD>, slurm_partition=workq, slurm_account=mnaji, mem=12GB, time=28800


        vg call vg_map/ABOFRAM000703115255_21_21.vg -k vg_map/ABOFRAM000703115255_21.pack -r vg_map/ABOFRAM000703115255_pt21.snarls -s ABOFRAM000703115255 --threads 3 > vg_call/ABOFRAM000703115255_21.vcf 
        
No wall time information given. This might or might not work on your cluster. If not, specify the resource runtime in your rule or as a reasonable default via --default-resources.
Job 913 has been submitted with SLURM jobid 11146563 (log: /work/project/CASCAD/mnaji/sm_folder/results/.snakemake/slurm_logs/rule_giraffe_call/ABOFRAM000703115255_21/11146563.log).
[Fri Sep 20 10:18:15 2024]
Finished job 1491.
570 of 886 steps (64%) done
Select jobs to execute...
Execute 1 jobs...

[Fri Sep 20 10:18:15 2024]
rule giraffe_pack:
    input: vg_map/ABOFRAM007401840180_12_12.vg, vg_map/ABOFRAM007401840180_12_12.gam
    output: vg_map/ABOFRAM007401840180_12.pack
    log: logs/vg/giraffe_pack_ABOFRAM007401840180_12.log
    jobid: 1490
    reason: Missing output files: vg_map/ABOFRAM007401840180_12.pack; Input files updated by another job: vg_map/ABOFRAM007401840180_12_12.vg, vg_map/ABOFRAM007401840180_12_12.gam
    wildcards: sample=ABOFRAM007401840180, chr=12
    threads: 3
    resources: mem_mb=14305, mem_mib=5389, disk_mb=5650, disk_mib=5389, tmpdir=<TBD>, slurm_partition=workq, slurm_account=mnaji, mem=15GB, time=28800


        vg pack -x vg_map/ABOFRAM007401840180_12_12.vg -g vg_map/ABOFRAM007401840180_12_12.gam -Q 5 --threads 3 -o vg_map/ABOFRAM007401840180_12.pack
        
No wall time information given. This might or might not work on your cluster. If not, specify the resource runtime in your rule or as a reasonable default via --default-resources.
Job 1490 has been submitted with SLURM jobid 11146566 (log: /work/project/CASCAD/mnaji/sm_folder/results/.snakemake/slurm_logs/rule_giraffe_pack/ABOFRAM007401840180_12/11146566.log).
[Fri Sep 20 10:19:15 2024]
Finished job 890.
571 of 886 steps (64%) done
Removing temporary output vg_map/ABOFRAM000703115255_16_16.gam.
Select jobs to execute...
Execute 1 jobs...

[Fri Sep 20 10:19:15 2024]
rule giraffe_call:
    input: vg_map/ABOFRAM000703115255_16_16.vg, vg_map/ABOFRAM000703115255_16.pack, vg_map/ABOFRAM000703115255_pt16.snarls
    output: vg_call/ABOFRAM000703115255_16.vcf
    log: logs/vg/giraffe_call_ABOFRAM000703115255_16.log
    jobid: 888
    reason: Missing output files: vg_call/ABOFRAM000703115255_16.vcf; Input files updated by another job: vg_map/ABOFRAM000703115255_16_16.vg, vg_map/ABOFRAM000703115255_pt16.snarls, vg_map/ABOFRAM000703115255_16.pack
    wildcards: sample=ABOFRAM000703115255, chr=16
    resources: mem_mb=11444, mem_mib=954, disk_mb=1000, disk_mib=954, tmpdir=<TBD>, slurm_partition=workq, slurm_account=mnaji, mem=12GB, time=28800


        vg call vg_map/ABOFRAM000703115255_16_16.vg -k vg_map/ABOFRAM000703115255_16.pack -r vg_map/ABOFRAM000703115255_pt16.snarls -s ABOFRAM000703115255 --threads 3 > vg_call/ABOFRAM000703115255_16.vcf 
        
No wall time information given. This might or might not work on your cluster. If not, specify the resource runtime in your rule or as a reasonable default via --default-resources.
Job 888 has been submitted with SLURM jobid 11146574 (log: /work/project/CASCAD/mnaji/sm_folder/results/.snakemake/slurm_logs/rule_giraffe_call/ABOFRAM000703115255_16/11146574.log).
[Fri Sep 20 10:19:45 2024]
Finished job 880.
572 of 886 steps (65%) done
Removing temporary output vg_map/ABOFRAM000703115255_14_14.gam.
Select jobs to execute...
Execute 1 jobs...

[Fri Sep 20 10:19:45 2024]
rule giraffe_call:
    input: vg_map/ABOFRAM000703115255_14_14.vg, vg_map/ABOFRAM000703115255_14.pack, vg_map/ABOFRAM000703115255_pt14.snarls
    output: vg_call/ABOFRAM000703115255_14.vcf
    log: logs/vg/giraffe_call_ABOFRAM000703115255_14.log
    jobid: 878
    reason: Missing output files: vg_call/ABOFRAM000703115255_14.vcf; Input files updated by another job: vg_map/ABOFRAM000703115255_14.pack, vg_map/ABOFRAM000703115255_14_14.vg, vg_map/ABOFRAM000703115255_pt14.snarls
    wildcards: sample=ABOFRAM000703115255, chr=14
    resources: mem_mb=11444, mem_mib=954, disk_mb=1000, disk_mib=954, tmpdir=<TBD>, slurm_partition=workq, slurm_account=mnaji, mem=12GB, time=28800


        vg call vg_map/ABOFRAM000703115255_14_14.vg -k vg_map/ABOFRAM000703115255_14.pack -r vg_map/ABOFRAM000703115255_pt14.snarls -s ABOFRAM000703115255 --threads 3 > vg_call/ABOFRAM000703115255_14.vcf 
        
No wall time information given. This might or might not work on your cluster. If not, specify the resource runtime in your rule or as a reasonable default via --default-resources.
Job 878 has been submitted with SLURM jobid 11146583 (log: /work/project/CASCAD/mnaji/sm_folder/results/.snakemake/slurm_logs/rule_giraffe_call/ABOFRAM000703115255_14/11146583.log).
[Fri Sep 20 10:19:55 2024]
Finished job 906.
573 of 886 steps (65%) done
[Fri Sep 20 10:19:55 2024]
Finished job 913.
574 of 886 steps (65%) done
Removing temporary output vg_map/ABOFRAM000703115255_21_21.vg.
Removing temporary output vg_map/ABOFRAM000703115255_21.pack.
Removing temporary output vg_map/ABOFRAM000703115255_pt21.snarls.
Select jobs to execute...
Execute 1 jobs...

[Fri Sep 20 10:19:55 2024]
rule giraffe_pack:
    input: vg_map/ABOFRAM000703115255_19_19.vg, vg_map/ABOFRAM000703115255_19_19.gam
    output: vg_map/ABOFRAM000703115255_19.pack
    log: logs/vg/giraffe_pack_ABOFRAM000703115255_19.log
    jobid: 905
    reason: Missing output files: vg_map/ABOFRAM000703115255_19.pack; Input files updated by another job: vg_map/ABOFRAM000703115255_19_19.gam, vg_map/ABOFRAM000703115255_19_19.vg
    wildcards: sample=ABOFRAM000703115255, chr=19
    threads: 3
    resources: mem_mb=14305, mem_mib=7630, disk_mb=13033, disk_mib=12430, tmpdir=<TBD>, slurm_partition=workq, slurm_account=mnaji, mem=15GB, time=28800


        vg pack -x vg_map/ABOFRAM000703115255_19_19.vg -g vg_map/ABOFRAM000703115255_19_19.gam -Q 5 --threads 3 -o vg_map/ABOFRAM000703115255_19.pack
        
No wall time information given. This might or might not work on your cluster. If not, specify the resource runtime in your rule or as a reasonable default via --default-resources.
Job 905 has been submitted with SLURM jobid 11146585 (log: /work/project/CASCAD/mnaji/sm_folder/results/.snakemake/slurm_logs/rule_giraffe_pack/ABOFRAM000703115255_19/11146585.log).
[Fri Sep 20 10:20:26 2024]
Finished job 830.
575 of 886 steps (65%) done
Removing temporary output vg_map/ABOFRAM000703115255_4_4.gam.
Select jobs to execute...
Execute 1 jobs...

[Fri Sep 20 10:20:26 2024]
rule giraffe_call:
    input: vg_map/ABOFRAM000703115255_4_4.vg, vg_map/ABOFRAM000703115255_4.pack, vg_map/ABOFRAM000703115255_pt4.snarls
    output: vg_call/ABOFRAM000703115255_4.vcf
    log: logs/vg/giraffe_call_ABOFRAM000703115255_4.log
    jobid: 828
    reason: Missing output files: vg_call/ABOFRAM000703115255_4.vcf; Input files updated by another job: vg_map/ABOFRAM000703115255_4_4.vg, vg_map/ABOFRAM000703115255_pt4.snarls, vg_map/ABOFRAM000703115255_4.pack
    wildcards: sample=ABOFRAM000703115255, chr=4
    resources: mem_mb=11444, mem_mib=954, disk_mb=1000, disk_mib=954, tmpdir=<TBD>, slurm_partition=workq, slurm_account=mnaji, mem=12GB, time=28800


        vg call vg_map/ABOFRAM000703115255_4_4.vg -k vg_map/ABOFRAM000703115255_4.pack -r vg_map/ABOFRAM000703115255_pt4.snarls -s ABOFRAM000703115255 --threads 3 > vg_call/ABOFRAM000703115255_4.vcf 
        
No wall time information given. This might or might not work on your cluster. If not, specify the resource runtime in your rule or as a reasonable default via --default-resources.
Job 828 has been submitted with SLURM jobid 11146588 (log: /work/project/CASCAD/mnaji/sm_folder/results/.snakemake/slurm_logs/rule_giraffe_call/ABOFRAM000703115255_4/11146588.log).
[Fri Sep 20 10:20:56 2024]
Finished job 870.
576 of 886 steps (65%) done
Removing temporary output vg_map/ABOFRAM000703115255_12_12.gam.
Select jobs to execute...
Execute 1 jobs...

[Fri Sep 20 10:20:56 2024]
rule giraffe_call:
    input: vg_map/ABOFRAM000703115255_12_12.vg, vg_map/ABOFRAM000703115255_12.pack, vg_map/ABOFRAM000703115255_pt12.snarls
    output: vg_call/ABOFRAM000703115255_12.vcf
    log: logs/vg/giraffe_call_ABOFRAM000703115255_12.log
    jobid: 868
    reason: Missing output files: vg_call/ABOFRAM000703115255_12.vcf; Input files updated by another job: vg_map/ABOFRAM000703115255_12.pack, vg_map/ABOFRAM000703115255_12_12.vg, vg_map/ABOFRAM000703115255_pt12.snarls
    wildcards: sample=ABOFRAM000703115255, chr=12
    resources: mem_mb=11444, mem_mib=954, disk_mb=1000, disk_mib=954, tmpdir=<TBD>, slurm_partition=workq, slurm_account=mnaji, mem=12GB, time=28800


        vg call vg_map/ABOFRAM000703115255_12_12.vg -k vg_map/ABOFRAM000703115255_12.pack -r vg_map/ABOFRAM000703115255_pt12.snarls -s ABOFRAM000703115255 --threads 3 > vg_call/ABOFRAM000703115255_12.vcf 
        
No wall time information given. This might or might not work on your cluster. If not, specify the resource runtime in your rule or as a reasonable default via --default-resources.
Job 868 has been submitted with SLURM jobid 11146813 (log: /work/project/CASCAD/mnaji/sm_folder/results/.snakemake/slurm_logs/rule_giraffe_call/ABOFRAM000703115255_12/11146813.log).
[Fri Sep 20 10:21:26 2024]
Finished job 888.
577 of 886 steps (65%) done
Removing temporary output vg_map/ABOFRAM000703115255_16_16.vg.
Removing temporary output vg_map/ABOFRAM000703115255_16.pack.
Removing temporary output vg_map/ABOFRAM000703115255_pt16.snarls.
[Fri Sep 20 10:21:36 2024]
Finished job 1490.
578 of 886 steps (65%) done
Removing temporary output vg_map/ABOFRAM007401840180_12_12.gam.
Select jobs to execute...
Execute 1 jobs...

[Fri Sep 20 10:21:36 2024]
rule giraffe_call:
    input: vg_map/ABOFRAM007401840180_12_12.vg, vg_map/ABOFRAM007401840180_12.pack, vg_map/ABOFRAM007401840180_pt12.snarls
    output: vg_call/ABOFRAM007401840180_12.vcf
    log: logs/vg/giraffe_call_ABOFRAM007401840180_12.log
    jobid: 1488
    reason: Missing output files: vg_call/ABOFRAM007401840180_12.vcf; Input files updated by another job: vg_map/ABOFRAM007401840180_pt12.snarls, vg_map/ABOFRAM007401840180_12_12.vg, vg_map/ABOFRAM007401840180_12.pack
    wildcards: sample=ABOFRAM007401840180, chr=12
    resources: mem_mb=11444, mem_mib=954, disk_mb=1000, disk_mib=954, tmpdir=<TBD>, slurm_partition=workq, slurm_account=mnaji, mem=12GB, time=28800


        vg call vg_map/ABOFRAM007401840180_12_12.vg -k vg_map/ABOFRAM007401840180_12.pack -r vg_map/ABOFRAM007401840180_pt12.snarls -s ABOFRAM007401840180 --threads 3 > vg_call/ABOFRAM007401840180_12.vcf 
        
No wall time information given. This might or might not work on your cluster. If not, specify the resource runtime in your rule or as a reasonable default via --default-resources.
Job 1488 has been submitted with SLURM jobid 11146820 (log: /work/project/CASCAD/mnaji/sm_folder/results/.snakemake/slurm_logs/rule_giraffe_call/ABOFRAM007401840180_12/11146820.log).
[Fri Sep 20 10:21:46 2024]
Finished job 878.
579 of 886 steps (65%) done
Removing temporary output vg_map/ABOFRAM000703115255_14_14.vg.
Removing temporary output vg_map/ABOFRAM000703115255_14.pack.
Removing temporary output vg_map/ABOFRAM000703115255_pt14.snarls.
[Fri Sep 20 10:22:46 2024]
Finished job 856.
580 of 886 steps (65%) done
[Fri Sep 20 10:22:46 2024]
Finished job 1381.
581 of 886 steps (66%) done
Select jobs to execute...
Execute 2 jobs...

[Fri Sep 20 10:22:46 2024]
rule giraffe_pack:
    input: vg_map/ABOFRAM007301868101_21_21.vg, vg_map/ABOFRAM007301868101_21_21.gam
    output: vg_map/ABOFRAM007301868101_21.pack
    log: logs/vg/giraffe_pack_ABOFRAM007301868101_21.log
    jobid: 1380
    reason: Missing output files: vg_map/ABOFRAM007301868101_21.pack; Input files updated by another job: vg_map/ABOFRAM007301868101_21_21.gam, vg_map/ABOFRAM007301868101_21_21.vg
    wildcards: sample=ABOFRAM007301868101, chr=21
    threads: 3
    resources: mem_mb=14305, mem_mib=4238, disk_mb=4443, disk_mib=4238, tmpdir=<TBD>, slurm_partition=workq, slurm_account=mnaji, mem=15GB, time=28800


        vg pack -x vg_map/ABOFRAM007301868101_21_21.vg -g vg_map/ABOFRAM007301868101_21_21.gam -Q 5 --threads 3 -o vg_map/ABOFRAM007301868101_21.pack
        
No wall time information given. This might or might not work on your cluster. If not, specify the resource runtime in your rule or as a reasonable default via --default-resources.
Job 1380 has been submitted with SLURM jobid 11146828 (log: /work/project/CASCAD/mnaji/sm_folder/results/.snakemake/slurm_logs/rule_giraffe_pack/ABOFRAM007301868101_21/11146828.log).

[Fri Sep 20 10:22:47 2024]
rule giraffe_pack:
    input: vg_map/ABOFRAM000703115255_9_9.vg, vg_map/ABOFRAM000703115255_9_9.gam
    output: vg_map/ABOFRAM000703115255_9.pack
    log: logs/vg/giraffe_pack_ABOFRAM000703115255_9.log
    jobid: 855
    reason: Missing output files: vg_map/ABOFRAM000703115255_9.pack; Input files updated by another job: vg_map/ABOFRAM000703115255_9_9.vg, vg_map/ABOFRAM000703115255_9_9.gam
    wildcards: sample=ABOFRAM000703115255, chr=9
    threads: 3
    resources: mem_mb=14305, mem_mib=7630, disk_mb=9506, disk_mib=9066, tmpdir=<TBD>, slurm_partition=workq, slurm_account=mnaji, mem=15GB, time=28800


        vg pack -x vg_map/ABOFRAM000703115255_9_9.vg -g vg_map/ABOFRAM000703115255_9_9.gam -Q 5 --threads 3 -o vg_map/ABOFRAM000703115255_9.pack
        
No wall time information given. This might or might not work on your cluster. If not, specify the resource runtime in your rule or as a reasonable default via --default-resources.
Job 855 has been submitted with SLURM jobid 11146829 (log: /work/project/CASCAD/mnaji/sm_folder/results/.snakemake/slurm_logs/rule_giraffe_pack/ABOFRAM000703115255_9/11146829.log).
[Fri Sep 20 10:23:17 2024]
Finished job 813.
582 of 886 steps (66%) done
[Fri Sep 20 10:23:17 2024]
Finished job 828.
583 of 886 steps (66%) done
Removing temporary output vg_map/ABOFRAM000703115255_4_4.vg.
Removing temporary output vg_map/ABOFRAM000703115255_4.pack.
Removing temporary output vg_map/ABOFRAM000703115255_pt4.snarls.
[Fri Sep 20 10:23:17 2024]
Finished job 868.
584 of 886 steps (66%) done
Removing temporary output vg_map/ABOFRAM000703115255_12_12.vg.
Removing temporary output vg_map/ABOFRAM000703115255_12.pack.
Removing temporary output vg_map/ABOFRAM000703115255_pt12.snarls.
Select jobs to execute...
Execute 1 jobs...

[Fri Sep 20 10:23:17 2024]
rule giraffe_pack:
    input: vg_map/ABOFRAM000703115255_1_1.vg, vg_map/ABOFRAM000703115255_1_1.gam
    output: vg_map/ABOFRAM000703115255_1.pack
    log: logs/vg/giraffe_pack_ABOFRAM000703115255_1.log
    jobid: 812
    reason: Missing output files: vg_map/ABOFRAM000703115255_1.pack; Input files updated by another job: vg_map/ABOFRAM000703115255_1_1.gam, vg_map/ABOFRAM000703115255_1_1.vg
    wildcards: sample=ABOFRAM000703115255, chr=1
    threads: 3
    resources: mem_mb=14305, mem_mib=7630, disk_mb=15310, disk_mib=14601, tmpdir=<TBD>, slurm_partition=workq, slurm_account=mnaji, mem=15GB, time=28800


        vg pack -x vg_map/ABOFRAM000703115255_1_1.vg -g vg_map/ABOFRAM000703115255_1_1.gam -Q 5 --threads 3 -o vg_map/ABOFRAM000703115255_1.pack
        
No wall time information given. This might or might not work on your cluster. If not, specify the resource runtime in your rule or as a reasonable default via --default-resources.
Job 812 has been submitted with SLURM jobid 11146830 (log: /work/project/CASCAD/mnaji/sm_folder/results/.snakemake/slurm_logs/rule_giraffe_pack/ABOFRAM000703115255_1/11146830.log).
[Fri Sep 20 10:23:27 2024]
Finished job 826.
585 of 886 steps (66%) done
Select jobs to execute...
Execute 1 jobs...

[Fri Sep 20 10:23:27 2024]
rule giraffe_pack:
    input: vg_map/ABOFRAM000703115255_3_3.vg, vg_map/ABOFRAM000703115255_3_3.gam
    output: vg_map/ABOFRAM000703115255_3.pack
    log: logs/vg/giraffe_pack_ABOFRAM000703115255_3.log
    jobid: 825
    reason: Missing output files: vg_map/ABOFRAM000703115255_3.pack; Input files updated by another job: vg_map/ABOFRAM000703115255_3_3.vg, vg_map/ABOFRAM000703115255_3_3.gam
    wildcards: sample=ABOFRAM000703115255, chr=3
    threads: 3
    resources: mem_mb=14305, mem_mib=7630, disk_mb=11013, disk_mib=10503, tmpdir=<TBD>, slurm_partition=workq, slurm_account=mnaji, mem=15GB, time=28800


        vg pack -x vg_map/ABOFRAM000703115255_3_3.vg -g vg_map/ABOFRAM000703115255_3_3.gam -Q 5 --threads 3 -o vg_map/ABOFRAM000703115255_3.pack
        
No wall time information given. This might or might not work on your cluster. If not, specify the resource runtime in your rule or as a reasonable default via --default-resources.
Job 825 has been submitted with SLURM jobid 11146831 (log: /work/project/CASCAD/mnaji/sm_folder/results/.snakemake/slurm_logs/rule_giraffe_pack/ABOFRAM000703115255_3/11146831.log).
[Fri Sep 20 10:23:57 2024]
Finished job 1546.
586 of 886 steps (66%) done
[Fri Sep 20 10:23:57 2024]
Finished job 1488.
587 of 886 steps (66%) done
Removing temporary output vg_map/ABOFRAM007401840180_12_12.vg.
Removing temporary output vg_map/ABOFRAM007401840180_12.pack.
Removing temporary output vg_map/ABOFRAM007401840180_pt12.snarls.
Select jobs to execute...
Execute 1 jobs...

[Fri Sep 20 10:23:57 2024]
rule giraffe_pack:
    input: vg_map/ABOFRAM007401840180_23_23.vg, vg_map/ABOFRAM007401840180_23_23.gam
    output: vg_map/ABOFRAM007401840180_23.pack
    log: logs/vg/giraffe_pack_ABOFRAM007401840180_23.log
    jobid: 1545
    reason: Missing output files: vg_map/ABOFRAM007401840180_23.pack; Input files updated by another job: vg_map/ABOFRAM007401840180_23_23.gam, vg_map/ABOFRAM007401840180_23_23.vg
    wildcards: sample=ABOFRAM007401840180, chr=23
    threads: 3
    resources: mem_mb=14305, mem_mib=3599, disk_mb=3773, disk_mib=3599, tmpdir=<TBD>, slurm_partition=workq, slurm_account=mnaji, mem=15GB, time=28800


        vg pack -x vg_map/ABOFRAM007401840180_23_23.vg -g vg_map/ABOFRAM007401840180_23_23.gam -Q 5 --threads 3 -o vg_map/ABOFRAM007401840180_23.pack
        
No wall time information given. This might or might not work on your cluster. If not, specify the resource runtime in your rule or as a reasonable default via --default-resources.
Job 1545 has been submitted with SLURM jobid 11146832 (log: /work/project/CASCAD/mnaji/sm_folder/results/.snakemake/slurm_logs/rule_giraffe_pack/ABOFRAM007401840180_23/11146832.log).
[Fri Sep 20 10:24:27 2024]
Finished job 905.
588 of 886 steps (66%) done
Removing temporary output vg_map/ABOFRAM000703115255_19_19.gam.
[Fri Sep 20 10:24:27 2024]
Finished job 1380.
589 of 886 steps (66%) done
Removing temporary output vg_map/ABOFRAM007301868101_21_21.gam.
Select jobs to execute...
Execute 2 jobs...

[Fri Sep 20 10:24:27 2024]
rule giraffe_call:
    input: vg_map/ABOFRAM000703115255_19_19.vg, vg_map/ABOFRAM000703115255_19.pack, vg_map/ABOFRAM000703115255_pt19.snarls
    output: vg_call/ABOFRAM000703115255_19.vcf
    log: logs/vg/giraffe_call_ABOFRAM000703115255_19.log
    jobid: 903
    reason: Missing output files: vg_call/ABOFRAM000703115255_19.vcf; Input files updated by another job: vg_map/ABOFRAM000703115255_pt19.snarls, vg_map/ABOFRAM000703115255_19.pack, vg_map/ABOFRAM000703115255_19_19.vg
    wildcards: sample=ABOFRAM000703115255, chr=19
    resources: mem_mb=11444, mem_mib=954, disk_mb=1000, disk_mib=954, tmpdir=<TBD>, slurm_partition=workq, slurm_account=mnaji, mem=12GB, time=28800


        vg call vg_map/ABOFRAM000703115255_19_19.vg -k vg_map/ABOFRAM000703115255_19.pack -r vg_map/ABOFRAM000703115255_pt19.snarls -s ABOFRAM000703115255 --threads 3 > vg_call/ABOFRAM000703115255_19.vcf 
        
No wall time information given. This might or might not work on your cluster. If not, specify the resource runtime in your rule or as a reasonable default via --default-resources.
Job 903 has been submitted with SLURM jobid 11146834 (log: /work/project/CASCAD/mnaji/sm_folder/results/.snakemake/slurm_logs/rule_giraffe_call/ABOFRAM000703115255_19/11146834.log).

[Fri Sep 20 10:24:28 2024]
rule giraffe_call:
    input: vg_map/ABOFRAM007301868101_21_21.vg, vg_map/ABOFRAM007301868101_21.pack, vg_map/ABOFRAM007301868101_pt21.snarls
    output: vg_call/ABOFRAM007301868101_21.vcf
    log: logs/vg/giraffe_call_ABOFRAM007301868101_21.log
    jobid: 1378
    reason: Missing output files: vg_call/ABOFRAM007301868101_21.vcf; Input files updated by another job: vg_map/ABOFRAM007301868101_21.pack, vg_map/ABOFRAM007301868101_pt21.snarls, vg_map/ABOFRAM007301868101_21_21.vg
    wildcards: sample=ABOFRAM007301868101, chr=21
    resources: mem_mb=11444, mem_mib=954, disk_mb=1000, disk_mib=954, tmpdir=<TBD>, slurm_partition=workq, slurm_account=mnaji, mem=12GB, time=28800


        vg call vg_map/ABOFRAM007301868101_21_21.vg -k vg_map/ABOFRAM007301868101_21.pack -r vg_map/ABOFRAM007301868101_pt21.snarls -s ABOFRAM007301868101 --threads 3 > vg_call/ABOFRAM007301868101_21.vcf 
        
No wall time information given. This might or might not work on your cluster. If not, specify the resource runtime in your rule or as a reasonable default via --default-resources.
Job 1378 has been submitted with SLURM jobid 11146835 (log: /work/project/CASCAD/mnaji/sm_folder/results/.snakemake/slurm_logs/rule_giraffe_call/ABOFRAM007301868101_21/11146835.log).
[Fri Sep 20 10:25:27 2024]
Finished job 1545.
590 of 886 steps (67%) done
Removing temporary output vg_map/ABOFRAM007401840180_23_23.gam.
Select jobs to execute...
Execute 1 jobs...

[Fri Sep 20 10:25:27 2024]
rule giraffe_call:
    input: vg_map/ABOFRAM007401840180_23_23.vg, vg_map/ABOFRAM007401840180_23.pack, vg_map/ABOFRAM007401840180_pt23.snarls
    output: vg_call/ABOFRAM007401840180_23.vcf
    log: logs/vg/giraffe_call_ABOFRAM007401840180_23.log
    jobid: 1543
    reason: Missing output files: vg_call/ABOFRAM007401840180_23.vcf; Input files updated by another job: vg_map/ABOFRAM007401840180_23.pack, vg_map/ABOFRAM007401840180_23_23.vg, vg_map/ABOFRAM007401840180_pt23.snarls
    wildcards: sample=ABOFRAM007401840180, chr=23
    resources: mem_mb=11444, mem_mib=954, disk_mb=1000, disk_mib=954, tmpdir=<TBD>, slurm_partition=workq, slurm_account=mnaji, mem=12GB, time=28800


        vg call vg_map/ABOFRAM007401840180_23_23.vg -k vg_map/ABOFRAM007401840180_23.pack -r vg_map/ABOFRAM007401840180_pt23.snarls -s ABOFRAM007401840180 --threads 3 > vg_call/ABOFRAM007401840180_23.vcf 
        
No wall time information given. This might or might not work on your cluster. If not, specify the resource runtime in your rule or as a reasonable default via --default-resources.
Job 1543 has been submitted with SLURM jobid 11146837 (log: /work/project/CASCAD/mnaji/sm_folder/results/.snakemake/slurm_logs/rule_giraffe_call/ABOFRAM007401840180_23/11146837.log).
[Fri Sep 20 10:25:58 2024]
Finished job 903.
591 of 886 steps (67%) done
Removing temporary output vg_map/ABOFRAM000703115255_19_19.vg.
Removing temporary output vg_map/ABOFRAM000703115255_19.pack.
Removing temporary output vg_map/ABOFRAM000703115255_pt19.snarls.
[Fri Sep 20 10:26:28 2024]
Finished job 1378.
592 of 886 steps (67%) done
Removing temporary output vg_map/ABOFRAM007301868101_21_21.vg.
Removing temporary output vg_map/ABOFRAM007301868101_21.pack.
Removing temporary output vg_map/ABOFRAM007301868101_pt21.snarls.
[Fri Sep 20 10:26:58 2024]
Finished job 1543.
593 of 886 steps (67%) done
Removing temporary output vg_map/ABOFRAM007401840180_23_23.vg.
Removing temporary output vg_map/ABOFRAM007401840180_23.pack.
Removing temporary output vg_map/ABOFRAM007401840180_pt23.snarls.
[Fri Sep 20 10:27:58 2024]
Finished job 855.
594 of 886 steps (67%) done
Removing temporary output vg_map/ABOFRAM000703115255_9_9.gam.
Select jobs to execute...
Execute 1 jobs...

[Fri Sep 20 10:27:58 2024]
rule giraffe_call:
    input: vg_map/ABOFRAM000703115255_9_9.vg, vg_map/ABOFRAM000703115255_9.pack, vg_map/ABOFRAM000703115255_pt9.snarls
    output: vg_call/ABOFRAM000703115255_9.vcf
    log: logs/vg/giraffe_call_ABOFRAM000703115255_9.log
    jobid: 853
    reason: Missing output files: vg_call/ABOFRAM000703115255_9.vcf; Input files updated by another job: vg_map/ABOFRAM000703115255_pt9.snarls, vg_map/ABOFRAM000703115255_9_9.vg, vg_map/ABOFRAM000703115255_9.pack
    wildcards: sample=ABOFRAM000703115255, chr=9
    resources: mem_mb=11444, mem_mib=954, disk_mb=1000, disk_mib=954, tmpdir=<TBD>, slurm_partition=workq, slurm_account=mnaji, mem=12GB, time=28800


        vg call vg_map/ABOFRAM000703115255_9_9.vg -k vg_map/ABOFRAM000703115255_9.pack -r vg_map/ABOFRAM000703115255_pt9.snarls -s ABOFRAM000703115255 --threads 3 > vg_call/ABOFRAM000703115255_9.vcf 
        
No wall time information given. This might or might not work on your cluster. If not, specify the resource runtime in your rule or as a reasonable default via --default-resources.
Job 853 has been submitted with SLURM jobid 11146838 (log: /work/project/CASCAD/mnaji/sm_folder/results/.snakemake/slurm_logs/rule_giraffe_call/ABOFRAM000703115255_9/11146838.log).
[Fri Sep 20 10:30:29 2024]
Finished job 812.
595 of 886 steps (67%) done
Removing temporary output vg_map/ABOFRAM000703115255_1_1.gam.
[Fri Sep 20 10:30:29 2024]
Finished job 853.
596 of 886 steps (67%) done
Removing temporary output vg_map/ABOFRAM000703115255_9_9.vg.
Removing temporary output vg_map/ABOFRAM000703115255_9.pack.
Removing temporary output vg_map/ABOFRAM000703115255_pt9.snarls.
Select jobs to execute...
Execute 1 jobs...

[Fri Sep 20 10:30:29 2024]
rule giraffe_call:
    input: vg_map/ABOFRAM000703115255_1_1.vg, vg_map/ABOFRAM000703115255_1.pack, vg_map/ABOFRAM000703115255_pt1.snarls
    output: vg_call/ABOFRAM000703115255_1.vcf
    log: logs/vg/giraffe_call_ABOFRAM000703115255_1.log
    jobid: 810
    reason: Missing output files: vg_call/ABOFRAM000703115255_1.vcf; Input files updated by another job: vg_map/ABOFRAM000703115255_pt1.snarls, vg_map/ABOFRAM000703115255_1.pack, vg_map/ABOFRAM000703115255_1_1.vg
    wildcards: sample=ABOFRAM000703115255, chr=1
    resources: mem_mb=11444, mem_mib=954, disk_mb=1000, disk_mib=954, tmpdir=<TBD>, slurm_partition=workq, slurm_account=mnaji, mem=12GB, time=28800


        vg call vg_map/ABOFRAM000703115255_1_1.vg -k vg_map/ABOFRAM000703115255_1.pack -r vg_map/ABOFRAM000703115255_pt1.snarls -s ABOFRAM000703115255 --threads 3 > vg_call/ABOFRAM000703115255_1.vcf 
        
No wall time information given. This might or might not work on your cluster. If not, specify the resource runtime in your rule or as a reasonable default via --default-resources.
Job 810 has been submitted with SLURM jobid 11147045 (log: /work/project/CASCAD/mnaji/sm_folder/results/.snakemake/slurm_logs/rule_giraffe_call/ABOFRAM000703115255_1/11147045.log).
[Fri Sep 20 10:31:29 2024]
Finished job 1306.
597 of 886 steps (67%) done
Select jobs to execute...
Execute 1 jobs...

[Fri Sep 20 10:31:29 2024]
rule giraffe_pack:
    input: vg_map/ABOFRAM007301868101_6_6.vg, vg_map/ABOFRAM007301868101_6_6.gam
    output: vg_map/ABOFRAM007301868101_6.pack
    log: logs/vg/giraffe_pack_ABOFRAM007301868101_6.log
    jobid: 1305
    reason: Missing output files: vg_map/ABOFRAM007301868101_6.pack; Input files updated by another job: vg_map/ABOFRAM007301868101_6_6.vg, vg_map/ABOFRAM007301868101_6_6.gam
    wildcards: sample=ABOFRAM007301868101, chr=6
    threads: 3
    resources: mem_mb=14305, mem_mib=7470, disk_mb=7832, disk_mib=7470, tmpdir=<TBD>, slurm_partition=workq, slurm_account=mnaji, mem=15GB, time=28800


        vg pack -x vg_map/ABOFRAM007301868101_6_6.vg -g vg_map/ABOFRAM007301868101_6_6.gam -Q 5 --threads 3 -o vg_map/ABOFRAM007301868101_6.pack
        
No wall time information given. This might or might not work on your cluster. If not, specify the resource runtime in your rule or as a reasonable default via --default-resources.
Job 1305 has been submitted with SLURM jobid 11147234 (log: /work/project/CASCAD/mnaji/sm_folder/results/.snakemake/slurm_logs/rule_giraffe_pack/ABOFRAM007301868101_6/11147234.log).
[Fri Sep 20 10:34:00 2024]
Finished job 825.
598 of 886 steps (67%) done
Removing temporary output vg_map/ABOFRAM000703115255_3_3.gam.
[Fri Sep 20 10:34:00 2024]
Finished job 810.
599 of 886 steps (68%) done
Removing temporary output vg_map/ABOFRAM000703115255_1_1.vg.
Removing temporary output vg_map/ABOFRAM000703115255_1.pack.
Removing temporary output vg_map/ABOFRAM000703115255_pt1.snarls.
Select jobs to execute...
Execute 1 jobs...

[Fri Sep 20 10:34:00 2024]
rule giraffe_call:
    input: vg_map/ABOFRAM000703115255_3_3.vg, vg_map/ABOFRAM000703115255_3.pack, vg_map/ABOFRAM000703115255_pt3.snarls
    output: vg_call/ABOFRAM000703115255_3.vcf
    log: logs/vg/giraffe_call_ABOFRAM000703115255_3.log
    jobid: 823
    reason: Missing output files: vg_call/ABOFRAM000703115255_3.vcf; Input files updated by another job: vg_map/ABOFRAM000703115255_3.pack, vg_map/ABOFRAM000703115255_pt3.snarls, vg_map/ABOFRAM000703115255_3_3.vg
    wildcards: sample=ABOFRAM000703115255, chr=3
    resources: mem_mb=11444, mem_mib=954, disk_mb=1000, disk_mib=954, tmpdir=<TBD>, slurm_partition=workq, slurm_account=mnaji, mem=12GB, time=28800


        vg call vg_map/ABOFRAM000703115255_3_3.vg -k vg_map/ABOFRAM000703115255_3.pack -r vg_map/ABOFRAM000703115255_pt3.snarls -s ABOFRAM000703115255 --threads 3 > vg_call/ABOFRAM000703115255_3.vcf 
        
No wall time information given. This might or might not work on your cluster. If not, specify the resource runtime in your rule or as a reasonable default via --default-resources.
Job 823 has been submitted with SLURM jobid 11147643 (log: /work/project/CASCAD/mnaji/sm_folder/results/.snakemake/slurm_logs/rule_giraffe_call/ABOFRAM000703115255_3/11147643.log).
[Fri Sep 20 10:36:30 2024]
Finished job 1356.
600 of 886 steps (68%) done
Select jobs to execute...
Execute 1 jobs...

[Fri Sep 20 10:36:30 2024]
rule giraffe_pack:
    input: vg_map/ABOFRAM007301868101_16_16.vg, vg_map/ABOFRAM007301868101_16_16.gam
    output: vg_map/ABOFRAM007301868101_16.pack
    log: logs/vg/giraffe_pack_ABOFRAM007301868101_16.log
    jobid: 1355
    reason: Missing output files: vg_map/ABOFRAM007301868101_16.pack; Input files updated by another job: vg_map/ABOFRAM007301868101_16_16.gam, vg_map/ABOFRAM007301868101_16_16.vg
    wildcards: sample=ABOFRAM007301868101, chr=16
    threads: 3
    resources: mem_mb=14305, mem_mib=5550, disk_mb=5819, disk_mib=5550, tmpdir=<TBD>, slurm_partition=workq, slurm_account=mnaji, mem=15GB, time=28800


        vg pack -x vg_map/ABOFRAM007301868101_16_16.vg -g vg_map/ABOFRAM007301868101_16_16.gam -Q 5 --threads 3 -o vg_map/ABOFRAM007301868101_16.pack
        
No wall time information given. This might or might not work on your cluster. If not, specify the resource runtime in your rule or as a reasonable default via --default-resources.
Job 1355 has been submitted with SLURM jobid 11147724 (log: /work/project/CASCAD/mnaji/sm_folder/results/.snakemake/slurm_logs/rule_giraffe_pack/ABOFRAM007301868101_16/11147724.log).
[Fri Sep 20 10:37:01 2024]
Finished job 1501.
601 of 886 steps (68%) done
[Fri Sep 20 10:37:01 2024]
Finished job 823.
602 of 886 steps (68%) done
Removing temporary output vg_map/ABOFRAM000703115255_3_3.vg.
Removing temporary output vg_map/ABOFRAM000703115255_3.pack.
Removing temporary output vg_map/ABOFRAM000703115255_pt3.snarls.
Select jobs to execute...
Execute 1 jobs...

[Fri Sep 20 10:37:01 2024]
rule giraffe_pack:
    input: vg_map/ABOFRAM007401840180_14_14.vg, vg_map/ABOFRAM007401840180_14_14.gam
    output: vg_map/ABOFRAM007401840180_14.pack
    log: logs/vg/giraffe_pack_ABOFRAM007401840180_14.log
    jobid: 1500
    reason: Missing output files: vg_map/ABOFRAM007401840180_14.pack; Input files updated by another job: vg_map/ABOFRAM007401840180_14_14.vg, vg_map/ABOFRAM007401840180_14_14.gam
    wildcards: sample=ABOFRAM007401840180, chr=14
    threads: 3
    resources: mem_mb=14305, mem_mib=5175, disk_mb=5426, disk_mib=5175, tmpdir=<TBD>, slurm_partition=workq, slurm_account=mnaji, mem=15GB, time=28800


        vg pack -x vg_map/ABOFRAM007401840180_14_14.vg -g vg_map/ABOFRAM007401840180_14_14.gam -Q 5 --threads 3 -o vg_map/ABOFRAM007401840180_14.pack
        
No wall time information given. This might or might not work on your cluster. If not, specify the resource runtime in your rule or as a reasonable default via --default-resources.
Job 1500 has been submitted with SLURM jobid 11147748 (log: /work/project/CASCAD/mnaji/sm_folder/results/.snakemake/slurm_logs/rule_giraffe_pack/ABOFRAM007401840180_14/11147748.log).
[Fri Sep 20 10:37:31 2024]
Finished job 1391.
603 of 886 steps (68%) done
Select jobs to execute...
Execute 1 jobs...

[Fri Sep 20 10:37:31 2024]
rule giraffe_pack:
    input: vg_map/ABOFRAM007301868101_23_23.vg, vg_map/ABOFRAM007301868101_23_23.gam
    output: vg_map/ABOFRAM007301868101_23.pack
    log: logs/vg/giraffe_pack_ABOFRAM007301868101_23.log
    jobid: 1390
    reason: Missing output files: vg_map/ABOFRAM007301868101_23.pack; Input files updated by another job: vg_map/ABOFRAM007301868101_23_23.vg, vg_map/ABOFRAM007301868101_23_23.gam
    wildcards: sample=ABOFRAM007301868101, chr=23
    threads: 3
    resources: mem_mb=14305, mem_mib=3275, disk_mb=3434, disk_mib=3275, tmpdir=<TBD>, slurm_partition=workq, slurm_account=mnaji, mem=15GB, time=28800


        vg pack -x vg_map/ABOFRAM007301868101_23_23.vg -g vg_map/ABOFRAM007301868101_23_23.gam -Q 5 --threads 3 -o vg_map/ABOFRAM007301868101_23.pack
        
No wall time information given. This might or might not work on your cluster. If not, specify the resource runtime in your rule or as a reasonable default via --default-resources.
Job 1390 has been submitted with SLURM jobid 11147753 (log: /work/project/CASCAD/mnaji/sm_folder/results/.snakemake/slurm_logs/rule_giraffe_pack/ABOFRAM007301868101_23/11147753.log).
[Fri Sep 20 10:37:41 2024]
Finished job 1278.
604 of 886 steps (68%) done
Select jobs to execute...
Execute 1 jobs...

[Fri Sep 20 10:37:41 2024]
rule giraffe_pack:
    input: vg_map/ABOFRAM007301868101_1_1.vg, vg_map/ABOFRAM007301868101_1_1.gam
    output: vg_map/ABOFRAM007301868101_1.pack
    log: logs/vg/giraffe_pack_ABOFRAM007301868101_1.log
    jobid: 1277
    reason: Missing output files: vg_map/ABOFRAM007301868101_1.pack; Input files updated by another job: vg_map/ABOFRAM007301868101_1_1.gam, vg_map/ABOFRAM007301868101_1_1.vg
    wildcards: sample=ABOFRAM007301868101, chr=1
    threads: 3
    resources: mem_mb=14305, mem_mib=7630, disk_mb=10340, disk_mib=9861, tmpdir=<TBD>, slurm_partition=workq, slurm_account=mnaji, mem=15GB, time=28800


        vg pack -x vg_map/ABOFRAM007301868101_1_1.vg -g vg_map/ABOFRAM007301868101_1_1.gam -Q 5 --threads 3 -o vg_map/ABOFRAM007301868101_1.pack
        
No wall time information given. This might or might not work on your cluster. If not, specify the resource runtime in your rule or as a reasonable default via --default-resources.
Job 1277 has been submitted with SLURM jobid 11147754 (log: /work/project/CASCAD/mnaji/sm_folder/results/.snakemake/slurm_logs/rule_giraffe_pack/ABOFRAM007301868101_1/11147754.log).
[Fri Sep 20 10:38:11 2024]
Finished job 1406.
605 of 886 steps (68%) done
Select jobs to execute...
Execute 1 jobs...

[Fri Sep 20 10:38:11 2024]
rule giraffe_pack:
    input: vg_map/ABOFRAM007301868101_26_26.vg, vg_map/ABOFRAM007301868101_26_26.gam
    output: vg_map/ABOFRAM007301868101_26.pack
    log: logs/vg/giraffe_pack_ABOFRAM007301868101_26.log
    jobid: 1405
    reason: Missing output files: vg_map/ABOFRAM007301868101_26.pack; Input files updated by another job: vg_map/ABOFRAM007301868101_26_26.vg, vg_map/ABOFRAM007301868101_26_26.gam
    wildcards: sample=ABOFRAM007301868101, chr=26
    threads: 3
    resources: mem_mb=14305, mem_mib=3045, disk_mb=3192, disk_mib=3045, tmpdir=<TBD>, slurm_partition=workq, slurm_account=mnaji, mem=15GB, time=28800


        vg pack -x vg_map/ABOFRAM007301868101_26_26.vg -g vg_map/ABOFRAM007301868101_26_26.gam -Q 5 --threads 3 -o vg_map/ABOFRAM007301868101_26.pack
        
No wall time information given. This might or might not work on your cluster. If not, specify the resource runtime in your rule or as a reasonable default via --default-resources.
Job 1405 has been submitted with SLURM jobid 11147756 (log: /work/project/CASCAD/mnaji/sm_folder/results/.snakemake/slurm_logs/rule_giraffe_pack/ABOFRAM007301868101_26/11147756.log).
[Fri Sep 20 10:38:41 2024]
Finished job 1351.
606 of 886 steps (68%) done
[Fri Sep 20 10:38:41 2024]
Finished job 1305.
607 of 886 steps (69%) done
Removing temporary output vg_map/ABOFRAM007301868101_6_6.gam.
Select jobs to execute...
Execute 2 jobs...

[Fri Sep 20 10:38:41 2024]
rule giraffe_pack:
    input: vg_map/ABOFRAM007301868101_15_15.vg, vg_map/ABOFRAM007301868101_15_15.gam
    output: vg_map/ABOFRAM007301868101_15.pack
    log: logs/vg/giraffe_pack_ABOFRAM007301868101_15.log
    jobid: 1350
    reason: Missing output files: vg_map/ABOFRAM007301868101_15.pack; Input files updated by another job: vg_map/ABOFRAM007301868101_15_15.gam, vg_map/ABOFRAM007301868101_15_15.vg
    wildcards: sample=ABOFRAM007301868101, chr=15
    threads: 3
    resources: mem_mb=14305, mem_mib=5716, disk_mb=5993, disk_mib=5716, tmpdir=<TBD>, slurm_partition=workq, slurm_account=mnaji, mem=15GB, time=28800


        vg pack -x vg_map/ABOFRAM007301868101_15_15.vg -g vg_map/ABOFRAM007301868101_15_15.gam -Q 5 --threads 3 -o vg_map/ABOFRAM007301868101_15.pack
        
No wall time information given. This might or might not work on your cluster. If not, specify the resource runtime in your rule or as a reasonable default via --default-resources.
Job 1350 has been submitted with SLURM jobid 11147758 (log: /work/project/CASCAD/mnaji/sm_folder/results/.snakemake/slurm_logs/rule_giraffe_pack/ABOFRAM007301868101_15/11147758.log).

[Fri Sep 20 10:38:42 2024]
rule giraffe_call:
    input: vg_map/ABOFRAM007301868101_6_6.vg, vg_map/ABOFRAM007301868101_6.pack, vg_map/ABOFRAM007301868101_pt6.snarls
    output: vg_call/ABOFRAM007301868101_6.vcf
    log: logs/vg/giraffe_call_ABOFRAM007301868101_6.log
    jobid: 1303
    reason: Missing output files: vg_call/ABOFRAM007301868101_6.vcf; Input files updated by another job: vg_map/ABOFRAM007301868101_6_6.vg, vg_map/ABOFRAM007301868101_pt6.snarls, vg_map/ABOFRAM007301868101_6.pack
    wildcards: sample=ABOFRAM007301868101, chr=6
    resources: mem_mb=11444, mem_mib=954, disk_mb=1000, disk_mib=954, tmpdir=<TBD>, slurm_partition=workq, slurm_account=mnaji, mem=12GB, time=28800


        vg call vg_map/ABOFRAM007301868101_6_6.vg -k vg_map/ABOFRAM007301868101_6.pack -r vg_map/ABOFRAM007301868101_pt6.snarls -s ABOFRAM007301868101 --threads 3 > vg_call/ABOFRAM007301868101_6.vcf 
        
No wall time information given. This might or might not work on your cluster. If not, specify the resource runtime in your rule or as a reasonable default via --default-resources.
Job 1303 has been submitted with SLURM jobid 11147759 (log: /work/project/CASCAD/mnaji/sm_folder/results/.snakemake/slurm_logs/rule_giraffe_call/ABOFRAM007301868101_6/11147759.log).
[Fri Sep 20 10:38:51 2024]
Finished job 1526.
608 of 886 steps (69%) done
[Fri Sep 20 10:38:51 2024]
Finished job 1390.
609 of 886 steps (69%) done
Removing temporary output vg_map/ABOFRAM007301868101_23_23.gam.
Select jobs to execute...
Execute 2 jobs...

[Fri Sep 20 10:38:51 2024]
rule giraffe_call:
    input: vg_map/ABOFRAM007301868101_23_23.vg, vg_map/ABOFRAM007301868101_23.pack, vg_map/ABOFRAM007301868101_pt23.snarls
    output: vg_call/ABOFRAM007301868101_23.vcf
    log: logs/vg/giraffe_call_ABOFRAM007301868101_23.log
    jobid: 1388
    reason: Missing output files: vg_call/ABOFRAM007301868101_23.vcf; Input files updated by another job: vg_map/ABOFRAM007301868101_23.pack, vg_map/ABOFRAM007301868101_23_23.vg, vg_map/ABOFRAM007301868101_pt23.snarls
    wildcards: sample=ABOFRAM007301868101, chr=23
    resources: mem_mb=11444, mem_mib=954, disk_mb=1000, disk_mib=954, tmpdir=<TBD>, slurm_partition=workq, slurm_account=mnaji, mem=12GB, time=28800


        vg call vg_map/ABOFRAM007301868101_23_23.vg -k vg_map/ABOFRAM007301868101_23.pack -r vg_map/ABOFRAM007301868101_pt23.snarls -s ABOFRAM007301868101 --threads 3 > vg_call/ABOFRAM007301868101_23.vcf 
        
No wall time information given. This might or might not work on your cluster. If not, specify the resource runtime in your rule or as a reasonable default via --default-resources.
Job 1388 has been submitted with SLURM jobid 11147760 (log: /work/project/CASCAD/mnaji/sm_folder/results/.snakemake/slurm_logs/rule_giraffe_call/ABOFRAM007301868101_23/11147760.log).

[Fri Sep 20 10:38:52 2024]
rule giraffe_pack:
    input: vg_map/ABOFRAM007401840180_19_19.vg, vg_map/ABOFRAM007401840180_19_19.gam
    output: vg_map/ABOFRAM007401840180_19.pack
    log: logs/vg/giraffe_pack_ABOFRAM007401840180_19.log
    jobid: 1525
    reason: Missing output files: vg_map/ABOFRAM007401840180_19.pack; Input files updated by another job: vg_map/ABOFRAM007401840180_19_19.gam, vg_map/ABOFRAM007401840180_19_19.vg
    wildcards: sample=ABOFRAM007401840180, chr=19
    threads: 3
    resources: mem_mb=14305, mem_mib=7630, disk_mb=8689, disk_mib=8287, tmpdir=<TBD>, slurm_partition=workq, slurm_account=mnaji, mem=15GB, time=28800


        vg pack -x vg_map/ABOFRAM007401840180_19_19.vg -g vg_map/ABOFRAM007401840180_19_19.gam -Q 5 --threads 3 -o vg_map/ABOFRAM007401840180_19.pack
        
No wall time information given. This might or might not work on your cluster. If not, specify the resource runtime in your rule or as a reasonable default via --default-resources.
Job 1525 has been submitted with SLURM jobid 11147761 (log: /work/project/CASCAD/mnaji/sm_folder/results/.snakemake/slurm_logs/rule_giraffe_pack/ABOFRAM007401840180_19/11147761.log).
[Fri Sep 20 10:39:22 2024]
Finished job 1355.
610 of 886 steps (69%) done
Removing temporary output vg_map/ABOFRAM007301868101_16_16.gam.
[Fri Sep 20 10:39:22 2024]
Finished job 1500.
611 of 886 steps (69%) done
Removing temporary output vg_map/ABOFRAM007401840180_14_14.gam.
Select jobs to execute...
Execute 2 jobs...

[Fri Sep 20 10:39:22 2024]
rule giraffe_call:
    input: vg_map/ABOFRAM007401840180_14_14.vg, vg_map/ABOFRAM007401840180_14.pack, vg_map/ABOFRAM007401840180_pt14.snarls
    output: vg_call/ABOFRAM007401840180_14.vcf
    log: logs/vg/giraffe_call_ABOFRAM007401840180_14.log
    jobid: 1498
    reason: Missing output files: vg_call/ABOFRAM007401840180_14.vcf; Input files updated by another job: vg_map/ABOFRAM007401840180_14_14.vg, vg_map/ABOFRAM007401840180_pt14.snarls, vg_map/ABOFRAM007401840180_14.pack
    wildcards: sample=ABOFRAM007401840180, chr=14
    resources: mem_mb=11444, mem_mib=954, disk_mb=1000, disk_mib=954, tmpdir=<TBD>, slurm_partition=workq, slurm_account=mnaji, mem=12GB, time=28800


        vg call vg_map/ABOFRAM007401840180_14_14.vg -k vg_map/ABOFRAM007401840180_14.pack -r vg_map/ABOFRAM007401840180_pt14.snarls -s ABOFRAM007401840180 --threads 3 > vg_call/ABOFRAM007401840180_14.vcf 
        
No wall time information given. This might or might not work on your cluster. If not, specify the resource runtime in your rule or as a reasonable default via --default-resources.
Job 1498 has been submitted with SLURM jobid 11147763 (log: /work/project/CASCAD/mnaji/sm_folder/results/.snakemake/slurm_logs/rule_giraffe_call/ABOFRAM007401840180_14/11147763.log).

[Fri Sep 20 10:39:22 2024]
rule giraffe_call:
    input: vg_map/ABOFRAM007301868101_16_16.vg, vg_map/ABOFRAM007301868101_16.pack, vg_map/ABOFRAM007301868101_pt16.snarls
    output: vg_call/ABOFRAM007301868101_16.vcf
    log: logs/vg/giraffe_call_ABOFRAM007301868101_16.log
    jobid: 1353
    reason: Missing output files: vg_call/ABOFRAM007301868101_16.vcf; Input files updated by another job: vg_map/ABOFRAM007301868101_16_16.vg, vg_map/ABOFRAM007301868101_pt16.snarls, vg_map/ABOFRAM007301868101_16.pack
    wildcards: sample=ABOFRAM007301868101, chr=16
    resources: mem_mb=11444, mem_mib=954, disk_mb=1000, disk_mib=954, tmpdir=<TBD>, slurm_partition=workq, slurm_account=mnaji, mem=12GB, time=28800


        vg call vg_map/ABOFRAM007301868101_16_16.vg -k vg_map/ABOFRAM007301868101_16.pack -r vg_map/ABOFRAM007301868101_pt16.snarls -s ABOFRAM007301868101 --threads 3 > vg_call/ABOFRAM007301868101_16.vcf 
        
No wall time information given. This might or might not work on your cluster. If not, specify the resource runtime in your rule or as a reasonable default via --default-resources.
Job 1353 has been submitted with SLURM jobid 11147764 (log: /work/project/CASCAD/mnaji/sm_folder/results/.snakemake/slurm_logs/rule_giraffe_call/ABOFRAM007301868101_16/11147764.log).
[Fri Sep 20 10:40:22 2024]
Finished job 1405.
612 of 886 steps (69%) done
Removing temporary output vg_map/ABOFRAM007301868101_26_26.gam.
Select jobs to execute...
Execute 1 jobs...

[Fri Sep 20 10:40:22 2024]
rule giraffe_call:
    input: vg_map/ABOFRAM007301868101_26_26.vg, vg_map/ABOFRAM007301868101_26.pack, vg_map/ABOFRAM007301868101_pt26.snarls
    output: vg_call/ABOFRAM007301868101_26.vcf
    log: logs/vg/giraffe_call_ABOFRAM007301868101_26.log
    jobid: 1403
    reason: Missing output files: vg_call/ABOFRAM007301868101_26.vcf; Input files updated by another job: vg_map/ABOFRAM007301868101_26_26.vg, vg_map/ABOFRAM007301868101_pt26.snarls, vg_map/ABOFRAM007301868101_26.pack
    wildcards: sample=ABOFRAM007301868101, chr=26
    resources: mem_mb=11444, mem_mib=954, disk_mb=1000, disk_mib=954, tmpdir=<TBD>, slurm_partition=workq, slurm_account=mnaji, mem=12GB, time=28800


        vg call vg_map/ABOFRAM007301868101_26_26.vg -k vg_map/ABOFRAM007301868101_26.pack -r vg_map/ABOFRAM007301868101_pt26.snarls -s ABOFRAM007301868101 --threads 3 > vg_call/ABOFRAM007301868101_26.vcf 
        
No wall time information given. This might or might not work on your cluster. If not, specify the resource runtime in your rule or as a reasonable default via --default-resources.
Job 1403 has been submitted with SLURM jobid 11147791 (log: /work/project/CASCAD/mnaji/sm_folder/results/.snakemake/slurm_logs/rule_giraffe_call/ABOFRAM007301868101_26/11147791.log).
[Fri Sep 20 10:40:32 2024]
Finished job 1388.
613 of 886 steps (69%) done
Removing temporary output vg_map/ABOFRAM007301868101_23_23.vg.
Removing temporary output vg_map/ABOFRAM007301868101_23.pack.
Removing temporary output vg_map/ABOFRAM007301868101_pt23.snarls.
[Fri Sep 20 10:41:02 2024]
Finished job 1301.
614 of 886 steps (69%) done
[Fri Sep 20 10:41:02 2024]
Finished job 1350.
615 of 886 steps (69%) done
Removing temporary output vg_map/ABOFRAM007301868101_15_15.gam.
[Fri Sep 20 10:41:02 2024]
Finished job 1525.
616 of 886 steps (70%) done
Removing temporary output vg_map/ABOFRAM007401840180_19_19.gam.
Select jobs to execute...
Execute 3 jobs...

[Fri Sep 20 10:41:02 2024]
rule giraffe_call:
    input: vg_map/ABOFRAM007401840180_19_19.vg, vg_map/ABOFRAM007401840180_19.pack, vg_map/ABOFRAM007401840180_pt19.snarls
    output: vg_call/ABOFRAM007401840180_19.vcf
    log: logs/vg/giraffe_call_ABOFRAM007401840180_19.log
    jobid: 1523
    reason: Missing output files: vg_call/ABOFRAM007401840180_19.vcf; Input files updated by another job: vg_map/ABOFRAM007401840180_pt19.snarls, vg_map/ABOFRAM007401840180_19.pack, vg_map/ABOFRAM007401840180_19_19.vg
    wildcards: sample=ABOFRAM007401840180, chr=19
    resources: mem_mb=11444, mem_mib=954, disk_mb=1000, disk_mib=954, tmpdir=<TBD>, slurm_partition=workq, slurm_account=mnaji, mem=12GB, time=28800


        vg call vg_map/ABOFRAM007401840180_19_19.vg -k vg_map/ABOFRAM007401840180_19.pack -r vg_map/ABOFRAM007401840180_pt19.snarls -s ABOFRAM007401840180 --threads 3 > vg_call/ABOFRAM007401840180_19.vcf 
        
No wall time information given. This might or might not work on your cluster. If not, specify the resource runtime in your rule or as a reasonable default via --default-resources.
Job 1523 has been submitted with SLURM jobid 11147792 (log: /work/project/CASCAD/mnaji/sm_folder/results/.snakemake/slurm_logs/rule_giraffe_call/ABOFRAM007401840180_19/11147792.log).

[Fri Sep 20 10:41:02 2024]
rule giraffe_pack:
    input: vg_map/ABOFRAM007301868101_5_5.vg, vg_map/ABOFRAM007301868101_5_5.gam
    output: vg_map/ABOFRAM007301868101_5.pack
    log: logs/vg/giraffe_pack_ABOFRAM007301868101_5.log
    jobid: 1300
    reason: Missing output files: vg_map/ABOFRAM007301868101_5.pack; Input files updated by another job: vg_map/ABOFRAM007301868101_5_5.gam, vg_map/ABOFRAM007301868101_5_5.vg
    wildcards: sample=ABOFRAM007301868101, chr=5
    threads: 3
    resources: mem_mb=14305, mem_mib=7099, disk_mb=7443, disk_mib=7099, tmpdir=<TBD>, slurm_partition=workq, slurm_account=mnaji, mem=15GB, time=28800


        vg pack -x vg_map/ABOFRAM007301868101_5_5.vg -g vg_map/ABOFRAM007301868101_5_5.gam -Q 5 --threads 3 -o vg_map/ABOFRAM007301868101_5.pack
        
No wall time information given. This might or might not work on your cluster. If not, specify the resource runtime in your rule or as a reasonable default via --default-resources.
Job 1300 has been submitted with SLURM jobid 11147793 (log: /work/project/CASCAD/mnaji/sm_folder/results/.snakemake/slurm_logs/rule_giraffe_pack/ABOFRAM007301868101_5/11147793.log).

[Fri Sep 20 10:41:03 2024]
rule giraffe_call:
    input: vg_map/ABOFRAM007301868101_15_15.vg, vg_map/ABOFRAM007301868101_15.pack, vg_map/ABOFRAM007301868101_pt15.snarls
    output: vg_call/ABOFRAM007301868101_15.vcf
    log: logs/vg/giraffe_call_ABOFRAM007301868101_15.log
    jobid: 1348
    reason: Missing output files: vg_call/ABOFRAM007301868101_15.vcf; Input files updated by another job: vg_map/ABOFRAM007301868101_pt15.snarls, vg_map/ABOFRAM007301868101_15.pack, vg_map/ABOFRAM007301868101_15_15.vg
    wildcards: sample=ABOFRAM007301868101, chr=15
    resources: mem_mb=11444, mem_mib=954, disk_mb=1000, disk_mib=954, tmpdir=<TBD>, slurm_partition=workq, slurm_account=mnaji, mem=12GB, time=28800


        vg call vg_map/ABOFRAM007301868101_15_15.vg -k vg_map/ABOFRAM007301868101_15.pack -r vg_map/ABOFRAM007301868101_pt15.snarls -s ABOFRAM007301868101 --threads 3 > vg_call/ABOFRAM007301868101_15.vcf 
        
No wall time information given. This might or might not work on your cluster. If not, specify the resource runtime in your rule or as a reasonable default via --default-resources.
Job 1348 has been submitted with SLURM jobid 11147794 (log: /work/project/CASCAD/mnaji/sm_folder/results/.snakemake/slurm_logs/rule_giraffe_call/ABOFRAM007301868101_15/11147794.log).
[Fri Sep 20 10:41:12 2024]
Finished job 1303.
617 of 886 steps (70%) done
Removing temporary output vg_map/ABOFRAM007301868101_6_6.vg.
Removing temporary output vg_map/ABOFRAM007301868101_6.pack.
Removing temporary output vg_map/ABOFRAM007301868101_pt6.snarls.
[Fri Sep 20 10:41:42 2024]
Finished job 1498.
618 of 886 steps (70%) done
Removing temporary output vg_map/ABOFRAM007401840180_14_14.vg.
Removing temporary output vg_map/ABOFRAM007401840180_14.pack.
Removing temporary output vg_map/ABOFRAM007401840180_pt14.snarls.
[Fri Sep 20 10:41:42 2024]
Finished job 1353.
619 of 886 steps (70%) done
Removing temporary output vg_map/ABOFRAM007301868101_16_16.vg.
Removing temporary output vg_map/ABOFRAM007301868101_16.pack.
Removing temporary output vg_map/ABOFRAM007301868101_pt16.snarls.
[Fri Sep 20 10:41:53 2024]
Finished job 1277.
620 of 886 steps (70%) done
Removing temporary output vg_map/ABOFRAM007301868101_1_1.gam.
[Fri Sep 20 10:41:53 2024]
Finished job 1403.
621 of 886 steps (70%) done
Removing temporary output vg_map/ABOFRAM007301868101_26_26.vg.
Removing temporary output vg_map/ABOFRAM007301868101_26.pack.
Removing temporary output vg_map/ABOFRAM007301868101_pt26.snarls.
Select jobs to execute...
Execute 1 jobs...

[Fri Sep 20 10:41:53 2024]
rule giraffe_call:
    input: vg_map/ABOFRAM007301868101_1_1.vg, vg_map/ABOFRAM007301868101_1.pack, vg_map/ABOFRAM007301868101_pt1.snarls
    output: vg_call/ABOFRAM007301868101_1.vcf
    log: logs/vg/giraffe_call_ABOFRAM007301868101_1.log
    jobid: 1275
    reason: Missing output files: vg_call/ABOFRAM007301868101_1.vcf; Input files updated by another job: vg_map/ABOFRAM007301868101_pt1.snarls, vg_map/ABOFRAM007301868101_1.pack, vg_map/ABOFRAM007301868101_1_1.vg
    wildcards: sample=ABOFRAM007301868101, chr=1
    resources: mem_mb=11444, mem_mib=954, disk_mb=1000, disk_mib=954, tmpdir=<TBD>, slurm_partition=workq, slurm_account=mnaji, mem=12GB, time=28800


        vg call vg_map/ABOFRAM007301868101_1_1.vg -k vg_map/ABOFRAM007301868101_1.pack -r vg_map/ABOFRAM007301868101_pt1.snarls -s ABOFRAM007301868101 --threads 3 > vg_call/ABOFRAM007301868101_1.vcf 
        
No wall time information given. This might or might not work on your cluster. If not, specify the resource runtime in your rule or as a reasonable default via --default-resources.
Job 1275 has been submitted with SLURM jobid 11147795 (log: /work/project/CASCAD/mnaji/sm_folder/results/.snakemake/slurm_logs/rule_giraffe_call/ABOFRAM007301868101_1/11147795.log).
[Fri Sep 20 10:42:53 2024]
Finished job 986.
622 of 886 steps (70%) done
[Fri Sep 20 10:42:53 2024]
Finished job 1523.
623 of 886 steps (70%) done
Removing temporary output vg_map/ABOFRAM007401840180_19_19.vg.
Removing temporary output vg_map/ABOFRAM007401840180_19.pack.
Removing temporary output vg_map/ABOFRAM007401840180_pt19.snarls.
Select jobs to execute...
Execute 1 jobs...

[Fri Sep 20 10:42:53 2024]
rule giraffe_pack:
    input: vg_map/ABOFRAM000707401531_4_4.vg, vg_map/ABOFRAM000707401531_4_4.gam
    output: vg_map/ABOFRAM000707401531_4.pack
    log: logs/vg/giraffe_pack_ABOFRAM000707401531_4.log
    jobid: 985
    reason: Missing output files: vg_map/ABOFRAM000707401531_4.pack; Input files updated by another job: vg_map/ABOFRAM000707401531_4_4.gam, vg_map/ABOFRAM000707401531_4_4.vg
    wildcards: sample=ABOFRAM000707401531, chr=4
    threads: 3
    resources: mem_mb=14305, mem_mib=7630, disk_mb=8376, disk_mib=7988, tmpdir=<TBD>, slurm_partition=workq, slurm_account=mnaji, mem=15GB, time=28800


        vg pack -x vg_map/ABOFRAM000707401531_4_4.vg -g vg_map/ABOFRAM000707401531_4_4.gam -Q 5 --threads 3 -o vg_map/ABOFRAM000707401531_4.pack
        
No wall time information given. This might or might not work on your cluster. If not, specify the resource runtime in your rule or as a reasonable default via --default-resources.
Job 985 has been submitted with SLURM jobid 11148020 (log: /work/project/CASCAD/mnaji/sm_folder/results/.snakemake/slurm_logs/rule_giraffe_pack/ABOFRAM000707401531_4/11148020.log).
[Fri Sep 20 10:43:03 2024]
Finished job 1348.
624 of 886 steps (70%) done
Removing temporary output vg_map/ABOFRAM007301868101_15_15.vg.
Removing temporary output vg_map/ABOFRAM007301868101_15.pack.
Removing temporary output vg_map/ABOFRAM007301868101_pt15.snarls.
[Fri Sep 20 10:43:33 2024]
Finished job 1011.
625 of 886 steps (71%) done
[Fri Sep 20 10:43:33 2024]
Finished job 1111.
626 of 886 steps (71%) done
Select jobs to execute...
Execute 2 jobs...

[Fri Sep 20 10:43:33 2024]
rule giraffe_pack:
    input: vg_map/ABOFRAM000707401531_9_9.vg, vg_map/ABOFRAM000707401531_9_9.gam
    output: vg_map/ABOFRAM000707401531_9.pack
    log: logs/vg/giraffe_pack_ABOFRAM000707401531_9.log
    jobid: 1010
    reason: Missing output files: vg_map/ABOFRAM000707401531_9.pack; Input files updated by another job: vg_map/ABOFRAM000707401531_9_9.gam, vg_map/ABOFRAM000707401531_9_9.vg
    wildcards: sample=ABOFRAM000707401531, chr=9
    threads: 3
    resources: mem_mb=14305, mem_mib=6471, disk_mb=6785, disk_mib=6471, tmpdir=<TBD>, slurm_partition=workq, slurm_account=mnaji, mem=15GB, time=28800


        vg pack -x vg_map/ABOFRAM000707401531_9_9.vg -g vg_map/ABOFRAM000707401531_9_9.gam -Q 5 --threads 3 -o vg_map/ABOFRAM000707401531_9.pack
        
No wall time information given. This might or might not work on your cluster. If not, specify the resource runtime in your rule or as a reasonable default via --default-resources.
Job 1010 has been submitted with SLURM jobid 11148021 (log: /work/project/CASCAD/mnaji/sm_folder/results/.snakemake/slurm_logs/rule_giraffe_pack/ABOFRAM000707401531_9/11148021.log).

[Fri Sep 20 10:43:33 2024]
rule giraffe_pack:
    input: vg_map/ABOFRAM000707401531_29_29.vg, vg_map/ABOFRAM000707401531_29_29.gam
    output: vg_map/ABOFRAM000707401531_29.pack
    log: logs/vg/giraffe_pack_ABOFRAM000707401531_29.log
    jobid: 1110
    reason: Missing output files: vg_map/ABOFRAM000707401531_29.pack; Input files updated by another job: vg_map/ABOFRAM000707401531_29_29.vg, vg_map/ABOFRAM000707401531_29_29.gam
    wildcards: sample=ABOFRAM000707401531, chr=29
    threads: 3
    resources: mem_mb=14305, mem_mib=3579, disk_mb=3752, disk_mib=3579, tmpdir=<TBD>, slurm_partition=workq, slurm_account=mnaji, mem=15GB, time=28800


        vg pack -x vg_map/ABOFRAM000707401531_29_29.vg -g vg_map/ABOFRAM000707401531_29_29.gam -Q 5 --threads 3 -o vg_map/ABOFRAM000707401531_29.pack
        
No wall time information given. This might or might not work on your cluster. If not, specify the resource runtime in your rule or as a reasonable default via --default-resources.
Job 1110 has been submitted with SLURM jobid 11148022 (log: /work/project/CASCAD/mnaji/sm_folder/results/.snakemake/slurm_logs/rule_giraffe_pack/ABOFRAM000707401531_29/11148022.log).
[Fri Sep 20 10:43:43 2024]
Finished job 1300.
627 of 886 steps (71%) done
Removing temporary output vg_map/ABOFRAM007301868101_5_5.gam.
Select jobs to execute...
Execute 1 jobs...

[Fri Sep 20 10:43:43 2024]
rule giraffe_call:
    input: vg_map/ABOFRAM007301868101_5_5.vg, vg_map/ABOFRAM007301868101_5.pack, vg_map/ABOFRAM007301868101_pt5.snarls
    output: vg_call/ABOFRAM007301868101_5.vcf
    log: logs/vg/giraffe_call_ABOFRAM007301868101_5.log
    jobid: 1298
    reason: Missing output files: vg_call/ABOFRAM007301868101_5.vcf; Input files updated by another job: vg_map/ABOFRAM007301868101_pt5.snarls, vg_map/ABOFRAM007301868101_5_5.vg, vg_map/ABOFRAM007301868101_5.pack
    wildcards: sample=ABOFRAM007301868101, chr=5
    resources: mem_mb=11444, mem_mib=954, disk_mb=1000, disk_mib=954, tmpdir=<TBD>, slurm_partition=workq, slurm_account=mnaji, mem=12GB, time=28800


        vg call vg_map/ABOFRAM007301868101_5_5.vg -k vg_map/ABOFRAM007301868101_5.pack -r vg_map/ABOFRAM007301868101_pt5.snarls -s ABOFRAM007301868101 --threads 3 > vg_call/ABOFRAM007301868101_5.vcf 
        
No wall time information given. This might or might not work on your cluster. If not, specify the resource runtime in your rule or as a reasonable default via --default-resources.
Job 1298 has been submitted with SLURM jobid 11148023 (log: /work/project/CASCAD/mnaji/sm_folder/results/.snakemake/slurm_logs/rule_giraffe_call/ABOFRAM007301868101_5/11148023.log).
[Fri Sep 20 10:44:13 2024]
Finished job 1066.
628 of 886 steps (71%) done
Select jobs to execute...
Execute 1 jobs...

[Fri Sep 20 10:44:13 2024]
rule giraffe_pack:
    input: vg_map/ABOFRAM000707401531_20_20.vg, vg_map/ABOFRAM000707401531_20_20.gam
    output: vg_map/ABOFRAM000707401531_20.pack
    log: logs/vg/giraffe_pack_ABOFRAM000707401531_20.log
    jobid: 1065
    reason: Missing output files: vg_map/ABOFRAM000707401531_20.pack; Input files updated by another job: vg_map/ABOFRAM000707401531_20_20.vg, vg_map/ABOFRAM000707401531_20_20.gam
    wildcards: sample=ABOFRAM000707401531, chr=20
    threads: 3
    resources: mem_mb=14305, mem_mib=4348, disk_mb=4559, disk_mib=4348, tmpdir=<TBD>, slurm_partition=workq, slurm_account=mnaji, mem=15GB, time=28800


        vg pack -x vg_map/ABOFRAM000707401531_20_20.vg -g vg_map/ABOFRAM000707401531_20_20.gam -Q 5 --threads 3 -o vg_map/ABOFRAM000707401531_20.pack
        
No wall time information given. This might or might not work on your cluster. If not, specify the resource runtime in your rule or as a reasonable default via --default-resources.
Job 1065 has been submitted with SLURM jobid 11148024 (log: /work/project/CASCAD/mnaji/sm_folder/results/.snakemake/slurm_logs/rule_giraffe_pack/ABOFRAM000707401531_20/11148024.log).
[Fri Sep 20 10:44:24 2024]
Finished job 1376.
629 of 886 steps (71%) done
Select jobs to execute...
Execute 1 jobs...

[Fri Sep 20 10:44:24 2024]
rule giraffe_pack:
    input: vg_map/ABOFRAM007301868101_20_20.vg, vg_map/ABOFRAM007301868101_20_20.gam
    output: vg_map/ABOFRAM007301868101_20.pack
    log: logs/vg/giraffe_pack_ABOFRAM007301868101_20.log
    jobid: 1375
    reason: Missing output files: vg_map/ABOFRAM007301868101_20.pack; Input files updated by another job: vg_map/ABOFRAM007301868101_20_20.gam, vg_map/ABOFRAM007301868101_20_20.vg
    wildcards: sample=ABOFRAM007301868101, chr=20
    threads: 3
    resources: mem_mb=14305, mem_mib=4064, disk_mb=4261, disk_mib=4064, tmpdir=<TBD>, slurm_partition=workq, slurm_account=mnaji, mem=15GB, time=28800


        vg pack -x vg_map/ABOFRAM007301868101_20_20.vg -g vg_map/ABOFRAM007301868101_20_20.gam -Q 5 --threads 3 -o vg_map/ABOFRAM007301868101_20.pack
        
No wall time information given. This might or might not work on your cluster. If not, specify the resource runtime in your rule or as a reasonable default via --default-resources.
Job 1375 has been submitted with SLURM jobid 11148025 (log: /work/project/CASCAD/mnaji/sm_folder/results/.snakemake/slurm_logs/rule_giraffe_pack/ABOFRAM007301868101_20/11148025.log).
[Fri Sep 20 10:44:54 2024]
Finished job 1110.
630 of 886 steps (71%) done
Removing temporary output vg_map/ABOFRAM000707401531_29_29.gam.
Select jobs to execute...
Execute 1 jobs...

[Fri Sep 20 10:44:54 2024]
rule giraffe_call:
    input: vg_map/ABOFRAM000707401531_29_29.vg, vg_map/ABOFRAM000707401531_29.pack, vg_map/ABOFRAM000707401531_pt29.snarls
    output: vg_call/ABOFRAM000707401531_29.vcf
    log: logs/vg/giraffe_call_ABOFRAM000707401531_29.log
    jobid: 1108
    reason: Missing output files: vg_call/ABOFRAM000707401531_29.vcf; Input files updated by another job: vg_map/ABOFRAM000707401531_29_29.vg, vg_map/ABOFRAM000707401531_29.pack, vg_map/ABOFRAM000707401531_pt29.snarls
    wildcards: sample=ABOFRAM000707401531, chr=29
    resources: mem_mb=11444, mem_mib=954, disk_mb=1000, disk_mib=954, tmpdir=<TBD>, slurm_partition=workq, slurm_account=mnaji, mem=12GB, time=28800


        vg call vg_map/ABOFRAM000707401531_29_29.vg -k vg_map/ABOFRAM000707401531_29.pack -r vg_map/ABOFRAM000707401531_pt29.snarls -s ABOFRAM000707401531 --threads 3 > vg_call/ABOFRAM000707401531_29.vcf 
        
No wall time information given. This might or might not work on your cluster. If not, specify the resource runtime in your rule or as a reasonable default via --default-resources.
Job 1108 has been submitted with SLURM jobid 11148026 (log: /work/project/CASCAD/mnaji/sm_folder/results/.snakemake/slurm_logs/rule_giraffe_call/ABOFRAM000707401531_29/11148026.log).
[Fri Sep 20 10:45:24 2024]
Finished job 1275.
631 of 886 steps (71%) done
Removing temporary output vg_map/ABOFRAM007301868101_1_1.vg.
Removing temporary output vg_map/ABOFRAM007301868101_1.pack.
Removing temporary output vg_map/ABOFRAM007301868101_pt1.snarls.
[Fri Sep 20 10:45:54 2024]
Finished job 968.
632 of 886 steps (71%) done
[Fri Sep 20 10:45:54 2024]
Finished job 985.
633 of 886 steps (71%) done
Removing temporary output vg_map/ABOFRAM000707401531_4_4.gam.
Select jobs to execute...
Execute 2 jobs...

[Fri Sep 20 10:45:54 2024]
rule giraffe_call:
    input: vg_map/ABOFRAM000707401531_4_4.vg, vg_map/ABOFRAM000707401531_4.pack, vg_map/ABOFRAM000707401531_pt4.snarls
    output: vg_call/ABOFRAM000707401531_4.vcf
    log: logs/vg/giraffe_call_ABOFRAM000707401531_4.log
    jobid: 983
    reason: Missing output files: vg_call/ABOFRAM000707401531_4.vcf; Input files updated by another job: vg_map/ABOFRAM000707401531_4.pack, vg_map/ABOFRAM000707401531_4_4.vg, vg_map/ABOFRAM000707401531_pt4.snarls
    wildcards: sample=ABOFRAM000707401531, chr=4
    resources: mem_mb=11444, mem_mib=954, disk_mb=1000, disk_mib=954, tmpdir=<TBD>, slurm_partition=workq, slurm_account=mnaji, mem=12GB, time=28800


        vg call vg_map/ABOFRAM000707401531_4_4.vg -k vg_map/ABOFRAM000707401531_4.pack -r vg_map/ABOFRAM000707401531_pt4.snarls -s ABOFRAM000707401531 --threads 3 > vg_call/ABOFRAM000707401531_4.vcf 
        
No wall time information given. This might or might not work on your cluster. If not, specify the resource runtime in your rule or as a reasonable default via --default-resources.
Job 983 has been submitted with SLURM jobid 11148174 (log: /work/project/CASCAD/mnaji/sm_folder/results/.snakemake/slurm_logs/rule_giraffe_call/ABOFRAM000707401531_4/11148174.log).

[Fri Sep 20 10:45:54 2024]
rule giraffe_pack:
    input: vg_map/ABOFRAM000707401531_1_1.vg, vg_map/ABOFRAM000707401531_1_1.gam
    output: vg_map/ABOFRAM000707401531_1.pack
    log: logs/vg/giraffe_pack_ABOFRAM000707401531_1.log
    jobid: 967
    reason: Missing output files: vg_map/ABOFRAM000707401531_1.pack; Input files updated by another job: vg_map/ABOFRAM000707401531_1_1.vg, vg_map/ABOFRAM000707401531_1_1.gam
    wildcards: sample=ABOFRAM000707401531, chr=1
    threads: 3
    resources: mem_mb=14305, mem_mib=7630, disk_mb=11050, disk_mib=10539, tmpdir=<TBD>, slurm_partition=workq, slurm_account=mnaji, mem=15GB, time=28800


        vg pack -x vg_map/ABOFRAM000707401531_1_1.vg -g vg_map/ABOFRAM000707401531_1_1.gam -Q 5 --threads 3 -o vg_map/ABOFRAM000707401531_1.pack
        
No wall time information given. This might or might not work on your cluster. If not, specify the resource runtime in your rule or as a reasonable default via --default-resources.
Job 967 has been submitted with SLURM jobid 11148175 (log: /work/project/CASCAD/mnaji/sm_folder/results/.snakemake/slurm_logs/rule_giraffe_pack/ABOFRAM000707401531_1/11148175.log).
[Fri Sep 20 10:46:04 2024]
Finished job 1296.
634 of 886 steps (72%) done
[Fri Sep 20 10:46:04 2024]
Finished job 1065.
635 of 886 steps (72%) done
Removing temporary output vg_map/ABOFRAM000707401531_20_20.gam.
[Fri Sep 20 10:46:04 2024]
Finished job 1375.
636 of 886 steps (72%) done
Removing temporary output vg_map/ABOFRAM007301868101_20_20.gam.
Select jobs to execute...
Execute 3 jobs...

[Fri Sep 20 10:46:04 2024]
rule giraffe_call:
    input: vg_map/ABOFRAM007301868101_20_20.vg, vg_map/ABOFRAM007301868101_20.pack, vg_map/ABOFRAM007301868101_pt20.snarls
    output: vg_call/ABOFRAM007301868101_20.vcf
    log: logs/vg/giraffe_call_ABOFRAM007301868101_20.log
    jobid: 1373
    reason: Missing output files: vg_call/ABOFRAM007301868101_20.vcf; Input files updated by another job: vg_map/ABOFRAM007301868101_pt20.snarls, vg_map/ABOFRAM007301868101_20_20.vg, vg_map/ABOFRAM007301868101_20.pack
    wildcards: sample=ABOFRAM007301868101, chr=20
    resources: mem_mb=11444, mem_mib=954, disk_mb=1000, disk_mib=954, tmpdir=<TBD>, slurm_partition=workq, slurm_account=mnaji, mem=12GB, time=28800


        vg call vg_map/ABOFRAM007301868101_20_20.vg -k vg_map/ABOFRAM007301868101_20.pack -r vg_map/ABOFRAM007301868101_pt20.snarls -s ABOFRAM007301868101 --threads 3 > vg_call/ABOFRAM007301868101_20.vcf 
        
No wall time information given. This might or might not work on your cluster. If not, specify the resource runtime in your rule or as a reasonable default via --default-resources.
Job 1373 has been submitted with SLURM jobid 11148269 (log: /work/project/CASCAD/mnaji/sm_folder/results/.snakemake/slurm_logs/rule_giraffe_call/ABOFRAM007301868101_20/11148269.log).

[Fri Sep 20 10:46:05 2024]
rule giraffe_pack:
    input: vg_map/ABOFRAM007301868101_4_4.vg, vg_map/ABOFRAM007301868101_4_4.gam
    output: vg_map/ABOFRAM007301868101_4.pack
    log: logs/vg/giraffe_pack_ABOFRAM007301868101_4.log
    jobid: 1295
    reason: Missing output files: vg_map/ABOFRAM007301868101_4.pack; Input files updated by another job: vg_map/ABOFRAM007301868101_4_4.gam, vg_map/ABOFRAM007301868101_4_4.vg
    wildcards: sample=ABOFRAM007301868101, chr=4
    threads: 3
    resources: mem_mb=14305, mem_mib=7444, disk_mb=7805, disk_mib=7444, tmpdir=<TBD>, slurm_partition=workq, slurm_account=mnaji, mem=15GB, time=28800


        vg pack -x vg_map/ABOFRAM007301868101_4_4.vg -g vg_map/ABOFRAM007301868101_4_4.gam -Q 5 --threads 3 -o vg_map/ABOFRAM007301868101_4.pack
        
No wall time information given. This might or might not work on your cluster. If not, specify the resource runtime in your rule or as a reasonable default via --default-resources.
Job 1295 has been submitted with SLURM jobid 11148270 (log: /work/project/CASCAD/mnaji/sm_folder/results/.snakemake/slurm_logs/rule_giraffe_pack/ABOFRAM007301868101_4/11148270.log).

[Fri Sep 20 10:46:05 2024]
rule giraffe_call:
    input: vg_map/ABOFRAM000707401531_20_20.vg, vg_map/ABOFRAM000707401531_20.pack, vg_map/ABOFRAM000707401531_pt20.snarls
    output: vg_call/ABOFRAM000707401531_20.vcf
    log: logs/vg/giraffe_call_ABOFRAM000707401531_20.log
    jobid: 1063
    reason: Missing output files: vg_call/ABOFRAM000707401531_20.vcf; Input files updated by another job: vg_map/ABOFRAM000707401531_20_20.vg, vg_map/ABOFRAM000707401531_pt20.snarls, vg_map/ABOFRAM000707401531_20.pack
    wildcards: sample=ABOFRAM000707401531, chr=20
    resources: mem_mb=11444, mem_mib=954, disk_mb=1000, disk_mib=954, tmpdir=<TBD>, slurm_partition=workq, slurm_account=mnaji, mem=12GB, time=28800


        vg call vg_map/ABOFRAM000707401531_20_20.vg -k vg_map/ABOFRAM000707401531_20.pack -r vg_map/ABOFRAM000707401531_pt20.snarls -s ABOFRAM000707401531 --threads 3 > vg_call/ABOFRAM000707401531_20.vcf 
        
No wall time information given. This might or might not work on your cluster. If not, specify the resource runtime in your rule or as a reasonable default via --default-resources.
Job 1063 has been submitted with SLURM jobid 11148271 (log: /work/project/CASCAD/mnaji/sm_folder/results/.snakemake/slurm_logs/rule_giraffe_call/ABOFRAM000707401531_20/11148271.log).
[Fri Sep 20 10:46:14 2024]
Finished job 1326.
637 of 886 steps (72%) done
Select jobs to execute...
Execute 1 jobs...

[Fri Sep 20 10:46:14 2024]
rule giraffe_pack:
    input: vg_map/ABOFRAM007301868101_10_10.vg, vg_map/ABOFRAM007301868101_10_10.gam
    output: vg_map/ABOFRAM007301868101_10.pack
    log: logs/vg/giraffe_pack_ABOFRAM007301868101_10.log
    jobid: 1325
    reason: Missing output files: vg_map/ABOFRAM007301868101_10.pack; Input files updated by another job: vg_map/ABOFRAM007301868101_10_10.vg, vg_map/ABOFRAM007301868101_10_10.gam
    wildcards: sample=ABOFRAM007301868101, chr=10
    threads: 3
    resources: mem_mb=14305, mem_mib=6036, disk_mb=6329, disk_mib=6036, tmpdir=<TBD>, slurm_partition=workq, slurm_account=mnaji, mem=15GB, time=28800


        vg pack -x vg_map/ABOFRAM007301868101_10_10.vg -g vg_map/ABOFRAM007301868101_10_10.gam -Q 5 --threads 3 -o vg_map/ABOFRAM007301868101_10.pack
        
No wall time information given. This might or might not work on your cluster. If not, specify the resource runtime in your rule or as a reasonable default via --default-resources.
Job 1325 has been submitted with SLURM jobid 11148275 (log: /work/project/CASCAD/mnaji/sm_folder/results/.snakemake/slurm_logs/rule_giraffe_pack/ABOFRAM007301868101_10/11148275.log).
[Fri Sep 20 10:46:24 2024]
Finished job 1108.
638 of 886 steps (72%) done
Removing temporary output vg_map/ABOFRAM000707401531_29_29.vg.
Removing temporary output vg_map/ABOFRAM000707401531_29.pack.
Removing temporary output vg_map/ABOFRAM000707401531_pt29.snarls.
[Fri Sep 20 10:47:25 2024]
Finished job 1010.
639 of 886 steps (72%) done
Removing temporary output vg_map/ABOFRAM000707401531_9_9.gam.
[Fri Sep 20 10:47:25 2024]
Finished job 1298.
640 of 886 steps (72%) done
Removing temporary output vg_map/ABOFRAM007301868101_5_5.vg.
Removing temporary output vg_map/ABOFRAM007301868101_5.pack.
Removing temporary output vg_map/ABOFRAM007301868101_pt5.snarls.
Select jobs to execute...
Execute 1 jobs...

[Fri Sep 20 10:47:25 2024]
rule giraffe_call:
    input: vg_map/ABOFRAM000707401531_9_9.vg, vg_map/ABOFRAM000707401531_9.pack, vg_map/ABOFRAM000707401531_pt9.snarls
    output: vg_call/ABOFRAM000707401531_9.vcf
    log: logs/vg/giraffe_call_ABOFRAM000707401531_9.log
    jobid: 1008
    reason: Missing output files: vg_call/ABOFRAM000707401531_9.vcf; Input files updated by another job: vg_map/ABOFRAM000707401531_9.pack, vg_map/ABOFRAM000707401531_pt9.snarls, vg_map/ABOFRAM000707401531_9_9.vg
    wildcards: sample=ABOFRAM000707401531, chr=9
    resources: mem_mb=11444, mem_mib=954, disk_mb=1000, disk_mib=954, tmpdir=<TBD>, slurm_partition=workq, slurm_account=mnaji, mem=12GB, time=28800


        vg call vg_map/ABOFRAM000707401531_9_9.vg -k vg_map/ABOFRAM000707401531_9.pack -r vg_map/ABOFRAM000707401531_pt9.snarls -s ABOFRAM000707401531 --threads 3 > vg_call/ABOFRAM000707401531_9.vcf 
        
No wall time information given. This might or might not work on your cluster. If not, specify the resource runtime in your rule or as a reasonable default via --default-resources.
Job 1008 has been submitted with SLURM jobid 11148592 (log: /work/project/CASCAD/mnaji/sm_folder/results/.snakemake/slurm_logs/rule_giraffe_call/ABOFRAM000707401531_9/11148592.log).
[Fri Sep 20 10:48:25 2024]
Finished job 1481.
641 of 886 steps (72%) done
[Fri Sep 20 10:48:25 2024]
Finished job 1096.
642 of 886 steps (72%) done
Select jobs to execute...
Execute 2 jobs...

[Fri Sep 20 10:48:25 2024]
rule giraffe_pack:
    input: vg_map/ABOFRAM007401840180_10_10.vg, vg_map/ABOFRAM007401840180_10_10.gam
    output: vg_map/ABOFRAM007401840180_10.pack
    log: logs/vg/giraffe_pack_ABOFRAM007401840180_10.log
    jobid: 1480
    reason: Missing output files: vg_map/ABOFRAM007401840180_10.pack; Input files updated by another job: vg_map/ABOFRAM007401840180_10_10.vg, vg_map/ABOFRAM007401840180_10_10.gam
    wildcards: sample=ABOFRAM007401840180, chr=10
    threads: 3
    resources: mem_mb=14305, mem_mib=6594, disk_mb=6914, disk_mib=6594, tmpdir=<TBD>, slurm_partition=workq, slurm_account=mnaji, mem=15GB, time=28800


        vg pack -x vg_map/ABOFRAM007401840180_10_10.vg -g vg_map/ABOFRAM007401840180_10_10.gam -Q 5 --threads 3 -o vg_map/ABOFRAM007401840180_10.pack
        
No wall time information given. This might or might not work on your cluster. If not, specify the resource runtime in your rule or as a reasonable default via --default-resources.
Job 1480 has been submitted with SLURM jobid 11148675 (log: /work/project/CASCAD/mnaji/sm_folder/results/.snakemake/slurm_logs/rule_giraffe_pack/ABOFRAM007401840180_10/11148675.log).

[Fri Sep 20 10:48:25 2024]
rule giraffe_pack:
    input: vg_map/ABOFRAM000707401531_26_26.vg, vg_map/ABOFRAM000707401531_26_26.gam
    output: vg_map/ABOFRAM000707401531_26.pack
    log: logs/vg/giraffe_pack_ABOFRAM000707401531_26.log
    jobid: 1095
    reason: Missing output files: vg_map/ABOFRAM000707401531_26.pack; Input files updated by another job: vg_map/ABOFRAM000707401531_26_26.gam, vg_map/ABOFRAM000707401531_26_26.vg
    wildcards: sample=ABOFRAM000707401531, chr=26
    threads: 3
    resources: mem_mb=14305, mem_mib=3266, disk_mb=3424, disk_mib=3266, tmpdir=<TBD>, slurm_partition=workq, slurm_account=mnaji, mem=15GB, time=28800


        vg pack -x vg_map/ABOFRAM000707401531_26_26.vg -g vg_map/ABOFRAM000707401531_26_26.gam -Q 5 --threads 3 -o vg_map/ABOFRAM000707401531_26.pack
        
No wall time information given. This might or might not work on your cluster. If not, specify the resource runtime in your rule or as a reasonable default via --default-resources.
Job 1095 has been submitted with SLURM jobid 11148676 (log: /work/project/CASCAD/mnaji/sm_folder/results/.snakemake/slurm_logs/rule_giraffe_pack/ABOFRAM000707401531_26/11148676.log).
[Fri Sep 20 10:48:35 2024]
Finished job 1063.
643 of 886 steps (73%) done
Removing temporary output vg_map/ABOFRAM000707401531_20_20.vg.
Removing temporary output vg_map/ABOFRAM000707401531_20.pack.
Removing temporary output vg_map/ABOFRAM000707401531_pt20.snarls.
[Fri Sep 20 10:48:35 2024]
Finished job 1325.
644 of 886 steps (73%) done
Removing temporary output vg_map/ABOFRAM007301868101_10_10.gam.
Select jobs to execute...
Execute 1 jobs...

[Fri Sep 20 10:48:35 2024]
rule giraffe_call:
    input: vg_map/ABOFRAM007301868101_10_10.vg, vg_map/ABOFRAM007301868101_10.pack, vg_map/ABOFRAM007301868101_pt10.snarls
    output: vg_call/ABOFRAM007301868101_10.vcf
    log: logs/vg/giraffe_call_ABOFRAM007301868101_10.log
    jobid: 1323
    reason: Missing output files: vg_call/ABOFRAM007301868101_10.vcf; Input files updated by another job: vg_map/ABOFRAM007301868101_10_10.vg, vg_map/ABOFRAM007301868101_pt10.snarls, vg_map/ABOFRAM007301868101_10.pack
    wildcards: sample=ABOFRAM007301868101, chr=10
    resources: mem_mb=11444, mem_mib=954, disk_mb=1000, disk_mib=954, tmpdir=<TBD>, slurm_partition=workq, slurm_account=mnaji, mem=12GB, time=28800


        vg call vg_map/ABOFRAM007301868101_10_10.vg -k vg_map/ABOFRAM007301868101_10.pack -r vg_map/ABOFRAM007301868101_pt10.snarls -s ABOFRAM007301868101 --threads 3 > vg_call/ABOFRAM007301868101_10.vcf 
        
No wall time information given. This might or might not work on your cluster. If not, specify the resource runtime in your rule or as a reasonable default via --default-resources.
Job 1323 has been submitted with SLURM jobid 11148767 (log: /work/project/CASCAD/mnaji/sm_folder/results/.snakemake/slurm_logs/rule_giraffe_call/ABOFRAM007301868101_10/11148767.log).
[Fri Sep 20 10:48:45 2024]
Finished job 983.
645 of 886 steps (73%) done
Removing temporary output vg_map/ABOFRAM000707401531_4_4.vg.
Removing temporary output vg_map/ABOFRAM000707401531_4.pack.
Removing temporary output vg_map/ABOFRAM000707401531_pt4.snarls.
[Fri Sep 20 10:48:55 2024]
Finished job 1373.
646 of 886 steps (73%) done
Removing temporary output vg_map/ABOFRAM007301868101_20_20.vg.
Removing temporary output vg_map/ABOFRAM007301868101_20.pack.
Removing temporary output vg_map/ABOFRAM007301868101_pt20.snarls.
[Fri Sep 20 10:49:05 2024]
Finished job 1295.
647 of 886 steps (73%) done
Removing temporary output vg_map/ABOFRAM007301868101_4_4.gam.
Select jobs to execute...
Execute 1 jobs...

[Fri Sep 20 10:49:05 2024]
rule giraffe_call:
    input: vg_map/ABOFRAM007301868101_4_4.vg, vg_map/ABOFRAM007301868101_4.pack, vg_map/ABOFRAM007301868101_pt4.snarls
    output: vg_call/ABOFRAM007301868101_4.vcf
    log: logs/vg/giraffe_call_ABOFRAM007301868101_4.log
    jobid: 1293
    reason: Missing output files: vg_call/ABOFRAM007301868101_4.vcf; Input files updated by another job: vg_map/ABOFRAM007301868101_4.pack, vg_map/ABOFRAM007301868101_4_4.vg, vg_map/ABOFRAM007301868101_pt4.snarls
    wildcards: sample=ABOFRAM007301868101, chr=4
    resources: mem_mb=11444, mem_mib=954, disk_mb=1000, disk_mib=954, tmpdir=<TBD>, slurm_partition=workq, slurm_account=mnaji, mem=12GB, time=28800


        vg call vg_map/ABOFRAM007301868101_4_4.vg -k vg_map/ABOFRAM007301868101_4.pack -r vg_map/ABOFRAM007301868101_pt4.snarls -s ABOFRAM007301868101 --threads 3 > vg_call/ABOFRAM007301868101_4.vcf 
        
No wall time information given. This might or might not work on your cluster. If not, specify the resource runtime in your rule or as a reasonable default via --default-resources.
Job 1293 has been submitted with SLURM jobid 11148846 (log: /work/project/CASCAD/mnaji/sm_folder/results/.snakemake/slurm_logs/rule_giraffe_call/ABOFRAM007301868101_4/11148846.log).
[Fri Sep 20 10:49:16 2024]
Finished job 1086.
648 of 886 steps (73%) done
Select jobs to execute...
Execute 1 jobs...

[Fri Sep 20 10:49:16 2024]
rule giraffe_pack:
    input: vg_map/ABOFRAM000707401531_24_24.vg, vg_map/ABOFRAM000707401531_24_24.gam
    output: vg_map/ABOFRAM000707401531_24.pack
    log: logs/vg/giraffe_pack_ABOFRAM000707401531_24.log
    jobid: 1085
    reason: Missing output files: vg_map/ABOFRAM000707401531_24.pack; Input files updated by another job: vg_map/ABOFRAM000707401531_24_24.gam, vg_map/ABOFRAM000707401531_24_24.vg
    wildcards: sample=ABOFRAM000707401531, chr=24
    threads: 3
    resources: mem_mb=14305, mem_mib=3837, disk_mb=4023, disk_mib=3837, tmpdir=<TBD>, slurm_partition=workq, slurm_account=mnaji, mem=15GB, time=28800


        vg pack -x vg_map/ABOFRAM000707401531_24_24.vg -g vg_map/ABOFRAM000707401531_24_24.gam -Q 5 --threads 3 -o vg_map/ABOFRAM000707401531_24.pack
        
No wall time information given. This might or might not work on your cluster. If not, specify the resource runtime in your rule or as a reasonable default via --default-resources.
Job 1085 has been submitted with SLURM jobid 11148851 (log: /work/project/CASCAD/mnaji/sm_folder/results/.snakemake/slurm_logs/rule_giraffe_pack/ABOFRAM000707401531_24/11148851.log).
[Fri Sep 20 10:49:46 2024]
Finished job 1336.
649 of 886 steps (73%) done
[Fri Sep 20 10:49:46 2024]
Finished job 967.
650 of 886 steps (73%) done
Removing temporary output vg_map/ABOFRAM000707401531_1_1.gam.
[Fri Sep 20 10:49:46 2024]
Finished job 1008.
651 of 886 steps (73%) done
Removing temporary output vg_map/ABOFRAM000707401531_9_9.vg.
Removing temporary output vg_map/ABOFRAM000707401531_9.pack.
Removing temporary output vg_map/ABOFRAM000707401531_pt9.snarls.
[Fri Sep 20 10:49:46 2024]
Finished job 1095.
652 of 886 steps (74%) done
Removing temporary output vg_map/ABOFRAM000707401531_26_26.gam.
Select jobs to execute...
Execute 3 jobs...

[Fri Sep 20 10:49:46 2024]
rule giraffe_call:
    input: vg_map/ABOFRAM000707401531_1_1.vg, vg_map/ABOFRAM000707401531_1.pack, vg_map/ABOFRAM000707401531_pt1.snarls
    output: vg_call/ABOFRAM000707401531_1.vcf
    log: logs/vg/giraffe_call_ABOFRAM000707401531_1.log
    jobid: 965
    reason: Missing output files: vg_call/ABOFRAM000707401531_1.vcf; Input files updated by another job: vg_map/ABOFRAM000707401531_1_1.vg, vg_map/ABOFRAM000707401531_pt1.snarls, vg_map/ABOFRAM000707401531_1.pack
    wildcards: sample=ABOFRAM000707401531, chr=1
    resources: mem_mb=11444, mem_mib=954, disk_mb=1000, disk_mib=954, tmpdir=<TBD>, slurm_partition=workq, slurm_account=mnaji, mem=12GB, time=28800


        vg call vg_map/ABOFRAM000707401531_1_1.vg -k vg_map/ABOFRAM000707401531_1.pack -r vg_map/ABOFRAM000707401531_pt1.snarls -s ABOFRAM000707401531 --threads 3 > vg_call/ABOFRAM000707401531_1.vcf 
        
No wall time information given. This might or might not work on your cluster. If not, specify the resource runtime in your rule or as a reasonable default via --default-resources.
Job 965 has been submitted with SLURM jobid 11148853 (log: /work/project/CASCAD/mnaji/sm_folder/results/.snakemake/slurm_logs/rule_giraffe_call/ABOFRAM000707401531_1/11148853.log).

[Fri Sep 20 10:49:46 2024]
rule giraffe_call:
    input: vg_map/ABOFRAM000707401531_26_26.vg, vg_map/ABOFRAM000707401531_26.pack, vg_map/ABOFRAM000707401531_pt26.snarls
    output: vg_call/ABOFRAM000707401531_26.vcf
    log: logs/vg/giraffe_call_ABOFRAM000707401531_26.log
    jobid: 1093
    reason: Missing output files: vg_call/ABOFRAM000707401531_26.vcf; Input files updated by another job: vg_map/ABOFRAM000707401531_pt26.snarls, vg_map/ABOFRAM000707401531_26_26.vg, vg_map/ABOFRAM000707401531_26.pack
    wildcards: sample=ABOFRAM000707401531, chr=26
    resources: mem_mb=11444, mem_mib=954, disk_mb=1000, disk_mib=954, tmpdir=<TBD>, slurm_partition=workq, slurm_account=mnaji, mem=12GB, time=28800


        vg call vg_map/ABOFRAM000707401531_26_26.vg -k vg_map/ABOFRAM000707401531_26.pack -r vg_map/ABOFRAM000707401531_pt26.snarls -s ABOFRAM000707401531 --threads 3 > vg_call/ABOFRAM000707401531_26.vcf 
        
No wall time information given. This might or might not work on your cluster. If not, specify the resource runtime in your rule or as a reasonable default via --default-resources.
Job 1093 has been submitted with SLURM jobid 11148855 (log: /work/project/CASCAD/mnaji/sm_folder/results/.snakemake/slurm_logs/rule_giraffe_call/ABOFRAM000707401531_26/11148855.log).

[Fri Sep 20 10:49:46 2024]
rule giraffe_pack:
    input: vg_map/ABOFRAM007301868101_12_12.vg, vg_map/ABOFRAM007301868101_12_12.gam
    output: vg_map/ABOFRAM007301868101_12.pack
    log: logs/vg/giraffe_pack_ABOFRAM007301868101_12.log
    jobid: 1335
    reason: Missing output files: vg_map/ABOFRAM007301868101_12.pack; Input files updated by another job: vg_map/ABOFRAM007301868101_12_12.vg, vg_map/ABOFRAM007301868101_12_12.gam
    wildcards: sample=ABOFRAM007301868101, chr=12
    threads: 3
    resources: mem_mb=14305, mem_mib=4981, disk_mb=5222, disk_mib=4981, tmpdir=<TBD>, slurm_partition=workq, slurm_account=mnaji, mem=15GB, time=28800


        vg pack -x vg_map/ABOFRAM007301868101_12_12.vg -g vg_map/ABOFRAM007301868101_12_12.gam -Q 5 --threads 3 -o vg_map/ABOFRAM007301868101_12.pack
        
No wall time information given. This might or might not work on your cluster. If not, specify the resource runtime in your rule or as a reasonable default via --default-resources.
Job 1335 has been submitted with SLURM jobid 11148856 (log: /work/project/CASCAD/mnaji/sm_folder/results/.snakemake/slurm_logs/rule_giraffe_pack/ABOFRAM007301868101_12/11148856.log).
[Fri Sep 20 10:49:56 2024]
Finished job 1571.
653 of 886 steps (74%) done
Select jobs to execute...
Execute 1 jobs...

[Fri Sep 20 10:49:56 2024]
rule giraffe_pack:
    input: vg_map/ABOFRAM007401840180_28_28.vg, vg_map/ABOFRAM007401840180_28_28.gam
    output: vg_map/ABOFRAM007401840180_28.pack
    log: logs/vg/giraffe_pack_ABOFRAM007401840180_28.log
    jobid: 1570
    reason: Missing output files: vg_map/ABOFRAM007401840180_28.pack; Input files updated by another job: vg_map/ABOFRAM007401840180_28_28.gam, vg_map/ABOFRAM007401840180_28_28.vg
    wildcards: sample=ABOFRAM007401840180, chr=28
    threads: 3
    resources: mem_mb=14305, mem_mib=3557, disk_mb=3729, disk_mib=3557, tmpdir=<TBD>, slurm_partition=workq, slurm_account=mnaji, mem=15GB, time=28800


        vg pack -x vg_map/ABOFRAM007401840180_28_28.vg -g vg_map/ABOFRAM007401840180_28_28.gam -Q 5 --threads 3 -o vg_map/ABOFRAM007401840180_28.pack
        
No wall time information given. This might or might not work on your cluster. If not, specify the resource runtime in your rule or as a reasonable default via --default-resources.
Job 1570 has been submitted with SLURM jobid 11148858 (log: /work/project/CASCAD/mnaji/sm_folder/results/.snakemake/slurm_logs/rule_giraffe_pack/ABOFRAM007401840180_28/11148858.log).
[Fri Sep 20 10:50:56 2024]
Finished job 1201.
654 of 886 steps (74%) done
[Fri Sep 20 10:50:56 2024]
Finished job 1461.
655 of 886 steps (74%) done
[Fri Sep 20 10:50:56 2024]
Finished job 1085.
656 of 886 steps (74%) done
Removing temporary output vg_map/ABOFRAM000707401531_24_24.gam.
Select jobs to execute...
Execute 3 jobs...

[Fri Sep 20 10:50:56 2024]
rule giraffe_pack:
    input: vg_map/ABOFRAM007401840180_6_6.vg, vg_map/ABOFRAM007401840180_6_6.gam
    output: vg_map/ABOFRAM007401840180_6.pack
    log: logs/vg/giraffe_pack_ABOFRAM007401840180_6.log
    jobid: 1460
    reason: Missing output files: vg_map/ABOFRAM007401840180_6.pack; Input files updated by another job: vg_map/ABOFRAM007401840180_6_6.gam, vg_map/ABOFRAM007401840180_6_6.vg
    wildcards: sample=ABOFRAM007401840180, chr=6
    threads: 3
    resources: mem_mb=14305, mem_mib=7630, disk_mb=8028, disk_mib=7657, tmpdir=<TBD>, slurm_partition=workq, slurm_account=mnaji, mem=15GB, time=28800


        vg pack -x vg_map/ABOFRAM007401840180_6_6.vg -g vg_map/ABOFRAM007401840180_6_6.gam -Q 5 --threads 3 -o vg_map/ABOFRAM007401840180_6.pack
        
No wall time information given. This might or might not work on your cluster. If not, specify the resource runtime in your rule or as a reasonable default via --default-resources.
Job 1460 has been submitted with SLURM jobid 11148883 (log: /work/project/CASCAD/mnaji/sm_folder/results/.snakemake/slurm_logs/rule_giraffe_pack/ABOFRAM007401840180_6/11148883.log).

[Fri Sep 20 10:50:56 2024]
rule giraffe_pack:
    input: vg_map/ABOFRAM000709524730_16_16.vg, vg_map/ABOFRAM000709524730_16_16.gam
    output: vg_map/ABOFRAM000709524730_16.pack
    log: logs/vg/giraffe_pack_ABOFRAM000709524730_16.log
    jobid: 1200
    reason: Missing output files: vg_map/ABOFRAM000709524730_16.pack; Input files updated by another job: vg_map/ABOFRAM000709524730_16_16.vg, vg_map/ABOFRAM000709524730_16_16.gam
    wildcards: sample=ABOFRAM000709524730, chr=16
    threads: 3
    resources: mem_mb=14305, mem_mib=7139, disk_mb=7485, disk_mib=7139, tmpdir=<TBD>, slurm_partition=workq, slurm_account=mnaji, mem=15GB, time=28800


        vg pack -x vg_map/ABOFRAM000709524730_16_16.vg -g vg_map/ABOFRAM000709524730_16_16.gam -Q 5 --threads 3 -o vg_map/ABOFRAM000709524730_16.pack
        
No wall time information given. This might or might not work on your cluster. If not, specify the resource runtime in your rule or as a reasonable default via --default-resources.
Job 1200 has been submitted with SLURM jobid 11148884 (log: /work/project/CASCAD/mnaji/sm_folder/results/.snakemake/slurm_logs/rule_giraffe_pack/ABOFRAM000709524730_16/11148884.log).

[Fri Sep 20 10:50:57 2024]
rule giraffe_call:
    input: vg_map/ABOFRAM000707401531_24_24.vg, vg_map/ABOFRAM000707401531_24.pack, vg_map/ABOFRAM000707401531_pt24.snarls
    output: vg_call/ABOFRAM000707401531_24.vcf
    log: logs/vg/giraffe_call_ABOFRAM000707401531_24.log
    jobid: 1083
    reason: Missing output files: vg_call/ABOFRAM000707401531_24.vcf; Input files updated by another job: vg_map/ABOFRAM000707401531_24.pack, vg_map/ABOFRAM000707401531_24_24.vg, vg_map/ABOFRAM000707401531_pt24.snarls
    wildcards: sample=ABOFRAM000707401531, chr=24
    resources: mem_mb=11444, mem_mib=954, disk_mb=1000, disk_mib=954, tmpdir=<TBD>, slurm_partition=workq, slurm_account=mnaji, mem=12GB, time=28800


        vg call vg_map/ABOFRAM000707401531_24_24.vg -k vg_map/ABOFRAM000707401531_24.pack -r vg_map/ABOFRAM000707401531_pt24.snarls -s ABOFRAM000707401531 --threads 3 > vg_call/ABOFRAM000707401531_24.vcf 
        
No wall time information given. This might or might not work on your cluster. If not, specify the resource runtime in your rule or as a reasonable default via --default-resources.
Job 1083 has been submitted with SLURM jobid 11148885 (log: /work/project/CASCAD/mnaji/sm_folder/results/.snakemake/slurm_logs/rule_giraffe_call/ABOFRAM000707401531_24/11148885.log).
[Fri Sep 20 10:51:06 2024]
Finished job 1323.
657 of 886 steps (74%) done
Removing temporary output vg_map/ABOFRAM007301868101_10_10.vg.
Removing temporary output vg_map/ABOFRAM007301868101_10.pack.
Removing temporary output vg_map/ABOFRAM007301868101_pt10.snarls.
[Fri Sep 20 10:51:16 2024]
Finished job 866.
658 of 886 steps (74%) done
Select jobs to execute...
Execute 1 jobs...

[Fri Sep 20 10:51:16 2024]
rule giraffe_pack:
    input: vg_map/ABOFRAM000703115255_11_11.vg, vg_map/ABOFRAM000703115255_11_11.gam
    output: vg_map/ABOFRAM000703115255_11.pack
    log: logs/vg/giraffe_pack_ABOFRAM000703115255_11.log
    jobid: 865
    reason: Missing output files: vg_map/ABOFRAM000703115255_11.pack; Input files updated by another job: vg_map/ABOFRAM000703115255_11_11.gam, vg_map/ABOFRAM000703115255_11_11.vg
    wildcards: sample=ABOFRAM000703115255, chr=11
    threads: 3
    resources: mem_mb=14305, mem_mib=7630, disk_mb=11527, disk_mib=10994, tmpdir=<TBD>, slurm_partition=workq, slurm_account=mnaji, mem=15GB, time=28800


        vg pack -x vg_map/ABOFRAM000703115255_11_11.vg -g vg_map/ABOFRAM000703115255_11_11.gam -Q 5 --threads 3 -o vg_map/ABOFRAM000703115255_11.pack
        
No wall time information given. This might or might not work on your cluster. If not, specify the resource runtime in your rule or as a reasonable default via --default-resources.
Job 865 has been submitted with SLURM jobid 11148908 (log: /work/project/CASCAD/mnaji/sm_folder/results/.snakemake/slurm_logs/rule_giraffe_pack/ABOFRAM000703115255_11/11148908.log).
[Fri Sep 20 10:51:47 2024]
Finished job 1480.
659 of 886 steps (74%) done
Removing temporary output vg_map/ABOFRAM007401840180_10_10.gam.
[Fri Sep 20 10:51:47 2024]
Finished job 1293.
660 of 886 steps (74%) done
Removing temporary output vg_map/ABOFRAM007301868101_4_4.vg.
Removing temporary output vg_map/ABOFRAM007301868101_4.pack.
Removing temporary output vg_map/ABOFRAM007301868101_pt4.snarls.
[Fri Sep 20 10:51:47 2024]
Finished job 1093.
661 of 886 steps (75%) done
Removing temporary output vg_map/ABOFRAM000707401531_26_26.vg.
Removing temporary output vg_map/ABOFRAM000707401531_26.pack.
Removing temporary output vg_map/ABOFRAM000707401531_pt26.snarls.
[Fri Sep 20 10:51:47 2024]
Finished job 1335.
662 of 886 steps (75%) done
Removing temporary output vg_map/ABOFRAM007301868101_12_12.gam.
[Fri Sep 20 10:51:47 2024]
Finished job 1570.
663 of 886 steps (75%) done
Removing temporary output vg_map/ABOFRAM007401840180_28_28.gam.
Select jobs to execute...
Execute 3 jobs...

[Fri Sep 20 10:51:47 2024]
rule giraffe_call:
    input: vg_map/ABOFRAM007401840180_10_10.vg, vg_map/ABOFRAM007401840180_10.pack, vg_map/ABOFRAM007401840180_pt10.snarls
    output: vg_call/ABOFRAM007401840180_10.vcf
    log: logs/vg/giraffe_call_ABOFRAM007401840180_10.log
    jobid: 1478
    reason: Missing output files: vg_call/ABOFRAM007401840180_10.vcf; Input files updated by another job: vg_map/ABOFRAM007401840180_pt10.snarls, vg_map/ABOFRAM007401840180_10.pack, vg_map/ABOFRAM007401840180_10_10.vg
    wildcards: sample=ABOFRAM007401840180, chr=10
    resources: mem_mb=11444, mem_mib=954, disk_mb=1000, disk_mib=954, tmpdir=<TBD>, slurm_partition=workq, slurm_account=mnaji, mem=12GB, time=28800


        vg call vg_map/ABOFRAM007401840180_10_10.vg -k vg_map/ABOFRAM007401840180_10.pack -r vg_map/ABOFRAM007401840180_pt10.snarls -s ABOFRAM007401840180 --threads 3 > vg_call/ABOFRAM007401840180_10.vcf 
        
No wall time information given. This might or might not work on your cluster. If not, specify the resource runtime in your rule or as a reasonable default via --default-resources.
Job 1478 has been submitted with SLURM jobid 11148918 (log: /work/project/CASCAD/mnaji/sm_folder/results/.snakemake/slurm_logs/rule_giraffe_call/ABOFRAM007401840180_10/11148918.log).

[Fri Sep 20 10:51:47 2024]
rule giraffe_call:
    input: vg_map/ABOFRAM007301868101_12_12.vg, vg_map/ABOFRAM007301868101_12.pack, vg_map/ABOFRAM007301868101_pt12.snarls
    output: vg_call/ABOFRAM007301868101_12.vcf
    log: logs/vg/giraffe_call_ABOFRAM007301868101_12.log
    jobid: 1333
    reason: Missing output files: vg_call/ABOFRAM007301868101_12.vcf; Input files updated by another job: vg_map/ABOFRAM007301868101_12.pack, vg_map/ABOFRAM007301868101_pt12.snarls, vg_map/ABOFRAM007301868101_12_12.vg
    wildcards: sample=ABOFRAM007301868101, chr=12
    resources: mem_mb=11444, mem_mib=954, disk_mb=1000, disk_mib=954, tmpdir=<TBD>, slurm_partition=workq, slurm_account=mnaji, mem=12GB, time=28800


        vg call vg_map/ABOFRAM007301868101_12_12.vg -k vg_map/ABOFRAM007301868101_12.pack -r vg_map/ABOFRAM007301868101_pt12.snarls -s ABOFRAM007301868101 --threads 3 > vg_call/ABOFRAM007301868101_12.vcf 
        
No wall time information given. This might or might not work on your cluster. If not, specify the resource runtime in your rule or as a reasonable default via --default-resources.
Job 1333 has been submitted with SLURM jobid 11148919 (log: /work/project/CASCAD/mnaji/sm_folder/results/.snakemake/slurm_logs/rule_giraffe_call/ABOFRAM007301868101_12/11148919.log).

[Fri Sep 20 10:51:47 2024]
rule giraffe_call:
    input: vg_map/ABOFRAM007401840180_28_28.vg, vg_map/ABOFRAM007401840180_28.pack, vg_map/ABOFRAM007401840180_pt28.snarls
    output: vg_call/ABOFRAM007401840180_28.vcf
    log: logs/vg/giraffe_call_ABOFRAM007401840180_28.log
    jobid: 1568
    reason: Missing output files: vg_call/ABOFRAM007401840180_28.vcf; Input files updated by another job: vg_map/ABOFRAM007401840180_pt28.snarls, vg_map/ABOFRAM007401840180_28.pack, vg_map/ABOFRAM007401840180_28_28.vg
    wildcards: sample=ABOFRAM007401840180, chr=28
    resources: mem_mb=11444, mem_mib=954, disk_mb=1000, disk_mib=954, tmpdir=<TBD>, slurm_partition=workq, slurm_account=mnaji, mem=12GB, time=28800


        vg call vg_map/ABOFRAM007401840180_28_28.vg -k vg_map/ABOFRAM007401840180_28.pack -r vg_map/ABOFRAM007401840180_pt28.snarls -s ABOFRAM007401840180 --threads 3 > vg_call/ABOFRAM007401840180_28.vcf 
        
No wall time information given. This might or might not work on your cluster. If not, specify the resource runtime in your rule or as a reasonable default via --default-resources.
Job 1568 has been submitted with SLURM jobid 11148920 (log: /work/project/CASCAD/mnaji/sm_folder/results/.snakemake/slurm_logs/rule_giraffe_call/ABOFRAM007401840180_28/11148920.log).
[Fri Sep 20 10:52:17 2024]
Finished job 1433.
664 of 886 steps (75%) done
Select jobs to execute...
Execute 1 jobs...

[Fri Sep 20 10:52:17 2024]
rule giraffe_pack:
    input: vg_map/ABOFRAM007401840180_1_1.vg, vg_map/ABOFRAM007401840180_1_1.gam
    output: vg_map/ABOFRAM007401840180_1.pack
    log: logs/vg/giraffe_pack_ABOFRAM007401840180_1.log
    jobid: 1432
    reason: Missing output files: vg_map/ABOFRAM007401840180_1.pack; Input files updated by another job: vg_map/ABOFRAM007401840180_1_1.vg, vg_map/ABOFRAM007401840180_1_1.gam
    wildcards: sample=ABOFRAM007401840180, chr=1
    threads: 3
    resources: mem_mb=14305, mem_mib=7630, disk_mb=10793, disk_mib=10294, tmpdir=<TBD>, slurm_partition=workq, slurm_account=mnaji, mem=15GB, time=28800


        vg pack -x vg_map/ABOFRAM007401840180_1_1.vg -g vg_map/ABOFRAM007401840180_1_1.gam -Q 5 --threads 3 -o vg_map/ABOFRAM007401840180_1.pack
        
No wall time information given. This might or might not work on your cluster. If not, specify the resource runtime in your rule or as a reasonable default via --default-resources.
Job 1432 has been submitted with SLURM jobid 11148923 (log: /work/project/CASCAD/mnaji/sm_folder/results/.snakemake/slurm_logs/rule_giraffe_pack/ABOFRAM007401840180_1/11148923.log).
[Fri Sep 20 10:52:47 2024]
Finished job 1083.
665 of 886 steps (75%) done
Removing temporary output vg_map/ABOFRAM000707401531_24_24.vg.
Removing temporary output vg_map/ABOFRAM000707401531_24.pack.
Removing temporary output vg_map/ABOFRAM000707401531_pt24.snarls.
[Fri Sep 20 10:53:47 2024]
Finished job 965.
666 of 886 steps (75%) done
Removing temporary output vg_map/ABOFRAM000707401531_1_1.vg.
Removing temporary output vg_map/ABOFRAM000707401531_1.pack.
Removing temporary output vg_map/ABOFRAM000707401531_pt1.snarls.
[Fri Sep 20 10:53:47 2024]
Finished job 1200.
667 of 886 steps (75%) done
Removing temporary output vg_map/ABOFRAM000709524730_16_16.gam.
Select jobs to execute...
Execute 1 jobs...

[Fri Sep 20 10:53:47 2024]
rule giraffe_call:
    input: vg_map/ABOFRAM000709524730_16_16.vg, vg_map/ABOFRAM000709524730_16.pack, vg_map/ABOFRAM000709524730_pt16.snarls
    output: vg_call/ABOFRAM000709524730_16.vcf
    log: logs/vg/giraffe_call_ABOFRAM000709524730_16.log
    jobid: 1198
    reason: Missing output files: vg_call/ABOFRAM000709524730_16.vcf; Input files updated by another job: vg_map/ABOFRAM000709524730_16_16.vg, vg_map/ABOFRAM000709524730_16.pack, vg_map/ABOFRAM000709524730_pt16.snarls
    wildcards: sample=ABOFRAM000709524730, chr=16
    resources: mem_mb=11444, mem_mib=954, disk_mb=1000, disk_mib=954, tmpdir=<TBD>, slurm_partition=workq, slurm_account=mnaji, mem=12GB, time=28800


        vg call vg_map/ABOFRAM000709524730_16_16.vg -k vg_map/ABOFRAM000709524730_16.pack -r vg_map/ABOFRAM000709524730_pt16.snarls -s ABOFRAM000709524730 --threads 3 > vg_call/ABOFRAM000709524730_16.vcf 
        
No wall time information given. This might or might not work on your cluster. If not, specify the resource runtime in your rule or as a reasonable default via --default-resources.
Job 1198 has been submitted with SLURM jobid 11148925 (log: /work/project/CASCAD/mnaji/sm_folder/results/.snakemake/slurm_logs/rule_giraffe_call/ABOFRAM000709524730_16/11148925.log).
[Fri Sep 20 10:54:18 2024]
Finished job 1321.
668 of 886 steps (75%) done
[Fri Sep 20 10:54:18 2024]
Finished job 1460.
669 of 886 steps (76%) done
Removing temporary output vg_map/ABOFRAM007401840180_6_6.gam.
[Fri Sep 20 10:54:18 2024]
Finished job 1568.
670 of 886 steps (76%) done
Removing temporary output vg_map/ABOFRAM007401840180_28_28.vg.
Removing temporary output vg_map/ABOFRAM007401840180_28.pack.
Removing temporary output vg_map/ABOFRAM007401840180_pt28.snarls.
Select jobs to execute...
Execute 2 jobs...

[Fri Sep 20 10:54:18 2024]
rule giraffe_pack:
    input: vg_map/ABOFRAM007301868101_9_9.vg, vg_map/ABOFRAM007301868101_9_9.gam
    output: vg_map/ABOFRAM007301868101_9.pack
    log: logs/vg/giraffe_pack_ABOFRAM007301868101_9.log
    jobid: 1320
    reason: Missing output files: vg_map/ABOFRAM007301868101_9.pack; Input files updated by another job: vg_map/ABOFRAM007301868101_9_9.vg, vg_map/ABOFRAM007301868101_9_9.gam
    wildcards: sample=ABOFRAM007301868101, chr=9
    threads: 3
    resources: mem_mb=14305, mem_mib=6043, disk_mb=6336, disk_mib=6043, tmpdir=<TBD>, slurm_partition=workq, slurm_account=mnaji, mem=15GB, time=28800


        vg pack -x vg_map/ABOFRAM007301868101_9_9.vg -g vg_map/ABOFRAM007301868101_9_9.gam -Q 5 --threads 3 -o vg_map/ABOFRAM007301868101_9.pack
        
No wall time information given. This might or might not work on your cluster. If not, specify the resource runtime in your rule or as a reasonable default via --default-resources.
Job 1320 has been submitted with SLURM jobid 11149388 (log: /work/project/CASCAD/mnaji/sm_folder/results/.snakemake/slurm_logs/rule_giraffe_pack/ABOFRAM007301868101_9/11149388.log).

[Fri Sep 20 10:54:18 2024]
rule giraffe_call:
    input: vg_map/ABOFRAM007401840180_6_6.vg, vg_map/ABOFRAM007401840180_6.pack, vg_map/ABOFRAM007401840180_pt6.snarls
    output: vg_call/ABOFRAM007401840180_6.vcf
    log: logs/vg/giraffe_call_ABOFRAM007401840180_6.log
    jobid: 1458
    reason: Missing output files: vg_call/ABOFRAM007401840180_6.vcf; Input files updated by another job: vg_map/ABOFRAM007401840180_pt6.snarls, vg_map/ABOFRAM007401840180_6_6.vg, vg_map/ABOFRAM007401840180_6.pack
    wildcards: sample=ABOFRAM007401840180, chr=6
    resources: mem_mb=11444, mem_mib=954, disk_mb=1000, disk_mib=954, tmpdir=<TBD>, slurm_partition=workq, slurm_account=mnaji, mem=12GB, time=28800


        vg call vg_map/ABOFRAM007401840180_6_6.vg -k vg_map/ABOFRAM007401840180_6.pack -r vg_map/ABOFRAM007401840180_pt6.snarls -s ABOFRAM007401840180 --threads 3 > vg_call/ABOFRAM007401840180_6.vcf 
        
No wall time information given. This might or might not work on your cluster. If not, specify the resource runtime in your rule or as a reasonable default via --default-resources.
Job 1458 has been submitted with SLURM jobid 11149389 (log: /work/project/CASCAD/mnaji/sm_folder/results/.snakemake/slurm_logs/rule_giraffe_call/ABOFRAM007401840180_6/11149389.log).
[Fri Sep 20 10:55:18 2024]
Finished job 1333.
671 of 886 steps (76%) done
Removing temporary output vg_map/ABOFRAM007301868101_12_12.vg.
Removing temporary output vg_map/ABOFRAM007301868101_12.pack.
Removing temporary output vg_map/ABOFRAM007301868101_pt12.snarls.
[Fri Sep 20 10:55:28 2024]
Finished job 1478.
672 of 886 steps (76%) done
Removing temporary output vg_map/ABOFRAM007401840180_10_10.vg.
Removing temporary output vg_map/ABOFRAM007401840180_10.pack.
Removing temporary output vg_map/ABOFRAM007401840180_pt10.snarls.
[Fri Sep 20 10:55:38 2024]
Finished job 1146.
673 of 886 steps (76%) done
[Fri Sep 20 10:55:38 2024]
Finished job 1091.
674 of 886 steps (76%) done
[Fri Sep 20 10:55:38 2024]
Finished job 1432.
675 of 886 steps (76%) done
Removing temporary output vg_map/ABOFRAM007401840180_1_1.gam.
Select jobs to execute...
Execute 3 jobs...

[Fri Sep 20 10:55:38 2024]
rule giraffe_pack:
    input: vg_map/ABOFRAM000709524730_5_5.vg, vg_map/ABOFRAM000709524730_5_5.gam
    output: vg_map/ABOFRAM000709524730_5.pack
    log: logs/vg/giraffe_pack_ABOFRAM000709524730_5.log
    jobid: 1145
    reason: Missing output files: vg_map/ABOFRAM000709524730_5.pack; Input files updated by another job: vg_map/ABOFRAM000709524730_5_5.vg, vg_map/ABOFRAM000709524730_5_5.gam
    wildcards: sample=ABOFRAM000709524730, chr=5
    threads: 3
    resources: mem_mb=14305, mem_mib=7630, disk_mb=9565, disk_mib=9122, tmpdir=<TBD>, slurm_partition=workq, slurm_account=mnaji, mem=15GB, time=28800


        vg pack -x vg_map/ABOFRAM000709524730_5_5.vg -g vg_map/ABOFRAM000709524730_5_5.gam -Q 5 --threads 3 -o vg_map/ABOFRAM000709524730_5.pack
        
No wall time information given. This might or might not work on your cluster. If not, specify the resource runtime in your rule or as a reasonable default via --default-resources.
Job 1145 has been submitted with SLURM jobid 11149391 (log: /work/project/CASCAD/mnaji/sm_folder/results/.snakemake/slurm_logs/rule_giraffe_pack/ABOFRAM000709524730_5/11149391.log).

[Fri Sep 20 10:55:39 2024]
rule giraffe_call:
    input: vg_map/ABOFRAM007401840180_1_1.vg, vg_map/ABOFRAM007401840180_1.pack, vg_map/ABOFRAM007401840180_pt1.snarls
    output: vg_call/ABOFRAM007401840180_1.vcf
    log: logs/vg/giraffe_call_ABOFRAM007401840180_1.log
    jobid: 1430
    reason: Missing output files: vg_call/ABOFRAM007401840180_1.vcf; Input files updated by another job: vg_map/ABOFRAM007401840180_pt1.snarls, vg_map/ABOFRAM007401840180_1_1.vg, vg_map/ABOFRAM007401840180_1.pack
    wildcards: sample=ABOFRAM007401840180, chr=1
    resources: mem_mb=11444, mem_mib=954, disk_mb=1000, disk_mib=954, tmpdir=<TBD>, slurm_partition=workq, slurm_account=mnaji, mem=12GB, time=28800


        vg call vg_map/ABOFRAM007401840180_1_1.vg -k vg_map/ABOFRAM007401840180_1.pack -r vg_map/ABOFRAM007401840180_pt1.snarls -s ABOFRAM007401840180 --threads 3 > vg_call/ABOFRAM007401840180_1.vcf 
        
No wall time information given. This might or might not work on your cluster. If not, specify the resource runtime in your rule or as a reasonable default via --default-resources.
Job 1430 has been submitted with SLURM jobid 11149392 (log: /work/project/CASCAD/mnaji/sm_folder/results/.snakemake/slurm_logs/rule_giraffe_call/ABOFRAM007401840180_1/11149392.log).

[Fri Sep 20 10:55:39 2024]
rule giraffe_pack:
    input: vg_map/ABOFRAM000707401531_25_25.vg, vg_map/ABOFRAM000707401531_25_25.gam
    output: vg_map/ABOFRAM000707401531_25.pack
    log: logs/vg/giraffe_pack_ABOFRAM000707401531_25.log
    jobid: 1090
    reason: Missing output files: vg_map/ABOFRAM000707401531_25.pack; Input files updated by another job: vg_map/ABOFRAM000707401531_25_25.gam, vg_map/ABOFRAM000707401531_25_25.vg
    wildcards: sample=ABOFRAM000707401531, chr=25
    threads: 3
    resources: mem_mb=14305, mem_mib=2798, disk_mb=2933, disk_mib=2798, tmpdir=<TBD>, slurm_partition=workq, slurm_account=mnaji, mem=15GB, time=28800


        vg pack -x vg_map/ABOFRAM000707401531_25_25.vg -g vg_map/ABOFRAM000707401531_25_25.gam -Q 5 --threads 3 -o vg_map/ABOFRAM000707401531_25.pack
        
No wall time information given. This might or might not work on your cluster. If not, specify the resource runtime in your rule or as a reasonable default via --default-resources.
Job 1090 has been submitted with SLURM jobid 11149393 (log: /work/project/CASCAD/mnaji/sm_folder/results/.snakemake/slurm_logs/rule_giraffe_pack/ABOFRAM000707401531_25/11149393.log).
[Fri Sep 20 10:56:08 2024]
Finished job 1198.
676 of 886 steps (76%) done
Removing temporary output vg_map/ABOFRAM000709524730_16_16.vg.
Removing temporary output vg_map/ABOFRAM000709524730_16.pack.
Removing temporary output vg_map/ABOFRAM000709524730_pt16.snarls.
[Fri Sep 20 10:56:18 2024]
Finished job 865.
677 of 886 steps (76%) done
Removing temporary output vg_map/ABOFRAM000703115255_11_11.gam.
Select jobs to execute...
Execute 1 jobs...

[Fri Sep 20 10:56:18 2024]
rule giraffe_call:
    input: vg_map/ABOFRAM000703115255_11_11.vg, vg_map/ABOFRAM000703115255_11.pack, vg_map/ABOFRAM000703115255_pt11.snarls
    output: vg_call/ABOFRAM000703115255_11.vcf
    log: logs/vg/giraffe_call_ABOFRAM000703115255_11.log
    jobid: 863
    reason: Missing output files: vg_call/ABOFRAM000703115255_11.vcf; Input files updated by another job: vg_map/ABOFRAM000703115255_pt11.snarls, vg_map/ABOFRAM000703115255_11_11.vg, vg_map/ABOFRAM000703115255_11.pack
    wildcards: sample=ABOFRAM000703115255, chr=11
    resources: mem_mb=11444, mem_mib=954, disk_mb=1000, disk_mib=954, tmpdir=<TBD>, slurm_partition=workq, slurm_account=mnaji, mem=12GB, time=28800


        vg call vg_map/ABOFRAM000703115255_11_11.vg -k vg_map/ABOFRAM000703115255_11.pack -r vg_map/ABOFRAM000703115255_pt11.snarls -s ABOFRAM000703115255 --threads 3 > vg_call/ABOFRAM000703115255_11.vcf 
        
No wall time information given. This might or might not work on your cluster. If not, specify the resource runtime in your rule or as a reasonable default via --default-resources.
Job 863 has been submitted with SLURM jobid 11149434 (log: /work/project/CASCAD/mnaji/sm_folder/results/.snakemake/slurm_logs/rule_giraffe_call/ABOFRAM000703115255_11/11149434.log).
[Fri Sep 20 10:56:49 2024]
Finished job 1061.
678 of 886 steps (77%) done
Select jobs to execute...
Execute 1 jobs...

[Fri Sep 20 10:56:49 2024]
rule giraffe_pack:
    input: vg_map/ABOFRAM000707401531_19_19.vg, vg_map/ABOFRAM000707401531_19_19.gam
    output: vg_map/ABOFRAM000707401531_19.pack
    log: logs/vg/giraffe_pack_ABOFRAM000707401531_19.log
    jobid: 1060
    reason: Missing output files: vg_map/ABOFRAM000707401531_19.pack; Input files updated by another job: vg_map/ABOFRAM000707401531_19_19.gam, vg_map/ABOFRAM000707401531_19_19.vg
    wildcards: sample=ABOFRAM000707401531, chr=19
    threads: 3
    resources: mem_mb=14305, mem_mib=7630, disk_mb=10808, disk_mib=10308, tmpdir=<TBD>, slurm_partition=workq, slurm_account=mnaji, mem=15GB, time=28800


        vg pack -x vg_map/ABOFRAM000707401531_19_19.vg -g vg_map/ABOFRAM000707401531_19_19.gam -Q 5 --threads 3 -o vg_map/ABOFRAM000707401531_19.pack
        
No wall time information given. This might or might not work on your cluster. If not, specify the resource runtime in your rule or as a reasonable default via --default-resources.
Job 1060 has been submitted with SLURM jobid 11149435 (log: /work/project/CASCAD/mnaji/sm_folder/results/.snakemake/slurm_logs/rule_giraffe_pack/ABOFRAM000707401531_19/11149435.log).
[Fri Sep 20 10:57:49 2024]
Finished job 1486.
679 of 886 steps (77%) done
[Fri Sep 20 10:57:49 2024]
Finished job 1458.
680 of 886 steps (77%) done
Removing temporary output vg_map/ABOFRAM007401840180_6_6.vg.
Removing temporary output vg_map/ABOFRAM007401840180_6.pack.
Removing temporary output vg_map/ABOFRAM007401840180_pt6.snarls.
[Fri Sep 20 10:57:49 2024]
Finished job 1090.
681 of 886 steps (77%) done
Removing temporary output vg_map/ABOFRAM000707401531_25_25.gam.
Select jobs to execute...
Execute 2 jobs...

[Fri Sep 20 10:57:49 2024]
rule giraffe_call:
    input: vg_map/ABOFRAM000707401531_25_25.vg, vg_map/ABOFRAM000707401531_25.pack, vg_map/ABOFRAM000707401531_pt25.snarls
    output: vg_call/ABOFRAM000707401531_25.vcf
    log: logs/vg/giraffe_call_ABOFRAM000707401531_25.log
    jobid: 1088
    reason: Missing output files: vg_call/ABOFRAM000707401531_25.vcf; Input files updated by another job: vg_map/ABOFRAM000707401531_25.pack, vg_map/ABOFRAM000707401531_pt25.snarls, vg_map/ABOFRAM000707401531_25_25.vg
    wildcards: sample=ABOFRAM000707401531, chr=25
    resources: mem_mb=11444, mem_mib=954, disk_mb=1000, disk_mib=954, tmpdir=<TBD>, slurm_partition=workq, slurm_account=mnaji, mem=12GB, time=28800


        vg call vg_map/ABOFRAM000707401531_25_25.vg -k vg_map/ABOFRAM000707401531_25.pack -r vg_map/ABOFRAM000707401531_pt25.snarls -s ABOFRAM000707401531 --threads 3 > vg_call/ABOFRAM000707401531_25.vcf 
        
No wall time information given. This might or might not work on your cluster. If not, specify the resource runtime in your rule or as a reasonable default via --default-resources.
Job 1088 has been submitted with SLURM jobid 11149437 (log: /work/project/CASCAD/mnaji/sm_folder/results/.snakemake/slurm_logs/rule_giraffe_call/ABOFRAM000707401531_25/11149437.log).

[Fri Sep 20 10:57:49 2024]
rule giraffe_pack:
    input: vg_map/ABOFRAM007401840180_11_11.vg, vg_map/ABOFRAM007401840180_11_11.gam
    output: vg_map/ABOFRAM007401840180_11.pack
    log: logs/vg/giraffe_pack_ABOFRAM007401840180_11.log
    jobid: 1485
    reason: Missing output files: vg_map/ABOFRAM007401840180_11.pack; Input files updated by another job: vg_map/ABOFRAM007401840180_11_11.vg, vg_map/ABOFRAM007401840180_11_11.gam
    wildcards: sample=ABOFRAM007401840180, chr=11
    threads: 3
    resources: mem_mb=14305, mem_mib=7630, disk_mb=8025, disk_mib=7654, tmpdir=<TBD>, slurm_partition=workq, slurm_account=mnaji, mem=15GB, time=28800


        vg pack -x vg_map/ABOFRAM007401840180_11_11.vg -g vg_map/ABOFRAM007401840180_11_11.gam -Q 5 --threads 3 -o vg_map/ABOFRAM007401840180_11.pack
        
No wall time information given. This might or might not work on your cluster. If not, specify the resource runtime in your rule or as a reasonable default via --default-resources.
Job 1485 has been submitted with SLURM jobid 11149438 (log: /work/project/CASCAD/mnaji/sm_folder/results/.snakemake/slurm_logs/rule_giraffe_pack/ABOFRAM007401840180_11/11149438.log).
[Fri Sep 20 10:57:59 2024]
Finished job 1320.
682 of 886 steps (77%) done
Removing temporary output vg_map/ABOFRAM007301868101_9_9.gam.
Select jobs to execute...
Execute 1 jobs...

[Fri Sep 20 10:57:59 2024]
rule giraffe_call:
    input: vg_map/ABOFRAM007301868101_9_9.vg, vg_map/ABOFRAM007301868101_9.pack, vg_map/ABOFRAM007301868101_pt9.snarls
    output: vg_call/ABOFRAM007301868101_9.vcf
    log: logs/vg/giraffe_call_ABOFRAM007301868101_9.log
    jobid: 1318
    reason: Missing output files: vg_call/ABOFRAM007301868101_9.vcf; Input files updated by another job: vg_map/ABOFRAM007301868101_9_9.vg, vg_map/ABOFRAM007301868101_pt9.snarls, vg_map/ABOFRAM007301868101_9.pack
    wildcards: sample=ABOFRAM007301868101, chr=9
    resources: mem_mb=11444, mem_mib=954, disk_mb=1000, disk_mib=954, tmpdir=<TBD>, slurm_partition=workq, slurm_account=mnaji, mem=12GB, time=28800


        vg call vg_map/ABOFRAM007301868101_9_9.vg -k vg_map/ABOFRAM007301868101_9.pack -r vg_map/ABOFRAM007301868101_pt9.snarls -s ABOFRAM007301868101 --threads 3 > vg_call/ABOFRAM007301868101_9.vcf 
        
No wall time information given. This might or might not work on your cluster. If not, specify the resource runtime in your rule or as a reasonable default via --default-resources.
Job 1318 has been submitted with SLURM jobid 11149439 (log: /work/project/CASCAD/mnaji/sm_folder/results/.snakemake/slurm_logs/rule_giraffe_call/ABOFRAM007301868101_9/11149439.log).
[Fri Sep 20 10:58:29 2024]
Finished job 976.
683 of 886 steps (77%) done
[Fri Sep 20 10:58:29 2024]
Finished job 1496.
684 of 886 steps (77%) done
Select jobs to execute...
Execute 2 jobs...

[Fri Sep 20 10:58:29 2024]
rule giraffe_pack:
    input: vg_map/ABOFRAM007401840180_13_13.vg, vg_map/ABOFRAM007401840180_13_13.gam
    output: vg_map/ABOFRAM007401840180_13.pack
    log: logs/vg/giraffe_pack_ABOFRAM007401840180_13.log
    jobid: 1495
    reason: Missing output files: vg_map/ABOFRAM007401840180_13.pack; Input files updated by another job: vg_map/ABOFRAM007401840180_13_13.vg, vg_map/ABOFRAM007401840180_13_13.gam
    wildcards: sample=ABOFRAM007401840180, chr=13
    threads: 3
    resources: mem_mb=14305, mem_mib=7630, disk_mb=8172, disk_mib=7794, tmpdir=<TBD>, slurm_partition=workq, slurm_account=mnaji, mem=15GB, time=28800


        vg pack -x vg_map/ABOFRAM007401840180_13_13.vg -g vg_map/ABOFRAM007401840180_13_13.gam -Q 5 --threads 3 -o vg_map/ABOFRAM007401840180_13.pack
        
No wall time information given. This might or might not work on your cluster. If not, specify the resource runtime in your rule or as a reasonable default via --default-resources.
Job 1495 has been submitted with SLURM jobid 11149446 (log: /work/project/CASCAD/mnaji/sm_folder/results/.snakemake/slurm_logs/rule_giraffe_pack/ABOFRAM007401840180_13/11149446.log).

[Fri Sep 20 10:58:30 2024]
rule giraffe_pack:
    input: vg_map/ABOFRAM000707401531_2_2.vg, vg_map/ABOFRAM000707401531_2_2.gam
    output: vg_map/ABOFRAM000707401531_2.pack
    log: logs/vg/giraffe_pack_ABOFRAM000707401531_2.log
    jobid: 975
    reason: Missing output files: vg_map/ABOFRAM000707401531_2.pack; Input files updated by another job: vg_map/ABOFRAM000707401531_2_2.vg, vg_map/ABOFRAM000707401531_2_2.gam
    wildcards: sample=ABOFRAM000707401531, chr=2
    threads: 3
    resources: mem_mb=14305, mem_mib=7630, disk_mb=8957, disk_mib=8543, tmpdir=<TBD>, slurm_partition=workq, slurm_account=mnaji, mem=15GB, time=28800


        vg pack -x vg_map/ABOFRAM000707401531_2_2.vg -g vg_map/ABOFRAM000707401531_2_2.gam -Q 5 --threads 3 -o vg_map/ABOFRAM000707401531_2.pack
        
No wall time information given. This might or might not work on your cluster. If not, specify the resource runtime in your rule or as a reasonable default via --default-resources.
Job 975 has been submitted with SLURM jobid 11149447 (log: /work/project/CASCAD/mnaji/sm_folder/results/.snakemake/slurm_logs/rule_giraffe_pack/ABOFRAM000707401531_2/11149447.log).
[Fri Sep 20 10:58:39 2024]
Finished job 1430.
685 of 886 steps (77%) done
Removing temporary output vg_map/ABOFRAM007401840180_1_1.vg.
Removing temporary output vg_map/ABOFRAM007401840180_1.pack.
Removing temporary output vg_map/ABOFRAM007401840180_pt1.snarls.
[Fri Sep 20 10:59:10 2024]
Finished job 1081.
686 of 886 steps (77%) done
[Fri Sep 20 10:59:10 2024]
Finished job 1060.
687 of 886 steps (78%) done
Removing temporary output vg_map/ABOFRAM000707401531_19_19.gam.
Select jobs to execute...
Execute 2 jobs...

[Fri Sep 20 10:59:10 2024]
rule giraffe_pack:
    input: vg_map/ABOFRAM000707401531_23_23.vg, vg_map/ABOFRAM000707401531_23_23.gam
    output: vg_map/ABOFRAM000707401531_23.pack
    log: logs/vg/giraffe_pack_ABOFRAM000707401531_23.log
    jobid: 1080
    reason: Missing output files: vg_map/ABOFRAM000707401531_23.pack; Input files updated by another job: vg_map/ABOFRAM000707401531_23_23.vg, vg_map/ABOFRAM000707401531_23_23.gam
    wildcards: sample=ABOFRAM000707401531, chr=23
    threads: 3
    resources: mem_mb=14305, mem_mib=3512, disk_mb=3682, disk_mib=3512, tmpdir=<TBD>, slurm_partition=workq, slurm_account=mnaji, mem=15GB, time=28800


        vg pack -x vg_map/ABOFRAM000707401531_23_23.vg -g vg_map/ABOFRAM000707401531_23_23.gam -Q 5 --threads 3 -o vg_map/ABOFRAM000707401531_23.pack
        
No wall time information given. This might or might not work on your cluster. If not, specify the resource runtime in your rule or as a reasonable default via --default-resources.
Job 1080 has been submitted with SLURM jobid 11149547 (log: /work/project/CASCAD/mnaji/sm_folder/results/.snakemake/slurm_logs/rule_giraffe_pack/ABOFRAM000707401531_23/11149547.log).

[Fri Sep 20 10:59:10 2024]
rule giraffe_call:
    input: vg_map/ABOFRAM000707401531_19_19.vg, vg_map/ABOFRAM000707401531_19.pack, vg_map/ABOFRAM000707401531_pt19.snarls
    output: vg_call/ABOFRAM000707401531_19.vcf
    log: logs/vg/giraffe_call_ABOFRAM000707401531_19.log
    jobid: 1058
    reason: Missing output files: vg_call/ABOFRAM000707401531_19.vcf; Input files updated by another job: vg_map/ABOFRAM000707401531_pt19.snarls, vg_map/ABOFRAM000707401531_19.pack, vg_map/ABOFRAM000707401531_19_19.vg
    wildcards: sample=ABOFRAM000707401531, chr=19
    resources: mem_mb=11444, mem_mib=954, disk_mb=1000, disk_mib=954, tmpdir=<TBD>, slurm_partition=workq, slurm_account=mnaji, mem=12GB, time=28800


        vg call vg_map/ABOFRAM000707401531_19_19.vg -k vg_map/ABOFRAM000707401531_19.pack -r vg_map/ABOFRAM000707401531_pt19.snarls -s ABOFRAM000707401531 --threads 3 > vg_call/ABOFRAM000707401531_19.vcf 
        
No wall time information given. This might or might not work on your cluster. If not, specify the resource runtime in your rule or as a reasonable default via --default-resources.
Job 1058 has been submitted with SLURM jobid 11149548 (log: /work/project/CASCAD/mnaji/sm_folder/results/.snakemake/slurm_logs/rule_giraffe_call/ABOFRAM000707401531_19/11149548.log).
[Fri Sep 20 10:59:20 2024]
Finished job 1145.
688 of 886 steps (78%) done
Removing temporary output vg_map/ABOFRAM000709524730_5_5.gam.
[Fri Sep 20 10:59:20 2024]
Finished job 863.
689 of 886 steps (78%) done
Removing temporary output vg_map/ABOFRAM000703115255_11_11.vg.
Removing temporary output vg_map/ABOFRAM000703115255_11.pack.
Removing temporary output vg_map/ABOFRAM000703115255_pt11.snarls.
Select jobs to execute...
Execute 1 jobs...

[Fri Sep 20 10:59:20 2024]
rule giraffe_call:
    input: vg_map/ABOFRAM000709524730_5_5.vg, vg_map/ABOFRAM000709524730_5.pack, vg_map/ABOFRAM000709524730_pt5.snarls
    output: vg_call/ABOFRAM000709524730_5.vcf
    log: logs/vg/giraffe_call_ABOFRAM000709524730_5.log
    jobid: 1143
    reason: Missing output files: vg_call/ABOFRAM000709524730_5.vcf; Input files updated by another job: vg_map/ABOFRAM000709524730_5_5.vg, vg_map/ABOFRAM000709524730_5.pack, vg_map/ABOFRAM000709524730_pt5.snarls
    wildcards: sample=ABOFRAM000709524730, chr=5
    resources: mem_mb=11444, mem_mib=954, disk_mb=1000, disk_mib=954, tmpdir=<TBD>, slurm_partition=workq, slurm_account=mnaji, mem=12GB, time=28800


        vg call vg_map/ABOFRAM000709524730_5_5.vg -k vg_map/ABOFRAM000709524730_5.pack -r vg_map/ABOFRAM000709524730_pt5.snarls -s ABOFRAM000709524730 --threads 3 > vg_call/ABOFRAM000709524730_5.vcf 
        
No wall time information given. This might or might not work on your cluster. If not, specify the resource runtime in your rule or as a reasonable default via --default-resources.
Job 1143 has been submitted with SLURM jobid 11149550 (log: /work/project/CASCAD/mnaji/sm_folder/results/.snakemake/slurm_logs/rule_giraffe_call/ABOFRAM000709524730_5/11149550.log).
[Fri Sep 20 10:59:50 2024]
Finished job 1166.
690 of 886 steps (78%) done
Select jobs to execute...
Execute 1 jobs...

[Fri Sep 20 10:59:50 2024]
rule giraffe_pack:
    input: vg_map/ABOFRAM000709524730_9_9.vg, vg_map/ABOFRAM000709524730_9_9.gam
    output: vg_map/ABOFRAM000709524730_9.pack
    log: logs/vg/giraffe_pack_ABOFRAM000709524730_9.log
    jobid: 1165
    reason: Missing output files: vg_map/ABOFRAM000709524730_9.pack; Input files updated by another job: vg_map/ABOFRAM000709524730_9_9.gam, vg_map/ABOFRAM000709524730_9_9.vg
    wildcards: sample=ABOFRAM000709524730, chr=9
    threads: 3
    resources: mem_mb=14305, mem_mib=7630, disk_mb=8241, disk_mib=7860, tmpdir=<TBD>, slurm_partition=workq, slurm_account=mnaji, mem=15GB, time=28800


        vg pack -x vg_map/ABOFRAM000709524730_9_9.vg -g vg_map/ABOFRAM000709524730_9_9.gam -Q 5 --threads 3 -o vg_map/ABOFRAM000709524730_9.pack
        
No wall time information given. This might or might not work on your cluster. If not, specify the resource runtime in your rule or as a reasonable default via --default-resources.
Job 1165 has been submitted with SLURM jobid 11149560 (log: /work/project/CASCAD/mnaji/sm_folder/results/.snakemake/slurm_logs/rule_giraffe_pack/ABOFRAM000709524730_9/11149560.log).
[Fri Sep 20 11:00:20 2024]
Finished job 1231.
691 of 886 steps (78%) done
[Fri Sep 20 11:00:20 2024]
Finished job 1088.
692 of 886 steps (78%) done
Removing temporary output vg_map/ABOFRAM000707401531_25_25.vg.
Removing temporary output vg_map/ABOFRAM000707401531_25.pack.
Removing temporary output vg_map/ABOFRAM000707401531_pt25.snarls.
Select jobs to execute...
Execute 1 jobs...

[Fri Sep 20 11:00:20 2024]
rule giraffe_pack:
    input: vg_map/ABOFRAM000709524730_22_22.vg, vg_map/ABOFRAM000709524730_22_22.gam
    output: vg_map/ABOFRAM000709524730_22.pack
    log: logs/vg/giraffe_pack_ABOFRAM000709524730_22.log
    jobid: 1230
    reason: Missing output files: vg_map/ABOFRAM000709524730_22.pack; Input files updated by another job: vg_map/ABOFRAM000709524730_22_22.vg, vg_map/ABOFRAM000709524730_22_22.gam
    wildcards: sample=ABOFRAM000709524730, chr=22
    threads: 3
    resources: mem_mb=14305, mem_mib=4556, disk_mb=4777, disk_mib=4556, tmpdir=<TBD>, slurm_partition=workq, slurm_account=mnaji, mem=15GB, time=28800


        vg pack -x vg_map/ABOFRAM000709524730_22_22.vg -g vg_map/ABOFRAM000709524730_22_22.gam -Q 5 --threads 3 -o vg_map/ABOFRAM000709524730_22.pack
        
No wall time information given. This might or might not work on your cluster. If not, specify the resource runtime in your rule or as a reasonable default via --default-resources.
Job 1230 has been submitted with SLURM jobid 11149570 (log: /work/project/CASCAD/mnaji/sm_folder/results/.snakemake/slurm_logs/rule_giraffe_pack/ABOFRAM000709524730_22/11149570.log).
[Fri Sep 20 11:00:50 2024]
Finished job 996.
693 of 886 steps (78%) done
[Fri Sep 20 11:00:50 2024]
Finished job 1080.
694 of 886 steps (78%) done
Removing temporary output vg_map/ABOFRAM000707401531_23_23.gam.
Select jobs to execute...
Execute 2 jobs...

[Fri Sep 20 11:00:50 2024]
rule giraffe_pack:
    input: vg_map/ABOFRAM000707401531_6_6.vg, vg_map/ABOFRAM000707401531_6_6.gam
    output: vg_map/ABOFRAM000707401531_6.pack
    log: logs/vg/giraffe_pack_ABOFRAM000707401531_6.log
    jobid: 995
    reason: Missing output files: vg_map/ABOFRAM000707401531_6.pack; Input files updated by another job: vg_map/ABOFRAM000707401531_6_6.vg, vg_map/ABOFRAM000707401531_6_6.gam
    wildcards: sample=ABOFRAM000707401531, chr=6
    threads: 3
    resources: mem_mb=14305, mem_mib=7630, disk_mb=8537, disk_mib=8142, tmpdir=<TBD>, slurm_partition=workq, slurm_account=mnaji, mem=15GB, time=28800


        vg pack -x vg_map/ABOFRAM000707401531_6_6.vg -g vg_map/ABOFRAM000707401531_6_6.gam -Q 5 --threads 3 -o vg_map/ABOFRAM000707401531_6.pack
        
No wall time information given. This might or might not work on your cluster. If not, specify the resource runtime in your rule or as a reasonable default via --default-resources.
Job 995 has been submitted with SLURM jobid 11149578 (log: /work/project/CASCAD/mnaji/sm_folder/results/.snakemake/slurm_logs/rule_giraffe_pack/ABOFRAM000707401531_6/11149578.log).

[Fri Sep 20 11:00:51 2024]
rule giraffe_call:
    input: vg_map/ABOFRAM000707401531_23_23.vg, vg_map/ABOFRAM000707401531_23.pack, vg_map/ABOFRAM000707401531_pt23.snarls
    output: vg_call/ABOFRAM000707401531_23.vcf
    log: logs/vg/giraffe_call_ABOFRAM000707401531_23.log
    jobid: 1078
    reason: Missing output files: vg_call/ABOFRAM000707401531_23.vcf; Input files updated by another job: vg_map/ABOFRAM000707401531_23.pack, vg_map/ABOFRAM000707401531_23_23.vg, vg_map/ABOFRAM000707401531_pt23.snarls
    wildcards: sample=ABOFRAM000707401531, chr=23
    resources: mem_mb=11444, mem_mib=954, disk_mb=1000, disk_mib=954, tmpdir=<TBD>, slurm_partition=workq, slurm_account=mnaji, mem=12GB, time=28800


        vg call vg_map/ABOFRAM000707401531_23_23.vg -k vg_map/ABOFRAM000707401531_23.pack -r vg_map/ABOFRAM000707401531_pt23.snarls -s ABOFRAM000707401531 --threads 3 > vg_call/ABOFRAM000707401531_23.vcf 
        
No wall time information given. This might or might not work on your cluster. If not, specify the resource runtime in your rule or as a reasonable default via --default-resources.
Job 1078 has been submitted with SLURM jobid 11149579 (log: /work/project/CASCAD/mnaji/sm_folder/results/.snakemake/slurm_logs/rule_giraffe_call/ABOFRAM000707401531_23/11149579.log).
[Fri Sep 20 11:01:00 2024]
Finished job 1495.
695 of 886 steps (78%) done
Removing temporary output vg_map/ABOFRAM007401840180_13_13.gam.
Select jobs to execute...
Execute 1 jobs...

[Fri Sep 20 11:01:00 2024]
rule giraffe_call:
    input: vg_map/ABOFRAM007401840180_13_13.vg, vg_map/ABOFRAM007401840180_13.pack, vg_map/ABOFRAM007401840180_pt13.snarls
    output: vg_call/ABOFRAM007401840180_13.vcf
    log: logs/vg/giraffe_call_ABOFRAM007401840180_13.log
    jobid: 1493
    reason: Missing output files: vg_call/ABOFRAM007401840180_13.vcf; Input files updated by another job: vg_map/ABOFRAM007401840180_13_13.vg, vg_map/ABOFRAM007401840180_13.pack, vg_map/ABOFRAM007401840180_pt13.snarls
    wildcards: sample=ABOFRAM007401840180, chr=13
    resources: mem_mb=11444, mem_mib=954, disk_mb=1000, disk_mib=954, tmpdir=<TBD>, slurm_partition=workq, slurm_account=mnaji, mem=12GB, time=28800


        vg call vg_map/ABOFRAM007401840180_13_13.vg -k vg_map/ABOFRAM007401840180_13.pack -r vg_map/ABOFRAM007401840180_pt13.snarls -s ABOFRAM007401840180 --threads 3 > vg_call/ABOFRAM007401840180_13.vcf 
        
No wall time information given. This might or might not work on your cluster. If not, specify the resource runtime in your rule or as a reasonable default via --default-resources.
Job 1493 has been submitted with SLURM jobid 11149582 (log: /work/project/CASCAD/mnaji/sm_folder/results/.snakemake/slurm_logs/rule_giraffe_call/ABOFRAM007401840180_13/11149582.log).
[Fri Sep 20 11:01:31 2024]
Finished job 1261.
696 of 886 steps (79%) done
[Fri Sep 20 11:01:31 2024]
Finished job 1318.
697 of 886 steps (79%) done
Removing temporary output vg_map/ABOFRAM007301868101_9_9.vg.
Removing temporary output vg_map/ABOFRAM007301868101_9.pack.
Removing temporary output vg_map/ABOFRAM007301868101_pt9.snarls.
[Fri Sep 20 11:01:31 2024]
Finished job 1058.
698 of 886 steps (79%) done
Removing temporary output vg_map/ABOFRAM000707401531_19_19.vg.
Removing temporary output vg_map/ABOFRAM000707401531_19.pack.
Removing temporary output vg_map/ABOFRAM000707401531_pt19.snarls.
Select jobs to execute...
Execute 2 jobs...

[Fri Sep 20 11:01:31 2024]
rule giraffe_concat:
    input: vg_call/ABOFRAM007301868101_1.vcf, vg_call/ABOFRAM007301868101_2.vcf, vg_call/ABOFRAM007301868101_3.vcf, vg_call/ABOFRAM007301868101_4.vcf, vg_call/ABOFRAM007301868101_5.vcf, vg_call/ABOFRAM007301868101_6.vcf, vg_call/ABOFRAM007301868101_7.vcf, vg_call/ABOFRAM007301868101_8.vcf, vg_call/ABOFRAM007301868101_9.vcf, vg_call/ABOFRAM007301868101_10.vcf, vg_call/ABOFRAM007301868101_11.vcf, vg_call/ABOFRAM007301868101_12.vcf, vg_call/ABOFRAM007301868101_13.vcf, vg_call/ABOFRAM007301868101_14.vcf, vg_call/ABOFRAM007301868101_15.vcf, vg_call/ABOFRAM007301868101_16.vcf, vg_call/ABOFRAM007301868101_17.vcf, vg_call/ABOFRAM007301868101_18.vcf, vg_call/ABOFRAM007301868101_19.vcf, vg_call/ABOFRAM007301868101_20.vcf, vg_call/ABOFRAM007301868101_21.vcf, vg_call/ABOFRAM007301868101_22.vcf, vg_call/ABOFRAM007301868101_23.vcf, vg_call/ABOFRAM007301868101_24.vcf, vg_call/ABOFRAM007301868101_25.vcf, vg_call/ABOFRAM007301868101_26.vcf, vg_call/ABOFRAM007301868101_27.vcf, vg_call/ABOFRAM007301868101_28.vcf, vg_call/ABOFRAM007301868101_29.vcf, vg_call/ABOFRAM007301868101_X.vcf
    output: vg_call/wg_ABOFRAM007301868101.vcf.gz
    log: logs/vg/giraffe_concat_ABOFRAM007301868101.log
    jobid: 1274
    reason: Missing output files: vg_call/wg_ABOFRAM007301868101.vcf.gz; Input files updated by another job: vg_call/ABOFRAM007301868101_18.vcf, vg_call/ABOFRAM007301868101_21.vcf, vg_call/ABOFRAM007301868101_X.vcf, vg_call/ABOFRAM007301868101_29.vcf, vg_call/ABOFRAM007301868101_20.vcf, vg_call/ABOFRAM007301868101_11.vcf, vg_call/ABOFRAM007301868101_28.vcf, vg_call/ABOFRAM007301868101_6.vcf, vg_call/ABOFRAM007301868101_3.vcf, vg_call/ABOFRAM007301868101_2.vcf, vg_call/ABOFRAM007301868101_5.vcf, vg_call/ABOFRAM007301868101_16.vcf, vg_call/ABOFRAM007301868101_4.vcf, vg_call/ABOFRAM007301868101_1.vcf, vg_call/ABOFRAM007301868101_12.vcf, vg_call/ABOFRAM007301868101_14.vcf, vg_call/ABOFRAM007301868101_17.vcf, vg_call/ABOFRAM007301868101_19.vcf, vg_call/ABOFRAM007301868101_10.vcf, vg_call/ABOFRAM007301868101_24.vcf, vg_call/ABOFRAM007301868101_25.vcf, vg_call/ABOFRAM007301868101_27.vcf, vg_call/ABOFRAM007301868101_8.vcf, vg_call/ABOFRAM007301868101_23.vcf, vg_call/ABOFRAM007301868101_9.vcf, vg_call/ABOFRAM007301868101_26.vcf, vg_call/ABOFRAM007301868101_13.vcf, vg_call/ABOFRAM007301868101_22.vcf, vg_call/ABOFRAM007301868101_7.vcf, vg_call/ABOFRAM007301868101_15.vcf
    wildcards: sample=ABOFRAM007301868101
    resources: mem_mb=11444, mem_mib=954, disk_mb=1000, disk_mib=954, tmpdir=<TBD>, slurm_partition=workq, slurm_account=mnaji, mem=12GB, time=28800


        bcftools concat vg_call/ABOFRAM007301868101_1.vcf vg_call/ABOFRAM007301868101_2.vcf vg_call/ABOFRAM007301868101_3.vcf vg_call/ABOFRAM007301868101_4.vcf vg_call/ABOFRAM007301868101_5.vcf vg_call/ABOFRAM007301868101_6.vcf vg_call/ABOFRAM007301868101_7.vcf vg_call/ABOFRAM007301868101_8.vcf vg_call/ABOFRAM007301868101_9.vcf vg_call/ABOFRAM007301868101_10.vcf vg_call/ABOFRAM007301868101_11.vcf vg_call/ABOFRAM007301868101_12.vcf vg_call/ABOFRAM007301868101_13.vcf vg_call/ABOFRAM007301868101_14.vcf vg_call/ABOFRAM007301868101_15.vcf vg_call/ABOFRAM007301868101_16.vcf vg_call/ABOFRAM007301868101_17.vcf vg_call/ABOFRAM007301868101_18.vcf vg_call/ABOFRAM007301868101_19.vcf vg_call/ABOFRAM007301868101_20.vcf vg_call/ABOFRAM007301868101_21.vcf vg_call/ABOFRAM007301868101_22.vcf vg_call/ABOFRAM007301868101_23.vcf vg_call/ABOFRAM007301868101_24.vcf vg_call/ABOFRAM007301868101_25.vcf vg_call/ABOFRAM007301868101_26.vcf vg_call/ABOFRAM007301868101_27.vcf vg_call/ABOFRAM007301868101_28.vcf vg_call/ABOFRAM007301868101_29.vcf vg_call/ABOFRAM007301868101_X.vcf --threads 3 | bcftools view -m2 -M2 --threads 3 | bcftools sort -T ../results/tmp/ | bgzip -c > vg_call/wg_ABOFRAM007301868101.vcf.gz
        
No wall time information given. This might or might not work on your cluster. If not, specify the resource runtime in your rule or as a reasonable default via --default-resources.
Job 1274 has been submitted with SLURM jobid 11149595 (log: /work/project/CASCAD/mnaji/sm_folder/results/.snakemake/slurm_logs/rule_giraffe_concat/ABOFRAM007301868101/11149595.log).

[Fri Sep 20 11:01:31 2024]
rule giraffe_pack:
    input: vg_map/ABOFRAM000709524730_28_28.vg, vg_map/ABOFRAM000709524730_28_28.gam
    output: vg_map/ABOFRAM000709524730_28.pack
    log: logs/vg/giraffe_pack_ABOFRAM000709524730_28.log
    jobid: 1260
    reason: Missing output files: vg_map/ABOFRAM000709524730_28.pack; Input files updated by another job: vg_map/ABOFRAM000709524730_28_28.gam, vg_map/ABOFRAM000709524730_28_28.vg
    wildcards: sample=ABOFRAM000709524730, chr=28
    threads: 3
    resources: mem_mb=14305, mem_mib=4253, disk_mb=4459, disk_mib=4253, tmpdir=<TBD>, slurm_partition=workq, slurm_account=mnaji, mem=15GB, time=28800


        vg pack -x vg_map/ABOFRAM000709524730_28_28.vg -g vg_map/ABOFRAM000709524730_28_28.gam -Q 5 --threads 3 -o vg_map/ABOFRAM000709524730_28.pack
        
No wall time information given. This might or might not work on your cluster. If not, specify the resource runtime in your rule or as a reasonable default via --default-resources.
Job 1260 has been submitted with SLURM jobid 11149596 (log: /work/project/CASCAD/mnaji/sm_folder/results/.snakemake/slurm_logs/rule_giraffe_pack/ABOFRAM000709524730_28/11149596.log).
[Fri Sep 20 11:01:41 2024]
Finished job 1485.
699 of 886 steps (79%) done
Removing temporary output vg_map/ABOFRAM007401840180_11_11.gam.
Select jobs to execute...
Execute 1 jobs...

[Fri Sep 20 11:01:41 2024]
rule giraffe_call:
    input: vg_map/ABOFRAM007401840180_11_11.vg, vg_map/ABOFRAM007401840180_11.pack, vg_map/ABOFRAM007401840180_pt11.snarls
    output: vg_call/ABOFRAM007401840180_11.vcf
    log: logs/vg/giraffe_call_ABOFRAM007401840180_11.log
    jobid: 1483
    reason: Missing output files: vg_call/ABOFRAM007401840180_11.vcf; Input files updated by another job: vg_map/ABOFRAM007401840180_11_11.vg, vg_map/ABOFRAM007401840180_pt11.snarls, vg_map/ABOFRAM007401840180_11.pack
    wildcards: sample=ABOFRAM007401840180, chr=11
    resources: mem_mb=11444, mem_mib=954, disk_mb=1000, disk_mib=954, tmpdir=<TBD>, slurm_partition=workq, slurm_account=mnaji, mem=12GB, time=28800


        vg call vg_map/ABOFRAM007401840180_11_11.vg -k vg_map/ABOFRAM007401840180_11.pack -r vg_map/ABOFRAM007401840180_pt11.snarls -s ABOFRAM007401840180 --threads 3 > vg_call/ABOFRAM007401840180_11.vcf 
        
No wall time information given. This might or might not work on your cluster. If not, specify the resource runtime in your rule or as a reasonable default via --default-resources.
Job 1483 has been submitted with SLURM jobid 11149602 (log: /work/project/CASCAD/mnaji/sm_folder/results/.snakemake/slurm_logs/rule_giraffe_call/ABOFRAM007401840180_11/11149602.log).
[Fri Sep 20 11:01:51 2024]
Finished job 1266.
700 of 886 steps (79%) done
Select jobs to execute...
Execute 1 jobs...

[Fri Sep 20 11:01:51 2024]
rule giraffe_pack:
    input: vg_map/ABOFRAM000709524730_29_29.vg, vg_map/ABOFRAM000709524730_29_29.gam
    output: vg_map/ABOFRAM000709524730_29.pack
    log: logs/vg/giraffe_pack_ABOFRAM000709524730_29.log
    jobid: 1265
    reason: Missing output files: vg_map/ABOFRAM000709524730_29.pack; Input files updated by another job: vg_map/ABOFRAM000709524730_29_29.vg, vg_map/ABOFRAM000709524730_29_29.gam
    wildcards: sample=ABOFRAM000709524730, chr=29
    threads: 3
    resources: mem_mb=14305, mem_mib=4689, disk_mb=4916, disk_mib=4689, tmpdir=<TBD>, slurm_partition=workq, slurm_account=mnaji, mem=15GB, time=28800


        vg pack -x vg_map/ABOFRAM000709524730_29_29.vg -g vg_map/ABOFRAM000709524730_29_29.gam -Q 5 --threads 3 -o vg_map/ABOFRAM000709524730_29.pack
        
No wall time information given. This might or might not work on your cluster. If not, specify the resource runtime in your rule or as a reasonable default via --default-resources.
Job 1265 has been submitted with SLURM jobid 11149605 (log: /work/project/CASCAD/mnaji/sm_folder/results/.snakemake/slurm_logs/rule_giraffe_pack/ABOFRAM000709524730_29/11149605.log).
[Fri Sep 20 11:02:01 2024]
Finished job 975.
701 of 886 steps (79%) done
Removing temporary output vg_map/ABOFRAM000707401531_2_2.gam.
[Fri Sep 20 11:02:01 2024]
Finished job 1274.
702 of 886 steps (79%) done
Removing temporary output vg_call/ABOFRAM007301868101_1.vcf.
Removing temporary output vg_call/ABOFRAM007301868101_2.vcf.
Removing temporary output vg_call/ABOFRAM007301868101_3.vcf.
Removing temporary output vg_call/ABOFRAM007301868101_4.vcf.
Removing temporary output vg_call/ABOFRAM007301868101_5.vcf.
Removing temporary output vg_call/ABOFRAM007301868101_6.vcf.
Removing temporary output vg_call/ABOFRAM007301868101_7.vcf.
Removing temporary output vg_call/ABOFRAM007301868101_8.vcf.
Removing temporary output vg_call/ABOFRAM007301868101_9.vcf.
Removing temporary output vg_call/ABOFRAM007301868101_10.vcf.
Removing temporary output vg_call/ABOFRAM007301868101_11.vcf.
Removing temporary output vg_call/ABOFRAM007301868101_12.vcf.
Removing temporary output vg_call/ABOFRAM007301868101_13.vcf.
Removing temporary output vg_call/ABOFRAM007301868101_14.vcf.
Removing temporary output vg_call/ABOFRAM007301868101_15.vcf.
Removing temporary output vg_call/ABOFRAM007301868101_16.vcf.
Removing temporary output vg_call/ABOFRAM007301868101_17.vcf.
Removing temporary output vg_call/ABOFRAM007301868101_18.vcf.
Removing temporary output vg_call/ABOFRAM007301868101_19.vcf.
Removing temporary output vg_call/ABOFRAM007301868101_20.vcf.
Removing temporary output vg_call/ABOFRAM007301868101_21.vcf.
Removing temporary output vg_call/ABOFRAM007301868101_22.vcf.
Removing temporary output vg_call/ABOFRAM007301868101_23.vcf.
Removing temporary output vg_call/ABOFRAM007301868101_24.vcf.
Removing temporary output vg_call/ABOFRAM007301868101_25.vcf.
Removing temporary output vg_call/ABOFRAM007301868101_26.vcf.
Removing temporary output vg_call/ABOFRAM007301868101_27.vcf.
Removing temporary output vg_call/ABOFRAM007301868101_28.vcf.
Removing temporary output vg_call/ABOFRAM007301868101_29.vcf.
Removing temporary output vg_call/ABOFRAM007301868101_X.vcf.
Select jobs to execute...
Execute 2 jobs...

[Fri Sep 20 11:02:01 2024]
rule giraffe_tabix:
    input: vg_call/wg_ABOFRAM007301868101.vcf.gz
    output: vg_call/wg_ABOFRAM007301868101.vcf.gz.tbi
    log: logs/vg/giraffe_tabix_ABOFRAM007301868101.log
    jobid: 1273
    reason: Missing output files: vg_call/wg_ABOFRAM007301868101.vcf.gz.tbi; Input files updated by another job: vg_call/wg_ABOFRAM007301868101.vcf.gz
    wildcards: sample=ABOFRAM007301868101
    resources: mem_mb=11444, mem_mib=954, disk_mb=1000, disk_mib=954, tmpdir=<TBD>, slurm_partition=workq, slurm_account=mnaji, mem=12GB, time=28800

No wall time information given. This might or might not work on your cluster. If not, specify the resource runtime in your rule or as a reasonable default via --default-resources.
Job 1273 has been submitted with SLURM jobid 11149610 (log: /work/project/CASCAD/mnaji/sm_folder/results/.snakemake/slurm_logs/rule_giraffe_tabix/ABOFRAM007301868101/11149610.log).

[Fri Sep 20 11:02:01 2024]
rule giraffe_call:
    input: vg_map/ABOFRAM000707401531_2_2.vg, vg_map/ABOFRAM000707401531_2.pack, vg_map/ABOFRAM000707401531_pt2.snarls
    output: vg_call/ABOFRAM000707401531_2.vcf
    log: logs/vg/giraffe_call_ABOFRAM000707401531_2.log
    jobid: 973
    reason: Missing output files: vg_call/ABOFRAM000707401531_2.vcf; Input files updated by another job: vg_map/ABOFRAM000707401531_2.pack, vg_map/ABOFRAM000707401531_2_2.vg, vg_map/ABOFRAM000707401531_pt2.snarls
    wildcards: sample=ABOFRAM000707401531, chr=2
    resources: mem_mb=11444, mem_mib=954, disk_mb=1000, disk_mib=954, tmpdir=<TBD>, slurm_partition=workq, slurm_account=mnaji, mem=12GB, time=28800


        vg call vg_map/ABOFRAM000707401531_2_2.vg -k vg_map/ABOFRAM000707401531_2.pack -r vg_map/ABOFRAM000707401531_pt2.snarls -s ABOFRAM000707401531 --threads 3 > vg_call/ABOFRAM000707401531_2.vcf 
        
No wall time information given. This might or might not work on your cluster. If not, specify the resource runtime in your rule or as a reasonable default via --default-resources.
Job 973 has been submitted with SLURM jobid 11149611 (log: /work/project/CASCAD/mnaji/sm_folder/results/.snakemake/slurm_logs/rule_giraffe_call/ABOFRAM000707401531_2/11149611.log).
[Fri Sep 20 11:02:31 2024]
Finished job 1143.
703 of 886 steps (79%) done
Removing temporary output vg_map/ABOFRAM000709524730_5_5.vg.
Removing temporary output vg_map/ABOFRAM000709524730_5.pack.
Removing temporary output vg_map/ABOFRAM000709524730_pt5.snarls.
[Fri Sep 20 11:02:31 2024]
Finished job 1230.
704 of 886 steps (79%) done
Removing temporary output vg_map/ABOFRAM000709524730_22_22.gam.
[Fri Sep 20 11:02:31 2024]
Finished job 1078.
705 of 886 steps (80%) done
Removing temporary output vg_map/ABOFRAM000707401531_23_23.vg.
Removing temporary output vg_map/ABOFRAM000707401531_23.pack.
Removing temporary output vg_map/ABOFRAM000707401531_pt23.snarls.
Select jobs to execute...
Execute 1 jobs...

[Fri Sep 20 11:02:31 2024]
rule giraffe_call:
    input: vg_map/ABOFRAM000709524730_22_22.vg, vg_map/ABOFRAM000709524730_22.pack, vg_map/ABOFRAM000709524730_pt22.snarls
    output: vg_call/ABOFRAM000709524730_22.vcf
    log: logs/vg/giraffe_call_ABOFRAM000709524730_22.log
    jobid: 1228
    reason: Missing output files: vg_call/ABOFRAM000709524730_22.vcf; Input files updated by another job: vg_map/ABOFRAM000709524730_22.pack, vg_map/ABOFRAM000709524730_22_22.vg, vg_map/ABOFRAM000709524730_pt22.snarls
    wildcards: sample=ABOFRAM000709524730, chr=22
    resources: mem_mb=11444, mem_mib=954, disk_mb=1000, disk_mib=954, tmpdir=<TBD>, slurm_partition=workq, slurm_account=mnaji, mem=12GB, time=28800


        vg call vg_map/ABOFRAM000709524730_22_22.vg -k vg_map/ABOFRAM000709524730_22.pack -r vg_map/ABOFRAM000709524730_pt22.snarls -s ABOFRAM000709524730 --threads 3 > vg_call/ABOFRAM000709524730_22.vcf 
        
No wall time information given. This might or might not work on your cluster. If not, specify the resource runtime in your rule or as a reasonable default via --default-resources.
Job 1228 has been submitted with SLURM jobid 11149806 (log: /work/project/CASCAD/mnaji/sm_folder/results/.snakemake/slurm_logs/rule_giraffe_call/ABOFRAM000709524730_22/11149806.log).
[Fri Sep 20 11:02:41 2024]
Finished job 1273.
706 of 886 steps (80%) done
[Fri Sep 20 11:02:51 2024]
Finished job 1196.
707 of 886 steps (80%) done
Select jobs to execute...
Execute 1 jobs...

[Fri Sep 20 11:02:51 2024]
rule giraffe_pack:
    input: vg_map/ABOFRAM000709524730_15_15.vg, vg_map/ABOFRAM000709524730_15_15.gam
    output: vg_map/ABOFRAM000709524730_15.pack
    log: logs/vg/giraffe_pack_ABOFRAM000709524730_15.log
    jobid: 1195
    reason: Missing output files: vg_map/ABOFRAM000709524730_15.pack; Input files updated by another job: vg_map/ABOFRAM000709524730_15_15.vg, vg_map/ABOFRAM000709524730_15_15.gam
    wildcards: sample=ABOFRAM000709524730, chr=15
    threads: 3
    resources: mem_mb=14305, mem_mib=7630, disk_mb=8090, disk_mib=7716, tmpdir=<TBD>, slurm_partition=workq, slurm_account=mnaji, mem=15GB, time=28800


        vg pack -x vg_map/ABOFRAM000709524730_15_15.vg -g vg_map/ABOFRAM000709524730_15_15.gam -Q 5 --threads 3 -o vg_map/ABOFRAM000709524730_15.pack
        
No wall time information given. This might or might not work on your cluster. If not, specify the resource runtime in your rule or as a reasonable default via --default-resources.
Job 1195 has been submitted with SLURM jobid 11149810 (log: /work/project/CASCAD/mnaji/sm_folder/results/.snakemake/slurm_logs/rule_giraffe_pack/ABOFRAM000709524730_15/11149810.log).
[Fri Sep 20 11:03:01 2024]
Finished job 1151.
708 of 886 steps (80%) done
[Fri Sep 20 11:03:01 2024]
Finished job 1165.
709 of 886 steps (80%) done
Removing temporary output vg_map/ABOFRAM000709524730_9_9.gam.
[Fri Sep 20 11:03:01 2024]
Finished job 1493.
710 of 886 steps (80%) done
Removing temporary output vg_map/ABOFRAM007401840180_13_13.vg.
Removing temporary output vg_map/ABOFRAM007401840180_13.pack.
Removing temporary output vg_map/ABOFRAM007401840180_pt13.snarls.
[Fri Sep 20 11:03:01 2024]
Finished job 1260.
711 of 886 steps (80%) done
Removing temporary output vg_map/ABOFRAM000709524730_28_28.gam.
Select jobs to execute...
Execute 3 jobs...

[Fri Sep 20 11:03:01 2024]
rule giraffe_call:
    input: vg_map/ABOFRAM000709524730_9_9.vg, vg_map/ABOFRAM000709524730_9.pack, vg_map/ABOFRAM000709524730_pt9.snarls
    output: vg_call/ABOFRAM000709524730_9.vcf
    log: logs/vg/giraffe_call_ABOFRAM000709524730_9.log
    jobid: 1163
    reason: Missing output files: vg_call/ABOFRAM000709524730_9.vcf; Input files updated by another job: vg_map/ABOFRAM000709524730_9.pack, vg_map/ABOFRAM000709524730_pt9.snarls, vg_map/ABOFRAM000709524730_9_9.vg
    wildcards: sample=ABOFRAM000709524730, chr=9
    resources: mem_mb=11444, mem_mib=954, disk_mb=1000, disk_mib=954, tmpdir=<TBD>, slurm_partition=workq, slurm_account=mnaji, mem=12GB, time=28800


        vg call vg_map/ABOFRAM000709524730_9_9.vg -k vg_map/ABOFRAM000709524730_9.pack -r vg_map/ABOFRAM000709524730_pt9.snarls -s ABOFRAM000709524730 --threads 3 > vg_call/ABOFRAM000709524730_9.vcf 
        
No wall time information given. This might or might not work on your cluster. If not, specify the resource runtime in your rule or as a reasonable default via --default-resources.
Job 1163 has been submitted with SLURM jobid 11149811 (log: /work/project/CASCAD/mnaji/sm_folder/results/.snakemake/slurm_logs/rule_giraffe_call/ABOFRAM000709524730_9/11149811.log).

[Fri Sep 20 11:03:02 2024]
rule giraffe_call:
    input: vg_map/ABOFRAM000709524730_28_28.vg, vg_map/ABOFRAM000709524730_28.pack, vg_map/ABOFRAM000709524730_pt28.snarls
    output: vg_call/ABOFRAM000709524730_28.vcf
    log: logs/vg/giraffe_call_ABOFRAM000709524730_28.log
    jobid: 1258
    reason: Missing output files: vg_call/ABOFRAM000709524730_28.vcf; Input files updated by another job: vg_map/ABOFRAM000709524730_pt28.snarls, vg_map/ABOFRAM000709524730_28_28.vg, vg_map/ABOFRAM000709524730_28.pack
    wildcards: sample=ABOFRAM000709524730, chr=28
    resources: mem_mb=11444, mem_mib=954, disk_mb=1000, disk_mib=954, tmpdir=<TBD>, slurm_partition=workq, slurm_account=mnaji, mem=12GB, time=28800


        vg call vg_map/ABOFRAM000709524730_28_28.vg -k vg_map/ABOFRAM000709524730_28.pack -r vg_map/ABOFRAM000709524730_pt28.snarls -s ABOFRAM000709524730 --threads 3 > vg_call/ABOFRAM000709524730_28.vcf 
        
No wall time information given. This might or might not work on your cluster. If not, specify the resource runtime in your rule or as a reasonable default via --default-resources.
Job 1258 has been submitted with SLURM jobid 11149812 (log: /work/project/CASCAD/mnaji/sm_folder/results/.snakemake/slurm_logs/rule_giraffe_call/ABOFRAM000709524730_28/11149812.log).

[Fri Sep 20 11:03:02 2024]
rule giraffe_pack:
    input: vg_map/ABOFRAM000709524730_6_6.vg, vg_map/ABOFRAM000709524730_6_6.gam
    output: vg_map/ABOFRAM000709524730_6.pack
    log: logs/vg/giraffe_pack_ABOFRAM000709524730_6.log
    jobid: 1150
    reason: Missing output files: vg_map/ABOFRAM000709524730_6.pack; Input files updated by another job: vg_map/ABOFRAM000709524730_6_6.vg, vg_map/ABOFRAM000709524730_6_6.gam
    wildcards: sample=ABOFRAM000709524730, chr=6
    threads: 3
    resources: mem_mb=14305, mem_mib=7630, disk_mb=9026, disk_mib=8608, tmpdir=<TBD>, slurm_partition=workq, slurm_account=mnaji, mem=15GB, time=28800


        vg pack -x vg_map/ABOFRAM000709524730_6_6.vg -g vg_map/ABOFRAM000709524730_6_6.gam -Q 5 --threads 3 -o vg_map/ABOFRAM000709524730_6.pack
        
No wall time information given. This might or might not work on your cluster. If not, specify the resource runtime in your rule or as a reasonable default via --default-resources.
Job 1150 has been submitted with SLURM jobid 11149813 (log: /work/project/CASCAD/mnaji/sm_folder/results/.snakemake/slurm_logs/rule_giraffe_pack/ABOFRAM000709524730_6/11149813.log).
[Fri Sep 20 11:04:02 2024]
Finished job 1265.
712 of 886 steps (80%) done
Removing temporary output vg_map/ABOFRAM000709524730_29_29.gam.
Select jobs to execute...
Execute 1 jobs...

[Fri Sep 20 11:04:02 2024]
rule giraffe_call:
    input: vg_map/ABOFRAM000709524730_29_29.vg, vg_map/ABOFRAM000709524730_29.pack, vg_map/ABOFRAM000709524730_pt29.snarls
    output: vg_call/ABOFRAM000709524730_29.vcf
    log: logs/vg/giraffe_call_ABOFRAM000709524730_29.log
    jobid: 1263
    reason: Missing output files: vg_call/ABOFRAM000709524730_29.vcf; Input files updated by another job: vg_map/ABOFRAM000709524730_29_29.vg, vg_map/ABOFRAM000709524730_pt29.snarls, vg_map/ABOFRAM000709524730_29.pack
    wildcards: sample=ABOFRAM000709524730, chr=29
    resources: mem_mb=11444, mem_mib=954, disk_mb=1000, disk_mib=954, tmpdir=<TBD>, slurm_partition=workq, slurm_account=mnaji, mem=12GB, time=28800


        vg call vg_map/ABOFRAM000709524730_29_29.vg -k vg_map/ABOFRAM000709524730_29.pack -r vg_map/ABOFRAM000709524730_pt29.snarls -s ABOFRAM000709524730 --threads 3 > vg_call/ABOFRAM000709524730_29.vcf 
        
No wall time information given. This might or might not work on your cluster. If not, specify the resource runtime in your rule or as a reasonable default via --default-resources.
Job 1263 has been submitted with SLURM jobid 11150022 (log: /work/project/CASCAD/mnaji/sm_folder/results/.snakemake/slurm_logs/rule_giraffe_call/ABOFRAM000709524730_29/11150022.log).
[Fri Sep 20 11:04:12 2024]
Finished job 1483.
713 of 886 steps (80%) done
Removing temporary output vg_map/ABOFRAM007401840180_11_11.vg.
Removing temporary output vg_map/ABOFRAM007401840180_11.pack.
Removing temporary output vg_map/ABOFRAM007401840180_pt11.snarls.
[Fri Sep 20 11:04:12 2024]
Finished job 1228.
714 of 886 steps (81%) done
Removing temporary output vg_map/ABOFRAM000709524730_22_22.vg.
Removing temporary output vg_map/ABOFRAM000709524730_22.pack.
Removing temporary output vg_map/ABOFRAM000709524730_pt22.snarls.
Select jobs to execute...
Execute 1 jobs...

[Fri Sep 20 11:04:12 2024]
rule giraffe_concat:
    input: vg_call/ABOFRAM007401840180_1.vcf, vg_call/ABOFRAM007401840180_2.vcf, vg_call/ABOFRAM007401840180_3.vcf, vg_call/ABOFRAM007401840180_4.vcf, vg_call/ABOFRAM007401840180_5.vcf, vg_call/ABOFRAM007401840180_6.vcf, vg_call/ABOFRAM007401840180_7.vcf, vg_call/ABOFRAM007401840180_8.vcf, vg_call/ABOFRAM007401840180_9.vcf, vg_call/ABOFRAM007401840180_10.vcf, vg_call/ABOFRAM007401840180_11.vcf, vg_call/ABOFRAM007401840180_12.vcf, vg_call/ABOFRAM007401840180_13.vcf, vg_call/ABOFRAM007401840180_14.vcf, vg_call/ABOFRAM007401840180_15.vcf, vg_call/ABOFRAM007401840180_16.vcf, vg_call/ABOFRAM007401840180_17.vcf, vg_call/ABOFRAM007401840180_18.vcf, vg_call/ABOFRAM007401840180_19.vcf, vg_call/ABOFRAM007401840180_20.vcf, vg_call/ABOFRAM007401840180_21.vcf, vg_call/ABOFRAM007401840180_22.vcf, vg_call/ABOFRAM007401840180_23.vcf, vg_call/ABOFRAM007401840180_24.vcf, vg_call/ABOFRAM007401840180_25.vcf, vg_call/ABOFRAM007401840180_26.vcf, vg_call/ABOFRAM007401840180_27.vcf, vg_call/ABOFRAM007401840180_28.vcf, vg_call/ABOFRAM007401840180_29.vcf, vg_call/ABOFRAM007401840180_X.vcf
    output: vg_call/wg_ABOFRAM007401840180.vcf.gz
    log: logs/vg/giraffe_concat_ABOFRAM007401840180.log
    jobid: 1429
    reason: Missing output files: vg_call/wg_ABOFRAM007401840180.vcf.gz; Input files updated by another job: vg_call/ABOFRAM007401840180_4.vcf, vg_call/ABOFRAM007401840180_9.vcf, vg_call/ABOFRAM007401840180_11.vcf, vg_call/ABOFRAM007401840180_25.vcf, vg_call/ABOFRAM007401840180_21.vcf, vg_call/ABOFRAM007401840180_1.vcf, vg_call/ABOFRAM007401840180_12.vcf, vg_call/ABOFRAM007401840180_22.vcf, vg_call/ABOFRAM007401840180_28.vcf, vg_call/ABOFRAM007401840180_6.vcf, vg_call/ABOFRAM007401840180_16.vcf, vg_call/ABOFRAM007401840180_5.vcf, vg_call/ABOFRAM007401840180_7.vcf, vg_call/ABOFRAM007401840180_8.vcf, vg_call/ABOFRAM007401840180_10.vcf, vg_call/ABOFRAM007401840180_3.vcf, vg_call/ABOFRAM007401840180_13.vcf, vg_call/ABOFRAM007401840180_24.vcf, vg_call/ABOFRAM007401840180_27.vcf, vg_call/ABOFRAM007401840180_17.vcf, vg_call/ABOFRAM007401840180_23.vcf, vg_call/ABOFRAM007401840180_2.vcf, vg_call/ABOFRAM007401840180_15.vcf, vg_call/ABOFRAM007401840180_14.vcf, vg_call/ABOFRAM007401840180_18.vcf, vg_call/ABOFRAM007401840180_20.vcf, vg_call/ABOFRAM007401840180_19.vcf, vg_call/ABOFRAM007401840180_X.vcf, vg_call/ABOFRAM007401840180_29.vcf, vg_call/ABOFRAM007401840180_26.vcf
    wildcards: sample=ABOFRAM007401840180
    resources: mem_mb=11444, mem_mib=954, disk_mb=1000, disk_mib=954, tmpdir=<TBD>, slurm_partition=workq, slurm_account=mnaji, mem=12GB, time=28800


        bcftools concat vg_call/ABOFRAM007401840180_1.vcf vg_call/ABOFRAM007401840180_2.vcf vg_call/ABOFRAM007401840180_3.vcf vg_call/ABOFRAM007401840180_4.vcf vg_call/ABOFRAM007401840180_5.vcf vg_call/ABOFRAM007401840180_6.vcf vg_call/ABOFRAM007401840180_7.vcf vg_call/ABOFRAM007401840180_8.vcf vg_call/ABOFRAM007401840180_9.vcf vg_call/ABOFRAM007401840180_10.vcf vg_call/ABOFRAM007401840180_11.vcf vg_call/ABOFRAM007401840180_12.vcf vg_call/ABOFRAM007401840180_13.vcf vg_call/ABOFRAM007401840180_14.vcf vg_call/ABOFRAM007401840180_15.vcf vg_call/ABOFRAM007401840180_16.vcf vg_call/ABOFRAM007401840180_17.vcf vg_call/ABOFRAM007401840180_18.vcf vg_call/ABOFRAM007401840180_19.vcf vg_call/ABOFRAM007401840180_20.vcf vg_call/ABOFRAM007401840180_21.vcf vg_call/ABOFRAM007401840180_22.vcf vg_call/ABOFRAM007401840180_23.vcf vg_call/ABOFRAM007401840180_24.vcf vg_call/ABOFRAM007401840180_25.vcf vg_call/ABOFRAM007401840180_26.vcf vg_call/ABOFRAM007401840180_27.vcf vg_call/ABOFRAM007401840180_28.vcf vg_call/ABOFRAM007401840180_29.vcf vg_call/ABOFRAM007401840180_X.vcf --threads 3 | bcftools view -m2 -M2 --threads 3 | bcftools sort -T ../results/tmp/ | bgzip -c > vg_call/wg_ABOFRAM007401840180.vcf.gz
        
No wall time information given. This might or might not work on your cluster. If not, specify the resource runtime in your rule or as a reasonable default via --default-resources.
Job 1429 has been submitted with SLURM jobid 11150031 (log: /work/project/CASCAD/mnaji/sm_folder/results/.snakemake/slurm_logs/rule_giraffe_concat/ABOFRAM007401840180/11150031.log).
[Fri Sep 20 11:04:22 2024]
Finished job 995.
715 of 886 steps (81%) done
Removing temporary output vg_map/ABOFRAM000707401531_6_6.gam.
Select jobs to execute...
Execute 1 jobs...

[Fri Sep 20 11:04:22 2024]
rule giraffe_call:
    input: vg_map/ABOFRAM000707401531_6_6.vg, vg_map/ABOFRAM000707401531_6.pack, vg_map/ABOFRAM000707401531_pt6.snarls
    output: vg_call/ABOFRAM000707401531_6.vcf
    log: logs/vg/giraffe_call_ABOFRAM000707401531_6.log
    jobid: 993
    reason: Missing output files: vg_call/ABOFRAM000707401531_6.vcf; Input files updated by another job: vg_map/ABOFRAM000707401531_6_6.vg, vg_map/ABOFRAM000707401531_pt6.snarls, vg_map/ABOFRAM000707401531_6.pack
    wildcards: sample=ABOFRAM000707401531, chr=6
    resources: mem_mb=11444, mem_mib=954, disk_mb=1000, disk_mib=954, tmpdir=<TBD>, slurm_partition=workq, slurm_account=mnaji, mem=12GB, time=28800


        vg call vg_map/ABOFRAM000707401531_6_6.vg -k vg_map/ABOFRAM000707401531_6.pack -r vg_map/ABOFRAM000707401531_pt6.snarls -s ABOFRAM000707401531 --threads 3 > vg_call/ABOFRAM000707401531_6.vcf 
        
No wall time information given. This might or might not work on your cluster. If not, specify the resource runtime in your rule or as a reasonable default via --default-resources.
Job 993 has been submitted with SLURM jobid 11150042 (log: /work/project/CASCAD/mnaji/sm_folder/results/.snakemake/slurm_logs/rule_giraffe_call/ABOFRAM000707401531_6/11150042.log).
[Fri Sep 20 11:05:22 2024]
Finished job 836.
716 of 886 steps (81%) done
[Fri Sep 20 11:05:22 2024]
Finished job 1195.
717 of 886 steps (81%) done
Removing temporary output vg_map/ABOFRAM000709524730_15_15.gam.
[Fri Sep 20 11:05:22 2024]
Finished job 1258.
718 of 886 steps (81%) done
Removing temporary output vg_map/ABOFRAM000709524730_28_28.vg.
Removing temporary output vg_map/ABOFRAM000709524730_28.pack.
Removing temporary output vg_map/ABOFRAM000709524730_pt28.snarls.
Select jobs to execute...
Execute 2 jobs...

[Fri Sep 20 11:05:22 2024]
rule giraffe_call:
    input: vg_map/ABOFRAM000709524730_15_15.vg, vg_map/ABOFRAM000709524730_15.pack, vg_map/ABOFRAM000709524730_pt15.snarls
    output: vg_call/ABOFRAM000709524730_15.vcf
    log: logs/vg/giraffe_call_ABOFRAM000709524730_15.log
    jobid: 1193
    reason: Missing output files: vg_call/ABOFRAM000709524730_15.vcf; Input files updated by another job: vg_map/ABOFRAM000709524730_15_15.vg, vg_map/ABOFRAM000709524730_15.pack, vg_map/ABOFRAM000709524730_pt15.snarls
    wildcards: sample=ABOFRAM000709524730, chr=15
    resources: mem_mb=11444, mem_mib=954, disk_mb=1000, disk_mib=954, tmpdir=<TBD>, slurm_partition=workq, slurm_account=mnaji, mem=12GB, time=28800


        vg call vg_map/ABOFRAM000709524730_15_15.vg -k vg_map/ABOFRAM000709524730_15.pack -r vg_map/ABOFRAM000709524730_pt15.snarls -s ABOFRAM000709524730 --threads 3 > vg_call/ABOFRAM000709524730_15.vcf 
        
No wall time information given. This might or might not work on your cluster. If not, specify the resource runtime in your rule or as a reasonable default via --default-resources.
Job 1193 has been submitted with SLURM jobid 11150064 (log: /work/project/CASCAD/mnaji/sm_folder/results/.snakemake/slurm_logs/rule_giraffe_call/ABOFRAM000709524730_15/11150064.log).

[Fri Sep 20 11:05:23 2024]
rule giraffe_pack:
    input: vg_map/ABOFRAM000703115255_5_5.vg, vg_map/ABOFRAM000703115255_5_5.gam
    output: vg_map/ABOFRAM000703115255_5.pack
    log: logs/vg/giraffe_pack_ABOFRAM000703115255_5.log
    jobid: 835
    reason: Missing output files: vg_map/ABOFRAM000703115255_5.pack; Input files updated by another job: vg_map/ABOFRAM000703115255_5_5.gam, vg_map/ABOFRAM000703115255_5_5.vg
    wildcards: sample=ABOFRAM000703115255, chr=5
    threads: 3
    resources: mem_mb=14305, mem_mib=7630, disk_mb=11128, disk_mib=10613, tmpdir=<TBD>, slurm_partition=workq, slurm_account=mnaji, mem=15GB, time=28800


        vg pack -x vg_map/ABOFRAM000703115255_5_5.vg -g vg_map/ABOFRAM000703115255_5_5.gam -Q 5 --threads 3 -o vg_map/ABOFRAM000703115255_5.pack
        
No wall time information given. This might or might not work on your cluster. If not, specify the resource runtime in your rule or as a reasonable default via --default-resources.
Job 835 has been submitted with SLURM jobid 11150065 (log: /work/project/CASCAD/mnaji/sm_folder/results/.snakemake/slurm_logs/rule_giraffe_pack/ABOFRAM000703115255_5/11150065.log).
[Fri Sep 20 11:05:52 2024]
Finished job 973.
719 of 886 steps (81%) done
Removing temporary output vg_map/ABOFRAM000707401531_2_2.vg.
Removing temporary output vg_map/ABOFRAM000707401531_2.pack.
Removing temporary output vg_map/ABOFRAM000707401531_pt2.snarls.
[Fri Sep 20 11:05:52 2024]
Finished job 1163.
720 of 886 steps (81%) done
Removing temporary output vg_map/ABOFRAM000709524730_9_9.vg.
Removing temporary output vg_map/ABOFRAM000709524730_9.pack.
Removing temporary output vg_map/ABOFRAM000709524730_pt9.snarls.
[Fri Sep 20 11:06:02 2024]
Finished job 1150.
721 of 886 steps (81%) done
Removing temporary output vg_map/ABOFRAM000709524730_6_6.gam.
Select jobs to execute...
Execute 1 jobs...

[Fri Sep 20 11:06:02 2024]
rule giraffe_call:
    input: vg_map/ABOFRAM000709524730_6_6.vg, vg_map/ABOFRAM000709524730_6.pack, vg_map/ABOFRAM000709524730_pt6.snarls
    output: vg_call/ABOFRAM000709524730_6.vcf
    log: logs/vg/giraffe_call_ABOFRAM000709524730_6.log
    jobid: 1148
    reason: Missing output files: vg_call/ABOFRAM000709524730_6.vcf; Input files updated by another job: vg_map/ABOFRAM000709524730_pt6.snarls, vg_map/ABOFRAM000709524730_6_6.vg, vg_map/ABOFRAM000709524730_6.pack
    wildcards: sample=ABOFRAM000709524730, chr=6
    resources: mem_mb=11444, mem_mib=954, disk_mb=1000, disk_mib=954, tmpdir=<TBD>, slurm_partition=workq, slurm_account=mnaji, mem=12GB, time=28800


        vg call vg_map/ABOFRAM000709524730_6_6.vg -k vg_map/ABOFRAM000709524730_6.pack -r vg_map/ABOFRAM000709524730_pt6.snarls -s ABOFRAM000709524730 --threads 3 > vg_call/ABOFRAM000709524730_6.vcf 
        
No wall time information given. This might or might not work on your cluster. If not, specify the resource runtime in your rule or as a reasonable default via --default-resources.
Job 1148 has been submitted with SLURM jobid 11150078 (log: /work/project/CASCAD/mnaji/sm_folder/results/.snakemake/slurm_logs/rule_giraffe_call/ABOFRAM000709524730_6/11150078.log).
[Fri Sep 20 11:07:43 2024]
Finished job 1171.
722 of 886 steps (81%) done
Select jobs to execute...
Execute 1 jobs...

[Fri Sep 20 11:07:43 2024]
rule giraffe_pack:
    input: vg_map/ABOFRAM000709524730_10_10.vg, vg_map/ABOFRAM000709524730_10_10.gam
    output: vg_map/ABOFRAM000709524730_10.pack
    log: logs/vg/giraffe_pack_ABOFRAM000709524730_10.log
    jobid: 1170
    reason: Missing output files: vg_map/ABOFRAM000709524730_10.pack; Input files updated by another job: vg_map/ABOFRAM000709524730_10_10.vg, vg_map/ABOFRAM000709524730_10_10.gam
    wildcards: sample=ABOFRAM000709524730, chr=10
    threads: 3
    resources: mem_mb=14305, mem_mib=7630, disk_mb=8079, disk_mib=7705, tmpdir=<TBD>, slurm_partition=workq, slurm_account=mnaji, mem=15GB, time=28800


        vg pack -x vg_map/ABOFRAM000709524730_10_10.vg -g vg_map/ABOFRAM000709524730_10_10.gam -Q 5 --threads 3 -o vg_map/ABOFRAM000709524730_10.pack
        
No wall time information given. This might or might not work on your cluster. If not, specify the resource runtime in your rule or as a reasonable default via --default-resources.
Job 1170 has been submitted with SLURM jobid 11150270 (log: /work/project/CASCAD/mnaji/sm_folder/results/.snakemake/slurm_logs/rule_giraffe_pack/ABOFRAM000709524730_10/11150270.log).
[Fri Sep 20 11:08:43 2024]
Finished job 1251.
723 of 886 steps (82%) done
Select jobs to execute...
Execute 1 jobs...

[Fri Sep 20 11:08:43 2024]
rule giraffe_pack:
    input: vg_map/ABOFRAM000709524730_26_26.vg, vg_map/ABOFRAM000709524730_26_26.gam
    output: vg_map/ABOFRAM000709524730_26.pack
    log: logs/vg/giraffe_pack_ABOFRAM000709524730_26.log
    jobid: 1250
    reason: Missing output files: vg_map/ABOFRAM000709524730_26.pack; Input files updated by another job: vg_map/ABOFRAM000709524730_26_26.vg, vg_map/ABOFRAM000709524730_26_26.gam
    wildcards: sample=ABOFRAM000709524730, chr=26
    threads: 3
    resources: mem_mb=14305, mem_mib=3878, disk_mb=4066, disk_mib=3878, tmpdir=<TBD>, slurm_partition=workq, slurm_account=mnaji, mem=15GB, time=28800


        vg pack -x vg_map/ABOFRAM000709524730_26_26.vg -g vg_map/ABOFRAM000709524730_26_26.gam -Q 5 --threads 3 -o vg_map/ABOFRAM000709524730_26.pack
        
No wall time information given. This might or might not work on your cluster. If not, specify the resource runtime in your rule or as a reasonable default via --default-resources.
Job 1250 has been submitted with SLURM jobid 11150333 (log: /work/project/CASCAD/mnaji/sm_folder/results/.snakemake/slurm_logs/rule_giraffe_pack/ABOFRAM000709524730_26/11150333.log).
[Fri Sep 20 11:09:13 2024]
Finished job 1181.
724 of 886 steps (82%) done
[Fri Sep 20 11:09:13 2024]
Finished job 1429.
725 of 886 steps (82%) done
Removing temporary output vg_call/ABOFRAM007401840180_1.vcf.
Removing temporary output vg_call/ABOFRAM007401840180_2.vcf.
Removing temporary output vg_call/ABOFRAM007401840180_3.vcf.
Removing temporary output vg_call/ABOFRAM007401840180_4.vcf.
Removing temporary output vg_call/ABOFRAM007401840180_5.vcf.
Removing temporary output vg_call/ABOFRAM007401840180_6.vcf.
Removing temporary output vg_call/ABOFRAM007401840180_7.vcf.
Removing temporary output vg_call/ABOFRAM007401840180_8.vcf.
Removing temporary output vg_call/ABOFRAM007401840180_9.vcf.
Removing temporary output vg_call/ABOFRAM007401840180_10.vcf.
Removing temporary output vg_call/ABOFRAM007401840180_11.vcf.
Removing temporary output vg_call/ABOFRAM007401840180_12.vcf.
Removing temporary output vg_call/ABOFRAM007401840180_13.vcf.
Removing temporary output vg_call/ABOFRAM007401840180_14.vcf.
Removing temporary output vg_call/ABOFRAM007401840180_15.vcf.
Removing temporary output vg_call/ABOFRAM007401840180_16.vcf.
Removing temporary output vg_call/ABOFRAM007401840180_17.vcf.
Removing temporary output vg_call/ABOFRAM007401840180_18.vcf.
Removing temporary output vg_call/ABOFRAM007401840180_19.vcf.
Removing temporary output vg_call/ABOFRAM007401840180_20.vcf.
Removing temporary output vg_call/ABOFRAM007401840180_21.vcf.
Removing temporary output vg_call/ABOFRAM007401840180_22.vcf.
Removing temporary output vg_call/ABOFRAM007401840180_23.vcf.
Removing temporary output vg_call/ABOFRAM007401840180_24.vcf.
Removing temporary output vg_call/ABOFRAM007401840180_25.vcf.
Removing temporary output vg_call/ABOFRAM007401840180_26.vcf.
Removing temporary output vg_call/ABOFRAM007401840180_27.vcf.
Removing temporary output vg_call/ABOFRAM007401840180_28.vcf.
Removing temporary output vg_call/ABOFRAM007401840180_29.vcf.
Removing temporary output vg_call/ABOFRAM007401840180_X.vcf.
Select jobs to execute...
Execute 2 jobs...

[Fri Sep 20 11:09:14 2024]
rule giraffe_tabix:
    input: vg_call/wg_ABOFRAM007401840180.vcf.gz
    output: vg_call/wg_ABOFRAM007401840180.vcf.gz.tbi
    log: logs/vg/giraffe_tabix_ABOFRAM007401840180.log
    jobid: 1428
    reason: Missing output files: vg_call/wg_ABOFRAM007401840180.vcf.gz.tbi; Input files updated by another job: vg_call/wg_ABOFRAM007401840180.vcf.gz
    wildcards: sample=ABOFRAM007401840180
    resources: mem_mb=11444, mem_mib=954, disk_mb=1000, disk_mib=954, tmpdir=<TBD>, slurm_partition=workq, slurm_account=mnaji, mem=12GB, time=28800

No wall time information given. This might or might not work on your cluster. If not, specify the resource runtime in your rule or as a reasonable default via --default-resources.
Job 1428 has been submitted with SLURM jobid 11150340 (log: /work/project/CASCAD/mnaji/sm_folder/results/.snakemake/slurm_logs/rule_giraffe_tabix/ABOFRAM007401840180/11150340.log).

[Fri Sep 20 11:09:14 2024]
rule giraffe_pack:
    input: vg_map/ABOFRAM000709524730_12_12.vg, vg_map/ABOFRAM000709524730_12_12.gam
    output: vg_map/ABOFRAM000709524730_12.pack
    log: logs/vg/giraffe_pack_ABOFRAM000709524730_12.log
    jobid: 1180
    reason: Missing output files: vg_map/ABOFRAM000709524730_12.pack; Input files updated by another job: vg_map/ABOFRAM000709524730_12_12.vg, vg_map/ABOFRAM000709524730_12_12.gam
    wildcards: sample=ABOFRAM000709524730, chr=12
    threads: 3
    resources: mem_mb=14305, mem_mib=6619, disk_mb=6940, disk_mib=6619, tmpdir=<TBD>, slurm_partition=workq, slurm_account=mnaji, mem=15GB, time=28800


        vg pack -x vg_map/ABOFRAM000709524730_12_12.vg -g vg_map/ABOFRAM000709524730_12_12.gam -Q 5 --threads 3 -o vg_map/ABOFRAM000709524730_12.pack
        
No wall time information given. This might or might not work on your cluster. If not, specify the resource runtime in your rule or as a reasonable default via --default-resources.
Job 1180 has been submitted with SLURM jobid 11150341 (log: /work/project/CASCAD/mnaji/sm_folder/results/.snakemake/slurm_logs/rule_giraffe_pack/ABOFRAM000709524730_12/11150341.log).
[Fri Sep 20 11:10:14 2024]
Finished job 1263.
726 of 886 steps (82%) done
Removing temporary output vg_map/ABOFRAM000709524730_29_29.vg.
Removing temporary output vg_map/ABOFRAM000709524730_29.pack.
Removing temporary output vg_map/ABOFRAM000709524730_pt29.snarls.
[Fri Sep 20 11:10:14 2024]
Finished job 1428.
727 of 886 steps (82%) done
[Fri Sep 20 11:10:24 2024]
Finished job 1250.
728 of 886 steps (82%) done
Removing temporary output vg_map/ABOFRAM000709524730_26_26.gam.
Select jobs to execute...
Execute 1 jobs...

[Fri Sep 20 11:10:24 2024]
rule giraffe_call:
    input: vg_map/ABOFRAM000709524730_26_26.vg, vg_map/ABOFRAM000709524730_26.pack, vg_map/ABOFRAM000709524730_pt26.snarls
    output: vg_call/ABOFRAM000709524730_26.vcf
    log: logs/vg/giraffe_call_ABOFRAM000709524730_26.log
    jobid: 1248
    reason: Missing output files: vg_call/ABOFRAM000709524730_26.vcf; Input files updated by another job: vg_map/ABOFRAM000709524730_pt26.snarls, vg_map/ABOFRAM000709524730_26_26.vg, vg_map/ABOFRAM000709524730_26.pack
    wildcards: sample=ABOFRAM000709524730, chr=26
    resources: mem_mb=11444, mem_mib=954, disk_mb=1000, disk_mib=954, tmpdir=<TBD>, slurm_partition=workq, slurm_account=mnaji, mem=12GB, time=28800


        vg call vg_map/ABOFRAM000709524730_26_26.vg -k vg_map/ABOFRAM000709524730_26.pack -r vg_map/ABOFRAM000709524730_pt26.snarls -s ABOFRAM000709524730 --threads 3 > vg_call/ABOFRAM000709524730_26.vcf 
        
No wall time information given. This might or might not work on your cluster. If not, specify the resource runtime in your rule or as a reasonable default via --default-resources.
Job 1248 has been submitted with SLURM jobid 11150369 (log: /work/project/CASCAD/mnaji/sm_folder/results/.snakemake/slurm_logs/rule_giraffe_call/ABOFRAM000709524730_26/11150369.log).
[Fri Sep 20 11:10:54 2024]
Finished job 1193.
729 of 886 steps (82%) done
Removing temporary output vg_map/ABOFRAM000709524730_15_15.vg.
Removing temporary output vg_map/ABOFRAM000709524730_15.pack.
Removing temporary output vg_map/ABOFRAM000709524730_pt15.snarls.
[Fri Sep 20 11:11:04 2024]
Finished job 993.
730 of 886 steps (82%) done
Removing temporary output vg_map/ABOFRAM000707401531_6_6.vg.
Removing temporary output vg_map/ABOFRAM000707401531_6.pack.
Removing temporary output vg_map/ABOFRAM000707401531_pt6.snarls.
Select jobs to execute...
Execute 1 jobs...

[Fri Sep 20 11:11:04 2024]
rule giraffe_concat:
    input: vg_call/ABOFRAM000707401531_1.vcf, vg_call/ABOFRAM000707401531_2.vcf, vg_call/ABOFRAM000707401531_3.vcf, vg_call/ABOFRAM000707401531_4.vcf, vg_call/ABOFRAM000707401531_5.vcf, vg_call/ABOFRAM000707401531_6.vcf, vg_call/ABOFRAM000707401531_7.vcf, vg_call/ABOFRAM000707401531_8.vcf, vg_call/ABOFRAM000707401531_9.vcf, vg_call/ABOFRAM000707401531_10.vcf, vg_call/ABOFRAM000707401531_11.vcf, vg_call/ABOFRAM000707401531_12.vcf, vg_call/ABOFRAM000707401531_13.vcf, vg_call/ABOFRAM000707401531_14.vcf, vg_call/ABOFRAM000707401531_15.vcf, vg_call/ABOFRAM000707401531_16.vcf, vg_call/ABOFRAM000707401531_17.vcf, vg_call/ABOFRAM000707401531_18.vcf, vg_call/ABOFRAM000707401531_19.vcf, vg_call/ABOFRAM000707401531_20.vcf, vg_call/ABOFRAM000707401531_21.vcf, vg_call/ABOFRAM000707401531_22.vcf, vg_call/ABOFRAM000707401531_23.vcf, vg_call/ABOFRAM000707401531_24.vcf, vg_call/ABOFRAM000707401531_25.vcf, vg_call/ABOFRAM000707401531_26.vcf, vg_call/ABOFRAM000707401531_27.vcf, vg_call/ABOFRAM000707401531_28.vcf, vg_call/ABOFRAM000707401531_29.vcf, vg_call/ABOFRAM000707401531_X.vcf
    output: vg_call/wg_ABOFRAM000707401531.vcf.gz
    log: logs/vg/giraffe_concat_ABOFRAM000707401531.log
    jobid: 964
    reason: Missing output files: vg_call/wg_ABOFRAM000707401531.vcf.gz; Input files updated by another job: vg_call/ABOFRAM000707401531_9.vcf, vg_call/ABOFRAM000707401531_1.vcf, vg_call/ABOFRAM000707401531_5.vcf, vg_call/ABOFRAM000707401531_11.vcf, vg_call/ABOFRAM000707401531_24.vcf, vg_call/ABOFRAM000707401531_25.vcf, vg_call/ABOFRAM000707401531_13.vcf, vg_call/ABOFRAM000707401531_3.vcf, vg_call/ABOFRAM000707401531_15.vcf, vg_call/ABOFRAM000707401531_8.vcf, vg_call/ABOFRAM000707401531_22.vcf, vg_call/ABOFRAM000707401531_20.vcf, vg_call/ABOFRAM000707401531_12.vcf, vg_call/ABOFRAM000707401531_6.vcf, vg_call/ABOFRAM000707401531_2.vcf, vg_call/ABOFRAM000707401531_21.vcf, vg_call/ABOFRAM000707401531_23.vcf, vg_call/ABOFRAM000707401531_29.vcf, vg_call/ABOFRAM000707401531_7.vcf, vg_call/ABOFRAM000707401531_19.vcf, vg_call/ABOFRAM000707401531_27.vcf, vg_call/ABOFRAM000707401531_10.vcf, vg_call/ABOFRAM000707401531_16.vcf, vg_call/ABOFRAM000707401531_X.vcf, vg_call/ABOFRAM000707401531_17.vcf, vg_call/ABOFRAM000707401531_4.vcf, vg_call/ABOFRAM000707401531_28.vcf, vg_call/ABOFRAM000707401531_18.vcf, vg_call/ABOFRAM000707401531_26.vcf, vg_call/ABOFRAM000707401531_14.vcf
    wildcards: sample=ABOFRAM000707401531
    resources: mem_mb=11444, mem_mib=954, disk_mb=1000, disk_mib=954, tmpdir=<TBD>, slurm_partition=workq, slurm_account=mnaji, mem=12GB, time=28800


        bcftools concat vg_call/ABOFRAM000707401531_1.vcf vg_call/ABOFRAM000707401531_2.vcf vg_call/ABOFRAM000707401531_3.vcf vg_call/ABOFRAM000707401531_4.vcf vg_call/ABOFRAM000707401531_5.vcf vg_call/ABOFRAM000707401531_6.vcf vg_call/ABOFRAM000707401531_7.vcf vg_call/ABOFRAM000707401531_8.vcf vg_call/ABOFRAM000707401531_9.vcf vg_call/ABOFRAM000707401531_10.vcf vg_call/ABOFRAM000707401531_11.vcf vg_call/ABOFRAM000707401531_12.vcf vg_call/ABOFRAM000707401531_13.vcf vg_call/ABOFRAM000707401531_14.vcf vg_call/ABOFRAM000707401531_15.vcf vg_call/ABOFRAM000707401531_16.vcf vg_call/ABOFRAM000707401531_17.vcf vg_call/ABOFRAM000707401531_18.vcf vg_call/ABOFRAM000707401531_19.vcf vg_call/ABOFRAM000707401531_20.vcf vg_call/ABOFRAM000707401531_21.vcf vg_call/ABOFRAM000707401531_22.vcf vg_call/ABOFRAM000707401531_23.vcf vg_call/ABOFRAM000707401531_24.vcf vg_call/ABOFRAM000707401531_25.vcf vg_call/ABOFRAM000707401531_26.vcf vg_call/ABOFRAM000707401531_27.vcf vg_call/ABOFRAM000707401531_28.vcf vg_call/ABOFRAM000707401531_29.vcf vg_call/ABOFRAM000707401531_X.vcf --threads 3 | bcftools view -m2 -M2 --threads 3 | bcftools sort -T ../results/tmp/ | bgzip -c > vg_call/wg_ABOFRAM000707401531.vcf.gz
        
No wall time information given. This might or might not work on your cluster. If not, specify the resource runtime in your rule or as a reasonable default via --default-resources.
Job 964 has been submitted with SLURM jobid 11150399 (log: /work/project/CASCAD/mnaji/sm_folder/results/.snakemake/slurm_logs/rule_giraffe_concat/ABOFRAM000707401531/11150399.log).
[Fri Sep 20 11:11:34 2024]
Finished job 1148.
731 of 886 steps (83%) done
Removing temporary output vg_map/ABOFRAM000709524730_6_6.vg.
Removing temporary output vg_map/ABOFRAM000709524730_6.pack.
Removing temporary output vg_map/ABOFRAM000709524730_pt6.snarls.
[Fri Sep 20 11:11:34 2024]
Finished job 964.
732 of 886 steps (83%) done
Removing temporary output vg_call/ABOFRAM000707401531_1.vcf.
Removing temporary output vg_call/ABOFRAM000707401531_2.vcf.
Removing temporary output vg_call/ABOFRAM000707401531_3.vcf.
Removing temporary output vg_call/ABOFRAM000707401531_4.vcf.
Removing temporary output vg_call/ABOFRAM000707401531_5.vcf.
Removing temporary output vg_call/ABOFRAM000707401531_6.vcf.
Removing temporary output vg_call/ABOFRAM000707401531_7.vcf.
Removing temporary output vg_call/ABOFRAM000707401531_8.vcf.
Removing temporary output vg_call/ABOFRAM000707401531_9.vcf.
Removing temporary output vg_call/ABOFRAM000707401531_10.vcf.
Removing temporary output vg_call/ABOFRAM000707401531_11.vcf.
Removing temporary output vg_call/ABOFRAM000707401531_12.vcf.
Removing temporary output vg_call/ABOFRAM000707401531_13.vcf.
Removing temporary output vg_call/ABOFRAM000707401531_14.vcf.
Removing temporary output vg_call/ABOFRAM000707401531_15.vcf.
Removing temporary output vg_call/ABOFRAM000707401531_16.vcf.
Removing temporary output vg_call/ABOFRAM000707401531_17.vcf.
Removing temporary output vg_call/ABOFRAM000707401531_18.vcf.
Removing temporary output vg_call/ABOFRAM000707401531_19.vcf.
Removing temporary output vg_call/ABOFRAM000707401531_20.vcf.
Removing temporary output vg_call/ABOFRAM000707401531_21.vcf.
Removing temporary output vg_call/ABOFRAM000707401531_22.vcf.
Removing temporary output vg_call/ABOFRAM000707401531_23.vcf.
Removing temporary output vg_call/ABOFRAM000707401531_24.vcf.
Removing temporary output vg_call/ABOFRAM000707401531_25.vcf.
Removing temporary output vg_call/ABOFRAM000707401531_26.vcf.
Removing temporary output vg_call/ABOFRAM000707401531_27.vcf.
Removing temporary output vg_call/ABOFRAM000707401531_28.vcf.
Removing temporary output vg_call/ABOFRAM000707401531_29.vcf.
Removing temporary output vg_call/ABOFRAM000707401531_X.vcf.
Select jobs to execute...
Execute 1 jobs...

[Fri Sep 20 11:11:34 2024]
rule giraffe_tabix:
    input: vg_call/wg_ABOFRAM000707401531.vcf.gz
    output: vg_call/wg_ABOFRAM000707401531.vcf.gz.tbi
    log: logs/vg/giraffe_tabix_ABOFRAM000707401531.log
    jobid: 963
    reason: Missing output files: vg_call/wg_ABOFRAM000707401531.vcf.gz.tbi; Input files updated by another job: vg_call/wg_ABOFRAM000707401531.vcf.gz
    wildcards: sample=ABOFRAM000707401531
    resources: mem_mb=11444, mem_mib=954, disk_mb=1000, disk_mib=954, tmpdir=<TBD>, slurm_partition=workq, slurm_account=mnaji, mem=12GB, time=28800

No wall time information given. This might or might not work on your cluster. If not, specify the resource runtime in your rule or as a reasonable default via --default-resources.
Job 963 has been submitted with SLURM jobid 11150438 (log: /work/project/CASCAD/mnaji/sm_folder/results/.snakemake/slurm_logs/rule_giraffe_tabix/ABOFRAM000707401531/11150438.log).
[Fri Sep 20 11:12:05 2024]
Finished job 1170.
733 of 886 steps (83%) done
Removing temporary output vg_map/ABOFRAM000709524730_10_10.gam.
Select jobs to execute...
Execute 1 jobs...

[Fri Sep 20 11:12:05 2024]
rule giraffe_call:
    input: vg_map/ABOFRAM000709524730_10_10.vg, vg_map/ABOFRAM000709524730_10.pack, vg_map/ABOFRAM000709524730_pt10.snarls
    output: vg_call/ABOFRAM000709524730_10.vcf
    log: logs/vg/giraffe_call_ABOFRAM000709524730_10.log
    jobid: 1168
    reason: Missing output files: vg_call/ABOFRAM000709524730_10.vcf; Input files updated by another job: vg_map/ABOFRAM000709524730_10_10.vg, vg_map/ABOFRAM000709524730_pt10.snarls, vg_map/ABOFRAM000709524730_10.pack
    wildcards: sample=ABOFRAM000709524730, chr=10
    resources: mem_mb=11444, mem_mib=954, disk_mb=1000, disk_mib=954, tmpdir=<TBD>, slurm_partition=workq, slurm_account=mnaji, mem=12GB, time=28800


        vg call vg_map/ABOFRAM000709524730_10_10.vg -k vg_map/ABOFRAM000709524730_10.pack -r vg_map/ABOFRAM000709524730_pt10.snarls -s ABOFRAM000709524730 --threads 3 > vg_call/ABOFRAM000709524730_10.vcf 
        
No wall time information given. This might or might not work on your cluster. If not, specify the resource runtime in your rule or as a reasonable default via --default-resources.
Job 1168 has been submitted with SLURM jobid 11150449 (log: /work/project/CASCAD/mnaji/sm_folder/results/.snakemake/slurm_logs/rule_giraffe_call/ABOFRAM000709524730_10/11150449.log).
[Fri Sep 20 11:12:35 2024]
Finished job 835.
734 of 886 steps (83%) done
Removing temporary output vg_map/ABOFRAM000703115255_5_5.gam.
[Fri Sep 20 11:12:35 2024]
Finished job 1180.
735 of 886 steps (83%) done
Removing temporary output vg_map/ABOFRAM000709524730_12_12.gam.
[Fri Sep 20 11:12:35 2024]
Finished job 1248.
736 of 886 steps (83%) done
Removing temporary output vg_map/ABOFRAM000709524730_26_26.vg.
Removing temporary output vg_map/ABOFRAM000709524730_26.pack.
Removing temporary output vg_map/ABOFRAM000709524730_pt26.snarls.
Select jobs to execute...
Execute 2 jobs...

[Fri Sep 20 11:12:35 2024]
rule giraffe_call:
    input: vg_map/ABOFRAM000709524730_12_12.vg, vg_map/ABOFRAM000709524730_12.pack, vg_map/ABOFRAM000709524730_pt12.snarls
    output: vg_call/ABOFRAM000709524730_12.vcf
    log: logs/vg/giraffe_call_ABOFRAM000709524730_12.log
    jobid: 1178
    reason: Missing output files: vg_call/ABOFRAM000709524730_12.vcf; Input files updated by another job: vg_map/ABOFRAM000709524730_12.pack, vg_map/ABOFRAM000709524730_12_12.vg, vg_map/ABOFRAM000709524730_pt12.snarls
    wildcards: sample=ABOFRAM000709524730, chr=12
    resources: mem_mb=11444, mem_mib=954, disk_mb=1000, disk_mib=954, tmpdir=<TBD>, slurm_partition=workq, slurm_account=mnaji, mem=12GB, time=28800


        vg call vg_map/ABOFRAM000709524730_12_12.vg -k vg_map/ABOFRAM000709524730_12.pack -r vg_map/ABOFRAM000709524730_pt12.snarls -s ABOFRAM000709524730 --threads 3 > vg_call/ABOFRAM000709524730_12.vcf 
        
No wall time information given. This might or might not work on your cluster. If not, specify the resource runtime in your rule or as a reasonable default via --default-resources.
Job 1178 has been submitted with SLURM jobid 11150461 (log: /work/project/CASCAD/mnaji/sm_folder/results/.snakemake/slurm_logs/rule_giraffe_call/ABOFRAM000709524730_12/11150461.log).

[Fri Sep 20 11:12:35 2024]
rule giraffe_call:
    input: vg_map/ABOFRAM000703115255_5_5.vg, vg_map/ABOFRAM000703115255_5.pack, vg_map/ABOFRAM000703115255_pt5.snarls
    output: vg_call/ABOFRAM000703115255_5.vcf
    log: logs/vg/giraffe_call_ABOFRAM000703115255_5.log
    jobid: 833
    reason: Missing output files: vg_call/ABOFRAM000703115255_5.vcf; Input files updated by another job: vg_map/ABOFRAM000703115255_5.pack, vg_map/ABOFRAM000703115255_pt5.snarls, vg_map/ABOFRAM000703115255_5_5.vg
    wildcards: sample=ABOFRAM000703115255, chr=5
    resources: mem_mb=11444, mem_mib=954, disk_mb=1000, disk_mib=954, tmpdir=<TBD>, slurm_partition=workq, slurm_account=mnaji, mem=12GB, time=28800


        vg call vg_map/ABOFRAM000703115255_5_5.vg -k vg_map/ABOFRAM000703115255_5.pack -r vg_map/ABOFRAM000703115255_pt5.snarls -s ABOFRAM000703115255 --threads 3 > vg_call/ABOFRAM000703115255_5.vcf 
        
No wall time information given. This might or might not work on your cluster. If not, specify the resource runtime in your rule or as a reasonable default via --default-resources.
Job 833 has been submitted with SLURM jobid 11150462 (log: /work/project/CASCAD/mnaji/sm_folder/results/.snakemake/slurm_logs/rule_giraffe_call/ABOFRAM000703115255_5/11150462.log).
[Fri Sep 20 11:12:45 2024]
Finished job 963.
737 of 886 steps (83%) done
[Fri Sep 20 11:14:25 2024]
Finished job 1176.
738 of 886 steps (83%) done
[Fri Sep 20 11:14:25 2024]
Finished job 941.
739 of 886 steps (83%) done
Select jobs to execute...
Execute 2 jobs...

[Fri Sep 20 11:14:25 2024]
rule giraffe_pack:
    input: vg_map/ABOFRAM000703115255_26_26.vg, vg_map/ABOFRAM000703115255_26_26.gam
    output: vg_map/ABOFRAM000703115255_26.pack
    log: logs/vg/giraffe_pack_ABOFRAM000703115255_26.log
    jobid: 940
    reason: Missing output files: vg_map/ABOFRAM000703115255_26.pack; Input files updated by another job: vg_map/ABOFRAM000703115255_26_26.vg, vg_map/ABOFRAM000703115255_26_26.gam
    wildcards: sample=ABOFRAM000703115255, chr=26
    threads: 3
    resources: mem_mb=14305, mem_mib=4614, disk_mb=4838, disk_mib=4614, tmpdir=<TBD>, slurm_partition=workq, slurm_account=mnaji, mem=15GB, time=28800


        vg pack -x vg_map/ABOFRAM000703115255_26_26.vg -g vg_map/ABOFRAM000703115255_26_26.gam -Q 5 --threads 3 -o vg_map/ABOFRAM000703115255_26.pack
        
No wall time information given. This might or might not work on your cluster. If not, specify the resource runtime in your rule or as a reasonable default via --default-resources.
Job 940 has been submitted with SLURM jobid 11150478 (log: /work/project/CASCAD/mnaji/sm_folder/results/.snakemake/slurm_logs/rule_giraffe_pack/ABOFRAM000703115255_26/11150478.log).

[Fri Sep 20 11:14:26 2024]
rule giraffe_pack:
    input: vg_map/ABOFRAM000709524730_11_11.vg, vg_map/ABOFRAM000709524730_11_11.gam
    output: vg_map/ABOFRAM000709524730_11.pack
    log: logs/vg/giraffe_pack_ABOFRAM000709524730_11.log
    jobid: 1175
    reason: Missing output files: vg_map/ABOFRAM000709524730_11.pack; Input files updated by another job: vg_map/ABOFRAM000709524730_11_11.vg, vg_map/ABOFRAM000709524730_11_11.gam
    wildcards: sample=ABOFRAM000709524730, chr=11
    threads: 3
    resources: mem_mb=14305, mem_mib=7630, disk_mb=11960, disk_mib=11406, tmpdir=<TBD>, slurm_partition=workq, slurm_account=mnaji, mem=15GB, time=28800


        vg pack -x vg_map/ABOFRAM000709524730_11_11.vg -g vg_map/ABOFRAM000709524730_11_11.gam -Q 5 --threads 3 -o vg_map/ABOFRAM000709524730_11.pack
        
No wall time information given. This might or might not work on your cluster. If not, specify the resource runtime in your rule or as a reasonable default via --default-resources.
Job 1175 has been submitted with SLURM jobid 11150479 (log: /work/project/CASCAD/mnaji/sm_folder/results/.snakemake/slurm_logs/rule_giraffe_pack/ABOFRAM000709524730_11/11150479.log).
[Fri Sep 20 11:14:35 2024]
Finished job 1168.
740 of 886 steps (84%) done
Removing temporary output vg_map/ABOFRAM000709524730_10_10.vg.
Removing temporary output vg_map/ABOFRAM000709524730_10.pack.
Removing temporary output vg_map/ABOFRAM000709524730_pt10.snarls.
[Fri Sep 20 11:15:36 2024]
Finished job 1178.
741 of 886 steps (84%) done
Removing temporary output vg_map/ABOFRAM000709524730_12_12.vg.
Removing temporary output vg_map/ABOFRAM000709524730_12.pack.
Removing temporary output vg_map/ABOFRAM000709524730_pt12.snarls.
[Fri Sep 20 11:16:06 2024]
Finished job 861.
742 of 886 steps (84%) done
Select jobs to execute...
Execute 1 jobs...

[Fri Sep 20 11:16:06 2024]
rule giraffe_pack:
    input: vg_map/ABOFRAM000703115255_10_10.vg, vg_map/ABOFRAM000703115255_10_10.gam
    output: vg_map/ABOFRAM000703115255_10.pack
    log: logs/vg/giraffe_pack_ABOFRAM000703115255_10.log
    jobid: 860
    reason: Missing output files: vg_map/ABOFRAM000703115255_10.pack; Input files updated by another job: vg_map/ABOFRAM000703115255_10_10.vg, vg_map/ABOFRAM000703115255_10_10.gam
    wildcards: sample=ABOFRAM000703115255, chr=10
    threads: 3
    resources: mem_mb=14305, mem_mib=7630, disk_mb=9684, disk_mib=9236, tmpdir=<TBD>, slurm_partition=workq, slurm_account=mnaji, mem=15GB, time=28800


        vg pack -x vg_map/ABOFRAM000703115255_10_10.vg -g vg_map/ABOFRAM000703115255_10_10.gam -Q 5 --threads 3 -o vg_map/ABOFRAM000703115255_10.pack
        
No wall time information given. This might or might not work on your cluster. If not, specify the resource runtime in your rule or as a reasonable default via --default-resources.
Job 860 has been submitted with SLURM jobid 11150511 (log: /work/project/CASCAD/mnaji/sm_folder/results/.snakemake/slurm_logs/rule_giraffe_pack/ABOFRAM000703115255_10/11150511.log).
[Fri Sep 20 11:16:36 2024]
Finished job 911.
743 of 886 steps (84%) done
[Fri Sep 20 11:16:36 2024]
Finished job 833.
744 of 886 steps (84%) done
Removing temporary output vg_map/ABOFRAM000703115255_5_5.vg.
Removing temporary output vg_map/ABOFRAM000703115255_5.pack.
Removing temporary output vg_map/ABOFRAM000703115255_pt5.snarls.
Select jobs to execute...
Execute 1 jobs...

[Fri Sep 20 11:16:36 2024]
rule giraffe_pack:
    input: vg_map/ABOFRAM000703115255_20_20.vg, vg_map/ABOFRAM000703115255_20_20.gam
    output: vg_map/ABOFRAM000703115255_20.pack
    log: logs/vg/giraffe_pack_ABOFRAM000703115255_20.log
    jobid: 910
    reason: Missing output files: vg_map/ABOFRAM000703115255_20.pack; Input files updated by another job: vg_map/ABOFRAM000703115255_20_20.vg, vg_map/ABOFRAM000703115255_20_20.gam
    wildcards: sample=ABOFRAM000703115255, chr=20
    threads: 3
    resources: mem_mb=14305, mem_mib=6093, disk_mb=6388, disk_mib=6093, tmpdir=<TBD>, slurm_partition=workq, slurm_account=mnaji, mem=15GB, time=28800


        vg pack -x vg_map/ABOFRAM000703115255_20_20.vg -g vg_map/ABOFRAM000703115255_20_20.gam -Q 5 --threads 3 -o vg_map/ABOFRAM000703115255_20.pack
        
No wall time information given. This might or might not work on your cluster. If not, specify the resource runtime in your rule or as a reasonable default via --default-resources.
Job 910 has been submitted with SLURM jobid 11150525 (log: /work/project/CASCAD/mnaji/sm_folder/results/.snakemake/slurm_logs/rule_giraffe_pack/ABOFRAM000703115255_20/11150525.log).
[Fri Sep 20 11:17:06 2024]
Finished job 940.
745 of 886 steps (84%) done
Removing temporary output vg_map/ABOFRAM000703115255_26_26.gam.
Select jobs to execute...
Execute 1 jobs...

[Fri Sep 20 11:17:06 2024]
rule giraffe_call:
    input: vg_map/ABOFRAM000703115255_26_26.vg, vg_map/ABOFRAM000703115255_26.pack, vg_map/ABOFRAM000703115255_pt26.snarls
    output: vg_call/ABOFRAM000703115255_26.vcf
    log: logs/vg/giraffe_call_ABOFRAM000703115255_26.log
    jobid: 938
    reason: Missing output files: vg_call/ABOFRAM000703115255_26.vcf; Input files updated by another job: vg_map/ABOFRAM000703115255_26_26.vg, vg_map/ABOFRAM000703115255_26.pack, vg_map/ABOFRAM000703115255_pt26.snarls
    wildcards: sample=ABOFRAM000703115255, chr=26
    resources: mem_mb=11444, mem_mib=954, disk_mb=1000, disk_mib=954, tmpdir=<TBD>, slurm_partition=workq, slurm_account=mnaji, mem=12GB, time=28800


        vg call vg_map/ABOFRAM000703115255_26_26.vg -k vg_map/ABOFRAM000703115255_26.pack -r vg_map/ABOFRAM000703115255_pt26.snarls -s ABOFRAM000703115255 --threads 3 > vg_call/ABOFRAM000703115255_26.vcf 
        
No wall time information given. This might or might not work on your cluster. If not, specify the resource runtime in your rule or as a reasonable default via --default-resources.
Job 938 has been submitted with SLURM jobid 11150570 (log: /work/project/CASCAD/mnaji/sm_folder/results/.snakemake/slurm_logs/rule_giraffe_call/ABOFRAM000703115255_26/11150570.log).
[Fri Sep 20 11:18:47 2024]
Finished job 1123.
746 of 886 steps (84%) done
Select jobs to execute...
Execute 1 jobs...

[Fri Sep 20 11:18:47 2024]
rule giraffe_pack:
    input: vg_map/ABOFRAM000709524730_1_1.vg, vg_map/ABOFRAM000709524730_1_1.gam
    output: vg_map/ABOFRAM000709524730_1.pack
    log: logs/vg/giraffe_pack_ABOFRAM000709524730_1.log
    jobid: 1122
    reason: Missing output files: vg_map/ABOFRAM000709524730_1.pack; Input files updated by another job: vg_map/ABOFRAM000709524730_1_1.vg, vg_map/ABOFRAM000709524730_1_1.gam
    wildcards: sample=ABOFRAM000709524730, chr=1
    threads: 3
    resources: mem_mb=14305, mem_mib=7630, disk_mb=13463, disk_mib=12840, tmpdir=<TBD>, slurm_partition=workq, slurm_account=mnaji, mem=15GB, time=28800


        vg pack -x vg_map/ABOFRAM000709524730_1_1.vg -g vg_map/ABOFRAM000709524730_1_1.gam -Q 5 --threads 3 -o vg_map/ABOFRAM000709524730_1.pack
        
No wall time information given. This might or might not work on your cluster. If not, specify the resource runtime in your rule or as a reasonable default via --default-resources.
Job 1122 has been submitted with SLURM jobid 11150594 (log: /work/project/CASCAD/mnaji/sm_folder/results/.snakemake/slurm_logs/rule_giraffe_pack/ABOFRAM000709524730_1/11150594.log).
[Fri Sep 20 11:18:57 2024]
Finished job 1175.
747 of 886 steps (84%) done
Removing temporary output vg_map/ABOFRAM000709524730_11_11.gam.
Select jobs to execute...
Execute 1 jobs...

[Fri Sep 20 11:18:57 2024]
rule giraffe_call:
    input: vg_map/ABOFRAM000709524730_11_11.vg, vg_map/ABOFRAM000709524730_11.pack, vg_map/ABOFRAM000709524730_pt11.snarls
    output: vg_call/ABOFRAM000709524730_11.vcf
    log: logs/vg/giraffe_call_ABOFRAM000709524730_11.log
    jobid: 1173
    reason: Missing output files: vg_call/ABOFRAM000709524730_11.vcf; Input files updated by another job: vg_map/ABOFRAM000709524730_11_11.vg, vg_map/ABOFRAM000709524730_pt11.snarls, vg_map/ABOFRAM000709524730_11.pack
    wildcards: sample=ABOFRAM000709524730, chr=11
    resources: mem_mb=11444, mem_mib=954, disk_mb=1000, disk_mib=954, tmpdir=<TBD>, slurm_partition=workq, slurm_account=mnaji, mem=12GB, time=28800


        vg call vg_map/ABOFRAM000709524730_11_11.vg -k vg_map/ABOFRAM000709524730_11.pack -r vg_map/ABOFRAM000709524730_pt11.snarls -s ABOFRAM000709524730 --threads 3 > vg_call/ABOFRAM000709524730_11.vcf 
        
No wall time information given. This might or might not work on your cluster. If not, specify the resource runtime in your rule or as a reasonable default via --default-resources.
Job 1173 has been submitted with SLURM jobid 11150599 (log: /work/project/CASCAD/mnaji/sm_folder/results/.snakemake/slurm_logs/rule_giraffe_call/ABOFRAM000709524730_11/11150599.log).
[Fri Sep 20 11:19:27 2024]
Finished job 896.
748 of 886 steps (84%) done
[Fri Sep 20 11:19:27 2024]
Finished job 910.
749 of 886 steps (85%) done
Removing temporary output vg_map/ABOFRAM000703115255_20_20.gam.
Select jobs to execute...
Execute 2 jobs...

[Fri Sep 20 11:19:27 2024]
rule giraffe_pack:
    input: vg_map/ABOFRAM000703115255_17_17.vg, vg_map/ABOFRAM000703115255_17_17.gam
    output: vg_map/ABOFRAM000703115255_17.pack
    log: logs/vg/giraffe_pack_ABOFRAM000703115255_17.log
    jobid: 895
    reason: Missing output files: vg_map/ABOFRAM000703115255_17.pack; Input files updated by another job: vg_map/ABOFRAM000703115255_17_17.gam, vg_map/ABOFRAM000703115255_17_17.vg
    wildcards: sample=ABOFRAM000703115255, chr=17
    threads: 3
    resources: mem_mb=14305, mem_mib=7630, disk_mb=9543, disk_mib=9101, tmpdir=<TBD>, slurm_partition=workq, slurm_account=mnaji, mem=15GB, time=28800


        vg pack -x vg_map/ABOFRAM000703115255_17_17.vg -g vg_map/ABOFRAM000703115255_17_17.gam -Q 5 --threads 3 -o vg_map/ABOFRAM000703115255_17.pack
        
No wall time information given. This might or might not work on your cluster. If not, specify the resource runtime in your rule or as a reasonable default via --default-resources.
Job 895 has been submitted with SLURM jobid 11150609 (log: /work/project/CASCAD/mnaji/sm_folder/results/.snakemake/slurm_logs/rule_giraffe_pack/ABOFRAM000703115255_17/11150609.log).

[Fri Sep 20 11:19:27 2024]
rule giraffe_call:
    input: vg_map/ABOFRAM000703115255_20_20.vg, vg_map/ABOFRAM000703115255_20.pack, vg_map/ABOFRAM000703115255_pt20.snarls
    output: vg_call/ABOFRAM000703115255_20.vcf
    log: logs/vg/giraffe_call_ABOFRAM000703115255_20.log
    jobid: 908
    reason: Missing output files: vg_call/ABOFRAM000703115255_20.vcf; Input files updated by another job: vg_map/ABOFRAM000703115255_20_20.vg, vg_map/ABOFRAM000703115255_20.pack, vg_map/ABOFRAM000703115255_pt20.snarls
    wildcards: sample=ABOFRAM000703115255, chr=20
    resources: mem_mb=11444, mem_mib=954, disk_mb=1000, disk_mib=954, tmpdir=<TBD>, slurm_partition=workq, slurm_account=mnaji, mem=12GB, time=28800


        vg call vg_map/ABOFRAM000703115255_20_20.vg -k vg_map/ABOFRAM000703115255_20.pack -r vg_map/ABOFRAM000703115255_pt20.snarls -s ABOFRAM000703115255 --threads 3 > vg_call/ABOFRAM000703115255_20.vcf 
        
No wall time information given. This might or might not work on your cluster. If not, specify the resource runtime in your rule or as a reasonable default via --default-resources.
Job 908 has been submitted with SLURM jobid 11150610 (log: /work/project/CASCAD/mnaji/sm_folder/results/.snakemake/slurm_logs/rule_giraffe_call/ABOFRAM000703115255_20/11150610.log).
[Fri Sep 20 11:19:37 2024]
Finished job 938.
750 of 886 steps (85%) done
Removing temporary output vg_map/ABOFRAM000703115255_26_26.vg.
Removing temporary output vg_map/ABOFRAM000703115255_26.pack.
Removing temporary output vg_map/ABOFRAM000703115255_pt26.snarls.
[Fri Sep 20 11:20:07 2024]
Finished job 860.
751 of 886 steps (85%) done
Removing temporary output vg_map/ABOFRAM000703115255_10_10.gam.
Select jobs to execute...
Execute 1 jobs...

[Fri Sep 20 11:20:07 2024]
rule giraffe_call:
    input: vg_map/ABOFRAM000703115255_10_10.vg, vg_map/ABOFRAM000703115255_10.pack, vg_map/ABOFRAM000703115255_pt10.snarls
    output: vg_call/ABOFRAM000703115255_10.vcf
    log: logs/vg/giraffe_call_ABOFRAM000703115255_10.log
    jobid: 858
    reason: Missing output files: vg_call/ABOFRAM000703115255_10.vcf; Input files updated by another job: vg_map/ABOFRAM000703115255_pt10.snarls, vg_map/ABOFRAM000703115255_10_10.vg, vg_map/ABOFRAM000703115255_10.pack
    wildcards: sample=ABOFRAM000703115255, chr=10
    resources: mem_mb=11444, mem_mib=954, disk_mb=1000, disk_mib=954, tmpdir=<TBD>, slurm_partition=workq, slurm_account=mnaji, mem=12GB, time=28800


        vg call vg_map/ABOFRAM000703115255_10_10.vg -k vg_map/ABOFRAM000703115255_10.pack -r vg_map/ABOFRAM000703115255_pt10.snarls -s ABOFRAM000703115255 --threads 3 > vg_call/ABOFRAM000703115255_10.vcf 
        
No wall time information given. This might or might not work on your cluster. If not, specify the resource runtime in your rule or as a reasonable default via --default-resources.
Job 858 has been submitted with SLURM jobid 11150623 (log: /work/project/CASCAD/mnaji/sm_folder/results/.snakemake/slurm_logs/rule_giraffe_call/ABOFRAM000703115255_10/11150623.log).
[Fri Sep 20 11:21:48 2024]
Finished job 851.
752 of 886 steps (85%) done
[Fri Sep 20 11:21:48 2024]
Finished job 1173.
753 of 886 steps (85%) done
Removing temporary output vg_map/ABOFRAM000709524730_11_11.vg.
Removing temporary output vg_map/ABOFRAM000709524730_11.pack.
Removing temporary output vg_map/ABOFRAM000709524730_pt11.snarls.
[Fri Sep 20 11:21:48 2024]
Finished job 908.
754 of 886 steps (85%) done
Removing temporary output vg_map/ABOFRAM000703115255_20_20.vg.
Removing temporary output vg_map/ABOFRAM000703115255_20.pack.
Removing temporary output vg_map/ABOFRAM000703115255_pt20.snarls.
Select jobs to execute...
Execute 1 jobs...

[Fri Sep 20 11:21:48 2024]
rule giraffe_pack:
    input: vg_map/ABOFRAM000703115255_8_8.vg, vg_map/ABOFRAM000703115255_8_8.gam
    output: vg_map/ABOFRAM000703115255_8.pack
    log: logs/vg/giraffe_pack_ABOFRAM000703115255_8.log
    jobid: 850
    reason: Missing output files: vg_map/ABOFRAM000703115255_8.pack; Input files updated by another job: vg_map/ABOFRAM000703115255_8_8.gam, vg_map/ABOFRAM000703115255_8_8.vg
    wildcards: sample=ABOFRAM000703115255, chr=8
    threads: 3
    resources: mem_mb=14305, mem_mib=7630, disk_mb=12903, disk_mib=12306, tmpdir=<TBD>, slurm_partition=workq, slurm_account=mnaji, mem=15GB, time=28800


        vg pack -x vg_map/ABOFRAM000703115255_8_8.vg -g vg_map/ABOFRAM000703115255_8_8.gam -Q 5 --threads 3 -o vg_map/ABOFRAM000703115255_8.pack
        
No wall time information given. This might or might not work on your cluster. If not, specify the resource runtime in your rule or as a reasonable default via --default-resources.
Job 850 has been submitted with SLURM jobid 11150636 (log: /work/project/CASCAD/mnaji/sm_folder/results/.snakemake/slurm_logs/rule_giraffe_pack/ABOFRAM000703115255_8/11150636.log).
[Fri Sep 20 11:22:18 2024]
Finished job 895.
755 of 886 steps (85%) done
Removing temporary output vg_map/ABOFRAM000703115255_17_17.gam.
Select jobs to execute...
Execute 1 jobs...

[Fri Sep 20 11:22:18 2024]
rule giraffe_call:
    input: vg_map/ABOFRAM000703115255_17_17.vg, vg_map/ABOFRAM000703115255_17.pack, vg_map/ABOFRAM000703115255_pt17.snarls
    output: vg_call/ABOFRAM000703115255_17.vcf
    log: logs/vg/giraffe_call_ABOFRAM000703115255_17.log
    jobid: 893
    reason: Missing output files: vg_call/ABOFRAM000703115255_17.vcf; Input files updated by another job: vg_map/ABOFRAM000703115255_17.pack, vg_map/ABOFRAM000703115255_17_17.vg, vg_map/ABOFRAM000703115255_pt17.snarls
    wildcards: sample=ABOFRAM000703115255, chr=17
    resources: mem_mb=11444, mem_mib=954, disk_mb=1000, disk_mib=954, tmpdir=<TBD>, slurm_partition=workq, slurm_account=mnaji, mem=12GB, time=28800


        vg call vg_map/ABOFRAM000703115255_17_17.vg -k vg_map/ABOFRAM000703115255_17.pack -r vg_map/ABOFRAM000703115255_pt17.snarls -s ABOFRAM000703115255 --threads 3 > vg_call/ABOFRAM000703115255_17.vcf 
        
No wall time information given. This might or might not work on your cluster. If not, specify the resource runtime in your rule or as a reasonable default via --default-resources.
Job 893 has been submitted with SLURM jobid 11150643 (log: /work/project/CASCAD/mnaji/sm_folder/results/.snakemake/slurm_logs/rule_giraffe_call/ABOFRAM000703115255_17/11150643.log).
[Fri Sep 20 11:22:48 2024]
Finished job 858.
756 of 886 steps (85%) done
Removing temporary output vg_map/ABOFRAM000703115255_10_10.vg.
Removing temporary output vg_map/ABOFRAM000703115255_10.pack.
Removing temporary output vg_map/ABOFRAM000703115255_pt10.snarls.
[Fri Sep 20 11:22:58 2024]
Finished job 1122.
757 of 886 steps (85%) done
Removing temporary output vg_map/ABOFRAM000709524730_1_1.gam.
Select jobs to execute...
Execute 1 jobs...

[Fri Sep 20 11:22:58 2024]
rule giraffe_call:
    input: vg_map/ABOFRAM000709524730_1_1.vg, vg_map/ABOFRAM000709524730_1.pack, vg_map/ABOFRAM000709524730_pt1.snarls
    output: vg_call/ABOFRAM000709524730_1.vcf
    log: logs/vg/giraffe_call_ABOFRAM000709524730_1.log
    jobid: 1120
    reason: Missing output files: vg_call/ABOFRAM000709524730_1.vcf; Input files updated by another job: vg_map/ABOFRAM000709524730_1.pack, vg_map/ABOFRAM000709524730_pt1.snarls, vg_map/ABOFRAM000709524730_1_1.vg
    wildcards: sample=ABOFRAM000709524730, chr=1
    resources: mem_mb=11444, mem_mib=954, disk_mb=1000, disk_mib=954, tmpdir=<TBD>, slurm_partition=workq, slurm_account=mnaji, mem=12GB, time=28800


        vg call vg_map/ABOFRAM000709524730_1_1.vg -k vg_map/ABOFRAM000709524730_1.pack -r vg_map/ABOFRAM000709524730_pt1.snarls -s ABOFRAM000709524730 --threads 3 > vg_call/ABOFRAM000709524730_1.vcf 
        
No wall time information given. This might or might not work on your cluster. If not, specify the resource runtime in your rule or as a reasonable default via --default-resources.
Job 1120 has been submitted with SLURM jobid 11150748 (log: /work/project/CASCAD/mnaji/sm_folder/results/.snakemake/slurm_logs/rule_giraffe_call/ABOFRAM000709524730_1/11150748.log).
[Fri Sep 20 11:25:29 2024]
Finished job 893.
758 of 886 steps (86%) done
Removing temporary output vg_map/ABOFRAM000703115255_17_17.vg.
Removing temporary output vg_map/ABOFRAM000703115255_17.pack.
Removing temporary output vg_map/ABOFRAM000703115255_pt17.snarls.
[Fri Sep 20 11:26:29 2024]
Finished job 850.
759 of 886 steps (86%) done
Removing temporary output vg_map/ABOFRAM000703115255_8_8.gam.
Select jobs to execute...
Execute 1 jobs...

[Fri Sep 20 11:26:29 2024]
rule giraffe_call:
    input: vg_map/ABOFRAM000703115255_8_8.vg, vg_map/ABOFRAM000703115255_8.pack, vg_map/ABOFRAM000703115255_pt8.snarls
    output: vg_call/ABOFRAM000703115255_8.vcf
    log: logs/vg/giraffe_call_ABOFRAM000703115255_8.log
    jobid: 848
    reason: Missing output files: vg_call/ABOFRAM000703115255_8.vcf; Input files updated by another job: vg_map/ABOFRAM000703115255_8.pack, vg_map/ABOFRAM000703115255_8_8.vg, vg_map/ABOFRAM000703115255_pt8.snarls
    wildcards: sample=ABOFRAM000703115255, chr=8
    resources: mem_mb=11444, mem_mib=954, disk_mb=1000, disk_mib=954, tmpdir=<TBD>, slurm_partition=workq, slurm_account=mnaji, mem=12GB, time=28800


        vg call vg_map/ABOFRAM000703115255_8_8.vg -k vg_map/ABOFRAM000703115255_8.pack -r vg_map/ABOFRAM000703115255_pt8.snarls -s ABOFRAM000703115255 --threads 3 > vg_call/ABOFRAM000703115255_8.vcf 
        
No wall time information given. This might or might not work on your cluster. If not, specify the resource runtime in your rule or as a reasonable default via --default-resources.
Job 848 has been submitted with SLURM jobid 11150786 (log: /work/project/CASCAD/mnaji/sm_folder/results/.snakemake/slurm_logs/rule_giraffe_call/ABOFRAM000703115255_8/11150786.log).
[Fri Sep 20 11:26:59 2024]
Finished job 1120.
760 of 886 steps (86%) done
Removing temporary output vg_map/ABOFRAM000709524730_1_1.vg.
Removing temporary output vg_map/ABOFRAM000709524730_1.pack.
Removing temporary output vg_map/ABOFRAM000709524730_pt1.snarls.
Select jobs to execute...
Execute 1 jobs...

[Fri Sep 20 11:27:00 2024]
rule giraffe_concat:
    input: vg_call/ABOFRAM000709524730_1.vcf, vg_call/ABOFRAM000709524730_2.vcf, vg_call/ABOFRAM000709524730_3.vcf, vg_call/ABOFRAM000709524730_4.vcf, vg_call/ABOFRAM000709524730_5.vcf, vg_call/ABOFRAM000709524730_6.vcf, vg_call/ABOFRAM000709524730_7.vcf, vg_call/ABOFRAM000709524730_8.vcf, vg_call/ABOFRAM000709524730_9.vcf, vg_call/ABOFRAM000709524730_10.vcf, vg_call/ABOFRAM000709524730_11.vcf, vg_call/ABOFRAM000709524730_12.vcf, vg_call/ABOFRAM000709524730_13.vcf, vg_call/ABOFRAM000709524730_14.vcf, vg_call/ABOFRAM000709524730_15.vcf, vg_call/ABOFRAM000709524730_16.vcf, vg_call/ABOFRAM000709524730_17.vcf, vg_call/ABOFRAM000709524730_18.vcf, vg_call/ABOFRAM000709524730_19.vcf, vg_call/ABOFRAM000709524730_20.vcf, vg_call/ABOFRAM000709524730_21.vcf, vg_call/ABOFRAM000709524730_22.vcf, vg_call/ABOFRAM000709524730_23.vcf, vg_call/ABOFRAM000709524730_24.vcf, vg_call/ABOFRAM000709524730_25.vcf, vg_call/ABOFRAM000709524730_26.vcf, vg_call/ABOFRAM000709524730_27.vcf, vg_call/ABOFRAM000709524730_28.vcf, vg_call/ABOFRAM000709524730_29.vcf, vg_call/ABOFRAM000709524730_X.vcf
    output: vg_call/wg_ABOFRAM000709524730.vcf.gz
    log: logs/vg/giraffe_concat_ABOFRAM000709524730.log
    jobid: 1119
    reason: Missing output files: vg_call/wg_ABOFRAM000709524730.vcf.gz; Input files updated by another job: vg_call/ABOFRAM000709524730_21.vcf, vg_call/ABOFRAM000709524730_X.vcf, vg_call/ABOFRAM000709524730_7.vcf, vg_call/ABOFRAM000709524730_14.vcf, vg_call/ABOFRAM000709524730_4.vcf, vg_call/ABOFRAM000709524730_15.vcf, vg_call/ABOFRAM000709524730_18.vcf, vg_call/ABOFRAM000709524730_17.vcf, vg_call/ABOFRAM000709524730_6.vcf, vg_call/ABOFRAM000709524730_2.vcf, vg_call/ABOFRAM000709524730_25.vcf, vg_call/ABOFRAM000709524730_9.vcf, vg_call/ABOFRAM000709524730_13.vcf, vg_call/ABOFRAM000709524730_23.vcf, vg_call/ABOFRAM000709524730_3.vcf, vg_call/ABOFRAM000709524730_10.vcf, vg_call/ABOFRAM000709524730_28.vcf, vg_call/ABOFRAM000709524730_19.vcf, vg_call/ABOFRAM000709524730_22.vcf, vg_call/ABOFRAM000709524730_27.vcf, vg_call/ABOFRAM000709524730_12.vcf, vg_call/ABOFRAM000709524730_16.vcf, vg_call/ABOFRAM000709524730_8.vcf, vg_call/ABOFRAM000709524730_24.vcf, vg_call/ABOFRAM000709524730_1.vcf, vg_call/ABOFRAM000709524730_5.vcf, vg_call/ABOFRAM000709524730_11.vcf, vg_call/ABOFRAM000709524730_26.vcf, vg_call/ABOFRAM000709524730_29.vcf, vg_call/ABOFRAM000709524730_20.vcf
    wildcards: sample=ABOFRAM000709524730
    resources: mem_mb=11444, mem_mib=954, disk_mb=1000, disk_mib=954, tmpdir=<TBD>, slurm_partition=workq, slurm_account=mnaji, mem=12GB, time=28800


        bcftools concat vg_call/ABOFRAM000709524730_1.vcf vg_call/ABOFRAM000709524730_2.vcf vg_call/ABOFRAM000709524730_3.vcf vg_call/ABOFRAM000709524730_4.vcf vg_call/ABOFRAM000709524730_5.vcf vg_call/ABOFRAM000709524730_6.vcf vg_call/ABOFRAM000709524730_7.vcf vg_call/ABOFRAM000709524730_8.vcf vg_call/ABOFRAM000709524730_9.vcf vg_call/ABOFRAM000709524730_10.vcf vg_call/ABOFRAM000709524730_11.vcf vg_call/ABOFRAM000709524730_12.vcf vg_call/ABOFRAM000709524730_13.vcf vg_call/ABOFRAM000709524730_14.vcf vg_call/ABOFRAM000709524730_15.vcf vg_call/ABOFRAM000709524730_16.vcf vg_call/ABOFRAM000709524730_17.vcf vg_call/ABOFRAM000709524730_18.vcf vg_call/ABOFRAM000709524730_19.vcf vg_call/ABOFRAM000709524730_20.vcf vg_call/ABOFRAM000709524730_21.vcf vg_call/ABOFRAM000709524730_22.vcf vg_call/ABOFRAM000709524730_23.vcf vg_call/ABOFRAM000709524730_24.vcf vg_call/ABOFRAM000709524730_25.vcf vg_call/ABOFRAM000709524730_26.vcf vg_call/ABOFRAM000709524730_27.vcf vg_call/ABOFRAM000709524730_28.vcf vg_call/ABOFRAM000709524730_29.vcf vg_call/ABOFRAM000709524730_X.vcf --threads 3 | bcftools view -m2 -M2 --threads 3 | bcftools sort -T ../results/tmp/ | bgzip -c > vg_call/wg_ABOFRAM000709524730.vcf.gz
        
No wall time information given. This might or might not work on your cluster. If not, specify the resource runtime in your rule or as a reasonable default via --default-resources.
Job 1119 has been submitted with SLURM jobid 11150793 (log: /work/project/CASCAD/mnaji/sm_folder/results/.snakemake/slurm_logs/rule_giraffe_concat/ABOFRAM000709524730/11150793.log).
[Fri Sep 20 11:28:40 2024]
Finished job 1119.
761 of 886 steps (86%) done
Removing temporary output vg_call/ABOFRAM000709524730_1.vcf.
Removing temporary output vg_call/ABOFRAM000709524730_2.vcf.
Removing temporary output vg_call/ABOFRAM000709524730_3.vcf.
Removing temporary output vg_call/ABOFRAM000709524730_4.vcf.
Removing temporary output vg_call/ABOFRAM000709524730_5.vcf.
Removing temporary output vg_call/ABOFRAM000709524730_6.vcf.
Removing temporary output vg_call/ABOFRAM000709524730_7.vcf.
Removing temporary output vg_call/ABOFRAM000709524730_8.vcf.
Removing temporary output vg_call/ABOFRAM000709524730_9.vcf.
Removing temporary output vg_call/ABOFRAM000709524730_10.vcf.
Removing temporary output vg_call/ABOFRAM000709524730_11.vcf.
Removing temporary output vg_call/ABOFRAM000709524730_12.vcf.
Removing temporary output vg_call/ABOFRAM000709524730_13.vcf.
Removing temporary output vg_call/ABOFRAM000709524730_14.vcf.
Removing temporary output vg_call/ABOFRAM000709524730_15.vcf.
Removing temporary output vg_call/ABOFRAM000709524730_16.vcf.
Removing temporary output vg_call/ABOFRAM000709524730_17.vcf.
Removing temporary output vg_call/ABOFRAM000709524730_18.vcf.
Removing temporary output vg_call/ABOFRAM000709524730_19.vcf.
Removing temporary output vg_call/ABOFRAM000709524730_20.vcf.
Removing temporary output vg_call/ABOFRAM000709524730_21.vcf.
Removing temporary output vg_call/ABOFRAM000709524730_22.vcf.
Removing temporary output vg_call/ABOFRAM000709524730_23.vcf.
Removing temporary output vg_call/ABOFRAM000709524730_24.vcf.
Removing temporary output vg_call/ABOFRAM000709524730_25.vcf.
Removing temporary output vg_call/ABOFRAM000709524730_26.vcf.
Removing temporary output vg_call/ABOFRAM000709524730_27.vcf.
Removing temporary output vg_call/ABOFRAM000709524730_28.vcf.
Removing temporary output vg_call/ABOFRAM000709524730_29.vcf.
Removing temporary output vg_call/ABOFRAM000709524730_X.vcf.
Select jobs to execute...
Execute 1 jobs...

[Fri Sep 20 11:28:40 2024]
rule giraffe_tabix:
    input: vg_call/wg_ABOFRAM000709524730.vcf.gz
    output: vg_call/wg_ABOFRAM000709524730.vcf.gz.tbi
    log: logs/vg/giraffe_tabix_ABOFRAM000709524730.log
    jobid: 1118
    reason: Missing output files: vg_call/wg_ABOFRAM000709524730.vcf.gz.tbi; Input files updated by another job: vg_call/wg_ABOFRAM000709524730.vcf.gz
    wildcards: sample=ABOFRAM000709524730
    resources: mem_mb=11444, mem_mib=954, disk_mb=1000, disk_mib=954, tmpdir=<TBD>, slurm_partition=workq, slurm_account=mnaji, mem=12GB, time=28800

No wall time information given. This might or might not work on your cluster. If not, specify the resource runtime in your rule or as a reasonable default via --default-resources.
Job 1118 has been submitted with SLURM jobid 11150912 (log: /work/project/CASCAD/mnaji/sm_folder/results/.snakemake/slurm_logs/rule_giraffe_tabix/ABOFRAM000709524730/11150912.log).
[Fri Sep 20 11:29:10 2024]
Finished job 848.
762 of 886 steps (86%) done
Removing temporary output vg_map/ABOFRAM000703115255_8_8.vg.
Removing temporary output vg_map/ABOFRAM000703115255_8.pack.
Removing temporary output vg_map/ABOFRAM000703115255_pt8.snarls.
[Fri Sep 20 11:29:10 2024]
Finished job 1118.
763 of 886 steps (86%) done
Select jobs to execute...
Execute 1 jobs...

[Fri Sep 20 11:29:10 2024]
rule giraffe_concat:
    input: vg_call/ABOFRAM000703115255_1.vcf, vg_call/ABOFRAM000703115255_2.vcf, vg_call/ABOFRAM000703115255_3.vcf, vg_call/ABOFRAM000703115255_4.vcf, vg_call/ABOFRAM000703115255_5.vcf, vg_call/ABOFRAM000703115255_6.vcf, vg_call/ABOFRAM000703115255_7.vcf, vg_call/ABOFRAM000703115255_8.vcf, vg_call/ABOFRAM000703115255_9.vcf, vg_call/ABOFRAM000703115255_10.vcf, vg_call/ABOFRAM000703115255_11.vcf, vg_call/ABOFRAM000703115255_12.vcf, vg_call/ABOFRAM000703115255_13.vcf, vg_call/ABOFRAM000703115255_14.vcf, vg_call/ABOFRAM000703115255_15.vcf, vg_call/ABOFRAM000703115255_16.vcf, vg_call/ABOFRAM000703115255_17.vcf, vg_call/ABOFRAM000703115255_18.vcf, vg_call/ABOFRAM000703115255_19.vcf, vg_call/ABOFRAM000703115255_20.vcf, vg_call/ABOFRAM000703115255_21.vcf, vg_call/ABOFRAM000703115255_22.vcf, vg_call/ABOFRAM000703115255_23.vcf, vg_call/ABOFRAM000703115255_24.vcf, vg_call/ABOFRAM000703115255_25.vcf, vg_call/ABOFRAM000703115255_26.vcf, vg_call/ABOFRAM000703115255_27.vcf, vg_call/ABOFRAM000703115255_28.vcf, vg_call/ABOFRAM000703115255_29.vcf, vg_call/ABOFRAM000703115255_X.vcf
    output: vg_call/wg_ABOFRAM000703115255.vcf.gz
    log: logs/vg/giraffe_concat_ABOFRAM000703115255.log
    jobid: 809
    reason: Missing output files: vg_call/wg_ABOFRAM000703115255.vcf.gz; Input files updated by another job: vg_call/ABOFRAM000703115255_18.vcf, vg_call/ABOFRAM000703115255_4.vcf, vg_call/ABOFRAM000703115255_17.vcf, vg_call/ABOFRAM000703115255_X.vcf, vg_call/ABOFRAM000703115255_5.vcf, vg_call/ABOFRAM000703115255_25.vcf, vg_call/ABOFRAM000703115255_21.vcf, vg_call/ABOFRAM000703115255_26.vcf, vg_call/ABOFRAM000703115255_3.vcf, vg_call/ABOFRAM000703115255_27.vcf, vg_call/ABOFRAM000703115255_19.vcf, vg_call/ABOFRAM000703115255_22.vcf, vg_call/ABOFRAM000703115255_8.vcf, vg_call/ABOFRAM000703115255_9.vcf, vg_call/ABOFRAM000703115255_20.vcf, vg_call/ABOFRAM000703115255_2.vcf, vg_call/ABOFRAM000703115255_23.vcf, vg_call/ABOFRAM000703115255_11.vcf, vg_call/ABOFRAM000703115255_24.vcf, vg_call/ABOFRAM000703115255_13.vcf, vg_call/ABOFRAM000703115255_28.vcf, vg_call/ABOFRAM000703115255_16.vcf, vg_call/ABOFRAM000703115255_29.vcf, vg_call/ABOFRAM000703115255_10.vcf, vg_call/ABOFRAM000703115255_1.vcf, vg_call/ABOFRAM000703115255_14.vcf, vg_call/ABOFRAM000703115255_15.vcf, vg_call/ABOFRAM000703115255_12.vcf, vg_call/ABOFRAM000703115255_7.vcf, vg_call/ABOFRAM000703115255_6.vcf
    wildcards: sample=ABOFRAM000703115255
    resources: mem_mb=11444, mem_mib=954, disk_mb=1000, disk_mib=954, tmpdir=<TBD>, slurm_partition=workq, slurm_account=mnaji, mem=12GB, time=28800


        bcftools concat vg_call/ABOFRAM000703115255_1.vcf vg_call/ABOFRAM000703115255_2.vcf vg_call/ABOFRAM000703115255_3.vcf vg_call/ABOFRAM000703115255_4.vcf vg_call/ABOFRAM000703115255_5.vcf vg_call/ABOFRAM000703115255_6.vcf vg_call/ABOFRAM000703115255_7.vcf vg_call/ABOFRAM000703115255_8.vcf vg_call/ABOFRAM000703115255_9.vcf vg_call/ABOFRAM000703115255_10.vcf vg_call/ABOFRAM000703115255_11.vcf vg_call/ABOFRAM000703115255_12.vcf vg_call/ABOFRAM000703115255_13.vcf vg_call/ABOFRAM000703115255_14.vcf vg_call/ABOFRAM000703115255_15.vcf vg_call/ABOFRAM000703115255_16.vcf vg_call/ABOFRAM000703115255_17.vcf vg_call/ABOFRAM000703115255_18.vcf vg_call/ABOFRAM000703115255_19.vcf vg_call/ABOFRAM000703115255_20.vcf vg_call/ABOFRAM000703115255_21.vcf vg_call/ABOFRAM000703115255_22.vcf vg_call/ABOFRAM000703115255_23.vcf vg_call/ABOFRAM000703115255_24.vcf vg_call/ABOFRAM000703115255_25.vcf vg_call/ABOFRAM000703115255_26.vcf vg_call/ABOFRAM000703115255_27.vcf vg_call/ABOFRAM000703115255_28.vcf vg_call/ABOFRAM000703115255_29.vcf vg_call/ABOFRAM000703115255_X.vcf --threads 3 | bcftools view -m2 -M2 --threads 3 | bcftools sort -T ../results/tmp/ | bgzip -c > vg_call/wg_ABOFRAM000703115255.vcf.gz
        
No wall time information given. This might or might not work on your cluster. If not, specify the resource runtime in your rule or as a reasonable default via --default-resources.
Job 809 has been submitted with SLURM jobid 11150915 (log: /work/project/CASCAD/mnaji/sm_folder/results/.snakemake/slurm_logs/rule_giraffe_concat/ABOFRAM000703115255/11150915.log).
[Fri Sep 20 11:29:40 2024]
Finished job 809.
764 of 886 steps (86%) done
Removing temporary output vg_call/ABOFRAM000703115255_1.vcf.
Removing temporary output vg_call/ABOFRAM000703115255_2.vcf.
Removing temporary output vg_call/ABOFRAM000703115255_3.vcf.
Removing temporary output vg_call/ABOFRAM000703115255_4.vcf.
Removing temporary output vg_call/ABOFRAM000703115255_5.vcf.
Removing temporary output vg_call/ABOFRAM000703115255_6.vcf.
Removing temporary output vg_call/ABOFRAM000703115255_7.vcf.
Removing temporary output vg_call/ABOFRAM000703115255_8.vcf.
Removing temporary output vg_call/ABOFRAM000703115255_9.vcf.
Removing temporary output vg_call/ABOFRAM000703115255_10.vcf.
Removing temporary output vg_call/ABOFRAM000703115255_11.vcf.
Removing temporary output vg_call/ABOFRAM000703115255_12.vcf.
Removing temporary output vg_call/ABOFRAM000703115255_13.vcf.
Removing temporary output vg_call/ABOFRAM000703115255_14.vcf.
Removing temporary output vg_call/ABOFRAM000703115255_15.vcf.
Removing temporary output vg_call/ABOFRAM000703115255_16.vcf.
Removing temporary output vg_call/ABOFRAM000703115255_17.vcf.
Removing temporary output vg_call/ABOFRAM000703115255_18.vcf.
Removing temporary output vg_call/ABOFRAM000703115255_19.vcf.
Removing temporary output vg_call/ABOFRAM000703115255_20.vcf.
Removing temporary output vg_call/ABOFRAM000703115255_21.vcf.
Removing temporary output vg_call/ABOFRAM000703115255_22.vcf.
Removing temporary output vg_call/ABOFRAM000703115255_23.vcf.
Removing temporary output vg_call/ABOFRAM000703115255_24.vcf.
Removing temporary output vg_call/ABOFRAM000703115255_25.vcf.
Removing temporary output vg_call/ABOFRAM000703115255_26.vcf.
Removing temporary output vg_call/ABOFRAM000703115255_27.vcf.
Removing temporary output vg_call/ABOFRAM000703115255_28.vcf.
Removing temporary output vg_call/ABOFRAM000703115255_29.vcf.
Removing temporary output vg_call/ABOFRAM000703115255_X.vcf.
Select jobs to execute...
Execute 1 jobs...

[Fri Sep 20 11:29:40 2024]
rule giraffe_tabix:
    input: vg_call/wg_ABOFRAM000703115255.vcf.gz
    output: vg_call/wg_ABOFRAM000703115255.vcf.gz.tbi
    log: logs/vg/giraffe_tabix_ABOFRAM000703115255.log
    jobid: 808
    reason: Missing output files: vg_call/wg_ABOFRAM000703115255.vcf.gz.tbi; Input files updated by another job: vg_call/wg_ABOFRAM000703115255.vcf.gz
    wildcards: sample=ABOFRAM000703115255
    resources: mem_mb=11444, mem_mib=954, disk_mb=1000, disk_mib=954, tmpdir=<TBD>, slurm_partition=workq, slurm_account=mnaji, mem=12GB, time=28800

No wall time information given. This might or might not work on your cluster. If not, specify the resource runtime in your rule or as a reasonable default via --default-resources.
Job 808 has been submitted with SLURM jobid 11150921 (log: /work/project/CASCAD/mnaji/sm_folder/results/.snakemake/slurm_logs/rule_giraffe_tabix/ABOFRAM000703115255/11150921.log).
[Fri Sep 20 11:30:11 2024]
Finished job 808.
765 of 886 steps (86%) done
