# This file was produced by samtools stats (1.19+htslib-1.19) and can be plotted using plot-bamstats
# This file contains statistics for all reads.
# The command line was:  stats bam_files/recal_ABOFRAM007402068886.bam
# CHK, Checksum	[2]Read Names	[3]Sequences	[4]Qualities
# CHK, CRC32 of reads which passed filtering followed by addition (32bit overflow)
CHK	0efe0e32	638fcffc	7aeee2ac
# Summary Numbers. Use `grep ^SN | cut -f 2-` to extract this part.
SN	raw total sequences:	398303301	# excluding supplementary and secondary reads
SN	filtered sequences:	0
SN	sequences:	398303301
SN	is sorted:	1
SN	1st fragments:	199149899
SN	last fragments:	199153402
SN	reads mapped:	397282357
SN	reads mapped and paired:	396644131	# paired-end technology bit set + both mates mapped
SN	reads unmapped:	1020944
SN	reads properly paired:	388920954	# proper-pair bit set
SN	reads paired:	398303301	# paired-end technology bit set
SN	reads duplicated:	0	# PCR or optical duplicate bit set
SN	reads MQ0:	38500422	# mapped and MQ=0
SN	reads QC failed:	0
SN	non-primary alignments:	0
SN	supplementary alignments:	1253032
SN	total length:	58980933360	# ignores clipping
SN	total first fragment length:	29872484850	# ignores clipping
SN	total last fragment length:	29108448510	# ignores clipping
SN	bases mapped:	58830829827	# ignores clipping
SN	bases mapped (cigar):	58368768329	# more accurate
SN	bases trimmed:	0
SN	bases duplicated:	0
SN	mismatches:	327832589	# from NM fields
SN	error rate:	5.616575e-03	# mismatches / bases mapped (cigar)
SN	average length:	148
SN	average first fragment length:	150
SN	average last fragment length:	146
SN	maximum length:	150
SN	maximum first fragment length:	150
SN	maximum last fragment length:	150
SN	average quality:	31.1
SN	insert size average:	428.4
SN	insert size standard deviation:	88.1
SN	inward oriented pairs:	194692054
SN	outward oriented pairs:	281593
SN	pairs with other orientation:	99738
SN	pairs on different chromosomes:	3248477
SN	percentage of properly paired reads (%):	97.6
# First Fragment Qualities. Use `grep ^FFQ | cut -f 2-` to extract this part.
# Columns correspond to qualities and rows to cycles. First column is the cycle number.
FFQ	1	0	0	7253	0	0	0	0	0	0	0	0	0	0	0	3774546	0	0	0	0	0	0	0	0	0	0	0	0	5938027	0	0	189430073	0	0	0	0	0	0
FFQ	2	0	0	3415	0	0	0	0	0	0	31532	0	114898	581657	0	234550	634673	768799	181267	0	0	0	158782	68877	2986930	0	223612	282712	317392	845508	1120099	11513748	62122646	80625004	36333798	0	0	0
FFQ	3	0	0	18587	0	0	0	0	0	0	27894	0	93827	463687	0	173138	537558	805049	127917	0	0	0	167488	56666	0	2475919	226172	227534	388796	649370	1034283	1709203	10873461	61895078	80936744	36261528	0	0
FFQ	4	0	0	3539	0	0	0	0	0	0	30570	0	90625	406729	0	201373	519115	815550	110131	0	0	0	187358	0	62497	2692449	0	209217	228588	399822	601788	1201047	11264794	63647915	80452498	36024294	0	0
FFQ	5	0	0	97	0	0	0	0	0	0	31435	0	94298	374704	0	197374	502936	829219	99222	0	0	0	189386	0	64174	2759756	0	198168	243249	379311	585129	1121382	10898026	64449091	80760000	35372942	0	0
FFQ	6	0	0	22	0	0	0	0	0	0	30145	0	92822	359699	0	203489	480184	812432	100275	0	0	0	237354	0	2676468	211808	251937	370555	561723	1165412	1644949	10319955	64277460	80769030	34584180	0	0	0
FFQ	7	0	0	1	0	0	0	0	0	0	31730	0	88498	356723	0	195388	478459	792328	94298	0	0	0	182142	66546	2909421	0	206200	247122	403392	560025	1135153	11387705	65063580	80579754	34371434	0	0	0
FFQ	8	0	0	5734	0	0	0	0	0	0	29625	0	92784	354935	0	193197	473609	778899	97103	0	0	0	176136	61725	2649372	0	211125	259617	402859	562753	1152491	11522114	65006996	80339522	34779303	0	0	0
FFQ	9	0	0	0	0	0	0	0	0	0	30671	0	90573	352037	0	198032	483335	799182	95423	0	0	0	186701	64163	2720537	0	215334	251930	412963	562343	1178852	11511921	64843995	80325886	34826021	0	0	0
FFQ	10	0	0	0	0	0	0	0	0	0	31393	0	93611	351888	0	198772	474575	795263	94003	0	0	0	185336	64748	2752486	0	212948	265119	423236	557064	1180623	11492255	64985982	80275897	34714700	0	0	0
FFQ	11	0	0	0	0	0	0	0	0	0	32969	0	89052	344513	0	195353	478223	823858	95625	0	0	0	182347	69196	2754358	0	216932	255560	414324	559901	1195355	11654229	65102870	80100246	34584988	0	0	0
FFQ	12	0	0	0	0	0	0	0	0	0	33778	0	96625	334915	0	204692	478430	823427	96649	0	0	0	178993	69597	2744984	0	213923	277221	411055	550629	1214288	11654810	65071542	80023417	34670924	0	0	0
FFQ	13	0	0	0	0	0	0	0	0	0	34540	0	97247	337629	0	209047	479227	828849	96781	0	0	0	178203	71334	2774702	0	217933	281262	420055	559548	1229919	11661025	64972624	79841872	34858102	0	0	0
FFQ	14	0	0	0	0	0	0	0	0	0	34763	0	97889	333778	0	209873	482513	828520	96164	0	0	0	177805	71164	2751415	0	218093	284285	414495	555186	1235068	11637627	64826900	79880183	35014178	0	0	0
FFQ	15	0	0	0	0	0	0	0	0	0	34735	0	94521	327326	0	203771	479763	828610	97422	0	0	0	177309	71021	2720756	0	219030	276868	406195	554048	1234714	11630028	64840965	79945111	35007706	0	0	0
FFQ	16	0	0	2	0	0	0	0	0	0	35226	0	95669	327785	0	202680	481944	835471	96547	0	0	0	179579	71882	2734532	0	221705	281020	409648	550774	1237556	11637165	64749248	80096612	34904854	0	0	0
FFQ	17	0	0	0	0	0	0	0	0	0	35428	0	96386	330156	0	204576	486648	842570	99192	0	0	0	179097	72689	2722731	0	223383	282645	407287	553690	1242851	11702078	64846314	79962806	34859372	0	0	0
FFQ	18	0	0	19	0	0	0	0	0	0	36185	0	97175	333537	0	204830	489436	851756	99850	0	0	0	182650	73680	2730095	0	226242	283805	412111	563586	1254115	11734082	64888241	79999103	34689401	0	0	0
FFQ	19	0	0	0	0	0	0	0	0	0	38129	0	100397	344100	0	209533	504608	872835	101642	0	0	0	189037	75640	2761581	0	227236	289232	419117	568231	1263710	11660321	64946383	80087606	34490561	0	0	0
FFQ	20	0	0	0	0	0	0	0	0	0	37918	0	101814	348099	0	209731	506717	888456	104022	0	0	0	189588	74588	2709178	0	231320	287862	416959	574372	1268885	11650558	64956275	80194968	34398589	0	0	0
FFQ	21	0	0	0	0	0	0	0	0	0	39104	0	103549	353762	0	212126	511860	902226	105011	0	0	0	269311	0	2737444	234063	289352	421496	575624	1277448	1824727	10373958	64609613	80440872	33868353	0	0	0
FFQ	22	0	0	0	0	0	0	0	0	0	40905	0	105953	357764	0	218335	522321	920537	107246	0	0	0	274333	0	2725047	238196	294278	423910	585724	1302120	1838032	10440209	64622509	80347724	33784756	0	0	0
FFQ	23	0	0	0	0	0	0	0	0	0	42610	0	106203	360079	0	217401	526468	930145	107890	0	0	0	279507	0	2760083	243045	297140	423434	585547	1301488	1857163	10485131	64609439	80294029	33723097	0	0	0
FFQ	24	0	0	0	0	0	0	0	0	0	44148	0	108407	361876	0	217166	532587	942262	109778	0	0	0	282450	0	2784967	242908	301701	421768	590050	1308549	1868955	10414265	64594758	80391494	33631810	0	0	0
FFQ	25	0	0	0	0	0	0	0	0	0	45045	0	111049	366854	0	221449	545348	958796	112048	0	0	0	284930	0	2755333	246534	308127	419460	596290	1315630	1894298	10472516	64529039	80425014	33542139	0	0	0
FFQ	26	0	0	0	0	0	0	0	52439	0	131557	420302	0	244647	614956	1066535	125185	0	0	0	224443	0	83304	0	2763353	245954	307774	417885	600647	1317720	1905436	10446075	64468756	80247304	33465627	0	0	0
FFQ	27	0	0	1049	0	0	0	0	52122	0	130546	416195	0	242476	617034	1062384	124936	0	0	0	224935	0	83291	0	2750085	246806	307288	416012	597311	1314493	1906266	10432288	64551038	80209451	33463893	0	0	0
FFQ	28	0	0	0	0	0	0	0	51775	0	130478	412709	0	241970	612403	1059292	124236	0	0	0	221937	0	81953	0	2721640	246027	307270	413959	600337	1318226	1903104	10440655	64600649	80260456	33400823	0	0	0
FFQ	29	0	0	40	0	0	0	0	53520	0	134370	426112	0	247678	625101	1079062	125489	0	0	0	230013	0	83206	0	2711148	249435	311844	419014	606728	1331623	1919111	10459731	64612573	80124389	33399712	0	0	0
FFQ	30	0	0	0	0	0	0	0	54739	0	134191	425746	0	249718	624592	1080686	125562	0	0	0	229116	0	83798	0	2754599	248550	311018	416597	608300	1330907	1919443	10434215	64484302	80257446	33376374	0	0	0
FFQ	31	0	0	0	0	0	0	0	56710	0	137495	436798	0	254560	639156	1103691	130321	0	0	0	230781	0	85365	0	2769879	250601	314310	418666	617166	1340264	1940761	10399664	64654193	80117910	33251608	0	0	0
FFQ	32	0	0	0	0	0	0	0	58266	0	142012	447271	0	261792	650509	1120386	132869	0	0	0	232035	0	85956	0	2737136	253102	319618	421682	625014	1356375	1947340	10460156	64635824	80052705	33209851	0	0	0
FFQ	33	0	0	29558	0	0	0	62121	0	147942	460898	0	269877	658722	1145936	132801	0	0	0	238011	88032	0	0	254779	3064356	428904	630403	1376066	1969238	571236	0	10298617	64514997	79636887	33170518	0	0	0
FFQ	34	0	0	0	0	0	0	0	60209	0	144902	457422	0	268700	662031	1141157	136456	0	0	0	237020	0	87120	0	2744076	256242	323224	425878	632591	1374845	1974066	10419025	64657147	80016679	33131109	0	0	0
FFQ	35	0	0	0	0	0	0	0	61104	0	146120	463331	0	268970	667634	1145647	137019	0	0	0	239503	0	86973	0	2745805	256305	324588	430978	630695	1374955	1976232	10414428	64741033	79962579	33076000	0	0	0
FFQ	36	0	0	141	0	0	0	0	62107	0	147845	464102	0	272515	671073	1145583	137450	0	0	0	237769	0	87909	0	2761975	256914	326774	426158	636791	1381069	1973217	10435855	64544760	80143173	33036719	0	0	0
FFQ	37	0	0	0	0	0	0	0	61859	0	144740	462225	0	269326	665184	1140359	136144	0	0	0	240530	0	87726	0	2764223	255864	323459	423795	633591	1373903	1973469	10424487	64625137	80093643	33050235	0	0	0
FFQ	38	0	0	0	0	0	0	0	63376	0	148600	468268	0	274847	677142	1154081	139494	0	0	0	238367	0	88775	0	2750997	257315	329293	427640	642845	1389240	1977792	10427883	64604898	80069504	33019542	0	0	0
FFQ	39	0	0	0	0	0	0	0	63109	0	150538	477820	0	278278	679602	1163964	137613	0	0	0	246952	0	87125	0	2715241	259750	330393	437216	645904	1392965	2000721	10446817	64472577	80137516	33025798	0	0	0
FFQ	40	0	0	0	0	0	0	0	65065	0	152385	484234	0	283834	685757	1169683	139699	0	0	0	246154	0	88575	0	0	2984061	334592	442986	652243	1404409	2010442	578764	9856444	65094775	79506408	32969389	0	0
FFQ	41	0	0	87884	0	0	0	68373	0	157026	506467	0	293852	703506	1202496	142685	0	0	0	254532	90484	0	0	265634	3086888	450645	665335	1418400	2036213	583460	0	10335967	64488300	79385927	32925825	0	0	0
FFQ	42	0	0	0	0	0	0	68599	0	157578	500550	0	294003	710202	1199513	142892	0	0	0	255405	0	0	90303	0	0	3026755	337175	445388	667997	1418999	2033984	586671	9848937	65008107	79438786	32918055	0	0
FFQ	43	0	0	0	0	0	0	68678	0	157406	502995	0	291056	706797	1201239	143982	0	0	0	254371	0	0	90337	0	0	3004144	337592	444734	666028	1417067	2027708	586890	9839166	65058028	79376276	32975405	0	0
FFQ	44	0	0	0	0	0	0	69530	0	157199	503440	0	293305	703563	1195779	144087	0	0	0	251145	0	0	90245	0	0	3007272	338012	444493	662459	1416931	2019133	584292	9847713	65038646	79402554	32980101	0	0
FFQ	45	0	0	0	0	0	0	71512	0	157594	507446	0	295631	712517	1205480	146843	0	0	0	252322	0	0	91665	0	0	3021054	339907	442369	667014	1421935	2033504	590039	9878097	64935582	79427946	32951442	0	0
FFQ	46	0	0	0	0	0	0	72351	0	161113	516324	0	300001	718845	1225256	150594	0	0	0	254899	0	0	91597	0	0	3020028	344383	448329	674969	1436718	2047786	592474	9864093	65033773	79290607	32905759	0	0
FFQ	47	0	0	0	0	0	0	74581	0	163892	519017	0	304837	725448	1225168	151282	0	0	0	255462	0	0	93322	0	0	3022469	347027	451701	676787	1443534	2051627	599296	9860422	65049909	79243601	32890517	0	0
FFQ	48	0	0	0	0	0	0	75188	0	166326	529539	0	309657	739453	1249717	151200	0	0	0	258535	0	0	92712	0	0	2991283	351031	454263	684720	1452327	2076776	599977	9808035	64976495	79318761	32863904	0	0
FFQ	49	0	0	0	0	0	0	76671	0	169941	540052	0	315788	746921	1264228	154192	0	0	0	261405	0	0	94483	0	0	3005009	354904	457772	694820	1470632	2087677	606166	9820900	64906814	79304487	32817037	0	0
FFQ	50	0	0	136	0	0	0	76738	0	169957	546909	0	318177	750069	1261054	153457	0	0	0	267255	0	0	94105	0	0	3030823	353852	466892	695829	1473376	2096713	604752	9755353	64932773	79252705	32848974	0	0
FFQ	51	0	0	0	0	0	0	77403	0	170932	551292	0	321049	753344	1266500	153739	0	0	0	266748	0	0	92971	0	0	2983674	356330	469451	698476	1481752	2104385	607200	9794853	64899551	79245354	32854895	0	0
FFQ	52	0	0	0	0	0	0	76926	0	171113	554873	0	319306	751303	1270703	154067	0	0	0	269065	0	0	92126	0	0	2978223	354781	469665	698578	1475570	2096510	604684	9822619	64996458	79194013	32799316	0	0
FFQ	53	0	0	0	0	0	0	81453	0	175598	562590	0	328030	764474	1287373	158910	0	0	0	267853	0	0	95179	0	0	3023439	359337	465246	707497	1484697	2103546	610063	9804022	64795977	79322240	32752375	0	0
FFQ	54	0	0	0	0	0	0	80557	0	177065	569387	0	330911	774063	1301934	160402	0	0	0	271510	0	0	95068	0	0	3017630	362480	470575	712526	1490631	2123231	610721	9779038	64818708	79251871	32751591	0	0
FFQ	55	0	0	0	0	0	0	83127	0	180117	575633	0	337669	781295	1310037	161490	0	0	0	271676	0	0	95702	0	0	3000384	368072	476126	716276	1508106	2127013	618308	9811279	64877823	79123293	32726473	0	0
FFQ	56	0	0	36	0	0	0	83242	0	182598	589386	0	342801	788035	1322907	161640	0	0	0	278960	0	0	96540	0	0	3010628	367826	483536	725441	1515797	2150214	619768	9802751	64817307	79061707	32748779	0	0
FFQ	57	0	0	0	0	0	0	85109	0	182790	591101	0	345077	795045	1327258	162336	0	0	0	280517	0	0	96923	0	0	3021709	369286	478803	724102	1519652	2154151	619465	9793041	64850732	79078676	32674126	0	0
FFQ	58	0	0	0	0	0	0	86775	0	186974	600233	0	348832	802345	1342734	166843	0	0	0	279011	0	0	98550	0	0	3025542	374195	482438	731646	1530303	2163491	624716	9825494	64857772	78986461	32635544	0	0
FFQ	59	0	0	134	0	0	0	88560	0	185848	605250	0	349966	805488	1348523	167128	0	0	0	283569	0	0	98382	0	0	3021004	372816	485517	733720	1527400	2173629	625250	9799496	64861720	78966572	32649927	0	0
FFQ	60	0	0	0	0	0	0	88126	0	186354	599472	0	349614	803435	1340877	167619	0	0	0	277710	0	0	98119	0	0	3007397	373717	476598	729136	1522741	2155045	626534	9797323	64776030	79061688	32712364	0	0
FFQ	61	0	0	28960	0	0	0	90744	0	191957	616653	0	358786	814504	1364619	168853	0	0	0	283873	0	98899	0	0	3016090	380071	489100	743929	1546001	2177852	630309	9791765	64754035	78981680	32621219	0	0	0
FFQ	62	0	0	35	0	0	0	90978	0	195108	634128	0	368114	830040	1381910	169841	0	0	0	293932	0	99211	0	0	292530	3102730	501725	754927	1566252	2208970	635670	0	10300453	64177611	78921021	32624713	0	0
FFQ	63	0	0	0	0	0	0	92392	0	195910	635178	0	368539	830143	1389907	170922	0	0	0	292121	0	100202	0	0	292668	3108713	496784	749272	1559973	2207395	636787	0	10307605	64104275	78948443	32662670	0	0
FFQ	64	0	0	0	0	0	0	94193	0	197839	636381	0	371372	833818	1395640	174146	0	0	0	288286	0	102202	0	0	293938	3138421	494994	755487	1568776	2199224	638640	0	10308611	64153718	78942732	32561481	0	0
FFQ	65	0	0	0	0	0	0	94348	0	201911	649854	0	379929	849240	1412263	175769	0	0	0	297271	0	100735	0	0	295373	3117039	503743	766367	1589519	2232991	645311	0	10260858	64178418	78834227	32564733	0	0
FFQ	66	0	0	0	0	0	0	94896	0	204843	659485	0	382813	856196	1424533	175759	0	0	0	297693	0	101150	0	0	297487	3118834	509426	768490	1596615	2247130	647806	0	10286923	64120033	78806868	32552919	0	0
FFQ	67	0	0	0	0	0	0	97702	0	206444	668851	0	386611	864137	1433633	178772	0	0	0	301279	0	102502	0	0	300203	3119936	513825	774072	1600823	2255067	649466	0	10322428	64119459	78759933	32494756	0	0
FFQ	68	0	0	0	0	0	0	99332	0	208305	675952	0	394204	867844	1445112	180169	0	0	0	303692	0	104634	0	0	303885	3146272	519007	779262	1613073	2267010	653011	0	10333422	64059460	78672468	32523785	0	0
FFQ	69	0	0	0	0	0	0	100632	0	210359	682735	0	397543	875676	1452292	181849	0	0	0	307309	0	103566	0	0	304465	3139744	523724	781252	1620619	2283495	656001	0	10316674	64129467	78564405	32518092	0	0
FFQ	70	0	0	33	0	0	0	101477	0	210535	682443	0	398397	873871	1448056	179329	0	0	0	308301	0	104334	0	0	304055	3133995	523837	784161	1621253	2278497	659481	0	10327830	64121104	78628415	32460495	0	0
FFQ	71	0	0	62	0	0	0	103952	0	218823	702821	0	409822	892749	1487300	182094	0	0	0	314390	0	105978	0	0	3038506	408122	532128	795215	1637288	2311648	665156	9768507	64487576	78644430	32443332	0	0	0
FFQ	72	0	0	2	0	0	0	103064	0	216663	701989	0	408181	896911	1489100	185543	0	0	0	311775	0	105759	0	0	307469	3117389	528127	799796	1641914	2304512	666068	0	10294195	63953950	78650544	32466948	0	0
FFQ	73	0	0	0	0	0	0	104409	0	218514	701673	0	411224	897626	1485476	186740	0	0	0	312630	0	105477	0	0	3027683	408807	524541	799230	1639301	2298312	664512	9736892	64539644	78676298	32410910	0	0	0
FFQ	74	0	0	5	0	0	0	104244	0	217741	694984	0	409762	888740	1476774	186654	0	0	0	305700	0	105342	0	0	304923	3119130	518455	790889	1633361	2279966	662963	0	10300791	64046501	78683713	32419261	0	0
FFQ	75	0	0	0	0	0	0	106308	0	219025	703939	0	414718	897072	1491040	188251	0	0	0	307537	0	105860	0	0	306834	3125491	517898	797384	1640812	2285478	665510	0	10323936	63984183	78629045	32439578	0	0
FFQ	76	0	0	0	0	0	0	107697	0	226460	717730	0	427911	913580	1511621	191483	0	0	0	311579	0	107124	0	0	311258	3141069	526357	805816	1669730	2312047	675196	0	10312668	63859231	78660053	32361289	0	0
FFQ	77	0	0	0	0	0	0	111051	0	231612	740797	0	433227	932648	1545910	194952	0	0	0	321664	0	108837	0	0	3036076	424554	540927	818759	1680930	2356159	680826	9746529	64403602	78525810	32315029	0	0	0
FFQ	78	0	0	4	0	0	0	111417	0	236211	748667	0	440693	940021	1557627	197236	0	0	0	321765	0	109074	0	0	320244	3142052	547193	829260	1702644	2368622	687972	0	10298542	63836073	78449604	32304978	0	0
FFQ	79	0	0	0	0	0	0	112852	0	233611	751428	0	441668	939906	1560784	197268	0	0	0	326918	0	109399	0	0	320072	3151120	548304	827271	1705621	2371956	685291	0	10282622	63837938	78450176	32295694	0	0
FFQ	80	0	0	0	0	0	0	114320	0	235746	750834	0	444848	942993	1567329	199117	0	0	0	322999	0	110315	0	0	318130	3161768	543529	826834	1700670	2362273	685189	0	10285969	63824219	78458802	32294015	0	0
FFQ	81	0	0	0	0	0	0	113773	0	237079	757120	0	446719	944570	1572610	200523	0	0	0	325434	0	110377	0	0	319255	3152684	544992	829697	1703964	2369253	687254	0	10288059	63818357	78430570	32297609	0	0
FFQ	82	0	0	0	0	0	0	116850	0	242361	772478	0	457591	959711	1582700	202484	0	0	0	329451	0	112233	0	0	324058	3173166	555719	843439	1725138	2395830	693317	0	10294637	63749550	78385914	32233272	0	0
FFQ	83	0	0	0	0	0	0	118409	0	248202	796134	0	469574	974910	1612158	202042	0	0	0	340918	0	111433	0	0	330844	3167256	569771	855665	1751423	2432060	702174	0	10315117	63698973	78242070	32210766	0	0
FFQ	84	0	0	32	0	0	0	116103	0	241256	776395	0	458163	958709	1590830	201906	0	0	0	334436	0	109872	0	0	325177	3153850	554202	839067	1718364	2395446	692118	0	10321215	63795608	78331364	32235786	0	0
FFQ	85	0	0	0	0	0	0	116489	0	241956	766489	0	457280	956785	1580876	204520	0	0	0	323776	0	111148	0	0	321999	3149929	539862	838560	1717830	2364774	692153	0	10296441	63786519	78507790	32174723	0	0
FFQ	86	0	0	0	0	0	0	120227	0	251760	797641	0	475241	982764	1623325	208006	0	0	0	334741	0	112418	0	0	330108	3163640	560299	860255	1757770	2413859	705219	0	10306485	63689304	78289128	32167709	0	0
FFQ	87	0	0	23	0	0	0	121610	0	252360	803121	0	478965	989223	1629636	208533	0	0	0	341173	0	113491	0	0	331168	3187039	569412	862425	1760922	2444111	709616	0	10292635	63653415	78221397	32179624	0	0
FFQ	88	0	0	50	0	0	0	122439	0	259321	813144	0	489526	1002750	1645924	211212	0	0	0	343001	0	115325	0	0	333999	3190055	575105	875833	1785782	2465218	719040	0	10241811	63639765	78196651	32123948	0	0
FFQ	89	0	0	0	0	0	0	123307	0	259351	824805	0	490829	1005210	1665572	210355	0	0	0	348281	0	113970	0	0	335610	3154317	576830	875050	1785489	2469501	715408	0	10258153	63732772	78084769	32120320	0	0
FFQ	90	0	0	419	0	0	0	125320	0	263706	828575	0	499651	1012793	1667104	216495	0	0	0	343256	0	115710	0	0	337749	3155895	574842	882886	1802529	2465908	720923	0	10279196	63578666	78208390	32069886	0	0
FFQ	91	0	0	1	0	0	0	129890	0	273649	862425	0	516420	1042480	1712710	218320	0	0	0	362228	0	119737	0	0	349132	3211852	602464	908260	1841794	2543576	733732	0	10284839	63487016	77965191	31984183	0	0
FFQ	92	0	0	34	0	0	0	127820	0	264243	847394	0	504269	1020638	1686578	217275	0	0	0	357843	0	116816	0	0	341685	3182977	590335	887683	1809168	2504356	722396	0	10262245	63656675	77968504	32080965	0	0
FFQ	93	0	0	97	0	0	0	131207	0	267319	836923	0	504823	1022206	1677993	219548	0	0	0	345855	0	118846	0	0	338431	3209346	576151	885097	1803188	2467115	723209	0	10262186	63554490	78142518	32063351	0	0
FFQ	94	0	0	0	0	0	0	128903	0	267940	845780	0	506971	1025361	1698447	217930	0	0	0	349164	0	116259	0	0	339664	3196823	577840	887864	1802358	2481219	721124	0	10286284	63555634	78089157	32055177	0	0
FFQ	95	0	0	0	0	0	0	130795	0	276032	856559	0	522475	1045142	1715422	225618	0	0	0	348568	0	119631	0	0	343579	3204386	579465	906714	1841838	2498424	734636	0	10277671	63433970	78062840	32026134	0	0
FFQ	96	0	0	0	0	0	132166	0	289415	905148	0	546138	1080574	1780168	229398	0	0	0	375021	0	118894	0	0	357796	488765	3317684	931211	1888005	2585703	749683	0	614451	9652670	63352282	77842737	31911990	0	0
FFQ	97	0	0	0	0	0	0	132113	0	281307	887089	0	533090	1060786	1756401	226171	0	0	0	364925	0	118063	0	0	351631	3186104	602666	914693	1857229	2551886	740683	0	10287830	63419520	77923108	31954604	0	0
FFQ	98	0	0	0	0	0	0	132528	0	286930	889956	0	543380	1071390	1757477	230118	0	0	0	359324	0	119539	0	0	351611	3199518	598408	926757	1875632	2548226	748234	0	10250355	63356464	77954953	31949099	0	0
FFQ	99	0	0	0	0	0	0	135446	0	289975	908323	0	549547	1084529	1792573	228665	0	0	0	372910	120015	0	0	357292	488278	3335783	929841	1887951	2589896	752362	0	611244	9645514	63265791	77873637	31930327	0	0
FFQ	100	0	0	0	0	0	0	134071	0	288521	894004	0	546890	1078530	1775096	233868	0	0	0	360245	0	119397	0	0	351579	3172565	598244	925303	1881527	2559674	749824	0	10239757	63359637	77972920	31908247	0	0
FFQ	101	0	0	0	0	0	137577	0	294807	914081	0	557306	1094648	1806996	236103	0	0	0	369232	0	121328	0	0	357456	493826	3320451	937863	1900447	2586924	756194	0	603405	9656594	63318480	77843382	31842799	0	0
FFQ	102	0	0	5	0	0	141500	0	298903	925113	0	563908	1099031	1818378	237157	0	0	0	369251	122551	0	0	357432	497607	3334261	941799	1908621	2591773	755006	0	605232	9652364	63297977	77793503	31838527	0	0	0
FFQ	103	0	0	2	0	0	0	140215	0	296992	920144	0	565642	1105003	1802208	237856	0	0	0	372490	0	123307	0	0	361604	3216419	613175	947599	1915497	2606714	760394	0	10284374	63290914	77788696	31800654	0	0
FFQ	104	0	0	18	0	0	143116	0	310721	958140	0	586175	1132585	1851409	241495	0	0	0	389338	0	124139	0	0	371062	516569	3355473	977144	1961752	2674252	778874	0	632218	9637093	63230489	77541487	31736350	0	0
FFQ	105	0	0	0	0	0	143498	0	308816	962534	0	584370	1132325	1860355	240590	0	0	0	390671	0	123320	0	0	371612	510722	3361946	968713	1955793	2677337	772769	0	632365	9640262	63187612	77566859	31757430	0	0
FFQ	106	0	0	109	0	0	144304	0	312395	958058	0	590409	1138150	1858948	243922	0	0	0	384156	0	0	125614	0	0	370632	3238624	635320	976911	1967756	2667446	777180	0	10259780	63150430	77645677	31704078	0	0
FFQ	107	0	0	0	0	0	144532	0	320806	986207	0	605940	1162443	1907958	246977	0	0	0	395168	0	125474	0	0	376073	523301	3351759	986395	1993890	2707422	786549	0	633808	9616668	63087549	77481156	31709824	0	0
FFQ	108	0	0	14	0	0	145518	0	318669	971812	0	599009	1150020	1890101	247978	0	0	0	385702	0	124720	0	0	372481	521531	3338416	977198	1978143	2668969	780936	0	619745	9649436	63024966	77624760	31759775	0	0
FFQ	109	0	0	0	0	0	147454	0	323527	987108	0	608353	1162547	1909349	250610	0	0	0	390715	0	127081	0	0	378835	530074	3349001	992977	2000512	2700507	789722	0	629579	9611395	63020946	77523960	31715647	0	0
FFQ	110	0	0	32	0	0	149296	0	330560	1006753	0	624454	1184640	1939543	253369	0	0	0	399121	0	127124	0	0	383191	535317	3359919	1005983	2026047	2743775	799622	0	639889	9588892	62960544	77441314	31650514	0	0
FFQ	111	0	0	0	0	0	150012	0	339581	1025645	0	638414	1199551	1970864	255999	0	0	0	404799	0	128593	0	0	388302	543817	3363200	1017516	2053812	2773840	807544	0	646425	9598374	62888918	77347762	31606931	0	0
FFQ	112	0	0	38	0	0	150026	0	340025	1035617	0	641477	1205338	1984095	258888	0	0	0	406385	0	127846	0	0	390031	544667	3361860	1022295	2059840	2775152	808567	0	646231	9591166	62921582	77283961	31594812	0	0
FFQ	113	0	0	0	0	0	151987	0	334675	1023421	0	641485	1193564	1961312	258705	0	0	0	400361	0	128869	0	0	388250	539347	3356900	1013600	2052077	2746732	803129	0	638503	9638214	62939845	77329509	31609414	0	0
FFQ	114	0	0	37	0	0	152426	0	332350	1019132	0	637365	1196718	1959995	261942	0	0	0	396089	0	129869	0	0	386524	539938	3360618	1018161	2048447	2738288	801027	0	631126	9644605	62918471	77362911	31613860	0	0
FFQ	115	0	0	0	0	0	156128	0	348109	1048156	0	659284	1223949	1998427	268226	0	0	0	408685	0	133105	0	0	395001	554861	3378880	1037676	2091374	2795448	817554	0	649350	9595808	62852879	77206989	31530010	0	0
FFQ	116	0	0	0	0	0	157033	0	348551	1059437	0	661187	1225978	2012875	263399	0	0	0	414572	0	132030	0	0	395972	553307	3382877	1039131	2087892	2809359	817035	0	655314	9580471	62841003	77180260	31532216	0	0
FFQ	117	0	0	0	0	0	155603	0	345731	1039510	0	656404	1218443	1997652	264128	0	0	0	403325	0	131018	0	0	393815	553254	3363018	1038396	2084483	2788983	816000	0	640594	9608848	62807481	77329137	31514076	0	0
FFQ	118	0	0	4	0	0	156428	0	353951	1066633	0	672175	1242736	2036808	271262	0	0	0	410659	0	132325	0	0	400873	562848	3380366	1058549	2120485	2830738	825401	0	651405	9577772	62781605	77173178	31443698	0	0
FFQ	119	0	0	0	0	0	159627	0	367687	1102883	0	694972	1275418	2087104	275608	0	0	0	427440	0	133812	0	0	410306	576377	3388358	1079053	2160538	2897526	841963	0	674044	9554655	62636898	77026238	31379392	0	0
FFQ	120	0	0	83	0	0	161231	0	367814	1104141	0	698213	1275252	2091550	273461	0	0	0	427657	0	134395	0	0	411874	575678	3404271	1074458	2161323	2895897	842066	0	672861	9565351	62637950	76967969	31406404	0	0
FFQ	121	0	0	0	0	0	161588	0	371231	1105615	0	698893	1277281	2095902	278103	0	0	0	422122	0	133876	0	0	409249	577153	3395308	1076498	2165703	2879364	841270	0	662524	9551502	62644618	77001354	31400745	0	0
FFQ	122	0	0	1	0	0	162767	0	375033	1118966	0	711032	1294269	2119214	283001	0	0	0	423371	0	136068	0	0	413785	582314	3403871	1088578	2179736	2904150	845771	0	665787	9539266	62566780	76978745	31357394	0	0
FFQ	123	0	0	0	0	0	160228	0	362067	1087692	0	688329	1266425	2082974	279453	0	0	0	417003	0	132683	0	0	404042	567229	3368333	1060538	2140548	2849018	832725	0	651512	9578678	62729153	77051821	31439448	0	0
FFQ	124	0	0	0	0	0	161952	0	364045	1071554	0	687547	1252608	2055820	281957	0	0	0	399559	0	134366	0	0	398899	575297	3374028	1061625	2132738	2799823	831175	0	633049	9572517	62707521	77238581	31415238	0	0
FFQ	125	0	0	0	0	0	164654	0	377476	1118022	0	716045	1298520	2124412	289335	0	0	0	419326	0	136520	0	0	413704	584656	3396382	1090220	2186645	2885430	850196	0	656698	9557088	62582975	76989007	31312588	0	0
FFQ	126	0	0	0	0	0	167330	0	390807	1145343	0	737459	1324253	2163377	293537	0	0	0	431332	0	138707	0	0	425267	600787	3417766	1113204	2233010	2949408	866380	0	673796	9563200	62439692	76790659	31284585	0	0
FFQ	127	0	0	0	0	0	167155	0	389234	1158075	0	738030	1323666	2182556	293391	0	0	0	435049	0	137677	0	0	424511	598816	3421460	1113157	2235970	2968321	867125	0	681299	9537824	62496896	76713087	31266600	0	0
FFQ	128	0	0	34	0	0	168489	0	386474	1140899	0	734031	1317945	2159639	295177	0	0	0	424405	0	139719	0	0	420013	596939	3428377	1106769	2222675	2928223	862540	0	666654	9537684	62476333	76870996	31265884	0	0
FFQ	129	0	0	32	0	0	170054	0	403388	1174520	0	758366	1348341	2211148	298557	0	0	0	435531	0	140654	0	0	430539	613700	3408219	1133980	2266492	2983465	878403	0	680294	9537401	62358734	76726159	31191922	0	0
FFQ	130	0	0	1	0	0	173016	0	416682	1214334	0	785545	1383821	2264569	303264	0	0	0	452690	0	143297	0	0	444216	626824	3439452	1159321	2321882	3068914	895260	0	700721	9502745	62191508	76556828	31105009	0	0
FFQ	131	0	0	0	0	0	172286	0	406449	1201910	0	773229	1363840	2246438	299036	0	0	0	450876	0	139879	0	0	438738	617149	3434662	1142807	2297320	3039511	885160	0	698446	9529367	62299872	76574224	31138700	0	0
FFQ	132	0	0	0	0	0	171613	0	400884	1170310	0	759301	1344893	2211950	302594	0	0	0	429586	141162	0	0	426921	610724	3414679	1126197	2264086	2953722	873716	0	667112	9560073	62332424	76811280	31176672	0	0	0
FFQ	133	0	0	0	0	0	173765	0	417925	1205588	0	790026	1386049	2267600	310911	0	0	0	441886	0	142845	0	0	436851	629029	3415952	1163753	2318296	3028385	892781	0	685850	9494378	62198213	76680494	31069322	0	0
FFQ	134	0	0	0	0	0	176829	0	433212	1248314	0	818801	1424368	2329727	315917	0	0	0	457617	0	145423	0	0	453364	643684	3440950	1186717	2374924	3112984	913702	0	708268	9473995	62090084	76410372	30990647	0	0
FFQ	135	0	0	700	0	0	179663	0	434600	1256145	0	819105	1426116	2341815	317378	0	0	0	460356	0	145603	0	0	455106	642066	3455828	1189470	2381027	3123884	913764	0	711698	9492393	62064409	76350299	30988474	0	0
FFQ	136	0	0	68	0	0	180472	0	437241	1254681	0	827916	1421190	2325177	318383	0	0	0	453431	0	147628	0	0	455675	649707	3478520	1192102	2385880	3105936	913963	0	703452	9497469	62062000	76398858	30940150	0	0
FFQ	137	0	0	0	0	0	181502	0	440236	1271896	0	836260	1438197	2358067	322901	0	0	0	462087	0	149104	0	0	460109	650681	3491586	1202670	2403067	3141490	920273	0	713615	9471218	62056274	76255737	30922929	0	0
FFQ	138	0	0	0	0	0	180463	0	437948	1260287	0	830224	1427761	2348225	327043	0	0	0	454707	0	146946	0	0	456264	647918	3464881	1193037	2393105	3107098	914152	0	699615	9475985	62125326	76300031	30958883	0	0
FFQ	139	0	0	8	0	0	185328	0	451869	1284000	0	851658	1452352	2371431	327408	0	0	0	462015	0	151215	0	0	461930	667001	3469004	1219361	2430524	3148027	928469	0	707914	9462985	61969744	76279989	30867667	0	0
FFQ	140	0	0	0	0	0	184329	0	459194	1313852	0	869981	1471083	2413411	327400	0	0	0	473151	0	150912	0	0	471086	669423	3491193	1232613	2461234	3205058	937789	0	725536	9446903	61880570	76129435	30835746	0	0
FFQ	141	0	0	0	0	0	181823	0	454650	1298772	0	861895	1464817	2406580	331562	0	0	0	466203	0	148381	0	0	466103	665431	3447687	1223377	2450355	3177560	936826	0	714769	9452261	61886961	76245106	30868780	0	0
FFQ	142	0	0	10	0	0	186584	0	475238	1336200	0	900104	1505828	2464597	339527	0	0	0	477454	0	152569	0	0	481221	688294	3458811	1264861	2517485	3255779	959600	0	729709	9424038	61744535	76040332	30747123	0	0
FFQ	143	0	0	0	0	0	185527	0	464419	1329965	0	882260	1484567	2442544	333030	0	0	0	475876	0	148746	0	0	475191	673886	3476509	1239543	2486030	3221434	947708	0	729501	9453910	61877281	76012913	30809059	0	0
FFQ	144	0	0	0	0	0	185582	0	465862	1311817	0	888883	1484166	2412917	339424	0	0	0	458949	0	152512	0	0	471768	684683	3475658	1248024	2487910	3176582	946726	0	704529	9455525	61760998	76261034	30776350	0	0
FFQ	145	0	0	0	0	0	189079	0	480140	1366690	0	913369	1520696	2502784	341088	0	0	0	485042	0	152024	0	0	487232	689629	3493080	1267116	2539841	3276903	958562	0	737716	9409974	61701339	75935131	30702464	0	0
FFQ	146	0	0	10	0	0	0	189733	0	484556	1362560	0	923878	1526651	2493306	349323	0	0	0	475184	154714	0	0	485787	698182	805297	3954890	2550047	3255576	966602	0	725112	0	9434687	61661805	75950088	30701911	0
FFQ	147	0	0	0	0	0	0	191994	0	491062	1380598	0	930005	1539791	2523490	350031	0	0	0	485178	154476	0	0	490698	699412	813073	3972056	2560554	3287040	966356	0	735167	0	9429248	61640081	75876516	30633073	0
FFQ	148	0	0	0	0	0	0	195843	0	513335	1421537	0	967334	1584525	2579841	362912	0	0	0	491989	159701	0	0	504799	723665	3506321	1320962	2622244	3351037	986751	0	744322	9372980	61459324	75779168	30501309	0	0
FFQ	149	0	0	2	0	0	0	199454	0	521658	1465100	0	988658	1612601	2644166	359474	0	0	0	516973	160426	0	0	521987	729831	3533124	1338422	2676819	3460055	1004770	0	779196	9335040	61445560	75400468	30456115	0	0
FFQ	150	0	0	637	0	0	0	196906	0	511859	1428418	0	974282	1582611	2594758	360916	0	0	0	496578	159790	0	0	507439	3411094	841526	1319255	2643477	3389061	994909	0	10126699	61494978	75608617	30506089	0	0	0
# Last Fragment Qualities. Use `grep ^LFQ | cut -f 2-` to extract this part.
# Columns correspond to qualities and rows to cycles. First column is the cycle number.
LFQ	1	0	0	0	0	0	0	0	0	0	0	0	3441257	0	0	0	0	0	0	0	0	0	0	0	0	0	5733899	0	0	0	189978246	0	0	0	0	0	0	0
LFQ	2	0	0	329	0	0	0	0	0	81021	0	213252	577097	0	435328	609328	1008048	118917	0	0	0	195712	76298	0	3011731	244985	485038	517074	711614	1577209	1815262	9855394	61217905	80043435	36358425	0	0	0
LFQ	3	0	0	134	0	0	0	0	0	46816	0	160248	563250	0	281388	611081	1133186	136831	0	0	0	183411	0	55822	2396108	0	243380	326141	514762	707424	1392096	12223421	62238372	79494642	36444889	0	0	0
LFQ	4	0	0	2234	0	0	0	0	0	43864	0	168958	561593	0	340312	611641	1103561	131037	0	0	0	207983	0	55676	2643664	0	212839	346951	581747	655480	1596281	11441234	63551246	79329306	35567795	0	0	0
LFQ	5	0	0	106	0	0	0	0	0	50593	0	178670	535975	0	335372	643923	1161066	121067	0	0	0	239244	0	58648	0	2707552	192219	370746	553073	611668	1493615	1785334	9689671	64109993	80140650	34174217	0	0
LFQ	6	0	0	41	0	0	0	49553	0	176082	528322	0	344666	614264	1193408	128571	0	0	0	211996	0	58458	0	0	2857597	359398	518708	608224	1540290	1755328	531988	9851109	64630488	79266292	33928619	0	0	0
LFQ	7	0	0	0	0	0	0	54934	0	173924	536798	0	343735	640879	1228631	128040	0	0	0	221716	0	65402	0	0	3114250	349660	541522	616163	1532724	1804026	526577	9635529	64997363	79424078	33217451	0	0	0
LFQ	8	0	0	0	0	0	0	52940	0	180244	546613	0	350298	647499	1244338	133682	0	0	0	216016	0	60298	0	0	2849481	360879	537553	628262	1547716	1779091	533671	9723111	64781230	79189973	33790507	0	0	0
LFQ	9	0	0	0	0	0	0	55673	0	180355	552054	0	359865	671577	1305438	132029	0	0	0	229896	0	63845	0	0	2915827	351732	531081	619970	1570053	1817200	557198	9715470	64491010	79143980	33889149	0	0	0
LFQ	10	0	0	0	0	0	0	57807	0	188846	565798	0	374876	667697	1331084	131381	0	0	0	231417	0	64881	0	0	2937987	365407	549909	622270	1579536	1804525	565563	9679197	64527763	79060272	33847186	0	0	0
LFQ	11	0	0	0	0	0	0	59039	0	183363	565735	0	377699	680361	1350425	135773	0	0	0	227507	66832	0	0	230409	3073126	528235	638470	1583125	1816790	556062	0	10253810	64162046	78951590	33713005	0	0	0
LFQ	12	0	0	0	0	0	0	58352	0	183358	555319	0	382265	666344	1322031	134002	0	0	0	222453	65534	0	0	224077	3079112	527222	626581	1559419	1774289	553267	0	10250328	64270821	78826350	33872278	0	0	0
LFQ	13	0	0	0	0	0	0	60627	0	186533	566801	0	396804	677920	1340492	133577	0	0	0	222853	67118	0	0	226541	3109106	529834	633276	1573736	1798338	558909	0	10229894	64032354	78745388	34063301	0	0	0
LFQ	14	0	0	4	0	0	0	61576	0	193482	575572	0	411857	701675	1388808	134857	0	0	0	227023	68388	0	0	235346	3090234	526801	643759	1606031	1860618	575925	0	10209357	63827384	78656168	34158537	0	0	0
LFQ	15	0	0	0	0	0	0	61140	0	189895	570992	0	415672	697266	1361441	132150	0	0	0	225616	0	66194	0	0	2921056	364388	523732	640094	1582442	1828671	566443	9750908	64402924	78740512	34111866	0	0	0
LFQ	16	0	0	0	0	0	0	62443	0	195131	580513	0	420182	706784	1396207	134703	0	0	0	228530	68506	0	0	235514	3067872	520792	649846	1590479	1852129	571442	0	10201513	63682689	79014097	33974030	0	0	0
LFQ	17	0	0	40	0	0	0	63834	0	197349	583152	0	427827	709361	1395323	136596	0	0	0	223997	68393	0	0	238572	3052309	514686	649355	1583305	1842862	572500	0	10237072	63866574	78842424	33947871	0	0	0
LFQ	18	0	0	0	0	0	0	63830	0	203370	597937	0	442364	725607	1398972	137008	0	0	0	233058	68382	0	0	239391	3076606	528382	652196	1594981	1867756	585198	0	10289209	63859028	78858412	33731715	0	0	0
LFQ	19	0	0	1	0	0	0	67223	0	205958	610593	0	451555	739548	1423379	137650	0	0	0	239462	71222	0	0	242616	3109315	531716	660302	1604637	1896293	587420	0	10170524	63852843	78947136	33604009	0	0	0
LFQ	20	0	0	0	0	0	0	66844	0	208162	610110	0	460641	739194	1422953	140817	0	0	0	233937	69985	0	0	241113	3050427	522045	663499	1598702	1870877	574399	0	10160038	63871081	79149974	33498604	0	0	0
LFQ	21	0	0	0	0	0	0	69190	0	212342	625369	0	467866	752860	1451671	145984	0	0	0	236342	72253	0	0	246790	3078355	524969	672299	1615333	1897861	581582	0	10175727	64044520	78876512	33405577	0	0	0
LFQ	22	0	0	0	0	0	0	71814	0	217728	636398	0	488289	769636	1470583	144960	0	0	0	244543	74116	0	0	249828	3080919	534508	678329	1640250	1912802	606260	0	10241248	63960676	78798133	33332382	0	0	0
LFQ	23	0	0	481	0	0	0	74111	0	218365	644169	0	487764	772493	1458519	144825	0	0	0	245411	74656	0	0	253431	3116659	535853	685458	1630869	1912357	601529	0	10313621	63954700	78746088	33282043	0	0	0
LFQ	24	0	0	0	0	0	0	77004	0	225736	660398	0	499865	784338	1493602	145906	0	0	0	250338	79086	0	0	258148	3152982	545294	706814	1659088	1966698	608216	0	10222131	63929987	78736535	33151236	0	0	0
LFQ	25	0	0	5	0	0	0	76680	0	231729	668237	0	517315	799930	1509966	147597	0	0	0	250628	78834	0	0	262013	3135766	544647	714840	1676877	1998750	617043	0	10266683	63828912	78778095	33048855	0	0	0
LFQ	26	0	0	8	0	0	78660	0	229511	675645	0	512264	805529	1519718	150476	0	0	0	253360	0	79832	0	0	265781	3141769	535399	722418	1662023	2000964	611833	0	10257449	63887654	78710244	33052865	0	0	0
LFQ	27	0	0	9	0	0	0	78905	0	230648	666475	0	516581	806108	1505710	151918	0	0	0	249671	79776	0	0	262141	3139140	531936	712332	1653233	1984233	617280	0	10249669	64006464	78704280	33006893	0	0	0
LFQ	28	0	0	0	0	0	80117	0	238983	684021	0	530813	822264	1537659	155814	0	0	0	254235	0	79713	0	0	263152	3109510	536488	720530	1679658	2011259	628908	0	10229918	63938480	78722513	32929367	0	0	0
LFQ	29	0	0	0	0	0	82961	0	240266	699349	0	543515	840383	1561771	157574	0	0	0	258865	0	81223	0	0	270688	3091179	538281	736037	1699863	2036358	630082	0	10270764	63937006	78553273	32923964	0	0	0
LFQ	30	0	0	1	0	0	83696	0	244494	697503	0	554563	840214	1564753	158568	0	0	0	256599	0	83778	0	0	269683	3146405	537493	733649	1707835	2045618	639585	0	10233025	63797267	78678334	32880339	0	0	0
LFQ	31	0	0	0	0	0	86507	0	244711	717319	0	561006	855544	1576927	161337	0	0	0	262927	0	84489	0	0	275247	3164241	548964	748745	1719233	2077429	635394	0	10200748	63924946	78529188	32778500	0	0	0
LFQ	32	0	0	0	0	0	86986	0	250959	737235	0	570230	867533	1594900	162041	0	0	0	266542	0	85050	0	0	282476	3132879	557423	765652	1741156	2102857	638006	0	10252281	63913997	78426707	32718492	0	0	0
LFQ	33	0	0	0	0	0	87611	0	252931	750261	0	575203	873585	1604797	163110	0	0	0	275266	0	83796	0	0	278295	3135236	563872	757761	1737685	2104153	639483	0	10207102	63867688	78521170	32674397	0	0	0
LFQ	34	0	0	0	0	0	91793	0	264021	754608	0	595005	890928	1631470	168294	0	0	0	271930	87107	0	0	281207	443405	3284921	767982	1769427	2129201	656660	0	518692	9692513	63857446	78427924	32568868	0	0	0
LFQ	35	0	0	0	0	0	91062	0	259781	757437	0	594578	891746	1612155	169092	0	0	0	269495	86061	0	0	281720	435857	3276739	768917	1749709	2110535	644714	0	514892	9712190	64015286	78376945	32534491	0	0	0
LFQ	36	0	0	12	0	0	93040	0	262630	770866	0	596908	896305	1631769	169424	0	0	0	274919	88269	0	0	286520	437520	3295045	781712	1774987	2147847	648373	0	522211	9717193	63811419	78460930	32485503	0	0	0
LFQ	37	0	0	37	0	0	94376	0	262087	778872	0	604738	908095	1647852	172156	0	0	0	276255	88260	0	0	290840	435620	3304206	789877	1782166	2157092	646581	0	525168	9691648	63787756	78408599	32501121	0	0	0
LFQ	38	0	0	0	0	0	95827	0	275230	796426	0	621319	924931	1670437	174995	0	0	0	283079	89895	0	0	290677	450735	3297168	797707	1805397	2185199	662272	0	531908	9688454	63749088	78314892	32447766	0	0	0
LFQ	39	0	0	3	0	0	96362	0	273839	803067	0	624161	925044	1675231	176521	0	0	0	279988	89394	0	0	296058	447391	3261915	808699	1814770	2189535	655499	0	527530	9707661	63625599	78431603	32443532	0	0	0
LFQ	40	0	0	4	0	0	99400	0	277569	818202	0	637910	941008	1694333	178602	0	0	0	285853	90982	0	0	297590	454612	3273765	813050	1834743	2218239	666735	0	538159	9704957	63696503	78225563	32405623	0	0	0
LFQ	41	0	0	7	0	0	101551	0	283604	830691	0	654406	956591	1708650	182403	0	0	0	287265	93428	0	0	300583	464342	3316367	828139	1854437	2242059	677318	0	537564	9706508	63585504	78190755	32351230	0	0	0
LFQ	42	0	0	0	0	0	100657	0	279144	835407	0	640902	957776	1709025	181330	0	0	0	293983	90675	0	0	301287	448530	3332933	819292	1826065	2221351	660721	0	545828	9686619	63628800	78207113	32385964	0	0	0
LFQ	43	0	0	0	0	0	104319	0	288997	834317	0	654202	965788	1725056	189610	0	0	0	288267	92536	0	0	300570	464316	3297842	831720	1851148	2217821	676040	0	531892	9664764	63577412	78178724	32418061	0	0	0
LFQ	44	0	0	1	0	0	106985	0	297054	884323	0	673710	991757	1770454	186456	0	0	0	307245	95072	0	0	312403	470617	3328954	850820	1899293	2305790	688289	0	562807	9672445	63484488	77915629	32348810	0	0	0
LFQ	45	0	0	267	0	0	106026	0	292340	863076	0	673054	988475	1755781	189816	0	0	0	294902	95421	0	0	308569	468025	3326516	840215	1876950	2268754	683270	0	543292	9706866	63482724	78070555	32318508	0	0	0
LFQ	46	0	0	0	0	0	108181	0	298034	868741	0	677042	988523	1765607	192355	0	0	0	297486	95430	0	0	309739	473704	3328301	849613	1891827	2285118	689388	0	549334	9687670	63541548	77957180	32298581	0	0	0
LFQ	47	0	0	61	0	0	111326	0	296417	864980	0	682456	991431	1755098	193446	0	0	0	295613	96617	0	0	309360	472633	3330021	848869	1893170	2273163	690643	0	543029	9699044	63584216	77929136	32292673	0	0	0
LFQ	48	0	0	0	0	0	112802	0	309469	903497	0	698648	1023981	1806142	196991	0	0	0	307543	97578	0	0	316329	484313	3316087	867548	1925084	2329130	699737	0	559678	9628682	63476713	77897808	32195642	0	0	0
LFQ	49	0	0	0	0	0	112885	0	310610	921015	0	703863	1032049	1824145	198588	0	0	0	312634	98388	0	0	320452	484452	3341024	877382	1934380	2350234	699195	0	564839	9645152	63360901	77879553	32181661	0	0	0
LFQ	50	0	0	37	0	0	114601	0	311808	916519	0	713490	1038015	1830185	202890	0	0	0	310027	99362	0	0	318543	486999	3361430	876587	1946314	2355700	704416	0	561472	9576774	63333273	77899604	32195356	0	0	0
LFQ	51	0	0	0	0	0	114025	0	311714	914030	0	711441	1036526	1835098	204936	0	0	0	304563	97494	0	0	318184	483379	3299288	875395	1935941	2324896	699242	0	550170	9619485	63372411	77932042	32213142	0	0	0
LFQ	52	0	0	0	0	0	116342	0	318703	930003	0	723974	1050815	1853455	206906	0	0	0	309632	98779	0	0	323785	492234	3303253	890405	1962861	2349563	708949	0	558457	9642152	63371703	77827670	32113761	0	0	0
LFQ	53	0	0	0	0	0	119158	0	323493	945554	0	736531	1060460	1866872	205801	0	0	0	315771	102173	0	0	326408	499346	3358036	898394	1978513	2395014	715171	0	568827	9627572	63166956	77878941	32064411	0	0	0
LFQ	54	0	0	60	0	0	118902	0	323707	944168	0	741856	1068681	1873013	209563	0	0	0	314383	101337	0	0	326775	500181	3345086	898594	1979159	2392496	713919	0	562447	9595123	63218771	77845152	32080029	0	0	0
LFQ	55	0	0	0	0	0	120405	0	323975	957043	0	739588	1066658	1875734	210060	0	0	0	317452	101296	0	0	328822	497887	3331398	900770	1982260	2391049	711557	0	568129	9634788	63291016	77701410	32102105	0	0	0
LFQ	56	0	0	504	0	0	122335	0	324279	955521	0	741639	1068367	1875841	209549	0	0	0	316688	103346	0	0	327874	502310	3339574	901711	1990027	2399315	716514	0	567802	9631545	63210947	77730800	32116914	0	0	0
LFQ	57	0	0	69	0	0	123314	0	326424	952255	0	746189	1074982	1875448	213118	0	0	0	314107	103057	0	0	327954	502280	3353223	905578	1989235	2393552	715507	0	562649	9608689	63263243	77763564	32038965	0	0	0
LFQ	58	0	0	0	0	0	126551	0	338050	993548	0	763581	1102577	1931531	218220	0	0	0	328473	105746	0	0	337998	512773	3366028	927732	2024885	2449406	727203	0	578206	9634923	63210419	77518958	31956594	0	0	0
LFQ	59	0	0	0	0	0	129895	0	350260	1022711	0	784072	1124921	1963764	222413	0	0	0	335119	108612	0	0	345861	525086	3379457	942096	2055910	2494292	740627	0	590192	9608012	63073124	77440244	31916734	0	0	0
LFQ	60	0	0	0	0	0	127754	0	341629	1018265	0	773610	1122198	1954611	223041	0	0	0	333733	105325	0	0	344083	514308	3359260	937909	2035244	2469430	732379	0	587362	9606399	63073230	77478848	32014784	0	0	0
LFQ	61	0	0	0	0	0	131236	0	352371	1021955	0	790916	1129694	1968889	223147	0	0	0	334827	108694	0	0	344417	526980	3372200	951879	2068503	2490993	743718	0	587996	9606608	62978081	77507444	31912854	0	0	0
LFQ	62	0	0	0	0	0	132128	0	356938	1043560	0	800869	1144959	2001857	223500	0	0	0	342099	108652	0	0	348481	531840	3371493	954005	2085813	2530235	749588	0	600008	9577847	62923503	77408490	31917537	0	0	0
LFQ	63	0	0	14	0	0	131800	0	350130	1031339	0	797271	1137127	1987416	229551	0	0	0	331129	108556	0	0	346076	525049	3365715	948484	2068490	2479925	739252	0	580378	9586390	62902743	77556310	31950257	0	0	0
LFQ	64	0	0	0	0	0	136241	0	362444	1065431	0	809013	1161722	2021238	232001	0	0	0	343347	111457	0	0	352053	533069	3413741	973518	2105263	2534018	754040	0	597814	9575578	62863985	77380258	31827171	0	0	0
LFQ	65	0	0	0	0	0	137155	0	361431	1061239	0	810166	1165940	2020096	231995	0	0	0	343018	109846	0	0	351952	532983	3378006	969084	2096913	2533740	750108	0	596206	9536125	62937293	77365286	31864820	0	0	0
LFQ	66	0	0	0	0	0	138922	0	369089	1069062	0	817069	1173553	2039737	237011	0	0	0	341665	110765	0	0	353381	540147	3374055	974223	2102118	2530366	750837	0	588120	9548505	62894706	77361091	31838980	0	0	0
LFQ	67	0	0	0	0	0	141200	0	377001	1107809	0	835049	1197617	2079533	239422	0	0	0	354095	113396	0	0	360768	547387	3394906	994114	2141154	2593281	766077	0	607143	9565330	62792560	77192935	31752625	0	0	0
LFQ	68	0	0	0	0	0	141839	0	370155	1079189	0	834550	1184145	2061832	238446	0	0	0	346492	114507	0	0	357116	542962	3405314	976589	2124748	2567005	759554	0	597663	9594389	62824571	77233325	31799011	0	0	0
LFQ	69	0	0	96	0	0	142862	0	373457	1072623	0	836594	1184414	2056976	242719	0	0	0	341013	114816	0	0	355534	549665	3389825	982343	2137315	2559755	765658	0	591499	9569624	62897968	77212272	31776374	0	0	0
LFQ	70	0	0	0	0	0	146002	0	380272	1098129	0	850168	1200528	2082088	242465	0	0	0	350413	115898	0	0	360148	556784	3393924	995511	2151414	2591878	773549	0	604325	9570029	62801556	77159353	31728968	0	0	0
LFQ	71	0	0	0	0	0	145816	0	383497	1108862	0	858748	1209930	2108140	243041	0	0	0	351453	116625	0	0	362242	558260	3394040	1000594	2164593	2602663	776375	0	603985	9570163	62628989	77232473	31732913	0	0	0
LFQ	72	0	0	579	0	0	148498	0	391630	1125766	0	871358	1235631	2139452	252613	0	0	0	354864	117607	0	0	366625	562373	3377568	1018089	2183371	2619811	781066	0	604421	9531803	62614244	77145191	31710842	0	0	0
LFQ	73	0	0	0	0	0	151356	0	399970	1160797	0	881385	1258448	2171560	255904	0	0	0	368584	118811	0	0	374691	567930	3408397	1032974	2206352	2663417	787060	0	623094	9506284	62576286	77013164	31626938	0	0	0
LFQ	74	0	0	0	0	0	151691	0	399595	1162060	0	882519	1253366	2173990	256863	0	0	0	365423	118112	0	0	375697	568722	3402371	1026820	2206270	2655685	787569	0	616903	9526303	62598543	77002913	31621987	0	0	0
LFQ	75	0	0	0	0	0	152112	0	399247	1156836	0	883348	1252692	2166409	258125	0	0	0	362804	118087	0	0	372762	568458	3400116	1026912	2195689	2637579	784686	0	609930	9556437	62588929	77016800	31645444	0	0	0
LFQ	76	0	0	0	0	0	154921	0	400282	1165421	0	887165	1265195	2187202	258705	0	0	0	364810	119466	0	0	375445	570829	3410398	1029632	2207548	2658122	789142	0	614380	9530067	62482533	77054773	31627366	0	0	0
LFQ	77	0	0	0	0	0	155875	0	408731	1170485	0	894359	1277235	2207528	263856	0	0	0	364779	121826	0	0	375876	579086	3402545	1040123	2223386	2680223	798390	0	612401	9517327	62461033	77037273	31561065	0	0	0
LFQ	78	0	0	0	0	0	158125	0	419544	1198171	0	915071	1294140	2236809	266205	0	0	0	371814	123154	0	0	383392	590184	3409476	1058576	2254425	2716560	810256	0	625593	9517633	62422988	76860699	31520587	0	0	0
LFQ	79	0	0	0	0	0	159850	0	421616	1216181	0	926848	1304288	2258046	265450	0	0	0	380107	123850	0	0	386044	592936	3432633	1063545	2272454	2749553	813400	0	635549	9476961	62368713	76815697	31489681	0	0	0
LFQ	80	0	0	0	0	0	158251	0	415098	1191439	0	919178	1293334	2240944	265715	0	0	0	369406	124193	0	0	381962	587723	3431675	1055806	2257153	2724751	808342	0	623229	9503208	62419210	76879495	31503290	0	0	0
LFQ	81	0	0	951	0	0	161350	0	417902	1200879	0	922684	1297480	2246846	271516	0	0	0	373635	125076	0	0	384492	592132	3429129	1060254	2264940	2727989	808530	0	623776	9497505	62422228	76826122	31497986	0	0	0
LFQ	82	0	0	0	0	0	165290	0	426845	1224784	0	938706	1314145	2274431	272654	0	0	0	380860	127070	0	0	389844	599458	3444073	1074768	2288970	2764934	817248	0	634111	9497383	62305477	76773248	31439103	0	0	0
LFQ	83	0	0	0	0	0	163714	0	426572	1235083	0	940536	1323963	2288686	275229	0	0	0	382664	126333	0	0	392867	598983	3439714	1079859	2293653	2769299	820145	0	634857	9511959	62277440	76734227	31437619	0	0	0
LFQ	84	0	0	1100	0	0	165282	0	432536	1236666	0	942981	1334165	2294780	279072	0	0	0	381582	125965	0	0	394772	601197	3432073	1084915	2297555	2761153	822179	0	630548	9516616	62313455	76696437	31408373	0	0	0
LFQ	85	0	0	2	0	0	168478	0	444129	1266214	0	960910	1350793	2334181	279346	0	0	0	521055	0	0	399324	614279	753366	3790248	2328333	2813096	831619	0	648164	0	9482252	62185659	76665579	31316375	0	0	0
LFQ	86	0	0	0	0	0	168937	0	445670	1272144	0	973150	1362896	2349130	284856	0	0	0	389473	129654	0	0	402948	617431	3444173	1108655	2347408	2829750	838237	0	643915	9491099	62135487	76580072	31338317	0	0	0
LFQ	87	0	0	3	0	0	173940	0	461289	1315122	0	998144	1397731	2401873	288217	0	0	0	539342	0	0	412661	631741	778956	3841041	2395633	2903452	857879	0	665122	0	9453553	61972715	76388273	31276715	0	0	0
LFQ	88	0	0	0	0	0	171545	0	454192	1307981	0	982934	1390968	2396400	287164	0	0	0	533201	0	0	407371	619644	767683	3829697	2362667	2870002	842715	0	658718	0	9410745	62096614	76447149	31316012	0	0	0
LFQ	89	0	0	12	0	0	174692	0	461567	1302868	0	991652	1398915	2402792	294112	0	0	0	526396	0	0	407307	629180	760751	3802899	2373021	2859614	850369	0	646249	0	9425872	62099982	76484168	31260984	0	0	0
LFQ	90	0	0	0	0	0	176301	0	458390	1314634	0	989873	1394758	2402107	294063	0	0	0	529373	0	0	409204	624977	762040	3796895	2362710	2860118	844030	0	650021	0	9467517	62089638	76459967	31266786	0	0	0
LFQ	91	0	0	478	0	0	177969	0	458249	1300044	0	995033	1393449	2397063	295828	0	0	0	530424	0	0	407227	626803	759676	3837195	2367926	2848814	850116	0	645775	0	9457566	62033657	76534344	31235766	0	0	0
LFQ	92	0	0	0	0	0	179397	0	462846	1314989	0	1005079	1406063	2413745	303567	0	0	0	534996	0	0	412030	632702	767417	3837261	2387889	2876535	856740	0	654456	0	9427602	62048724	76404305	31227059	0	0	0
LFQ	93	0	0	0	0	0	186505	0	483374	1373871	0	1033721	1446140	2472306	305342	0	0	0	557156	0	0	427201	653824	798811	3884059	2441478	2961323	875658	0	673928	0	9411514	61862574	76181327	31123290	0	0	0
LFQ	94	0	0	0	0	0	185632	0	488192	1401782	0	1044444	1463666	2513156	300057	0	0	0	566296	0	0	433685	652926	806567	3887887	2457248	3008097	875484	0	686327	0	9438839	61784799	76063583	31094735	0	0	0
LFQ	95	0	0	169	0	0	185378	0	492125	1386043	0	1054825	1466153	2509432	310403	0	0	0	559946	0	0	431958	659200	794479	3888535	2469587	2987838	880614	0	676536	0	9422268	61748169	76132914	31096830	0	0	0
LFQ	96	0	0	0	0	0	183927	0	488627	1404106	0	1050769	1473311	2518183	309693	0	0	0	565808	0	0	431675	655621	808031	3863988	2469141	3003813	881190	0	688516	0	9400460	61795049	76085312	31076182	0	0	0
LFQ	97	0	0	0	0	0	184687	0	488250	1381712	0	1048013	1458971	2503853	310058	0	0	0	554139	0	0	425346	653943	793910	3848884	2449782	2956816	877516	0	669713	0	9428337	61797922	76225481	31096069	0	0	0
LFQ	98	0	0	0	0	0	188586	0	500133	1395256	0	1070717	1487290	2536275	314774	0	0	0	558387	0	0	430381	667135	796192	3874444	2482208	2981088	890130	0	671068	0	9396170	61672272	76174467	31066429	0	0	0
LFQ	99	0	0	0	0	0	191767	0	508651	1435123	0	1083079	1510320	2579461	316757	0	0	0	575015	0	0	441869	671858	812888	3910833	2506236	3048508	897444	0	688820	0	9370033	61554180	76030906	31019654	0	0	0
LFQ	100	0	0	0	0	0	191600	0	513154	1451630	0	1090157	1526639	2603056	323527	0	0	0	578174	0	0	442307	676239	820755	3875726	2525924	3065396	904847	0	695277	0	9365897	61605662	75946308	30951127	0	0	0
LFQ	101	0	0	0	0	0	195506	0	525857	1472504	0	1112548	1541032	2640260	323448	0	0	0	587484	0	0	447662	688344	834731	3910956	2557490	3109100	917198	0	702893	0	9375770	61486523	75839199	30884897	0	0	0
LFQ	102	0	0	1	0	0	195118	0	527968	1490711	0	1128495	1555631	2654418	329353	0	0	0	587375	0	0	453925	691840	840535	3932598	2568556	3114772	911624	0	698713	0	9369437	61468044	75780662	30853626	0	0	0
LFQ	103	0	0	31	0	0	197886	0	529664	1498799	0	1125046	1559732	2663587	328175	0	0	0	593074	0	0	456593	689745	843739	3921232	2573649	3132486	912110	0	706583	0	9380592	61484911	75719746	30836022	0	0	0
LFQ	104	0	0	0	0	0	201096	0	542625	1515336	0	1142367	1582228	2690627	336175	0	0	0	601612	0	0	462215	707016	854217	3942632	2604535	3170255	927230	0	712857	0	9353121	61397316	75611096	30798846	0	0	0
LFQ	105	0	0	1	0	0	202967	0	547788	1561696	0	1156467	1603086	2736356	338148	0	0	0	614281	0	0	473344	707019	867174	3967079	2628565	3223145	931416	0	726161	0	9334851	61271541	75514261	30748056	0	0	0
LFQ	106	0	0	0	0	0	206181	0	557314	1569133	0	1166624	1615429	2756919	340864	0	0	0	619490	0	0	473045	715727	867993	3981403	2646810	3241850	934829	0	728719	0	9333579	61240590	75474060	30682843	0	0	0
LFQ	107	0	0	0	0	0	200736	0	547356	1556689	0	1157162	1611073	2740407	340033	0	0	0	608931	0	0	468029	704443	860194	3958474	2625693	3204615	930237	0	722196	0	9330882	61296689	75515411	30774152	0	0	0
LFQ	108	0	0	0	0	0	203531	0	549503	1528284	0	1159044	1600517	2729022	344955	0	0	0	598582	0	0	463100	706475	841737	3939302	2616122	3153227	930201	0	701366	0	9354280	61257728	75675994	30800432	0	0	0
LFQ	109	0	0	0	0	0	208373	0	564417	1565216	0	1178911	1623538	2765342	347606	0	0	0	611597	0	0	471809	722404	862171	3970334	2654224	3210728	942872	0	715240	0	9310162	61167700	75527166	30733592	0	0	0
LFQ	110	0	0	0	0	0	204565	0	552821	1556669	0	1168448	1612244	2748062	343564	0	0	0	607073	0	0	469562	711368	857367	3960311	2633483	3201878	936212	0	715588	0	9322177	61260800	75552362	30738848	0	0	0
LFQ	111	0	0	339	0	0	207765	0	561888	1541326	0	1183818	1619908	2752948	350563	0	0	0	606779	0	0	466662	726205	856455	3964203	2660129	3203613	947480	0	710558	0	9329414	61174023	75595684	30693642	0	0	0
LFQ	112	0	0	0	0	0	210943	0	579023	1613456	0	1211391	1661292	2827922	354649	0	0	0	625006	0	0	485672	734690	885033	3988046	2706268	3283481	952680	0	734573	0	9301786	61083120	75295477	30618894	0	0	0
LFQ	113	0	0	0	0	0	212554	0	574654	1619644	0	1214287	1662048	2824585	356645	0	0	0	624441	0	0	484685	729899	881522	3993133	2700534	3269155	954500	0	725426	0	9334043	61070579	75297606	30623462	0	0	0
LFQ	114	0	0	0	0	0	216878	0	587587	1638037	0	1231664	1689707	2856964	365930	0	0	0	632538	0	0	495438	740521	890089	4012625	2732462	3302748	962974	0	736063	0	9322752	60971793	75208113	30558519	0	0	0
LFQ	115	0	0	147	0	0	217506	0	592331	1662001	0	1234975	1703457	2898021	370616	0	0	0	644682	0	0	498143	742379	900914	4018434	2747005	3336285	969738	0	745399	0	9287350	60981532	75069408	30533079	0	0	0
LFQ	116	0	0	0	0	0	220967	0	590240	1644463	0	1233067	1695370	2877060	367099	0	0	0	636670	0	0	491408	742767	891535	4018755	2733113	3305837	963876	0	732900	0	9283492	60956352	75216183	30552248	0	0	0
LFQ	117	0	0	0	0	0	219118	0	596853	1657864	0	1242749	1710927	2903537	370988	0	0	0	637141	0	0	497953	749412	893998	4023607	2754329	3327971	972181	0	730953	0	9291277	60882007	75201540	30488997	0	0	0
LFQ	118	0	0	0	0	0	220197	0	608390	1679242	0	1264161	1734372	2938939	378462	0	0	0	646679	0	0	502863	759833	904232	4041570	2789082	3368847	985772	0	743773	0	9267466	60844041	75053433	30422048	0	0	0
LFQ	119	0	0	0	0	0	221942	0	617317	1703697	0	1283629	1749997	2969884	380273	0	0	0	653679	0	0	507085	765537	913927	4038051	2812419	3399305	993340	0	750652	0	9252034	60750109	75009126	30381399	0	0	0
LFQ	120	0	0	0	0	0	222854	0	620812	1716036	0	1293636	1762074	2988407	384068	0	0	0	659282	0	0	513333	771717	921379	4052000	2826015	3420732	998500	0	753652	0	9260637	60671398	74945802	30371068	0	0	0
LFQ	121	0	0	0	0	0	224696	0	631244	1737729	0	1303278	1780395	3019071	385734	0	0	0	662951	0	0	518455	776615	929191	4076246	2850086	3452585	1004508	0	760586	0	9226080	60652610	74829694	30331648	0	0	0
LFQ	122	0	0	0	0	0	228302	0	634567	1750149	0	1315511	1796838	3054297	390011	0	0	0	667873	0	0	520479	782965	928985	4077312	2863211	3471615	1010957	0	761933	0	9213980	60589343	74807556	30287518	0	0	0
LFQ	123	0	0	69	0	0	226077	0	634184	1723671	0	1317212	1780494	3021562	391891	0	0	0	655601	0	0	514180	783475	920563	4051472	2851278	3428104	1008215	0	747128	0	9250120	60640491	74892073	30315542	0	0	0
LFQ	124	0	0	0	0	0	228140	0	634807	1721925	0	1315849	1782404	3020955	389877	0	0	0	652903	0	0	515498	783487	922026	4059035	2849301	3424011	1007458	0	744410	0	9246658	60630592	74907125	30316941	0	0	0
LFQ	125	0	0	0	0	0	231120	0	648052	1752572	0	1334847	1806268	3059096	397924	0	0	0	665135	0	0	523946	794207	929273	4086379	2878944	3466017	1020348	0	755411	0	9245280	60532925	74795991	30229667	0	0	0
LFQ	126	0	0	0	0	0	235284	0	665309	1816956	0	1367577	1857315	3142708	409175	0	0	0	688867	0	0	543976	808274	957761	4116447	2943674	3552553	1037242	0	775685	0	9219943	60355480	74493565	30165611	0	0	0
LFQ	127	0	0	427	0	0	237098	0	669740	1854773	0	1372078	1872749	3182555	411005	0	0	0	701283	0	0	552767	804183	970551	4126878	2963809	3608890	1042474	0	792541	0	9192854	60361356	74322958	30112433	0	0	0
LFQ	128	0	0	0	0	0	238785	0	669295	1832755	0	1377677	1865831	3156814	412878	0	0	0	696093	0	0	544051	813009	968092	4150960	2960713	3584261	1045189	0	783628	0	9185361	60344759	74435069	30088182	0	0	0
LFQ	129	0	0	0	0	0	240490	0	689076	1878727	0	1409022	1902200	3228486	415575	0	0	0	706414	0	0	559393	830204	987984	4141832	3022074	3662586	1062868	0	798405	0	9176729	60208925	74222151	30010261	0	0	0
LFQ	130	0	0	0	0	0	239361	0	693180	1911417	0	1429506	1927087	3260900	424286	0	0	0	717464	0	0	567941	830393	998115	4161861	3039645	3686543	1063918	0	807241	0	9145205	60076033	74209342	29963964	0	0	0
LFQ	131	0	0	0	0	0	249523	0	720602	1977275	0	1459248	1973927	3346347	431530	0	0	184115	556174	0	588214	851271	1021767	1539661	5767149	3793659	1087301	0	829601	0	0	9142686	59875638	73916810	29840904	0	0	0
LFQ	132	0	0	8411	0	0	247473	0	714342	1995909	0	1454334	1979133	3359301	429985	0	0	182892	562738	0	587447	841698	1029099	1530000	5771313	3797238	1079312	0	836864	0	0	9141184	59988168	73769993	29846568	0	0	0
LFQ	133	0	0	0	0	0	248247	0	715080	1955935	0	1457386	1971908	3322328	436741	0	0	0	728289	0	0	577120	846533	1005021	4184766	3082600	3733663	1081391	0	812054	0	9121460	59956308	74072775	29843797	0	0	0
LFQ	134	0	0	0	0	0	248944	0	719351	1974378	0	1465659	1987941	3356067	437080	0	0	0	738583	0	0	585701	850256	1021005	4187772	3117433	3789192	1089588	0	825772	0	9108302	59926545	73904246	29819587	0	0	0
LFQ	135	0	0	10	0	0	249792	0	722290	1966139	0	1472552	1973191	3350873	437712	0	0	0	733385	0	0	580996	854883	1019834	4207427	3119037	3773009	1093782	0	821306	0	9128558	59907655	73926598	29814373	0	0	0
LFQ	136	0	0	0	0	0	253666	0	733281	1988362	0	1494444	1993460	3359309	444748	0	0	0	739871	0	0	592832	866246	1028888	4250848	3147813	3797907	1096343	0	822004	0	9116218	59800366	73897142	29729654	0	0	0
LFQ	137	0	0	2	0	0	260309	0	752733	2074939	0	1527632	2047283	3472224	449838	0	0	0	774470	0	0	615271	880772	1064358	4285534	3226350	3939687	1124130	0	861637	0	9077603	59664503	73431803	29622324	0	0	0
LFQ	138	0	0	0	0	0	255987	0	745081	2058887	0	1520444	2044573	3456092	459999	0	0	0	761760	0	0	608033	876251	1052958	4261365	3202266	3893016	1115082	0	849004	0	9082226	59781991	73473893	29654494	0	0	0
LFQ	139	0	0	1	0	0	256966	0	741687	2028294	0	1515359	2020415	3423618	453652	0	0	0	749345	0	0	597140	870383	1040653	4241312	3176478	3833476	1111267	0	830598	0	9089455	59815690	73683283	29674330	0	0	0
LFQ	140	0	0	60	0	0	263239	0	763911	2054249	0	1548956	2062766	3468745	461655	0	0	0	759271	0	0	609953	889642	1046542	4283016	3221921	3879535	1124942	0	837498	0	9074530	59550826	73644525	29607620	0	0	0
LFQ	141	0	0	0	0	0	264979	0	785008	2147746	0	1582961	2118249	3594188	469742	0	0	0	790741	0	0	630578	903725	1080111	4286902	3305025	4020681	1149136	0	874785	0	9037349	59405087	73220059	29486350	0	0	0
LFQ	142	0	0	0	0	154486	0	469629	1283383	0	943839	1251303	2095510	284408	0	0	116529	346824	0	376254	531682	641955	2508683	1932160	2343551	666404	0	507421	0	5151976	33979329	41864972	16751794	0	0	0	0	0
LFQ	143	0	0	0	0	0	153959	0	462696	1276197	0	930418	1238648	2077389	282840	0	0	114659	342282	0	372082	523053	632815	966348	3454928	2307520	658345	0	502355	0	0	5177226	34039555	41912271	16776506	0	0	0
LFQ	144	0	0	0	0	0	150957	0	440927	1200455	0	900083	1188985	1991903	277262	0	0	0	429140	0	0	347012	509437	603405	2487168	1841483	2192760	642008	0	472277	0	5203133	34216711	42228023	16878963	0	0	0
LFQ	145	0	0	0	0	0	154717	0	453409	1191565	0	914833	1194799	1994646	280038	0	0	114359	314351	0	347000	523335	600153	943330	3410083	2190117	648478	0	463655	0	0	5193256	34104442	42321417	16844109	0	0	0
LFQ	146	0	0	0	0	0	152935	0	449747	1210773	0	913091	1199653	2010367	283030	0	0	0	430254	0	0	351536	515456	604290	943390	3411252	2202140	648171	0	471828	0	0	5204939	34133031	42208377	16857832	0	0
LFQ	147	0	0	0	0	0	153935	0	449206	1191842	0	909756	1189189	1985048	283486	0	0	0	425178	0	0	348580	520592	596813	940770	3407495	2183838	647337	0	464673	0	0	5207846	34158373	42310860	16827275	0	0
LFQ	148	0	0	0	0	0	162352	0	482573	1287016	0	964611	1267324	2114887	297973	0	0	0	459110	0	0	374438	546691	637709	1002107	3490195	2329415	677410	0	494122	0	0	5136558	33873205	41949557	16654839	0	0
LFQ	149	0	0	3	0	0	165521	0	501067	1365242	0	996665	1314121	2207936	302247	0	0	122322	363037	0	394445	551858	662277	1021982	3542246	2418501	686167	0	520940	0	0	5102410	33775400	41609523	16578182	0	0	0
LFQ	150	0	0	94657	0	0	166747	0	509085	1380853	0	1003243	1324983	2237064	306606	0	0	126817	364042	0	397124	556354	670010	2564648	2024953	2459027	699413	0	527018	0	5094394	33707745	41464694	16522615	0	0	0	0
# GC Content of first fragments. Use `grep ^GCF | cut -f 2-` to extract this part.
GCF	0.25	199
GCF	0.75	264
GCF	1.26	336
GCF	2.01	403
GCF	2.76	493
GCF	3.27	667
GCF	4.02	748
GCF	4.77	829
GCF	5.28	992
GCF	6.03	1169
GCF	6.78	1420
GCF	7.29	1480
GCF	8.04	1581
GCF	8.79	1978
GCF	9.30	2397
GCF	10.05	2581
GCF	10.80	3211
GCF	11.31	4003
GCF	12.06	5050
GCF	12.81	6347
GCF	13.32	8068
GCF	14.07	10844
GCF	14.82	14377
GCF	15.33	19154
GCF	16.08	26372
GCF	16.83	36058
GCF	17.34	49659
GCF	18.09	68656
GCF	18.84	93796
GCF	19.35	127952
GCF	20.10	172377
GCF	20.85	231040
GCF	21.36	305639
GCF	22.11	397239
GCF	22.86	507159
GCF	23.37	639741
GCF	24.12	791373
GCF	24.87	963580
GCF	25.38	1156773
GCF	26.13	1366985
GCF	26.88	1590094
GCF	27.39	1826505
GCF	28.14	2068807
GCF	28.89	2315617
GCF	29.40	2552214
GCF	30.15	2787983
GCF	30.90	3012598
GCF	31.41	3221341
GCF	32.16	3419986
GCF	32.91	3601371
GCF	33.42	3764443
GCF	33.92	3911202
GCF	34.67	4049102
GCF	35.43	4184732
GCF	35.93	4322404
GCF	36.68	4475931
GCF	37.44	4635380
GCF	37.94	4800569
GCF	38.69	4971935
GCF	39.45	5129495
GCF	39.95	5224318
GCF	40.70	5260320
GCF	41.46	5219306
GCF	41.96	5108423
GCF	42.71	4926848
GCF	43.47	4729368
GCF	43.97	4537420
GCF	44.72	4398310
GCF	45.48	4332636
GCF	45.98	4261910
GCF	46.73	4192537
GCF	47.49	4094631
GCF	47.99	3984727
GCF	48.74	3827254
GCF	49.50	3660171
GCF	50.00	3486584
GCF	50.75	3348396
GCF	51.51	3239492
GCF	52.01	3128224
GCF	52.76	3018694
GCF	53.52	2876213
GCF	54.02	2717140
GCF	54.77	2533921
GCF	55.53	2368722
GCF	56.03	2181627
GCF	56.78	2002308
GCF	57.54	1880278
GCF	58.04	1791746
GCF	58.79	1723711
GCF	59.55	1635756
GCF	60.05	1550637
GCF	60.80	1493058
GCF	61.56	1409192
GCF	62.06	1246909
GCF	62.81	1068102
GCF	63.57	928013
GCF	64.07	868406
GCF	64.82	840999
GCF	65.58	802574
GCF	66.08	757669
GCF	66.58	756865
GCF	67.34	677311
GCF	68.09	547727
GCF	68.59	426859
GCF	69.35	350113
GCF	70.10	298836
GCF	70.60	258673
GCF	71.36	216498
GCF	72.11	179398
GCF	72.61	148387
GCF	73.37	123184
GCF	74.12	105038
GCF	74.62	91379
GCF	75.38	80148
GCF	76.13	71808
GCF	76.63	66309
GCF	77.39	62226
GCF	78.14	57701
GCF	78.64	51363
GCF	79.40	46642
GCF	80.15	38985
GCF	80.65	30533
GCF	81.41	22747
GCF	82.16	18233
GCF	82.66	14980
GCF	83.42	11936
GCF	84.17	9633
GCF	84.67	8185
GCF	85.43	6976
GCF	86.18	6105
GCF	86.68	5451
GCF	87.44	5039
GCF	88.19	4725
GCF	88.69	4357
GCF	89.45	4041
GCF	90.20	3708
GCF	90.70	3255
GCF	91.46	2986
GCF	92.21	2447
GCF	92.71	2080
GCF	93.47	1644
GCF	94.22	1240
GCF	94.72	824
GCF	95.48	691
GCF	96.23	467
GCF	96.73	311
GCF	97.49	218
GCF	98.24	182
GCF	98.74	163
GCF	99.50	26
# GC Content of last fragments. Use `grep ^GCL | cut -f 2-` to extract this part.
GCL	0.25	545
GCL	0.75	1059
GCL	1.26	2218
GCL	1.76	3064
GCL	2.26	3733
GCL	2.76	5604
GCL	3.27	6414
GCL	3.77	8070
GCL	4.27	8864
GCL	4.77	10480
GCL	5.28	11395
GCL	5.78	12867
GCL	6.28	13569
GCL	6.78	14341
GCL	7.29	15593
GCL	7.79	16516
GCL	8.29	16982
GCL	8.79	17635
GCL	9.30	18646
GCL	10.05	19360
GCL	10.80	20037
GCL	11.31	21645
GCL	12.06	22802
GCL	12.81	24485
GCL	13.32	26675
GCL	13.82	28195
GCL	14.32	30010
GCL	14.82	34508
GCL	15.33	37480
GCL	15.83	45520
GCL	16.33	50427
GCL	16.83	62307
GCL	17.34	70235
GCL	17.84	90964
GCL	18.34	104332
GCL	18.84	119190
GCL	19.35	155016
GCL	19.85	203114
GCL	20.35	232162
GCL	20.85	265736
GCL	21.36	345078
GCL	22.11	441923
GCL	22.86	560177
GCL	23.37	702263
GCL	24.12	863714
GCL	24.87	1046568
GCL	25.38	1248434
GCL	25.88	1365819
GCL	26.38	1468054
GCL	26.88	1703512
GCL	27.39	1834601
GCL	27.89	2083022
GCL	28.39	2195702
GCL	28.89	2446537
GCL	29.40	2582188
GCL	29.90	2824729
GCL	30.40	2932655
GCL	30.90	3059094
GCL	31.41	3272670
GCL	31.91	3478025
GCL	32.41	3561934
GCL	32.91	3662659
GCL	33.42	3829756
GCL	33.92	3986671
GCL	34.42	4069944
GCL	34.92	4133822
GCL	35.43	4267538
GCL	35.93	4418971
GCL	36.43	4507270
GCL	36.93	4577673
GCL	37.44	4740270
GCL	37.94	4833839
GCL	38.44	5004561
GCL	38.94	5074685
GCL	39.45	5160958
GCL	39.95	5273673
GCL	40.45	5317451
GCL	40.95	5305626
GCL	41.46	5287535
GCL	41.96	5180970
GCL	42.71	4999818
GCL	43.47	4813634
GCL	43.97	4617942
GCL	44.72	4458914
GCL	45.48	4376018
GCL	45.98	4301673
GCL	46.48	4259506
GCL	46.98	4218612
GCL	47.49	4123395
GCL	47.99	3999586
GCL	48.49	3920851
GCL	48.99	3846031
GCL	49.50	3681864
GCL	50.00	3590400
GCL	50.50	3451997
GCL	51.01	3395151
GCL	51.51	3333131
GCL	52.01	3225297
GCL	52.51	3115327
GCL	53.02	3043925
GCL	53.52	2962431
GCL	54.02	2808635
GCL	54.77	2638126
GCL	55.53	2443189
GCL	56.03	2231853
GCL	56.78	2056964
GCL	57.54	1949909
GCL	58.04	1857484
GCL	58.54	1818129
GCL	59.05	1769440
GCL	59.55	1677475
GCL	60.05	1567085
GCL	60.55	1530118
GCL	61.06	1485735
GCL	61.56	1406392
GCL	62.06	1314896
GCL	62.56	1149350
GCL	63.07	1062054
GCL	63.57	980411
GCL	64.07	883855
GCL	64.57	855196
GCL	65.08	847568
GCL	65.58	826461
GCL	66.08	789174
GCL	66.58	760880
GCL	67.09	717542
GCL	67.59	688328
GCL	68.09	572919
GCL	68.59	451802
GCL	69.10	406684
GCL	69.60	366525
GCL	70.10	314571
GCL	70.60	289441
GCL	71.11	244712
GCL	71.61	227633
GCL	72.11	188033
GCL	72.61	171142
GCL	73.12	141524
GCL	73.62	132849
GCL	74.12	121659
GCL	74.62	106175
GCL	75.38	94129
GCL	76.13	84080
GCL	76.63	77323
GCL	77.39	71664
GCL	78.14	67061
GCL	78.64	61426
GCL	79.15	59050
GCL	79.65	57244
GCL	80.15	50060
GCL	80.65	40589
GCL	81.16	35601
GCL	81.66	32676
GCL	82.16	27663
GCL	82.66	25267
GCL	83.17	22057
GCL	83.67	20966
GCL	84.17	18887
GCL	84.67	17850
GCL	85.18	16582
GCL	85.68	16264
GCL	86.18	15647
GCL	86.68	15146
GCL	87.44	14505
GCL	88.19	14291
GCL	88.69	14174
GCL	89.45	14126
GCL	90.20	14064
GCL	90.70	13800
GCL	91.21	13848
GCL	91.71	13832
GCL	92.21	13700
GCL	92.71	13551
GCL	93.22	13553
GCL	93.72	13645
GCL	94.22	13698
GCL	94.72	13726
GCL	95.23	14313
GCL	95.73	14573
GCL	96.23	15464
GCL	96.73	16145
GCL	97.24	17560
GCL	97.74	18992
GCL	98.24	20640
GCL	98.74	26012
GCL	99.50	38419
# ACGT content per cycle. Use `grep ^GCC | cut -f 2-` to extract this part. The columns are: cycle; A,C,G,T base counts as a percentage of all A/C/G/T bases [%]; and N and O counts as a percentage of all A/C/G/T bases [%]
GCC	1	29.69	20.29	20.31	29.71	0.00	0.00
GCC	2	29.26	20.70	20.74	29.30	0.00	0.00
GCC	3	28.69	21.26	21.30	28.75	0.00	0.00
GCC	4	28.57	21.40	21.42	28.61	0.00	0.00
GCC	5	28.79	21.18	21.20	28.82	0.00	0.00
GCC	6	28.36	21.61	21.63	28.39	0.00	0.00
GCC	7	28.50	21.48	21.49	28.53	0.00	0.00
GCC	8	28.54	21.44	21.45	28.57	0.00	0.00
GCC	9	28.58	21.40	21.41	28.61	0.00	0.00
GCC	10	28.45	21.52	21.54	28.49	0.00	0.00
GCC	11	28.49	21.49	21.49	28.52	0.00	0.00
GCC	12	28.53	21.46	21.46	28.56	0.00	0.00
GCC	13	28.60	21.39	21.39	28.62	0.00	0.00
GCC	14	28.61	21.38	21.38	28.62	0.00	0.00
GCC	15	28.60	21.39	21.40	28.61	0.00	0.00
GCC	16	28.59	21.41	21.40	28.61	0.00	0.00
GCC	17	28.57	21.43	21.42	28.58	0.00	0.00
GCC	18	28.52	21.49	21.47	28.53	0.00	0.00
GCC	19	28.54	21.46	21.45	28.56	0.00	0.00
GCC	20	28.46	21.54	21.53	28.47	0.00	0.00
GCC	21	28.44	21.57	21.56	28.44	0.00	0.00
GCC	22	28.43	21.57	21.56	28.44	0.00	0.00
GCC	23	28.38	21.62	21.61	28.39	0.00	0.00
GCC	24	28.40	21.60	21.59	28.41	0.00	0.00
GCC	25	28.36	21.65	21.63	28.36	0.00	0.00
GCC	26	28.33	21.66	21.66	28.35	0.00	0.00
GCC	27	28.35	21.65	21.63	28.36	0.00	0.00
GCC	28	28.31	21.69	21.68	28.32	0.00	0.00
GCC	29	28.35	21.66	21.65	28.34	0.00	0.00
GCC	30	28.30	21.70	21.70	28.30	0.00	0.00
GCC	31	28.29	21.71	21.70	28.30	0.00	0.00
GCC	32	28.29	21.71	21.70	28.29	0.00	0.00
GCC	33	28.28	21.72	21.71	28.29	0.01	0.00
GCC	34	28.25	21.75	21.74	28.26	0.00	0.00
GCC	35	28.27	21.74	21.72	28.27	0.00	0.00
GCC	36	28.27	21.73	21.72	28.28	0.00	0.00
GCC	37	28.25	21.76	21.74	28.25	0.00	0.00
GCC	38	28.30	21.72	21.70	28.29	0.00	0.00
GCC	39	28.27	21.75	21.72	28.26	0.00	0.00
GCC	40	28.26	21.75	21.73	28.26	0.00	0.00
GCC	41	28.25	21.76	21.75	28.24	0.02	0.00
GCC	42	28.25	21.76	21.75	28.25	0.00	0.00
GCC	43	28.24	21.76	21.76	28.24	0.00	0.00
GCC	44	28.27	21.74	21.72	28.26	0.00	0.00
GCC	45	28.24	21.77	21.75	28.23	0.00	0.00
GCC	46	28.23	21.79	21.77	28.22	0.00	0.00
GCC	47	28.24	21.77	21.75	28.24	0.00	0.00
GCC	48	28.24	21.77	21.76	28.23	0.00	0.00
GCC	49	28.22	21.79	21.77	28.22	0.00	0.00
GCC	50	28.26	21.75	21.73	28.26	0.00	0.00
GCC	51	28.22	21.79	21.78	28.22	0.00	0.00
GCC	52	28.23	21.78	21.77	28.22	0.00	0.00
GCC	53	28.24	21.78	21.76	28.23	0.00	0.00
GCC	54	28.23	21.79	21.76	28.22	0.00	0.00
GCC	55	28.25	21.77	21.75	28.22	0.00	0.00
GCC	56	28.23	21.79	21.77	28.22	0.00	0.00
GCC	57	28.21	21.80	21.78	28.21	0.00	0.00
GCC	58	28.20	21.81	21.79	28.19	0.00	0.00
GCC	59	28.23	21.78	21.76	28.22	0.00	0.00
GCC	60	28.22	21.80	21.78	28.20	0.00	0.00
GCC	61	28.21	21.80	21.79	28.20	0.01	0.00
GCC	62	28.24	21.78	21.75	28.23	0.00	0.00
GCC	63	28.20	21.81	21.79	28.20	0.00	0.00
GCC	64	28.20	21.82	21.80	28.18	0.00	0.00
GCC	65	28.22	21.79	21.78	28.21	0.00	0.00
GCC	66	28.21	21.81	21.79	28.19	0.00	0.00
GCC	67	28.22	21.80	21.78	28.20	0.00	0.00
GCC	68	28.20	21.81	21.80	28.18	0.00	0.00
GCC	69	28.19	21.83	21.81	28.17	0.00	0.00
GCC	70	28.22	21.80	21.77	28.21	0.00	0.00
GCC	71	28.20	21.81	21.80	28.19	0.00	0.00
GCC	72	28.19	21.82	21.81	28.18	0.00	0.00
GCC	73	28.20	21.81	21.80	28.19	0.00	0.00
GCC	74	28.20	21.82	21.80	28.19	0.00	0.00
GCC	75	28.21	21.81	21.79	28.20	0.00	0.00
GCC	76	28.20	21.81	21.79	28.20	0.00	0.00
GCC	77	28.19	21.82	21.80	28.18	0.00	0.00
GCC	78	28.20	21.82	21.80	28.18	0.00	0.00
GCC	79	28.19	21.82	21.80	28.18	0.00	0.00
GCC	80	28.17	21.84	21.82	28.16	0.00	0.00
GCC	81	28.18	21.83	21.81	28.17	0.00	0.00
GCC	82	28.18	21.83	21.81	28.18	0.00	0.00
GCC	83	28.18	21.83	21.82	28.17	0.00	0.00
GCC	84	28.17	21.85	21.83	28.16	0.00	0.00
GCC	85	28.17	21.85	21.82	28.16	0.00	0.00
GCC	86	28.18	21.84	21.81	28.17	0.00	0.00
GCC	87	28.18	21.83	21.82	28.17	0.00	0.00
GCC	88	28.16	21.85	21.83	28.16	0.00	0.00
GCC	89	28.17	21.85	21.83	28.16	0.00	0.00
GCC	90	28.17	21.85	21.83	28.15	0.00	0.00
GCC	91	28.16	21.86	21.84	28.14	0.00	0.00
GCC	92	28.16	21.86	21.84	28.14	0.00	0.00
GCC	93	28.18	21.84	21.81	28.17	0.00	0.00
GCC	94	28.16	21.85	21.83	28.15	0.00	0.00
GCC	95	28.15	21.86	21.84	28.15	0.00	0.00
GCC	96	28.16	21.85	21.82	28.16	0.00	0.00
GCC	97	28.17	21.86	21.82	28.15	0.00	0.00
GCC	98	28.18	21.83	21.81	28.17	0.00	0.00
GCC	99	28.16	21.85	21.83	28.16	0.00	0.00
GCC	100	28.16	21.86	21.84	28.14	0.00	0.00
GCC	101	28.16	21.87	21.84	28.14	0.00	0.00
GCC	102	28.16	21.86	21.83	28.15	0.00	0.00
GCC	103	28.14	21.87	21.86	28.13	0.00	0.00
GCC	104	28.16	21.86	21.84	28.14	0.00	0.00
GCC	105	28.15	21.87	21.85	28.13	0.00	0.00
GCC	106	28.15	21.87	21.84	28.14	0.00	0.00
GCC	107	28.17	21.85	21.82	28.16	0.00	0.00
GCC	108	28.16	21.86	21.83	28.15	0.00	0.00
GCC	109	28.16	21.86	21.83	28.14	0.00	0.00
GCC	110	28.16	21.86	21.83	28.15	0.00	0.00
GCC	111	28.15	21.87	21.84	28.14	0.00	0.00
GCC	112	28.15	21.88	21.83	28.14	0.00	0.00
GCC	113	28.15	21.88	21.84	28.13	0.00	0.00
GCC	114	28.13	21.89	21.85	28.12	0.00	0.00
GCC	115	28.15	21.87	21.85	28.13	0.00	0.00
GCC	116	28.15	21.87	21.84	28.14	0.00	0.00
GCC	117	28.12	21.90	21.86	28.11	0.00	0.00
GCC	118	28.13	21.90	21.85	28.12	0.00	0.00
GCC	119	28.14	21.88	21.84	28.14	0.00	0.00
GCC	120	28.14	21.88	21.85	28.13	0.00	0.00
GCC	121	28.13	21.89	21.86	28.12	0.00	0.00
GCC	122	28.14	21.89	21.84	28.13	0.00	0.00
GCC	123	28.14	21.89	21.84	28.13	0.00	0.00
GCC	124	28.13	21.90	21.86	28.12	0.00	0.00
GCC	125	28.13	21.89	21.85	28.13	0.00	0.00
GCC	126	28.12	21.90	21.86	28.12	0.00	0.00
GCC	127	28.11	21.92	21.88	28.09	0.00	0.00
GCC	128	28.12	21.91	21.86	28.11	0.00	0.00
GCC	129	28.12	21.90	21.87	28.11	0.00	0.00
GCC	130	28.12	21.90	21.86	28.11	0.00	0.00
GCC	131	28.11	21.92	21.88	28.09	0.00	0.00
GCC	132	28.11	21.92	21.88	28.09	0.00	0.00
GCC	133	28.12	21.91	21.87	28.10	0.00	0.00
GCC	134	28.11	21.91	21.88	28.10	0.00	0.00
GCC	135	28.11	21.92	21.88	28.10	0.00	0.00
GCC	136	28.09	21.93	21.89	28.09	0.00	0.00
GCC	137	28.09	21.94	21.90	28.07	0.00	0.00
GCC	138	28.09	21.94	21.90	28.08	0.00	0.00
GCC	139	28.10	21.93	21.89	28.09	0.00	0.00
GCC	140	28.10	21.93	21.89	28.09	0.00	0.00
GCC	141	28.10	21.93	21.89	28.08	0.00	0.00
GCC	142	28.07	21.94	21.90	28.08	0.00	0.00
GCC	143	28.07	21.94	21.91	28.07	0.00	0.00
GCC	144	28.07	21.93	21.91	28.09	0.00	0.00
GCC	145	28.07	21.95	21.92	28.06	0.00	0.00
GCC	146	28.07	21.95	21.92	28.07	0.00	0.00
GCC	147	28.06	21.96	21.93	28.06	0.00	0.00
GCC	148	28.05	21.97	21.94	28.04	0.00	0.00
GCC	149	28.05	21.96	21.93	28.05	0.00	0.00
GCC	150	28.04	21.97	21.94	28.04	0.03	0.00
# ACGT content per cycle, read oriented. Use `grep ^GCT | cut -f 2-` to extract this part. The columns are: cycle; A,C,G,T base counts as a percentage of all A/C/G/T bases [%]
GCT	1	30.73	22.59	18.01	28.67
GCT	2	30.23	20.02	21.42	28.33
GCT	3	28.99	21.32	21.25	28.45
GCT	4	28.33	21.52	21.31	28.84
GCT	5	28.56	20.61	21.78	29.06
GCT	6	28.63	21.37	21.88	28.12
GCT	7	28.50	20.79	22.18	28.53
GCT	8	28.50	21.31	21.58	28.61
GCT	9	28.25	21.39	21.42	28.94
GCT	10	28.47	21.44	21.62	28.47
GCT	11	28.41	21.47	21.51	28.60
GCT	12	28.57	21.45	21.47	28.51
GCT	13	28.69	21.30	21.48	28.54
GCT	14	28.68	21.28	21.48	28.56
GCT	15	28.60	21.40	21.39	28.60
GCT	16	28.55	21.29	21.52	28.64
GCT	17	28.55	21.37	21.48	28.59
GCT	18	28.50	21.50	21.45	28.54
GCT	19	28.45	21.38	21.52	28.65
GCT	20	28.42	21.48	21.60	28.50
GCT	21	28.49	21.49	21.64	28.38
GCT	22	28.45	21.52	21.61	28.42
GCT	23	28.33	21.64	21.59	28.44
GCT	24	28.41	21.55	21.63	28.41
GCT	25	28.34	21.56	21.71	28.38
GCT	26	28.32	21.62	21.70	28.36
GCT	27	28.31	21.63	21.66	28.40
GCT	28	28.32	21.68	21.69	28.31
GCT	29	28.36	21.64	21.68	28.33
GCT	30	28.31	21.64	21.76	28.29
GCT	31	28.32	21.64	21.77	28.27
GCT	32	28.34	21.68	21.74	28.24
GCT	33	28.34	21.62	21.82	28.23
GCT	34	28.32	21.64	21.85	28.19
GCT	35	28.33	21.65	21.81	28.21
GCT	36	28.32	21.62	21.83	28.23
GCT	37	28.31	21.64	21.86	28.19
GCT	38	28.37	21.63	21.79	28.21
GCT	39	28.34	21.66	21.81	28.19
GCT	40	28.38	21.67	21.81	28.14
GCT	41	28.33	21.69	21.82	28.16
GCT	42	28.27	21.71	21.80	28.23
GCT	43	28.33	21.73	21.79	28.15
GCT	44	28.39	21.69	21.78	28.15
GCT	45	28.29	21.69	21.84	28.18
GCT	46	28.33	21.75	21.80	28.12
GCT	47	28.35	21.71	21.82	28.13
GCT	48	28.30	21.66	21.86	28.17
GCT	49	28.31	21.70	21.85	28.13
GCT	50	28.35	21.64	21.84	28.17
GCT	51	28.33	21.72	21.84	28.11
GCT	52	28.35	21.71	21.84	28.11
GCT	53	28.34	21.68	21.86	28.13
GCT	54	28.32	21.68	21.87	28.13
GCT	55	28.38	21.68	21.85	28.09
GCT	56	28.35	21.69	21.87	28.09
GCT	57	28.32	21.71	21.87	28.10
GCT	58	28.33	21.74	21.86	28.06
GCT	59	28.33	21.69	21.85	28.13
GCT	60	28.31	21.72	21.85	28.11
GCT	61	28.33	21.73	21.86	28.08
GCT	62	28.34	21.66	21.87	28.13
GCT	63	28.33	21.70	21.90	28.07
GCT	64	28.34	21.70	21.92	28.04
GCT	65	28.33	21.68	21.89	28.10
GCT	66	28.33	21.69	21.91	28.06
GCT	67	28.37	21.70	21.88	28.05
GCT	68	28.33	21.70	21.92	28.06
GCT	69	28.30	21.78	21.87	28.06
GCT	70	28.36	21.71	21.86	28.07
GCT	71	28.32	21.67	21.94	28.07
GCT	72	28.32	21.72	21.90	28.06
GCT	73	28.34	21.72	21.89	28.05
GCT	74	28.37	21.72	21.90	28.02
GCT	75	28.37	21.71	21.88	28.03
GCT	76	28.34	21.68	21.92	28.06
GCT	77	28.31	21.69	21.93	28.07
GCT	78	28.32	21.73	21.89	28.06
GCT	79	28.33	21.70	21.93	28.04
GCT	80	28.31	21.69	21.97	28.03
GCT	81	28.34	21.69	21.96	28.01
GCT	82	28.35	21.68	21.96	28.01
GCT	83	28.33	21.70	21.95	28.02
GCT	84	28.30	21.72	21.95	28.03
GCT	85	28.32	21.71	21.95	28.02
GCT	86	28.34	21.73	21.92	28.01
GCT	87	28.30	21.71	21.94	28.05
GCT	88	28.28	21.69	21.99	28.04
GCT	89	28.33	21.70	21.97	28.00
GCT	90	28.32	21.73	21.95	28.01
GCT	91	28.29	21.74	21.97	28.01
GCT	92	28.28	21.75	21.95	28.02
GCT	93	28.32	21.67	21.98	28.03
GCT	94	28.32	21.68	22.00	28.00
GCT	95	28.29	21.74	21.97	28.01
GCT	96	28.31	21.73	21.94	28.01
GCT	97	28.32	21.72	21.96	28.00
GCT	98	28.33	21.70	21.95	28.02
GCT	99	28.28	21.68	22.00	28.04
GCT	100	28.30	21.73	21.97	28.01
GCT	101	28.32	21.73	21.97	27.98
GCT	102	28.33	21.73	21.96	27.99
GCT	103	28.28	21.75	21.98	27.99
GCT	104	28.31	21.72	21.98	27.99
GCT	105	28.31	21.71	22.02	27.97
GCT	106	28.32	21.69	22.02	27.97
GCT	107	28.32	21.66	22.01	28.01
GCT	108	28.32	21.69	22.01	27.99
GCT	109	28.33	21.67	22.02	27.98
GCT	110	28.31	21.69	22.00	27.99
GCT	111	28.30	21.70	22.00	27.99
GCT	112	28.33	21.70	22.01	27.95
GCT	113	28.34	21.73	21.99	27.93
GCT	114	28.31	21.76	21.99	27.95
GCT	115	28.31	21.73	22.00	27.97
GCT	116	28.33	21.67	22.03	27.97
GCT	117	28.29	21.70	22.06	27.94
GCT	118	28.30	21.72	22.03	27.95
GCT	119	28.31	21.70	22.02	27.97
GCT	120	28.30	21.69	22.04	27.97
GCT	121	28.31	21.70	22.04	27.95
GCT	122	28.31	21.69	22.04	27.96
GCT	123	28.29	21.72	22.02	27.97
GCT	124	28.31	21.70	22.05	27.93
GCT	125	28.30	21.71	22.03	27.96
GCT	126	28.28	21.72	22.04	27.97
GCT	127	28.28	21.74	22.05	27.93
GCT	128	28.29	21.70	22.07	27.94
GCT	129	28.29	21.71	22.06	27.94
GCT	130	28.29	21.68	22.09	27.94
GCT	131	28.30	21.71	22.09	27.91
GCT	132	28.28	21.71	22.09	27.92
GCT	133	28.27	21.71	22.07	27.95
GCT	134	28.29	21.72	22.07	27.93
GCT	135	28.29	21.73	22.07	27.91
GCT	136	28.27	21.71	22.11	27.90
GCT	137	28.25	21.71	22.12	27.91
GCT	138	28.25	21.72	22.11	27.92
GCT	139	28.28	21.70	22.11	27.91
GCT	140	28.27	21.66	22.15	27.91
GCT	141	28.26	21.69	22.13	27.92
GCT	142	28.24	21.75	22.10	27.91
GCT	143	28.25	21.76	22.09	27.90
GCT	144	28.24	21.74	22.10	27.92
GCT	145	28.23	21.73	22.13	27.91
GCT	146	28.22	21.75	22.11	27.91
GCT	147	28.20	21.77	22.12	27.91
GCT	148	28.20	21.77	22.14	27.89
GCT	149	28.20	21.73	22.16	27.90
GCT	150	28.22	21.71	22.20	27.86
# ACGT content per cycle for first fragments. Use `grep ^FBC | cut -f 2-` to extract this part. The columns are: cycle; A,C,G,T base counts as a percentage of all A/C/G/T bases [%]; and N and O counts as a percentage of all A/C/G/T bases [%]
FBC	1	29.62	20.35	20.37	29.66	0.00	0.00
FBC	2	29.32	20.65	20.67	29.36	0.00	0.00
FBC	3	28.79	21.17	21.19	28.84	0.01	0.00
FBC	4	28.73	21.25	21.26	28.77	0.00	0.00
FBC	5	28.87	21.11	21.12	28.90	0.00	0.00
FBC	6	28.48	21.49	21.52	28.52	0.00	0.00
FBC	7	28.60	21.37	21.39	28.64	0.00	0.00
FBC	8	28.61	21.37	21.38	28.64	0.00	0.00
FBC	9	28.65	21.32	21.35	28.68	0.00	0.00
FBC	10	28.51	21.46	21.49	28.55	0.00	0.00
FBC	11	28.55	21.42	21.43	28.60	0.00	0.00
FBC	12	28.58	21.40	21.41	28.62	0.00	0.00
FBC	13	28.64	21.33	21.35	28.67	0.00	0.00
FBC	14	28.65	21.32	21.35	28.69	0.00	0.00
FBC	15	28.63	21.34	21.37	28.66	0.00	0.00
FBC	16	28.63	21.35	21.36	28.66	0.00	0.00
FBC	17	28.60	21.38	21.39	28.63	0.00	0.00
FBC	18	28.54	21.44	21.45	28.57	0.00	0.00
FBC	19	28.56	21.41	21.43	28.60	0.00	0.00
FBC	20	28.48	21.50	21.51	28.51	0.00	0.00
FBC	21	28.46	21.52	21.54	28.48	0.00	0.00
FBC	22	28.44	21.53	21.55	28.48	0.00	0.00
FBC	23	28.39	21.58	21.59	28.44	0.00	0.00
FBC	24	28.42	21.55	21.58	28.46	0.00	0.00
FBC	25	28.38	21.60	21.62	28.40	0.00	0.00
FBC	26	28.34	21.61	21.65	28.40	0.00	0.00
FBC	27	28.37	21.61	21.62	28.41	0.00	0.00
FBC	28	28.32	21.65	21.67	28.36	0.00	0.00
FBC	29	28.36	21.62	21.63	28.39	0.00	0.00
FBC	30	28.30	21.66	21.69	28.34	0.00	0.00
FBC	31	28.30	21.67	21.70	28.33	0.00	0.00
FBC	32	28.30	21.67	21.70	28.33	0.00	0.00
FBC	33	28.30	21.68	21.70	28.33	0.01	0.00
FBC	34	28.26	21.71	21.73	28.30	0.00	0.00
FBC	35	28.28	21.70	21.71	28.32	0.00	0.00
FBC	36	28.28	21.69	21.72	28.32	0.00	0.00
FBC	37	28.25	21.73	21.74	28.28	0.00	0.00
FBC	38	28.30	21.67	21.70	28.33	0.00	0.00
FBC	39	28.27	21.71	21.72	28.30	0.00	0.00
FBC	40	28.26	21.71	21.73	28.29	0.00	0.00
FBC	41	28.25	21.72	21.75	28.29	0.04	0.00
FBC	42	28.24	21.72	21.75	28.28	0.00	0.00
FBC	43	28.23	21.73	21.77	28.28	0.00	0.00
FBC	44	28.27	21.71	21.72	28.30	0.00	0.00
FBC	45	28.24	21.74	21.75	28.27	0.00	0.00
FBC	46	28.22	21.76	21.77	28.25	0.00	0.00
FBC	47	28.25	21.73	21.74	28.28	0.00	0.00
FBC	48	28.23	21.74	21.76	28.27	0.00	0.00
FBC	49	28.21	21.75	21.77	28.26	0.00	0.00
FBC	50	28.25	21.72	21.73	28.30	0.00	0.00
FBC	51	28.21	21.75	21.78	28.26	0.00	0.00
FBC	52	28.22	21.74	21.77	28.26	0.00	0.00
FBC	53	28.23	21.74	21.76	28.27	0.00	0.00
FBC	54	28.22	21.75	21.77	28.26	0.00	0.00
FBC	55	28.24	21.74	21.76	28.26	0.00	0.00
FBC	56	28.22	21.75	21.77	28.25	0.00	0.00
FBC	57	28.21	21.77	21.78	28.25	0.00	0.00
FBC	58	28.19	21.78	21.80	28.22	0.00	0.00
FBC	59	28.22	21.75	21.77	28.26	0.00	0.00
FBC	60	28.21	21.77	21.78	28.24	0.00	0.00
FBC	61	28.20	21.76	21.80	28.24	0.01	0.00
FBC	62	28.23	21.74	21.76	28.26	0.00	0.00
FBC	63	28.20	21.77	21.80	28.23	0.00	0.00
FBC	64	28.18	21.79	21.81	28.22	0.00	0.00
FBC	65	28.21	21.76	21.78	28.25	0.00	0.00
FBC	66	28.20	21.78	21.80	28.22	0.00	0.00
FBC	67	28.20	21.77	21.79	28.24	0.00	0.00
FBC	68	28.20	21.78	21.81	28.22	0.00	0.00
FBC	69	28.18	21.80	21.82	28.21	0.00	0.00
FBC	70	28.20	21.77	21.79	28.24	0.00	0.00
FBC	71	28.19	21.77	21.82	28.22	0.00	0.00
FBC	72	28.18	21.78	21.82	28.22	0.00	0.00
FBC	73	28.18	21.78	21.81	28.23	0.00	0.00
FBC	74	28.19	21.78	21.80	28.22	0.00	0.00
FBC	75	28.19	21.77	21.80	28.24	0.00	0.00
FBC	76	28.19	21.78	21.81	28.23	0.00	0.00
FBC	77	28.18	21.79	21.81	28.22	0.00	0.00
FBC	78	28.19	21.79	21.81	28.21	0.00	0.00
FBC	79	28.17	21.79	21.82	28.22	0.00	0.00
FBC	80	28.16	21.81	21.82	28.20	0.00	0.00
FBC	81	28.17	21.80	21.82	28.21	0.00	0.00
FBC	82	28.17	21.80	21.82	28.21	0.00	0.00
FBC	83	28.17	21.80	21.83	28.21	0.00	0.00
FBC	84	28.15	21.82	21.83	28.20	0.00	0.00
FBC	85	28.16	21.82	21.83	28.20	0.00	0.00
FBC	86	28.17	21.81	21.82	28.20	0.00	0.00
FBC	87	28.16	21.80	21.83	28.21	0.00	0.00
FBC	88	28.14	21.82	21.85	28.19	0.00	0.00
FBC	89	28.16	21.81	21.84	28.20	0.00	0.00
FBC	90	28.15	21.82	21.84	28.19	0.00	0.00
FBC	91	28.14	21.84	21.86	28.17	0.00	0.00
FBC	92	28.15	21.83	21.84	28.18	0.00	0.00
FBC	93	28.17	21.81	21.82	28.21	0.00	0.00
FBC	94	28.15	21.81	21.84	28.19	0.00	0.00
FBC	95	28.13	21.82	21.85	28.19	0.00	0.00
FBC	96	28.15	21.82	21.83	28.20	0.00	0.00
FBC	97	28.15	21.83	21.84	28.19	0.00	0.00
FBC	98	28.17	21.80	21.82	28.21	0.00	0.00
FBC	99	28.16	21.82	21.84	28.19	0.00	0.00
FBC	100	28.14	21.82	21.86	28.18	0.00	0.00
FBC	101	28.15	21.83	21.85	28.17	0.00	0.00
FBC	102	28.15	21.82	21.85	28.18	0.00	0.00
FBC	103	28.12	21.84	21.87	28.16	0.00	0.00
FBC	104	28.14	21.83	21.86	28.18	0.00	0.00
FBC	105	28.14	21.84	21.86	28.17	0.00	0.00
FBC	106	28.14	21.85	21.84	28.17	0.00	0.00
FBC	107	28.16	21.81	21.83	28.20	0.00	0.00
FBC	108	28.14	21.83	21.84	28.19	0.00	0.00
FBC	109	28.15	21.83	21.85	28.18	0.00	0.00
FBC	110	28.15	21.82	21.84	28.18	0.00	0.00
FBC	111	28.14	21.83	21.85	28.17	0.00	0.00
FBC	112	28.14	21.84	21.85	28.17	0.00	0.00
FBC	113	28.14	21.85	21.85	28.16	0.00	0.00
FBC	114	28.12	21.85	21.87	28.16	0.00	0.00
FBC	115	28.13	21.84	21.86	28.17	0.00	0.00
FBC	116	28.14	21.83	21.85	28.18	0.00	0.00
FBC	117	28.11	21.86	21.88	28.14	0.00	0.00
FBC	118	28.12	21.86	21.87	28.16	0.00	0.00
FBC	119	28.14	21.84	21.85	28.17	0.00	0.00
FBC	120	28.13	21.84	21.86	28.17	0.00	0.00
FBC	121	28.12	21.85	21.87	28.16	0.00	0.00
FBC	122	28.13	21.85	21.86	28.16	0.00	0.00
FBC	123	28.12	21.85	21.86	28.16	0.00	0.00
FBC	124	28.11	21.87	21.87	28.15	0.00	0.00
FBC	125	28.12	21.85	21.86	28.17	0.00	0.00
FBC	126	28.12	21.86	21.87	28.15	0.00	0.00
FBC	127	28.11	21.87	21.88	28.14	0.00	0.00
FBC	128	28.12	21.86	21.86	28.15	0.00	0.00
FBC	129	28.11	21.86	21.88	28.15	0.00	0.00
FBC	130	28.11	21.86	21.87	28.16	0.00	0.00
FBC	131	28.11	21.87	21.88	28.14	0.00	0.00
FBC	132	28.10	21.88	21.89	28.14	0.00	0.00
FBC	133	28.11	21.86	21.87	28.15	0.00	0.00
FBC	134	28.10	21.87	21.88	28.15	0.00	0.00
FBC	135	28.11	21.87	21.88	28.14	0.00	0.00
FBC	136	28.09	21.88	21.90	28.13	0.00	0.00
FBC	137	28.09	21.89	21.90	28.12	0.00	0.00
FBC	138	28.09	21.89	21.90	28.12	0.00	0.00
FBC	139	28.09	21.88	21.89	28.13	0.00	0.00
FBC	140	28.10	21.88	21.89	28.13	0.00	0.00
FBC	141	28.10	21.88	21.89	28.13	0.00	0.00
FBC	142	28.10	21.88	21.88	28.14	0.00	0.00
FBC	143	28.09	21.88	21.89	28.14	0.00	0.00
FBC	144	28.09	21.87	21.89	28.15	0.00	0.00
FBC	145	28.09	21.89	21.90	28.12	0.00	0.00
FBC	146	28.09	21.89	21.90	28.13	0.00	0.00
FBC	147	28.08	21.90	21.91	28.11	0.00	0.00
FBC	148	28.07	21.91	21.92	28.10	0.00	0.00
FBC	149	28.08	21.90	21.91	28.12	0.00	0.00
FBC	150	28.07	21.91	21.92	28.10	0.00	0.00
# ACGT raw counters for first fragments. Use `grep ^FTC | cut -f 2-` to extract this part. The columns are: A,C,G,T,N base counters
FTC	8439595248	6488264957	6493833326	8450602070	189249
# ACGT content per cycle for last fragments. Use `grep ^LBC | cut -f 2-` to extract this part. The columns are: cycle; A,C,G,T base counts as a percentage of all A/C/G/T bases [%]; and N and O counts as a percentage of all A/C/G/T bases [%]
LBC	1	29.75	20.24	20.24	29.77	0.00	0.00
LBC	2	29.20	20.76	20.81	29.23	0.00	0.00
LBC	3	28.59	21.36	21.41	28.65	0.00	0.00
LBC	4	28.40	21.56	21.59	28.44	0.00	0.00
LBC	5	28.72	21.26	21.29	28.74	0.00	0.00
LBC	6	28.24	21.73	21.75	28.27	0.00	0.00
LBC	7	28.40	21.58	21.59	28.43	0.00	0.00
LBC	8	28.47	21.51	21.52	28.50	0.00	0.00
LBC	9	28.51	21.48	21.48	28.54	0.00	0.00
LBC	10	28.40	21.59	21.59	28.42	0.00	0.00
LBC	11	28.44	21.56	21.55	28.45	0.00	0.00
LBC	12	28.48	21.52	21.51	28.49	0.00	0.00
LBC	13	28.56	21.45	21.42	28.57	0.00	0.00
LBC	14	28.57	21.44	21.42	28.56	0.00	0.00
LBC	15	28.57	21.44	21.43	28.56	0.00	0.00
LBC	16	28.55	21.47	21.43	28.55	0.00	0.00
LBC	17	28.54	21.49	21.45	28.52	0.00	0.00
LBC	18	28.50	21.53	21.49	28.48	0.00	0.00
LBC	19	28.52	21.50	21.46	28.52	0.00	0.00
LBC	20	28.43	21.59	21.55	28.42	0.00	0.00
LBC	21	28.42	21.61	21.58	28.39	0.00	0.00
LBC	22	28.43	21.60	21.57	28.40	0.00	0.00
LBC	23	28.36	21.67	21.62	28.34	0.00	0.00
LBC	24	28.39	21.64	21.60	28.37	0.00	0.00
LBC	25	28.35	21.70	21.64	28.32	0.00	0.00
LBC	26	28.32	21.71	21.67	28.30	0.00	0.00
LBC	27	28.33	21.70	21.65	28.31	0.00	0.00
LBC	28	28.30	21.73	21.69	28.28	0.00	0.00
LBC	29	28.33	21.71	21.67	28.30	0.00	0.00
LBC	30	28.29	21.74	21.70	28.26	0.00	0.00
LBC	31	28.28	21.75	21.71	28.26	0.00	0.00
LBC	32	28.28	21.76	21.71	28.25	0.00	0.00
LBC	33	28.27	21.77	21.71	28.25	0.00	0.00
LBC	34	28.25	21.79	21.74	28.22	0.00	0.00
LBC	35	28.27	21.78	21.73	28.22	0.00	0.00
LBC	36	28.26	21.77	21.72	28.24	0.00	0.00
LBC	37	28.25	21.80	21.74	28.21	0.00	0.00
LBC	38	28.30	21.76	21.70	28.24	0.00	0.00
LBC	39	28.27	21.79	21.72	28.22	0.00	0.00
LBC	40	28.26	21.78	21.73	28.23	0.00	0.00
LBC	41	28.24	21.81	21.75	28.20	0.00	0.00
LBC	42	28.26	21.79	21.75	28.21	0.00	0.00
LBC	43	28.24	21.80	21.75	28.21	0.00	0.00
LBC	44	28.28	21.78	21.72	28.23	0.00	0.00
LBC	45	28.24	21.81	21.75	28.19	0.00	0.00
LBC	46	28.23	21.82	21.76	28.18	0.00	0.00
LBC	47	28.24	21.81	21.75	28.20	0.00	0.00
LBC	48	28.25	21.81	21.75	28.20	0.00	0.00
LBC	49	28.23	21.82	21.76	28.18	0.00	0.00
LBC	50	28.26	21.79	21.73	28.22	0.00	0.00
LBC	51	28.23	21.82	21.77	28.18	0.00	0.00
LBC	52	28.24	21.81	21.76	28.19	0.00	0.00
LBC	53	28.24	21.81	21.76	28.19	0.00	0.00
LBC	54	28.24	21.82	21.76	28.18	0.00	0.00
LBC	55	28.26	21.80	21.75	28.19	0.00	0.00
LBC	56	28.23	21.82	21.76	28.18	0.00	0.00
LBC	57	28.21	21.84	21.78	28.17	0.00	0.00
LBC	58	28.21	21.85	21.78	28.16	0.00	0.00
LBC	59	28.24	21.81	21.76	28.19	0.00	0.00
LBC	60	28.23	21.83	21.77	28.17	0.00	0.00
LBC	61	28.22	21.84	21.77	28.17	0.00	0.00
LBC	62	28.24	21.81	21.75	28.20	0.00	0.00
LBC	63	28.21	21.84	21.79	28.16	0.00	0.00
LBC	64	28.22	21.85	21.79	28.15	0.00	0.00
LBC	65	28.22	21.83	21.77	28.18	0.00	0.00
LBC	66	28.22	21.85	21.78	28.15	0.00	0.00
LBC	67	28.23	21.83	21.77	28.17	0.00	0.00
LBC	68	28.20	21.85	21.80	28.15	0.00	0.00
LBC	69	28.20	21.87	21.80	28.13	0.00	0.00
LBC	70	28.24	21.83	21.76	28.18	0.00	0.00
LBC	71	28.22	21.84	21.79	28.16	0.00	0.00
LBC	72	28.21	21.85	21.79	28.15	0.00	0.00
LBC	73	28.22	21.84	21.79	28.15	0.00	0.00
LBC	74	28.21	21.85	21.79	28.15	0.00	0.00
LBC	75	28.22	21.84	21.78	28.16	0.00	0.00
LBC	76	28.21	21.84	21.78	28.17	0.00	0.00
LBC	77	28.21	21.85	21.79	28.15	0.00	0.00
LBC	78	28.21	21.86	21.79	28.14	0.00	0.00
LBC	79	28.21	21.85	21.79	28.15	0.00	0.00
LBC	80	28.18	21.88	21.82	28.12	0.00	0.00
LBC	81	28.19	21.87	21.80	28.13	0.00	0.00
LBC	82	28.19	21.87	21.80	28.14	0.00	0.00
LBC	83	28.19	21.87	21.81	28.13	0.00	0.00
LBC	84	28.18	21.88	21.82	28.12	0.00	0.00
LBC	85	28.19	21.88	21.81	28.13	0.00	0.00
LBC	86	28.20	21.87	21.80	28.14	0.00	0.00
LBC	87	28.19	21.87	21.80	28.14	0.00	0.00
LBC	88	28.18	21.89	21.81	28.12	0.00	0.00
LBC	89	28.18	21.88	21.81	28.12	0.00	0.00
LBC	90	28.18	21.88	21.82	28.12	0.00	0.00
LBC	91	28.18	21.89	21.83	28.11	0.00	0.00
LBC	92	28.17	21.90	21.83	28.10	0.00	0.00
LBC	93	28.19	21.87	21.80	28.14	0.00	0.00
LBC	94	28.18	21.89	21.82	28.12	0.00	0.00
LBC	95	28.16	21.90	21.83	28.11	0.00	0.00
LBC	96	28.18	21.89	21.81	28.12	0.00	0.00
LBC	97	28.18	21.89	21.81	28.12	0.00	0.00
LBC	98	28.19	21.87	21.80	28.14	0.00	0.00
LBC	99	28.17	21.89	21.82	28.12	0.00	0.00
LBC	100	28.18	21.89	21.82	28.11	0.00	0.00
LBC	101	28.16	21.90	21.82	28.11	0.00	0.00
LBC	102	28.18	21.89	21.82	28.12	0.00	0.00
LBC	103	28.16	21.90	21.84	28.09	0.00	0.00
LBC	104	28.17	21.89	21.83	28.11	0.00	0.00
LBC	105	28.16	21.91	21.84	28.09	0.00	0.00
LBC	106	28.17	21.90	21.83	28.10	0.00	0.00
LBC	107	28.18	21.88	21.81	28.13	0.00	0.00
LBC	108	28.18	21.90	21.81	28.11	0.00	0.00
LBC	109	28.17	21.90	21.82	28.10	0.00	0.00
LBC	110	28.17	21.90	21.82	28.11	0.00	0.00
LBC	111	28.17	21.91	21.82	28.11	0.00	0.00
LBC	112	28.16	21.92	21.82	28.10	0.00	0.00
LBC	113	28.15	21.92	21.83	28.10	0.00	0.00
LBC	114	28.14	21.93	21.84	28.09	0.00	0.00
LBC	115	28.16	21.91	21.84	28.09	0.00	0.00
LBC	116	28.17	21.91	21.82	28.11	0.00	0.00
LBC	117	28.13	21.95	21.85	28.07	0.00	0.00
LBC	118	28.14	21.93	21.84	28.08	0.00	0.00
LBC	119	28.15	21.92	21.83	28.10	0.00	0.00
LBC	120	28.15	21.92	21.83	28.09	0.00	0.00
LBC	121	28.15	21.93	21.84	28.08	0.00	0.00
LBC	122	28.15	21.92	21.83	28.09	0.00	0.00
LBC	123	28.15	21.93	21.83	28.09	0.00	0.00
LBC	124	28.14	21.93	21.84	28.08	0.00	0.00
LBC	125	28.14	21.93	21.84	28.09	0.00	0.00
LBC	126	28.13	21.94	21.84	28.08	0.00	0.00
LBC	127	28.11	21.97	21.87	28.05	0.00	0.00
LBC	128	28.13	21.95	21.85	28.07	0.00	0.00
LBC	129	28.13	21.95	21.86	28.07	0.00	0.00
LBC	130	28.13	21.94	21.85	28.07	0.00	0.00
LBC	131	28.11	21.97	21.88	28.04	0.00	0.00
LBC	132	28.11	21.96	21.87	28.05	0.00	0.00
LBC	133	28.12	21.95	21.87	28.06	0.00	0.00
LBC	134	28.12	21.96	21.87	28.06	0.00	0.00
LBC	135	28.10	21.96	21.88	28.06	0.00	0.00
LBC	136	28.10	21.97	21.89	28.04	0.00	0.00
LBC	137	28.09	21.98	21.90	28.03	0.00	0.00
LBC	138	28.10	21.98	21.89	28.03	0.00	0.00
LBC	139	28.10	21.97	21.88	28.05	0.00	0.00
LBC	140	28.10	21.98	21.88	28.04	0.00	0.00
LBC	141	28.10	21.98	21.89	28.03	0.00	0.00
LBC	142	28.04	22.04	21.94	27.99	0.00	0.00
LBC	143	28.04	22.05	21.95	27.97	0.00	0.00
LBC	144	28.05	22.03	21.94	27.99	0.00	0.00
LBC	145	28.04	22.04	21.94	27.97	0.00	0.00
LBC	146	28.03	22.04	21.96	27.96	0.00	0.00
LBC	147	28.02	22.06	21.96	27.96	0.00	0.00
LBC	148	28.00	22.08	21.97	27.95	0.00	0.00
LBC	149	28.01	22.07	21.98	27.94	0.00	0.00
LBC	150	28.01	22.07	21.98	27.94	0.08	0.00
# ACGT raw counters for last fragments. Use `grep ^LTC | cut -f 2-` to extract this part. The columns are: A,C,G,T,N base counters
LTC	8223485893	6345911713	6328433540	8210505346	112018
# Insert sizes. Use `grep ^IS | cut -f 2-` to extract this part. The columns are: insert size, pairs total, inward oriented pairs, outward oriented pairs, other pairs
IS	0	2068	0	16	2052
IS	1	520	0	34	486
IS	2	186	0	42	144
IS	3	101	0	33	68
IS	4	88	0	43	45
IS	5	83	0	41	42
IS	6	73	0	49	24
IS	7	71	0	43	28
IS	8	81	0	57	24
IS	9	83	0	60	23
IS	10	105	0	86	19
IS	11	95	0	75	20
IS	12	144	0	124	20
IS	13	109	0	93	16
IS	14	132	0	112	20
IS	15	144	0	123	21
IS	16	171	0	151	20
IS	17	159	0	146	13
IS	18	161	0	149	12
IS	19	1071	424	634	13
IS	20	885	346	530	9
IS	21	660	204	440	16
IS	22	476	127	342	7
IS	23	421	66	339	16
IS	24	426	77	344	5
IS	25	493	90	389	14
IS	26	474	89	384	1
IS	27	539	113	412	14
IS	28	566	150	396	20
IS	29	533	116	410	7
IS	30	522	122	393	7
IS	31	592	170	411	11
IS	32	666	172	483	11
IS	33	650	205	433	12
IS	34	650	193	447	10
IS	35	655	176	470	9
IS	36	731	206	510	15
IS	37	773	265	500	8
IS	38	814	286	515	13
IS	39	920	296	604	20
IS	40	1005	355	635	15
IS	41	1080	368	693	19
IS	42	1128	426	680	22
IS	43	1245	451	778	16
IS	44	1355	543	799	13
IS	45	1429	553	864	12
IS	46	1455	585	857	13
IS	47	1585	652	924	9
IS	48	1706	708	986	12
IS	49	1722	711	1000	11
IS	50	1803	752	1040	11
IS	51	1852	751	1093	8
IS	52	2014	873	1123	18
IS	53	1990	812	1162	16
IS	54	2313	954	1343	16
IS	55	2354	976	1336	42
IS	56	2424	1027	1368	29
IS	57	2350	982	1354	14
IS	58	2519	1076	1431	12
IS	59	2618	1126	1486	6
IS	60	2573	1148	1413	12
IS	61	2613	1100	1503	10
IS	62	2683	1134	1537	12
IS	63	2666	1179	1476	11
IS	64	2708	1168	1519	21
IS	65	2850	1250	1591	9
IS	66	2786	1192	1580	14
IS	67	2821	1236	1576	9
IS	68	2900	1380	1507	13
IS	69	2814	1230	1578	6
IS	70	2905	1338	1557	10
IS	71	2969	1340	1627	2
IS	72	2905	1334	1568	3
IS	73	3034	1398	1626	10
IS	74	3029	1417	1608	4
IS	75	3112	1405	1702	5
IS	76	3090	1451	1634	5
IS	77	3252	1504	1740	8
IS	78	3279	1500	1771	8
IS	79	3347	1558	1782	7
IS	80	3408	1595	1809	4
IS	81	3473	1589	1876	8
IS	82	3598	1756	1835	7
IS	83	3619	1736	1873	10
IS	84	3578	1705	1863	10
IS	85	3662	1799	1856	7
IS	86	3716	1844	1861	11
IS	87	3632	1755	1864	13
IS	88	3721	1774	1938	9
IS	89	3706	1810	1887	9
IS	90	3625	1689	1928	8
IS	91	3732	1793	1931	8
IS	92	3728	1851	1873	4
IS	93	3543	1722	1812	9
IS	94	3655	1770	1881	4
IS	95	3644	1751	1884	9
IS	96	3716	1821	1882	13
IS	97	3720	1838	1876	6
IS	98	3702	1772	1923	7
IS	99	3668	1817	1848	3
IS	100	3618	1798	1812	8
IS	101	3630	1819	1804	7
IS	102	3706	1795	1901	10
IS	103	3594	1803	1783	8
IS	104	3710	1886	1818	6
IS	105	3578	1763	1808	7
IS	106	3658	1825	1818	15
IS	107	3663	1833	1820	10
IS	108	3747	1849	1889	9
IS	109	3780	1928	1842	10
IS	110	3776	1931	1839	6
IS	111	3772	1888	1876	8
IS	112	3956	1991	1960	5
IS	113	3912	2011	1891	10
IS	114	3904	1944	1955	5
IS	115	3773	1877	1893	3
IS	116	3836	1995	1833	8
IS	117	4039	2079	1954	6
IS	118	3866	1942	1919	5
IS	119	3887	1992	1881	14
IS	120	3959	2008	1941	10
IS	121	3925	2041	1872	12
IS	122	3959	2019	1933	7
IS	123	3991	2055	1930	6
IS	124	3927	1981	1937	9
IS	125	4077	2062	2012	3
IS	126	4028	1978	2037	13
IS	127	3972	2014	1950	8
IS	128	4095	2109	1974	12
IS	129	4070	2119	1938	13
IS	130	4030	2041	1975	14
IS	131	3969	2042	1917	10
IS	132	4073	2123	1943	7
IS	133	4208	2171	2025	12
IS	134	4179	2187	1986	6
IS	135	4330	2214	2100	16
IS	136	4146	2112	2026	8
IS	137	4217	2109	2094	14
IS	138	4322	2228	2085	9
IS	139	4399	2242	2148	9
IS	140	4289	1843	2439	7
IS	141	4493	2533	1957	3
IS	142	4368	2405	1954	9
IS	143	4524	2583	1934	7
IS	144	4619	2751	1860	8
IS	145	4711	2825	1877	9
IS	146	4919	2788	2127	4
IS	147	4931	2777	2145	9
IS	148	4924	2765	2151	8
IS	149	4897	2208	2684	5
IS	150	5100	3182	1909	9
IS	151	4919	4808	96	15
IS	152	5046	5010	27	9
IS	153	5087	5053	28	6
IS	154	5117	5084	16	17
IS	155	5190	5158	19	13
IS	156	5146	5126	11	9
IS	157	5206	5182	16	8
IS	158	5116	5091	12	13
IS	159	5194	5181	5	8
IS	160	5314	5296	11	7
IS	161	5221	5201	9	11
IS	162	5325	5312	8	5
IS	163	5567	5549	7	11
IS	164	5676	5649	15	12
IS	165	5721	5689	12	20
IS	166	5718	5704	8	6
IS	167	5850	5832	9	9
IS	168	5939	5918	14	7
IS	169	6129	6111	7	11
IS	170	6085	6065	12	8
IS	171	6221	6209	3	9
IS	172	6406	6385	15	6
IS	173	6491	6465	12	14
IS	174	6615	6597	7	11
IS	175	6903	6885	5	13
IS	176	6846	6829	6	11
IS	177	7261	7231	8	22
IS	178	7363	7354	5	4
IS	179	7712	7698	5	9
IS	180	7848	7834	8	6
IS	181	8166	8140	10	16
IS	182	8353	8335	10	8
IS	183	8407	8392	4	11
IS	184	8789	8773	8	8
IS	185	8883	8869	4	10
IS	186	9099	9088	7	4
IS	187	9548	9529	7	12
IS	188	9488	9467	7	14
IS	189	9787	9767	8	12
IS	190	10244	10228	5	11
IS	191	10581	10569	4	8
IS	192	10851	10833	4	14
IS	193	11043	11028	4	11
IS	194	11400	11386	5	9
IS	195	11566	11543	6	17
IS	196	11802	11793	2	7
IS	197	12544	12526	7	11
IS	198	13023	13007	7	9
IS	199	13305	13276	6	23
IS	200	13795	13785	3	7
IS	201	14234	14221	8	5
IS	202	14374	14355	8	11
IS	203	14884	14861	4	19
IS	204	15561	15536	11	14
IS	205	16066	16050	6	10
IS	206	16605	16586	4	15
IS	207	16892	16870	9	13
IS	208	17994	17977	5	12
IS	209	18615	18599	5	11
IS	210	18998	18987	3	8
IS	211	19696	19682	7	7
IS	212	20315	20301	2	12
IS	213	21225	21213	4	8
IS	214	21313	21290	6	17
IS	215	22124	22114	3	7
IS	216	23217	23201	3	13
IS	217	23836	23818	7	11
IS	218	24736	24713	7	16
IS	219	25961	25945	5	11
IS	220	26593	26570	8	15
IS	221	27530	27512	5	13
IS	222	28515	28490	7	18
IS	223	29567	29548	5	14
IS	224	30416	30390	6	20
IS	225	31370	31348	4	18
IS	226	32165	32147	3	15
IS	227	33842	33825	6	11
IS	228	34665	34643	4	18
IS	229	36094	36076	5	13
IS	230	37273	37256	5	12
IS	231	38338	38313	9	16
IS	232	40096	40073	2	21
IS	233	40913	40893	7	13
IS	234	42030	42003	9	18
IS	235	43495	43469	1	25
IS	236	44212	44187	7	18
IS	237	46265	46242	4	19
IS	238	48999	48981	2	16
IS	239	49813	49798	4	11
IS	240	51689	51668	7	14
IS	241	53256	53236	5	15
IS	242	55480	55466	4	10
IS	243	56512	56488	8	16
IS	244	58498	58474	7	17
IS	245	60194	60176	2	16
IS	246	61531	61513	2	16
IS	247	64422	64400	2	20
IS	248	66285	66259	8	18
IS	249	68335	68302	7	26
IS	250	70690	70661	8	21
IS	251	73547	73526	8	13
IS	252	75019	74994	7	18
IS	253	77672	77652	10	10
IS	254	80008	79992	2	14
IS	255	82152	82125	6	21
IS	256	84378	84353	6	19
IS	257	87626	87606	6	14
IS	258	90211	90189	4	18
IS	259	92644	92618	8	18
IS	260	96260	96239	4	17
IS	261	99457	99435	6	16
IS	262	101957	101944	2	11
IS	263	105699	105681	4	14
IS	264	108244	108220	2	22
IS	265	111272	111256	3	13
IS	266	114364	114344	4	16
IS	267	117853	117817	7	29
IS	268	121647	121617	9	21
IS	269	126645	126616	3	26
IS	270	129712	129682	4	26
IS	271	134346	134330	5	11
IS	272	138401	138390	3	8
IS	273	142244	142220	1	23
IS	274	146332	146302	9	21
IS	275	149685	149655	6	24
IS	276	153879	153863	2	14
IS	277	157739	157721	5	13
IS	278	161801	161782	6	13
IS	279	166923	166891	10	22
IS	280	172145	172114	5	26
IS	281	177058	177034	7	17
IS	282	182374	182343	11	20
IS	283	187624	187592	7	25
IS	284	192409	192386	8	15
IS	285	196666	196641	7	18
IS	286	202011	201976	5	30
IS	287	206292	206265	3	24
IS	288	211146	211132	5	9
IS	289	218045	218017	8	20
IS	290	223805	223779	6	20
IS	291	231293	231270	3	20
IS	292	236129	236105	1	23
IS	293	243248	243226	6	16
IS	294	248808	248777	3	28
IS	295	255610	255590	4	16
IS	296	260491	260465	7	19
IS	297	266747	266729	2	16
IS	298	272509	272481	9	19
IS	299	279697	279670	1	26
IS	300	286440	286416	8	16
IS	301	293290	293263	4	23
IS	302	301776	301758	4	14
IS	303	307715	307686	8	21
IS	304	317296	317273	5	18
IS	305	322820	322799	3	18
IS	306	329292	329268	4	20
IS	307	336739	336707	6	26
IS	308	342356	342342	4	10
IS	309	350496	350472	4	20
IS	310	358709	358688	4	17
IS	311	366387	366367	4	16
IS	312	376396	376371	5	20
IS	313	384995	384977	6	12
IS	314	392838	392810	6	22
IS	315	401761	401741	2	18
IS	316	408001	407972	4	25
IS	317	415641	415617	6	18
IS	318	424102	424074	5	23
IS	319	430921	430901	4	16
IS	320	439809	439776	8	25
IS	321	448499	448469	4	26
IS	322	458947	458924	3	20
IS	323	468369	468339	14	16
IS	324	477997	477987	3	7
IS	325	486876	486861	2	13
IS	326	494391	494373	8	10
IS	327	501275	501256	3	16
IS	328	510062	510051	2	9
IS	329	517172	517139	10	23
IS	330	527662	527648	4	10
IS	331	536520	536503	2	15
IS	332	547807	547785	2	20
IS	333	557069	557042	11	16
IS	334	566336	566320	4	12
IS	335	576615	576584	6	25
IS	336	585555	585531	5	19
IS	337	591980	591954	5	21
IS	338	599342	599325	5	12
IS	339	605673	605656	6	11
IS	340	615370	615351	3	16
IS	341	623424	623405	4	15
IS	342	632049	632033	3	13
IS	343	641357	641333	7	17
IS	344	651972	651949	3	20
IS	345	662670	662648	6	16
IS	346	670949	670926	5	18
IS	347	676219	676192	8	19
IS	348	685009	684986	7	16
IS	349	690252	690238	4	10
IS	350	697658	697633	4	21
IS	351	704090	704081	2	7
IS	352	714065	714042	7	16
IS	353	720846	720832	3	11
IS	354	732155	732124	9	22
IS	355	738874	738830	5	39
IS	356	747160	747111	7	42
IS	357	753718	753687	5	26
IS	358	758247	758223	5	19
IS	359	765684	765660	6	18
IS	360	767932	767910	4	18
IS	361	772587	772563	5	19
IS	362	781987	781960	6	21
IS	363	788572	788552	2	18
IS	364	796964	796943	2	19
IS	365	804678	804657	4	17
IS	366	811817	811792	4	21
IS	367	816139	816119	4	16
IS	368	819636	819607	8	21
IS	369	826657	826642	4	11
IS	370	826424	826406	5	13
IS	371	832277	832258	7	12
IS	372	837971	837956	0	15
IS	373	842192	842163	11	18
IS	374	848437	848414	3	20
IS	375	855417	855397	6	14
IS	376	860205	860180	6	19
IS	377	865707	865688	9	10
IS	378	867553	867535	6	12
IS	379	870059	870042	3	14
IS	380	871135	871118	6	11
IS	381	874309	874296	3	10
IS	382	876450	876431	4	15
IS	383	880461	880450	0	11
IS	384	883547	883531	6	10
IS	385	888533	888513	2	18
IS	386	891991	891966	8	17
IS	387	897468	897447	5	16
IS	388	898599	898584	4	11
IS	389	900106	900085	1	20
IS	390	900385	900365	6	14
IS	391	899481	899461	5	15
IS	392	899882	899862	5	15
IS	393	900354	900328	4	22
IS	394	903079	903057	4	18
IS	395	906296	906278	4	14
IS	396	909125	909099	6	20
IS	397	911508	911488	2	18
IS	398	911866	911843	4	19
IS	399	910810	910794	1	15
IS	400	911365	911339	2	24
IS	401	909719	909697	2	20
IS	402	910251	910219	6	26
IS	403	907646	907623	3	20
IS	404	909092	909067	3	22
IS	405	910200	910173	4	23
IS	406	910827	910807	4	16
IS	407	912892	912876	1	15
IS	408	914348	914325	5	18
IS	409	912862	912847	4	11
IS	410	911024	910998	5	21
IS	411	907120	907103	7	10
IS	412	903312	903291	4	17
IS	413	903846	903828	6	12
IS	414	901598	901581	3	14
IS	415	898905	898887	6	12
IS	416	901713	901695	1	17
IS	417	898774	898755	7	12
IS	418	900749	900719	5	25
IS	419	898238	898195	4	39
IS	420	895629	895563	6	60
IS	421	891655	891619	3	33
IS	422	889259	889226	5	28
IS	423	884111	884082	3	26
IS	424	882875	882853	3	19
IS	425	880118	880096	0	22
IS	426	876518	876500	4	14
IS	427	877651	877634	2	15
IS	428	877404	877383	6	15
IS	429	875980	875968	3	9
IS	430	871237	871222	4	11
IS	431	867758	867737	8	13
IS	432	862013	861996	5	12
IS	433	860504	860486	6	12
IS	434	855432	855414	4	14
IS	435	851416	851397	5	14
IS	436	849274	849263	3	8
IS	437	845976	845962	6	8
IS	438	844451	844431	3	17
IS	439	842189	842177	3	9
IS	440	837850	837834	5	11
IS	441	833078	833067	4	7
IS	442	828124	828113	1	10
IS	443	824537	824527	1	9
IS	444	816096	816082	4	10
IS	445	815166	815146	3	17
IS	446	810697	810684	2	11
IS	447	808133	808120	5	8
IS	448	803674	803652	8	14
IS	449	802730	802716	4	10
IS	450	798085	798068	5	12
IS	451	792942	792924	8	10
IS	452	789051	789044	1	6
IS	453	783079	783070	3	6
IS	454	776743	776728	4	11
IS	455	771895	771873	6	16
IS	456	767334	767323	4	7
IS	457	764356	764340	6	10
IS	458	760812	760802	3	7
IS	459	756971	756946	9	16
IS	460	753504	753496	4	4
IS	461	750733	750725	4	4
IS	462	745021	745006	3	12
IS	463	738751	738736	7	8
IS	464	731992	731975	9	8
IS	465	729269	729256	6	7
IS	466	720008	719999	1	8
IS	467	715371	715358	6	7
IS	468	714699	714686	7	6
IS	469	709270	709253	2	15
IS	470	704323	704314	5	4
IS	471	698821	698812	1	8
IS	472	694047	694038	3	6
IS	473	688763	688747	6	10
IS	474	683033	683021	3	9
IS	475	675823	675814	5	4
IS	476	671704	671697	2	5
IS	477	665522	665509	4	9
IS	478	659009	658995	4	10
IS	479	657746	657732	1	13
IS	480	654174	654159	4	11
IS	481	649648	649634	3	11
IS	482	644917	644905	4	8
IS	483	638679	638669	5	5
IS	484	631482	631463	3	16
IS	485	626649	626626	3	20
IS	486	619901	619869	2	30
IS	487	614954	614911	4	39
IS	488	608686	608659	2	25
IS	489	606085	606068	3	14
IS	490	600723	600704	4	15
IS	491	597145	597131	3	11
IS	492	590332	590321	4	7
IS	493	585722	585707	4	11
IS	494	580732	580718	5	9
IS	495	576213	576199	4	10
IS	496	569332	569313	5	14
IS	497	562950	562927	6	17
IS	498	558621	558611	3	7
IS	499	552446	552433	2	11
IS	500	549405	549397	3	5
IS	501	543519	543514	2	3
IS	502	539452	539443	6	3
IS	503	533840	533828	6	6
IS	504	528156	528150	1	5
IS	505	522016	522009	3	4
IS	506	517597	517589	4	4
IS	507	512067	512059	2	6
IS	508	505208	505195	5	8
IS	509	500568	500559	7	2
IS	510	494683	494673	3	7
IS	511	491296	491285	4	7
IS	512	485110	485100	2	8
IS	513	482880	482868	6	6
IS	514	476978	476973	2	3
IS	515	471188	471180	1	7
IS	516	465724	465707	7	10
IS	517	460760	460751	4	5
IS	518	454018	454009	2	7
IS	519	449379	449371	1	7
IS	520	444531	444520	4	7
IS	521	440450	440439	6	5
IS	522	436157	436144	4	9
IS	523	431329	431315	5	9
IS	524	426690	426681	5	4
IS	525	421655	421638	5	12
IS	526	416113	416099	5	9
IS	527	408638	408623	4	11
IS	528	403140	403133	1	6
IS	529	398232	398226	3	3
IS	530	394073	394068	3	2
IS	531	386285	386279	1	5
IS	532	383351	383344	2	5
IS	533	379723	379712	1	10
IS	534	374541	374529	9	3
IS	535	369563	369555	3	5
IS	536	364083	364068	5	10
IS	537	356762	356758	2	2
IS	538	353767	353755	6	6
IS	539	348660	348654	4	2
IS	540	344257	344251	3	3
IS	541	338921	338908	5	8
IS	542	335510	335502	3	5
IS	543	331271	331264	1	6
IS	544	329300	329291	3	6
IS	545	324300	324285	8	7
IS	546	319568	319561	2	5
IS	547	315695	315684	2	9
IS	548	310297	310286	3	8
IS	549	306392	306381	3	8
IS	550	302050	302043	2	5
IS	551	297974	297964	3	7
IS	552	295900	295894	3	3
IS	553	290084	290073	7	4
IS	554	287035	287025	4	6
IS	555	283935	283925	7	3
IS	556	279580	279568	6	6
IS	557	274084	274071	7	6
IS	558	271284	271276	5	3
IS	559	267800	267788	1	11
IS	560	263352	263339	2	11
IS	561	258904	258894	6	4
IS	562	255523	255512	7	4
IS	563	254072	254068	1	3
IS	564	250612	250603	6	3
IS	565	246870	246859	5	6
IS	566	243433	243422	7	4
IS	567	239005	238996	4	5
IS	568	236344	236336	4	4
IS	569	231786	231778	3	5
IS	570	228259	228248	4	7
IS	571	224825	224811	6	8
IS	572	221258	221250	3	5
IS	573	218846	218836	1	9
IS	574	215890	215881	2	7
IS	575	212676	212673	2	1
IS	576	208578	208573	3	2
IS	577	207804	207791	3	10
IS	578	202405	202399	3	3
IS	579	201279	201276	0	3
IS	580	197544	197537	4	3
IS	581	194613	194607	5	1
IS	582	191261	191248	7	6
IS	583	188449	188445	4	0
IS	584	184776	184768	7	1
IS	585	183247	183237	5	5
IS	586	180622	180615	3	4
IS	587	176913	176906	2	5
IS	588	173391	173385	1	5
IS	589	171642	171637	2	3
IS	590	168650	168646	2	2
IS	591	165876	165868	4	4
IS	592	163516	163506	6	4
IS	593	160808	160797	4	7
IS	594	157542	157538	0	4
IS	595	155585	155581	2	2
IS	596	152902	152897	3	2
IS	597	149950	149945	3	2
IS	598	148219	148214	3	2
IS	599	145106	145097	3	6
IS	600	142324	142318	4	2
IS	601	139661	139650	0	11
IS	602	138341	138339	0	2
IS	603	135819	135805	9	5
IS	604	132626	132620	3	3
IS	605	131963	131958	2	3
IS	606	129339	129333	2	4
IS	607	127393	127388	1	4
IS	608	125037	125028	3	6
IS	609	122829	122825	3	1
IS	610	120737	120730	2	5
IS	611	119080	119076	3	1
IS	612	117644	117639	2	3
IS	613	114809	114804	1	4
IS	614	114441	114434	4	3
IS	615	110952	110947	1	4
IS	616	109348	109338	4	6
IS	617	107657	107646	4	7
IS	618	105783	105770	4	9
IS	619	104712	104705	2	5
IS	620	102739	102733	2	4
IS	621	101690	101678	3	9
IS	622	99780	99772	0	8
IS	623	97165	97157	1	7
IS	624	96386	96379	1	6
IS	625	94390	94380	3	7
IS	626	93204	93198	2	4
IS	627	91197	91186	4	7
IS	628	89567	89552	9	6
IS	629	88799	88795	0	4
IS	630	87503	87494	4	5
IS	631	85545	85540	1	4
IS	632	83366	83359	1	6
IS	633	83004	82993	5	6
IS	634	80955	80950	3	2
IS	635	79532	79522	3	7
IS	636	78023	78016	1	6
IS	637	77137	77130	4	3
IS	638	75774	75769	3	2
IS	639	74792	74782	4	6
IS	640	73188	73182	4	2
IS	641	71846	71836	3	7
IS	642	70645	70638	3	4
IS	643	69400	69394	2	4
IS	644	68179	68166	7	6
IS	645	67060	67054	1	5
IS	646	66024	66021	1	2
IS	647	64797	64787	4	6
IS	648	63605	63597	5	3
IS	649	62617	62605	5	7
IS	650	61303	61299	0	4
IS	651	60396	60389	7	0
IS	652	59476	59473	2	1
IS	653	58075	58071	3	1
IS	654	57212	57194	7	11
IS	655	56296	56287	3	6
IS	656	55284	55281	1	2
IS	657	54435	54427	3	5
IS	658	54077	54071	2	4
IS	659	52898	52891	3	4
IS	660	51805	51799	3	3
IS	661	50975	50966	3	6
IS	662	50480	50471	6	3
IS	663	49128	49121	2	5
IS	664	48466	48457	4	5
IS	665	47463	47451	6	6
IS	666	46804	46794	5	5
IS	667	46336	46328	5	3
IS	668	45338	45328	5	5
IS	669	44416	44402	8	6
IS	670	43671	43660	4	7
IS	671	43203	43199	1	3
IS	672	42521	42516	2	3
IS	673	41502	41496	2	4
IS	674	40971	40966	0	5
IS	675	40080	40069	4	7
IS	676	39156	39149	2	5
IS	677	38650	38639	5	6
IS	678	38421	38414	3	4
IS	679	37214	37205	2	7
IS	680	36715	36712	2	1
IS	681	36398	36392	3	3
IS	682	36028	36019	4	5
IS	683	35044	35042	2	0
IS	684	34331	34323	0	8
IS	685	33494	33488	3	3
IS	686	32859	32854	1	4
IS	687	32629	32624	2	3
IS	688	32114	32108	3	3
IS	689	31955	31947	3	5
IS	690	31231	31226	3	2
IS	691	30555	30549	5	1
IS	692	29937	29931	2	4
IS	693	29315	29308	2	5
IS	694	28999	28992	3	4
IS	695	28138	28135	1	2
IS	696	28164	28157	7	0
IS	697	27292	27286	4	2
IS	698	27379	27373	3	3
IS	699	26467	26460	3	4
IS	700	26212	26206	1	5
IS	701	25906	25896	3	7
IS	702	25361	25356	1	4
IS	703	25022	25015	1	6
IS	704	24815	24805	3	7
IS	705	24247	24237	3	7
IS	706	23648	23640	2	6
# Read lengths. Use `grep ^RL | cut -f 2-` to extract this part. The columns are: read length, count
RL	141	84951310
RL	150	313351991
# Read lengths - first fragments. Use `grep ^FRL | cut -f 2-` to extract this part. The columns are: read length, count
FRL	150	199149899
# Read lengths - last fragments. Use `grep ^LRL | cut -f 2-` to extract this part. The columns are: read length, count
LRL	141	84951310
LRL	150	114202092
# Mapping qualities for reads !(UNMAP|SECOND|SUPPL|QCFAIL|DUP). Use `grep ^MAPQ | cut -f 2-` to extract this part. The columns are: mapq, count
MAPQ	0	38500422
MAPQ	1	299267
MAPQ	2	226964
MAPQ	3	299020
MAPQ	4	236492
MAPQ	5	227384
MAPQ	6	277367
MAPQ	7	298589
MAPQ	8	352314
MAPQ	9	335301
MAPQ	10	262623
MAPQ	11	262170
MAPQ	12	528785
MAPQ	13	530040
MAPQ	14	442454
MAPQ	15	380946
MAPQ	16	243544
MAPQ	17	272043
MAPQ	18	209809
MAPQ	19	238063
MAPQ	20	237276
MAPQ	21	226671
MAPQ	22	266247
MAPQ	23	159260
MAPQ	24	294949
MAPQ	25	374832
MAPQ	26	70349
MAPQ	27	788037
MAPQ	28	76577
MAPQ	29	69670
MAPQ	30	200018
MAPQ	31	113091
MAPQ	32	121539
MAPQ	33	156195
MAPQ	34	86554
MAPQ	35	85552
MAPQ	36	114796
MAPQ	37	136089
MAPQ	38	75414
MAPQ	39	284147
MAPQ	40	6091874
MAPQ	41	309397
MAPQ	42	213192
MAPQ	43	439849
MAPQ	44	334588
MAPQ	45	549693
MAPQ	46	636555
MAPQ	47	310433
MAPQ	48	1467087
MAPQ	49	129993
MAPQ	50	256734
MAPQ	51	139333
MAPQ	52	313603
MAPQ	53	91620
MAPQ	54	139992
MAPQ	55	129296
MAPQ	56	123039
MAPQ	57	496363
MAPQ	58	178410
MAPQ	59	318152
MAPQ	60	336252294
# Indel distribution. Use `grep ^ID | cut -f 2-` to extract this part. The columns are: length, number of insertions, number of deletions
ID	1	4734340	4745396
ID	2	1378029	1344159
ID	3	594393	577391
ID	4	502028	478995
ID	5	216869	204011
ID	6	192165	193527
ID	7	86172	87213
ID	8	91466	95540
ID	9	57325	59957
ID	10	55948	64521
ID	11	27855	47798
ID	12	45921	46105
ID	13	21440	23109
ID	14	23162	26147
ID	15	13027	17009
ID	16	18092	20972
ID	17	9511	9936
ID	18	11548	14028
ID	19	7074	7975
ID	20	7382	10523
ID	21	5263	6951
ID	22	6014	16312
ID	23	5156	22666
ID	24	4157	6431
ID	25	2723	3634
ID	26	2801	3920
ID	27	1786	2613
ID	28	2099	3545
ID	29	1384	2023
ID	30	1336	2459
ID	31	830	1539
ID	32	787	1686
ID	33	586	1133
ID	34	907	1214
ID	35	429	914
ID	36	395	830
ID	37	224	727
ID	38	234	682
ID	39	172	468
ID	40	164	750
ID	41	100	364
ID	42	57	369
ID	43	32	393
ID	44	47	513
ID	45	11	955
ID	46	2	1034
ID	47	2	244
ID	48	0	171
ID	49	0	133
ID	50	0	133
ID	51	0	111
ID	52	0	119
ID	53	0	74
ID	54	0	78
ID	55	0	72
ID	56	0	57
ID	57	0	58
ID	58	0	39
ID	59	0	28
ID	60	0	38
ID	61	0	24
ID	62	0	28
ID	63	0	17
ID	64	0	14
ID	65	0	10
ID	66	0	3
ID	67	0	1
ID	68	0	4
ID	69	0	3
ID	70	0	1
# Indels per cycle. Use `grep ^IC | cut -f 2-` to extract this part. The columns are: cycle, number of insertions (fwd), .. (rev) , number of deletions (fwd), .. (rev)
IC	1	4	2	2	3
IC	2	0	1	2	4
IC	3	1	1	10310	10546
IC	4	10635	10898	13187	13524
IC	5	13681	14152	14681	15239
IC	6	15390	15542	15993	16217
IC	7	16871	17147	17631	17818
IC	8	18311	18262	20021	20703
IC	9	19691	20176	21624	21860
IC	10	21166	21219	22709	22655
IC	11	22319	22286	23125	23503
IC	12	23392	23115	24005	24154
IC	13	23934	23959	25085	25101
IC	14	24965	25502	25521	25765
IC	15	26172	26304	26341	26683
IC	16	27985	27574	27003	27308
IC	17	29396	28705	27401	27742
IC	18	28595	28713	28412	28535
IC	19	28590	29154	28973	29371
IC	20	29665	29794	29091	29587
IC	21	29855	30472	29900	29902
IC	22	29944	31127	30250	30537
IC	23	30479	31138	30728	30780
IC	24	30530	32038	30672	30868
IC	25	30768	31815	30780	30960
IC	26	31343	32251	31027	31235
IC	27	31073	32409	31168	30953
IC	28	31428	32947	30990	31213
IC	29	31587	33519	31205	31309
IC	30	31388	33192	31092	31426
IC	31	31496	33444	31115	31516
IC	32	31030	32865	31083	31000
IC	33	31155	33114	31371	31359
IC	34	31399	33244	31000	31389
IC	35	31464	32985	31351	31575
IC	36	31446	33550	32094	31466
IC	37	31615	32927	31441	31288
IC	38	31413	33195	31966	31529
IC	39	31307	33250	31808	31570
IC	40	31937	33436	31708	31699
IC	41	31729	33547	31244	31645
IC	42	31497	33459	31900	31706
IC	43	31575	33609	31814	31685
IC	44	31556	33857	31666	31333
IC	45	31415	33612	31491	31821
IC	46	31598	34045	31894	31430
IC	47	31663	33906	31964	31292
IC	48	31646	33759	31773	31547
IC	49	31594	33395	31964	31835
IC	50	31282	33420	32015	31707
IC	51	31582	33442	31837	31477
IC	52	31466	33590	31577	31542
IC	53	31549	33674	31758	31721
IC	54	31467	33891	32124	31747
IC	55	31686	33585	31585	31985
IC	56	31427	33647	31843	31626
IC	57	31378	33831	31793	31463
IC	58	31281	33371	31913	31357
IC	59	31429	33795	31759	31439
IC	60	31245	33747	31870	31485
IC	61	31644	33425	31970	31661
IC	62	31445	33725	30979	31438
IC	63	31489	34071	31487	31406
IC	64	31287	33579	31724	31286
IC	65	31058	33290	31705	31470
IC	66	31312	33417	31726	31064
IC	67	31210	33448	31627	31535
IC	68	31368	33595	31703	31245
IC	69	31359	33495	32288	31402
IC	70	31308	33620	32153	31505
IC	71	31329	33289	32052	31240
IC	72	31452	33856	32021	31514
IC	73	30921	33979	31772	31310
IC	74	31228	33553	31694	31183
IC	75	30951	33161	31412	31410
IC	76	31052	33531	31630	31152
IC	77	31225	33186	31836	31386
IC	78	31012	33254	31355	31403
IC	79	31019	33214	31661	31074
IC	80	31215	33331	31640	31048
IC	81	31432	33475	31598	30992
IC	82	30719	32985	31507	30999
IC	83	31251	33255	32087	31370
IC	84	30876	33064	31501	31307
IC	85	31099	32927	31347	30938
IC	86	30919	33127	31927	30742
IC	87	30617	33242	31586	31055
IC	88	30694	33375	31140	30877
IC	89	30917	32473	31510	30803
IC	90	30778	32643	31109	30553
IC	91	30236	32658	31328	30756
IC	92	30462	32418	31353	30642
IC	93	30272	32437	31517	30700
IC	94	30429	32527	31222	30615
IC	95	30730	32310	31414	30645
IC	96	30003	32038	31395	30693
IC	97	30029	32154	31154	30260
IC	98	30547	31577	30980	30519
IC	99	30245	32014	31126	30350
IC	100	29931	31915	30801	30484
IC	101	29774	31870	30997	30191
IC	102	29706	31545	31190	30113
IC	103	29735	31255	30467	30129
IC	104	29473	31132	30897	30128
IC	105	29386	31234	30995	30481
IC	106	29815	30762	30974	29879
IC	107	29989	30870	30602	29449
IC	108	29208	30784	30489	29664
IC	109	29512	30433	30467	29540
IC	110	29211	30156	30509	29792
IC	111	29323	29870	30530	29593
IC	112	29216	29947	30309	29023
IC	113	28789	29452	30252	29180
IC	114	28864	29115	29720	28986
IC	115	28550	28935	30069	28995
IC	116	28462	28631	29747	28433
IC	117	28089	28484	29891	28438
IC	118	28436	28331	29476	28470
IC	119	27864	27725	29675	28497
IC	120	27860	27305	29622	27987
IC	121	28101	27211	29192	28167
IC	122	27639	26674	29281	27338
IC	123	27089	26334	28712	27050
IC	124	26995	25626	28733	26541
IC	125	26888	25341	28452	26244
IC	126	26513	24602	27903	25989
IC	127	26267	24231	27834	25854
IC	128	26032	23733	27599	24905
IC	129	25618	23473	27496	24405
IC	130	24963	22837	26966	23928
IC	131	24707	21719	26504	23420
IC	132	24422	21148	26096	22878
IC	133	23463	20122	25496	22256
IC	134	22787	19255	25222	20948
IC	135	22301	18143	24197	20502
IC	136	21864	17608	23382	19554
IC	137	20823	16393	23067	18639
IC	138	19724	15860	22276	16349
IC	139	19052	11124	21324	11846
IC	140	18109	10233	20650	11594
IC	141	17069	9924	19844	11073
IC	142	15855	9141	18755	10484
IC	143	14221	7948	16631	9250
IC	144	12842	7090	16331	9233
IC	145	12081	6832	15053	8521
IC	146	10085	5970	13456	7771
IC	147	10351	6119	9556	5850
IC	149	1	0	0	0
# Coverage distribution. Use `grep ^COV | cut -f 2-` to extract this part.
COV	[1-1]	1	8334412
COV	[2-2]	2	8411957
COV	[3-3]	3	10319181
COV	[4-4]	4	13504287
COV	[5-5]	5	17532061
COV	[6-6]	6	22245828
COV	[7-7]	7	27701823
COV	[8-8]	8	34177358
COV	[9-9]	9	42372143
COV	[10-10]	10	52961768
COV	[11-11]	11	66234472
COV	[12-12]	12	82126633
COV	[13-13]	13	99978917
COV	[14-14]	14	118555538
COV	[15-15]	15	136401524
COV	[16-16]	16	152023320
COV	[17-17]	17	163878036
COV	[18-18]	18	171255321
COV	[19-19]	19	173484582
COV	[20-20]	20	170701947
COV	[21-21]	21	163222017
COV	[22-22]	22	152171171
COV	[23-23]	23	138342462
COV	[24-24]	24	122899807
COV	[25-25]	25	106829746
COV	[26-26]	26	91063708
COV	[27-27]	27	76158216
COV	[28-28]	28	62600115
COV	[29-29]	29	50565764
COV	[30-30]	30	40240125
COV	[31-31]	31	31617514
COV	[32-32]	32	24526866
COV	[33-33]	33	18797700
COV	[34-34]	34	14264550
COV	[35-35]	35	10752941
COV	[36-36]	36	8041090
COV	[37-37]	37	5989220
COV	[38-38]	38	4447641
COV	[39-39]	39	3311146
COV	[40-40]	40	2468879
COV	[41-41]	41	1855619
COV	[42-42]	42	1415115
COV	[43-43]	43	1096740
COV	[44-44]	44	861113
COV	[45-45]	45	693636
COV	[46-46]	46	572171
COV	[47-47]	47	484003
COV	[48-48]	48	417987
COV	[49-49]	49	364979
COV	[50-50]	50	326378
COV	[51-51]	51	292408
COV	[52-52]	52	266667
COV	[53-53]	53	244698
COV	[54-54]	54	226985
COV	[55-55]	55	210785
COV	[56-56]	56	194908
COV	[57-57]	57	180572
COV	[58-58]	58	169583
COV	[59-59]	59	159647
COV	[60-60]	60	150690
COV	[61-61]	61	142037
COV	[62-62]	62	135025
COV	[63-63]	63	126387
COV	[64-64]	64	120423
COV	[65-65]	65	113924
COV	[66-66]	66	108834
COV	[67-67]	67	104394
COV	[68-68]	68	98948
COV	[69-69]	69	94568
COV	[70-70]	70	90830
COV	[71-71]	71	87259
COV	[72-72]	72	84705
COV	[73-73]	73	80898
COV	[74-74]	74	78004
COV	[75-75]	75	75131
COV	[76-76]	76	72687
COV	[77-77]	77	69447
COV	[78-78]	78	67570
COV	[79-79]	79	66384
COV	[80-80]	80	64466
COV	[81-81]	81	63475
COV	[82-82]	82	61990
COV	[83-83]	83	60594
COV	[84-84]	84	59117
COV	[85-85]	85	56634
COV	[86-86]	86	55697
COV	[87-87]	87	53927
COV	[88-88]	88	52855
COV	[89-89]	89	51494
COV	[90-90]	90	50574
COV	[91-91]	91	48947
COV	[92-92]	92	48282
COV	[93-93]	93	46846
COV	[94-94]	94	45922
COV	[95-95]	95	45118
COV	[96-96]	96	44054
COV	[97-97]	97	42380
COV	[98-98]	98	41528
COV	[99-99]	99	40440
COV	[100-100]	100	40651
COV	[101-101]	101	39614
COV	[102-102]	102	39095
COV	[103-103]	103	38546
COV	[104-104]	104	37301
COV	[105-105]	105	37199
COV	[106-106]	106	36659
COV	[107-107]	107	35573
COV	[108-108]	108	34677
COV	[109-109]	109	34557
COV	[110-110]	110	33676
COV	[111-111]	111	33265
COV	[112-112]	112	32671
COV	[113-113]	113	31771
COV	[114-114]	114	31101
COV	[115-115]	115	30904
COV	[116-116]	116	30679
COV	[117-117]	117	29647
COV	[118-118]	118	29186
COV	[119-119]	119	28329
COV	[120-120]	120	27887
COV	[121-121]	121	27058
COV	[122-122]	122	26504
COV	[123-123]	123	26155
COV	[124-124]	124	25706
COV	[125-125]	125	25365
COV	[126-126]	126	24761
COV	[127-127]	127	24294
COV	[128-128]	128	23832
COV	[129-129]	129	23548
COV	[130-130]	130	22986
COV	[131-131]	131	22662
COV	[132-132]	132	22340
COV	[133-133]	133	21856
COV	[134-134]	134	21346
COV	[135-135]	135	21177
COV	[136-136]	136	20739
COV	[137-137]	137	20467
COV	[138-138]	138	19992
COV	[139-139]	139	19679
COV	[140-140]	140	19500
COV	[141-141]	141	19169
COV	[142-142]	142	18873
COV	[143-143]	143	18633
COV	[144-144]	144	18139
COV	[145-145]	145	17966
COV	[146-146]	146	17713
COV	[147-147]	147	17676
COV	[148-148]	148	17283
COV	[149-149]	149	16901
COV	[150-150]	150	16616
COV	[151-151]	151	16786
COV	[152-152]	152	16416
COV	[153-153]	153	15971
COV	[154-154]	154	15715
COV	[155-155]	155	15496
COV	[156-156]	156	15350
COV	[157-157]	157	15064
COV	[158-158]	158	14793
COV	[159-159]	159	14805
COV	[160-160]	160	14377
COV	[161-161]	161	14112
COV	[162-162]	162	14023
COV	[163-163]	163	13628
COV	[164-164]	164	13836
COV	[165-165]	165	13691
COV	[166-166]	166	13597
COV	[167-167]	167	13340
COV	[168-168]	168	13103
COV	[169-169]	169	12759
COV	[170-170]	170	12774
COV	[171-171]	171	12683
COV	[172-172]	172	12121
COV	[173-173]	173	12166
COV	[174-174]	174	12242
COV	[175-175]	175	11880
COV	[176-176]	176	11793
COV	[177-177]	177	11551
COV	[178-178]	178	11443
COV	[179-179]	179	11269
COV	[180-180]	180	11094
COV	[181-181]	181	10974
COV	[182-182]	182	10845
COV	[183-183]	183	10694
COV	[184-184]	184	10690
COV	[185-185]	185	10386
COV	[186-186]	186	10508
COV	[187-187]	187	10415
COV	[188-188]	188	10283
COV	[189-189]	189	10466
COV	[190-190]	190	10588
COV	[191-191]	191	10471
COV	[192-192]	192	10432
COV	[193-193]	193	10299
COV	[194-194]	194	10237
COV	[195-195]	195	10096
COV	[196-196]	196	10022
COV	[197-197]	197	10104
COV	[198-198]	198	10126
COV	[199-199]	199	10077
COV	[200-200]	200	9772
COV	[201-201]	201	9930
COV	[202-202]	202	9892
COV	[203-203]	203	9791
COV	[204-204]	204	9719
COV	[205-205]	205	9597
COV	[206-206]	206	9689
COV	[207-207]	207	9554
COV	[208-208]	208	9666
COV	[209-209]	209	9578
COV	[210-210]	210	9400
COV	[211-211]	211	9160
COV	[212-212]	212	9311
COV	[213-213]	213	9395
COV	[214-214]	214	9269
COV	[215-215]	215	8893
COV	[216-216]	216	8812
COV	[217-217]	217	8953
COV	[218-218]	218	8673
COV	[219-219]	219	8756
COV	[220-220]	220	8737
COV	[221-221]	221	8782
COV	[222-222]	222	8809
COV	[223-223]	223	8698
COV	[224-224]	224	8740
COV	[225-225]	225	8790
COV	[226-226]	226	8567
COV	[227-227]	227	8531
COV	[228-228]	228	8695
COV	[229-229]	229	8598
COV	[230-230]	230	8623
COV	[231-231]	231	8517
COV	[232-232]	232	8401
COV	[233-233]	233	8572
COV	[234-234]	234	8229
COV	[235-235]	235	8480
COV	[236-236]	236	8303
COV	[237-237]	237	8324
COV	[238-238]	238	8275
COV	[239-239]	239	8351
COV	[240-240]	240	8138
COV	[241-241]	241	8294
COV	[242-242]	242	8189
COV	[243-243]	243	8072
COV	[244-244]	244	8075
COV	[245-245]	245	8118
COV	[246-246]	246	8126
COV	[247-247]	247	8149
COV	[248-248]	248	8118
COV	[249-249]	249	7930
COV	[250-250]	250	8082
COV	[251-251]	251	7674
COV	[252-252]	252	7640
COV	[253-253]	253	7595
COV	[254-254]	254	7469
COV	[255-255]	255	7403
COV	[256-256]	256	7257
COV	[257-257]	257	7390
COV	[258-258]	258	7535
COV	[259-259]	259	7500
COV	[260-260]	260	7287
COV	[261-261]	261	7391
COV	[262-262]	262	7383
COV	[263-263]	263	7335
COV	[264-264]	264	7235
COV	[265-265]	265	7053
COV	[266-266]	266	7004
COV	[267-267]	267	6992
COV	[268-268]	268	7182
COV	[269-269]	269	7089
COV	[270-270]	270	7106
COV	[271-271]	271	7071
COV	[272-272]	272	7042
COV	[273-273]	273	6975
COV	[274-274]	274	6805
COV	[275-275]	275	6995
COV	[276-276]	276	6940
COV	[277-277]	277	7002
COV	[278-278]	278	6871
COV	[279-279]	279	6967
COV	[280-280]	280	6727
COV	[281-281]	281	6769
COV	[282-282]	282	6604
COV	[283-283]	283	6640
COV	[284-284]	284	6572
COV	[285-285]	285	6476
COV	[286-286]	286	6400
COV	[287-287]	287	6388
COV	[288-288]	288	6181
COV	[289-289]	289	6255
COV	[290-290]	290	6036
COV	[291-291]	291	6033
COV	[292-292]	292	5908
COV	[293-293]	293	6174
COV	[294-294]	294	6064
COV	[295-295]	295	5979
COV	[296-296]	296	5886
COV	[297-297]	297	5879
COV	[298-298]	298	5940
COV	[299-299]	299	5896
COV	[300-300]	300	6004
COV	[301-301]	301	5792
COV	[302-302]	302	5829
COV	[303-303]	303	5725
COV	[304-304]	304	5733
COV	[305-305]	305	5600
COV	[306-306]	306	5657
COV	[307-307]	307	5697
COV	[308-308]	308	5613
COV	[309-309]	309	5432
COV	[310-310]	310	5520
COV	[311-311]	311	5590
COV	[312-312]	312	5478
COV	[313-313]	313	5365
COV	[314-314]	314	5373
COV	[315-315]	315	5435
COV	[316-316]	316	5503
COV	[317-317]	317	5357
COV	[318-318]	318	5300
COV	[319-319]	319	5278
COV	[320-320]	320	5270
COV	[321-321]	321	5201
COV	[322-322]	322	5003
COV	[323-323]	323	4993
COV	[324-324]	324	5086
COV	[325-325]	325	4989
COV	[326-326]	326	4895
COV	[327-327]	327	5043
COV	[328-328]	328	5023
COV	[329-329]	329	4906
COV	[330-330]	330	4899
COV	[331-331]	331	4970
COV	[332-332]	332	4788
COV	[333-333]	333	4760
COV	[334-334]	334	4817
COV	[335-335]	335	4865
COV	[336-336]	336	4712
COV	[337-337]	337	4720
COV	[338-338]	338	4735
COV	[339-339]	339	4872
COV	[340-340]	340	4805
COV	[341-341]	341	4789
COV	[342-342]	342	4891
COV	[343-343]	343	4815
COV	[344-344]	344	4958
COV	[345-345]	345	4807
COV	[346-346]	346	4895
COV	[347-347]	347	4959
COV	[348-348]	348	4943
COV	[349-349]	349	4857
COV	[350-350]	350	4876
COV	[351-351]	351	5002
COV	[352-352]	352	4734
COV	[353-353]	353	4823
COV	[354-354]	354	4697
COV	[355-355]	355	4741
COV	[356-356]	356	4889
COV	[357-357]	357	4768
COV	[358-358]	358	4715
COV	[359-359]	359	4865
COV	[360-360]	360	4671
COV	[361-361]	361	4689
COV	[362-362]	362	4548
COV	[363-363]	363	4655
COV	[364-364]	364	4651
COV	[365-365]	365	4581
COV	[366-366]	366	4659
COV	[367-367]	367	4667
COV	[368-368]	368	4461
COV	[369-369]	369	4513
COV	[370-370]	370	4565
COV	[371-371]	371	4414
COV	[372-372]	372	4434
COV	[373-373]	373	4582
COV	[374-374]	374	4493
COV	[375-375]	375	4366
COV	[376-376]	376	4474
COV	[377-377]	377	4411
COV	[378-378]	378	4344
COV	[379-379]	379	4418
COV	[380-380]	380	4572
COV	[381-381]	381	4473
COV	[382-382]	382	4441
COV	[383-383]	383	4535
COV	[384-384]	384	4315
COV	[385-385]	385	4315
COV	[386-386]	386	4402
COV	[387-387]	387	4285
COV	[388-388]	388	4429
COV	[389-389]	389	4385
COV	[390-390]	390	4327
COV	[391-391]	391	4397
COV	[392-392]	392	4434
COV	[393-393]	393	4329
COV	[394-394]	394	4381
COV	[395-395]	395	4284
COV	[396-396]	396	4309
COV	[397-397]	397	4313
COV	[398-398]	398	4318
COV	[399-399]	399	4186
COV	[400-400]	400	4177
COV	[401-401]	401	4236
COV	[402-402]	402	4252
COV	[403-403]	403	4141
COV	[404-404]	404	4158
COV	[405-405]	405	4145
COV	[406-406]	406	4082
COV	[407-407]	407	4261
COV	[408-408]	408	4062
COV	[409-409]	409	4073
COV	[410-410]	410	4058
COV	[411-411]	411	3971
COV	[412-412]	412	4000
COV	[413-413]	413	4009
COV	[414-414]	414	4021
COV	[415-415]	415	3977
COV	[416-416]	416	3974
COV	[417-417]	417	3954
COV	[418-418]	418	4041
COV	[419-419]	419	4054
COV	[420-420]	420	3885
COV	[421-421]	421	3821
COV	[422-422]	422	3869
COV	[423-423]	423	3772
COV	[424-424]	424	3863
COV	[425-425]	425	3710
COV	[426-426]	426	3714
COV	[427-427]	427	3753
COV	[428-428]	428	3718
COV	[429-429]	429	3706
COV	[430-430]	430	3572
COV	[431-431]	431	3685
COV	[432-432]	432	3524
COV	[433-433]	433	3629
COV	[434-434]	434	3706
COV	[435-435]	435	3567
COV	[436-436]	436	3539
COV	[437-437]	437	3570
COV	[438-438]	438	3419
COV	[439-439]	439	3394
COV	[440-440]	440	3540
COV	[441-441]	441	3474
COV	[442-442]	442	3489
COV	[443-443]	443	3557
COV	[444-444]	444	3377
COV	[445-445]	445	3244
COV	[446-446]	446	3324
COV	[447-447]	447	3226
COV	[448-448]	448	3274
COV	[449-449]	449	3220
COV	[450-450]	450	3269
COV	[451-451]	451	3144
COV	[452-452]	452	3276
COV	[453-453]	453	3169
COV	[454-454]	454	3172
COV	[455-455]	455	3235
COV	[456-456]	456	3168
COV	[457-457]	457	3194
COV	[458-458]	458	3079
COV	[459-459]	459	3116
COV	[460-460]	460	3000
COV	[461-461]	461	2984
COV	[462-462]	462	3010
COV	[463-463]	463	2957
COV	[464-464]	464	3005
COV	[465-465]	465	3057
COV	[466-466]	466	2901
COV	[467-467]	467	2917
COV	[468-468]	468	2966
COV	[469-469]	469	2853
COV	[470-470]	470	2909
COV	[471-471]	471	2955
COV	[472-472]	472	2891
COV	[473-473]	473	3019
COV	[474-474]	474	3097
COV	[475-475]	475	2977
COV	[476-476]	476	2914
COV	[477-477]	477	2887
COV	[478-478]	478	2929
COV	[479-479]	479	2958
COV	[480-480]	480	2843
COV	[481-481]	481	2903
COV	[482-482]	482	2804
COV	[483-483]	483	2804
COV	[484-484]	484	2894
COV	[485-485]	485	2792
COV	[486-486]	486	2752
COV	[487-487]	487	2650
COV	[488-488]	488	2729
COV	[489-489]	489	2740
COV	[490-490]	490	2816
COV	[491-491]	491	2819
COV	[492-492]	492	2768
COV	[493-493]	493	2735
COV	[494-494]	494	2773
COV	[495-495]	495	2651
COV	[496-496]	496	2783
COV	[497-497]	497	2732
COV	[498-498]	498	2752
COV	[499-499]	499	2712
COV	[500-500]	500	2651
COV	[501-501]	501	2749
COV	[502-502]	502	2670
COV	[503-503]	503	2834
COV	[504-504]	504	2763
COV	[505-505]	505	2718
COV	[506-506]	506	2779
COV	[507-507]	507	2790
COV	[508-508]	508	2674
COV	[509-509]	509	2790
COV	[510-510]	510	2704
COV	[511-511]	511	2723
COV	[512-512]	512	2706
COV	[513-513]	513	2609
COV	[514-514]	514	2752
COV	[515-515]	515	2782
COV	[516-516]	516	2593
COV	[517-517]	517	2687
COV	[518-518]	518	2576
COV	[519-519]	519	2719
COV	[520-520]	520	2578
COV	[521-521]	521	2574
COV	[522-522]	522	2534
COV	[523-523]	523	2564
COV	[524-524]	524	2553
COV	[525-525]	525	2584
COV	[526-526]	526	2357
COV	[527-527]	527	2492
COV	[528-528]	528	2387
COV	[529-529]	529	2478
COV	[530-530]	530	2470
COV	[531-531]	531	2458
COV	[532-532]	532	2457
COV	[533-533]	533	2419
COV	[534-534]	534	2499
COV	[535-535]	535	2582
COV	[536-536]	536	2490
COV	[537-537]	537	2432
COV	[538-538]	538	2462
COV	[539-539]	539	2454
COV	[540-540]	540	2496
COV	[541-541]	541	2358
COV	[542-542]	542	2403
COV	[543-543]	543	2400
COV	[544-544]	544	2349
COV	[545-545]	545	2406
COV	[546-546]	546	2388
COV	[547-547]	547	2420
COV	[548-548]	548	2358
COV	[549-549]	549	2384
COV	[550-550]	550	2521
COV	[551-551]	551	2347
COV	[552-552]	552	2438
COV	[553-553]	553	2405
COV	[554-554]	554	2350
COV	[555-555]	555	2323
COV	[556-556]	556	2318
COV	[557-557]	557	2312
COV	[558-558]	558	2359
COV	[559-559]	559	2375
COV	[560-560]	560	2398
COV	[561-561]	561	2367
COV	[562-562]	562	2405
COV	[563-563]	563	2422
COV	[564-564]	564	2466
COV	[565-565]	565	2341
COV	[566-566]	566	2361
COV	[567-567]	567	2436
COV	[568-568]	568	2480
COV	[569-569]	569	2397
COV	[570-570]	570	2425
COV	[571-571]	571	2412
COV	[572-572]	572	2451
COV	[573-573]	573	2387
COV	[574-574]	574	2370
COV	[575-575]	575	2367
COV	[576-576]	576	2296
COV	[577-577]	577	2294
COV	[578-578]	578	2458
COV	[579-579]	579	2280
COV	[580-580]	580	2340
COV	[581-581]	581	2355
COV	[582-582]	582	2420
COV	[583-583]	583	2371
COV	[584-584]	584	2409
COV	[585-585]	585	2381
COV	[586-586]	586	2310
COV	[587-587]	587	2295
COV	[588-588]	588	2321
COV	[589-589]	589	2241
COV	[590-590]	590	2383
COV	[591-591]	591	2273
COV	[592-592]	592	2218
COV	[593-593]	593	2303
COV	[594-594]	594	2347
COV	[595-595]	595	2334
COV	[596-596]	596	2354
COV	[597-597]	597	2377
COV	[598-598]	598	2322
COV	[599-599]	599	2358
COV	[600-600]	600	2435
COV	[601-601]	601	2354
COV	[602-602]	602	2329
COV	[603-603]	603	2316
COV	[604-604]	604	2153
COV	[605-605]	605	2314
COV	[606-606]	606	2241
COV	[607-607]	607	2220
COV	[608-608]	608	2205
COV	[609-609]	609	2286
COV	[610-610]	610	2233
COV	[611-611]	611	2196
COV	[612-612]	612	2235
COV	[613-613]	613	2240
COV	[614-614]	614	2267
COV	[615-615]	615	2229
COV	[616-616]	616	2130
COV	[617-617]	617	2184
COV	[618-618]	618	2115
COV	[619-619]	619	2164
COV	[620-620]	620	2241
COV	[621-621]	621	2160
COV	[622-622]	622	2208
COV	[623-623]	623	2163
COV	[624-624]	624	2197
COV	[625-625]	625	2166
COV	[626-626]	626	2140
COV	[627-627]	627	2036
COV	[628-628]	628	2106
COV	[629-629]	629	2196
COV	[630-630]	630	2068
COV	[631-631]	631	2110
COV	[632-632]	632	2094
COV	[633-633]	633	2088
COV	[634-634]	634	2104
COV	[635-635]	635	2141
COV	[636-636]	636	2009
COV	[637-637]	637	2068
COV	[638-638]	638	2012
COV	[639-639]	639	2069
COV	[640-640]	640	2112
COV	[641-641]	641	1979
COV	[642-642]	642	2097
COV	[643-643]	643	2067
COV	[644-644]	644	2065
COV	[645-645]	645	2039
COV	[646-646]	646	2070
COV	[647-647]	647	2102
COV	[648-648]	648	2184
COV	[649-649]	649	2116
COV	[650-650]	650	2223
COV	[651-651]	651	2052
COV	[652-652]	652	2098
COV	[653-653]	653	2034
COV	[654-654]	654	2102
COV	[655-655]	655	2154
COV	[656-656]	656	2096
COV	[657-657]	657	2144
COV	[658-658]	658	2211
COV	[659-659]	659	2085
COV	[660-660]	660	2037
COV	[661-661]	661	2111
COV	[662-662]	662	2161
COV	[663-663]	663	2023
COV	[664-664]	664	1954
COV	[665-665]	665	2006
COV	[666-666]	666	2076
COV	[667-667]	667	1938
COV	[668-668]	668	1967
COV	[669-669]	669	1900
COV	[670-670]	670	1909
COV	[671-671]	671	1872
COV	[672-672]	672	1830
COV	[673-673]	673	1862
COV	[674-674]	674	1927
COV	[675-675]	675	1873
COV	[676-676]	676	1828
COV	[677-677]	677	1855
COV	[678-678]	678	1886
COV	[679-679]	679	1850
COV	[680-680]	680	1916
COV	[681-681]	681	1864
COV	[682-682]	682	1797
COV	[683-683]	683	1805
COV	[684-684]	684	1840
COV	[685-685]	685	1755
COV	[686-686]	686	1794
COV	[687-687]	687	1834
COV	[688-688]	688	1802
COV	[689-689]	689	1834
COV	[690-690]	690	1755
COV	[691-691]	691	1913
COV	[692-692]	692	1785
COV	[693-693]	693	1874
COV	[694-694]	694	1868
COV	[695-695]	695	1716
COV	[696-696]	696	1802
COV	[697-697]	697	1762
COV	[698-698]	698	1800
COV	[699-699]	699	1764
COV	[700-700]	700	1769
COV	[701-701]	701	1890
COV	[702-702]	702	1761
COV	[703-703]	703	1821
COV	[704-704]	704	1724
COV	[705-705]	705	1693
COV	[706-706]	706	1690
COV	[707-707]	707	1679
COV	[708-708]	708	1708
COV	[709-709]	709	1659
COV	[710-710]	710	1681
COV	[711-711]	711	1677
COV	[712-712]	712	1653
COV	[713-713]	713	1697
COV	[714-714]	714	1635
COV	[715-715]	715	1626
COV	[716-716]	716	1638
COV	[717-717]	717	1621
COV	[718-718]	718	1631
COV	[719-719]	719	1600
COV	[720-720]	720	1638
COV	[721-721]	721	1667
COV	[722-722]	722	1638
COV	[723-723]	723	1646
COV	[724-724]	724	1562
COV	[725-725]	725	1590
COV	[726-726]	726	1576
COV	[727-727]	727	1646
COV	[728-728]	728	1598
COV	[729-729]	729	1649
COV	[730-730]	730	1612
COV	[731-731]	731	1618
COV	[732-732]	732	1593
COV	[733-733]	733	1605
COV	[734-734]	734	1651
COV	[735-735]	735	1560
COV	[736-736]	736	1649
COV	[737-737]	737	1525
COV	[738-738]	738	1565
COV	[739-739]	739	1617
COV	[740-740]	740	1579
COV	[741-741]	741	1558
COV	[742-742]	742	1562
COV	[743-743]	743	1560
COV	[744-744]	744	1461
COV	[745-745]	745	1542
COV	[746-746]	746	1550
COV	[747-747]	747	1480
COV	[748-748]	748	1519
COV	[749-749]	749	1489
COV	[750-750]	750	1466
COV	[751-751]	751	1522
COV	[752-752]	752	1479
COV	[753-753]	753	1489
COV	[754-754]	754	1453
COV	[755-755]	755	1395
COV	[756-756]	756	1467
COV	[757-757]	757	1438
COV	[758-758]	758	1393
COV	[759-759]	759	1431
COV	[760-760]	760	1382
COV	[761-761]	761	1457
COV	[762-762]	762	1422
COV	[763-763]	763	1383
COV	[764-764]	764	1538
COV	[765-765]	765	1466
COV	[766-766]	766	1449
COV	[767-767]	767	1439
COV	[768-768]	768	1375
COV	[769-769]	769	1456
COV	[770-770]	770	1507
COV	[771-771]	771	1405
COV	[772-772]	772	1405
COV	[773-773]	773	1418
COV	[774-774]	774	1486
COV	[775-775]	775	1393
COV	[776-776]	776	1433
COV	[777-777]	777	1459
COV	[778-778]	778	1427
COV	[779-779]	779	1475
COV	[780-780]	780	1476
COV	[781-781]	781	1311
COV	[782-782]	782	1401
COV	[783-783]	783	1456
COV	[784-784]	784	1399
COV	[785-785]	785	1386
COV	[786-786]	786	1414
COV	[787-787]	787	1354
COV	[788-788]	788	1480
COV	[789-789]	789	1381
COV	[790-790]	790	1407
COV	[791-791]	791	1454
COV	[792-792]	792	1466
COV	[793-793]	793	1463
COV	[794-794]	794	1426
COV	[795-795]	795	1395
COV	[796-796]	796	1369
COV	[797-797]	797	1389
COV	[798-798]	798	1402
COV	[799-799]	799	1399
COV	[800-800]	800	1458
COV	[801-801]	801	1446
COV	[802-802]	802	1486
COV	[803-803]	803	1443
COV	[804-804]	804	1389
COV	[805-805]	805	1341
COV	[806-806]	806	1411
COV	[807-807]	807	1378
COV	[808-808]	808	1451
COV	[809-809]	809	1370
COV	[810-810]	810	1360
COV	[811-811]	811	1455
COV	[812-812]	812	1493
COV	[813-813]	813	1409
COV	[814-814]	814	1419
COV	[815-815]	815	1427
COV	[816-816]	816	1440
COV	[817-817]	817	1481
COV	[818-818]	818	1384
COV	[819-819]	819	1421
COV	[820-820]	820	1362
COV	[821-821]	821	1467
COV	[822-822]	822	1454
COV	[823-823]	823	1419
COV	[824-824]	824	1377
COV	[825-825]	825	1385
COV	[826-826]	826	1370
COV	[827-827]	827	1364
COV	[828-828]	828	1366
COV	[829-829]	829	1359
COV	[830-830]	830	1362
COV	[831-831]	831	1444
COV	[832-832]	832	1348
COV	[833-833]	833	1370
COV	[834-834]	834	1415
COV	[835-835]	835	1422
COV	[836-836]	836	1375
COV	[837-837]	837	1402
COV	[838-838]	838	1350
COV	[839-839]	839	1299
COV	[840-840]	840	1249
COV	[841-841]	841	1290
COV	[842-842]	842	1274
COV	[843-843]	843	1235
COV	[844-844]	844	1280
COV	[845-845]	845	1316
COV	[846-846]	846	1303
COV	[847-847]	847	1287
COV	[848-848]	848	1285
COV	[849-849]	849	1300
COV	[850-850]	850	1309
COV	[851-851]	851	1306
COV	[852-852]	852	1389
COV	[853-853]	853	1286
COV	[854-854]	854	1239
COV	[855-855]	855	1332
COV	[856-856]	856	1374
COV	[857-857]	857	1287
COV	[858-858]	858	1350
COV	[859-859]	859	1323
COV	[860-860]	860	1368
COV	[861-861]	861	1336
COV	[862-862]	862	1372
COV	[863-863]	863	1334
COV	[864-864]	864	1412
COV	[865-865]	865	1269
COV	[866-866]	866	1317
COV	[867-867]	867	1264
COV	[868-868]	868	1322
COV	[869-869]	869	1310
COV	[870-870]	870	1314
COV	[871-871]	871	1313
COV	[872-872]	872	1301
COV	[873-873]	873	1306
COV	[874-874]	874	1138
COV	[875-875]	875	1353
COV	[876-876]	876	1189
COV	[877-877]	877	1231
COV	[878-878]	878	1218
COV	[879-879]	879	1252
COV	[880-880]	880	1251
COV	[881-881]	881	1256
COV	[882-882]	882	1249
COV	[883-883]	883	1245
COV	[884-884]	884	1202
COV	[885-885]	885	1235
COV	[886-886]	886	1223
COV	[887-887]	887	1190
COV	[888-888]	888	1189
COV	[889-889]	889	1196
COV	[890-890]	890	1216
COV	[891-891]	891	1179
COV	[892-892]	892	1202
COV	[893-893]	893	1188
COV	[894-894]	894	1232
COV	[895-895]	895	1224
COV	[896-896]	896	1167
COV	[897-897]	897	1172
COV	[898-898]	898	1169
COV	[899-899]	899	1103
COV	[900-900]	900	1193
COV	[901-901]	901	1136
COV	[902-902]	902	1175
COV	[903-903]	903	1203
COV	[904-904]	904	1169
COV	[905-905]	905	1176
COV	[906-906]	906	1177
COV	[907-907]	907	1156
COV	[908-908]	908	1194
COV	[909-909]	909	1146
COV	[910-910]	910	1176
COV	[911-911]	911	1167
COV	[912-912]	912	1090
COV	[913-913]	913	1134
COV	[914-914]	914	1129
COV	[915-915]	915	1101
COV	[916-916]	916	1138
COV	[917-917]	917	1150
COV	[918-918]	918	1063
COV	[919-919]	919	1070
COV	[920-920]	920	1128
COV	[921-921]	921	1117
COV	[922-922]	922	1151
COV	[923-923]	923	1116
COV	[924-924]	924	1095
COV	[925-925]	925	1053
COV	[926-926]	926	1146
COV	[927-927]	927	1100
COV	[928-928]	928	1087
COV	[929-929]	929	1127
COV	[930-930]	930	1126
COV	[931-931]	931	1124
COV	[932-932]	932	1106
COV	[933-933]	933	1137
COV	[934-934]	934	1136
COV	[935-935]	935	1087
COV	[936-936]	936	1115
COV	[937-937]	937	1204
COV	[938-938]	938	1118
COV	[939-939]	939	1112
COV	[940-940]	940	1165
COV	[941-941]	941	1151
COV	[942-942]	942	1137
COV	[943-943]	943	1126
COV	[944-944]	944	1134
COV	[945-945]	945	1147
COV	[946-946]	946	1171
COV	[947-947]	947	1073
COV	[948-948]	948	1142
COV	[949-949]	949	1107
COV	[950-950]	950	1148
COV	[951-951]	951	1121
COV	[952-952]	952	1104
COV	[953-953]	953	1147
COV	[954-954]	954	1126
COV	[955-955]	955	1111
COV	[956-956]	956	1005
COV	[957-957]	957	1102
COV	[958-958]	958	1122
COV	[959-959]	959	1077
COV	[960-960]	960	1120
COV	[961-961]	961	1102
COV	[962-962]	962	1101
COV	[963-963]	963	1142
COV	[964-964]	964	1059
COV	[965-965]	965	1081
COV	[966-966]	966	1092
COV	[967-967]	967	1123
COV	[968-968]	968	1076
COV	[969-969]	969	1017
COV	[970-970]	970	1020
COV	[971-971]	971	1062
COV	[972-972]	972	1042
COV	[973-973]	973	1059
COV	[974-974]	974	1085
COV	[975-975]	975	1081
COV	[976-976]	976	1016
COV	[977-977]	977	1069
COV	[978-978]	978	1024
COV	[979-979]	979	1026
COV	[980-980]	980	1053
COV	[981-981]	981	1079
COV	[982-982]	982	1005
COV	[983-983]	983	1043
COV	[984-984]	984	1039
COV	[985-985]	985	1017
COV	[986-986]	986	1030
COV	[987-987]	987	1010
COV	[988-988]	988	1038
COV	[989-989]	989	973
COV	[990-990]	990	1042
COV	[991-991]	991	1013
COV	[992-992]	992	1041
COV	[993-993]	993	1037
COV	[994-994]	994	955
COV	[995-995]	995	1046
COV	[996-996]	996	1034
COV	[997-997]	997	1011
COV	[998-998]	998	1000
COV	[999-999]	999	1012
COV	[1000-1000]	1000	975
COV	[1000<]	1000	1342215
# GC-depth. Use `grep ^GCD | cut -f 2-` to extract this part. The columns are: GC%, unique sequence percentiles, 10th, 25th, 50th, 75th and 90th depth percentile
GCD	0.0	0.027	0.007	0.007	0.007	0.028	0.054
GCD	1.1	0.027	0.022	0.022	0.022	0.022	0.022
GCD	3.0	0.029	0.081	0.081	0.107	0.133	0.133
GCD	4.0	0.031	0.030	0.030	0.037	0.104	0.104
GCD	5.0	0.034	0.007	0.011	0.041	0.087	0.096
GCD	6.0	0.035	0.207	0.207	0.207	0.207	0.207
GCD	7.0	0.038	0.015	0.068	0.274	0.568	0.652
GCD	8.0	0.039	0.015	0.015	0.022	0.030	0.030
GCD	9.0	0.040	0.237	0.237	0.237	0.237	0.237
GCD	10.0	0.043	0.037	0.037	0.044	0.200	0.237
GCD	11.0	0.049	0.007	0.030	0.030	0.161	5.212
GCD	12.0	0.057	0.018	0.037	0.111	1.222	74.969
GCD	13.0	0.062	0.007	0.022	0.089	1.007	1313.000
GCD	14.0	0.067	0.007	0.007	0.022	0.052	0.489
GCD	15.0	0.071	0.007	0.011	0.059	179.492	358.347
GCD	16.0	0.073	0.015	0.015	0.030	0.074	0.074
GCD	17.0	0.080	0.007	0.030	0.089	15.571	219.300
GCD	18.0	0.084	0.022	0.022	0.074	1.303	1.436
GCD	19.0	0.091	0.007	0.013	0.056	8.059	171.660
GCD	20.0	0.095	0.015	0.041	0.163	60.591	69.568
GCD	21.0	0.100	0.007	0.007	0.022	0.222	0.378
GCD	22.0	0.106	0.007	0.015	1.525	23.093	144.134
GCD	23.0	0.116	0.011	0.061	0.233	3.345	27.099
GCD	24.0	0.121	0.155	0.207	0.500	1.336	7.145
GCD	25.0	0.128	0.007	0.007	0.022	15.800	47.741
GCD	26.0	0.136	0.007	0.015	0.133	5.116	49.081
GCD	27.0	0.150	0.037	0.126	0.318	2.391	31.704
GCD	28.0	0.157	0.008	0.015	0.389	10.347	46.117
GCD	29.0	0.171	0.007	0.015	0.093	0.644	25.628
GCD	30.0	0.184	0.049	0.130	1.814	24.870	28.962
GCD	31.0	0.215	0.046	0.370	12.898	26.070	30.433
GCD	32.0	0.262	0.452	16.130	23.548	25.781	27.298
GCD	33.0	0.464	3.480	19.650	22.612	25.292	26.773
GCD	34.0	1.207	17.043	19.200	21.246	23.582	25.515
GCD	35.0	3.547	16.453	18.429	20.161	22.182	23.989
GCD	36.0	8.839	15.704	17.970	19.672	21.479	23.293
GCD	37.0	17.614	15.408	17.681	19.310	21.057	22.775
GCD	38.0	28.468	14.448	17.503	19.184	20.909	22.560
GCD	39.0	39.654	13.107	17.496	19.236	20.924	22.574
GCD	40.0	49.739	13.897	17.651	19.376	21.005	22.671
GCD	41.0	58.386	14.845	17.859	19.510	21.131	22.708
GCD	42.0	65.705	15.434	17.955	19.606	21.264	22.915
GCD	43.0	71.522	15.911	18.099	19.732	21.346	23.034
GCD	44.0	76.311	15.660	18.088	19.858	21.494	23.182
GCD	45.0	80.299	14.473	18.199	19.917	21.649	23.412
GCD	46.0	83.759	10.822	18.003	20.043	21.938	23.789
GCD	47.0	86.707	12.378	18.466	20.402	22.360	24.655
GCD	48.0	89.083	17.143	19.176	20.839	22.804	25.158
GCD	49.0	90.891	17.719	19.487	21.131	22.847	24.544
GCD	50.0	92.431	17.993	19.641	21.412	23.204	24.950
GCD	51.0	93.769	18.259	20.033	21.646	23.471	25.209
GCD	52.0	94.937	18.782	20.489	22.164	23.906	25.662
GCD	53.0	95.946	19.064	20.665	22.486	24.455	27.168
GCD	54.0	96.755	19.413	21.064	22.597	24.455	26.218
GCD	55.0	97.432	19.330	21.150	22.871	24.637	26.154
GCD	56.0	98.019	19.846	21.635	23.234	24.996	26.794
GCD	57.0	98.440	20.425	22.127	23.789	25.412	27.242
GCD	58.0	98.813	20.651	22.162	24.000	25.670	27.708
GCD	59.0	99.111	21.047	22.799	24.641	26.856	29.552
GCD	60.0	99.364	20.938	23.275	25.181	27.647	187.756
GCD	61.0	99.549	22.167	23.589	25.662	27.771	30.004
GCD	62.0	99.688	22.867	24.396	25.810	27.354	29.207
GCD	63.0	99.795	21.623	24.174	25.988	28.217	31.951
GCD	64.0	99.864	22.580	24.533	25.966	28.417	30.872
GCD	65.0	99.923	23.854	25.122	26.492	28.550	30.981
GCD	66.0	99.955	24.661	25.966	27.765	29.653	152.181
GCD	67.0	99.978	23.028	25.568	28.095	29.514	3113.476
GCD	68.0	99.992	25.773	26.455	27.647	29.424	30.512
GCD	69.0	99.996	25.751	25.996	26.906	319.785	1189.005
GCD	70.0	99.999	0.422	0.422	46.601	218.411	218.411
GCD	71.0	99.999	11.069	11.069	11.069	11.069	11.069
GCD	84.0	100.000	0.007	0.007	0.007	0.007	0.007
