# This file was produced by samtools stats (1.19+htslib-1.19) and can be plotted using plot-bamstats
# This file contains statistics for all reads.
# The command line was:  stats bam_files/recal_ABOFRAM007402133885.bam
# CHK, Checksum	[2]Read Names	[3]Sequences	[4]Qualities
# CHK, CRC32 of reads which passed filtering followed by addition (32bit overflow)
CHK	a529bef0	eaca1857	74a140fd
# Summary Numbers. Use `grep ^SN | cut -f 2-` to extract this part.
SN	raw total sequences:	596595412	# excluding supplementary and secondary reads
SN	filtered sequences:	0
SN	sequences:	596595412
SN	is sorted:	1
SN	1st fragments:	298294769
SN	last fragments:	298300643
SN	reads mapped:	595120543
SN	reads mapped and paired:	594163157	# paired-end technology bit set + both mates mapped
SN	reads unmapped:	1474869
SN	reads properly paired:	581285824	# proper-pair bit set
SN	reads paired:	596595412	# paired-end technology bit set
SN	reads duplicated:	0	# PCR or optical duplicate bit set
SN	reads MQ0:	64008181	# mapped and MQ=0
SN	reads QC failed:	0
SN	non-primary alignments:	0
SN	supplementary alignments:	2135999
SN	total length:	88347347592	# ignores clipping
SN	total first fragment length:	44744215350	# ignores clipping
SN	total last fragment length:	43603132242	# ignores clipping
SN	bases mapped:	88130541525	# ignores clipping
SN	bases mapped (cigar):	87392489734	# more accurate
SN	bases trimmed:	0
SN	bases duplicated:	0
SN	mismatches:	485545509	# from NM fields
SN	error rate:	5.555918e-03	# mismatches / bases mapped (cigar)
SN	average length:	148
SN	average first fragment length:	150
SN	average last fragment length:	146
SN	maximum length:	150
SN	maximum first fragment length:	150
SN	maximum last fragment length:	150
SN	average quality:	30.9
SN	insert size average:	415.3
SN	insert size standard deviation:	85.3
SN	inward oriented pairs:	290926640
SN	outward oriented pairs:	472451
SN	pairs with other orientation:	162198
SN	pairs on different chromosomes:	5520039
SN	percentage of properly paired reads (%):	97.4
# First Fragment Qualities. Use `grep ^FFQ | cut -f 2-` to extract this part.
# Columns correspond to qualities and rows to cycles. First column is the cycle number.
FFQ	1	0	0	10960	0	0	0	0	0	0	0	0	0	0	0	5314351	0	0	0	0	0	0	0	0	0	0	0	0	8467548	0	0	284501910	0	0	0	0	0
FFQ	2	0	0	4935	0	0	0	0	0	0	45577	0	165211	644770	162981	330351	894623	1147340	244491	0	0	0	323785	0	4458098	0	710656	447331	1202277	1645022	2621348	14019627	114365735	98898872	55961739	0	0
FFQ	3	0	0	27774	0	0	0	0	0	0	0	38253	0	135830	488668	163405	252697	769888	1171748	173734	0	0	78349	232635	0	3492010	650998	551740	914031	1533052	2496832	650532	14968249	114647468	98954462	55902414	0
FFQ	4	0	0	5443	0	0	0	0	0	0	42142	0	131111	408641	157811	289659	749549	1187086	154249	0	0	0	259747	87076	0	3862879	0	643776	555255	845520	1770640	2414438	15149581	116456863	99595235	53528068	0
FFQ	5	0	0	163	0	0	0	0	0	0	44452	0	133625	374314	152991	270838	727038	1191140	144381	0	0	0	266108	93238	0	4136124	0	647293	533712	844059	1613297	2447698	14701330	118162643	100727545	51082780	0
FFQ	6	0	0	23	0	0	0	0	0	0	43584	0	133129	352157	159511	279915	692750	1162985	146291	0	0	0	344717	0	4076548	0	673554	535870	811345	1674830	2408073	15492061	118328021	100669511	50309894	0	0
FFQ	7	0	0	0	0	0	0	0	0	0	46285	0	126288	355589	152757	273291	694334	1132254	135379	0	0	0	362265	0	4464487	0	655919	585554	798708	1637498	2428719	15342084	119179130	100276053	49648175	0	0
FFQ	8	0	0	8898	0	0	0	0	0	0	43352	0	130136	343952	156617	269406	687439	1127820	143147	0	0	0	345614	0	4092331	0	679980	575154	800597	1660951	2412574	15560985	118609267	100221973	50424576	0	0
FFQ	9	0	0	0	0	0	0	0	0	0	44890	0	129692	341683	154655	281121	705323	1138072	135311	0	0	0	369446	0	4183409	0	675458	602649	792260	1697708	2444734	15534985	118538342	100039362	50485669	0	0
FFQ	10	0	0	0	0	0	0	0	0	0	45201	0	132849	343279	153721	280209	682663	1129995	134268	0	0	0	364360	0	4225570	0	686295	616398	792328	1698939	2406408	15481945	118034822	100607240	50478279	0	0
FFQ	11	0	0	0	0	0	0	0	0	0	47325	0	129220	334538	153682	281019	686861	1160103	135027	0	0	0	366984	0	4226231	0	682801	607246	795383	1721580	2485385	15665232	118363930	100031900	50420322	0	0
FFQ	12	0	0	0	0	0	0	0	0	0	48279	0	136567	322864	150691	291076	679984	1162373	137618	0	0	0	356430	0	4228031	0	708690	596292	792713	1754655	2464853	15653752	117998252	100063547	50748102	0	0
FFQ	13	0	0	0	0	0	0	0	0	0	49876	0	138778	323878	154284	295477	692762	1183183	137081	0	0	0	363781	0	4272909	0	718150	605771	794450	1776823	2520751	15647570	117789277	99720413	51109555	0	0
FFQ	14	0	0	0	0	0	0	0	0	0	49766	0	140110	320580	153824	297636	692411	1176704	137370	0	0	0	361504	0	4227508	0	723786	600478	795450	1787932	2524099	15586769	117639852	99649345	51429645	0	0
FFQ	15	0	0	0	0	0	0	0	0	0	0	49742	0	134384	310560	154515	289976	688521	1173192	138159	0	0	105447	254379	4183984	0	716507	590109	794107	1782584	2525437	15583754	117788773	99529031	51501608	0	0
FFQ	16	0	0	1	0	0	0	0	0	0	0	50442	0	136341	309900	155736	289686	689108	1188425	137207	0	0	106208	257454	4193857	0	726527	595447	792355	1792173	2536094	15588676	117464589	99899933	51384610	0	0
FFQ	17	0	0	0	0	0	0	0	0	0	51065	0	137229	310134	158473	289948	690585	1196479	139709	0	0	0	362779	0	4184672	0	730695	591902	795534	1799800	2550685	15670804	117552067	99754503	51327706	0	0
FFQ	18	0	0	29	0	0	0	0	0	0	52033	0	138532	313572	160635	293226	697963	1205826	142009	0	0	0	370084	0	4201994	0	738985	599574	804197	1814337	2571338	15694826	117553757	99876001	51065851	0	0
FFQ	19	0	0	0	0	0	0	0	0	0	55341	0	142149	321227	165544	297273	717512	1242763	145343	0	0	0	381909	0	4250251	0	746242	604106	813360	1825366	2608241	15543375	117817973	99855005	50761789	0	0
FFQ	20	0	0	0	0	0	0	0	0	0	54461	0	144630	323928	167460	298535	724016	1259413	147985	0	0	0	380508	0	4154207	0	749575	604291	817463	1834644	2630476	15489010	117711995	100172396	50629776	0	0
FFQ	21	0	0	0	0	0	0	0	0	0	56759	0	146186	328584	171260	300555	728505	1279429	149452	0	0	112582	273383	0	4200187	751711	609079	823562	1848994	2635109	747447	14775714	118411391	99409090	50535790	0	0
FFQ	22	0	0	0	0	0	0	0	0	0	59868	0	149621	331561	174940	310823	743472	1310524	152612	0	0	0	393600	0	4191860	0	768445	615009	837463	1880489	2660257	15663811	117846018	99813129	50391267	0	0
FFQ	23	0	0	0	0	0	0	0	0	0	62116	0	150048	332379	179306	308320	751007	1322564	154455	0	0	119720	281255	0	4245975	778272	612200	838166	1888050	2687678	774373	14973496	118407003	99113712	50314674	0	0
FFQ	24	0	0	0	0	0	0	0	0	0	64013	0	154392	334061	180070	308898	760513	1338569	157530	0	0	0	407088	0	4284669	0	784932	611523	844780	1892947	2704087	15605257	117581388	100153976	50126076	0	0
FFQ	25	0	0	0	0	0	0	0	0	0	65788	0	157801	337337	184592	312139	774301	1364993	159272	0	0	122061	284945	0	4224086	797522	603307	858928	1907773	2742841	787318	14877331	118206449	99538782	49987203	0	0
FFQ	26	0	0	0	0	0	0	0	75110	0	185851	385971	208694	346276	873903	1520100	179009	0	0	0	318811	123238	0	0	4235200	801047	606420	863881	1911428	2761831	791480	14838969	117983530	99362192	49921828	0	0
FFQ	27	0	0	1561	0	0	0	0	76432	0	184425	382838	207641	344053	875547	1512237	178335	0	0	0	317909	123647	0	0	4216809	799269	602732	860707	1906364	2763987	796849	14829937	118204346	99215299	49893845	0	0
FFQ	28	0	0	0	0	0	0	0	75940	0	186340	381986	205444	347175	873960	1508751	177544	0	0	0	317764	121269	0	0	4164302	798183	601116	858600	1911593	2752857	797763	14828006	118141584	99430226	49814366	0	0
FFQ	29	0	0	58	0	0	0	0	78052	0	190102	395846	211206	356106	887035	1535271	178744	0	0	0	327703	122250	0	0	4147073	811210	611098	872307	1928444	2778110	804634	14879494	118090429	99294365	49795232	0	0
FFQ	30	0	0	0	0	0	0	0	80397	0	189582	396151	212482	353900	888040	1542643	179354	0	0	0	323850	124321	0	0	4220736	806074	599447	873742	1928113	2781401	801148	14834513	117941689	99417876	49799310	0	0
FFQ	31	0	0	0	0	0	0	0	82821	0	195357	406539	216033	362717	910461	1573331	186749	0	0	0	329303	126598	0	0	4255141	814834	606405	883708	1942887	2807051	809877	14759485	118092067	99321540	49611865	0	0
FFQ	32	0	0	0	0	0	0	0	85554	0	201067	415266	221381	371561	925682	1598914	192196	0	0	0	328839	127676	0	0	4202242	824031	609431	893732	1966499	2816677	813927	14826295	118039985	99258089	49575725	0	0
FFQ	33	0	0	43252	0	0	0	91009	0	208888	433428	225152	386263	940009	1641932	192524	0	0	0	469008	0	0	0	833500	4817700	902655	1993187	2857655	820901	0	679987	14767476	117204463	99279726	49506054	0	0
FFQ	34	0	0	0	0	0	0	0	89779	0	206252	429077	227885	385029	941184	1626779	194785	0	0	0	337503	129252	0	0	4217829	835592	618489	905061	1994236	2857584	819160	14800772	118048737	99190232	49439552	0	0
FFQ	35	0	0	0	0	0	0	0	89717	0	207183	434129	229174	383582	949447	1637948	196944	0	0	0	340138	130079	0	0	4210943	836675	623078	910389	1991121	2865646	818722	14796866	118206562	99071884	49364542	0	0
FFQ	36	0	0	220	0	0	0	0	91736	0	208838	437167	228793	388432	953230	1641784	198350	0	0	0	339715	131330	0	0	4231422	842377	617364	911613	2000647	2862538	823534	14820681	117974302	99288811	49301885	0	0
FFQ	37	0	0	0	0	0	0	0	92367	0	205679	435758	227738	385510	948871	1634549	196496	0	0	0	340773	131683	0	0	4234636	835376	615276	913563	1988736	2858316	817288	14800277	118029001	99245324	49357552	0	0
FFQ	38	0	0	0	0	0	0	0	93560	0	212974	443960	230397	396520	967488	1648085	200712	0	0	0	341547	130785	0	0	4217506	847825	620179	922994	2014757	2871666	829075	14781069	118019458	99195083	49309129	0	0
FFQ	39	0	0	0	0	0	0	0	94113	0	213770	453436	233503	400153	971721	1668944	198196	0	0	0	350164	129295	0	0	4168333	851643	633179	929388	2015310	2899802	828159	14808438	117802406	99312099	49332717	0	0
FFQ	40	0	0	0	0	0	0	0	96369	0	217434	460963	235794	406839	981405	1678657	201374	0	0	0	353235	130415	0	0	4154199	862036	641883	936261	2037901	2916440	835829	14815713	117915983	99161923	49254116	0	0
FFQ	41	0	0	132037	0	0	0	102163	0	225385	486710	244607	421926	1007698	1725493	206666	0	0	0	501315	0	0	0	869317	4880389	953338	2056215	2955592	840255	0	708915	14814643	117039575	98954963	49167567	0	0
FFQ	42	0	0	0	0	0	0	0	102521	0	223320	479950	243725	420715	1015953	1725359	208004	0	0	0	364284	135354	0	0	4244816	869507	641898	958877	2061255	2951290	843036	14777444	117893143	98995336	49138982	0	0
FFQ	43	0	0	0	0	0	0	0	102918	0	225011	483262	243359	416527	1011338	1726690	208679	0	0	0	362068	133640	0	0	4202195	867450	643245	958146	2053007	2946399	844098	14760720	117808635	99062280	49235102	0	0
FFQ	44	0	0	0	0	0	0	0	103772	0	225110	484805	244279	419630	1007965	1723598	209087	0	0	0	360244	134211	0	0	4200476	867750	643029	951998	2052160	2929269	842989	14791737	117818399	99034519	49249742	0	0
FFQ	45	0	0	0	0	0	0	0	107980	0	225920	485955	246851	425623	1021521	1732882	212981	0	0	0	363157	137292	0	0	4223744	877203	643549	958397	2064838	2949732	849127	14863073	117786776	98940218	49177950	0	0
FFQ	46	0	0	0	0	0	0	0	108934	0	231242	496362	251517	430497	1035485	1761879	219578	0	0	0	366897	138623	0	0	4230381	885317	649607	969308	2080520	2976274	855206	14835131	117740984	98919962	49111065	0	0
FFQ	47	0	0	0	0	0	0	0	113369	0	231650	500495	251268	435719	1043928	1766365	219944	0	0	0	365975	140100	0	0	4241588	886717	651843	974446	2091126	2980356	859519	14782563	117731964	98923890	49101944	0	0
FFQ	48	0	0	0	0	0	0	111744	0	238095	512561	255248	444361	1063047	1799132	219684	0	0	0	372153	0	138406	0	0	4167844	896184	658924	985339	2102737	3017343	867241	14703749	117752334	98916637	49072006	0	0
FFQ	49	0	0	0	0	0	0	114330	0	243436	524433	260567	453564	1074966	1824763	225219	0	0	0	375209	0	140061	0	0	4188765	904900	663685	1001140	2129119	3035098	872390	14728688	117547115	98971986	49015335	0	0
FFQ	50	0	0	186	0	0	0	116092	0	242920	533376	260122	456921	1079672	1823441	224747	0	0	0	383813	0	139818	0	0	4225779	904391	675776	1000247	2133536	3048170	872977	14637325	117615599	98858378	49061483	0	0
FFQ	51	0	0	0	0	0	0	115451	0	245444	537812	263520	462430	1082971	1832633	225360	0	0	0	383416	0	138852	0	0	4151496	912122	680895	1006119	2146186	3061793	878928	14693887	117540780	98875024	49059650	0	0
FFQ	52	0	0	0	0	0	0	116650	0	244952	543588	265685	460068	1085599	1835869	225160	0	0	0	387222	0	137351	0	0	4141545	911999	681027	1007046	2137349	3054391	872091	14762092	117665585	98802267	48957233	0	0
FFQ	53	0	0	0	0	0	0	122185	0	250176	549600	269989	470490	1104941	1867159	232463	0	0	0	384603	0	142972	0	0	4213872	921309	672670	1020280	2153919	3060154	877133	14735428	117383675	98982147	48879604	0	0
FFQ	54	0	0	0	0	0	0	123154	0	254923	558140	272107	476421	1117473	1883299	234671	0	0	0	391486	0	142913	0	0	4207938	923668	681653	1023961	2166937	3096380	883670	14687793	117426875	98843411	48897896	0	0
FFQ	55	0	0	0	0	0	0	124686	0	258847	568063	274991	484386	1128555	1894191	237589	0	0	0	391682	0	143662	0	0	4174659	935343	689888	1034739	2190010	3102261	889875	14733280	117499038	98662883	48876141	0	0
FFQ	56	0	0	47	0	0	0	127424	0	260878	581367	278891	492724	1139519	1918219	236644	0	0	0	400469	0	144605	0	0	4172970	940921	701354	1045284	2198919	3132177	894046	14722858	117436640	98567961	48900852	0	0
FFQ	57	0	0	0	0	0	0	129330	0	261879	580804	281464	496037	1147271	1925514	238090	0	0	0	403983	0	144965	0	0	4193006	942023	694017	1043777	2205739	3133886	894091	14715941	117515441	98561722	48785789	0	0
FFQ	58	0	0	0	0	0	0	132553	0	267061	592141	285176	503054	1157815	1947040	244029	0	0	0	400665	0	147909	0	0	4203274	953247	699894	1057159	2218916	3146962	903057	14746524	117407410	98552231	48728652	0	0
FFQ	59	0	0	175	0	0	0	134171	0	266563	598322	288850	504693	1165910	1960389	245627	0	0	0	406467	147797	0	0	0	5148363	702785	1058793	2217469	3163719	902053	0	15473700	116607187	98529081	48772655	0	0
FFQ	60	0	0	0	0	0	0	134450	0	268486	592288	285650	505146	1163876	1944513	246130	0	0	0	403177	0	147442	0	0	4165782	951652	690258	1056002	2207583	3138496	903741	14732785	117263885	98607364	48886063	0	0
FFQ	61	0	0	44231	0	0	0	138408	0	275831	610641	292077	518412	1183149	1982347	247548	0	0	0	411631	149616	0	0	0	5140552	709816	1072913	2246422	3171267	911766	0	15469394	116402535	98580034	48736179	0	0
FFQ	62	0	0	50	0	0	0	138159	0	282820	631306	297395	533656	1202513	2010884	249575	0	0	0	426304	148709	0	0	0	5148088	729320	1083448	2276632	3224444	920899	0	15442944	116331688	98494920	48721015	0	0
FFQ	63	0	0	0	0	0	0	140052	0	281702	631135	300569	532559	1201226	2024884	251069	0	0	0	424752	149635	0	0	0	5163522	721445	1081563	2265644	3219719	918343	0	15449110	116205376	98564241	48768223	0	0
FFQ	64	0	0	0	0	0	0	143023	0	285299	632910	302037	537840	1209617	2033176	257581	0	0	0	416103	153283	0	0	0	5208310	715668	1088599	2275851	3209759	925196	0	15452682	116234720	98596965	48616150	0	0
FFQ	65	0	0	0	0	0	0	143597	0	291037	647988	304287	549243	1232044	2060665	260229	0	0	0	428031	152436	0	0	0	997165	4912474	1103518	2304728	3266371	932160	0	767894	14617064	116344598	98409626	48569614	0
FFQ	66	0	0	0	0	0	0	144399	0	295808	660499	308006	554287	1241126	2078960	259892	0	0	0	429755	151417	0	0	0	5161721	739742	1110992	2317843	3278965	933931	0	15413394	116259326	98397196	48557510	0	0
FFQ	67	0	0	0	0	0	0	147823	0	298471	668486	311490	561430	1250434	2090153	263086	0	0	0	433924	154355	0	0	0	5177296	746027	1115392	2327971	3288546	937361	0	15471870	116231332	98310181	48509141	0	0
FFQ	68	0	0	0	0	0	0	151062	0	299663	675176	316536	574395	1263107	2106018	266672	0	0	0	438718	157766	0	0	0	5221258	751852	1123074	2340636	3309984	942413	0	15489872	116118338	98206564	48541665	0	0
FFQ	69	0	0	0	0	0	0	152941	0	303879	683054	319602	577078	1271930	2121053	268228	0	0	0	445279	156625	0	0	0	5212350	757240	1126391	2352292	3331669	946710	0	15459434	116212241	98037284	48559489	0	0
FFQ	70	0	0	47	0	0	0	154379	0	304663	685771	315118	578501	1272095	2116981	264664	0	0	0	446788	157163	0	0	0	5211153	757965	1132324	2354796	3325306	950783	0	15449880	116134045	98221543	48460804	0	0
FFQ	71	0	0	94	0	0	0	157653	0	315765	705302	323683	595765	1295797	2180907	267530	0	0	0	452189	159094	0	0	0	5208473	770045	1150511	2380773	3370109	959449	0	15453388	115850844	98250600	48446798	0	0
FFQ	72	0	0	1	0	0	0	157092	0	314778	708340	325753	595440	1302225	2178054	273180	0	0	0	450935	158297	0	0	0	5169947	763381	1156659	2386350	3367094	960532	0	15413794	115872543	98231016	48509358	0	0
FFQ	73	0	0	0	0	0	0	157994	0	316464	707927	323589	597127	1305309	2173895	275235	0	0	0	453370	158134	0	0	0	5189592	761813	1150849	2384925	3356775	958200	0	15402563	115983801	98203577	48433630	0	0
FFQ	74	0	0	6	0	0	0	157887	0	316372	698856	324444	596171	1296446	2160741	276010	0	0	0	442095	158237	0	0	0	1034117	4904619	1140683	2375674	3328047	955984	0	777396	14650603	116031664	98241038	48427679	0
FFQ	75	0	0	0	0	0	0	160613	0	318904	704939	328830	602824	1304571	2180451	279735	0	0	0	446263	159637	0	0	0	5193655	752499	1147635	2386110	3340693	959941	0	15475111	115982023	98144491	48425844	0	0
FFQ	76	0	0	0	0	0	0	164461	0	327998	719850	333377	621252	1329168	2217689	283062	0	0	0	451031	162232	0	0	0	5220142	762930	1165343	2428839	3377741	972931	0	15433532	115802978	98207801	48312412	0	0
FFQ	77	0	0	0	0	0	0	166810	0	334932	745201	340755	629890	1357615	2264966	289607	0	0	0	465418	164420	0	0	0	5237828	781443	1184410	2440869	3443073	980870	0	15423725	115746891	98042313	48253733	0	0
FFQ	78	0	0	4	0	0	0	169275	0	342506	757156	344089	639640	1371408	2281916	294195	0	0	0	469117	164356	0	0	0	5228429	792804	1196340	2469718	3460571	991217	0	15418845	115693707	97957708	48251768	0	0
FFQ	79	0	0	0	0	0	0	170247	0	339818	759825	346237	642720	1368148	2286757	290934	0	0	0	475085	164092	0	0	0	1079313	4959858	1192311	2474283	3460585	987938	0	813799	14580774	115696443	97967213	48238389	0
FFQ	80	0	0	0	0	0	0	172486	0	342323	756931	347682	644050	1372374	2300859	294924	0	0	0	467849	165988	0	0	0	1078916	4956129	1194322	2472061	3448920	986373	0	802279	14599785	115672936	97995870	48221712	0
FFQ	81	0	0	0	0	0	0	173452	0	343214	764333	348188	647710	1376557	2303701	298464	0	0	0	471679	165411	0	0	0	1083399	4945072	1195558	2478675	3461087	989222	0	805116	14583336	115610689	98001856	48248050	0
FFQ	82	0	0	0	0	0	0	177829	0	352627	783426	352114	665895	1399841	2324731	300182	0	0	0	477146	168802	0	0	0	1102899	4980509	1220210	2509263	3500573	1000139	0	815339	14606762	115472486	97930356	48153640	0
FFQ	83	0	0	0	0	0	0	178501	0	360054	808957	361152	682275	1422080	2364228	301744	0	0	0	494108	167807	0	0	0	1123983	4986050	1241318	2543162	3562080	1014405	0	839667	14619334	115376387	97746406	48101071	0
FFQ	84	0	0	43	0	0	0	175425	0	351026	787974	357953	665100	1401763	2334023	298278	0	0	0	484618	164952	0	0	0	1097624	4950923	1213520	2500702	3501362	999411	0	823901	14630972	115598898	97812303	48143998	0
FFQ	85	0	0	0	0	0	0	177114	0	353203	774206	353215	666299	1398361	2325504	303865	0	0	0	472372	167180	0	0	0	1099567	4926318	1210890	2500589	3456161	997024	0	800629	14619989	115540953	98109522	48041808	0
FFQ	86	0	0	0	0	0	0	181540	0	366525	809412	362530	690693	1434502	2387434	310623	0	0	0	487194	169919	0	0	0	5271351	812022	1242888	2552033	3534913	1015294	0	15425738	115379315	97809537	48051306	0	0
FFQ	87	0	0	35	0	0	0	184704	0	365958	816580	364645	696300	1443666	2398584	309315	0	0	0	497216	171741	0	0	0	1130771	5015330	1244996	2562637	3577458	1025722	0	838766	14554294	115324454	97683581	48088016	0
FFQ	88	0	0	61	0	0	0	187603	0	377749	827055	367656	712409	1465226	2426226	313544	0	0	0	498132	173167	0	0	0	1147661	5009826	1263911	2600436	3606310	1036506	0	841755	14487799	115235468	97726062	47990207	0
FFQ	89	0	0	0	0	0	0	187287	0	376827	842660	373172	713669	1466801	2451914	313432	0	0	0	506617	170532	0	0	0	1141955	4959286	1261579	2595118	3613316	1032022	0	848534	14498447	115368653	97596882	47976066	0
FFQ	90	0	0	597	0	0	0	190755	0	383274	845325	376030	728912	1482347	2449867	321658	0	0	0	496751	173628	0	0	0	1160220	4949367	1278607	2619189	3607988	1038610	0	834619	14574915	115171192	97711210	47899708	0
FFQ	91	0	0	1	0	0	0	198461	0	396458	883335	389116	752940	1520951	2517755	324429	0	0	0	526960	179671	0	0	0	5381493	872008	1311272	2675951	3720256	1059823	0	15424152	114994391	97376518	47788828	0	0
FFQ	92	0	0	42	0	0	0	193145	0	383704	864426	381795	734541	1493671	2485389	324903	0	0	0	520898	174897	0	0	0	1160596	5026777	1281686	2633525	3669062	1042949	0	869483	14510051	115230846	97392981	47919402	0
FFQ	93	0	0	131	0	0	0	198464	0	388804	855226	375551	733443	1494123	2471114	325978	0	0	0	504563	179305	0	0	0	1164730	5023482	1281122	2621877	3608557	1043974	0	833635	14533878	115122679	97651745	47882388	0
FFQ	94	0	0	0	0	0	0	195098	0	390454	863619	383775	738497	1499355	2505593	324148	0	0	0	508593	174866	0	0	0	1166359	5007985	1283512	2627612	3635521	1044354	0	841727	14570948	115122718	97526696	47883339	0
FFQ	95	0	0	0	0	0	0	198231	0	401398	874504	386552	761668	1530322	2530861	336361	0	0	0	505543	179389	0	0	0	1185721	5007231	1312175	2678059	3663690	1060214	0	839550	14549153	114891917	97553484	47848746	0
FFQ	96	0	0	0	0	0	0	199534	0	420135	928708	402437	795457	1582595	2622052	341671	0	0	0	544527	178105	0	0	0	1223154	5018749	1346721	2745775	3791914	1082125	0	889528	14468746	114716128	97319079	47677629	0
FFQ	97	0	0	0	0	0	0	199570	0	411537	906535	399768	778794	1553175	2593632	337554	0	0	0	530595	177021	0	0	0	1206391	4992122	1321372	2706564	3739683	1072140	0	871059	14524392	114859340	97378537	47734988	0
FFQ	98	0	0	0	0	0	0	200989	0	418511	908219	399398	793580	1567896	2593933	343300	0	0	0	522635	180294	0	0	0	5347104	868482	1338510	2731841	3729741	1080276	0	15346583	114767911	97420157	47735409	0	0
FFQ	99	0	0	0	0	0	0	205821	0	423323	927842	406328	799784	1587620	2651159	341711	0	0	0	542772	180147	0	0	0	5381668	883291	1343813	2750888	3796549	1086585	0	15353163	114656972	97278040	47697293	0	0
FFQ	100	0	0	0	0	0	0	202955	0	422134	915300	401414	795388	1580222	2625728	351273	0	0	0	525051	180011	0	0	0	1220225	4956211	1341745	2738883	3744974	1080834	0	860453	14467494	114784468	97421434	47678572	0
FFQ	101	0	0	0	0	0	0	208496	0	428540	934103	409432	810024	1599366	2667475	353031	0	0	0	535447	183147	0	0	0	1231629	5031089	1355879	2768667	3789531	1087822	0	874032	14485248	114667239	97279568	47595004	0
FFQ	102	0	0	3	0	0	214665	0	436385	950385	409712	820277	1608703	2684676	354392	0	0	0	725255	0	0	0	1237891	888245	5512941	2775100	3800107	1092555	0	874630	0	14484833	114654054	97189544	47580416	0	0
FFQ	103	0	0	2	0	0	0	212386	0	430979	941916	410102	823373	1614587	2667026	354247	0	0	0	539591	185085	0	0	0	1249465	5022263	1371408	2790064	3817106	1096750	0	877098	14523166	114629197	97223752	47515206	0
FFQ	104	0	0	29	0	0	0	217750	0	451272	990598	420108	854230	1657489	2734598	359356	0	0	0	565800	187873	0	0	0	5430687	930292	1411819	2856717	3922325	1121911	0	15375413	114431147	96931032	47444323	0	0
FFQ	105	0	0	0	0	0	0	217654	0	450201	993302	425634	849756	1656495	2761584	360326	0	0	0	755794	0	0	0	1278345	927011	5558715	2848782	3925858	1119003	0	917535	0	14471333	114353104	96961334	47463003	0
FFQ	106	0	0	140	0	0	0	218925	0	456037	987796	423157	858440	1665164	2747669	365155	0	0	0	558141	189013	0	0	0	1286480	5084082	1415188	2861409	3916084	1123065	0	900766	14483484	114340090	97045371	47369113	0
FFQ	107	0	0	0	0	0	219078	0	466513	1016529	434690	880257	1700689	2819840	368076	0	0	0	574669	188576	0	0	0	1300342	5083552	1426251	2899600	3968358	1134982	0	919350	14432246	114222263	96863772	47375136	0	0
FFQ	108	0	0	19	0	0	220164	0	462327	998358	430740	872707	1683214	2794239	369837	0	0	0	560254	187516	0	0	0	1295122	5055423	1414075	2884914	3919618	1128560	0	898583	14473923	114174783	97025349	47445044	0	0
FFQ	109	0	0	0	0	0	223807	0	470659	1017386	435306	885542	1703168	2825820	374277	0	0	0	569130	191381	0	0	0	1312175	933288	5565354	2912346	3957561	1141318	0	908152	0	14430543	114148471	96921032	47368053	0
FFQ	110	0	0	43	0	0	225775	0	481132	1040057	441961	907380	1732192	2871942	378087	0	0	0	580497	192290	0	0	0	1330186	5090425	1453264	2953524	4025764	1151346	0	926250	14388121	114041355	96808977	47274201	0	0
FFQ	111	0	0	0	0	0	227996	0	492901	1056056	449245	926650	1755839	2917201	384916	0	0	0	587357	193189	0	0	0	1350417	962915	5590270	2994869	4066673	1161843	0	936712	0	14396682	113892753	96714349	47235936	0
FFQ	112	0	0	51	0	0	227743	0	493175	1068599	452984	934125	1764155	2936673	386410	0	0	0	591303	192704	0	0	0	1351840	969381	5601052	3000489	4070765	1165530	0	938073	0	14394733	113892356	96621377	47241251	0
FFQ	113	0	0	0	0	0	231062	0	486215	1057417	449658	929928	1746390	2904461	387575	0	0	0	581541	193862	0	0	0	1341313	955897	5598817	2995010	4029873	1159012	0	923156	0	14474336	113930728	96676650	47241868	0
FFQ	114	0	0	52	0	0	231702	0	486411	1048528	451263	925770	1751736	2905432	391510	0	0	0	574667	195662	0	0	0	1342955	5090456	1471348	2982732	4016730	1156940	0	914410	14475769	113919645	96708006	47253045	0	0
FFQ	115	0	0	0	0	0	237299	0	504494	1082656	456586	954767	1796445	2967906	401809	0	0	0	594900	200263	0	0	0	1375455	5119473	1502073	3044139	4104681	1179330	0	937899	14406680	113741613	96543583	47142718	0	0
FFQ	116	0	0	0	0	0	236220	0	507308	1098051	457930	957269	1795002	2985705	394385	0	0	0	603200	197834	0	0	0	1375060	984108	5644764	3044142	4117929	1179610	0	950977	0	14368552	113713515	96559715	47123493	0
FFQ	117	0	0	0	0	0	235200	0	503089	1071263	455863	950849	1785943	2967140	393008	0	0	0	584245	197701	0	0	0	1371765	962948	5627958	3034967	4101719	1176233	0	927771	0	14412233	113721193	96732502	47081179	0
FFQ	118	0	0	5	0	0	237362	0	515630	1104327	462798	977252	1822598	3024334	406853	0	0	0	597898	199532	0	0	0	1394229	986112	5658690	3092947	4159542	1195186	0	943042	0	14367283	113651428	96530514	46967207	0
FFQ	119	0	0	0	0	0	239510	0	535378	1146831	476631	1007282	1872983	3091530	412582	0	0	0	621224	200191	0	0	0	1428128	5117109	1563117	3153169	4251324	1216948	0	973230	14350951	113412997	96329661	46893993	0	0
FFQ	120	0	0	127	0	0	243308	0	535855	1145424	480083	1013836	1864373	3098660	410667	0	0	0	623658	201255	0	0	0	1430287	5149484	1556072	3154046	4255275	1216988	0	973425	14358217	113378502	96258849	46946378	0	0
FFQ	121	0	0	0	0	0	244742	0	538315	1144470	478593	1014697	1870540	3112210	415239	0	0	0	613198	202579	0	0	0	1429620	1008904	5683413	3157867	4229001	1215803	0	955651	0	14333183	113395785	96309576	46941383	0
FFQ	122	0	0	0	0	0	245891	0	547469	1156577	484840	1030921	1897495	3146832	422880	0	0	0	616584	204650	0	0	0	1442691	5144774	1575357	3181738	4260120	1223460	0	960830	14304943	113259121	96315838	46871758	0	0
FFQ	123	0	0	0	0	0	242820	0	525803	1124461	474450	998501	1856698	3093657	422532	0	0	0	602221	198381	0	0	0	1407498	989445	5642431	3119328	4181322	1203501	0	943714	0	14356016	113519016	96386272	47006702	0
FFQ	124	0	0	0	0	0	245798	0	527744	1107098	468543	996694	1838024	3055974	423527	0	0	0	581054	202956	0	0	0	1407046	973584	5661286	3114454	4112022	1201259	0	913360	0	14379964	113515214	96603370	46965798	0
FFQ	125	0	0	0	0	0	247771	0	548364	1156627	484766	1036346	1898227	3153092	434181	0	0	0	609903	205030	0	0	0	1445575	1011000	5708512	3193257	4237481	1229189	0	950098	0	14349311	113288811	96288872	46818356	0
FFQ	126	0	0	0	0	0	252886	0	567280	1188713	496023	1068448	1935774	3217343	438462	0	0	0	626234	209224	0	0	0	1483309	1039282	5735629	3259146	4329446	1252484	0	975209	0	14336829	113049606	96074789	46758653	0
FFQ	127	0	0	0	0	0	253354	0	565321	1201821	498026	1068308	1940534	3240919	439102	0	0	0	635357	208351	0	0	0	1481813	1043403	5740778	3266792	4360627	1254699	0	985942	0	14305170	113030359	96036833	46737260	0
FFQ	128	0	0	48	0	0	254595	0	562878	1181622	491290	1063478	1933208	3211079	441852	0	0	0	618631	210553	0	0	0	1475011	1026341	5760268	3242387	4301589	1248027	0	961205	0	14304940	113101633	96163447	46740687	0
FFQ	129	0	0	55	0	0	256502	0	587348	1216690	504329	1098919	1978821	3281758	447619	0	0	0	633713	210420	0	0	0	1512208	1046880	5740664	3311529	4382780	1270119	0	982698	0	14321207	112894280	95963892	46652338	0
FFQ	130	0	0	2	0	0	259931	0	604741	1261455	521451	1140358	2025678	3366578	453511	0	0	0	657445	216081	0	0	0	1552890	1091796	5778728	3401204	4503103	1295390	0	1014504	0	14262280	112564958	95826756	46495929	0
FFQ	131	0	0	0	0	0	259356	0	590191	1243187	515845	1118414	1995869	3337868	447543	0	0	0	655209	211251	0	0	0	1528521	1070999	5771919	3358997	4465954	1281231	0	1010379	0	14317847	112694072	95851762	46568355	0
FFQ	132	0	0	0	0	0	259761	0	579950	1211224	504476	1095657	1968386	3287446	454359	0	0	0	833986	0	0	0	1500548	1038843	5760667	3303878	4339313	1259182	0	963352	0	14345997	112844084	96127441	46616219	0	0
FFQ	133	0	0	0	0	0	263898	0	605218	1250582	516222	1137437	2027624	3364150	464697	0	0	0	642259	215256	0	0	0	1542235	1066905	5782853	3384424	4446376	1293773	0	990338	0	14260017	112617886	95968854	46453765	0
FFQ	134	0	0	0	0	0	266562	0	627538	1289793	532890	1177004	2082766	3455555	472689	0	0	0	663203	218503	0	0	0	1586621	1104203	5806850	3466955	4576807	1317057	0	1022205	0	14215024	112410343	95656126	46346075	0
FFQ	135	0	0	1012	0	0	269346	0	627775	1302369	537778	1182905	2083618	3478537	475086	0	0	0	667908	219378	0	0	0	1590276	1109949	5827929	3480453	4586608	1320054	0	1027655	0	14242228	112358388	95568936	46336581	0
FFQ	136	0	0	95	0	0	271372	0	632540	1298558	540762	1193550	2080486	3456658	476750	0	0	0	658985	221610	0	0	0	1601357	1110207	5880186	3483253	4562591	1320408	0	1015772	0	14255349	112357791	95635107	46241382	0
FFQ	137	0	0	0	0	0	274732	0	637327	1315171	546936	1206172	2103801	3494718	482680	0	0	0	672485	225984	0	0	0	1611097	1117640	5901579	3510330	4621688	1328238	0	1029798	0	14221159	112312694	95435562	46244978	0
FFQ	138	0	0	0	0	0	271996	0	634580	1302935	539711	1196343	2092557	3489158	489435	0	0	0	659015	221537	0	0	0	1598010	1098673	5865969	3501095	4568414	1324107	0	1013307	0	14224054	112418865	95496129	46288879	0
FFQ	139	0	0	12	0	0	278601	0	653862	1329778	545761	1227966	2125119	3526439	489006	0	0	0	669148	226761	0	0	0	1632771	1123524	5879463	3545929	4622914	1344707	0	1025480	0	14194425	112161692	95527564	46163847	0
FFQ	140	0	0	0	0	0	276341	0	663033	1360826	558895	1257370	2156312	3588499	486963	0	0	0	687240	225813	0	0	0	1656211	1142586	5910361	3601993	4713703	1356206	0	1048953	0	14167980	112003506	95316838	46115140	0
FFQ	141	0	0	0	0	0	272037	0	658390	1343743	555583	1246085	2141660	3581109	496798	0	0	0	671870	221865	0	0	0	1642579	1122308	5858766	3584235	4666090	1354119	0	1029861	0	14200422	112023796	95461696	46161757	0
FFQ	142	0	0	15	0	0	278862	0	687974	1388180	569126	1299265	2203731	3657959	507303	0	0	0	692247	229066	0	0	0	1696187	1164826	5884082	3686707	4775435	1390390	0	1056826	0	14152481	111760485	95213721	45999901	0
FFQ	143	0	0	0	0	0	277243	0	670316	1373873	569081	1273260	2169460	3637820	498350	0	0	0	692303	222146	0	0	0	1665459	1152664	5879609	3635736	4735793	1369362	0	1056913	0	14199995	111955656	95173695	46086035	0
FFQ	144	0	0	0	0	0	279828	0	674977	1355989	559710	1280530	2172219	3585935	507819	0	0	0	665804	230474	0	0	0	1672418	1137803	5919208	3639442	4667448	1368844	0	1016253	0	14186278	111862003	95478627	46033160	0
FFQ	145	0	0	0	0	0	284187	0	694854	1411389	580099	1316796	2223198	3716683	511628	0	0	0	703938	228761	0	0	0	1702011	1172729	5947272	3714581	4820854	1387544	0	1067016	0	14117107	111674949	95100865	45918308	0
FFQ	146	0	0	16	0	0	0	285243	0	696966	1404647	578953	1331473	2232656	3706876	524722	0	0	0	689281	232844	0	0	0	1711677	5263349	1852065	3729888	4794049	1396720	0	1046362	14159018	111589768	95145301	45922895	0
FFQ	147	0	0	0	0	0	0	287227	0	707821	1423035	590905	1341118	2250346	3753267	526320	0	0	0	931654	0	0	0	1724095	1178736	5968261	3749412	4828614	1399871	0	1062960	0	14157719	111573379	95018620	45821409	0
FFQ	148	0	0	0	0	0	0	294202	0	740457	1463020	603981	1389643	2311456	3830636	541168	0	0	0	950964	0	0	0	1779709	1207979	5995289	3832805	4922988	1429803	0	1076279	0	14073029	111281176	94949891	45620294	0
FFQ	149	0	0	1	0	0	0	298115	0	754480	1515212	620887	1426526	2353642	3931391	538384	0	0	0	987471	0	0	0	1811902	1250136	6023792	3919152	5089267	1453805	0	1129157	0	14014062	111137811	94493310	45546266	0
FFQ	150	0	0	959	0	0	0	295367	0	737645	1477406	606234	1404831	2310838	3850907	539699	0	0	0	959764	0	0	0	1788530	5315243	1915578	3873070	4982484	1438307	0	1091307	14060539	111263404	94738317	45644340	0	0
# Last Fragment Qualities. Use `grep ^LFQ | cut -f 2-` to extract this part.
# Columns correspond to qualities and rows to cycles. First column is the cycle number.
LFQ	1	0	0	0	0	0	0	0	0	0	0	0	5001619	0	0	0	0	0	0	0	0	0	0	0	0	8192151	0	0	0	0	285106873	0	0	0	0	0	0
LFQ	2	0	0	478	0	0	0	0	0	125913	0	288997	442176	273849	565970	797498	1580262	183377	0	0	0	376758	0	0	4459649	1007080	576921	868005	2340565	2624948	734280	12867856	113262171	98276477	56647413	0	0
LFQ	3	0	0	215	0	0	0	0	0	67562	0	215495	527697	217033	379457	835627	1698517	201645	0	0	0	236976	79904	0	3342664	0	801932	679601	955730	2102262	2569320	15630346	113991578	97830670	55936412	0	0
LFQ	4	0	0	3415	0	0	0	0	0	62684	0	230184	547881	193584	460177	839188	1647064	196889	0	0	0	270097	79319	0	3771147	0	801484	765524	891055	2385417	2442086	15367737	116167217	98134338	53044156	0	0
LFQ	5	0	0	144	0	0	0	0	0	72468	0	241724	547676	181294	452770	896915	1707859	184841	0	0	0	319407	85513	0	4028283	0	806608	751478	862326	2193217	2566060	14676094	118109479	99471461	50145026	0	0
LFQ	6	0	0	64	0	0	0	72204	0	240197	526197	203959	467121	858731	1749658	192545	0	0	0	285667	86429	0	0	4001811	818140	724282	864593	2252982	2522876	721222	14842140	118505533	98851619	49512673	0	0	0
LFQ	7	0	0	0	0	0	0	80798	0	236272	542560	206374	477848	901566	1808014	189373	0	0	0	300780	96753	0	0	0	5245620	759486	881226	2252458	2584824	716411	0	15187567	118831390	98299983	48701340	0	0
LFQ	8	0	0	0	0	0	0	77339	0	247218	552055	213286	491687	907640	1839780	199614	0	0	0	292846	89400	0	0	0	4867413	751776	898069	2272941	2542383	724574	0	15295416	118049022	98262543	49725641	0	0
LFQ	9	0	0	0	0	0	0	81083	0	246188	552817	218206	510111	945639	1917978	195385	0	0	0	313195	94018	0	0	0	4940201	746657	890501	2301365	2605843	765843	0	15286926	117783547	97936726	49968414	0	0
LFQ	10	0	0	0	0	0	0	84522	0	259593	572672	223306	535933	945290	1964003	195403	0	0	0	318501	94994	0	0	0	4997742	782594	892535	2314579	2573502	783163	0	15198926	117084413	98460855	50018117	0	0
LFQ	11	0	0	0	0	0	0	86798	0	255281	570756	231209	546109	963269	1985847	198262	0	0	0	409878	0	0	0	827847	4907776	916001	2322358	2594356	769029	0	642380	14733773	117432680	97930604	49976430	0	0
LFQ	12	0	0	0	0	0	0	85959	0	254141	556330	227143	555337	941914	1937115	194696	0	0	0	303640	95761	0	0	0	5003396	749281	898707	2285015	2532244	768980	0	15352198	117247673	97934946	50376167	0	0
LFQ	13	0	0	0	0	0	0	89583	0	258978	570031	230264	579901	960681	1961637	193211	0	0	0	305945	98672	0	0	0	5044943	756535	905771	2300725	2564453	779614	0	15340656	116954056	97633279	50771708	0	0
LFQ	14	0	0	3	0	0	0	90340	0	270903	582785	237678	603559	995468	2034892	196431	0	0	0	313371	101028	0	0	0	5028881	752788	922512	2351695	2654745	805528	0	15264727	116704276	97388417	51000616	0	0
LFQ	15	0	0	0	0	0	0	90645	0	266391	579120	238284	615437	993481	1990050	191953	0	0	0	310713	96615	0	0	0	4971007	752522	914878	2316499	2608029	794584	0	15298378	116957196	97326697	50988164	0	0
LFQ	16	0	0	0	0	0	0	93235	0	272584	587530	241875	623513	1010321	2033491	194677	0	0	0	412238	0	0	0	860138	4873862	928431	2330481	2644465	802128	0	658465	14602990	116542201	97780375	50807643	0	0
LFQ	17	0	0	63	0	0	0	93436	0	277313	585935	249857	636997	1012559	2037443	197350	0	0	0	410328	0	0	0	868066	4841677	931413	2314518	2627357	803908	0	647307	14684881	116655870	97682457	50741908	0	0
LFQ	18	0	0	0	0	0	0	93961	0	289006	606118	251821	663959	1027104	2034130	197465	0	0	0	424026	0	0	0	883465	4891311	931409	2334767	2656204	817529	0	670754	14750469	116623144	97730604	50423397	0	0
LFQ	19	0	0	0	0	0	0	98588	0	287551	616713	257206	672847	1054508	2057032	199378	0	0	0	432889	0	0	0	886678	4956164	947263	2344192	2704751	820425	0	679563	14550743	116788896	97719178	50226078	0	0
LFQ	20	0	0	0	0	0	0	98603	0	293103	613695	260920	691051	1054524	2059888	201655	0	0	0	425772	0	0	0	881211	4839947	949463	2337882	2668820	807227	0	664183	14533602	116681511	98151763	50085823	0	0
LFQ	21	0	0	0	0	0	0	101082	0	300362	628024	266748	703795	1068343	2090742	209093	0	0	0	431780	0	0	0	897212	4885699	966882	2365932	2707791	819051	0	668078	14553886	116714464	97946291	49975388	0	0
LFQ	22	0	0	0	0	0	0	105167	0	306903	637040	275689	736928	1095456	2119727	209985	0	0	0	444828	0	0	0	914319	4892552	974737	2400109	2734253	852046	0	687531	14673489	116632558	97722809	49884517	0	0
LFQ	23	0	0	662	0	0	0	108753	0	308359	645908	280202	739259	1101431	2100374	208737	0	0	0	448657	0	0	0	919280	4955623	983336	2382476	2737284	844922	0	696907	14778652	116548904	97712466	49798451	0	0
LFQ	24	0	0	0	0	0	0	113351	0	321293	671525	282556	754605	1122240	2157903	209863	0	0	0	463020	0	0	0	943986	5005645	1011420	2432623	2814280	861093	0	714934	14588320	116304386	97958638	49568962	0	0
LFQ	25	0	0	3	0	0	0	112680	0	331277	677319	290668	788163	1144671	2178654	211232	0	0	0	466263	0	0	0	967406	4958746	1025115	2456766	2853325	872555	0	714582	14656338	116149060	98021685	49424135	0	0
LFQ	26	0	0	11	0	0	0	115206	0	326823	680595	296172	780938	1159508	2188242	217365	0	0	0	469647	0	0	0	955842	4957612	1035813	2435514	2864419	867955	0	714531	14641130	116174298	97958585	49460437	0	0
LFQ	27	0	0	13	0	0	0	115710	0	329379	671255	290674	789458	1153093	2166409	218332	0	0	0	460645	0	0	0	955595	4945057	1021575	2425454	2834481	871106	0	702814	14631257	116455408	97866304	49396624	0	0
LFQ	28	0	0	0	0	0	0	117060	0	342283	692299	297483	809811	1177377	2211649	223365	0	0	0	470900	0	0	0	972201	4886251	1034626	2464484	2879368	889987	0	712088	14606158	116205431	98016554	49291268	0	0
LFQ	29	0	0	0	0	0	0	122086	0	341406	705765	307298	826485	1201986	2238300	225552	0	0	0	476582	0	0	0	984970	4869006	1059239	2492021	2916621	890648	0	716554	14677600	116114139	97847127	49287258	0	0
LFQ	30	0	0	1	0	0	0	122024	0	349199	700946	308441	845651	1198732	2242255	226373	0	0	0	478861	0	0	0	995061	4943402	1055897	2506935	2927968	904847	0	715075	14628674	115899292	98048248	49202761	0	0
LFQ	31	0	0	0	0	0	0	126661	0	348380	723566	311004	853942	1229462	2259009	230238	0	0	0	490350	0	0	0	997439	4997012	1078193	2522398	2975969	898178	0	724129	14537736	116054032	97858612	49084333	0	0
LFQ	32	0	0	0	0	0	0	127098	0	357305	746716	318350	869141	1240448	2284176	233074	0	0	0	495651	0	0	0	1014390	4952333	1100467	2555356	3016757	902871	0	734545	14618489	115969228	97753039	49011209	0	0
LFQ	33	0	0	0	0	0	0	129383	0	361407	759421	326147	878778	1250549	2303424	234521	0	0	0	505103	0	0	0	1008872	4955283	1089611	2552911	3013600	906677	0	745479	14554652	115956895	97831457	48936473	0	0
LFQ	34	0	0	0	0	0	134874	0	376204	767252	325136	909764	1277078	2341608	241307	0	0	0	379930	128037	0	0	0	1039043	4964805	1102636	2603180	3061152	931822	0	742751	14577089	115856602	97770667	48769706	0	0
LFQ	35	0	0	0	0	0	0	135375	0	370372	767997	331717	908449	1282392	2322515	244378	0	0	0	504792	0	0	0	1031924	4964027	1105742	2573227	3030596	914222	0	735686	14602505	116139871	97639711	48695145	0	0
LFQ	36	0	0	24	0	0	137878	0	377033	789135	330900	914359	1289577	2347827	246337	0	0	0	386311	129559	0	0	0	1044527	4996743	1123676	2611576	3086722	917648	0	747612	14593015	115871250	97750300	48608634	0	0
LFQ	37	0	0	47	0	0	139849	0	374892	791840	341461	926608	1307365	2372179	248914	0	0	0	388487	129976	0	0	0	1042972	4996467	1140658	2620720	3099773	918376	0	751320	14559621	115804455	97678088	48666575	0	0
LFQ	38	0	0	0	0	0	141762	0	394588	812781	343110	949204	1328576	2400762	253348	0	0	0	394616	131657	0	0	0	1070427	4996541	1151388	2658261	3143928	943406	0	760282	14556126	115745165	97539046	48585669	0	0
LFQ	39	0	0	2	0	0	142185	0	391852	814691	350618	956856	1325963	2404654	253552	0	0	0	393154	131178	0	0	0	1071271	4939449	1166317	2673374	3147928	932214	0	755043	14569455	115543484	97726523	48610880	0	0
LFQ	40	0	0	5	0	0	146697	0	397304	839979	352494	976500	1352333	2437925	257806	0	0	0	401779	133429	0	0	0	1082336	4947180	1171632	2701115	3188923	948878	0	767788	14588068	115514024	97530447	48564001	0	0
LFQ	41	0	0	9	0	0	151532	0	405190	847729	357360	1001189	1372381	2453233	263794	0	0	0	540526	0	0	0	1104137	859125	5361939	2733074	3225291	960400	0	769064	0	14588375	115372847	97453713	48479735	0	0
LFQ	42	0	0	0	0	0	149471	0	397566	850667	363839	981531	1380497	2455213	264049	0	0	0	411938	134189	0	0	0	1079688	5051389	1181534	2686171	3198624	940586	0	780331	14549046	115493356	97431863	48519095	0	0
LFQ	43	0	0	0	0	0	154000	0	415875	851667	359894	999726	1393642	2483642	273438	0	0	0	539943	0	0	0	1099089	845889	5343597	2728375	3189315	959587	0	760295	0	14506985	115320654	97515988	48559042	0	0
LFQ	44	0	0	1	0	0	158055	0	425129	916311	370981	1026433	1426982	2550743	271343	0	0	0	568706	0	0	0	1128703	903414	5366606	2799519	3319094	978449	0	804411	0	14513621	115133760	97158600	48479782	0	0
LFQ	45	0	0	396	0	0	157538	0	420899	881895	375777	1030798	1429359	2534321	275861	0	0	0	553408	0	0	0	1122897	870951	5386152	2765959	3267427	971538	0	776160	0	14610409	115258858	97197288	48412752	0	0
LFQ	46	0	0	2	0	0	160983	0	427315	893500	374632	1037247	1428391	2541508	279542	0	0	0	561615	0	0	0	1131083	875732	5405093	2787479	3293839	978009	0	786863	0	14569320	115183437	97213912	48371141	0	0
LFQ	47	0	0	90	0	0	164645	0	424951	888484	373137	1046815	1434457	2539081	280893	0	0	0	417485	143877	0	0	0	1127644	5052278	1219975	2790706	3275217	983677	0	777741	14539888	115229639	97240505	48349458	0	0
LFQ	48	0	0	0	0	0	167483	0	446382	933197	384565	1071303	1479004	2606227	284726	0	0	0	577860	0	0	0	1156912	901947	5367488	2834582	3357969	992407	0	799973	0	14446075	115077939	97158398	48256206	0	0
LFQ	49	0	0	0	0	0	168152	0	446581	950979	394433	1074252	1492722	2627755	287487	0	0	0	584254	0	0	0	1161744	907120	5412059	2852519	3393403	994349	0	811168	0	14478709	114909069	97117950	48235938	0	0
LFQ	50	0	0	36	0	0	170143	0	448213	947439	388344	1090181	1501641	2636386	293094	0	0	0	583196	0	0	0	1164425	910811	5448487	2868753	3398589	1003407	0	805476	0	14369126	114885669	97114385	48272842	0	0
LFQ	51	0	0	0	0	0	169505	0	450830	939189	393872	1091374	1497814	2643698	299041	0	0	0	572806	0	0	0	1156764	895031	5369588	2854443	3357121	996204	0	787349	0	14436944	114912547	97201687	48274836	0	0
LFQ	52	0	0	0	0	0	174388	0	460295	960226	399249	1105818	1516676	2671829	300335	0	0	0	582072	0	0	0	1180935	908509	5371288	2892041	3384934	1005656	0	800457	0	14488022	114863614	97097283	48137016	0	0
LFQ	53	0	0	0	0	0	178634	0	464441	979784	401956	1125862	1528558	2695725	297579	0	0	0	598574	0	0	0	1193953	922970	5467752	2919279	3457507	1016966	0	815888	0	14466023	114568059	97148384	48052749	0	0
LFQ	54	0	0	100	0	0	177003	0	463395	977657	404927	1133604	1544705	2701227	305459	0	0	0	591954	0	0	0	1192415	918424	5460182	2920748	3451197	1016292	0	809636	0	14408786	114663413	97079657	48079862	0	0
LFQ	55	0	0	0	0	0	180037	0	465576	992222	408538	1131483	1545306	2710851	305679	0	0	0	599041	0	0	0	1194610	927462	5422573	2919543	3450531	1014715	0	817238	0	14459189	114758869	96899756	48097424	0	0
LFQ	56	0	0	732	0	0	182936	0	470698	994446	406209	1135822	1548785	2713754	304397	0	0	0	601317	0	0	0	1198440	927135	5430418	2936796	3460351	1020994	0	815083	0	14465975	114701026	96873965	48111364	0	0
LFQ	57	0	0	107	0	0	183595	0	470926	985643	410329	1143403	1560376	2712323	311730	0	0	0	599148	0	0	0	1200790	916545	5464242	2932768	3454760	1017514	0	806078	0	14429579	114785315	96915784	47999688	0	0
LFQ	58	0	0	0	0	0	189510	0	486458	1037751	419381	1171191	1597993	2799180	319050	0	0	0	619309	0	0	0	1226534	949870	5499511	2993566	3538919	1032136	0	829657	0	14458137	114518853	96706996	47906641	0	0
LFQ	59	0	0	0	0	0	194957	0	502332	1060412	433000	1201116	1634167	2851424	325946	0	0	0	636038	0	0	0	1257906	970428	5508169	3042296	3610824	1052469	0	848212	0	14427834	114320661	96570451	47852001	0	0
LFQ	60	0	0	0	0	0	191355	0	493375	1061334	433974	1186513	1626530	2836302	327107	0	0	0	628683	0	0	0	1241312	963247	5478349	3007528	3575949	1042294	0	841357	0	14433795	114295795	96619718	48016126	0	0
LFQ	61	0	0	0	0	0	196738	0	506586	1068453	429949	1208716	1641672	2856791	325687	0	0	0	636564	0	0	0	1261174	967661	5503254	3059986	3604539	1058276	0	842583	0	14419377	114144653	96711009	47856975	0	0
LFQ	62	0	0	0	0	0	197565	0	513249	1087543	440565	1228112	1669230	2909421	329063	0	0	0	647875	0	0	0	1276787	985017	5498243	3083867	3664008	1067764	0	864145	0	14385597	114017732	96614999	47819861	0	0
LFQ	63	0	0	15	0	0	197732	0	505391	1067117	441444	1219559	1653697	2888945	336741	0	0	0	630785	0	0	0	1256511	958904	5512187	3053980	3590714	1054314	0	831252	0	14384372	114012236	96830271	47874476	0	0
LFQ	64	0	0	0	0	0	204774	0	521161	1113327	443728	1233864	1686327	2940754	341827	0	0	0	652418	0	0	0	1283665	987222	5580790	3104283	3673977	1071780	0	857210	0	14384635	113918061	96605180	47695660	0	0
LFQ	65	0	0	0	0	0	205479	0	519514	1101280	449928	1241123	1698162	2941372	342755	0	0	0	650595	0	0	0	1277565	977371	5524688	3090547	3668828	1065347	0	856051	0	14322498	114129232	96523221	47715087	0	0
LFQ	66	0	0	0	0	0	206711	0	531281	1113457	452190	1248782	1711415	2974902	348222	0	0	0	647285	0	0	0	1287685	983622	5516152	3105604	3664964	1070919	0	846040	0	14343227	114016628	96537914	47693643	0	0
LFQ	67	0	0	0	0	0	211958	0	543895	1161602	462633	1276438	1742778	3028908	352570	0	0	0	668024	0	0	0	1316983	1016304	5554353	3160852	3755617	1092228	0	870590	0	14375592	113813688	96320257	47575373	0	0
LFQ	68	0	0	0	0	0	212447	0	533280	1124141	460913	1274779	1727892	2999356	350554	0	0	0	659167	0	0	0	1305487	991023	5573203	3135963	3724557	1084788	0	859090	0	14409648	113858594	96345806	47669955	0	0
LFQ	69	0	0	152	0	0	213351	0	537093	1115693	454836	1279611	1727486	2999221	358713	0	0	0	654395	0	0	0	1309902	981040	5567040	3149865	3703564	1089067	0	846738	0	14370074	113960467	96347845	47634490	0	0
LFQ	70	0	0	0	0	0	219086	0	548542	1147399	458863	1301216	1751919	3037431	354391	0	0	0	672159	0	0	0	1328415	1007184	5564875	3184052	3754474	1101519	0	868408	0	14342159	113739292	96372577	47546682	0	0
LFQ	71	0	0	0	0	0	217725	0	552563	1154722	467243	1314288	1763648	3073189	355245	0	0	0	669681	0	0	0	1333111	1004001	5569573	3193981	3781766	1108666	0	868241	0	14365465	113488932	96466370	47552233	0	0
LFQ	72	0	0	795	0	0	221378	0	563263	1174214	476830	1331187	1807240	3121318	374706	0	0	0	677151	0	0	0	1346061	1004924	5563986	3217248	3806334	1114663	0	869269	0	14311043	113427698	96335633	47555702	0	0
LFQ	73	0	0	0	0	0	225657	0	577252	1213655	486734	1345814	1837806	3166887	378710	0	0	0	699366	0	0	0	1368386	1036757	5600877	3259979	3875012	1122979	0	891434	0	14259085	113408656	96102095	47443502	0	0
LFQ	74	0	0	0	0	0	225067	0	577843	1214154	489054	1346331	1833892	3176608	379644	0	0	0	694782	0	0	0	1366442	1038372	5583881	3256221	3860383	1121224	0	885630	0	14305122	113410899	96115882	47419212	0	0
LFQ	75	0	0	0	0	0	228185	0	576487	1206239	489048	1347880	1826127	3160767	379169	0	0	0	690021	0	0	0	1364603	1025850	5597555	3243709	3826753	1120080	0	874762	0	14351235	113436080	96100347	47455746	0	0
LFQ	76	0	0	0	0	0	230884	0	578928	1212308	491678	1355027	1847961	3197836	381528	0	0	0	698150	0	0	0	1368051	1026479	5616048	3255007	3854503	1124760	0	882332	0	14319916	113297515	96154882	47406850	0	0
LFQ	77	0	0	0	0	0	233061	0	588707	1225400	489479	1366846	1864237	3219530	389819	0	0	0	699241	0	0	0	1381713	1033378	5621982	3280441	3895962	1138089	0	882772	0	14278508	113252797	96146055	47312626	0	0
LFQ	78	0	0	0	0	0	237035	0	602578	1251079	499636	1396198	1890986	3267198	394000	0	0	0	713365	0	0	0	1407299	1054921	5626035	3334000	3951958	1152591	0	896456	0	14284361	113095482	95980042	47265423	0	0
LFQ	79	0	0	0	0	0	238142	0	608872	1278491	503635	1406077	1905087	3300032	391882	0	0	0	724347	0	0	0	1416658	1074425	5648438	3356621	3994808	1161769	0	913020	0	14217830	113002386	95933133	47224990	0	0
LFQ	80	0	0	0	0	0	238497	0	599250	1247287	502786	1402053	1888120	3279956	391942	0	0	0	712843	0	0	0	1405849	1050328	5652641	3332490	3959837	1154184	0	894713	0	14271905	113079694	96011842	47224426	0	0
LFQ	81	0	0	1430	0	0	241361	0	602746	1257041	502708	1403707	1896464	3287645	400623	0	0	0	715896	0	0	0	1412842	1054972	5651728	3345792	3967713	1154110	0	899346	0	14243357	113030854	95997800	47232508	0	0
LFQ	82	0	0	0	0	0	247599	0	617201	1284202	510739	1424340	1922521	3324675	402753	0	0	0	732007	0	0	0	1435563	1069106	5686941	3379607	4016945	1165940	0	912046	0	14260264	112859800	95895590	47152804	0	0
LFQ	83	0	0	0	0	0	246109	0	618747	1293471	516811	1428327	1943081	3350552	406263	0	0	0	731974	0	0	0	1437162	1069814	5691160	3382778	4027015	1169649	0	913849	0	14289296	112816364	95833925	47134296	0	0
LFQ	84	0	0	1649	0	0	246978	0	623231	1295713	517779	1434575	1950583	3361014	410921	0	0	0	732688	0	0	0	1440625	1067697	5681466	3391252	4020496	1173383	0	909712	0	14276852	112865309	95813730	47084990	0	0
LFQ	85	0	0	2	0	0	251281	0	638340	1332021	521793	1455839	1976046	3418281	414081	0	0	0	748636	0	0	0	1469045	1092661	5691219	3443356	4094382	1186631	0	932580	0	14235646	112658534	95794265	46946004	0	0
LFQ	86	0	0	0	0	0	252847	0	644197	1332985	529374	1477275	1992192	3440545	420683	0	0	0	747250	0	0	0	1478527	1093725	5701271	3467039	4118683	1199941	0	925694	0	14241438	112578431	95683494	46975052	0	0
LFQ	87	0	0	4	0	0	260928	0	664852	1380925	539685	1514788	2044148	3515189	427098	0	0	0	777586	0	0	0	1515876	1130815	5777049	3540905	4230492	1221611	0	957618	0	14175354	112336138	95395642	46893940	0	0
LFQ	88	0	0	0	0	0	256785	0	653475	1366674	547192	1491811	2034815	3510733	426909	0	0	0	768502	0	0	0	1488110	1108865	5765285	3482625	4173771	1203006	0	947452	0	14126118	112488649	95482874	46976992	0	0
LFQ	89	0	0	19	0	0	262365	0	664709	1359682	538733	1506177	2041614	3519462	435539	0	0	0	758587	0	0	0	1499590	1100957	5709221	3501238	4160057	1213882	0	927052	0	14149001	112467900	95581854	46903004	0	0
LFQ	90	0	0	0	0	0	264397	0	658954	1373359	547000	1504056	2042898	3519418	436243	0	0	0	761289	0	0	0	1497728	1107047	5698107	3492543	4157832	1206109	0	934584	0	14215517	112454941	95545209	46883412	0	0
LFQ	91	0	0	652	0	0	267961	0	660530	1362574	541925	1509189	2042807	3509070	440130	0	0	0	764886	0	0	0	1500547	1097990	5779891	3498235	4145180	1210496	0	927709	0	14215047	112416537	95551588	46857699	0	0
LFQ	92	0	0	0	0	0	268321	0	669265	1376457	548939	1524210	2062656	3537334	450517	0	0	0	774257	0	0	0	1512624	1114480	5777069	3524481	4189829	1222985	0	939234	0	14146375	112370653	95446883	46844074	0	0
LFQ	93	0	0	0	0	0	279625	0	697341	1445208	561927	1565727	2119435	3625870	449483	0	0	210881	594462	0	0	1561625	1163430	1698942	7735730	4321691	1250100	0	970414	0	0	14114657	112016250	95223693	46694152	0	0
LFQ	94	0	0	0	0	0	276025	0	703161	1473452	576884	1579468	2143161	3685244	444782	0	0	204476	605934	0	0	1576281	1176201	1707887	7762412	4385421	1252580	0	986575	0	0	14168049	111913867	95005781	46673002	0	0
LFQ	95	0	0	278	0	0	277166	0	709958	1453429	575612	1596314	2149065	3679718	459912	0	0	209217	594101	0	0	1579371	1153083	1720653	7773779	4359537	1258369	0	970805	0	0	14142504	111844955	95131884	46660933	0	0
LFQ	96	0	0	0	0	0	273876	0	704876	1479014	576288	1596825	2156596	3692448	459643	0	0	0	814183	0	0	0	1576715	1174616	5797638	3648251	4383282	1259512	0	988385	0	14092314	111865470	95161358	46599353	0	0
LFQ	97	0	0	0	0	0	275783	0	706203	1452014	570164	1590398	2134749	3669301	458526	0	0	0	798142	0	0	0	1562525	1151615	5773459	3618979	4309287	1252936	0	961429	0	14150812	111969173	95261982	46633166	0	0
LFQ	98	0	0	0	0	0	281256	0	719775	1463725	579305	1623989	2173575	3720066	467724	0	0	0	805419	0	0	0	1591429	1155911	5813334	3662319	4347232	1269987	0	962013	0	14112119	111775849	95192974	46582642	0	0
LFQ	99	0	0	0	0	0	285857	0	733877	1500477	596466	1638211	2211437	3780773	468013	0	0	212541	615164	0	0	1613631	1178619	1748730	7825471	4445313	1281928	0	991234	0	0	14073679	111610647	94982366	46506209	0	0
LFQ	100	0	0	0	0	0	285131	0	738921	1523304	593159	1649725	2234127	3818855	479496	0	0	211315	618048	0	0	1617460	1190443	1766371	7785653	4478518	1291088	0	996352	0	0	14053899	111614881	94934609	46419288	0	0
LFQ	101	0	0	0	0	0	292183	0	758996	1550026	600818	1680698	2256026	3865636	480820	0	0	219161	628610	0	0	1651554	1213400	1788242	7871538	4538631	1308036	0	1008713	0	0	14067311	111362448	94839911	46317885	0	0
LFQ	102	0	0	0	0	0	291788	0	762164	1565441	615525	1704614	2279448	3886711	488521	0	0	219566	629997	0	0	1663879	1220121	1797658	7903487	4545668	1305036	0	1006737	0	0	14069840	111373383	94688776	46282283	0	0
LFQ	103	0	0	63	0	0	295877	0	764228	1570554	618997	1698232	2287282	3903199	485165	0	0	218950	636391	0	0	1665520	1222834	1798666	7892359	4572580	1304867	0	1014435	0	0	14091725	111335252	94648070	46275397	0	0
LFQ	104	0	0	0	0	0	300685	0	782097	1596310	619580	1725179	2311455	3951396	496693	0	0	224924	645356	0	0	1692099	1235757	1827603	7951242	4630105	1326896	0	1028758	0	0	14037671	111165451	94539709	46211677	0	0
LFQ	105	0	0	3	0	0	302961	0	789470	1634770	640663	1742950	2351423	4010413	503338	0	0	226128	658549	0	0	1712594	1257555	1848991	7991545	4703006	1331691	0	1044949	0	0	14023985	110955856	94413496	46156307	0	0
LFQ	106	0	0	0	0	0	306659	0	802208	1652539	639761	1758135	2372049	4037939	503608	0	0	229073	664578	0	0	1726820	1262863	1865261	8037839	4728313	1339074	0	1046266	0	0	14021735	110896931	94348058	46060934	0	0
LFQ	107	0	0	0	0	0	300008	0	789004	1632357	638115	1745979	2356220	4018541	501693	0	0	223366	653826	0	0	1701716	1249711	1845370	7980668	4675474	1328141	0	1037366	0	0	14002720	111033170	94390896	46196302	0	0
LFQ	108	0	0	0	0	0	304876	0	790632	1601946	633481	1750411	2345979	4006220	511744	0	0	224051	638412	0	0	1696092	1220254	1832188	7947353	4598386	1330282	0	1010974	0	0	14048454	110965069	94604669	46239170	0	0
LFQ	109	0	0	0	0	0	312522	0	813940	1649359	638009	1777494	2375339	4056596	516669	0	0	229604	652397	0	0	1732715	1251484	1874177	8007981	4682424	1349613	0	1024695	0	0	13998349	110794188	94448456	46114632	0	0
LFQ	110	0	0	0	0	0	307147	0	795987	1634108	640134	1759908	2358981	4029211	511392	0	0	225443	650310	0	0	1712196	1246022	1856802	7991004	4671501	1333766	0	1028612	0	0	13988242	110993775	94444683	46121419	0	0
LFQ	111	0	0	511	0	0	310314	0	811411	1623963	626185	1783041	2372726	4038332	520469	0	0	231821	644496	0	0	1733700	1244267	1872304	8010506	4682394	1354029	0	1018482	0	0	13998145	110839766	94516310	46067471	0	0
LFQ	112	0	0	2	0	0	314204	0	834063	1693298	661299	1824308	2431610	4147222	524048	0	0	231716	670971	0	0	1769105	1287362	1914132	8076716	4797504	1365678	0	1056117	0	0	13976663	110589484	94162301	45972840	0	0
LFQ	113	0	0	0	0	0	316948	0	827249	1699400	661954	1826661	2436710	4143146	531687	0	0	233017	668062	0	0	1765541	1279494	1914575	8084267	4771904	1368256	0	1044631	0	0	14027925	110558205	94175488	45965523	0	0
LFQ	114	0	0	0	0	0	324707	0	844107	1713251	674390	1853648	2477471	4189060	543744	0	0	238315	677592	0	0	1794688	1291093	1935417	8138904	4833442	1378946	0	1056226	0	0	14013395	110425773	94037671	45858803	0	0
LFQ	115	0	0	237	0	0	324502	0	850751	1740159	680813	1856097	2495532	4248776	551156	0	0	238224	691731	0	0	1800366	1307632	1942198	8156332	4876362	1384461	0	1070045	0	0	13934699	110423217	93901189	45826164	0	0
LFQ	116	0	0	0	0	0	329287	0	852998	1724886	673259	1854288	2487164	4214629	545019	0	0	237950	681956	0	0	1795909	1291461	1940536	8130852	4829324	1380602	0	1054705	0	0	13928328	110415483	94081705	45850302	0	0
LFQ	117	0	0	0	0	0	327703	0	861858	1736087	674914	1869571	2504858	4257450	549818	0	0	239069	678104	0	0	1809405	1295575	1959625	8147994	4862644	1391466	0	1051725	0	0	13967694	110277250	94098098	45739735	0	0
LFQ	118	0	0	0	0	0	328653	0	877914	1761583	683417	1899333	2539316	4309864	560447	0	0	242521	686865	0	0	1831772	1311511	1988794	8196660	4920009	1407136	0	1066102	0	0	13914530	110218332	93920222	45635662	0	0
LFQ	119	0	0	0	0	0	331532	0	887963	1786930	693560	1930343	2567133	4354351	566865	0	0	243616	698564	0	0	1848813	1326930	1998176	8224494	4967276	1424489	0	1082489	0	0	13899930	110046817	93826057	45594315	0	0
LFQ	120	0	0	0	0	0	332144	0	896825	1797686	701653	1943654	2582661	4384915	570110	0	0	245225	702276	0	0	1868410	1340620	2006495	8256226	4997760	1431671	0	1083457	0	0	13898083	109926735	93727180	45606857	0	0
LFQ	121	0	0	0	0	0	337347	0	906174	1821453	710708	1954857	2605922	4423907	571476	0	0	248202	711100	0	0	1880888	1351445	2031368	8297065	5048276	1441296	0	1096025	0	0	13854716	109848918	93607924	45551576	0	0
LFQ	122	0	0	0	0	0	339688	0	914822	1824981	713202	1974571	2632742	4476501	577323	0	0	250876	712151	0	0	1889063	1348494	2037248	8315039	5079199	1448420	0	1095805	0	0	13830183	109710929	93625286	45504120	0	0
LFQ	123	0	0	79	0	0	337637	0	913111	1803850	705171	1973889	2612894	4430109	581591	0	0	248460	695969	0	0	1884317	1335290	2028567	8266045	5015795	1444984	0	1077413	0	0	13877879	109846439	93702517	45518637	0	0
LFQ	124	0	0	0	0	0	339712	0	915404	1805272	707462	1972469	2605014	4434105	579705	0	0	250505	694484	0	0	1887655	1335915	2027542	8279936	5006000	1443391	0	1071957	0	0	13887202	109812419	93734367	45510127	0	0
LFQ	125	0	0	0	0	0	345081	0	930327	1830213	720417	2003834	2644032	4488085	589781	0	0	254735	705152	0	0	1916705	1348347	2061809	8336601	5069115	1460152	0	1087510	0	0	13878311	109686556	93538204	45405676	0	0
LFQ	126	0	0	0	0	0	350975	0	956408	1897801	743682	2047219	2717568	4606541	607325	0	0	260527	731146	0	0	1963084	1392584	2110254	8419371	5208165	1487672	0	1117177	0	0	13843004	109316405	93224573	45299162	0	0
LFQ	127	0	0	579	0	0	353070	0	960476	1939977	761638	2052970	2736823	4665658	607395	0	0	258901	753147	0	0	1974458	1411058	2123498	8462604	5281536	1489417	0	1141793	0	0	13783476	109253687	93056892	45231590	0	0
LFQ	128	0	0	0	0	0	355684	0	965084	1921238	747591	2062410	2731939	4630460	610712	0	0	262622	739596	0	0	1973444	1406440	2124637	8484490	5246450	1496875	0	1125711	0	0	13794688	109293529	93127451	45199592	0	0
LFQ	129	0	0	0	0	0	357277	0	991927	1970107	760364	2110567	2786764	4731005	615104	0	0	265581	753381	0	0	2022817	1436365	2172176	8520559	5357048	1524789	0	1148035	0	0	13796117	109025816	92902264	45052580	0	0
LFQ	130	0	0	0	0	0	355727	0	998473	1996704	784100	2138200	2816454	4778437	626495	0	0	266819	765872	0	0	2034733	1449227	2188833	8560434	5402787	1523702	0	1163551	0	0	13746637	108810373	92890397	45002688	0	0
LFQ	131	0	0	0	0	0	369669	0	1034288	2063437	810739	2186177	2881181	4898691	637822	0	0	275360	793329	0	0	2098077	1489110	2244750	8670688	5552664	1555611	0	1193459	0	0	13747452	108409963	92563198	44824978	0	0
LFQ	132	0	0	12708	0	0	368141	0	1026580	2082945	815891	2174559	2884520	4924579	637185	0	0	270952	802365	0	0	2079217	1496988	2234610	8676474	5563513	1547560	0	1206139	0	0	13749183	108517989	92406571	44821974	0	0
LFQ	133	0	0	0	0	0	369078	0	1027459	2035648	801073	2179636	2884072	4866591	649938	0	0	273668	775194	0	0	2069299	1457235	2228942	8620350	5468674	1549225	0	1168148	0	0	13700441	108595313	92735307	44845352	0	0
LFQ	134	0	0	0	0	0	368930	0	1035465	2057242	809229	2193295	2905905	4921272	648755	0	0	272718	790605	0	0	2092872	1481818	2240241	8648497	5553493	1564694	0	1192361	0	0	13671738	108521244	92531233	44799036	0	0
LFQ	135	0	0	13	0	0	370420	0	1040479	2052129	800856	2197174	2886008	4908848	647173	0	0	276484	780156	0	0	2089075	1483935	2247030	8674314	5527580	1567807	0	1182884	0	0	13713378	108520613	92560284	44774003	0	0
LFQ	136	0	0	0	0	0	377967	0	1054996	2069340	818881	2234085	2913401	4926634	659006	0	0	282998	783351	0	0	2125823	1495465	2279800	8760592	5567186	1576659	0	1187442	0	0	13698216	108328032	92504468	44656301	0	0
LFQ	137	0	0	1	0	0	385854	0	1083563	2162981	848213	2278385	2988360	5090694	665928	0	0	290649	823999	0	0	2180003	1550524	2332418	8889252	5780431	1611060	0	1240233	0	0	13623191	108013570	91960480	44500854	0	0
LFQ	138	0	0	0	0	0	380295	0	1070161	2144299	843485	2269142	2987188	5068143	679685	0	0	283623	812412	0	0	2157994	1531352	2317826	8826381	5705043	1601925	0	1220698	0	0	13635164	108183543	92026742	44555542	0	0
LFQ	139	0	0	0	0	0	380275	0	1065127	2118824	823974	2254937	2955641	5022453	670766	0	0	280139	797736	0	0	2136722	1512371	2299255	8762474	5618186	1594472	0	1195890	0	0	13652766	108277409	92287931	44593295	0	0
LFQ	140	0	0	112	0	0	389462	0	1100142	2135005	844993	2308939	3012078	5085410	684041	0	0	289948	801649	0	0	2185180	1517990	2351836	8842136	5687116	1617267	0	1205854	0	0	13618872	107881746	92254142	44486725	0	0
LFQ	141	0	0	0	0	0	390582	0	1130841	2234598	875372	2362453	3089279	5270792	695908	0	0	292326	845923	0	0	2234061	1575608	2399272	8924539	5897391	1651683	0	1260495	0	0	13563509	107538014	91756382	44311615	0	0
LFQ	142	0	0	0	0	228676	0	672817	1333619	526359	1405384	1822685	3069641	419831	0	173229	0	492829	0	1322785	934995	1429681	5196096	3438148	959567	0	732770	0	0	7755569	61633623	52612090	25255337	0	0	0	0
LFQ	143	0	0	0	0	0	226999	0	662254	1315527	528330	1386186	1802571	3042106	417714	0	0	168901	486270	0	0	1301983	918878	1408271	5180627	3384600	945492	0	722676	0	0	7796356	61738758	52682449	25298783	0	0
LFQ	144	0	0	0	0	0	223105	0	632799	1244187	493371	1337308	1733617	2919931	408790	0	0	164310	453870	0	0	1244221	873282	1352687	5116082	3215606	919477	0	678612	0	0	7833885	62082442	53051148	25437001	0	0
LFQ	145	0	0	0	0	0	227758	0	648799	1232415	489231	1360180	1742526	2923056	415058	0	0	170473	445990	0	0	1265426	870874	1377732	5118735	3216185	930166	0	667382	0	0	7815631	61934623	53162702	25400789	0	0
LFQ	146	0	0	0	0	0	225061	0	642531	1248008	501781	1358603	1749276	2944214	419197	0	0	0	617962	0	0	0	1262556	874972	1378829	5122191	3233339	930575	0	678555	0	0	7833971	61950099	53025710	25418301	0
LFQ	147	0	0	0	0	0	228412	0	646097	1232027	490442	1352171	1736669	2903741	418706	0	0	0	611298	0	0	0	1261534	865884	1373748	5115504	3200567	927267	0	666881	0	0	7844289	62002282	53165374	25372838	0
LFQ	148	0	0	0	0	0	239659	0	694501	1331568	525141	1431045	1845882	3094809	440029	0	0	180983	481092	0	0	1336888	924228	1461383	5239216	3412010	973057	0	712358	0	0	7735630	61489930	52741687	25124635	0	0
LFQ	149	0	0	2	0	0	244040	0	719305	1406858	565510	1477860	1911996	3232027	446403	0	181232	0	512806	0	1377016	963511	1492558	2972249	5890395	986736	0	750804	0	0	0	7683209	61279663	52305658	25015893	0	0
LFQ	150	0	0	143754	0	0	244531	0	731315	1430078	564121	1494528	1928335	3275234	450608	0	189534	0	517287	0	1389755	975460	1509237	5340768	3613380	1005039	0	760780	0	0	7669970	61108572	52119751	24953694	0	0	0
# GC Content of first fragments. Use `grep ^GCF | cut -f 2-` to extract this part.
GCF	0.25	373
GCF	0.75	413
GCF	1.26	513
GCF	2.01	724
GCF	2.76	840
GCF	3.27	1044
GCF	4.02	1172
GCF	4.77	1297
GCF	5.28	1451
GCF	6.03	1775
GCF	6.78	1919
GCF	7.29	2201
GCF	8.04	2471
GCF	8.79	2802
GCF	9.30	3260
GCF	10.05	3840
GCF	10.80	4607
GCF	11.31	5874
GCF	12.06	7605
GCF	12.81	9371
GCF	13.32	12271
GCF	14.07	16037
GCF	14.82	21645
GCF	15.33	28854
GCF	16.08	39190
GCF	16.83	53623
GCF	17.34	73754
GCF	18.09	101230
GCF	18.84	139557
GCF	19.35	190080
GCF	20.10	257081
GCF	20.85	343327
GCF	21.36	453331
GCF	22.11	587941
GCF	22.86	754482
GCF	23.37	952147
GCF	24.12	1179160
GCF	24.87	1433700
GCF	25.38	1720058
GCF	26.13	2031911
GCF	26.88	2364563
GCF	27.39	2715162
GCF	28.14	3078551
GCF	28.89	3440361
GCF	29.40	3796064
GCF	30.15	4141460
GCF	30.90	4477266
GCF	31.41	4786843
GCF	32.16	5085603
GCF	32.91	5353314
GCF	33.42	5589965
GCF	33.92	5814153
GCF	34.67	6020411
GCF	35.43	6219901
GCF	35.93	6413638
GCF	36.68	6645413
GCF	37.44	6885840
GCF	37.94	7131756
GCF	38.69	7391337
GCF	39.45	7638376
GCF	39.95	7781774
GCF	40.70	7828630
GCF	41.46	7775357
GCF	41.96	7608126
GCF	42.71	7336547
GCF	43.47	7051109
GCF	43.97	6797565
GCF	44.72	6616304
GCF	45.48	6555765
GCF	45.98	6470680
GCF	46.73	6372118
GCF	47.49	6235363
GCF	47.99	6066286
GCF	48.74	5818392
GCF	49.50	5543346
GCF	50.00	5261459
GCF	50.75	5034432
GCF	51.51	4853326
GCF	52.01	4684955
GCF	52.76	4526999
GCF	53.52	4310008
GCF	54.02	4075084
GCF	54.77	3814766
GCF	55.53	3571234
GCF	56.03	3302052
GCF	56.78	3031787
GCF	57.54	2856108
GCF	58.04	2734739
GCF	58.79	2654314
GCF	59.55	2512865
GCF	60.05	2381376
GCF	60.80	2297580
GCF	61.56	2169270
GCF	62.06	1904646
GCF	62.81	1619013
GCF	63.57	1383808
GCF	64.07	1290749
GCF	64.82	1253711
GCF	65.58	1193494
GCF	66.08	1136852
GCF	66.58	1144094
GCF	67.34	1022236
GCF	68.09	824497
GCF	68.59	632984
GCF	69.35	516610
GCF	70.10	440078
GCF	70.60	379766
GCF	71.36	314353
GCF	72.11	257783
GCF	72.61	209393
GCF	73.37	174404
GCF	74.12	148858
GCF	74.62	128869
GCF	75.38	114631
GCF	76.13	106567
GCF	76.63	96764
GCF	77.39	89894
GCF	78.14	84661
GCF	78.64	75580
GCF	79.40	69809
GCF	80.15	59078
GCF	80.65	45654
GCF	81.41	33889
GCF	82.16	26876
GCF	82.66	21578
GCF	83.42	17602
GCF	84.17	14041
GCF	84.67	11937
GCF	85.43	10413
GCF	86.18	9331
GCF	86.68	8423
GCF	87.44	7839
GCF	88.19	7312
GCF	88.69	6859
GCF	89.45	6290
GCF	90.20	5717
GCF	90.70	5041
GCF	91.46	4514
GCF	92.21	3719
GCF	92.71	3090
GCF	93.47	2438
GCF	94.22	1811
GCF	94.72	1349
GCF	95.48	954
GCF	96.23	686
GCF	96.73	498
GCF	97.49	382
GCF	98.24	289
GCF	98.74	314
GCF	99.50	88
# GC Content of last fragments. Use `grep ^GCL | cut -f 2-` to extract this part.
GCL	0.25	1045
GCL	0.75	2274
GCL	1.26	4835
GCL	1.76	6711
GCL	2.26	8057
GCL	2.76	11692
GCL	3.27	13506
GCL	3.77	16655
GCL	4.27	18371
GCL	4.77	21776
GCL	5.28	23244
GCL	5.78	26594
GCL	6.28	27749
GCL	6.78	29081
GCL	7.29	30901
GCL	7.79	33131
GCL	8.29	34134
GCL	8.79	34792
GCL	9.30	35893
GCL	10.05	36977
GCL	10.80	38315
GCL	11.31	39258
GCL	12.06	41279
GCL	12.81	43407
GCL	13.32	46741
GCL	13.82	48711
GCL	14.32	51235
GCL	14.82	57991
GCL	15.33	62638
GCL	15.83	73734
GCL	16.33	80699
GCL	16.83	98568
GCL	17.34	110533
GCL	17.84	141516
GCL	18.34	159767
GCL	18.84	181717
GCL	19.35	235918
GCL	19.85	309026
GCL	20.35	353429
GCL	20.85	403099
GCL	21.36	519184
GCL	22.11	666633
GCL	22.86	844139
GCL	23.37	1051982
GCL	24.12	1293595
GCL	24.87	1568822
GCL	25.38	1869881
GCL	25.88	2046357
GCL	26.38	2199529
GCL	26.88	2544804
GCL	27.39	2742477
GCL	27.89	3114108
GCL	28.39	3283012
GCL	28.89	3656972
GCL	29.40	3857739
GCL	29.90	4216268
GCL	30.40	4372651
GCL	30.90	4557594
GCL	31.41	4883058
GCL	31.91	5189385
GCL	32.41	5308311
GCL	32.91	5459525
GCL	33.42	5713565
GCL	33.92	5939830
GCL	34.42	6052795
GCL	34.92	6144468
GCL	35.43	6352635
GCL	35.93	6566484
GCL	36.43	6695264
GCL	36.93	6804600
GCL	37.44	7044937
GCL	37.94	7180117
GCL	38.44	7441011
GCL	38.94	7549208
GCL	39.45	7680493
GCL	39.95	7839910
GCL	40.45	7910296
GCL	40.95	7891408
GCL	41.46	7859993
GCL	41.96	7694302
GCL	42.71	7433426
GCL	43.47	7158284
GCL	43.97	6891503
GCL	44.72	6678546
GCL	45.48	6582653
GCL	45.98	6492649
GCL	46.48	6441581
GCL	46.98	6382831
GCL	47.49	6235345
GCL	47.99	6055966
GCL	48.49	5938391
GCL	48.99	5811420
GCL	49.50	5551201
GCL	50.00	5400046
GCL	50.50	5178194
GCL	51.01	5088712
GCL	51.51	4992641
GCL	52.01	4831057
GCL	52.51	4666390
GCL	53.02	4560657
GCL	53.52	4439703
GCL	54.02	4208926
GCL	54.77	3954657
GCL	55.53	3672076
GCL	56.03	3364675
GCL	56.78	3101839
GCL	57.54	2956973
GCL	58.04	2830411
GCL	58.54	2777528
GCL	59.05	2706495
GCL	59.55	2565594
GCL	60.05	2393202
GCL	60.55	2338810
GCL	61.06	2274236
GCL	61.56	2155326
GCL	62.06	2009697
GCL	62.56	1739165
GCL	63.07	1597202
GCL	63.57	1465062
GCL	64.07	1312012
GCL	64.57	1273031
GCL	65.08	1265791
GCL	65.58	1234998
GCL	66.08	1181588
GCL	66.58	1147076
GCL	67.09	1083922
GCL	67.59	1042656
GCL	68.09	865576
GCL	68.59	674744
GCL	69.10	605660
GCL	69.60	542897
GCL	70.10	463570
GCL	70.60	426459
GCL	71.11	359166
GCL	71.61	334502
GCL	72.11	274541
GCL	72.61	247556
GCL	73.12	205762
GCL	73.62	191158
GCL	74.12	175179
GCL	74.62	153508
GCL	75.38	136181
GCL	76.13	122013
GCL	76.63	112944
GCL	77.39	104902
GCL	78.14	99254
GCL	78.64	92236
GCL	79.15	88542
GCL	79.65	85289
GCL	80.15	75047
GCL	80.65	62053
GCL	81.16	54320
GCL	81.66	49037
GCL	82.16	40632
GCL	82.66	37185
GCL	83.17	32828
GCL	83.67	31334
GCL	84.17	28168
GCL	84.67	26802
GCL	85.18	25245
GCL	85.68	24527
GCL	86.18	23631
GCL	86.68	22686
GCL	87.44	22493
GCL	88.19	22206
GCL	88.69	21954
GCL	89.45	21636
GCL	90.20	21408
GCL	90.70	21346
GCL	91.21	21206
GCL	91.71	21281
GCL	92.21	21538
GCL	92.71	21211
GCL	93.22	21028
GCL	93.72	20926
GCL	94.22	20975
GCL	94.72	21341
GCL	95.23	21793
GCL	95.73	22335
GCL	96.23	23663
GCL	96.73	24913
GCL	97.24	27026
GCL	97.74	28943
GCL	98.24	31306
GCL	98.74	39518
GCL	99.50	57586
# ACGT content per cycle. Use `grep ^GCC | cut -f 2-` to extract this part. The columns are: cycle; A,C,G,T base counts as a percentage of all A/C/G/T bases [%]; and N and O counts as a percentage of all A/C/G/T bases [%]
GCC	1	30.00	19.98	19.99	30.03	0.00	0.00
GCC	2	29.70	20.25	20.31	29.74	0.00	0.00
GCC	3	29.11	20.84	20.89	29.16	0.00	0.00
GCC	4	28.51	21.45	21.48	28.55	0.00	0.00
GCC	5	28.58	21.39	21.42	28.61	0.00	0.00
GCC	6	28.18	21.79	21.81	28.21	0.00	0.00
GCC	7	28.34	21.64	21.65	28.37	0.00	0.00
GCC	8	28.34	21.63	21.65	28.37	0.00	0.00
GCC	9	28.43	21.56	21.57	28.44	0.00	0.00
GCC	10	28.34	21.64	21.66	28.36	0.00	0.00
GCC	11	28.41	21.57	21.58	28.44	0.00	0.00
GCC	12	28.46	21.53	21.53	28.48	0.00	0.00
GCC	13	28.54	21.45	21.45	28.56	0.00	0.00
GCC	14	28.56	21.43	21.43	28.57	0.00	0.00
GCC	15	28.57	21.42	21.42	28.58	0.00	0.00
GCC	16	28.56	21.44	21.44	28.56	0.00	0.00
GCC	17	28.52	21.48	21.47	28.53	0.00	0.00
GCC	18	28.48	21.54	21.51	28.47	0.00	0.00
GCC	19	28.50	21.50	21.49	28.51	0.00	0.00
GCC	20	28.43	21.59	21.57	28.42	0.00	0.00
GCC	21	28.41	21.61	21.59	28.40	0.00	0.00
GCC	22	28.40	21.61	21.59	28.39	0.00	0.00
GCC	23	28.35	21.66	21.64	28.34	0.00	0.00
GCC	24	28.39	21.62	21.61	28.38	0.00	0.00
GCC	25	28.34	21.68	21.65	28.33	0.00	0.00
GCC	26	28.32	21.70	21.68	28.31	0.00	0.00
GCC	27	28.33	21.68	21.66	28.33	0.00	0.00
GCC	28	28.30	21.72	21.69	28.29	0.00	0.00
GCC	29	28.33	21.68	21.66	28.32	0.00	0.00
GCC	30	28.27	21.73	21.72	28.28	0.00	0.00
GCC	31	28.28	21.74	21.72	28.26	0.00	0.00
GCC	32	28.27	21.73	21.73	28.27	0.00	0.00
GCC	33	28.26	21.75	21.73	28.26	0.01	0.00
GCC	34	28.24	21.78	21.76	28.23	0.00	0.00
GCC	35	28.25	21.77	21.74	28.24	0.00	0.00
GCC	36	28.25	21.76	21.74	28.24	0.00	0.00
GCC	37	28.23	21.79	21.76	28.22	0.00	0.00
GCC	38	28.29	21.73	21.71	28.27	0.00	0.00
GCC	39	28.26	21.77	21.73	28.24	0.00	0.00
GCC	40	28.25	21.77	21.74	28.23	0.00	0.00
GCC	41	28.23	21.79	21.77	28.21	0.02	0.00
GCC	42	28.24	21.78	21.77	28.21	0.00	0.00
GCC	43	28.23	21.79	21.77	28.21	0.00	0.00
GCC	44	28.26	21.77	21.74	28.23	0.00	0.00
GCC	45	28.22	21.80	21.77	28.20	0.00	0.00
GCC	46	28.21	21.81	21.79	28.19	0.00	0.00
GCC	47	28.24	21.79	21.76	28.22	0.00	0.00
GCC	48	28.23	21.79	21.77	28.21	0.00	0.00
GCC	49	28.23	21.80	21.77	28.21	0.00	0.00
GCC	50	28.25	21.77	21.74	28.24	0.00	0.00
GCC	51	28.21	21.81	21.79	28.19	0.00	0.00
GCC	52	28.22	21.81	21.78	28.19	0.00	0.00
GCC	53	28.23	21.80	21.78	28.20	0.00	0.00
GCC	54	28.22	21.81	21.78	28.19	0.00	0.00
GCC	55	28.23	21.79	21.77	28.20	0.00	0.00
GCC	56	28.22	21.81	21.79	28.18	0.00	0.00
GCC	57	28.20	21.83	21.80	28.17	0.00	0.00
GCC	58	28.19	21.84	21.80	28.17	0.00	0.00
GCC	59	28.23	21.80	21.77	28.20	0.00	0.00
GCC	60	28.22	21.81	21.78	28.19	0.00	0.00
GCC	61	28.21	21.81	21.79	28.18	0.01	0.00
GCC	62	28.23	21.80	21.78	28.19	0.00	0.00
GCC	63	28.20	21.83	21.81	28.16	0.00	0.00
GCC	64	28.18	21.84	21.82	28.16	0.00	0.00
GCC	65	28.20	21.82	21.80	28.18	0.00	0.00
GCC	66	28.19	21.84	21.81	28.16	0.00	0.00
GCC	67	28.21	21.82	21.80	28.17	0.00	0.00
GCC	68	28.19	21.84	21.81	28.16	0.00	0.00
GCC	69	28.17	21.86	21.82	28.14	0.00	0.00
GCC	70	28.21	21.82	21.79	28.18	0.00	0.00
GCC	71	28.20	21.83	21.81	28.17	0.00	0.00
GCC	72	28.20	21.83	21.81	28.16	0.00	0.00
GCC	73	28.20	21.83	21.80	28.17	0.00	0.00
GCC	74	28.19	21.84	21.80	28.16	0.00	0.00
GCC	75	28.20	21.83	21.81	28.16	0.00	0.00
GCC	76	28.19	21.84	21.81	28.16	0.00	0.00
GCC	77	28.19	21.85	21.81	28.15	0.00	0.00
GCC	78	28.19	21.84	21.82	28.15	0.00	0.00
GCC	79	28.18	21.84	21.82	28.16	0.00	0.00
GCC	80	28.16	21.87	21.83	28.13	0.00	0.00
GCC	81	28.18	21.85	21.82	28.14	0.00	0.00
GCC	82	28.18	21.86	21.82	28.14	0.00	0.00
GCC	83	28.17	21.86	21.83	28.14	0.00	0.00
GCC	84	28.16	21.86	21.84	28.14	0.00	0.00
GCC	85	28.16	21.87	21.84	28.13	0.00	0.00
GCC	86	28.18	21.86	21.82	28.14	0.00	0.00
GCC	87	28.17	21.86	21.83	28.15	0.00	0.00
GCC	88	28.15	21.88	21.85	28.12	0.00	0.00
GCC	89	28.16	21.87	21.84	28.13	0.00	0.00
GCC	90	28.16	21.87	21.84	28.12	0.00	0.00
GCC	91	28.15	21.89	21.85	28.11	0.00	0.00
GCC	92	28.15	21.88	21.85	28.12	0.00	0.00
GCC	93	28.18	21.86	21.82	28.15	0.00	0.00
GCC	94	28.17	21.86	21.84	28.13	0.00	0.00
GCC	95	28.14	21.88	21.85	28.12	0.00	0.00
GCC	96	28.16	21.87	21.84	28.13	0.00	0.00
GCC	97	28.16	21.88	21.84	28.13	0.00	0.00
GCC	98	28.18	21.86	21.82	28.14	0.00	0.00
GCC	99	28.15	21.88	21.84	28.12	0.00	0.00
GCC	100	28.14	21.88	21.86	28.12	0.00	0.00
GCC	101	28.14	21.89	21.85	28.11	0.00	0.00
GCC	102	28.16	21.88	21.85	28.12	0.00	0.00
GCC	103	28.13	21.90	21.87	28.10	0.00	0.00
GCC	104	28.15	21.89	21.84	28.12	0.00	0.00
GCC	105	28.14	21.89	21.86	28.11	0.00	0.00
GCC	106	28.14	21.90	21.85	28.11	0.00	0.00
GCC	107	28.16	21.87	21.83	28.13	0.00	0.00
GCC	108	28.14	21.90	21.84	28.12	0.00	0.00
GCC	109	28.14	21.90	21.85	28.11	0.00	0.00
GCC	110	28.14	21.90	21.85	28.11	0.00	0.00
GCC	111	28.14	21.90	21.85	28.11	0.00	0.00
GCC	112	28.14	21.90	21.85	28.10	0.00	0.00
GCC	113	28.13	21.91	21.86	28.10	0.00	0.00
GCC	114	28.12	21.91	21.87	28.09	0.00	0.00
GCC	115	28.13	21.90	21.86	28.10	0.00	0.00
GCC	116	28.15	21.89	21.84	28.12	0.00	0.00
GCC	117	28.11	21.93	21.88	28.08	0.00	0.00
GCC	118	28.12	21.92	21.87	28.09	0.00	0.00
GCC	119	28.14	21.91	21.85	28.10	0.00	0.00
GCC	120	28.14	21.91	21.85	28.10	0.00	0.00
GCC	121	28.13	21.91	21.86	28.10	0.00	0.00
GCC	122	28.13	21.92	21.86	28.09	0.00	0.00
GCC	123	28.13	21.92	21.86	28.09	0.00	0.00
GCC	124	28.12	21.93	21.87	28.08	0.00	0.00
GCC	125	28.12	21.93	21.86	28.09	0.00	0.00
GCC	126	28.11	21.93	21.88	28.08	0.00	0.00
GCC	127	28.10	21.95	21.89	28.07	0.00	0.00
GCC	128	28.11	21.93	21.88	28.08	0.00	0.00
GCC	129	28.11	21.93	21.88	28.08	0.00	0.00
GCC	130	28.11	21.93	21.88	28.09	0.00	0.00
GCC	131	28.10	21.95	21.89	28.06	0.00	0.00
GCC	132	28.09	21.95	21.90	28.06	0.00	0.00
GCC	133	28.10	21.94	21.89	28.07	0.00	0.00
GCC	134	28.09	21.95	21.89	28.07	0.00	0.00
GCC	135	28.09	21.95	21.90	28.06	0.00	0.00
GCC	136	28.08	21.97	21.91	28.04	0.00	0.00
GCC	137	28.07	21.97	21.92	28.04	0.00	0.00
GCC	138	28.07	21.97	21.91	28.05	0.00	0.00
GCC	139	28.09	21.95	21.89	28.06	0.00	0.00
GCC	140	28.09	21.96	21.90	28.06	0.00	0.00
GCC	141	28.08	21.96	21.91	28.05	0.00	0.00
GCC	142	28.06	21.96	21.92	28.06	0.00	0.00
GCC	143	28.06	21.97	21.93	28.04	0.00	0.00
GCC	144	28.06	21.97	21.93	28.05	0.00	0.00
GCC	145	28.05	21.98	21.94	28.04	0.00	0.00
GCC	146	28.05	21.98	21.94	28.03	0.00	0.00
GCC	147	28.03	22.00	21.95	28.02	0.00	0.00
GCC	148	28.03	22.00	21.96	28.01	0.00	0.00
GCC	149	28.03	22.00	21.96	28.01	0.00	0.00
GCC	150	28.03	21.99	21.96	28.02	0.03	0.00
# ACGT content per cycle, read oriented. Use `grep ^GCT | cut -f 2-` to extract this part. The columns are: cycle; A,C,G,T base counts as a percentage of all A/C/G/T bases [%]
GCT	1	30.04	21.87	18.09	30.00
GCT	2	30.50	19.08	21.48	28.94
GCT	3	29.61	20.41	21.31	28.67
GCT	4	28.35	21.18	21.76	28.71
GCT	5	28.32	20.69	22.12	28.86
GCT	6	28.54	21.45	22.15	27.85
GCT	7	28.38	20.84	22.44	28.33
GCT	8	28.38	21.43	21.85	28.33
GCT	9	28.10	21.55	21.58	28.77
GCT	10	28.37	21.54	21.76	28.33
GCT	11	28.34	21.54	21.61	28.51
GCT	12	28.52	21.49	21.56	28.43
GCT	13	28.61	21.33	21.57	28.49
GCT	14	28.64	21.29	21.58	28.50
GCT	15	28.56	21.39	21.45	28.60
GCT	16	28.49	21.30	21.58	28.63
GCT	17	28.51	21.40	21.55	28.55
GCT	18	28.47	21.51	21.54	28.48
GCT	19	28.40	21.41	21.59	28.61
GCT	20	28.38	21.50	21.66	28.47
GCT	21	28.48	21.50	21.70	28.33
GCT	22	28.43	21.53	21.68	28.37
GCT	23	28.29	21.68	21.62	28.41
GCT	24	28.36	21.57	21.66	28.40
GCT	25	28.31	21.56	21.77	28.35
GCT	26	28.31	21.62	21.75	28.32
GCT	27	28.29	21.64	21.70	28.37
GCT	28	28.32	21.69	21.71	28.28
GCT	29	28.36	21.62	21.73	28.29
GCT	30	28.30	21.62	21.83	28.25
GCT	31	28.30	21.64	21.82	28.24
GCT	32	28.33	21.67	21.79	28.21
GCT	33	28.33	21.62	21.86	28.19
GCT	34	28.30	21.65	21.89	28.16
GCT	35	28.31	21.67	21.84	28.18
GCT	36	28.30	21.64	21.86	28.20
GCT	37	28.30	21.65	21.89	28.16
GCT	38	28.36	21.64	21.80	28.19
GCT	39	28.34	21.66	21.84	28.16
GCT	40	28.38	21.68	21.83	28.11
GCT	41	28.32	21.71	21.86	28.12
GCT	42	28.25	21.73	21.82	28.20
GCT	43	28.30	21.75	21.81	28.13
GCT	44	28.40	21.69	21.81	28.10
GCT	45	28.31	21.70	21.88	28.12
GCT	46	28.32	21.76	21.83	28.09
GCT	47	28.33	21.70	21.85	28.12
GCT	48	28.31	21.66	21.90	28.14
GCT	49	28.31	21.70	21.87	28.12
GCT	50	28.34	21.65	21.86	28.15
GCT	51	28.33	21.74	21.86	28.07
GCT	52	28.35	21.72	21.87	28.06
GCT	53	28.33	21.68	21.89	28.09
GCT	54	28.31	21.69	21.90	28.10
GCT	55	28.37	21.69	21.87	28.07
GCT	56	28.35	21.69	21.91	28.05
GCT	57	28.31	21.73	21.90	28.06
GCT	58	28.34	21.75	21.89	28.02
GCT	59	28.34	21.70	21.88	28.09
GCT	60	28.33	21.73	21.86	28.08
GCT	61	28.33	21.73	21.88	28.06
GCT	62	28.33	21.68	21.90	28.09
GCT	63	28.33	21.70	21.94	28.03
GCT	64	28.34	21.71	21.95	28.00
GCT	65	28.32	21.70	21.92	28.05
GCT	66	28.32	21.71	21.94	28.03
GCT	67	28.36	21.71	21.91	28.01
GCT	68	28.32	21.71	21.94	28.03
GCT	69	28.28	21.79	21.90	28.04
GCT	70	28.35	21.71	21.90	28.04
GCT	71	28.33	21.66	21.97	28.03
GCT	72	28.33	21.72	21.92	28.04
GCT	73	28.33	21.73	21.90	28.04
GCT	74	28.36	21.73	21.91	28.00
GCT	75	28.36	21.72	21.92	28.00
GCT	76	28.32	21.70	21.96	28.02
GCT	77	28.30	21.70	21.96	28.04
GCT	78	28.31	21.74	21.92	28.03
GCT	79	28.33	21.70	21.96	28.01
GCT	80	28.30	21.69	22.01	27.99
GCT	81	28.34	21.68	21.99	27.98
GCT	82	28.35	21.68	22.00	27.97
GCT	83	28.33	21.71	21.98	27.99
GCT	84	28.30	21.73	21.97	28.00
GCT	85	28.31	21.73	21.98	27.98
GCT	86	28.33	21.74	21.95	27.98
GCT	87	28.29	21.72	21.97	28.03
GCT	88	28.26	21.71	22.02	28.02
GCT	89	28.32	21.71	22.00	27.97
GCT	90	28.32	21.74	21.98	27.96
GCT	91	28.29	21.75	21.99	27.97
GCT	92	28.28	21.76	21.97	27.99
GCT	93	28.33	21.66	22.02	28.00
GCT	94	28.33	21.67	22.03	27.97
GCT	95	28.29	21.74	22.00	27.98
GCT	96	28.31	21.74	21.97	27.98
GCT	97	28.33	21.73	21.98	27.95
GCT	98	28.34	21.70	21.98	27.98
GCT	99	28.27	21.69	22.04	28.00
GCT	100	28.29	21.75	22.00	27.97
GCT	101	28.32	21.74	22.00	27.93
GCT	102	28.32	21.74	21.99	27.95
GCT	103	28.28	21.77	22.00	27.95
GCT	104	28.31	21.72	22.01	27.96
GCT	105	28.31	21.71	22.04	27.93
GCT	106	28.31	21.70	22.05	27.94
GCT	107	28.32	21.66	22.04	27.97
GCT	108	28.31	21.69	22.05	27.95
GCT	109	28.32	21.69	22.06	27.93
GCT	110	28.31	21.70	22.04	27.95
GCT	111	28.30	21.72	22.03	27.95
GCT	112	28.33	21.72	22.04	27.91
GCT	113	28.34	21.74	22.03	27.89
GCT	114	28.31	21.76	22.03	27.91
GCT	115	28.30	21.73	22.04	27.94
GCT	116	28.33	21.66	22.07	27.94
GCT	117	28.29	21.71	22.11	27.90
GCT	118	28.30	21.73	22.07	27.90
GCT	119	28.31	21.73	22.03	27.93
GCT	120	28.30	21.71	22.06	27.93
GCT	121	28.31	21.70	22.08	27.92
GCT	122	28.29	21.69	22.08	27.93
GCT	123	28.28	21.73	22.05	27.94
GCT	124	28.30	21.72	22.08	27.90
GCT	125	28.30	21.72	22.07	27.92
GCT	126	28.27	21.73	22.08	27.92
GCT	127	28.27	21.74	22.10	27.89
GCT	128	28.29	21.70	22.10	27.91
GCT	129	28.29	21.71	22.10	27.90
GCT	130	28.30	21.68	22.12	27.89
GCT	131	28.30	21.72	22.12	27.86
GCT	132	28.27	21.72	22.13	27.88
GCT	133	28.26	21.72	22.11	27.91
GCT	134	28.27	21.73	22.11	27.89
GCT	135	28.29	21.73	22.12	27.86
GCT	136	28.27	21.72	22.16	27.85
GCT	137	28.24	21.71	22.18	27.87
GCT	138	28.24	21.72	22.15	27.88
GCT	139	28.28	21.69	22.15	27.87
GCT	140	28.27	21.66	22.20	27.88
GCT	141	28.26	21.69	22.18	27.88
GCT	142	28.23	21.75	22.13	27.89
GCT	143	28.22	21.77	22.13	27.88
GCT	144	28.22	21.74	22.16	27.89
GCT	145	28.21	21.73	22.18	27.87
GCT	146	28.20	21.75	22.17	27.87
GCT	147	28.18	21.77	22.17	27.87
GCT	148	28.18	21.77	22.19	27.86
GCT	149	28.18	21.74	22.22	27.86
GCT	150	28.23	21.71	22.24	27.82
# ACGT content per cycle for first fragments. Use `grep ^FBC | cut -f 2-` to extract this part. The columns are: cycle; A,C,G,T base counts as a percentage of all A/C/G/T bases [%]; and N and O counts as a percentage of all A/C/G/T bases [%]
FBC	1	29.94	20.04	20.04	29.98	0.00	0.00
FBC	2	29.76	20.21	20.23	29.79	0.00	0.00
FBC	3	29.20	20.76	20.79	29.25	0.01	0.00
FBC	4	28.66	21.31	21.32	28.70	0.00	0.00
FBC	5	28.65	21.33	21.34	28.68	0.00	0.00
FBC	6	28.30	21.69	21.69	28.33	0.00	0.00
FBC	7	28.44	21.54	21.54	28.48	0.00	0.00
FBC	8	28.40	21.57	21.58	28.44	0.00	0.00
FBC	9	28.48	21.50	21.50	28.51	0.00	0.00
FBC	10	28.39	21.58	21.60	28.42	0.00	0.00
FBC	11	28.47	21.51	21.52	28.51	0.00	0.00
FBC	12	28.50	21.48	21.48	28.54	0.00	0.00
FBC	13	28.57	21.41	21.42	28.61	0.00	0.00
FBC	14	28.59	21.39	21.40	28.62	0.00	0.00
FBC	15	28.60	21.38	21.39	28.63	0.00	0.00
FBC	16	28.58	21.39	21.41	28.62	0.00	0.00
FBC	17	28.55	21.43	21.44	28.58	0.00	0.00
FBC	18	28.48	21.50	21.50	28.52	0.00	0.00
FBC	19	28.51	21.47	21.48	28.55	0.00	0.00
FBC	20	28.43	21.54	21.55	28.47	0.00	0.00
FBC	21	28.41	21.57	21.58	28.44	0.00	0.00
FBC	22	28.40	21.58	21.59	28.42	0.00	0.00
FBC	23	28.36	21.62	21.63	28.39	0.00	0.00
FBC	24	28.38	21.60	21.61	28.42	0.00	0.00
FBC	25	28.34	21.64	21.65	28.37	0.00	0.00
FBC	26	28.31	21.66	21.67	28.36	0.00	0.00
FBC	27	28.33	21.65	21.65	28.37	0.00	0.00
FBC	28	28.29	21.68	21.69	28.33	0.00	0.00
FBC	29	28.32	21.65	21.66	28.37	0.00	0.00
FBC	30	28.26	21.70	21.72	28.32	0.00	0.00
FBC	31	28.26	21.71	21.73	28.30	0.00	0.00
FBC	32	28.27	21.70	21.73	28.31	0.00	0.00
FBC	33	28.25	21.72	21.74	28.29	0.01	0.00
FBC	34	28.22	21.75	21.77	28.26	0.00	0.00
FBC	35	28.24	21.73	21.75	28.28	0.00	0.00
FBC	36	28.24	21.73	21.75	28.28	0.00	0.00
FBC	37	28.22	21.76	21.77	28.26	0.00	0.00
FBC	38	28.28	21.70	21.71	28.30	0.00	0.00
FBC	39	28.25	21.74	21.74	28.27	0.00	0.00
FBC	40	28.23	21.75	21.76	28.27	0.00	0.00
FBC	41	28.21	21.77	21.78	28.24	0.04	0.00
FBC	42	28.21	21.76	21.78	28.25	0.00	0.00
FBC	43	28.20	21.77	21.78	28.24	0.00	0.00
FBC	44	28.24	21.74	21.75	28.27	0.00	0.00
FBC	45	28.19	21.78	21.78	28.25	0.00	0.00
FBC	46	28.18	21.79	21.80	28.23	0.00	0.00
FBC	47	28.21	21.76	21.77	28.26	0.00	0.00
FBC	48	28.20	21.76	21.78	28.25	0.00	0.00
FBC	49	28.20	21.78	21.79	28.24	0.00	0.00
FBC	50	28.23	21.75	21.75	28.27	0.00	0.00
FBC	51	28.18	21.79	21.80	28.22	0.00	0.00
FBC	52	28.19	21.79	21.80	28.22	0.00	0.00
FBC	53	28.20	21.78	21.79	28.23	0.00	0.00
FBC	54	28.19	21.79	21.80	28.23	0.00	0.00
FBC	55	28.21	21.77	21.79	28.23	0.00	0.00
FBC	56	28.19	21.79	21.80	28.22	0.00	0.00
FBC	57	28.17	21.81	21.82	28.20	0.00	0.00
FBC	58	28.16	21.81	21.82	28.21	0.00	0.00
FBC	59	28.19	21.78	21.79	28.23	0.00	0.00
FBC	60	28.19	21.79	21.80	28.23	0.00	0.00
FBC	61	28.17	21.80	21.82	28.22	0.01	0.00
FBC	62	28.19	21.78	21.79	28.23	0.00	0.00
FBC	63	28.17	21.81	21.82	28.20	0.00	0.00
FBC	64	28.15	21.82	21.84	28.20	0.00	0.00
FBC	65	28.17	21.80	21.81	28.22	0.00	0.00
FBC	66	28.16	21.82	21.83	28.19	0.00	0.00
FBC	67	28.17	21.81	21.82	28.20	0.00	0.00
FBC	68	28.16	21.82	21.83	28.19	0.00	0.00
FBC	69	28.14	21.84	21.84	28.18	0.00	0.00
FBC	70	28.17	21.80	21.82	28.21	0.00	0.00
FBC	71	28.16	21.81	21.83	28.20	0.00	0.00
FBC	72	28.17	21.81	21.83	28.19	0.00	0.00
FBC	73	28.16	21.81	21.82	28.21	0.00	0.00
FBC	74	28.16	21.81	21.82	28.20	0.00	0.00
FBC	75	28.16	21.81	21.83	28.19	0.00	0.00
FBC	76	28.15	21.82	21.84	28.19	0.00	0.00
FBC	77	28.15	21.83	21.84	28.18	0.00	0.00
FBC	78	28.15	21.82	21.84	28.19	0.00	0.00
FBC	79	28.15	21.82	21.84	28.19	0.00	0.00
FBC	80	28.13	21.84	21.85	28.17	0.00	0.00
FBC	81	28.15	21.83	21.84	28.18	0.00	0.00
FBC	82	28.14	21.83	21.85	28.18	0.00	0.00
FBC	83	28.15	21.83	21.85	28.18	0.00	0.00
FBC	84	28.13	21.84	21.86	28.17	0.00	0.00
FBC	85	28.13	21.85	21.86	28.16	0.00	0.00
FBC	86	28.15	21.84	21.84	28.17	0.00	0.00
FBC	87	28.13	21.83	21.85	28.18	0.00	0.00
FBC	88	28.11	21.86	21.87	28.15	0.00	0.00
FBC	89	28.12	21.85	21.86	28.16	0.00	0.00
FBC	90	28.12	21.85	21.87	28.16	0.00	0.00
FBC	91	28.11	21.87	21.88	28.14	0.00	0.00
FBC	92	28.11	21.85	21.87	28.16	0.00	0.00
FBC	93	28.14	21.84	21.84	28.18	0.00	0.00
FBC	94	28.14	21.84	21.86	28.17	0.00	0.00
FBC	95	28.11	21.86	21.88	28.16	0.00	0.00
FBC	96	28.13	21.85	21.86	28.17	0.00	0.00
FBC	97	28.13	21.85	21.86	28.16	0.00	0.00
FBC	98	28.14	21.83	21.84	28.18	0.00	0.00
FBC	99	28.12	21.86	21.87	28.16	0.00	0.00
FBC	100	28.11	21.86	21.88	28.15	0.00	0.00
FBC	101	28.11	21.86	21.88	28.15	0.00	0.00
FBC	102	28.12	21.86	21.87	28.15	0.00	0.00
FBC	103	28.10	21.88	21.89	28.13	0.00	0.00
FBC	104	28.12	21.86	21.87	28.16	0.00	0.00
FBC	105	28.11	21.87	21.88	28.14	0.00	0.00
FBC	106	28.11	21.88	21.87	28.14	0.00	0.00
FBC	107	28.13	21.85	21.86	28.17	0.00	0.00
FBC	108	28.11	21.87	21.87	28.15	0.00	0.00
FBC	109	28.11	21.87	21.88	28.14	0.00	0.00
FBC	110	28.11	21.86	21.87	28.15	0.00	0.00
FBC	111	28.10	21.87	21.88	28.15	0.00	0.00
FBC	112	28.11	21.87	21.88	28.14	0.00	0.00
FBC	113	28.10	21.88	21.88	28.13	0.00	0.00
FBC	114	28.10	21.88	21.89	28.13	0.00	0.00
FBC	115	28.10	21.87	21.89	28.13	0.00	0.00
FBC	116	28.12	21.86	21.87	28.16	0.00	0.00
FBC	117	28.07	21.90	21.90	28.12	0.00	0.00
FBC	118	28.08	21.89	21.90	28.13	0.00	0.00
FBC	119	28.11	21.88	21.87	28.14	0.00	0.00
FBC	120	28.11	21.88	21.87	28.13	0.00	0.00
FBC	121	28.10	21.89	21.88	28.13	0.00	0.00
FBC	122	28.10	21.88	21.88	28.13	0.00	0.00
FBC	123	28.10	21.89	21.88	28.13	0.00	0.00
FBC	124	28.08	21.90	21.89	28.12	0.00	0.00
FBC	125	28.10	21.90	21.88	28.12	0.00	0.00
FBC	126	28.08	21.90	21.90	28.12	0.00	0.00
FBC	127	28.06	21.91	21.92	28.11	0.00	0.00
FBC	128	28.09	21.89	21.90	28.13	0.00	0.00
FBC	129	28.08	21.89	21.90	28.12	0.00	0.00
FBC	130	28.08	21.89	21.90	28.13	0.00	0.00
FBC	131	28.08	21.90	21.91	28.11	0.00	0.00
FBC	132	28.07	21.91	21.92	28.10	0.00	0.00
FBC	133	28.07	21.90	21.91	28.12	0.00	0.00
FBC	134	28.07	21.91	21.91	28.11	0.00	0.00
FBC	135	28.06	21.91	21.92	28.11	0.00	0.00
FBC	136	28.05	21.93	21.93	28.08	0.00	0.00
FBC	137	28.05	21.93	21.93	28.09	0.00	0.00
FBC	138	28.06	21.93	21.93	28.09	0.00	0.00
FBC	139	28.07	21.92	21.91	28.10	0.00	0.00
FBC	140	28.07	21.92	21.91	28.10	0.00	0.00
FBC	141	28.06	21.92	21.92	28.10	0.00	0.00
FBC	142	28.06	21.91	21.91	28.11	0.00	0.00
FBC	143	28.07	21.92	21.92	28.10	0.00	0.00
FBC	144	28.06	21.92	21.92	28.10	0.00	0.00
FBC	145	28.04	21.93	21.93	28.09	0.00	0.00
FBC	146	28.05	21.93	21.93	28.09	0.00	0.00
FBC	147	28.04	21.95	21.94	28.08	0.00	0.00
FBC	148	28.03	21.95	21.95	28.07	0.00	0.00
FBC	149	28.04	21.94	21.95	28.07	0.00	0.00
FBC	150	28.04	21.94	21.95	28.07	0.00	0.00
# ACGT raw counters for first fragments. Use `grep ^FTC | cut -f 2-` to extract this part. The columns are: A,C,G,T,N base counters
FTC	12627301205	9734192497	9738277657	12644160200	283791
# ACGT content per cycle for last fragments. Use `grep ^LBC | cut -f 2-` to extract this part. The columns are: cycle; A,C,G,T base counts as a percentage of all A/C/G/T bases [%]; and N and O counts as a percentage of all A/C/G/T bases [%]
LBC	1	30.07	19.91	19.94	30.09	0.00	0.00
LBC	2	29.65	20.29	20.38	29.68	0.00	0.00
LBC	3	29.03	20.91	20.99	29.08	0.00	0.00
LBC	4	28.37	21.59	21.65	28.40	0.00	0.00
LBC	5	28.50	21.46	21.51	28.53	0.00	0.00
LBC	6	28.07	21.89	21.94	28.10	0.00	0.00
LBC	7	28.24	21.73	21.76	28.27	0.00	0.00
LBC	8	28.28	21.69	21.72	28.30	0.00	0.00
LBC	9	28.37	21.61	21.64	28.37	0.00	0.00
LBC	10	28.28	21.70	21.72	28.30	0.00	0.00
LBC	11	28.36	21.64	21.63	28.37	0.00	0.00
LBC	12	28.43	21.58	21.57	28.43	0.00	0.00
LBC	13	28.51	21.50	21.48	28.51	0.00	0.00
LBC	14	28.54	21.48	21.47	28.52	0.00	0.00
LBC	15	28.55	21.47	21.45	28.54	0.00	0.00
LBC	16	28.53	21.49	21.47	28.51	0.00	0.00
LBC	17	28.50	21.53	21.49	28.47	0.00	0.00
LBC	18	28.47	21.58	21.53	28.42	0.00	0.00
LBC	19	28.49	21.54	21.50	28.47	0.00	0.00
LBC	20	28.42	21.63	21.58	28.37	0.00	0.00
LBC	21	28.41	21.64	21.60	28.35	0.00	0.00
LBC	22	28.40	21.64	21.59	28.36	0.00	0.00
LBC	23	28.35	21.69	21.66	28.30	0.00	0.00
LBC	24	28.39	21.65	21.61	28.34	0.00	0.00
LBC	25	28.34	21.71	21.66	28.29	0.00	0.00
LBC	26	28.32	21.73	21.68	28.27	0.00	0.00
LBC	27	28.34	21.72	21.66	28.28	0.00	0.00
LBC	28	28.31	21.75	21.69	28.25	0.00	0.00
LBC	29	28.34	21.72	21.67	28.28	0.00	0.00
LBC	30	28.29	21.76	21.72	28.23	0.00	0.00
LBC	31	28.29	21.77	21.72	28.23	0.00	0.00
LBC	32	28.28	21.77	21.73	28.22	0.00	0.00
LBC	33	28.28	21.78	21.72	28.22	0.00	0.00
LBC	34	28.25	21.81	21.74	28.19	0.00	0.00
LBC	35	28.26	21.80	21.74	28.20	0.00	0.00
LBC	36	28.27	21.79	21.74	28.21	0.00	0.00
LBC	37	28.25	21.82	21.75	28.19	0.00	0.00
LBC	38	28.30	21.76	21.70	28.23	0.00	0.00
LBC	39	28.28	21.79	21.72	28.20	0.00	0.00
LBC	40	28.28	21.79	21.73	28.20	0.00	0.00
LBC	41	28.25	21.81	21.77	28.17	0.00	0.00
LBC	42	28.26	21.81	21.75	28.18	0.00	0.00
LBC	43	28.26	21.81	21.75	28.17	0.00	0.00
LBC	44	28.28	21.79	21.72	28.20	0.00	0.00
LBC	45	28.25	21.83	21.76	28.16	0.00	0.00
LBC	46	28.24	21.83	21.77	28.16	0.00	0.00
LBC	47	28.26	21.81	21.75	28.18	0.00	0.00
LBC	48	28.26	21.82	21.75	28.17	0.00	0.00
LBC	49	28.25	21.82	21.75	28.17	0.00	0.00
LBC	50	28.28	21.79	21.72	28.20	0.00	0.00
LBC	51	28.24	21.83	21.77	28.15	0.00	0.00
LBC	52	28.25	21.83	21.76	28.16	0.00	0.00
LBC	53	28.25	21.82	21.76	28.16	0.00	0.00
LBC	54	28.25	21.83	21.76	28.16	0.00	0.00
LBC	55	28.26	21.82	21.75	28.17	0.00	0.00
LBC	56	28.25	21.84	21.77	28.15	0.00	0.00
LBC	57	28.23	21.86	21.78	28.14	0.00	0.00
LBC	58	28.23	21.86	21.78	28.14	0.00	0.00
LBC	59	28.26	21.82	21.76	28.17	0.00	0.00
LBC	60	28.25	21.83	21.77	28.16	0.00	0.00
LBC	61	28.25	21.83	21.77	28.15	0.00	0.00
LBC	62	28.26	21.83	21.76	28.15	0.00	0.00
LBC	63	28.23	21.85	21.79	28.13	0.00	0.00
LBC	64	28.22	21.86	21.80	28.12	0.00	0.00
LBC	65	28.23	21.85	21.78	28.14	0.00	0.00
LBC	66	28.22	21.86	21.79	28.12	0.00	0.00
LBC	67	28.24	21.84	21.78	28.14	0.00	0.00
LBC	68	28.22	21.86	21.80	28.12	0.00	0.00
LBC	69	28.21	21.88	21.81	28.11	0.00	0.00
LBC	70	28.25	21.84	21.77	28.15	0.00	0.00
LBC	71	28.23	21.85	21.78	28.13	0.00	0.00
LBC	72	28.23	21.85	21.78	28.13	0.00	0.00
LBC	73	28.24	21.85	21.78	28.14	0.00	0.00
LBC	74	28.23	21.86	21.79	28.13	0.00	0.00
LBC	75	28.23	21.85	21.79	28.13	0.00	0.00
LBC	76	28.22	21.86	21.79	28.12	0.00	0.00
LBC	77	28.23	21.87	21.79	28.12	0.00	0.00
LBC	78	28.22	21.87	21.80	28.12	0.00	0.00
LBC	79	28.22	21.86	21.79	28.12	0.00	0.00
LBC	80	28.20	21.89	21.82	28.09	0.00	0.00
LBC	81	28.21	21.88	21.80	28.11	0.00	0.00
LBC	82	28.21	21.88	21.80	28.11	0.00	0.00
LBC	83	28.20	21.88	21.81	28.10	0.00	0.00
LBC	84	28.20	21.89	21.81	28.10	0.00	0.00
LBC	85	28.20	21.89	21.81	28.10	0.00	0.00
LBC	86	28.21	21.89	21.80	28.10	0.00	0.00
LBC	87	28.21	21.88	21.80	28.11	0.00	0.00
LBC	88	28.20	21.90	21.82	28.09	0.00	0.00
LBC	89	28.19	21.90	21.82	28.09	0.00	0.00
LBC	90	28.20	21.89	21.82	28.09	0.00	0.00
LBC	91	28.19	21.91	21.82	28.08	0.00	0.00
LBC	92	28.19	21.90	21.83	28.08	0.00	0.00
LBC	93	28.21	21.88	21.79	28.11	0.00	0.00
LBC	94	28.20	21.89	21.82	28.10	0.00	0.00
LBC	95	28.18	21.91	21.83	28.08	0.00	0.00
LBC	96	28.19	21.89	21.82	28.09	0.00	0.00
LBC	97	28.20	21.90	21.81	28.09	0.00	0.00
LBC	98	28.21	21.89	21.80	28.10	0.00	0.00
LBC	99	28.18	21.91	21.82	28.09	0.00	0.00
LBC	100	28.18	21.91	21.83	28.08	0.00	0.00
LBC	101	28.17	21.92	21.83	28.08	0.00	0.00
LBC	102	28.19	21.90	21.82	28.09	0.00	0.00
LBC	103	28.17	21.92	21.84	28.07	0.00	0.00
LBC	104	28.18	21.91	21.82	28.08	0.00	0.00
LBC	105	28.17	21.92	21.84	28.07	0.00	0.00
LBC	106	28.18	21.92	21.82	28.08	0.00	0.00
LBC	107	28.20	21.90	21.81	28.10	0.00	0.00
LBC	108	28.18	21.92	21.82	28.08	0.00	0.00
LBC	109	28.17	21.92	21.83	28.08	0.00	0.00
LBC	110	28.17	21.93	21.83	28.07	0.00	0.00
LBC	111	28.18	21.92	21.82	28.08	0.00	0.00
LBC	112	28.17	21.93	21.83	28.07	0.00	0.00
LBC	113	28.16	21.94	21.84	28.06	0.00	0.00
LBC	114	28.15	21.95	21.85	28.05	0.00	0.00
LBC	115	28.16	21.93	21.84	28.06	0.00	0.00
LBC	116	28.18	21.92	21.82	28.07	0.00	0.00
LBC	117	28.14	21.96	21.86	28.04	0.00	0.00
LBC	118	28.15	21.95	21.85	28.05	0.00	0.00
LBC	119	28.17	21.94	21.82	28.07	0.00	0.00
LBC	120	28.17	21.94	21.83	28.06	0.00	0.00
LBC	121	28.16	21.94	21.84	28.06	0.00	0.00
LBC	122	28.16	21.95	21.84	28.06	0.00	0.00
LBC	123	28.16	21.94	21.84	28.06	0.00	0.00
LBC	124	28.15	21.96	21.84	28.05	0.00	0.00
LBC	125	28.15	21.95	21.84	28.05	0.00	0.00
LBC	126	28.14	21.97	21.85	28.04	0.00	0.00
LBC	127	28.13	21.98	21.87	28.02	0.00	0.00
LBC	128	28.14	21.97	21.86	28.04	0.00	0.00
LBC	129	28.13	21.97	21.86	28.04	0.00	0.00
LBC	130	28.14	21.96	21.85	28.04	0.00	0.00
LBC	131	28.12	21.99	21.88	28.02	0.00	0.00
LBC	132	28.12	21.99	21.88	28.02	0.00	0.00
LBC	133	28.13	21.98	21.86	28.03	0.00	0.00
LBC	134	28.12	21.98	21.87	28.02	0.00	0.00
LBC	135	28.12	21.99	21.88	28.01	0.00	0.00
LBC	136	28.10	22.00	21.89	28.00	0.00	0.00
LBC	137	28.09	22.01	21.91	27.99	0.00	0.00
LBC	138	28.09	22.01	21.90	28.00	0.00	0.00
LBC	139	28.12	21.99	21.88	28.02	0.00	0.00
LBC	140	28.11	21.99	21.88	28.01	0.00	0.00
LBC	141	28.10	22.00	21.90	28.01	0.00	0.00
LBC	142	28.06	22.05	21.93	27.96	0.00	0.00
LBC	143	28.04	22.06	21.94	27.95	0.00	0.00
LBC	144	28.06	22.05	21.94	27.95	0.00	0.00
LBC	145	28.05	22.05	21.95	27.95	0.00	0.00
LBC	146	28.04	22.07	21.96	27.93	0.00	0.00
LBC	147	28.03	22.08	21.97	27.92	0.00	0.00
LBC	148	28.02	22.09	21.98	27.91	0.00	0.00
LBC	149	28.02	22.09	21.98	27.91	0.00	0.00
LBC	150	28.03	22.08	21.97	27.92	0.08	0.00
# ACGT raw counters for last fragments. Use `grep ^LTC | cut -f 2-` to extract this part. The columns are: A,C,G,T,N base counters
LTC	12321495383	9512203297	9482330561	12286933318	169683
# Insert sizes. Use `grep ^IS | cut -f 2-` to extract this part. The columns are: insert size, pairs total, inward oriented pairs, outward oriented pairs, other pairs
IS	0	3999	0	27	3972
IS	1	1041	0	55	986
IS	2	330	0	73	257
IS	3	212	0	57	155
IS	4	166	0	70	96
IS	5	128	0	53	75
IS	6	135	0	72	63
IS	7	119	0	67	52
IS	8	155	0	94	61
IS	9	134	0	92	42
IS	10	157	0	118	39
IS	11	168	0	118	50
IS	12	208	0	168	40
IS	13	196	0	144	52
IS	14	232	0	184	48
IS	15	190	0	154	36
IS	16	240	0	213	27
IS	17	268	0	234	34
IS	18	259	0	235	24
IS	19	1429	529	876	24
IS	20	1263	461	779	23
IS	21	980	320	632	28
IS	22	812	218	572	22
IS	23	696	119	556	21
IS	24	717	140	564	13
IS	25	838	171	646	21
IS	26	803	178	605	20
IS	27	917	205	700	12
IS	28	1029	297	717	15
IS	29	905	218	671	16
IS	30	964	225	717	22
IS	31	1115	282	817	16
IS	32	1145	332	794	19
IS	33	1160	324	819	17
IS	34	1220	381	823	16
IS	35	1153	346	779	28
IS	36	1302	408	878	16
IS	37	1361	414	923	24
IS	38	1451	470	957	24
IS	39	1484	543	912	29
IS	40	1845	654	1136	55
IS	41	1969	704	1225	40
IS	42	2228	876	1277	75
IS	43	2351	814	1490	47
IS	44	2367	925	1408	34
IS	45	2493	989	1480	24
IS	46	2509	969	1530	10
IS	47	2792	1054	1718	20
IS	48	2966	1219	1732	15
IS	49	3047	1260	1771	16
IS	50	3252	1364	1863	25
IS	51	3338	1370	1936	32
IS	52	3493	1415	2051	27
IS	53	3552	1488	2035	29
IS	54	3855	1655	2156	44
IS	55	4166	1683	2365	118
IS	56	4301	1791	2454	56
IS	57	4412	1863	2513	36
IS	58	4481	1954	2510	17
IS	59	4539	1927	2603	9
IS	60	4602	1988	2606	8
IS	61	4695	2084	2596	15
IS	62	4848	2103	2725	20
IS	63	4767	2174	2573	20
IS	64	4716	2069	2621	26
IS	65	4766	2033	2712	21
IS	66	5013	2204	2787	22
IS	67	5024	2253	2747	24
IS	68	5136	2307	2815	14
IS	69	5096	2210	2872	14
IS	70	5135	2378	2742	15
IS	71	5294	2432	2846	16
IS	72	5439	2495	2937	7
IS	73	5420	2563	2846	11
IS	74	5370	2417	2942	11
IS	75	5474	2471	2992	11
IS	76	5743	2639	3087	17
IS	77	5648	2627	3008	13
IS	78	5736	2728	2991	17
IS	79	5771	2742	3019	10
IS	80	5986	2763	3215	8
IS	81	5930	2839	3078	13
IS	82	6255	3029	3216	10
IS	83	6113	2797	3294	22
IS	84	6285	2989	3285	11
IS	85	6305	3145	3144	16
IS	86	6235	2942	3278	15
IS	87	6253	3052	3189	12
IS	88	6192	2980	3200	12
IS	89	6335	3029	3293	13
IS	90	6220	2977	3226	17
IS	91	6313	3026	3275	12
IS	92	6444	3249	3184	11
IS	93	6107	2982	3119	6
IS	94	6313	3127	3175	11
IS	95	6180	2981	3182	17
IS	96	6330	3079	3241	10
IS	97	6137	3074	3055	8
IS	98	6271	3080	3178	13
IS	99	6281	3120	3150	11
IS	100	6343	3108	3225	10
IS	101	6347	3187	3146	14
IS	102	6314	3130	3170	14
IS	103	6286	3131	3140	15
IS	104	6412	3181	3224	7
IS	105	6303	3076	3206	21
IS	106	6437	3276	3153	8
IS	107	6295	3173	3105	17
IS	108	6466	3185	3274	7
IS	109	6523	3214	3292	17
IS	110	6673	3377	3279	17
IS	111	6686	3359	3311	16
IS	112	6855	3416	3421	18
IS	113	6806	3435	3356	15
IS	114	6814	3408	3395	11
IS	115	6791	3479	3296	16
IS	116	6777	3432	3332	13
IS	117	6818	3559	3252	7
IS	118	6816	3470	3335	11
IS	119	6783	3509	3259	15
IS	120	6717	3327	3368	22
IS	121	6850	3511	3328	11
IS	122	6810	3551	3236	23
IS	123	6787	3451	3307	29
IS	124	6969	3602	3352	15
IS	125	6986	3652	3315	19
IS	126	6844	3491	3338	15
IS	127	6864	3499	3350	15
IS	128	7027	3561	3443	23
IS	129	7086	3698	3365	23
IS	130	7112	3583	3517	12
IS	131	7096	3651	3413	32
IS	132	7109	3647	3439	23
IS	133	7170	3707	3445	18
IS	134	7171	3776	3381	14
IS	135	7345	3833	3498	14
IS	136	7406	3803	3585	18
IS	137	7431	3772	3641	18
IS	138	7698	3877	3802	19
IS	139	7836	3910	3902	24
IS	140	7908	3541	4353	14
IS	141	8172	4577	3580	15
IS	142	8335	4834	3489	12
IS	143	8522	4900	3595	27
IS	144	8353	4757	3576	20
IS	145	8610	4905	3682	23
IS	146	8588	4884	3684	20
IS	147	8660	4976	3666	18
IS	148	8819	4825	3973	21
IS	149	8748	3933	4800	15
IS	150	8963	5600	3343	20
IS	151	8836	8694	130	12
IS	152	8685	8608	57	20
IS	153	9089	9036	31	22
IS	154	9285	9239	31	15
IS	155	9196	9152	30	14
IS	156	9320	9262	34	24
IS	157	9397	9357	25	15
IS	158	9262	9220	26	16
IS	159	9726	9680	29	17
IS	160	9693	9665	15	13
IS	161	9988	9943	27	18
IS	162	9892	9856	17	19
IS	163	10261	10231	19	11
IS	164	10197	10177	13	7
IS	165	10192	10166	8	18
IS	166	10786	10753	10	23
IS	167	10811	10773	16	22
IS	168	10957	10913	21	23
IS	169	11242	11201	18	23
IS	170	11478	11438	13	27
IS	171	11667	11629	14	24
IS	172	11941	11908	23	10
IS	173	12348	12316	15	17
IS	174	12486	12456	11	19
IS	175	13063	13040	4	19
IS	176	13215	13192	4	19
IS	177	13706	13680	6	20
IS	178	14151	14114	17	20
IS	179	14294	14259	16	19
IS	180	14698	14660	12	26
IS	181	15231	15191	9	31
IS	182	15370	15331	18	21
IS	183	16007	15963	17	27
IS	184	16392	16364	13	15
IS	185	16551	16522	9	20
IS	186	17185	17157	10	18
IS	187	18196	18167	11	18
IS	188	18568	18544	10	14
IS	189	18577	18534	16	27
IS	190	19339	19307	11	21
IS	191	19855	19821	10	24
IS	192	20234	20204	7	23
IS	193	21073	21033	11	29
IS	194	21621	21587	6	28
IS	195	22143	22116	14	13
IS	196	22807	22769	12	26
IS	197	23747	23721	4	22
IS	198	24893	24862	7	24
IS	199	25357	25322	10	25
IS	200	26360	26331	10	19
IS	201	26977	26924	16	37
IS	202	27994	27972	7	15
IS	203	28469	28418	13	38
IS	204	29349	29314	8	27
IS	205	30798	30778	4	16
IS	206	31847	31801	12	34
IS	207	32889	32848	7	34
IS	208	34095	34060	9	26
IS	209	35558	35516	8	34
IS	210	36552	36523	9	20
IS	211	37361	37326	14	21
IS	212	39082	39036	13	33
IS	213	40142	40098	12	32
IS	214	41605	41569	14	22
IS	215	42995	42967	7	21
IS	216	44253	44216	10	27
IS	217	46180	46156	5	19
IS	218	47443	47404	11	28
IS	219	49395	49353	12	30
IS	220	51066	51028	13	25
IS	221	52226	52197	6	23
IS	222	54299	54254	9	36
IS	223	56360	56309	15	36
IS	224	58257	58227	6	24
IS	225	59912	59884	7	21
IS	226	61975	61936	11	28
IS	227	64600	64559	5	36
IS	228	67113	67073	18	22
IS	229	68909	68876	9	24
IS	230	71566	71530	13	23
IS	231	73449	73409	10	30
IS	232	76352	76315	9	28
IS	233	79068	79035	10	23
IS	234	81103	81060	16	27
IS	235	83806	83761	13	32
IS	236	86479	86444	9	26
IS	237	89005	88978	3	24
IS	238	94018	93977	9	32
IS	239	96356	96319	7	30
IS	240	99513	99475	9	29
IS	241	103010	102975	8	27
IS	242	106121	106080	10	31
IS	243	109149	109119	10	20
IS	244	112893	112860	7	26
IS	245	115831	115781	10	40
IS	246	119911	119867	9	35
IS	247	124185	124149	5	31
IS	248	127973	127948	7	18
IS	249	132998	132961	6	31
IS	250	136477	136440	11	26
IS	251	141238	141203	7	28
IS	252	145875	145835	8	32
IS	253	151005	150964	7	34
IS	254	155239	155205	5	29
IS	255	159027	158977	11	39
IS	256	162922	162875	5	42
IS	257	168667	168634	5	28
IS	258	173920	173878	11	31
IS	259	180298	180264	4	30
IS	260	187169	187129	8	32
IS	261	193627	193581	10	36
IS	262	199169	199137	9	23
IS	263	205198	205163	10	25
IS	264	211215	211177	9	29
IS	265	216301	216249	8	44
IS	266	223069	223035	14	20
IS	267	228822	228770	11	41
IS	268	235673	235619	9	45
IS	269	242307	242261	10	36
IS	270	250748	250699	16	33
IS	271	259386	259329	12	45
IS	272	266389	266345	9	35
IS	273	273960	273913	7	40
IS	274	281279	281232	15	32
IS	275	287327	287292	9	26
IS	276	295659	295605	13	41
IS	277	303165	303134	9	22
IS	278	312140	312094	8	38
IS	279	321628	321579	10	39
IS	280	330962	330924	10	28
IS	281	341141	341111	4	26
IS	282	350135	350088	13	34
IS	283	358758	358719	8	31
IS	284	367739	367691	11	37
IS	285	377358	377306	14	38
IS	286	387029	386977	13	39
IS	287	396750	396711	14	25
IS	288	405068	405029	8	31
IS	289	417057	417006	12	39
IS	290	427470	427436	3	31
IS	291	438151	438101	8	42
IS	292	451199	451144	9	46
IS	293	463085	463051	7	27
IS	294	474670	474639	3	28
IS	295	484437	484395	14	28
IS	296	494596	494558	13	25
IS	297	504465	504424	14	27
IS	298	515658	515605	12	41
IS	299	528224	528174	5	45
IS	300	540008	539974	8	26
IS	301	552955	552909	3	43
IS	302	568065	568027	6	32
IS	303	581975	581928	9	38
IS	304	595853	595807	8	38
IS	305	607551	607507	10	34
IS	306	617878	617839	7	32
IS	307	628603	628567	9	27
IS	308	641306	641265	5	36
IS	309	654553	654515	10	28
IS	310	667330	667286	10	34
IS	311	682698	682663	5	30
IS	312	700780	700738	13	29
IS	313	713212	713171	7	34
IS	314	727932	727894	9	29
IS	315	742921	742878	7	36
IS	316	755550	755511	12	27
IS	317	767452	767396	10	46
IS	318	779488	779451	7	30
IS	319	793123	793081	12	30
IS	320	805862	805818	6	38
IS	321	822629	822606	6	17
IS	322	840611	840567	14	30
IS	323	858107	858076	6	25
IS	324	870155	870114	8	33
IS	325	888507	888466	10	31
IS	326	900344	900305	5	34
IS	327	913235	913197	11	27
IS	328	921922	921884	8	30
IS	329	934729	934692	13	24
IS	330	946766	946721	7	38
IS	331	961594	961558	8	28
IS	332	977937	977895	9	33
IS	333	993209	993174	13	22
IS	334	1010365	1010332	8	25
IS	335	1025990	1025954	7	29
IS	336	1037910	1037879	9	22
IS	337	1047850	1047814	9	27
IS	338	1057986	1057952	8	26
IS	339	1067969	1067919	9	41
IS	340	1078796	1078753	8	35
IS	341	1092106	1092072	5	29
IS	342	1103649	1103616	4	29
IS	343	1119292	1119249	9	34
IS	344	1134294	1134263	7	24
IS	345	1145160	1145124	8	28
IS	346	1160221	1160199	6	16
IS	347	1167379	1167337	10	32
IS	348	1179868	1179828	8	32
IS	349	1184328	1184294	10	24
IS	350	1194447	1194414	4	29
IS	351	1203313	1203274	10	29
IS	352	1214617	1214581	4	32
IS	353	1227049	1227020	5	24
IS	354	1241330	1241288	6	36
IS	355	1251406	1251344	9	53
IS	356	1263653	1263553	6	94
IS	357	1271787	1271732	10	45
IS	358	1278463	1278425	4	34
IS	359	1281583	1281544	6	33
IS	360	1288810	1288773	8	29
IS	361	1294052	1294010	11	31
IS	362	1301747	1301705	13	29
IS	363	1314137	1314091	9	37
IS	364	1323630	1323599	12	19
IS	365	1330734	1330700	5	29
IS	366	1338178	1338148	5	25
IS	367	1346908	1346883	7	18
IS	368	1350425	1350394	9	22
IS	369	1352342	1352303	11	28
IS	370	1357016	1356982	8	26
IS	371	1356798	1356761	10	27
IS	372	1362595	1362570	9	16
IS	373	1368747	1368724	6	17
IS	374	1376214	1376182	9	23
IS	375	1384073	1384045	7	21
IS	376	1389232	1389200	6	26
IS	377	1394378	1394354	5	19
IS	378	1396097	1396068	7	22
IS	379	1394681	1394645	5	31
IS	380	1396303	1396253	6	44
IS	381	1396894	1396862	8	24
IS	382	1396383	1396332	6	45
IS	383	1400480	1400437	8	35
IS	384	1404421	1404380	11	30
IS	385	1409341	1409310	7	24
IS	386	1412064	1412023	8	33
IS	387	1415701	1415640	10	51
IS	388	1413491	1413444	5	42
IS	389	1415109	1415074	5	30
IS	390	1414631	1414602	7	22
IS	391	1408558	1408529	5	24
IS	392	1407451	1407412	9	30
IS	393	1404473	1404444	9	20
IS	394	1407949	1407922	8	19
IS	395	1406686	1406650	8	28
IS	396	1412186	1412143	5	38
IS	397	1413496	1413462	8	26
IS	398	1412492	1412450	11	31
IS	399	1409596	1409532	5	59
IS	400	1406272	1406228	8	36
IS	401	1400813	1400755	7	51
IS	402	1396872	1396788	6	78
IS	403	1392676	1392605	12	59
IS	404	1389299	1389223	5	71
IS	405	1388361	1388316	8	37
IS	406	1392039	1391992	7	40
IS	407	1386802	1386770	5	27
IS	408	1387787	1387729	6	52
IS	409	1381564	1381533	9	22
IS	410	1376189	1376145	9	35
IS	411	1372349	1372301	7	41
IS	412	1365068	1365013	12	43
IS	413	1356458	1356411	14	33
IS	414	1355046	1354995	7	44
IS	415	1347497	1347453	5	39
IS	416	1350806	1350768	7	31
IS	417	1347282	1347203	12	67
IS	418	1345474	1345382	6	86
IS	419	1340884	1340788	7	89
IS	420	1332462	1332358	4	100
IS	421	1327077	1327013	7	57
IS	422	1318588	1318537	9	42
IS	423	1309723	1309676	6	41
IS	424	1306272	1306228	8	36
IS	425	1299109	1299081	3	25
IS	426	1296281	1296237	8	36
IS	427	1292998	1292961	7	30
IS	428	1289213	1289191	5	17
IS	429	1282604	1282576	8	20
IS	430	1277698	1277661	8	29
IS	431	1270169	1270132	9	28
IS	432	1263084	1263044	12	28
IS	433	1251538	1251504	7	27
IS	434	1246523	1246496	5	22
IS	435	1235725	1235697	9	19
IS	436	1228877	1228851	6	20
IS	437	1223081	1223053	6	22
IS	438	1224012	1223986	8	18
IS	439	1216891	1216863	5	23
IS	440	1210243	1210218	8	17
IS	441	1204090	1204070	4	16
IS	442	1194250	1194220	11	19
IS	443	1186146	1186113	10	23
IS	444	1175009	1174970	11	28
IS	445	1166956	1166921	9	26
IS	446	1158986	1158946	8	32
IS	447	1151380	1151340	14	26
IS	448	1147110	1147083	6	21
IS	449	1140420	1140401	10	9
IS	450	1133620	1133586	5	29
IS	451	1127377	1127351	8	18
IS	452	1117195	1117179	5	11
IS	453	1109988	1109958	8	22
IS	454	1100228	1100211	6	11
IS	455	1088626	1088598	12	16
IS	456	1081161	1081141	10	10
IS	457	1074039	1074019	9	11
IS	458	1067289	1067271	9	9
IS	459	1059464	1059434	10	20
IS	460	1052520	1052504	3	13
IS	461	1045482	1045458	7	17
IS	462	1035520	1035499	9	12
IS	463	1029581	1029568	6	7
IS	464	1015909	1015888	5	16
IS	465	1009951	1009938	6	7
IS	466	998250	998226	7	17
IS	467	991049	991024	5	20
IS	468	981663	981640	5	18
IS	469	978145	978125	9	11
IS	470	971892	971875	6	11
IS	471	962601	962578	7	16
IS	472	955321	955299	10	12
IS	473	945090	945070	6	14
IS	474	938215	938199	7	9
IS	475	927328	927292	13	23
IS	476	917463	917441	7	15
IS	477	910382	910358	5	19
IS	478	900979	900960	7	12
IS	479	895085	895056	11	18
IS	480	888562	888540	9	13
IS	481	879641	879608	8	25
IS	482	871346	871322	7	17
IS	483	862668	862645	9	14
IS	484	852650	852622	9	19
IS	485	843524	843485	8	31
IS	486	833154	833081	9	64
IS	487	825950	825855	6	89
IS	488	820099	820055	8	36
IS	489	810018	809979	4	35
IS	490	800884	800853	11	20
IS	491	795225	795186	10	29
IS	492	787818	787785	5	28
IS	493	779136	779103	7	26
IS	494	771284	771265	3	16
IS	495	760052	760029	6	17
IS	496	753494	753473	6	15
IS	497	742925	742898	5	22
IS	498	735492	735466	8	18
IS	499	727793	727770	7	16
IS	500	721080	721055	6	19
IS	501	711646	711631	7	8
IS	502	707749	707734	6	9
IS	503	696878	696865	4	9
IS	504	689129	689107	11	11
IS	505	680264	680250	6	8
IS	506	672078	672056	7	15
IS	507	664746	664731	7	8
IS	508	653067	653052	5	10
IS	509	644396	644386	6	4
IS	510	639873	639864	1	8
IS	511	628186	628162	9	15
IS	512	622190	622179	5	6
IS	513	614282	614264	8	10
IS	514	606457	606440	7	10
IS	515	599155	599138	4	13
IS	516	588853	588837	10	6
IS	517	579853	579842	3	8
IS	518	570998	570988	1	9
IS	519	564668	564648	5	15
IS	520	557468	557454	8	6
IS	521	548527	548513	6	8
IS	522	540908	540891	11	6
IS	523	534906	534890	8	8
IS	524	527793	527776	10	7
IS	525	521319	521299	8	12
IS	526	512532	512515	10	7
IS	527	505484	505468	2	14
IS	528	499243	499234	3	6
IS	529	490581	490573	3	5
IS	530	484445	484434	6	5
IS	531	479334	479319	8	7
IS	532	471606	471588	9	9
IS	533	468084	468070	4	10
IS	534	462307	462295	5	7
IS	535	454140	454120	13	7
IS	536	447772	447764	3	5
IS	537	440945	440938	3	4
IS	538	434557	434539	8	10
IS	539	428290	428284	5	1
IS	540	422663	422653	7	3
IS	541	414569	414547	7	15
IS	542	409948	409932	4	12
IS	543	405530	405510	8	12
IS	544	398353	398339	7	7
IS	545	392952	392940	7	5
IS	546	387995	387985	6	4
IS	547	382831	382814	6	11
IS	548	375601	375589	5	7
IS	549	368829	368821	3	5
IS	550	365242	365229	7	6
IS	551	358212	358202	4	6
IS	552	354054	354038	7	9
IS	553	349386	349373	9	4
IS	554	343789	343768	10	11
IS	555	340099	340076	12	11
IS	556	333771	333759	6	6
IS	557	329689	329666	11	12
IS	558	322982	322968	8	6
IS	559	318719	318701	10	8
IS	560	315019	315005	5	9
IS	561	308802	308793	5	4
IS	562	304825	304810	4	11
IS	563	299576	299557	12	7
IS	564	294966	294945	9	12
IS	565	291215	291203	6	6
IS	566	285961	285946	5	10
IS	567	282285	282267	9	9
IS	568	276740	276728	6	6
IS	569	272384	272362	6	16
IS	570	267744	267725	10	9
IS	571	261810	261799	7	4
IS	572	258707	258693	8	6
IS	573	254304	254289	7	8
IS	574	249709	249692	7	10
IS	575	245701	245688	6	7
IS	576	241083	241067	6	10
IS	577	238157	238144	0	13
IS	578	233364	233355	4	5
IS	579	229226	229210	7	9
IS	580	225733	225723	6	4
IS	581	221190	221177	5	8
IS	582	217618	217612	1	5
IS	583	214380	214368	3	9
IS	584	210161	210148	5	8
IS	585	205483	205470	8	5
IS	586	203344	203326	9	9
IS	587	200597	200583	7	7
IS	588	196405	196388	11	6
IS	589	192643	192631	8	4
IS	590	190119	190099	9	11
IS	591	186661	186649	8	4
IS	592	182734	182719	4	11
IS	593	180387	180373	10	4
IS	594	177882	177870	8	4
IS	595	174735	174723	6	6
IS	596	171187	171174	10	3
IS	597	168853	168833	12	8
IS	598	166117	166107	5	5
IS	599	163683	163673	5	5
IS	600	161054	161044	7	3
IS	601	157879	157867	7	5
IS	602	154892	154876	6	10
IS	603	151729	151715	2	12
IS	604	149111	149099	4	8
IS	605	146319	146300	7	12
IS	606	144377	144360	3	14
IS	607	143249	143237	9	3
IS	608	139628	139617	5	6
IS	609	138172	138163	2	7
IS	610	135316	135306	8	2
IS	611	132462	132456	3	3
IS	612	129446	129429	6	11
IS	613	127249	127239	6	4
IS	614	125297	125281	8	8
IS	615	123475	123465	5	5
IS	616	121745	121736	7	2
IS	617	119236	119222	6	8
IS	618	116747	116738	3	6
IS	619	115334	115317	4	13
IS	620	113715	113696	8	11
IS	621	110364	110355	6	3
IS	622	109175	109165	3	7
IS	623	106247	106234	9	4
IS	624	104152	104141	6	5
IS	625	103078	103066	8	4
IS	626	102289	102279	4	6
IS	627	99177	99166	4	7
IS	628	97962	97953	1	8
IS	629	95456	95449	5	2
IS	630	94699	94684	7	8
IS	631	92879	92867	3	9
IS	632	90806	90799	6	1
IS	633	89201	89190	4	7
IS	634	87647	87636	4	7
IS	635	86157	86146	5	6
IS	636	84208	84201	4	3
IS	637	83643	83633	5	5
IS	638	81301	81287	5	9
IS	639	80918	80907	8	3
IS	640	79151	79143	2	6
IS	641	76881	76871	4	6
IS	642	76559	76547	7	5
IS	643	75351	75347	3	1
IS	644	73348	73334	6	8
IS	645	72874	72859	8	7
IS	646	71424	71410	8	6
IS	647	69703	69693	4	6
IS	648	69181	69172	5	4
IS	649	67335	67326	4	5
IS	650	66695	66683	5	7
IS	651	64867	64859	3	5
IS	652	64374	64362	4	8
IS	653	63026	63014	4	8
IS	654	61519	61510	3	6
IS	655	60761	60746	7	8
IS	656	59633	59628	4	1
IS	657	58680	58659	8	13
IS	658	57644	57637	5	2
IS	659	56313	56302	5	6
IS	660	55441	55435	2	4
IS	661	54389	54380	4	5
IS	662	53684	53676	1	7
IS	663	52788	52779	4	5
IS	664	51283	51277	2	4
IS	665	50775	50766	5	4
IS	666	49955	49950	2	3
IS	667	49105	49092	7	6
IS	668	48607	48596	2	9
IS	669	48312	48300	5	7
IS	670	46858	46846	3	9
IS	671	45969	45958	6	5
IS	672	45108	45097	3	8
IS	673	44436	44414	10	12
IS	674	42919	42913	2	4
IS	675	42676	42667	2	7
IS	676	41918	41913	0	5
IS	677	41628	41620	4	4
IS	678	40085	40078	3	4
IS	679	39760	39744	10	6
IS	680	39245	39232	6	7
IS	681	38687	38672	7	8
IS	682	38140	38126	2	12
IS	683	37071	37060	2	9
IS	684	37147	37136	5	6
# Read lengths. Use `grep ^RL | cut -f 2-` to extract this part. The columns are: read length, count
RL	141	126884912
RL	150	469710500
# Read lengths - first fragments. Use `grep ^FRL | cut -f 2-` to extract this part. The columns are: read length, count
FRL	150	298294769
# Read lengths - last fragments. Use `grep ^LRL | cut -f 2-` to extract this part. The columns are: read length, count
LRL	141	126884912
LRL	150	171415731
# Mapping qualities for reads !(UNMAP|SECOND|SUPPL|QCFAIL|DUP). Use `grep ^MAPQ | cut -f 2-` to extract this part. The columns are: mapq, count
MAPQ	0	64008181
MAPQ	1	499628
MAPQ	2	381637
MAPQ	3	483488
MAPQ	4	393697
MAPQ	5	378760
MAPQ	6	454876
MAPQ	7	489438
MAPQ	8	580530
MAPQ	9	545054
MAPQ	10	454312
MAPQ	11	445635
MAPQ	12	891604
MAPQ	13	893592
MAPQ	14	748302
MAPQ	15	617075
MAPQ	16	409232
MAPQ	17	449713
MAPQ	18	336628
MAPQ	19	391398
MAPQ	20	395980
MAPQ	21	363602
MAPQ	22	431686
MAPQ	23	254487
MAPQ	24	434068
MAPQ	25	562347
MAPQ	26	114211
MAPQ	27	1144254
MAPQ	28	121617
MAPQ	29	109549
MAPQ	30	305921
MAPQ	31	175386
MAPQ	32	196382
MAPQ	33	237056
MAPQ	34	137017
MAPQ	35	135436
MAPQ	36	176617
MAPQ	37	211782
MAPQ	38	120226
MAPQ	39	434021
MAPQ	40	9034013
MAPQ	41	467007
MAPQ	42	317724
MAPQ	43	658371
MAPQ	44	499819
MAPQ	45	814945
MAPQ	46	944909
MAPQ	47	454298
MAPQ	48	2169930
MAPQ	49	195734
MAPQ	50	385674
MAPQ	51	209070
MAPQ	52	469646
MAPQ	53	136904
MAPQ	54	210653
MAPQ	55	187976
MAPQ	56	180434
MAPQ	57	729436
MAPQ	58	262731
MAPQ	59	470217
MAPQ	60	496406627
# Indel distribution. Use `grep ^ID | cut -f 2-` to extract this part. The columns are: length, number of insertions, number of deletions
ID	1	7091750	7150218
ID	2	2093454	2007845
ID	3	900621	870096
ID	4	767463	715796
ID	5	327038	308143
ID	6	299184	286677
ID	7	134125	130843
ID	8	146143	143118
ID	9	90322	90685
ID	10	87296	97927
ID	11	44973	73707
ID	12	67846	70288
ID	13	32235	34348
ID	14	35495	39380
ID	15	20510	25504
ID	16	29365	32657
ID	17	13838	14607
ID	18	16810	21559
ID	19	10311	12658
ID	20	11507	15675
ID	21	7430	9474
ID	22	9902	25688
ID	23	8051	39892
ID	24	5960	9026
ID	25	4017	5281
ID	26	4013	5832
ID	27	2564	3912
ID	28	2846	4706
ID	29	2002	3023
ID	30	1879	3534
ID	31	1220	2271
ID	32	1208	2534
ID	33	888	1651
ID	34	1237	2190
ID	35	691	1241
ID	36	600	1417
ID	37	352	958
ID	38	353	876
ID	39	246	654
ID	40	258	985
ID	41	135	574
ID	42	95	526
ID	43	58	652
ID	44	64	741
ID	45	19	1619
ID	46	5	1699
ID	47	5	312
ID	48	0	324
ID	49	0	203
ID	50	0	169
ID	51	0	200
ID	52	0	157
ID	53	0	138
ID	54	0	110
ID	55	0	113
ID	56	0	114
ID	57	0	93
ID	58	0	72
ID	59	0	52
ID	60	0	58
ID	61	0	39
ID	62	0	47
ID	63	0	23
ID	64	0	22
ID	65	0	9
ID	66	0	7
ID	67	0	1
ID	68	0	4
ID	69	0	2
ID	70	0	2
# Indels per cycle. Use `grep ^IC | cut -f 2-` to extract this part. The columns are: cycle, number of insertions (fwd), .. (rev) , number of deletions (fwd), .. (rev)
IC	1	2	5	3	3
IC	2	1	2	10	6
IC	3	3	0	14988	15576
IC	4	15156	16238	19092	20392
IC	5	19765	20757	21752	22644
IC	6	22633	23302	23556	24365
IC	7	25132	25581	26600	26577
IC	8	26605	26808	30153	31012
IC	9	29874	30071	32128	32415
IC	10	31907	32233	33728	34279
IC	11	33611	34464	35394	35496
IC	12	35135	35083	36355	36839
IC	13	36218	35717	37691	37648
IC	14	37202	37679	38489	39078
IC	15	38831	39156	39899	39954
IC	16	42032	41311	40610	41268
IC	17	43692	42868	40950	41555
IC	18	42668	42917	42396	42984
IC	19	43038	44075	43115	44037
IC	20	43970	45545	43862	44541
IC	21	44511	46148	44886	45024
IC	22	44944	46766	45619	45937
IC	23	45734	47550	45515	46367
IC	24	46184	48207	45856	46456
IC	25	46770	48209	46363	46836
IC	26	46408	49151	46919	47055
IC	27	46546	48984	46376	47211
IC	28	46682	49940	47352	47893
IC	29	46858	50462	46869	47664
IC	30	47574	50443	46718	47882
IC	31	47160	50724	46946	47391
IC	32	47292	50396	47226	47128
IC	33	47309	50404	47027	47565
IC	34	47308	49817	47361	47390
IC	35	46553	50219	47331	47191
IC	36	46991	50726	47664	47756
IC	37	47012	50411	47490	47535
IC	38	46519	50669	47388	47936
IC	39	46647	50968	47631	47900
IC	40	47140	51072	47635	47481
IC	41	47693	51219	47795	47835
IC	42	47394	51053	47818	48000
IC	43	47664	50878	47610	47466
IC	44	47335	51787	47656	46959
IC	45	47336	51067	48003	47956
IC	46	47842	52099	47344	47186
IC	47	47150	52024	47934	47988
IC	48	47807	51641	47482	47631
IC	49	47063	50886	47868	47769
IC	50	47548	51586	48165	47935
IC	51	47541	51247	47732	47544
IC	52	47059	51630	48165	47705
IC	53	47292	51660	47557	47553
IC	54	47355	51114	47754	48085
IC	55	47039	51867	48016	47854
IC	56	46815	51311	47954	48037
IC	57	46901	51098	47934	47309
IC	58	46482	51355	48534	47423
IC	59	47369	51600	47989	47598
IC	60	47706	51777	48078	47693
IC	61	47088	51064	47376	47144
IC	62	46943	51768	48012	47875
IC	63	47064	51603	47906	47561
IC	64	47153	51112	47879	46916
IC	65	47112	51713	48362	47016
IC	66	46497	50995	48019	47110
IC	67	47183	51568	47370	47333
IC	68	46678	51855	47785	47068
IC	69	47476	51572	47745	47498
IC	70	47003	52357	47202	47424
IC	71	46615	52158	48181	47306
IC	72	46448	51421	47359	47116
IC	73	46592	51931	47677	46866
IC	74	46878	51348	47210	47047
IC	75	46322	50849	48074	47281
IC	76	46508	51020	47507	46593
IC	77	46645	51022	47353	46872
IC	78	46386	50933	47674	47102
IC	79	45865	51289	47032	46858
IC	80	46524	50937	47866	47020
IC	81	45985	51096	47258	46779
IC	82	46470	51141	47635	46866
IC	83	46596	50656	47159	46858
IC	84	45850	50577	47457	46760
IC	85	45805	50559	47138	46923
IC	86	46074	50687	47547	46786
IC	87	45417	50164	47317	46897
IC	88	45861	50316	47386	46113
IC	89	45854	50511	47034	46966
IC	90	45648	49808	46984	46301
IC	91	45321	50040	46814	45812
IC	92	45688	50316	46398	46412
IC	93	45769	49870	46766	46411
IC	94	45758	49741	47231	45834
IC	95	45449	49239	46820	45796
IC	96	45014	48812	46857	46211
IC	97	45124	49112	47221	46248
IC	98	45210	48788	46762	45890
IC	99	45534	49098	46481	46421
IC	100	44853	48463	46758	45817
IC	101	44738	48570	46471	45425
IC	102	44683	48105	46369	45804
IC	103	44661	47759	46203	45087
IC	104	44490	47832	45876	45254
IC	105	44257	47507	45874	45149
IC	106	44373	46631	46135	45247
IC	107	43929	46662	45913	44649
IC	108	44236	46834	45796	44717
IC	109	43896	46101	45972	44761
IC	110	43691	46240	45880	44903
IC	111	43996	45643	45621	44274
IC	112	43778	45797	45305	44138
IC	113	43152	45048	45169	44117
IC	114	42915	44402	45589	43581
IC	115	42868	44752	44924	43363
IC	116	42525	43729	44528	43356
IC	117	42621	43599	44187	42968
IC	118	42227	42657	44369	42449
IC	119	42028	42395	44160	42339
IC	120	41654	41461	43299	42139
IC	121	41216	41525	43746	41754
IC	122	41431	40854	43498	41043
IC	123	40616	40183	43151	40692
IC	124	40168	39061	42978	40137
IC	125	40201	37839	42718	39528
IC	126	39267	37572	42507	39225
IC	127	38937	37189	42354	38638
IC	128	38553	36734	41447	37702
IC	129	38227	35079	40907	37003
IC	130	37607	33775	41067	36237
IC	131	37321	32988	39806	35094
IC	132	36496	32401	39276	34459
IC	133	34967	30492	38282	33524
IC	134	34690	28823	37228	31503
IC	135	33297	27095	36566	30689
IC	136	32323	26563	35503	29753
IC	137	31647	24954	34660	28369
IC	138	29564	23930	33032	24773
IC	139	28195	16354	32151	18303
IC	140	26902	15459	30539	17411
IC	141	25263	14756	29885	16502
IC	142	23637	13215	27941	15905
IC	143	21264	12156	25097	14234
IC	144	19088	10803	24256	13664
IC	145	18619	10300	22516	13170
IC	146	14927	9011	20500	11739
IC	147	15309	9343	14538	8554
IC	149	0	1	0	1
IC	150	0	1	0	0
# Coverage distribution. Use `grep ^COV | cut -f 2-` to extract this part.
COV	[1-1]	1	6279873
COV	[2-2]	2	4868729
COV	[3-3]	3	4619707
COV	[4-4]	4	4992090
COV	[5-5]	5	5841587
COV	[6-6]	6	7068216
COV	[7-7]	7	8673379
COV	[8-8]	8	10543713
COV	[9-9]	9	12649889
COV	[10-10]	10	14772776
COV	[11-11]	11	16917965
COV	[12-12]	12	19104062
COV	[13-13]	13	21444598
COV	[14-14]	14	24228617
COV	[15-15]	15	27696358
COV	[16-16]	16	32252231
COV	[17-17]	17	38157838
COV	[18-18]	18	45626398
COV	[19-19]	19	54708177
COV	[20-20]	20	65161201
COV	[21-21]	21	76581121
COV	[22-22]	22	88584763
COV	[23-23]	23	100427400
COV	[24-24]	24	111548594
COV	[25-25]	25	121317045
COV	[26-26]	26	129143091
COV	[27-27]	27	134614074
COV	[28-28]	28	137473061
COV	[29-29]	29	137612147
COV	[30-30]	30	135256492
COV	[31-31]	31	130520981
COV	[32-32]	32	123791633
COV	[33-33]	33	115534454
COV	[34-34]	34	106122599
COV	[35-35]	35	96037421
COV	[36-36]	36	85639836
COV	[37-37]	37	75308231
COV	[38-38]	38	65360018
COV	[39-39]	39	56029063
COV	[40-40]	40	47470617
COV	[41-41]	41	39778070
COV	[42-42]	42	32957247
COV	[43-43]	43	27046115
COV	[44-44]	44	22005451
COV	[45-45]	45	17759592
COV	[46-46]	46	14227979
COV	[47-47]	47	11318579
COV	[48-48]	48	8955726
COV	[49-49]	49	7056141
COV	[50-50]	50	5544384
COV	[51-51]	51	4345216
COV	[52-52]	52	3404889
COV	[53-53]	53	2679764
COV	[54-54]	54	2114154
COV	[55-55]	55	1677599
COV	[56-56]	56	1344887
COV	[57-57]	57	1090274
COV	[58-58]	58	899188
COV	[59-59]	59	755676
COV	[60-60]	60	642212
COV	[61-61]	61	555868
COV	[62-62]	62	486870
COV	[63-63]	63	435311
COV	[64-64]	64	394846
COV	[65-65]	65	362440
COV	[66-66]	66	335606
COV	[67-67]	67	311455
COV	[68-68]	68	290745
COV	[69-69]	69	272665
COV	[70-70]	70	256624
COV	[71-71]	71	245277
COV	[72-72]	72	231994
COV	[73-73]	73	220846
COV	[74-74]	74	210188
COV	[75-75]	75	200196
COV	[76-76]	76	192534
COV	[77-77]	77	183765
COV	[78-78]	78	175773
COV	[79-79]	79	168762
COV	[80-80]	80	161058
COV	[81-81]	81	154131
COV	[82-82]	82	149321
COV	[83-83]	83	142550
COV	[84-84]	84	138018
COV	[85-85]	85	133434
COV	[86-86]	86	128307
COV	[87-87]	87	122395
COV	[88-88]	88	118135
COV	[89-89]	89	114147
COV	[90-90]	90	108987
COV	[91-91]	91	106187
COV	[92-92]	92	101135
COV	[93-93]	93	97804
COV	[94-94]	94	94142
COV	[95-95]	95	90438
COV	[96-96]	96	88706
COV	[97-97]	97	85875
COV	[98-98]	98	83178
COV	[99-99]	99	79869
COV	[100-100]	100	77504
COV	[101-101]	101	74822
COV	[102-102]	102	72537
COV	[103-103]	103	70098
COV	[104-104]	104	68777
COV	[105-105]	105	65849
COV	[106-106]	106	64040
COV	[107-107]	107	62148
COV	[108-108]	108	61371
COV	[109-109]	109	59192
COV	[110-110]	110	58670
COV	[111-111]	111	56363
COV	[112-112]	112	54759
COV	[113-113]	113	52993
COV	[114-114]	114	51629
COV	[115-115]	115	50766
COV	[116-116]	116	49411
COV	[117-117]	117	48073
COV	[118-118]	118	46937
COV	[119-119]	119	45929
COV	[120-120]	120	44677
COV	[121-121]	121	43850
COV	[122-122]	122	42389
COV	[123-123]	123	42334
COV	[124-124]	124	41653
COV	[125-125]	125	41238
COV	[126-126]	126	40826
COV	[127-127]	127	40145
COV	[128-128]	128	39567
COV	[129-129]	129	39509
COV	[130-130]	130	38454
COV	[131-131]	131	37823
COV	[132-132]	132	37965
COV	[133-133]	133	36796
COV	[134-134]	134	36223
COV	[135-135]	135	35668
COV	[136-136]	136	35214
COV	[137-137]	137	34312
COV	[138-138]	138	33811
COV	[139-139]	139	33195
COV	[140-140]	140	32788
COV	[141-141]	141	32142
COV	[142-142]	142	32062
COV	[143-143]	143	32047
COV	[144-144]	144	31868
COV	[145-145]	145	31302
COV	[146-146]	146	30958
COV	[147-147]	147	30689
COV	[148-148]	148	30209
COV	[149-149]	149	29655
COV	[150-150]	150	29235
COV	[151-151]	151	28902
COV	[152-152]	152	28715
COV	[153-153]	153	28760
COV	[154-154]	154	28524
COV	[155-155]	155	28359
COV	[156-156]	156	27460
COV	[157-157]	157	27451
COV	[158-158]	158	27328
COV	[159-159]	159	26886
COV	[160-160]	160	26780
COV	[161-161]	161	26553
COV	[162-162]	162	25976
COV	[163-163]	163	25691
COV	[164-164]	164	25369
COV	[165-165]	165	24889
COV	[166-166]	166	24972
COV	[167-167]	167	24105
COV	[168-168]	168	24271
COV	[169-169]	169	23845
COV	[170-170]	170	23521
COV	[171-171]	171	23275
COV	[172-172]	172	23012
COV	[173-173]	173	22605
COV	[174-174]	174	21898
COV	[175-175]	175	21920
COV	[176-176]	176	21497
COV	[177-177]	177	21621
COV	[178-178]	178	20944
COV	[179-179]	179	21216
COV	[180-180]	180	20534
COV	[181-181]	181	20653
COV	[182-182]	182	20195
COV	[183-183]	183	20236
COV	[184-184]	184	19729
COV	[185-185]	185	19434
COV	[186-186]	186	18798
COV	[187-187]	187	18936
COV	[188-188]	188	18427
COV	[189-189]	189	18113
COV	[190-190]	190	18131
COV	[191-191]	191	18119
COV	[192-192]	192	17804
COV	[193-193]	193	17556
COV	[194-194]	194	17766
COV	[195-195]	195	17558
COV	[196-196]	196	17293
COV	[197-197]	197	16623
COV	[198-198]	198	16507
COV	[199-199]	199	16206
COV	[200-200]	200	16227
COV	[201-201]	201	15650
COV	[202-202]	202	15232
COV	[203-203]	203	15091
COV	[204-204]	204	14982
COV	[205-205]	205	14825
COV	[206-206]	206	14792
COV	[207-207]	207	14411
COV	[208-208]	208	14378
COV	[209-209]	209	13966
COV	[210-210]	210	14051
COV	[211-211]	211	13949
COV	[212-212]	212	13989
COV	[213-213]	213	13739
COV	[214-214]	214	13819
COV	[215-215]	215	13351
COV	[216-216]	216	13440
COV	[217-217]	217	13416
COV	[218-218]	218	13011
COV	[219-219]	219	12857
COV	[220-220]	220	13139
COV	[221-221]	221	12867
COV	[222-222]	222	12722
COV	[223-223]	223	12767
COV	[224-224]	224	12648
COV	[225-225]	225	12411
COV	[226-226]	226	12399
COV	[227-227]	227	12318
COV	[228-228]	228	12132
COV	[229-229]	229	12141
COV	[230-230]	230	11973
COV	[231-231]	231	11826
COV	[232-232]	232	11618
COV	[233-233]	233	11949
COV	[234-234]	234	11527
COV	[235-235]	235	11651
COV	[236-236]	236	11595
COV	[237-237]	237	11492
COV	[238-238]	238	11407
COV	[239-239]	239	11396
COV	[240-240]	240	11136
COV	[241-241]	241	10915
COV	[242-242]	242	11059
COV	[243-243]	243	10937
COV	[244-244]	244	10814
COV	[245-245]	245	10805
COV	[246-246]	246	10998
COV	[247-247]	247	10733
COV	[248-248]	248	10705
COV	[249-249]	249	10786
COV	[250-250]	250	10585
COV	[251-251]	251	10427
COV	[252-252]	252	10380
COV	[253-253]	253	10255
COV	[254-254]	254	10241
COV	[255-255]	255	10160
COV	[256-256]	256	9920
COV	[257-257]	257	10117
COV	[258-258]	258	9963
COV	[259-259]	259	9713
COV	[260-260]	260	9607
COV	[261-261]	261	9664
COV	[262-262]	262	9709
COV	[263-263]	263	9641
COV	[264-264]	264	9684
COV	[265-265]	265	9245
COV	[266-266]	266	9288
COV	[267-267]	267	9222
COV	[268-268]	268	9276
COV	[269-269]	269	9322
COV	[270-270]	270	9124
COV	[271-271]	271	8972
COV	[272-272]	272	8848
COV	[273-273]	273	8665
COV	[274-274]	274	8793
COV	[275-275]	275	8827
COV	[276-276]	276	8634
COV	[277-277]	277	8930
COV	[278-278]	278	8813
COV	[279-279]	279	8839
COV	[280-280]	280	8682
COV	[281-281]	281	8667
COV	[282-282]	282	8698
COV	[283-283]	283	8625
COV	[284-284]	284	8420
COV	[285-285]	285	8308
COV	[286-286]	286	8241
COV	[287-287]	287	8268
COV	[288-288]	288	8238
COV	[289-289]	289	8213
COV	[290-290]	290	8039
COV	[291-291]	291	8017
COV	[292-292]	292	8031
COV	[293-293]	293	7891
COV	[294-294]	294	7857
COV	[295-295]	295	7885
COV	[296-296]	296	7647
COV	[297-297]	297	7552
COV	[298-298]	298	7500
COV	[299-299]	299	7571
COV	[300-300]	300	7393
COV	[301-301]	301	7127
COV	[302-302]	302	7151
COV	[303-303]	303	7215
COV	[304-304]	304	7033
COV	[305-305]	305	7029
COV	[306-306]	306	6980
COV	[307-307]	307	7010
COV	[308-308]	308	6940
COV	[309-309]	309	6917
COV	[310-310]	310	6629
COV	[311-311]	311	6589
COV	[312-312]	312	6595
COV	[313-313]	313	6630
COV	[314-314]	314	6688
COV	[315-315]	315	6590
COV	[316-316]	316	6522
COV	[317-317]	317	6478
COV	[318-318]	318	6380
COV	[319-319]	319	6431
COV	[320-320]	320	6320
COV	[321-321]	321	6365
COV	[322-322]	322	6292
COV	[323-323]	323	6227
COV	[324-324]	324	6125
COV	[325-325]	325	6004
COV	[326-326]	326	6019
COV	[327-327]	327	5892
COV	[328-328]	328	5983
COV	[329-329]	329	6010
COV	[330-330]	330	5971
COV	[331-331]	331	5897
COV	[332-332]	332	6029
COV	[333-333]	333	5960
COV	[334-334]	334	5834
COV	[335-335]	335	5655
COV	[336-336]	336	5759
COV	[337-337]	337	5865
COV	[338-338]	338	5753
COV	[339-339]	339	5774
COV	[340-340]	340	5687
COV	[341-341]	341	5637
COV	[342-342]	342	5688
COV	[343-343]	343	5753
COV	[344-344]	344	5733
COV	[345-345]	345	5660
COV	[346-346]	346	5573
COV	[347-347]	347	5616
COV	[348-348]	348	5709
COV	[349-349]	349	5564
COV	[350-350]	350	5405
COV	[351-351]	351	5420
COV	[352-352]	352	5352
COV	[353-353]	353	5408
COV	[354-354]	354	5439
COV	[355-355]	355	5481
COV	[356-356]	356	5398
COV	[357-357]	357	5500
COV	[358-358]	358	5510
COV	[359-359]	359	5461
COV	[360-360]	360	5319
COV	[361-361]	361	5345
COV	[362-362]	362	5399
COV	[363-363]	363	5389
COV	[364-364]	364	5345
COV	[365-365]	365	5452
COV	[366-366]	366	5369
COV	[367-367]	367	5165
COV	[368-368]	368	5207
COV	[369-369]	369	5360
COV	[370-370]	370	5329
COV	[371-371]	371	5408
COV	[372-372]	372	5342
COV	[373-373]	373	5355
COV	[374-374]	374	5176
COV	[375-375]	375	5492
COV	[376-376]	376	5246
COV	[377-377]	377	5254
COV	[378-378]	378	5177
COV	[379-379]	379	5062
COV	[380-380]	380	5123
COV	[381-381]	381	5157
COV	[382-382]	382	5232
COV	[383-383]	383	5177
COV	[384-384]	384	5183
COV	[385-385]	385	5231
COV	[386-386]	386	5184
COV	[387-387]	387	5229
COV	[388-388]	388	5005
COV	[389-389]	389	4900
COV	[390-390]	390	5040
COV	[391-391]	391	4972
COV	[392-392]	392	4866
COV	[393-393]	393	4914
COV	[394-394]	394	4911
COV	[395-395]	395	4968
COV	[396-396]	396	4850
COV	[397-397]	397	4839
COV	[398-398]	398	4681
COV	[399-399]	399	4791
COV	[400-400]	400	4778
COV	[401-401]	401	4633
COV	[402-402]	402	4708
COV	[403-403]	403	4736
COV	[404-404]	404	4697
COV	[405-405]	405	4721
COV	[406-406]	406	4550
COV	[407-407]	407	4733
COV	[408-408]	408	4592
COV	[409-409]	409	4603
COV	[410-410]	410	4484
COV	[411-411]	411	4467
COV	[412-412]	412	4458
COV	[413-413]	413	4383
COV	[414-414]	414	4622
COV	[415-415]	415	4526
COV	[416-416]	416	4315
COV	[417-417]	417	4551
COV	[418-418]	418	4459
COV	[419-419]	419	4483
COV	[420-420]	420	4545
COV	[421-421]	421	4434
COV	[422-422]	422	4463
COV	[423-423]	423	4393
COV	[424-424]	424	4567
COV	[425-425]	425	4495
COV	[426-426]	426	4477
COV	[427-427]	427	4568
COV	[428-428]	428	4309
COV	[429-429]	429	4493
COV	[430-430]	430	4437
COV	[431-431]	431	4494
COV	[432-432]	432	4316
COV	[433-433]	433	4187
COV	[434-434]	434	4269
COV	[435-435]	435	4160
COV	[436-436]	436	4312
COV	[437-437]	437	4186
COV	[438-438]	438	4130
COV	[439-439]	439	4302
COV	[440-440]	440	4127
COV	[441-441]	441	4174
COV	[442-442]	442	4178
COV	[443-443]	443	4109
COV	[444-444]	444	4044
COV	[445-445]	445	4191
COV	[446-446]	446	4199
COV	[447-447]	447	4172
COV	[448-448]	448	4115
COV	[449-449]	449	4200
COV	[450-450]	450	4094
COV	[451-451]	451	4014
COV	[452-452]	452	4134
COV	[453-453]	453	4083
COV	[454-454]	454	4221
COV	[455-455]	455	4081
COV	[456-456]	456	4072
COV	[457-457]	457	3909
COV	[458-458]	458	3869
COV	[459-459]	459	3905
COV	[460-460]	460	3835
COV	[461-461]	461	3831
COV	[462-462]	462	3811
COV	[463-463]	463	3868
COV	[464-464]	464	3843
COV	[465-465]	465	3739
COV	[466-466]	466	3808
COV	[467-467]	467	3954
COV	[468-468]	468	3830
COV	[469-469]	469	3720
COV	[470-470]	470	3780
COV	[471-471]	471	3896
COV	[472-472]	472	3868
COV	[473-473]	473	3888
COV	[474-474]	474	3845
COV	[475-475]	475	3790
COV	[476-476]	476	3918
COV	[477-477]	477	3925
COV	[478-478]	478	3779
COV	[479-479]	479	3676
COV	[480-480]	480	3832
COV	[481-481]	481	3835
COV	[482-482]	482	3844
COV	[483-483]	483	3818
COV	[484-484]	484	3691
COV	[485-485]	485	3862
COV	[486-486]	486	3770
COV	[487-487]	487	3792
COV	[488-488]	488	3834
COV	[489-489]	489	3777
COV	[490-490]	490	3733
COV	[491-491]	491	3775
COV	[492-492]	492	3608
COV	[493-493]	493	3751
COV	[494-494]	494	3574
COV	[495-495]	495	3803
COV	[496-496]	496	3705
COV	[497-497]	497	3744
COV	[498-498]	498	3758
COV	[499-499]	499	3652
COV	[500-500]	500	3710
COV	[501-501]	501	3632
COV	[502-502]	502	3601
COV	[503-503]	503	3723
COV	[504-504]	504	3589
COV	[505-505]	505	3781
COV	[506-506]	506	3657
COV	[507-507]	507	3661
COV	[508-508]	508	3816
COV	[509-509]	509	3614
COV	[510-510]	510	3532
COV	[511-511]	511	3671
COV	[512-512]	512	3601
COV	[513-513]	513	3689
COV	[514-514]	514	3695
COV	[515-515]	515	3751
COV	[516-516]	516	3733
COV	[517-517]	517	3705
COV	[518-518]	518	3764
COV	[519-519]	519	3700
COV	[520-520]	520	3745
COV	[521-521]	521	3639
COV	[522-522]	522	3633
COV	[523-523]	523	3793
COV	[524-524]	524	3721
COV	[525-525]	525	3707
COV	[526-526]	526	3800
COV	[527-527]	527	3663
COV	[528-528]	528	3717
COV	[529-529]	529	3719
COV	[530-530]	530	3766
COV	[531-531]	531	3620
COV	[532-532]	532	3743
COV	[533-533]	533	3730
COV	[534-534]	534	3732
COV	[535-535]	535	3700
COV	[536-536]	536	3694
COV	[537-537]	537	3727
COV	[538-538]	538	3731
COV	[539-539]	539	3746
COV	[540-540]	540	3654
COV	[541-541]	541	3614
COV	[542-542]	542	3658
COV	[543-543]	543	3653
COV	[544-544]	544	3577
COV	[545-545]	545	3676
COV	[546-546]	546	3531
COV	[547-547]	547	3660
COV	[548-548]	548	3659
COV	[549-549]	549	3578
COV	[550-550]	550	3661
COV	[551-551]	551	3595
COV	[552-552]	552	3483
COV	[553-553]	553	3635
COV	[554-554]	554	3754
COV	[555-555]	555	3714
COV	[556-556]	556	3697
COV	[557-557]	557	3695
COV	[558-558]	558	3689
COV	[559-559]	559	3559
COV	[560-560]	560	3779
COV	[561-561]	561	3653
COV	[562-562]	562	3671
COV	[563-563]	563	3684
COV	[564-564]	564	3648
COV	[565-565]	565	3582
COV	[566-566]	566	3570
COV	[567-567]	567	3534
COV	[568-568]	568	3633
COV	[569-569]	569	3551
COV	[570-570]	570	3558
COV	[571-571]	571	3533
COV	[572-572]	572	3572
COV	[573-573]	573	3580
COV	[574-574]	574	3626
COV	[575-575]	575	3513
COV	[576-576]	576	3680
COV	[577-577]	577	3624
COV	[578-578]	578	3475
COV	[579-579]	579	3499
COV	[580-580]	580	3534
COV	[581-581]	581	3476
COV	[582-582]	582	3475
COV	[583-583]	583	3508
COV	[584-584]	584	3603
COV	[585-585]	585	3478
COV	[586-586]	586	3377
COV	[587-587]	587	3489
COV	[588-588]	588	3276
COV	[589-589]	589	3320
COV	[590-590]	590	3262
COV	[591-591]	591	3180
COV	[592-592]	592	3162
COV	[593-593]	593	3226
COV	[594-594]	594	3135
COV	[595-595]	595	3202
COV	[596-596]	596	3068
COV	[597-597]	597	3280
COV	[598-598]	598	3150
COV	[599-599]	599	3151
COV	[600-600]	600	3152
COV	[601-601]	601	3047
COV	[602-602]	602	3107
COV	[603-603]	603	3094
COV	[604-604]	604	3086
COV	[605-605]	605	2945
COV	[606-606]	606	2992
COV	[607-607]	607	2976
COV	[608-608]	608	3210
COV	[609-609]	609	3045
COV	[610-610]	610	3118
COV	[611-611]	611	3118
COV	[612-612]	612	3028
COV	[613-613]	613	2939
COV	[614-614]	614	3037
COV	[615-615]	615	3023
COV	[616-616]	616	2981
COV	[617-617]	617	3023
COV	[618-618]	618	2979
COV	[619-619]	619	2927
COV	[620-620]	620	2937
COV	[621-621]	621	2897
COV	[622-622]	622	2894
COV	[623-623]	623	2936
COV	[624-624]	624	2903
COV	[625-625]	625	2834
COV	[626-626]	626	2881
COV	[627-627]	627	2834
COV	[628-628]	628	2805
COV	[629-629]	629	2772
COV	[630-630]	630	2666
COV	[631-631]	631	2644
COV	[632-632]	632	2749
COV	[633-633]	633	2635
COV	[634-634]	634	2652
COV	[635-635]	635	2682
COV	[636-636]	636	2573
COV	[637-637]	637	2681
COV	[638-638]	638	2721
COV	[639-639]	639	2596
COV	[640-640]	640	2568
COV	[641-641]	641	2672
COV	[642-642]	642	2618
COV	[643-643]	643	2615
COV	[644-644]	644	2561
COV	[645-645]	645	2587
COV	[646-646]	646	2626
COV	[647-647]	647	2585
COV	[648-648]	648	2589
COV	[649-649]	649	2579
COV	[650-650]	650	2658
COV	[651-651]	651	2552
COV	[652-652]	652	2620
COV	[653-653]	653	2627
COV	[654-654]	654	2580
COV	[655-655]	655	2596
COV	[656-656]	656	2566
COV	[657-657]	657	2567
COV	[658-658]	658	2492
COV	[659-659]	659	2523
COV	[660-660]	660	2573
COV	[661-661]	661	2470
COV	[662-662]	662	2594
COV	[663-663]	663	2460
COV	[664-664]	664	2554
COV	[665-665]	665	2437
COV	[666-666]	666	2420
COV	[667-667]	667	2520
COV	[668-668]	668	2410
COV	[669-669]	669	2403
COV	[670-670]	670	2337
COV	[671-671]	671	2355
COV	[672-672]	672	2418
COV	[673-673]	673	2390
COV	[674-674]	674	2323
COV	[675-675]	675	2330
COV	[676-676]	676	2316
COV	[677-677]	677	2392
COV	[678-678]	678	2366
COV	[679-679]	679	2285
COV	[680-680]	680	2358
COV	[681-681]	681	2241
COV	[682-682]	682	2283
COV	[683-683]	683	2238
COV	[684-684]	684	2233
COV	[685-685]	685	2199
COV	[686-686]	686	2293
COV	[687-687]	687	2272
COV	[688-688]	688	2158
COV	[689-689]	689	2185
COV	[690-690]	690	2212
COV	[691-691]	691	2258
COV	[692-692]	692	2240
COV	[693-693]	693	2218
COV	[694-694]	694	2223
COV	[695-695]	695	2161
COV	[696-696]	696	2182
COV	[697-697]	697	2263
COV	[698-698]	698	2159
COV	[699-699]	699	2256
COV	[700-700]	700	2254
COV	[701-701]	701	2363
COV	[702-702]	702	2330
COV	[703-703]	703	2236
COV	[704-704]	704	2254
COV	[705-705]	705	2258
COV	[706-706]	706	2290
COV	[707-707]	707	2149
COV	[708-708]	708	2287
COV	[709-709]	709	2203
COV	[710-710]	710	2264
COV	[711-711]	711	2219
COV	[712-712]	712	2206
COV	[713-713]	713	2242
COV	[714-714]	714	2242
COV	[715-715]	715	2287
COV	[716-716]	716	2314
COV	[717-717]	717	2224
COV	[718-718]	718	2267
COV	[719-719]	719	2288
COV	[720-720]	720	2205
COV	[721-721]	721	2251
COV	[722-722]	722	2252
COV	[723-723]	723	2266
COV	[724-724]	724	2203
COV	[725-725]	725	2245
COV	[726-726]	726	2245
COV	[727-727]	727	2262
COV	[728-728]	728	2068
COV	[729-729]	729	2256
COV	[730-730]	730	2260
COV	[731-731]	731	2109
COV	[732-732]	732	2188
COV	[733-733]	733	2149
COV	[734-734]	734	2201
COV	[735-735]	735	2103
COV	[736-736]	736	2051
COV	[737-737]	737	2172
COV	[738-738]	738	2023
COV	[739-739]	739	2223
COV	[740-740]	740	2144
COV	[741-741]	741	2113
COV	[742-742]	742	2129
COV	[743-743]	743	2149
COV	[744-744]	744	2135
COV	[745-745]	745	2113
COV	[746-746]	746	2132
COV	[747-747]	747	2142
COV	[748-748]	748	2092
COV	[749-749]	749	2127
COV	[750-750]	750	2155
COV	[751-751]	751	2235
COV	[752-752]	752	2108
COV	[753-753]	753	2130
COV	[754-754]	754	2133
COV	[755-755]	755	2142
COV	[756-756]	756	2141
COV	[757-757]	757	2188
COV	[758-758]	758	2216
COV	[759-759]	759	2094
COV	[760-760]	760	2220
COV	[761-761]	761	2071
COV	[762-762]	762	2231
COV	[763-763]	763	2199
COV	[764-764]	764	2191
COV	[765-765]	765	2167
COV	[766-766]	766	2127
COV	[767-767]	767	2102
COV	[768-768]	768	2053
COV	[769-769]	769	2029
COV	[770-770]	770	2028
COV	[771-771]	771	2069
COV	[772-772]	772	1985
COV	[773-773]	773	1981
COV	[774-774]	774	1958
COV	[775-775]	775	2018
COV	[776-776]	776	1929
COV	[777-777]	777	1970
COV	[778-778]	778	1850
COV	[779-779]	779	1930
COV	[780-780]	780	1904
COV	[781-781]	781	1992
COV	[782-782]	782	1888
COV	[783-783]	783	1958
COV	[784-784]	784	1882
COV	[785-785]	785	1926
COV	[786-786]	786	1985
COV	[787-787]	787	1945
COV	[788-788]	788	1925
COV	[789-789]	789	1933
COV	[790-790]	790	1918
COV	[791-791]	791	1967
COV	[792-792]	792	1881
COV	[793-793]	793	1927
COV	[794-794]	794	1882
COV	[795-795]	795	1899
COV	[796-796]	796	1854
COV	[797-797]	797	1868
COV	[798-798]	798	1834
COV	[799-799]	799	1871
COV	[800-800]	800	1878
COV	[801-801]	801	1829
COV	[802-802]	802	1886
COV	[803-803]	803	1908
COV	[804-804]	804	1879
COV	[805-805]	805	1837
COV	[806-806]	806	1766
COV	[807-807]	807	1826
COV	[808-808]	808	1836
COV	[809-809]	809	1859
COV	[810-810]	810	1790
COV	[811-811]	811	1839
COV	[812-812]	812	1815
COV	[813-813]	813	1790
COV	[814-814]	814	1788
COV	[815-815]	815	1807
COV	[816-816]	816	1838
COV	[817-817]	817	1768
COV	[818-818]	818	1758
COV	[819-819]	819	1768
COV	[820-820]	820	1770
COV	[821-821]	821	1684
COV	[822-822]	822	1728
COV	[823-823]	823	1805
COV	[824-824]	824	1737
COV	[825-825]	825	1740
COV	[826-826]	826	1782
COV	[827-827]	827	1726
COV	[828-828]	828	1744
COV	[829-829]	829	1676
COV	[830-830]	830	1757
COV	[831-831]	831	1746
COV	[832-832]	832	1744
COV	[833-833]	833	1755
COV	[834-834]	834	1699
COV	[835-835]	835	1649
COV	[836-836]	836	1692
COV	[837-837]	837	1796
COV	[838-838]	838	1687
COV	[839-839]	839	1694
COV	[840-840]	840	1654
COV	[841-841]	841	1685
COV	[842-842]	842	1636
COV	[843-843]	843	1683
COV	[844-844]	844	1636
COV	[845-845]	845	1650
COV	[846-846]	846	1730
COV	[847-847]	847	1711
COV	[848-848]	848	1628
COV	[849-849]	849	1626
COV	[850-850]	850	1625
COV	[851-851]	851	1516
COV	[852-852]	852	1603
COV	[853-853]	853	1678
COV	[854-854]	854	1618
COV	[855-855]	855	1535
COV	[856-856]	856	1472
COV	[857-857]	857	1613
COV	[858-858]	858	1553
COV	[859-859]	859	1515
COV	[860-860]	860	1567
COV	[861-861]	861	1506
COV	[862-862]	862	1539
COV	[863-863]	863	1522
COV	[864-864]	864	1479
COV	[865-865]	865	1546
COV	[866-866]	866	1549
COV	[867-867]	867	1535
COV	[868-868]	868	1579
COV	[869-869]	869	1552
COV	[870-870]	870	1557
COV	[871-871]	871	1546
COV	[872-872]	872	1589
COV	[873-873]	873	1548
COV	[874-874]	874	1470
COV	[875-875]	875	1535
COV	[876-876]	876	1527
COV	[877-877]	877	1494
COV	[878-878]	878	1473
COV	[879-879]	879	1475
COV	[880-880]	880	1466
COV	[881-881]	881	1488
COV	[882-882]	882	1429
COV	[883-883]	883	1450
COV	[884-884]	884	1442
COV	[885-885]	885	1383
COV	[886-886]	886	1437
COV	[887-887]	887	1367
COV	[888-888]	888	1397
COV	[889-889]	889	1319
COV	[890-890]	890	1353
COV	[891-891]	891	1317
COV	[892-892]	892	1466
COV	[893-893]	893	1314
COV	[894-894]	894	1371
COV	[895-895]	895	1434
COV	[896-896]	896	1333
COV	[897-897]	897	1319
COV	[898-898]	898	1307
COV	[899-899]	899	1313
COV	[900-900]	900	1355
COV	[901-901]	901	1322
COV	[902-902]	902	1386
COV	[903-903]	903	1405
COV	[904-904]	904	1302
COV	[905-905]	905	1381
COV	[906-906]	906	1341
COV	[907-907]	907	1324
COV	[908-908]	908	1370
COV	[909-909]	909	1382
COV	[910-910]	910	1321
COV	[911-911]	911	1246
COV	[912-912]	912	1343
COV	[913-913]	913	1319
COV	[914-914]	914	1355
COV	[915-915]	915	1337
COV	[916-916]	916	1268
COV	[917-917]	917	1236
COV	[918-918]	918	1304
COV	[919-919]	919	1281
COV	[920-920]	920	1241
COV	[921-921]	921	1280
COV	[922-922]	922	1254
COV	[923-923]	923	1237
COV	[924-924]	924	1194
COV	[925-925]	925	1231
COV	[926-926]	926	1289
COV	[927-927]	927	1208
COV	[928-928]	928	1209
COV	[929-929]	929	1249
COV	[930-930]	930	1271
COV	[931-931]	931	1238
COV	[932-932]	932	1219
COV	[933-933]	933	1199
COV	[934-934]	934	1263
COV	[935-935]	935	1267
COV	[936-936]	936	1291
COV	[937-937]	937	1287
COV	[938-938]	938	1230
COV	[939-939]	939	1184
COV	[940-940]	940	1178
COV	[941-941]	941	1268
COV	[942-942]	942	1188
COV	[943-943]	943	1198
COV	[944-944]	944	1179
COV	[945-945]	945	1118
COV	[946-946]	946	1175
COV	[947-947]	947	1152
COV	[948-948]	948	1171
COV	[949-949]	949	1184
COV	[950-950]	950	1113
COV	[951-951]	951	1156
COV	[952-952]	952	1205
COV	[953-953]	953	1201
COV	[954-954]	954	1193
COV	[955-955]	955	1216
COV	[956-956]	956	1092
COV	[957-957]	957	1164
COV	[958-958]	958	1130
COV	[959-959]	959	1098
COV	[960-960]	960	1120
COV	[961-961]	961	1106
COV	[962-962]	962	1174
COV	[963-963]	963	1109
COV	[964-964]	964	1125
COV	[965-965]	965	1164
COV	[966-966]	966	1236
COV	[967-967]	967	1154
COV	[968-968]	968	1174
COV	[969-969]	969	1139
COV	[970-970]	970	1197
COV	[971-971]	971	1146
COV	[972-972]	972	1171
COV	[973-973]	973	1151
COV	[974-974]	974	1161
COV	[975-975]	975	1129
COV	[976-976]	976	1144
COV	[977-977]	977	1168
COV	[978-978]	978	1151
COV	[979-979]	979	1211
COV	[980-980]	980	1226
COV	[981-981]	981	1122
COV	[982-982]	982	1153
COV	[983-983]	983	1162
COV	[984-984]	984	1214
COV	[985-985]	985	1211
COV	[986-986]	986	1156
COV	[987-987]	987	1136
COV	[988-988]	988	1125
COV	[989-989]	989	1112
COV	[990-990]	990	1164
COV	[991-991]	991	1140
COV	[992-992]	992	1158
COV	[993-993]	993	1119
COV	[994-994]	994	1089
COV	[995-995]	995	1078
COV	[996-996]	996	1045
COV	[997-997]	997	1134
COV	[998-998]	998	1102
COV	[999-999]	999	1093
COV	[1000-1000]	1000	1044
COV	[1000<]	1000	1808803
# GC-depth. Use `grep ^GCD | cut -f 2-` to extract this part. The columns are: GC%, unique sequence percentiles, 10th, 25th, 50th, 75th and 90th depth percentile
GCD	0.0	0.023	0.007	0.007	0.015	0.037	0.067
GCD	3.0	0.025	0.044	0.044	0.063	0.081	0.081
GCD	4.0	0.027	0.015	0.020	0.059	0.115	0.126
GCD	5.0	0.032	0.007	0.024	0.093	0.215	0.415
GCD	6.0	0.034	0.030	0.030	0.037	0.207	0.207
GCD	7.0	0.036	0.059	0.059	0.059	1.303	1.303
GCD	8.0	0.040	0.052	0.070	0.118	0.670	1.051
GCD	9.0	0.043	0.104	0.148	0.307	0.361	0.370
GCD	10.0	0.047	0.015	0.031	0.163	0.381	0.437
GCD	11.0	0.050	0.007	0.009	0.093	6.373	8.441
GCD	12.0	0.055	0.015	0.015	0.067	0.963	3.102
GCD	13.0	0.060	0.007	0.007	0.030	0.089	2822.857
GCD	14.0	0.064	0.030	0.041	0.111	47.400	183.604
GCD	15.0	0.074	0.019	0.030	0.056	0.137	370.777
GCD	16.0	0.082	0.008	0.031	0.144	0.428	1.941
GCD	17.0	0.085	0.015	0.019	0.052	240.299	480.398
GCD	18.0	0.090	0.007	0.007	0.044	2.184	3.206
GCD	19.0	0.095	0.007	0.067	0.222	88.207	412.923
GCD	20.0	0.100	0.059	0.155	0.548	66.172	126.214
GCD	21.0	0.109	0.007	0.009	0.056	0.392	191.010
GCD	22.0	0.118	0.015	0.030	0.218	0.505	32.409
GCD	23.0	0.126	0.007	0.024	0.152	6.645	69.980
GCD	24.0	0.135	0.010	0.039	1.100	25.826	82.858
GCD	25.0	0.143	0.010	0.030	0.118	43.493	63.234
GCD	26.0	0.152	0.015	0.093	0.578	2.058	58.771
GCD	27.0	0.165	0.007	0.013	0.500	14.481	52.431
GCD	28.0	0.179	0.007	0.015	0.385	2.007	44.337
GCD	29.0	0.191	0.007	0.118	1.436	21.735	38.918
GCD	30.0	0.213	0.040	0.237	1.436	41.368	52.140
GCD	31.0	0.242	0.021	0.394	20.473	36.629	40.550
GCD	32.0	0.305	0.141	5.301	33.386	37.406	40.103
GCD	33.0	0.524	2.435	28.677	32.660	36.192	38.458
GCD	34.0	1.319	26.548	28.988	31.379	34.347	36.777
GCD	35.0	3.674	24.901	27.870	30.084	32.520	34.859
GCD	36.0	9.153	24.553	27.240	29.262	31.527	33.784
GCD	37.0	17.938	23.869	26.855	28.980	31.113	33.201
GCD	38.0	28.951	21.495	26.596	28.736	30.817	32.912
GCD	39.0	40.048	21.106	26.670	28.795	30.846	32.901
GCD	40.0	50.137	22.747	26.915	28.958	30.950	32.956
GCD	41.0	58.852	21.689	27.003	29.069	31.076	33.090
GCD	42.0	66.052	24.014	27.181	29.158	31.157	33.171
GCD	43.0	71.733	24.524	27.277	29.328	31.279	33.164
GCD	44.0	76.504	24.139	27.366	29.388	31.339	33.327
GCD	45.0	80.472	21.544	27.322	29.476	31.587	33.658
GCD	46.0	83.954	17.396	27.285	29.721	31.964	34.460
GCD	47.0	86.908	23.997	27.960	30.247	32.599	35.630
GCD	48.0	89.238	26.367	28.625	30.661	33.001	35.792
GCD	49.0	91.018	26.515	28.729	30.754	32.903	34.826
GCD	50.0	92.563	26.966	29.188	31.176	33.336	35.484
GCD	51.0	93.833	27.112	29.539	31.468	33.608	35.505
GCD	52.0	95.022	27.803	29.954	31.883	34.045	36.247
GCD	53.0	96.014	28.509	30.483	32.546	34.856	38.688
GCD	54.0	96.837	28.930	30.870	32.727	34.784	37.057
GCD	55.0	97.499	29.003	30.839	32.716	34.784	36.772
GCD	56.0	98.034	29.380	31.439	33.393	35.296	37.444
GCD	57.0	98.484	29.956	31.631	33.778	35.948	37.808
GCD	58.0	98.865	30.369	32.298	34.186	36.359	38.274
GCD	59.0	99.159	30.871	32.927	35.022	37.236	44.211
GCD	60.0	99.386	31.183	33.795	36.018	38.915	386.526
GCD	61.0	99.567	30.955	33.749	35.996	39.019	42.666
GCD	62.0	99.710	32.503	34.463	35.955	38.169	39.860
GCD	63.0	99.815	31.178	34.404	36.592	39.591	52.864
GCD	64.0	99.874	22.905	33.460	35.792	38.652	41.297
GCD	65.0	99.925	34.440	35.613	37.395	39.556	43.025
GCD	66.0	99.952	35.353	36.357	38.025	40.605	827.100
GCD	67.0	99.980	35.318	36.829	37.969	39.295	42.404
GCD	68.0	99.992	35.715	36.931	38.743	40.951	2050.764
GCD	69.0	99.996	36.296	36.984	39.172	41.597	42.241
GCD	70.0	99.998	34.682	34.682	202.989	371.296	371.296
GCD	73.0	99.999	12.469	12.469	12.469	12.469	12.469
GCD	75.0	99.999	0.007	0.007	0.007	0.007	0.007
GCD	91.0	100.000	3733.741	3733.741	3733.741	3733.741	3733.741
