# This file was produced by samtools stats (1.19+htslib-1.19) and can be plotted using plot-bamstats
# This file contains statistics for all reads.
# The command line was:  stats bam_files/recal_ABOFRAM007402187189.bam
# CHK, Checksum	[2]Read Names	[3]Sequences	[4]Qualities
# CHK, CRC32 of reads which passed filtering followed by addition (32bit overflow)
CHK	e12c813b	7be4a5d4	c5ec8bb1
# Summary Numbers. Use `grep ^SN | cut -f 2-` to extract this part.
SN	raw total sequences:	503333959	# excluding supplementary and secondary reads
SN	filtered sequences:	0
SN	sequences:	503333959
SN	is sorted:	1
SN	1st fragments:	251664311
SN	last fragments:	251669648
SN	reads mapped:	501862029
SN	reads mapped and paired:	500971968	# paired-end technology bit set + both mates mapped
SN	reads unmapped:	1471930
SN	reads properly paired:	490494597	# proper-pair bit set
SN	reads paired:	503333959	# paired-end technology bit set
SN	reads duplicated:	0	# PCR or optical duplicate bit set
SN	reads MQ0:	49754104	# mapped and MQ=0
SN	reads QC failed:	0
SN	non-primary alignments:	0
SN	supplementary alignments:	1677306
SN	total length:	74532718464	# ignores clipping
SN	total first fragment length:	37749646650	# ignores clipping
SN	total last fragment length:	36783071814	# ignores clipping
SN	bases mapped:	74316212802	# ignores clipping
SN	bases mapped (cigar):	73691896876	# more accurate
SN	bases trimmed:	0
SN	bases duplicated:	0
SN	mismatches:	407271456	# from NM fields
SN	error rate:	5.526679e-03	# mismatches / bases mapped (cigar)
SN	average length:	148
SN	average first fragment length:	150
SN	average last fragment length:	146
SN	maximum length:	150
SN	maximum first fragment length:	150
SN	maximum last fragment length:	150
SN	average quality:	31.0
SN	insert size average:	427.7
SN	insert size standard deviation:	90.2
SN	inward oriented pairs:	245512787
SN	outward oriented pairs:	381380
SN	pairs with other orientation:	136011
SN	pairs on different chromosomes:	4455582
SN	percentage of properly paired reads (%):	97.4
# First Fragment Qualities. Use `grep ^FFQ | cut -f 2-` to extract this part.
# Columns correspond to qualities and rows to cycles. First column is the cycle number.
FFQ	1	0	0	9167	0	0	0	0	0	0	0	0	0	0	0	4748023	0	0	0	0	0	0	0	0	0	0	0	0	7379617	0	0	239527504	0	0	0	0	0	0
FFQ	2	0	0	4308	0	0	0	0	0	0	38273	0	147504	721796	0	297358	775593	954477	226906	0	0	0	277105	0	3759656	0	639474	396196	1044573	1419491	2241403	12742970	77436384	102643737	45897107	0	0	0
FFQ	3	0	0	23638	0	0	0	0	0	0	34303	0	116669	576960	0	215444	656102	985184	156581	0	0	0	207798	71401	0	3223313	0	563692	495841	801867	1290767	2113169	13694893	78357806	102571359	45507524	0	0
FFQ	4	0	0	4610	0	0	0	0	0	0	37071	0	113583	503229	0	251090	637526	996517	134647	0	0	0	230687	77686	0	3433209	0	546806	504165	743654	1496042	2025594	12794441	80061123	102449054	44623577	0	0
FFQ	5	0	0	108	0	0	0	0	0	0	38525	0	117403	461960	0	245644	614325	1008734	120675	0	0	0	232362	80348	0	3536932	0	551949	479322	726478	1396851	2055689	12260816	81202232	102617424	43916534	0	0
FFQ	6	0	0	33	0	0	0	0	0	0	36573	0	117199	445381	0	253221	585156	991685	122932	0	0	0	293998	0	3417096	0	576948	470950	694585	1456367	2037989	12991714	81479758	102220248	43472478	0	0	0
FFQ	7	0	0	1	0	0	0	0	0	0	38569	0	112753	444512	0	245526	588009	963921	114822	0	0	0	305752	0	3699629	0	567537	516647	692443	1422145	2050627	12842170	81822595	102474702	42761951	0	0	0
FFQ	8	0	0	7466	0	0	0	0	0	0	35807	0	116329	442734	0	244903	575682	946742	118937	0	0	0	291382	0	3378294	0	590330	514863	699911	1444525	2033239	13032845	81671897	102211691	43306734	0	0	0
FFQ	9	0	0	0	0	0	0	0	0	0	37435	0	115692	441817	0	255048	590792	960568	113998	0	0	0	307957	0	3443711	0	588808	535996	696398	1479235	2065636	13043077	81405614	102208550	43373979	0	0	0
FFQ	10	0	0	0	0	0	0	0	0	0	38502	0	116719	436954	0	249701	574836	972566	115283	0	0	0	305995	0	3486071	0	595480	534537	695131	1483168	2047629	13036879	81528665	102149168	43297027	0	0	0
FFQ	11	0	0	0	0	0	0	0	0	0	40063	0	113439	428865	0	250921	581893	992740	114875	0	0	0	307925	0	3502252	0	593321	534237	692904	1499019	2113851	13193181	81660716	101959588	43084521	0	0	0
FFQ	12	0	0	0	0	0	0	0	0	0	40965	0	118344	415386	0	256225	576840	998198	118355	0	0	0	301894	0	3494111	0	611067	516975	690901	1524961	2104977	13194280	81629120	101846450	43225262	0	0	0
FFQ	13	0	0	0	0	0	0	0	0	0	42772	0	120275	417054	0	258167	585223	1019110	118540	0	0	0	307655	0	3530991	0	621644	522102	693510	1541764	2148802	13184348	81500098	101622254	43430002	0	0	0
FFQ	14	0	0	0	0	0	0	0	0	0	41650	0	122248	414187	0	263700	587624	1006676	117171	0	0	0	306410	0	3499787	0	626604	523971	688651	1546551	2150369	13150175	81349137	101644348	43625052	0	0	0
FFQ	15	0	0	0	0	0	0	0	0	0	0	41706	0	117132	407392	0	255183	579265	999712	118336	0	0	88432	213320	3466922	0	619761	515220	694862	1543054	2145694	13133858	81349933	101723085	43651444	0	0	0
FFQ	16	0	0	2	0	0	0	0	0	0	42412	0	118836	406522	0	255380	583791	1011723	117411	0	0	0	307019	0	3476533	0	626636	517592	688307	1551258	2161027	13155606	81184570	101934967	43524719	0	0	0
FFQ	17	0	0	0	0	0	0	0	0	0	43319	0	120914	409627	0	258417	592031	1021686	119234	0	0	0	310075	0	3459242	0	634868	518557	690285	1555963	2176247	13212461	81327294	101735387	43478704	0	0	0
FFQ	18	0	0	29	0	0	0	0	0	0	44100	0	121891	415103	0	259125	595722	1032173	121694	0	0	0	314397	0	3472513	0	639739	523107	700395	1568828	2196220	13229352	81339660	101825293	43264970	0	0	0
FFQ	19	0	0	0	0	0	0	0	0	0	46103	0	126703	429730	0	264080	615892	1061674	123198	0	0	0	323762	0	3505388	0	647589	533162	706699	1583380	2232970	13123113	81423307	101902350	43015211	0	0	0
FFQ	20	0	0	0	0	0	0	0	0	0	45999	0	128035	432197	0	264618	618911	1078392	127134	0	0	0	324847	0	3440146	0	650808	529540	715301	1592423	2246787	13081117	81451922	102032589	42903545	0	0	0
FFQ	21	0	0	0	0	0	0	0	0	0	47442	0	129892	439953	0	267703	624148	1094968	127320	0	0	94100	235855	0	3475304	654584	535908	717712	1602792	2257877	639058	12470988	82208883	101257059	42782765	0	0	0
FFQ	22	0	0	0	0	0	0	0	0	0	50015	0	131872	446030	0	274844	638102	1120605	130554	0	0	0	337227	0	3465468	0	666846	538066	730787	1631478	2279922	13201416	81662011	101686388	42672680	0	0	0
FFQ	23	0	0	0	0	0	0	0	0	0	51913	0	133663	447754	0	273505	642931	1131946	131277	0	0	100258	243673	0	3514414	675076	536950	731496	1631767	2302344	662088	12599628	82251755	101038416	42563457	0	0	0
FFQ	24	0	0	0	0	0	0	0	0	0	53535	0	135050	448653	0	271890	650909	1144205	133337	0	0	0	349060	0	3545292	0	682571	534546	735128	1639012	2314524	13157547	81671273	101754832	42442947	0	0	0
FFQ	25	0	0	0	0	0	0	0	0	0	54898	0	140274	455308	0	276520	668123	1162984	135463	0	0	0	349919	0	3510723	0	691829	527991	744264	1645109	2352603	13237281	81587801	101801003	42322218	0	0	0
FFQ	26	0	0	0	0	0	0	0	63608	0	163992	519755	0	305066	750716	1293466	152057	0	0	0	276943	0	103732	0	3519212	0	693931	529468	748560	1649509	2364002	13192618	81525118	101573271	42239287	0	0	0
FFQ	27	0	0	1317	0	0	0	0	63986	0	162435	515228	0	302542	751668	1288823	151260	0	0	0	275664	103601	0	0	3503256	692619	524685	747501	1644827	2363840	681543	12518188	82210011	100947236	42214081	0	0	0
FFQ	28	0	0	0	0	0	0	0	63867	0	162642	512197	0	304577	747842	1286031	150898	0	0	0	273030	0	101892	0	3459064	0	692702	520249	749307	1648827	2359878	13182962	81690663	101619156	42138527	0	0	0
FFQ	29	0	0	50	0	0	0	0	66128	0	167430	528278	0	312252	764724	1311256	152460	0	0	0	281990	102579	0	0	3441641	702500	529794	759537	1663581	2384096	687768	12553212	82281538	100860056	42113441	0	0	0
FFQ	30	0	0	0	0	0	0	0	66995	0	168002	529984	0	314136	765503	1311008	152519	0	0	0	281890	103495	0	0	3497896	700527	526599	762194	1663814	2384150	687979	12507865	82112965	101013936	42112854	0	0	0
FFQ	31	0	0	0	0	0	0	0	69790	0	172054	541821	0	319414	781773	1340753	159463	0	0	0	283798	106283	0	0	3517873	706974	528097	771674	1679543	2409718	690202	12452456	82319365	100841062	41972198	0	0	0
FFQ	32	0	0	0	0	0	0	0	71986	0	177316	555448	0	328716	796668	1364759	163255	0	0	0	284910	106647	0	0	3476472	717910	532209	778445	1698689	2420578	698385	12519149	82299180	100756406	41917183	0	0	0
FFQ	33	0	0	36900	0	0	0	76741	0	184173	572640	0	339317	807717	1394519	162932	0	0	0	401360	0	0	0	725369	4026517	787093	1718744	2449858	703307	0	589373	12436803	81559937	100831780	41859231	0	0	0
FFQ	34	0	0	0	0	0	0	0	74914	0	180566	569248	0	337234	811625	1387769	166074	0	0	0	291413	109221	0	0	3486908	724407	537433	789237	1719253	2453139	703497	12466298	82334087	100718141	41803847	0	0	0
FFQ	35	0	0	0	0	0	0	0	75529	0	182706	575208	0	337720	818659	1395315	166647	0	0	0	294512	109303	0	0	3495053	727636	541981	792315	1720234	2460712	702774	12460379	82457559	100606079	41743990	0	0	0
FFQ	36	0	0	197	0	0	0	0	77129	0	183967	577691	0	341693	822213	1396885	168460	0	0	0	292575	109955	0	0	3511266	730989	536326	795711	1725848	2456317	704444	12485860	82199735	100845796	41701254	0	0	0
FFQ	37	0	0	0	0	0	0	0	77464	0	181681	575713	0	338067	815264	1389374	166174	0	0	0	294596	109288	0	0	3514743	723526	535291	792638	1712981	2455205	703139	12475421	82314840	100760584	41728322	0	0	0
FFQ	38	0	0	0	0	0	0	0	78270	0	185652	585156	0	346385	829727	1407766	171498	0	0	0	291820	110240	0	0	3491616	734227	538791	805382	1735274	2462199	708234	12469754	82257919	100764154	41690247	0	0	0
FFQ	39	0	0	0	0	0	0	0	78730	0	186089	595853	0	348851	836861	1418721	168898	0	0	0	301743	108238	0	0	3449102	737029	550015	808106	1738720	2486093	710770	12489488	82116343	100826967	41707694	0	0	0
FFQ	40	0	0	0	0	0	0	0	81131	0	189870	605955	0	355882	844012	1429634	171960	0	0	0	302620	109373	0	0	3449790	744885	555667	818984	1756578	2495971	714001	12479891	82279670	100645153	41633284	0	0	0
FFQ	41	0	0	111442	0	0	0	85452	0	197948	633706	0	368140	865819	1469293	174884	0	0	0	427203	0	0	0	754715	4066329	834221	1769413	2529432	718206	0	611119	12481229	81535776	100466043	41563941	0	0	0
FFQ	42	0	0	0	0	0	0	0	85900	0	196020	628079	0	370330	873862	1468304	175953	0	0	0	315034	112235	0	0	3507073	755850	560192	832398	1777892	2528979	724286	12456303	82197230	100548091	41550300	0	0	0
FFQ	43	0	0	0	0	0	0	0	86070	0	196593	627222	0	366220	872471	1469340	176308	0	0	0	313943	111812	0	0	3479499	754787	561758	831711	1770807	2524217	724747	12445472	82220963	100496176	41634195	0	0	0
FFQ	44	0	0	0	0	0	0	0	86900	0	197204	632145	0	367548	871161	1465960	177925	0	0	0	310385	111619	0	0	3479127	753664	562420	829870	1771147	2512037	722849	12466569	82206208	100504236	41635337	0	0	0
FFQ	45	0	0	0	0	0	0	0	89394	0	197654	634154	0	371945	881611	1478230	180590	0	0	0	311442	114199	0	0	3493963	762013	556528	834472	1781458	2530359	730684	12509616	82079556	100528995	41597448	0	0	0
FFQ	46	0	0	0	0	0	0	0	90866	0	202617	647294	0	375235	889065	1500670	185286	0	0	0	315173	114410	0	0	3496288	766982	565165	844104	1796275	2551411	732671	12491448	82191492	100371145	41536714	0	0	0
FFQ	47	0	0	0	0	0	0	0	94076	0	203606	651951	0	382649	896272	1500913	186166	0	0	0	314689	116661	0	0	3496224	769923	567828	845544	1800585	2553515	739421	12473722	82239447	100312072	41519047	0	0	0
FFQ	48	0	0	0	0	0	0	94006	0	207622	662255	0	387778	909113	1532841	187129	0	0	0	320157	0	115289	0	0	3457536	778364	570432	857371	1812518	2579220	740169	12409282	82135989	100399981	41507259	0	0	0
FFQ	49	0	0	0	0	0	0	95745	0	212656	676082	0	395864	921209	1549248	191455	0	0	0	322739	0	117559	0	0	0	4260986	575855	868439	1835511	2598407	746386	0	13046015	81421205	100379639	41449311	0	0
FFQ	50	0	0	184	0	0	0	96809	0	212197	684142	0	399364	926061	1548278	189718	0	0	0	330758	0	117477	0	0	0	4283515	584056	869850	1838938	2605678	744471	0	12969399	81445531	100332805	41485080	0	0
FFQ	51	0	0	0	0	0	0	96545	0	214047	690754	0	403650	932247	1557430	190365	0	0	0	329974	0	115418	0	0	3438633	790500	588937	875018	1849396	2617866	749207	12397608	82034323	100303450	41488943	0	0	0
FFQ	52	0	0	0	0	0	0	97151	0	212893	696744	0	402156	931033	1561371	191063	0	0	0	332712	0	115083	0	0	0	4224966	589963	876557	1841602	2610830	745132	0	13060826	81543591	100221594	41409044	0	0
FFQ	53	0	0	0	0	0	0	102247	0	219552	704935	0	411825	950047	1587029	197126	0	0	0	330756	0	119445	0	0	3489279	799594	582220	886565	1858532	2616468	751761	12403507	81889670	100410393	41353360	0	0	0
FFQ	54	0	0	0	0	0	0	101449	0	221441	716712	0	416609	960055	1603333	198306	0	0	0	336092	0	119069	0	0	0	4276876	589981	890574	1869681	2644015	758352	0	13001857	81281219	100313238	41365452	0	0
FFQ	55	0	0	0	0	0	0	103494	0	226005	725650	0	425611	969620	1612512	200206	0	0	0	337024	0	119596	0	0	3456235	811934	597481	901076	1885662	2655341	765625	12420017	81990128	100127448	41333646	0	0	0
FFQ	56	0	0	40	0	0	0	104782	0	227552	742003	0	431846	979756	1628016	199618	0	0	0	346304	0	120773	0	0	0	4282740	607625	908694	1896565	2682901	766614	0	13039856	81290864	100043923	41363839	0	0
FFQ	57	0	0	0	0	0	0	106947	0	229034	743169	0	433320	986735	1634807	201837	0	0	0	346770	0	121454	0	0	0	4294098	601760	905982	1898294	2686375	768317	0	13042993	81321646	100076984	41263789	0	0
FFQ	58	0	0	0	0	0	0	109678	0	233354	752915	0	439661	995022	1656932	205591	0	0	0	346638	0	123266	0	0	0	4304122	607621	915905	1911805	2692893	771342	0	13074413	81348956	99969531	41204666	0	0
FFQ	59	0	0	155	0	0	0	111359	0	233785	761760	0	440857	1002208	1665165	207182	0	0	0	350404	0	123761	0	0	0	4300883	608945	918798	1909644	2705802	771586	0	13048609	81335865	99918012	41249531	0	0
FFQ	60	0	0	0	0	0	0	111298	0	233146	754107	0	439274	997133	1652828	207963	0	0	0	344266	0	122432	0	0	0	4273966	599915	913167	1902047	2681737	774663	0	13040992	81241323	100047278	41326776	0	0
FFQ	61	0	0	35939	0	0	0	114379	0	240459	776347	0	453349	1012631	1683388	209310	0	0	0	353615	123887	0	0	0	4291817	614818	929997	1930143	2709464	778420	0	13041925	81172733	99984321	41207369	0	0	0
FFQ	62	0	0	43	0	0	0	114585	0	244584	797338	0	464733	1028850	1705524	210145	0	0	0	365724	0	124155	0	0	0	4298425	629342	940350	1957711	2755105	786589	0	13015569	81148581	99872409	41204549	0	0
FFQ	63	0	0	0	0	0	0	116322	0	245288	802010	0	465009	1029325	1717691	212828	0	0	0	363677	125336	0	0	0	843787	4090395	938700	1953234	2752764	784799	0	659106	12372315	81023708	99923283	41244734	0	0
FFQ	64	0	0	0	0	0	0	118128	0	249067	802484	0	470070	1037693	1726549	217710	0	0	0	357522	127784	0	0	0	849510	4112157	946022	1964721	2744063	791335	0	649801	12378561	81073088	99931491	41116555	0	0
FFQ	65	0	0	0	0	0	0	118792	0	252316	819075	0	480920	1058171	1746003	217954	0	0	0	367671	127243	0	0	0	861562	4092543	958770	1985548	2789423	797999	0	664038	12312748	81124839	99785429	41103267	0	0
FFQ	66	0	0	0	0	0	0	119905	0	256839	831377	0	484105	1064048	1766887	217895	0	0	0	370053	127116	0	0	0	867714	4093784	965078	1998179	2801691	800278	0	666534	12338353	81058937	99740732	41094806	0	0
FFQ	67	0	0	0	0	0	0	123174	0	259899	843058	0	489788	1074190	1778986	221524	0	0	0	372750	128403	0	0	0	874042	4105225	970649	2002848	2815981	802935	0	668346	12370568	81062471	99670156	41029318	0	0
FFQ	68	0	0	0	0	0	0	124944	0	261013	852581	0	497962	1083554	1789325	224540	0	0	0	377189	130838	0	0	0	881806	4138042	977578	2016212	2832693	806065	0	672304	12389267	80996744	99551727	41059927	0	0
FFQ	69	0	0	0	0	0	0	126432	0	263041	860841	0	502231	1087734	1799478	227189	0	0	0	383849	130569	0	0	0	881291	4134294	978052	2023604	2846606	808888	0	681294	12362483	81063921	99435931	41066583	0	0
FFQ	70	0	0	33	0	0	0	128416	0	264265	860556	0	504145	1090324	1795231	223651	0	0	0	382702	131120	0	0	0	885636	4123154	982940	2025783	2836142	812984	0	678867	12374128	81046328	99517047	41000859	0	0
FFQ	71	0	0	96	0	0	0	131544	0	273607	884250	0	517846	1110447	1844373	225580	0	0	0	388170	133762	0	0	0	4361053	665489	995711	2052169	2877260	819786	0	13045483	80815667	99534020	40987998	0	0	0
FFQ	72	0	0	2	0	0	0	130640	0	272022	886514	0	517664	1115000	1845060	229332	0	0	0	387452	132526	0	0	0	896222	4098828	1000338	2053961	2872546	820600	0	682579	12333839	80835486	99534970	41018730	0	0
FFQ	73	0	0	0	0	0	0	131338	0	274479	886750	0	518986	1118488	1842713	231164	0	0	0	386212	132128	0	0	0	4341071	658764	998832	2052570	2867049	817995	0	12998258	80894876	99572525	40940113	0	0	0
FFQ	74	0	0	3	0	0	0	132093	0	273200	877846	0	517692	1108737	1834115	232094	0	0	0	379521	131963	0	0	0	894465	4091584	988102	2042081	2843365	819118	0	667667	12352211	80946694	99598974	40932786	0	0
FFQ	75	0	0	0	0	0	0	133041	0	276217	887987	0	524934	1118677	1851813	235937	0	0	0	382315	132463	0	0	0	899555	4094135	997755	2054441	2851296	821375	0	670011	12374173	80900594	99494358	40963234	0	0
FFQ	76	0	0	0	0	0	0	136253	0	284951	903744	0	542452	1141633	1881017	238130	0	0	0	387470	135685	0	0	0	916138	4113256	1011719	2091115	2888599	833691	0	680026	12346684	80721949	99542751	40867048	0	0
FFQ	77	0	0	0	0	0	0	139336	0	291267	934590	0	549318	1164936	1920467	242087	0	0	0	399102	136948	0	0	0	4376151	677651	1027261	2108927	2941501	842784	0	13007319	80732399	99362643	40809624	0	0	0
FFQ	78	0	0	5	0	0	0	140264	0	297688	948287	0	557746	1177233	1937531	246822	0	0	0	402614	136601	0	0	0	938166	4123419	1037438	2129847	2957140	849323	0	697009	12319688	80687164	99273642	40806684	0	0
FFQ	79	0	0	0	0	0	0	142670	0	294174	949916	0	559522	1176265	1940098	244549	0	0	0	404678	137336	0	0	0	933298	4141252	1032898	2128427	2960430	847128	0	702909	12296755	80704211	99273143	40794652	0	0
FFQ	80	0	0	0	0	0	0	142775	0	296365	948473	0	561408	1177783	1949709	248109	0	0	0	402317	138699	0	0	0	934461	4142169	1034516	2128564	2944899	845325	0	690594	12303509	80697259	99294168	40783209	0	0
FFQ	81	0	0	0	0	0	0	144707	0	297233	953834	0	565518	1181129	1956789	250828	0	0	0	404509	137653	0	0	0	938427	4127609	1037312	2133077	2950397	846356	0	694701	12300401	80677197	99259646	40806988	0	0
FFQ	82	0	0	0	0	0	0	147891	0	304843	974955	0	578874	1194698	1972073	252181	0	0	0	409784	141390	0	0	0	954089	4158981	1055941	2158483	2985760	855334	0	702654	12313782	80554832	99224051	40723715	0	0
FFQ	83	0	0	0	0	0	0	148466	0	311927	1005649	0	594223	1219467	2005802	253572	0	0	0	424167	140637	0	0	0	969193	4163647	1072837	2189835	3037073	866254	0	720696	12316645	80516933	99022629	40684659	0	0
FFQ	84	0	0	43	0	0	0	146660	0	302137	981820	0	575471	1199692	1981835	251044	0	0	0	415212	137672	0	0	0	945787	4137287	1049772	2152633	2986676	852704	0	707414	12337751	80664481	99113079	40725141	0	0
FFQ	85	0	0	0	0	0	0	147378	0	305549	969682	0	579661	1196404	1971724	256644	0	0	0	403282	139642	0	0	0	949650	4115561	1053552	2152074	2946110	852583	0	687396	12322372	80619159	99338761	40657127	0	0
FFQ	86	0	0	0	0	0	0	152132	0	316775	1006501	0	603644	1227405	2020145	261918	0	0	0	416814	142032	0	0	0	972213	4141229	1078979	2197795	3017657	869726	0	706636	12312945	80509947	99072305	40637513	0	0
FFQ	87	0	0	36	0	0	0	154182	0	318056	1016320	0	606886	1238104	2034473	259045	0	0	0	425693	143093	0	0	0	975561	4182649	1079258	2208432	3050057	877465	0	721842	12289155	80466885	98961905	40655214	0	0
FFQ	88	0	0	59	0	0	0	155135	0	326206	1027950	0	619602	1258812	2058179	264276	0	0	0	427098	143912	0	0	0	993007	4180847	1097201	2238246	3082313	889581	0	724930	12216264	80461316	98922436	40576941	0	0
FFQ	89	0	0	0	0	0	0	155955	0	327463	1044184	0	619876	1259941	2079526	262552	0	0	0	434499	142136	0	0	0	988384	4147705	1094647	2233272	3089051	885375	0	732231	12233543	80571740	98795744	40566487	0	0
FFQ	90	0	0	484	0	0	0	158637	0	331194	1045982	0	631321	1273684	2086074	269448	0	0	0	427885	145973	0	0	0	1001087	4130566	1108528	2254396	3081497	889868	0	720609	12278562	80360118	98952853	40515545	0	0
FFQ	91	0	0	1	0	0	0	164690	0	343759	1092715	0	655727	1306801	2140019	272257	0	0	0	450255	150029	0	0	0	1029891	4222575	1134970	2301466	3174776	907415	0	753466	12246142	80258832	98641569	40416956	0	0
FFQ	92	0	0	39	0	0	0	161832	0	333079	1071972	0	637561	1279091	2106159	271914	0	0	0	446527	145581	0	0	0	1004151	4193853	1106838	2262975	3127521	891834	0	745281	12223134	80457093	98663953	40533923	0	0
FFQ	93	0	0	108	0	0	0	165572	0	335384	1057664	0	638136	1280187	2092202	274241	0	0	0	431565	150227	0	0	0	1004630	4196607	1108080	2253987	3075894	892685	0	715372	12254826	80356699	98891856	40488389	0	0
FFQ	94	0	0	0	0	0	0	163685	0	335401	1069464	0	641263	1279518	2125065	273716	0	0	0	435559	147008	0	0	0	1004860	4188718	1111505	2257154	3094342	890144	0	722833	12291174	80319297	98820640	40492965	0	0
FFQ	95	0	0	0	0	0	0	165641	0	346466	1080629	0	660268	1310330	2145342	283210	0	0	0	435718	151305	0	0	0	1025174	4186145	1137004	2300655	3122647	906612	0	724422	12253988	80182518	98794035	40452202	0	0
FFQ	96	0	0	0	0	0	0	167062	0	364095	1147236	0	690013	1356677	2226211	287434	0	0	0	466191	150204	0	0	0	1058513	4194717	1169111	2362496	3232992	924744	0	764486	12208192	80082544	98502068	40309325	0	0
FFQ	97	0	0	0	0	0	0	166424	0	355038	1122492	0	676672	1330694	2197249	283024	0	0	0	455820	147762	0	0	0	1042182	4180580	1146203	2327336	3190866	914716	0	751963	12245386	80175048	98581742	40373114	0	0
FFQ	98	0	0	0	0	0	0	168763	0	361279	1125900	0	688175	1345888	2199696	288145	0	0	0	448598	149746	0	0	0	1053084	4183837	1162174	2348434	3184578	925732	0	743854	12210999	80064718	98658384	40352327	0	0
FFQ	99	0	0	0	0	0	0	171828	0	365334	1148116	0	696558	1361454	2249518	286205	0	0	0	466344	151400	0	0	0	1057066	4215046	1165640	2364553	3237258	930750	0	763590	12195906	79963868	98532520	40341357	0	0
FFQ	100	0	0	0	0	0	0	169798	0	364367	1130349	0	690772	1354657	2224780	293693	0	0	0	449889	149165	0	0	0	1055611	4148112	1164269	2353731	3195770	925258	0	743049	12197650	80107903	98626795	40318693	0	0
FFQ	101	0	0	0	0	0	0	173855	0	370736	1156902	0	705140	1371985	2264504	294938	0	0	0	462953	152185	0	0	0	1065739	4202812	1174015	2379396	3229794	933521	0	751163	12204986	80054898	98478096	40236693	0	0
FFQ	102	0	0	1	0	0	179308	0	377178	1167558	0	712954	1377702	2276615	296913	0	0	0	616128	0	0	0	1072268	767309	4624982	2387131	3239960	934396	0	752091	0	12206719	80006065	98444629	40224404	0	0	0
FFQ	103	0	0	3	0	0	0	177076	0	374626	1161889	0	714540	1384833	2262102	297425	0	0	0	462132	154681	0	0	0	1077921	4195653	1188216	2397543	3253902	938365	0	757227	12232586	80029262	98426176	40178153	0	0
FFQ	104	0	0	26	0	0	0	180816	0	389023	1208271	0	741587	1418998	2324097	303522	0	0	0	484283	156533	0	0	0	1109097	4235919	1222333	2455250	3341411	957161	0	785527	12189180	79929745	98116339	40115193	0	0
FFQ	105	0	0	0	0	0	0	182409	0	387406	1217657	0	740183	1421709	2336385	302917	0	0	0	643512	0	0	0	1101435	799819	4661446	2451690	3343987	957442	0	785323	0	12177177	79870204	98162172	40121438	0	0
FFQ	106	0	0	144	0	0	0	183150	0	392648	1211510	0	747587	1428430	2331135	305985	0	0	0	477719	158870	0	0	0	1110749	4244801	1224656	2463703	3336670	960626	0	774854	12195179	79824717	98259148	40032030	0	0
FFQ	107	0	0	0	0	0	182682	0	402754	1245434	0	765181	1457346	2395007	309923	0	0	0	492216	156741	0	0	0	1123772	809582	4674158	2493299	3383827	970637	0	791251	0	12166271	79761434	98045680	40037116	0	0
FFQ	108	0	0	20	0	0	184134	0	399507	1227910	0	755768	1442231	2370124	311190	0	0	0	479137	156607	0	0	0	1119406	790677	4661173	2475636	3340837	966771	0	774393	0	12194711	79683932	98201729	40128418	0	0
FFQ	109	0	0	0	0	0	187286	0	407481	1248538	0	770257	1460470	2400073	314718	0	0	0	488253	160594	0	0	0	1135126	805073	4674116	2507147	3382277	977398	0	781113	0	12152950	79682579	98077962	40050900	0	0
FFQ	110	0	0	42	0	0	188459	0	415696	1270869	0	788906	1487694	2437011	317456	0	0	0	498712	159308	0	0	0	1148161	820506	4689187	2537854	3433664	986564	0	797265	0	12128125	79584040	97993111	39981681	0	0
FFQ	111	0	0	0	0	0	190802	0	426105	1293362	0	804334	1506470	2474298	322844	0	0	0	504089	161984	0	0	0	1167450	827488	4691440	2574552	3468095	995771	0	803265	0	12135040	79515928	97850235	39950759	0	0
FFQ	112	0	0	47	0	0	191654	0	425742	1307846	0	809578	1513315	2488697	325414	0	0	0	505145	160972	0	0	0	1167197	837032	4693772	2578845	3474511	999236	0	806382	0	12134695	79530247	97783814	39930170	0	0
FFQ	113	0	0	0	0	0	192180	0	421145	1290592	0	807356	1497504	2466946	325586	0	0	0	498118	161525	0	0	0	1158023	825808	4687251	2570036	3431816	993059	0	794757	0	12183173	79579028	97844849	39935559	0	0
FFQ	114	0	0	43	0	0	192919	0	419684	1287288	0	804518	1502300	2461094	329970	0	0	0	492814	163280	0	0	0	1160092	818787	4703959	2566134	3422012	989037	0	786455	0	12184183	79546633	97888125	39944984	0	0
FFQ	115	0	0	0	0	0	198251	0	436581	1322972	0	830306	1535734	2519803	336997	0	0	0	508680	166878	0	0	0	1185956	843806	4729689	2621249	3494681	1007510	0	807498	0	12141203	79446415	97690779	39839323	0	0
FFQ	116	0	0	0	0	0	199179	0	437123	1338522	0	831626	1537395	2526984	332285	0	0	0	516618	166060	0	0	0	1187228	848480	4726183	2618250	3510697	1008127	0	813302	0	12112408	79437029	97671082	39845733	0	0
FFQ	117	0	0	0	0	0	197194	0	433723	1314121	0	828011	1530555	2512677	332882	0	0	0	502393	164930	0	0	0	1184569	830495	4722359	2610648	3493160	1006099	0	798083	0	12152851	79400822	97821511	39827228	0	0
FFQ	118	0	0	3	0	0	198271	0	443961	1346399	0	848814	1562613	2563080	342235	0	0	0	512489	167288	0	0	0	1207577	851368	4751020	2657321	3541220	1020357	0	810969	0	12112042	79352011	97645171	39730102	0	0
FFQ	119	0	0	0	0	0	201828	0	462608	1393439	0	874566	1607238	2628569	347526	0	0	0	533500	168146	0	0	0	1233807	876500	4756758	2708691	3627518	1043765	0	838244	0	12080728	79180065	97440257	39660558	0	0
FFQ	120	0	0	110	0	0	204196	0	463752	1394861	0	875235	1598601	2634899	345843	0	0	0	533226	168226	0	0	0	1237017	877289	4771637	2712726	3626984	1042153	0	837870	0	12093712	79162346	97398952	39684676	0	0
FFQ	121	0	0	0	0	0	205532	0	465593	1393956	0	880956	1605539	2640701	349934	0	0	0	526605	168396	0	0	0	1235852	870080	4772433	2710231	3607174	1041459	0	825066	0	12066117	79192300	97447892	39658495	0	0
FFQ	122	0	0	1	0	0	206659	0	471391	1410876	0	892936	1626572	2672095	356888	0	0	0	528578	171113	0	0	0	1245302	874518	4786472	2737087	3632530	1044766	0	826955	0	12051481	79098120	97404223	39625748	0	0
FFQ	123	0	0	0	0	0	203322	0	454799	1372904	0	863414	1590261	2622375	353505	0	0	0	516573	166414	0	0	0	1215045	854195	4728699	2681054	3561272	1030424	0	814703	0	12109638	79281394	97530131	39714189	0	0
FFQ	124	0	0	0	0	0	205566	0	456957	1352906	0	863418	1575420	2587796	355910	0	0	0	499134	169463	0	0	0	1216464	841257	4754901	2675002	3505389	1026403	0	787519	0	12098859	79272697	97725273	39693977	0	0
FFQ	125	0	0	0	0	0	208580	0	474267	1409963	0	898264	1625738	2676239	365389	0	0	0	521897	172187	0	0	0	1249359	870522	4783828	2743763	3612237	1052689	0	816698	0	12084520	79112430	97404131	39581610	0	0
FFQ	126	0	0	0	0	0	213887	0	488557	1444368	0	925231	1661253	2729967	369602	0	0	0	536634	175054	0	0	0	1280752	896459	4814263	2798584	3688016	1069677	0	838546	0	12080137	78945025	97173328	39534971	0	0
FFQ	127	0	0	0	0	0	213536	0	490094	1457716	0	926506	1665867	2754207	369990	0	0	0	543314	173844	0	0	0	1277709	899406	4815071	2806121	3713843	1071799	0	847314	0	12050207	78983489	97100572	39503706	0	0
FFQ	128	0	0	37	0	0	214973	0	485250	1440016	0	922962	1655064	2722358	372154	0	0	0	529952	175761	0	0	0	1272008	886344	4834782	2788838	3663176	1065284	0	827350	0	12054128	79009656	97246018	39498200	0	0
FFQ	129	0	0	38	0	0	216322	0	506497	1478577	0	952807	1695137	2788352	376611	0	0	0	543869	176184	0	0	0	1304527	903835	4827845	2842308	3736047	1086838	0	846781	0	12053342	78838369	97062969	39427056	0	0
FFQ	130	0	0	3	0	0	218468	0	522586	1530126	0	987170	1736504	2858191	382495	0	0	0	563980	179944	0	0	0	1339545	938596	4862499	2919092	3838440	1109377	0	872716	0	12002440	78620796	96882893	39298450	0	0
FFQ	131	0	0	0	0	0	217836	0	508796	1516291	0	968542	1711805	2834474	376799	0	0	0	560373	176920	0	0	0	1319044	924812	4845421	2882204	3804108	1095514	0	868240	0	12044615	78753889	96893032	39361596	0	0
FFQ	132	0	0	0	0	0	218082	0	502256	1476278	0	952528	1688054	2789316	382013	0	0	0	711450	0	0	0	1298012	895014	4828551	2839482	3695868	1083078	0	826704	0	12076597	78823573	97174748	39402707	0	0	0
FFQ	133	0	0	0	0	0	220920	0	523584	1521687	0	989747	1740135	2857192	391676	0	0	0	550455	180500	0	0	0	1333658	920674	4846969	2909556	3790822	1105087	0	851509	0	12013979	78638009	97017318	39260834	0	0
FFQ	134	0	0	0	0	0	224427	0	541173	1570673	0	1026485	1785991	2936223	396376	0	0	0	570354	182773	0	0	0	1370163	951665	4878359	2982437	3897872	1127600	0	880059	0	11976998	78511649	96686374	39166660	0	0
FFQ	135	0	0	802	0	0	227742	0	541455	1583584	0	1028409	1788365	2954962	401044	0	0	0	573434	184074	0	0	0	1371709	955787	4898343	2992957	3904946	1128711	0	883471	0	11999475	78466284	96622608	39156149	0	0
FFQ	136	0	0	86	0	0	227743	0	547061	1583685	0	1036027	1780299	2935876	403237	0	0	0	563673	186356	0	0	0	1381948	951966	4929710	2996546	3886387	1130565	0	872804	0	11997576	78481756	96680907	39090103	0	0
FFQ	137	0	0	0	0	0	230941	0	551625	1607091	0	1048228	1803156	2971676	405959	0	0	0	577157	189025	0	0	0	1392602	963513	4953524	3016860	3930737	1136021	0	885506	0	11979051	78486310	96457437	39077892	0	0
FFQ	138	0	0	0	0	0	229513	0	547392	1586114	0	1037811	1795052	2961517	413027	0	0	0	565946	185876	0	0	0	1378918	949189	4925543	3003104	3888188	1129830	0	869149	0	11983477	78549332	96543813	39121520	0	0
FFQ	139	0	0	14	0	0	235289	0	565804	1616324	0	1065142	1821730	2994070	412166	0	0	0	574683	190407	0	0	0	1410756	967643	4944789	3049197	3937329	1151010	0	880214	0	11962374	78348274	96516688	39020408	0	0
FFQ	140	0	0	0	0	0	234401	0	572561	1648266	0	1089576	1850697	3048864	413321	0	0	0	589083	190120	0	0	0	1429226	985225	4967487	3087930	4015850	1159202	0	900079	0	11936686	78250682	96301929	38993126	0	0
FFQ	141	0	0	0	0	0	230711	0	568764	1633881	0	1080092	1840115	3040523	419139	0	0	0	580227	186664	0	0	0	1417552	966959	4928936	3080189	3973108	1159907	0	887649	0	11957018	78246132	96449200	39017545	0	0
FFQ	142	0	0	7	0	0	236651	0	594365	1683740	0	1125927	1890545	3110552	428255	0	0	0	596481	193426	0	0	0	1461746	1003701	4948127	3161609	4069043	1185379	0	908704	0	11913309	78092248	96207722	38852774	0	0
FFQ	143	0	0	0	0	0	235086	0	580088	1672069	0	1103470	1862021	3088825	419710	0	0	0	593543	187321	0	0	0	1437857	992613	4948123	3121566	4032927	1169091	0	906613	0	11956551	78252139	96183243	38921455	0	0
FFQ	144	0	0	0	0	0	236585	0	583019	1649350	0	1114468	1864980	3047290	428448	0	0	0	573500	192464	0	0	0	1443550	980296	4978342	3128096	3977713	1167310	0	874989	0	11939554	78110018	96472459	38901880	0	0
FFQ	145	0	0	0	0	0	239793	0	601031	1716546	0	1144496	1908839	3163576	431013	0	0	0	604339	192869	0	0	0	1469072	1009588	4996744	3187663	4096831	1185318	0	915607	0	11898118	78020379	96074936	38807553	0	0
FFQ	146	0	0	5	0	0	0	240216	0	604184	1712365	0	1154373	1916619	3149595	442712	0	0	0	593291	195371	0	0	0	1478957	1005899	4997943	3199590	4077905	1192903	0	901455	0	11923842	77955066	96114359	38807661	0
FFQ	147	0	0	0	0	0	0	243774	0	612724	1736764	0	1164824	1933334	3192996	441900	0	0	0	795860	0	0	0	1488269	1016202	5010083	3217871	4112615	1194925	0	913836	0	11914547	77943160	96012386	38718241	0	0
FFQ	148	0	0	0	0	0	0	248230	0	640541	1783199	0	1206550	1988314	3260820	456306	0	0	0	813649	0	0	0	1535445	1038979	5044398	3296792	4189544	1220190	0	925111	0	11846268	77754991	95875288	38539696	0	0
FFQ	149	0	0	2	0	0	0	251952	0	652354	1844724	0	1236518	2019343	3344156	454547	0	0	0	844613	0	0	0	1561856	1075874	5065508	3363805	4335476	1245290	0	970129	0	11795492	77700563	95419150	38482959	0	0
FFQ	150	0	0	880	0	0	0	249631	0	638276	1794228	0	1216239	1983309	3278673	456191	0	0	0	819570	0	0	0	1541903	4451584	1654777	3322792	4237638	1228837	0	937165	11836827	77776715	95668606	38570470	0	0	0
# Last Fragment Qualities. Use `grep ^LFQ | cut -f 2-` to extract this part.
# Columns correspond to qualities and rows to cycles. First column is the cycle number.
LFQ	1	0	0	0	0	0	0	0	0	0	0	0	4038769	0	0	0	0	0	0	0	0	0	0	0	0	0	6848499	0	0	0	240782380	0	0	0	0	0	0	0
LFQ	2	0	0	387	0	0	0	0	0	102679	0	260490	682573	0	516516	730286	1227407	139984	0	0	0	234579	93755	0	3808272	0	908482	612232	880021	1955952	2222365	12398124	77105496	101311940	46478108	0	0	0
LFQ	3	0	0	180	0	0	0	0	0	57715	0	196569	708033	0	357351	751174	1308759	159547	0	0	0	229012	65586	0	3117827	0	704920	701686	908122	1724080	2193531	13802969	78207891	101051816	45422880	0	0	0
LFQ	4	0	0	2840	0	0	0	0	0	54332	0	184577	658636	0	381514	720072	1363120	169367	0	0	0	235475	70016	0	3358175	0	657581	654637	854610	1978232	2054145	12917853	80105184	100879701	44369581	0	0	0
LFQ	5	0	0	142	0	0	0	0	0	61086	0	186653	623680	0	358645	720131	1418454	160685	0	0	0	240472	75866	0	0	3459024	653310	591258	866949	1856200	2108151	589883	11467541	82280678	100738169	43212671	0	0
LFQ	6	0	0	48	0	0	0	58243	0	204540	629359	0	400310	716618	1458463	162128	0	0	0	235821	71330	0	0	3363299	693271	604801	790913	1914090	2114953	609814	12391291	82180125	100284813	42785418	0	0	0	0
LFQ	7	0	0	0	0	0	0	66431	0	203897	647507	0	410506	761312	1488688	157527	0	0	0	255654	78404	0	0	0	4367075	658719	788540	1904494	2177890	617494	0	12712489	81999159	100530348	41843514	0	0	0
LFQ	8	0	0	0	0	0	0	65505	0	209946	656036	0	415225	765313	1527248	166699	0	0	0	248800	73709	0	0	0	4049319	644672	796551	1923158	2143746	619998	0	12770490	81743759	100223871	42625603	0	0	0
LFQ	9	0	0	0	0	0	0	67561	0	211182	666398	0	438539	793121	1576205	160023	0	0	0	265621	75725	0	0	0	4091962	653333	781686	1956222	2170605	646278	0	12832257	81214843	100255398	42812689	0	0	0
LFQ	10	0	0	0	0	0	0	70895	0	217323	677636	0	448157	785008	1626033	163057	0	0	0	261671	78620	0	0	0	4138807	655647	783761	1963931	2148333	649554	0	12793264	81253804	100146320	42807827	0	0	0
LFQ	11	0	0	0	0	0	0	71315	0	219036	679086	0	460841	810055	1655291	164826	0	0	0	265825	79467	0	0	0	4154970	643969	777080	1962840	2172877	659245	0	12937696	81346597	100022736	42585896	0	0	0
LFQ	12	0	0	0	0	0	0	72285	0	212477	661481	0	457815	792445	1642788	165457	0	0	0	253807	80158	0	0	0	4144862	624163	770596	1938153	2121553	643272	0	12916046	81452182	99871797	42848311	0	0	0
LFQ	13	0	0	0	0	0	0	75111	0	217517	676070	0	479607	807088	1668931	163507	0	0	0	256692	81542	0	0	0	4189088	632562	779676	1953282	2151355	651307	0	12904132	81195067	99724398	43062716	0	0	0
LFQ	14	0	0	2	0	0	0	75966	0	228385	699689	0	504308	830544	1701166	163628	0	0	0	262368	81955	0	0	0	4180462	644820	800729	1994456	2209164	670957	0	12861976	80945005	99626334	43187734	0	0	0
LFQ	15	0	0	0	0	0	0	76021	0	222890	687849	0	503108	837010	1703956	163716	0	0	0	261832	80337	0	0	0	4127019	624555	787264	1958612	2188673	666267	0	12877831	81034161	99694768	43173779	0	0	0
LFQ	16	0	0	0	0	0	0	78066	0	233116	703858	0	518700	852369	1732198	163646	0	0	0	350515	0	0	0	729506	4059119	794744	1972004	2217831	682831	0	560469	12327707	80707529	100047294	42938146	0	0	0
LFQ	17	0	0	50	0	0	0	79016	0	234858	709134	0	526334	858646	1737425	166990	0	0	0	348065	0	0	0	732540	4039387	795954	1963724	2213216	680089	0	550286	12367843	80972360	99796307	42897424	0	0	0
LFQ	18	0	0	0	0	0	0	80350	0	238912	726612	0	539376	871094	1753406	169330	0	0	0	354981	0	0	0	741412	4054338	810595	1981271	2241565	681000	0	560612	12422856	80918965	99835354	42687619	0	0	0
LFQ	19	0	0	0	0	0	0	83141	0	245604	742394	0	554929	891605	1776944	170157	0	0	0	364859	0	0	0	747088	4112724	816345	1991446	2273186	690524	0	571976	12266472	80913471	99940787	42515996	0	0	0
LFQ	20	0	0	0	0	0	0	83717	0	246519	738079	0	564982	891398	1786216	173216	0	0	0	358368	0	0	0	742140	4025701	811316	1982028	2248367	681661	0	560384	12249237	80951125	100185775	42389419	0	0	0
LFQ	21	0	0	0	0	0	0	86201	0	254494	759646	0	580259	907928	1810970	178059	0	0	0	365050	0	0	0	756063	4068723	825110	2005132	2274226	688443	0	563244	12269394	81118010	99902078	42256618	0	0	0
LFQ	22	0	0	0	0	0	0	90353	0	256328	771484	0	601997	924661	1837717	180299	0	0	0	372428	0	0	0	764273	4067554	837463	2031891	2292995	709492	0	572372	12341232	81044167	99788119	42184823	0	0	0
LFQ	23	0	0	607	0	0	0	92608	0	258701	781935	0	601381	929476	1833523	180375	0	0	0	377855	0	0	0	769068	4115358	838853	2014020	2297230	709335	0	579914	12417278	81081876	99703520	42086735	0	0	0
LFQ	24	0	0	0	0	0	0	97590	0	270124	807736	0	621648	949712	1873876	179437	0	0	0	392144	0	0	0	793774	4161719	856742	2056302	2361758	725843	0	599607	12292636	81021857	99720906	41886237	0	0	0
LFQ	25	0	0	5	0	0	0	97366	0	276573	819230	0	640103	970497	1900543	183131	0	0	0	393992	0	0	0	808187	4131411	874942	2072189	2403014	733685	0	598081	12357865	80909104	99730841	41768889	0	0	0
LFQ	26	0	0	17	0	0	0	99011	0	275313	827394	0	637564	980787	1908653	186398	0	0	0	397047	0	0	0	803978	4141172	880767	2054599	2406412	730471	0	600651	12353591	80967449	99652899	41765475	0	0	0
LFQ	27	0	0	8	0	0	0	99311	0	275332	815732	0	639271	981963	1899824	189402	0	0	0	392141	0	0	0	804853	4116412	872471	2047911	2391099	735661	0	591525	12325486	81096951	99663071	41731224	0	0	0
LFQ	28	0	0	0	0	0	0	102589	0	285465	839877	0	661020	1000806	1936696	192475	0	0	0	397947	0	0	0	817621	4069849	891617	2081778	2422954	746457	0	595789	12312183	81024023	99674518	41615984	0	0	0
LFQ	29	0	0	0	0	0	0	104055	0	290930	860538	0	679153	1025057	1962823	193780	0	0	0	405957	0	0	0	832787	4064937	901123	2106351	2456591	755013	0	606254	12361788	81030533	99440072	41591906	0	0	0
LFQ	30	0	0	0	0	0	0	106599	0	293946	857991	0	691635	1023538	1967668	196755	0	0	0	403800	0	0	0	836468	4109331	903122	2114805	2462650	761577	0	600304	12314808	80811924	99653360	41559367	0	0	0
LFQ	31	0	0	0	0	0	0	108640	0	297623	881871	0	699699	1045651	1987718	198157	0	0	0	415520	0	0	0	839746	4155278	914510	2127679	2498899	759493	0	612872	12252062	80986445	99449028	41438757	0	0	0
LFQ	32	0	0	0	0	0	0	110123	0	304676	909315	0	712335	1059714	2006738	201189	0	0	0	419438	0	0	0	857101	4118523	931933	2152158	2529746	764094	0	621157	12323316	80961380	99342068	41344644	0	0	0
LFQ	33	0	0	0	0	0	112056	0	302290	923557	0	719567	1064615	2021333	201938	0	0	0	322608	102461	0	0	0	847219	4124065	932014	2151912	2531515	757398	0	624350	12254030	80929703	99455415	41291602	0	0	0
LFQ	34	0	0	0	0	0	116859	0	316602	930998	0	743421	1083994	2062494	210038	0	0	0	320278	107114	0	0	0	871661	4130119	946584	2193452	2563605	778012	0	619313	12255109	80920314	99319126	41180555	0	0	0
LFQ	35	0	0	0	0	0	115605	0	311986	934793	0	739591	1087821	2044740	212613	0	0	0	317581	105381	0	0	0	866701	4126637	942246	2166192	2544862	766331	0	614892	12276091	81093955	99269283	41132347	0	0	0
LFQ	36	0	0	31	0	0	119176	0	318009	951188	0	748086	1097453	2058889	211105	0	0	0	325512	107791	0	0	0	877252	4159791	957125	2192943	2585529	773296	0	629205	12276301	80873378	99360141	41047447	0	0	0
LFQ	37	0	0	47	0	0	120251	0	318499	963546	0	757691	1113970	2083607	215417	0	0	0	331939	106730	0	0	0	877556	4161715	965214	2199300	2601352	777569	0	632568	12255137	80842892	99254750	41089898	0	0	0
LFQ	38	0	0	0	0	0	122902	0	331818	986642	0	775497	1133767	2112432	218066	0	0	0	335285	109887	0	0	0	898015	4159914	982155	2234435	2641307	791818	0	638973	12256780	80767605	99149017	41023333	0	0	0
LFQ	39	0	0	3	0	0	122495	0	332770	993917	0	783534	1136049	2117211	219065	0	0	0	445264	0	0	0	901519	704532	4402690	2243356	2644951	790053	0	638376	0	12271425	80607211	99291660	41023567	0	0	0
LFQ	40	0	0	7	0	0	127155	0	336788	1013359	0	799645	1157647	2141743	222260	0	0	0	451371	0	0	0	910735	719056	4404267	2265513	2683239	801965	0	647221	0	12269413	80702237	99046684	40969343	0	0	0
LFQ	41	0	0	4	0	0	130468	0	343340	1027501	0	821599	1173321	2159986	227573	0	0	0	457008	0	0	0	925332	722210	4471390	2298935	2708943	811325	0	647602	0	12274338	80568126	98994349	40906298	0	0	0
LFQ	42	0	0	0	0	0	129010	0	337659	1033443	0	803203	1178518	2161847	227892	0	0	0	350905	110693	0	0	0	909516	4196231	1003022	2253419	2681577	792603	0	655079	12247761	80599059	99040200	40958011	0	0	0
LFQ	43	0	0	0	0	0	134413	0	352909	1029332	0	821219	1187547	2183407	236146	0	0	0	455913	0	0	0	927147	711285	4458026	2293761	2678048	809481	0	639112	0	12222861	80552848	98999488	40976705	0	0	0
LFQ	44	0	0	0	0	0	136860	0	361125	1096026	0	842531	1218368	2238651	234296	0	0	0	481327	0	0	0	947634	760125	4477794	2350227	2786720	824374	0	676057	0	12221973	80441901	98682944	40890715	0	0	0
LFQ	45	0	0	375	0	0	135540	0	355416	1070118	0	847123	1217123	2221413	237920	0	0	0	468021	0	0	0	941176	733508	4490090	2323494	2742939	818204	0	651790	0	12276908	80413497	98840695	40884298	0	0	0
LFQ	46	0	0	1	0	0	139149	0	361202	1081087	0	849707	1219538	2235597	241195	0	0	0	474466	0	0	0	948811	736592	4495928	2343065	2762211	824070	0	660392	0	12258841	80488499	98707419	40841878	0	0	0
LFQ	47	0	0	76	0	0	143233	0	359306	1074770	0	855597	1224238	2228471	243140	0	0	0	471879	0	0	0	948296	735973	4497935	2336985	2744204	828196	0	651509	0	12264256	80575708	98679136	40806740	0	0	0
LFQ	48	0	0	0	0	0	144467	0	376521	1121243	0	874264	1260061	2287018	245537	0	0	0	487571	0	0	0	970896	757713	4483459	2379073	2820980	836883	0	672446	0	12175359	80424536	98627308	40724313	0	0	0
LFQ	49	0	0	0	0	0	146098	0	378260	1145479	0	881682	1273045	2310862	249243	0	0	0	494226	0	0	0	978206	761854	4523576	2393133	2845969	839401	0	680801	0	12193004	80264277	98606371	40704161	0	0	0
LFQ	50	0	0	42	0	0	147956	0	381282	1139919	0	894881	1283544	2320506	252767	0	0	0	493161	0	0	0	977048	762453	4548261	2406435	2849553	846066	0	676805	0	12123802	80233976	98616542	40714649	0	0	0
LFQ	51	0	0	0	0	0	146843	0	381007	1137746	0	895221	1280002	2323095	258256	0	0	0	484294	0	0	0	970858	751809	4478384	2393023	2817368	837207	0	662658	0	12160461	80276962	98687958	40726496	0	0	0
LFQ	52	0	0	0	0	0	151236	0	389434	1156290	0	910458	1293006	2346916	258795	0	0	0	493146	0	0	0	992120	762050	4484082	2426639	2839975	847615	0	670841	0	12199580	80298984	98549763	40598718	0	0	0
LFQ	53	0	0	0	0	0	154705	0	393966	1180397	0	926567	1309629	2366032	257108	0	0	0	505926	0	0	0	1000726	775481	4555863	2450559	2899718	855315	0	686390	0	12167089	80013440	98624448	40546289	0	0	0
LFQ	54	0	0	82	0	0	152633	0	395409	1179154	0	931282	1318138	2372478	263474	0	0	0	501353	0	0	0	1002600	771276	4548310	2451293	2893560	855900	0	678702	0	12136098	80057165	98570775	40589966	0	0	0
LFQ	55	0	0	0	0	0	155643	0	396185	1194298	0	929821	1319642	2380844	261952	0	0	0	504895	0	0	0	1002170	778310	4522794	2451076	2895353	853922	0	684227	0	12179891	80147600	98413883	40597142	0	0	0
LFQ	56	0	0	582	0	0	158074	0	399067	1192411	0	934078	1322676	2380798	262826	0	0	0	507038	0	0	0	1006339	774976	4537413	2463399	2904033	860576	0	682457	0	12174105	80091485	98416066	40601249	0	0	0
LFQ	57	0	0	86	0	0	158899	0	400175	1190717	0	940615	1329335	2381204	267851	0	0	0	503978	0	0	0	1008728	768792	4560194	2462402	2896023	855892	0	678141	0	12144902	80133423	98456951	40531340	0	0	0
LFQ	58	0	0	0	0	0	163369	0	413378	1241171	0	960013	1363997	2453783	273688	0	0	0	522544	0	0	0	1030551	794655	4581532	2508186	2968669	874050	0	697376	0	12176515	80056296	98148976	40440899	0	0	0
LFQ	59	0	0	0	0	0	168381	0	426665	1275160	0	986343	1393698	2491470	279861	0	0	0	536589	0	0	0	1055172	813995	4590555	2547605	3030502	889108	0	712803	0	12148534	79918079	98027545	40377583	0	0	0
LFQ	60	0	0	0	0	0	165148	0	417898	1271995	0	973327	1389294	2482449	280422	0	0	0	529516	0	0	0	1040685	806511	4567676	2518138	3000245	879529	0	707347	0	12142927	79889527	98099009	40508005	0	0	0
LFQ	61	0	0	0	0	0	169582	0	431542	1276261	0	991830	1400257	2503151	280617	0	0	0	535985	0	0	0	1057016	809146	4586860	2558202	3020937	891644	0	708037	0	12139259	79797668	98130820	40380834	0	0	0
LFQ	62	0	0	0	0	0	169573	0	436398	1303945	0	1009642	1420022	2542519	282490	0	0	0	546161	0	0	0	1068623	823681	4585352	2584381	3068666	900628	0	725707	0	12107636	79703291	98024416	40366517	0	0	0
LFQ	63	0	0	15	0	0	169479	0	429950	1285112	0	1005746	1405830	2525047	286722	0	0	0	532018	0	0	0	1057559	803128	4591113	2560102	3006302	888702	0	698957	0	12116129	79679274	98201642	40426821	0	0	0
LFQ	64	0	0	0	0	0	175735	0	442739	1329109	0	1019758	1438018	2566645	291037	0	0	0	549806	0	0	0	1079569	828140	4646875	2602380	3073597	902751	0	720327	0	12112439	79634956	97994032	40261735	0	0	0
LFQ	65	0	0	0	0	0	176022	0	442658	1322767	0	1023234	1447690	2568833	292473	0	0	0	549827	0	0	0	1073921	822118	4614513	2596063	3072243	899632	0	718394	0	12057494	79741027	97952607	40298132	0	0	0
LFQ	66	0	0	0	0	0	177780	0	452833	1334864	0	1031111	1454879	2595185	298108	0	0	0	548148	0	0	0	1083096	825431	4610274	2605534	3072463	900251	0	711296	0	12076870	79693039	97926884	40271602	0	0	0
LFQ	67	0	0	0	0	0	182047	0	463747	1385209	0	1051697	1485417	2642933	299592	0	0	0	567059	0	0	0	1105116	849631	4640034	2653757	3145395	918098	0	733679	0	12089442	79534973	97753043	40168779	0	0	0
LFQ	68	0	0	0	0	0	182138	0	454535	1351496	0	1050531	1471458	2617687	299334	0	0	0	556616	0	0	0	1096366	828882	4648475	2634457	3115738	914723	0	721571	0	12126467	79582358	97780507	40236309	0	0	0
LFQ	69	0	0	126	0	0	183869	0	458879	1338987	0	1056320	1469248	2619219	305839	0	0	0	553364	0	0	0	1099560	824551	4644854	2645912	3103278	918811	0	712578	0	12106481	79655995	97761731	40210046	0	0	0
LFQ	70	0	0	0	0	0	188088	0	466803	1373337	0	1072850	1490240	2652662	302823	0	0	0	566892	0	0	0	1114089	843457	4645841	2670281	3143223	928603	0	728234	0	12092771	79547434	97701247	40140773	0	0	0
LFQ	71	0	0	0	0	0	187623	0	470685	1386283	0	1083350	1504809	2683368	304842	0	0	0	568266	0	0	0	1119447	841711	4650299	2676973	3166774	931739	0	728500	0	12106598	79359566	97769712	40129103	0	0	0
LFQ	72	0	0	742	0	0	191524	0	481208	1408688	0	1096065	1536061	2723059	316825	0	0	0	573500	0	0	0	1130417	841051	4648692	2697985	3183026	938119	0	729964	0	12053066	79310913	97670532	40138211	0	0	0
LFQ	73	0	0	0	0	0	193935	0	491326	1451771	0	1108112	1563653	2758939	321628	0	0	0	591372	0	0	0	1144234	867065	4678011	2730729	3241122	945432	0	750063	0	12024639	79236685	97539674	40031258	0	0	0
LFQ	74	0	0	0	0	0	193942	0	490290	1451759	0	1110523	1558903	2769058	322470	0	0	0	587709	0	0	0	1149903	867911	4663810	2727825	3227361	944142	0	744219	0	12057684	79297984	97509602	39994553	0	0	0
LFQ	75	0	0	0	0	0	195561	0	490143	1446025	0	1114437	1554888	2758785	322989	0	0	0	583942	0	0	0	1145038	858692	4670036	2722382	3203044	941315	0	735336	0	12077403	79301911	97497584	40050137	0	0	0
LFQ	76	0	0	0	0	0	198745	0	493985	1456438	0	1120134	1572347	2786265	324674	0	0	0	589915	0	0	0	1150074	860882	4685154	2736238	3231005	946624	0	743235	0	12063033	79151538	97554930	40004432	0	0	0
LFQ	77	0	0	0	0	0	200528	0	504319	1463054	0	1130794	1587718	2806280	330364	0	0	0	592368	0	0	0	1162369	865600	4690191	2755436	3260058	957777	0	742253	0	12029621	79132846	97521254	39936818	0	0	0
LFQ	78	0	0	0	0	0	203300	0	514899	1495399	0	1156194	1611213	2847496	333005	0	0	0	602715	0	0	0	1185159	881728	4692557	2796679	3308037	972984	0	753515	0	12028758	79059033	97334353	39892624	0	0	0
LFQ	79	0	0	0	0	0	204988	0	520008	1520238	0	1164978	1619850	2872860	331138	0	0	0	612346	0	0	0	1193383	900065	4714422	2820430	3348585	976492	0	765559	0	11975801	78990469	97293458	39844578	0	0	0
LFQ	80	0	0	0	0	0	205025	0	513073	1494269	0	1160762	1608940	2854353	333138	0	0	0	603312	0	0	0	1182373	879384	4718751	2800271	3315185	971418	0	752614	0	12010209	79076642	97335444	39854485	0	0	0
LFQ	81	0	0	1158	0	0	207080	0	514992	1502801	0	1166192	1614548	2863043	339503	0	0	0	606681	0	0	0	1188892	882351	4719781	2805572	3317570	971449	0	754631	0	12001474	79042647	97297468	39871815	0	0	0
LFQ	82	0	0	0	0	0	212553	0	524829	1532685	0	1180798	1634674	2894895	342003	0	0	0	619658	0	0	0	1205873	894534	4745830	2833358	3359810	981752	0	765323	0	12012867	78922751	97212615	39792840	0	0	0
LFQ	83	0	0	0	0	0	211130	0	527605	1545343	0	1183704	1651483	2912994	345047	0	0	0	618644	0	0	0	1207026	895507	4749328	2840387	3367295	984504	0	766677	0	12029843	78906226	97147470	39779435	0	0	0
LFQ	84	0	0	1451	0	0	212680	0	531577	1546942	0	1191102	1657454	2923556	348072	0	0	0	619052	0	0	0	1209280	893463	4744360	2847523	3360168	987568	0	763685	0	12027183	78926738	97129726	39748068	0	0	0
LFQ	85	0	0	2	0	0	215411	0	547320	1585880	0	1208956	1680994	2974270	350920	0	0	0	632512	0	0	0	1232796	913948	4751334	2888261	3422967	1000798	0	780592	0	11985902	78781213	97072411	39643161	0	0	0
LFQ	86	0	0	0	0	0	216682	0	550142	1591758	0	1227733	1693893	2991938	355704	0	0	0	635003	0	0	0	1242490	915418	4764324	2909089	3439346	1009856	0	779132	0	11999809	78728002	96956865	39662464	0	0	0
LFQ	87	0	0	3	0	0	222157	0	569197	1640000	0	1258491	1738924	3055649	359766	0	0	165731	491734	0	0	1275925	946201	1388808	6402535	3535859	1032445	0	804367	0	0	11952146	78531610	96700040	39598060	0	0	0
LFQ	88	0	0	0	0	0	219875	0	558710	1637325	0	1239106	1729203	3054087	360183	0	0	0	649242	0	0	0	1251593	933951	4805806	2923758	3492408	1015975	0	796384	0	11910536	78662681	96782629	39646196	0	0	0
LFQ	89	0	0	15	0	0	224308	0	565948	1626784	0	1252785	1740586	3062330	367835	0	0	164031	478381	0	0	1264509	924609	1380003	6329780	3475998	1023866	0	779045	0	0	11924611	78698002	96820510	39565712	0	0	0
LFQ	90	0	0	0	0	0	225621	0	563958	1644036	0	1248203	1739699	3061246	368194	0	0	0	645259	0	0	0	1258444	926599	4764227	2931137	3477735	1013799	0	786476	0	11975130	78643968	96837222	39558695	0	0	0
LFQ	91	0	0	611	0	0	229313	0	565501	1624518	0	1253736	1738802	3054957	372309	0	0	0	647133	0	0	0	1259416	921200	4816323	2939618	3466166	1020991	0	779430	0	11945395	78608402	96896616	39529211	0	0	0
LFQ	92	0	0	0	0	0	230697	0	573371	1645361	0	1268089	1755322	3075170	378890	0	0	0	654633	0	0	0	1274961	933073	4812584	2955105	3499124	1029480	0	790154	0	11912519	78601336	96734478	39545301	0	0	0
LFQ	93	0	0	0	0	0	239328	0	596887	1717474	0	1302307	1803092	3147261	379590	0	0	174680	506195	0	0	1316823	971539	1434035	6473207	3605383	1052541	0	813128	0	0	11897570	78348584	96486063	39403961	0	0	0
LFQ	94	0	0	0	0	0	237840	0	599228	1750021	0	1314756	1823419	3196949	376213	0	0	171716	517982	0	0	1323532	981272	1439520	6484703	3664018	1053553	0	831168	0	0	11937857	78288572	96305131	39372198	0	0	0
LFQ	95	0	0	223	0	0	239387	0	606430	1731606	0	1328327	1825771	3192915	387445	0	0	174753	507250	0	0	1326585	965345	1453598	6491850	3641651	1057495	0	815891	0	0	11918501	78215013	96401440	39388172	0	0	0
LFQ	96	0	0	0	0	0	236822	0	601825	1754578	0	1325967	1834213	3206960	387415	0	0	171600	519936	0	0	1323126	980526	1450986	6460132	3659309	1059776	0	832910	0	0	11875287	78294738	96362329	39331213	0	0	0
LFQ	97	0	0	0	0	0	237886	0	602957	1727503	0	1326181	1815942	3192221	387256	0	0	0	674827	0	0	0	1318745	963045	4828514	3038914	3599576	1056039	0	808423	0	11914631	78314834	96490557	39371597	0	0	0
LFQ	98	0	0	0	0	0	240960	0	616974	1743850	0	1353619	1849825	3230847	394602	0	0	174534	508214	0	0	1340076	968022	1463524	6471564	3626806	1069590	0	808242	0	0	11885889	78149462	96447048	39326000	0	0	0
LFQ	99	0	0	0	0	0	245471	0	628251	1794302	0	1366919	1885126	3283341	395926	0	0	176563	525876	0	0	1358350	986957	1479856	6536690	3715053	1079047	0	836252	0	0	11854780	77987728	96285490	39247670	0	0	0
LFQ	100	0	0	0	0	0	244617	0	632015	1812455	0	1378303	1899441	3313073	404095	0	0	175979	528917	0	0	1364401	998864	1491671	6500470	3742153	1089471	0	839658	0	0	11828581	78049129	96185359	39190996	0	0	0
LFQ	101	0	0	1	0	0	250221	0	648034	1839419	0	1403722	1922159	3355560	404501	0	0	181458	537578	0	0	1390616	1014662	1510412	6568423	3792021	1101608	0	848839	0	0	11847495	77917667	96051394	39083858	0	0	0
LFQ	102	0	0	0	0	0	250128	0	651905	1862650	0	1423192	1941661	3371772	410738	0	0	182175	537407	0	0	1399706	1020927	1518490	6593940	3800597	1100990	0	845874	0	0	11838700	77894541	95968184	39056071	0	0	0
LFQ	103	0	0	45	0	0	252836	0	653975	1872554	0	1419153	1940937	3383744	409220	0	0	182323	542052	0	0	1400804	1024917	1515426	6589368	3817346	1098485	0	853889	0	0	11864980	77887235	95912149	39048210	0	0	0
LFQ	104	0	0	0	0	0	256482	0	668365	1891574	0	1441086	1964984	3424564	418659	0	0	187933	549630	0	0	1422137	1037645	1544002	6632161	3868823	1116540	0	862388	0	0	11816504	77806597	95767874	38991700	0	0	0
LFQ	105	0	0	2	0	0	259079	0	674153	1943430	0	1456084	1996700	3482122	424567	0	0	187364	561550	0	0	1439491	1052924	1560144	6674510	3927303	1124104	0	878103	0	0	11802437	77655653	95637812	38932116	0	0	0
LFQ	106	0	0	0	0	0	262313	0	684919	1957180	0	1466478	2010759	3497107	425724	0	0	189530	566464	0	0	1449377	1058737	1571971	6693471	3947639	1127671	0	880156	0	0	11800918	77616276	95605234	38857724	0	0	0
LFQ	107	0	0	0	0	0	257391	0	673972	1940063	0	1459357	2005401	3484229	423332	0	0	185132	559302	0	0	1431713	1046417	1558033	6661402	3909016	1119065	0	870806	0	0	11793491	77681397	95654575	38955554	0	0	0
LFQ	108	0	0	0	0	0	260456	0	675615	1908581	0	1460042	1993706	3479309	430038	0	0	186184	545968	0	0	1429350	1023898	1547839	6634397	3845415	1120635	0	848214	0	0	11830483	77611883	95834436	39003199	0	0	0
LFQ	109	0	0	0	0	0	267866	0	696929	1954723	0	1486254	2023294	3520194	433716	0	0	190790	556372	0	0	1458077	1048769	1585607	6687352	3917883	1138803	0	863416	0	0	11783396	77506295	95645622	38904290	0	0	0
LFQ	110	0	0	0	0	0	262021	0	682496	1943230	0	1472059	2010160	3498367	430588	0	0	187205	555982	0	0	1441665	1042600	1566269	6664607	3902996	1124369	0	867771	0	0	11786947	77621608	95691604	38917104	0	0	0
LFQ	111	0	0	444	0	0	265901	0	694673	1925297	0	1492752	2019479	3506283	437256	0	0	191572	550512	0	0	1458532	1041450	1582039	6690266	3910050	1140539	0	859338	0	0	11788802	77506801	95730031	38877631	0	0	0
LFQ	112	0	0	0	0	0	269202	0	712766	2011172	0	1522567	2068778	3596670	440424	0	0	191840	571754	0	0	1489164	1077056	1617646	6737752	4010356	1149388	0	887322	0	0	11755086	77398306	95361759	38800640	0	0	0
LFQ	113	0	0	0	0	0	271400	0	709706	2017332	0	1526373	2069903	3592786	449582	0	0	193240	569289	0	0	1484973	1070406	1615225	6740485	3983346	1151218	0	879081	0	0	11800963	77395258	95366237	38782845	0	0	0
LFQ	114	0	0	0	0	0	277805	0	722426	2040821	0	1548187	2105926	3635789	456269	0	0	198114	577614	0	0	1507918	1080428	1633411	6783972	4035864	1160505	0	888431	0	0	11783245	77264635	95251272	38717016	0	0	0
LFQ	115	0	0	185	0	0	279327	0	728697	2070854	0	1550809	2122590	3683472	463058	0	0	197021	591742	0	0	1511499	1095271	1636960	6801588	4064438	1166619	0	901266	0	0	11739848	77290159	95095635	38678610	0	0	0
LFQ	116	0	0	0	0	0	282706	0	729986	2048719	0	1549070	2111233	3652068	457315	0	0	198262	582127	0	0	1508876	1081691	1633324	6785094	4030346	1161423	0	886856	0	0	11739329	77278460	95259920	38692843	0	0	0
LFQ	117	0	0	0	0	0	281089	0	735456	2060961	0	1563987	2126870	3694311	463540	0	0	199676	578589	0	0	1520972	1085000	1654643	6802602	4057745	1169964	0	884612	0	0	11753891	77170157	95248020	38617563	0	0	0
LFQ	118	0	0	0	0	0	282602	0	749299	2090716	0	1590017	2159822	3737170	472768	0	0	201483	586951	0	0	1542082	1099885	1676502	6852697	4107725	1186899	0	897389	0	0	11720239	77106408	95092724	38516270	0	0	0
LFQ	119	0	0	0	0	0	283962	0	758778	2119400	0	1612296	2180165	3772357	476875	0	0	202631	595596	0	0	1556012	1111279	1686909	6869950	4152916	1197331	0	910023	0	0	11704832	76994229	95017009	38467098	0	0	0
LFQ	120	0	0	0	0	0	285529	0	764903	2138652	0	1624978	2195070	3801397	480541	0	0	205189	600214	0	0	1570711	1120810	1694576	6898485	4178522	1207755	0	913317	0	0	11698430	76891436	94909315	38489818	0	0	0
LFQ	121	0	0	0	0	0	289399	0	774535	2164687	0	1637063	2217481	3831944	482264	0	0	205441	604858	0	0	1584162	1131667	1713083	6925064	4216840	1212374	0	922409	0	0	11665303	76856094	94790447	38444533	0	0	0
LFQ	122	0	0	0	0	0	291361	0	782000	2176610	0	1653706	2238784	3882981	487517	0	0	209072	609296	0	0	1593164	1130839	1718565	6944236	4245076	1220805	0	922038	0	0	11642591	76790941	94751506	38378560	0	0	0
LFQ	123	0	0	63	0	0	289290	0	779983	2144620	0	1654526	2222039	3838593	490091	0	0	207165	595787	0	0	1586512	1117591	1711006	6900687	4185377	1217155	0	906080	0	0	11696002	76838548	94875355	38413178	0	0	0
LFQ	124	0	0	1	0	0	291829	0	781864	2143458	0	1651432	2216929	3846143	488314	0	0	208708	592824	0	0	1588214	1120647	1707897	6919776	4176787	1215620	0	903139	0	0	11687457	76839492	94894115	38395002	0	0	0
LFQ	125	0	0	0	0	0	296039	0	798757	2181742	0	1676433	2247500	3889233	496087	0	0	210859	602877	0	0	1610267	1130132	1732303	6966583	4230234	1230838	0	910840	0	0	11689945	76738304	94727677	38302998	0	0	0
LFQ	126	0	0	0	0	0	301465	0	817429	2259773	0	1713961	2312250	3987120	513548	0	0	216851	625418	0	0	1650781	1168267	1777934	7032437	4343178	1251745	0	939549	0	0	11653133	76506306	94375517	38222986	0	0	0
LFQ	127	0	0	532	0	0	303716	0	821661	2306666	0	1718122	2329969	4041197	512582	0	0	215340	639931	0	0	1656384	1181958	1786653	7066820	4406734	1254165	0	959206	0	0	11623293	76536075	94150206	38158438	0	0	0
LFQ	128	0	0	0	0	0	305817	0	822708	2277255	0	1728554	2320521	4008267	515728	0	0	218410	630734	0	0	1657915	1173984	1789024	7083811	4377546	1257169	0	948529	0	0	11612353	76512720	94284808	38143795	0	0	0
LFQ	129	0	0	0	0	0	306134	0	847398	2331780	0	1765275	2367659	4095951	520049	0	0	220436	643927	0	0	1701215	1200875	1827025	7111728	4466579	1284642	0	964117	0	0	11610422	76321783	94069194	38013459	0	0	0
LFQ	130	0	0	0	0	0	305998	0	851764	2374629	0	1790236	2396944	4133159	530129	0	0	221430	654236	0	0	1710854	1214556	1844884	7152837	4507635	1283555	0	977211	0	0	11578101	76179617	94010564	37951309	0	0	0
LFQ	131	0	0	0	0	0	316649	0	881056	2455203	0	1826327	2452581	4237480	538710	0	0	228778	677873	0	0	1760852	1245138	1894047	7239128	4633064	1312593	0	1002181	0	0	11567940	75935170	93648449	37816429	0	0	0
LFQ	132	0	0	10787	0	0	315753	0	875615	2479775	0	1820069	2457562	4262290	539106	0	0	225895	684028	0	0	1748966	1251246	1881071	7228158	4647455	1306059	0	1017543	0	0	11564880	76055889	93478783	37818718	0	0	0
LFQ	133	0	0	0	0	0	317651	0	879246	2426438	0	1828154	2454773	4216743	546506	0	0	226788	664043	0	0	1737493	1221898	1879518	7197081	4565520	1307083	0	983300	0	0	11541169	76028008	93825257	37822979	0	0	0
LFQ	134	0	0	0	0	0	316804	0	883628	2450945	0	1833274	2472455	4267475	548296	0	0	226850	676150	0	0	1757819	1240754	1889598	7224980	4637076	1315371	0	1000744	0	0	11519074	75998279	93613985	37796091	0	0	0
LFQ	135	0	0	9	0	0	319220	0	887579	2440307	0	1838823	2455397	4247573	546960	0	0	228819	666821	0	0	1754317	1239900	1892335	7250200	4620491	1319982	0	994878	0	0	11540598	75992167	93652906	37780366	0	0	0
LFQ	136	0	0	0	0	0	323882	0	900249	2467326	0	1871568	2478815	4265033	554252	0	0	235693	669347	0	0	1786520	1252049	1919280	7315272	4641366	1325743	0	995303	0	0	11531319	75846905	93613013	37676713	0	0	0
LFQ	137	0	0	2	0	0	332140	0	922814	2574323	0	1907480	2541761	4394548	561241	0	0	241039	703421	0	0	1829099	1295887	1962345	7415868	4820426	1353924	0	1041648	0	0	11474474	75710871	93039777	37546560	0	0	0
LFQ	138	0	0	0	0	0	327025	0	912669	2553173	0	1904837	2541517	4377088	575466	0	0	236962	693101	0	0	1811482	1282826	1950180	3985636	8154499	1347192	0	1027730	0	0	0	11482911	75787646	93108089	37609619	0	0
LFQ	139	0	0	1	0	0	327635	0	907966	2516515	0	1890036	2516617	4340622	566963	0	0	234400	680438	0	0	1795113	1264758	1936698	7324636	4685019	1342287	0	1004580	0	0	11495669	75855306	93361757	37622632	0	0	0
LFQ	140	0	0	94	0	0	336145	0	938290	2545226	0	1934089	2562496	4395154	579164	0	0	242773	685374	0	0	1831803	1274680	1977696	7390886	4743166	1361330	0	1013309	0	0	11472778	75539195	93310829	37535171	0	0	0
LFQ	141	0	0	0	0	0	337300	0	964212	2652988	0	1977184	2630047	4552612	588083	0	0	244758	722034	0	0	1877307	1315000	2020635	7457154	4922376	1393923	0	1060876	0	0	11429673	75330998	92803099	37389389	0	0	0
LFQ	142	0	0	0	0	197131	0	572967	1587546	0	1177935	1553589	2646234	355268	144904	0	0	421389	1109528	782969	1203228	4337571	2870796	806827	0	614779	0	0	6504778	43067132	53020144	21208779	0	0	0	0	0	0
LFQ	143	0	0	0	0	0	196194	0	565256	1576544	0	1159441	1533826	2626511	353240	0	140964	0	414559	0	1092536	768080	1186262	2374674	4776518	796019	0	606620	0	0	0	6538630	43151727	53070224	21255669	0	0	0
LFQ	144	0	0	0	0	0	192325	0	539808	1485813	0	1121918	1476764	2522911	346464	0	0	135923	389081	0	0	1046717	731121	1138069	4263348	2678881	773288	0	569828	0	0	6568152	43362271	53471578	21369234	0	0	0
LFQ	145	0	0	0	0	0	195983	0	553518	1475959	0	1138470	1481451	2527361	349751	0	0	141825	382848	0	0	1063381	730477	1161873	4272488	2678500	780983	0	560591	0	0	6560470	43221595	53563974	21341996	0	0	0
LFQ	146	0	0	0	0	0	195269	0	551011	1497105	0	1139672	1490148	2544047	353944	0	0	0	526305	0	0	0	1061808	734265	1159407	4270301	2691067	779629	0	568848	0	0	6572050	43265201	53429409	21354008	0	0
LFQ	147	0	0	0	0	0	196742	0	550643	1474459	0	1131358	1476944	2514513	354680	0	0	0	519349	0	0	0	1061788	727736	1157704	4264257	2663530	779154	0	558427	0	0	6581608	43290551	53557506	21322545	0	0
LFQ	148	0	0	0	0	0	206279	0	592583	1588182	0	1199020	1568980	2670339	371355	0	0	150049	411884	0	0	1124100	774950	1229996	2430436	4789831	817659	0	599112	0	0	0	6491295	42945714	53114277	21107453	0	0
LFQ	149	0	0	2	0	0	209992	0	613202	1682620	0	1238153	1625260	2788843	376820	0	151203	0	439296	0	1155636	808741	1255518	2493088	4899786	830121	0	630154	0	0	0	6448351	42836228	52680976	21019504	0	0	0
LFQ	150	0	0	119424	0	0	210708	0	621937	1703278	0	1251209	1639439	2821563	382194	0	157372	0	442729	0	1167159	817311	1268958	4462299	3012756	846073	0	640463	0	0	6441673	42740526	52488794	20947629	0	0	0	0
# GC Content of first fragments. Use `grep ^GCF | cut -f 2-` to extract this part.
GCF	0.25	345
GCF	0.75	381
GCF	1.26	471
GCF	2.01	589
GCF	2.76	738
GCF	3.27	881
GCF	4.02	993
GCF	4.77	1108
GCF	5.28	1392
GCF	6.03	1470
GCF	6.78	1709
GCF	7.29	1876
GCF	8.04	2111
GCF	8.79	2366
GCF	9.30	2712
GCF	10.05	3354
GCF	10.80	4087
GCF	11.31	4967
GCF	12.06	6324
GCF	12.81	8102
GCF	13.32	10341
GCF	14.07	13596
GCF	14.82	18035
GCF	15.33	24460
GCF	16.08	32927
GCF	16.83	45244
GCF	17.34	62480
GCF	18.09	85747
GCF	18.84	117430
GCF	19.35	160190
GCF	20.10	217112
GCF	20.85	290759
GCF	21.36	380734
GCF	22.11	497705
GCF	22.86	636403
GCF	23.37	801640
GCF	24.12	994788
GCF	24.87	1207419
GCF	25.38	1446747
GCF	26.13	1715111
GCF	26.88	1992747
GCF	27.39	2292135
GCF	28.14	2593902
GCF	28.89	2899580
GCF	29.40	3207508
GCF	30.15	3499489
GCF	30.90	3783837
GCF	31.41	4045877
GCF	32.16	4298438
GCF	32.91	4529788
GCF	33.42	4730277
GCF	33.92	4916225
GCF	34.67	5091227
GCF	35.43	5266145
GCF	35.93	5437820
GCF	36.68	5638857
GCF	37.44	5840483
GCF	37.94	6059134
GCF	38.69	6273441
GCF	39.45	6478521
GCF	39.95	6601615
GCF	40.70	6659146
GCF	41.46	6615326
GCF	41.96	6473926
GCF	42.71	6246676
GCF	43.47	5993845
GCF	43.97	5760723
GCF	44.72	5591447
GCF	45.48	5506718
GCF	45.98	5426343
GCF	46.73	5340972
GCF	47.49	5221099
GCF	47.99	5071042
GCF	48.74	4878539
GCF	49.50	4646908
GCF	50.00	4420770
GCF	50.75	4244118
GCF	51.51	4089143
GCF	52.01	3950964
GCF	52.76	3805951
GCF	53.52	3624427
GCF	54.02	3430838
GCF	54.77	3207890
GCF	55.53	2994761
GCF	56.03	2760934
GCF	56.78	2539852
GCF	57.54	2395590
GCF	58.04	2299217
GCF	58.79	2216298
GCF	59.55	2104042
GCF	60.05	1994205
GCF	60.80	1923430
GCF	61.56	1810156
GCF	62.06	1596253
GCF	62.81	1358095
GCF	63.57	1164790
GCF	64.07	1084907
GCF	64.82	1047811
GCF	65.58	991523
GCF	66.08	937878
GCF	66.58	931673
GCF	67.34	834650
GCF	68.09	686657
GCF	68.59	529053
GCF	69.35	432721
GCF	70.10	369487
GCF	70.60	318619
GCF	71.36	264430
GCF	72.11	219349
GCF	72.61	181921
GCF	73.37	151553
GCF	74.12	129090
GCF	74.62	112314
GCF	75.38	98748
GCF	76.13	87872
GCF	76.63	81138
GCF	77.39	76964
GCF	78.14	70808
GCF	78.64	62051
GCF	79.40	56431
GCF	80.15	47985
GCF	80.65	37334
GCF	81.41	27606
GCF	82.16	21937
GCF	82.66	17957
GCF	83.42	14281
GCF	84.17	11604
GCF	84.67	9692
GCF	85.43	8593
GCF	86.18	7616
GCF	86.68	6873
GCF	87.44	6376
GCF	88.19	6033
GCF	88.69	5653
GCF	89.45	5042
GCF	90.20	4678
GCF	90.70	4189
GCF	91.46	3798
GCF	92.21	3235
GCF	92.71	2708
GCF	93.47	1979
GCF	94.22	1506
GCF	94.72	1108
GCF	95.48	763
GCF	96.23	560
GCF	96.73	403
GCF	97.49	341
GCF	98.24	203
GCF	98.74	215
GCF	99.50	52
# GC Content of last fragments. Use `grep ^GCL | cut -f 2-` to extract this part.
GCL	0.25	804
GCL	0.75	1554
GCL	1.26	3171
GCL	1.76	4456
GCL	2.26	5460
GCL	2.76	7880
GCL	3.27	9226
GCL	3.77	11290
GCL	4.27	12392
GCL	4.77	14589
GCL	5.28	15605
GCL	5.78	17454
GCL	6.28	18297
GCL	6.78	19298
GCL	7.29	20879
GCL	7.79	22085
GCL	8.29	22806
GCL	8.79	23209
GCL	9.30	24575
GCL	10.05	25478
GCL	10.80	26306
GCL	11.31	27719
GCL	12.06	29644
GCL	12.81	31936
GCL	13.32	35147
GCL	13.82	36988
GCL	14.32	39376
GCL	14.82	44667
GCL	15.33	48517
GCL	15.83	58540
GCL	16.33	64170
GCL	16.83	79960
GCL	17.34	89842
GCL	17.84	114574
GCL	18.34	130093
GCL	18.84	148301
GCL	19.35	194504
GCL	19.85	255672
GCL	20.35	291526
GCL	20.85	332997
GCL	21.36	432178
GCL	22.11	555304
GCL	22.86	702392
GCL	23.37	877017
GCL	24.12	1079692
GCL	24.87	1310665
GCL	25.38	1562426
GCL	25.88	1710722
GCL	26.38	1839923
GCL	26.88	2134188
GCL	27.39	2299893
GCL	27.89	2611578
GCL	28.39	2754325
GCL	28.89	3068634
GCL	29.40	3237874
GCL	29.90	3544065
GCL	30.40	3680022
GCL	30.90	3841351
GCL	31.41	4114474
GCL	31.91	4372532
GCL	32.41	4477082
GCL	32.91	4603414
GCL	33.42	4819923
GCL	33.92	5014737
GCL	34.42	5118492
GCL	34.92	5198073
GCL	35.43	5367290
GCL	35.93	5558483
GCL	36.43	5671534
GCL	36.93	5763666
GCL	37.44	5976770
GCL	37.94	6094810
GCL	38.44	6309508
GCL	38.94	6402600
GCL	39.45	6523688
GCL	39.95	6664325
GCL	40.45	6723154
GCL	40.95	6709702
GCL	41.46	6685709
GCL	41.96	6549823
GCL	42.71	6330302
GCL	43.47	6095479
GCL	43.97	5862530
GCL	44.72	5657884
GCL	45.48	5546766
GCL	45.98	5463965
GCL	46.48	5409182
GCL	46.98	5359770
GCL	47.49	5238367
GCL	47.99	5086908
GCL	48.49	4984691
GCL	48.99	4879190
GCL	49.50	4671203
GCL	50.00	4547883
GCL	50.50	4364870
GCL	51.01	4293230
GCL	51.51	4212608
GCL	52.01	4069967
GCL	52.51	3923575
GCL	53.02	3838745
GCL	53.52	3742622
GCL	54.02	3547075
GCL	54.77	3327825
GCL	55.53	3088215
GCL	56.03	2823737
GCL	56.78	2606673
GCL	57.54	2479597
GCL	58.04	2376831
GCL	58.54	2327016
GCL	59.05	2268097
GCL	59.55	2149677
GCL	60.05	2013477
GCL	60.55	1969232
GCL	61.06	1911792
GCL	61.56	1804051
GCL	62.06	1685247
GCL	62.56	1462122
GCL	63.07	1346776
GCL	63.57	1237222
GCL	64.07	1104884
GCL	64.57	1066007
GCL	65.08	1056050
GCL	65.58	1025723
GCL	66.08	974226
GCL	66.58	939250
GCL	67.09	885588
GCL	67.59	851548
GCL	68.09	715865
GCL	68.59	561919
GCL	69.10	505762
GCL	69.60	456722
GCL	70.10	387200
GCL	70.60	356758
GCL	71.11	300705
GCL	71.61	280064
GCL	72.11	232694
GCL	72.61	211309
GCL	73.12	177472
GCL	73.62	166074
GCL	74.12	151601
GCL	74.62	131538
GCL	75.38	116954
GCL	76.13	104608
GCL	76.63	96786
GCL	77.39	90040
GCL	78.14	83987
GCL	78.64	77267
GCL	79.15	73708
GCL	79.65	70925
GCL	80.15	62164
GCL	80.65	51154
GCL	81.16	45613
GCL	81.66	41863
GCL	82.16	35238
GCL	82.66	32618
GCL	83.17	28954
GCL	83.67	27559
GCL	84.17	25161
GCL	84.67	23974
GCL	85.18	22659
GCL	85.68	21953
GCL	86.18	21326
GCL	86.68	20551
GCL	87.44	20531
GCL	88.19	19999
GCL	88.69	19651
GCL	89.45	19706
GCL	90.20	19665
GCL	90.70	19698
GCL	91.21	19451
GCL	91.71	19386
GCL	92.21	19689
GCL	92.71	19842
GCL	93.22	19995
GCL	93.72	20145
GCL	94.22	20055
GCL	94.72	20332
GCL	95.23	21376
GCL	95.73	21872
GCL	96.23	23517
GCL	96.73	24549
GCL	97.24	27417
GCL	97.74	29240
GCL	98.24	31859
GCL	98.74	40459
GCL	99.50	60971
# ACGT content per cycle. Use `grep ^GCC | cut -f 2-` to extract this part. The columns are: cycle; A,C,G,T base counts as a percentage of all A/C/G/T bases [%]; and N and O counts as a percentage of all A/C/G/T bases [%]
GCC	1	29.89	20.11	20.08	29.91	0.00	0.00
GCC	2	29.24	20.74	20.74	29.28	0.00	0.00
GCC	3	28.64	21.33	21.34	28.69	0.00	0.00
GCC	4	28.46	21.53	21.52	28.50	0.00	0.00
GCC	5	28.72	21.27	21.26	28.75	0.00	0.00
GCC	6	28.30	21.68	21.68	28.34	0.00	0.00
GCC	7	28.44	21.54	21.52	28.49	0.00	0.00
GCC	8	28.50	21.50	21.48	28.52	0.00	0.00
GCC	9	28.55	21.44	21.42	28.59	0.00	0.00
GCC	10	28.43	21.56	21.54	28.46	0.00	0.00
GCC	11	28.48	21.52	21.49	28.50	0.00	0.00
GCC	12	28.51	21.50	21.46	28.53	0.00	0.00
GCC	13	28.58	21.44	21.40	28.59	0.00	0.00
GCC	14	28.58	21.42	21.39	28.60	0.00	0.00
GCC	15	28.58	21.42	21.39	28.60	0.00	0.00
GCC	16	28.57	21.45	21.41	28.58	0.00	0.00
GCC	17	28.54	21.47	21.43	28.55	0.00	0.00
GCC	18	28.50	21.52	21.47	28.51	0.00	0.00
GCC	19	28.52	21.49	21.46	28.53	0.00	0.00
GCC	20	28.44	21.58	21.54	28.44	0.00	0.00
GCC	21	28.42	21.60	21.56	28.41	0.00	0.00
GCC	22	28.41	21.62	21.57	28.41	0.00	0.00
GCC	23	28.35	21.67	21.62	28.36	0.00	0.00
GCC	24	28.38	21.64	21.60	28.38	0.00	0.00
GCC	25	28.33	21.69	21.64	28.33	0.00	0.00
GCC	26	28.31	21.71	21.67	28.31	0.00	0.00
GCC	27	28.33	21.69	21.65	28.33	0.00	0.00
GCC	28	28.30	21.73	21.69	28.29	0.00	0.00
GCC	29	28.32	21.70	21.65	28.32	0.00	0.00
GCC	30	28.27	21.74	21.70	28.28	0.00	0.00
GCC	31	28.27	21.75	21.71	28.28	0.00	0.00
GCC	32	28.27	21.75	21.72	28.27	0.00	0.00
GCC	33	28.26	21.76	21.72	28.26	0.01	0.00
GCC	34	28.23	21.79	21.75	28.23	0.00	0.00
GCC	35	28.25	21.78	21.73	28.25	0.00	0.00
GCC	36	28.24	21.78	21.73	28.25	0.00	0.00
GCC	37	28.23	21.80	21.75	28.22	0.00	0.00
GCC	38	28.27	21.75	21.70	28.27	0.00	0.00
GCC	39	28.24	21.79	21.73	28.24	0.00	0.00
GCC	40	28.24	21.79	21.74	28.23	0.00	0.00
GCC	41	28.22	21.81	21.75	28.22	0.02	0.00
GCC	42	28.23	21.79	21.75	28.23	0.00	0.00
GCC	43	28.22	21.81	21.76	28.22	0.00	0.00
GCC	44	28.25	21.78	21.72	28.24	0.00	0.00
GCC	45	28.22	21.81	21.75	28.21	0.00	0.00
GCC	46	28.20	21.83	21.78	28.20	0.00	0.00
GCC	47	28.22	21.80	21.76	28.22	0.00	0.00
GCC	48	28.22	21.81	21.75	28.22	0.00	0.00
GCC	49	28.21	21.82	21.77	28.20	0.00	0.00
GCC	50	28.24	21.79	21.73	28.23	0.00	0.00
GCC	51	28.20	21.83	21.78	28.19	0.00	0.00
GCC	52	28.21	21.82	21.77	28.20	0.00	0.00
GCC	53	28.22	21.81	21.76	28.21	0.00	0.00
GCC	54	28.22	21.82	21.76	28.20	0.00	0.00
GCC	55	28.22	21.81	21.76	28.21	0.00	0.00
GCC	56	28.21	21.82	21.77	28.20	0.00	0.00
GCC	57	28.20	21.84	21.78	28.19	0.00	0.00
GCC	58	28.18	21.85	21.79	28.18	0.00	0.00
GCC	59	28.22	21.82	21.76	28.20	0.00	0.00
GCC	60	28.21	21.82	21.78	28.19	0.00	0.00
GCC	61	28.20	21.84	21.79	28.18	0.01	0.00
GCC	62	28.22	21.81	21.76	28.21	0.00	0.00
GCC	63	28.19	21.84	21.79	28.18	0.00	0.00
GCC	64	28.18	21.85	21.80	28.17	0.00	0.00
GCC	65	28.20	21.83	21.78	28.19	0.00	0.00
GCC	66	28.19	21.85	21.80	28.17	0.00	0.00
GCC	67	28.19	21.83	21.79	28.18	0.00	0.00
GCC	68	28.18	21.85	21.80	28.17	0.00	0.00
GCC	69	28.17	21.87	21.81	28.15	0.00	0.00
GCC	70	28.20	21.83	21.78	28.19	0.00	0.00
GCC	71	28.18	21.85	21.80	28.17	0.00	0.00
GCC	72	28.18	21.85	21.80	28.17	0.00	0.00
GCC	73	28.18	21.85	21.80	28.17	0.00	0.00
GCC	74	28.18	21.86	21.80	28.16	0.00	0.00
GCC	75	28.19	21.84	21.79	28.18	0.00	0.00
GCC	76	28.18	21.85	21.80	28.17	0.00	0.00
GCC	77	28.18	21.85	21.80	28.17	0.00	0.00
GCC	78	28.18	21.85	21.80	28.17	0.00	0.00
GCC	79	28.18	21.85	21.81	28.16	0.00	0.00
GCC	80	28.16	21.87	21.82	28.15	0.00	0.00
GCC	81	28.17	21.86	21.80	28.16	0.00	0.00
GCC	82	28.17	21.87	21.81	28.15	0.00	0.00
GCC	83	28.17	21.87	21.82	28.15	0.00	0.00
GCC	84	28.16	21.88	21.82	28.14	0.00	0.00
GCC	85	28.16	21.88	21.82	28.14	0.00	0.00
GCC	86	28.17	21.87	21.81	28.15	0.00	0.00
GCC	87	28.17	21.87	21.81	28.15	0.00	0.00
GCC	88	28.14	21.89	21.83	28.13	0.00	0.00
GCC	89	28.15	21.88	21.82	28.14	0.00	0.00
GCC	90	28.15	21.89	21.83	28.13	0.00	0.00
GCC	91	28.14	21.90	21.83	28.13	0.00	0.00
GCC	92	28.15	21.89	21.83	28.13	0.00	0.00
GCC	93	28.17	21.87	21.81	28.15	0.00	0.00
GCC	94	28.15	21.88	21.83	28.14	0.00	0.00
GCC	95	28.14	21.89	21.84	28.13	0.00	0.00
GCC	96	28.15	21.88	21.82	28.14	0.00	0.00
GCC	97	28.15	21.89	21.82	28.14	0.00	0.00
GCC	98	28.16	21.87	21.81	28.16	0.00	0.00
GCC	99	28.15	21.89	21.82	28.14	0.00	0.00
GCC	100	28.14	21.90	21.84	28.13	0.00	0.00
GCC	101	28.14	21.90	21.84	28.13	0.00	0.00
GCC	102	28.15	21.88	21.83	28.14	0.00	0.00
GCC	103	28.13	21.91	21.85	28.11	0.00	0.00
GCC	104	28.14	21.90	21.83	28.13	0.00	0.00
GCC	105	28.13	21.90	21.85	28.12	0.00	0.00
GCC	106	28.13	21.91	21.84	28.12	0.00	0.00
GCC	107	28.16	21.88	21.82	28.14	0.00	0.00
GCC	108	28.14	21.90	21.83	28.13	0.00	0.00
GCC	109	28.14	21.90	21.84	28.12	0.00	0.00
GCC	110	28.15	21.90	21.83	28.13	0.00	0.00
GCC	111	28.14	21.90	21.83	28.12	0.00	0.00
GCC	112	28.14	21.91	21.84	28.11	0.00	0.00
GCC	113	28.13	21.92	21.84	28.11	0.00	0.00
GCC	114	28.12	21.92	21.86	28.10	0.00	0.00
GCC	115	28.12	21.91	21.85	28.11	0.00	0.00
GCC	116	28.14	21.90	21.83	28.13	0.00	0.00
GCC	117	28.11	21.94	21.86	28.09	0.00	0.00
GCC	118	28.11	21.93	21.86	28.10	0.00	0.00
GCC	119	28.13	21.91	21.84	28.12	0.00	0.00
GCC	120	28.13	21.92	21.84	28.11	0.00	0.00
GCC	121	28.12	21.92	21.86	28.11	0.00	0.00
GCC	122	28.13	21.92	21.85	28.11	0.00	0.00
GCC	123	28.12	21.92	21.85	28.11	0.00	0.00
GCC	124	28.11	21.93	21.86	28.10	0.00	0.00
GCC	125	28.12	21.93	21.85	28.10	0.00	0.00
GCC	126	28.11	21.93	21.85	28.10	0.00	0.00
GCC	127	28.09	21.96	21.88	28.07	0.00	0.00
GCC	128	28.11	21.93	21.86	28.09	0.00	0.00
GCC	129	28.10	21.94	21.87	28.09	0.00	0.00
GCC	130	28.10	21.94	21.87	28.10	0.00	0.00
GCC	131	28.10	21.96	21.88	28.07	0.00	0.00
GCC	132	28.09	21.95	21.88	28.08	0.00	0.00
GCC	133	28.10	21.95	21.88	28.08	0.00	0.00
GCC	134	28.09	21.95	21.88	28.08	0.00	0.00
GCC	135	28.08	21.96	21.88	28.08	0.00	0.00
GCC	136	28.07	21.97	21.90	28.06	0.00	0.00
GCC	137	28.07	21.98	21.90	28.05	0.00	0.00
GCC	138	28.07	21.97	21.90	28.06	0.00	0.00
GCC	139	28.08	21.96	21.89	28.07	0.00	0.00
GCC	140	28.08	21.96	21.89	28.07	0.00	0.00
GCC	141	28.07	21.97	21.90	28.06	0.00	0.00
GCC	142	28.06	21.97	21.91	28.06	0.00	0.00
GCC	143	28.05	21.98	21.92	28.05	0.00	0.00
GCC	144	28.06	21.97	21.91	28.06	0.00	0.00
GCC	145	28.05	21.98	21.92	28.05	0.00	0.00
GCC	146	28.04	21.98	21.92	28.05	0.00	0.00
GCC	147	28.03	22.00	21.94	28.03	0.00	0.00
GCC	148	28.03	22.01	21.95	28.02	0.00	0.00
GCC	149	28.03	22.00	21.94	28.03	0.00	0.00
GCC	150	28.03	22.00	21.95	28.02	0.03	0.00
# ACGT content per cycle, read oriented. Use `grep ^GCT | cut -f 2-` to extract this part. The columns are: cycle; A,C,G,T base counts as a percentage of all A/C/G/T bases [%]
GCT	1	30.52	22.30	17.89	29.28
GCT	2	30.20	20.08	21.40	28.32
GCT	3	28.98	21.28	21.39	28.35
GCT	4	28.21	21.58	21.47	28.74
GCT	5	28.44	20.66	21.87	29.03
GCT	6	28.58	21.35	22.01	28.06
GCT	7	28.44	20.77	22.30	28.50
GCT	8	28.50	21.26	21.72	28.52
GCT	9	28.25	21.36	21.50	28.88
GCT	10	28.46	21.42	21.69	28.43
GCT	11	28.41	21.45	21.57	28.57
GCT	12	28.55	21.44	21.52	28.49
GCT	13	28.65	21.30	21.54	28.52
GCT	14	28.67	21.27	21.55	28.52
GCT	15	28.59	21.37	21.45	28.59
GCT	16	28.52	21.29	21.57	28.62
GCT	17	28.53	21.37	21.54	28.56
GCT	18	28.48	21.48	21.51	28.53
GCT	19	28.42	21.38	21.57	28.63
GCT	20	28.40	21.47	21.65	28.49
GCT	21	28.47	21.48	21.68	28.36
GCT	22	28.41	21.52	21.67	28.40
GCT	23	28.30	21.65	21.64	28.41
GCT	24	28.37	21.55	21.68	28.39
GCT	25	28.31	21.56	21.77	28.36
GCT	26	28.29	21.62	21.76	28.33
GCT	27	28.28	21.62	21.72	28.38
GCT	28	28.30	21.68	21.74	28.29
GCT	29	28.35	21.63	21.73	28.30
GCT	30	28.28	21.63	21.81	28.28
GCT	31	28.29	21.64	21.82	28.25
GCT	32	28.32	21.67	21.79	28.21
GCT	33	28.31	21.61	21.87	28.21
GCT	34	28.29	21.63	21.90	28.18
GCT	35	28.30	21.65	21.86	28.19
GCT	36	28.28	21.62	21.89	28.21
GCT	37	28.29	21.64	21.91	28.16
GCT	38	28.34	21.62	21.83	28.20
GCT	39	28.31	21.66	21.86	28.17
GCT	40	28.35	21.67	21.86	28.12
GCT	41	28.30	21.69	21.87	28.14
GCT	42	28.24	21.71	21.84	28.21
GCT	43	28.30	21.73	21.83	28.14
GCT	44	28.38	21.68	21.83	28.12
GCT	45	28.28	21.68	21.89	28.15
GCT	46	28.30	21.75	21.85	28.09
GCT	47	28.32	21.70	21.86	28.12
GCT	48	28.29	21.65	21.91	28.15
GCT	49	28.29	21.69	21.90	28.12
GCT	50	28.33	21.63	21.89	28.15
GCT	51	28.30	21.72	21.89	28.09
GCT	52	28.33	21.71	21.88	28.08
GCT	53	28.32	21.67	21.90	28.11
GCT	54	28.30	21.67	21.91	28.12
GCT	55	28.35	21.68	21.89	28.08
GCT	56	28.34	21.68	21.91	28.07
GCT	57	28.30	21.70	21.91	28.08
GCT	58	28.32	21.73	21.90	28.04
GCT	59	28.32	21.69	21.89	28.10
GCT	60	28.30	21.71	21.89	28.10
GCT	61	28.31	21.73	21.90	28.07
GCT	62	28.32	21.66	21.91	28.11
GCT	63	28.31	21.69	21.94	28.06
GCT	64	28.33	21.70	21.96	28.02
GCT	65	28.32	21.68	21.93	28.07
GCT	66	28.31	21.69	21.96	28.05
GCT	67	28.35	21.68	21.94	28.03
GCT	68	28.32	21.69	21.96	28.03
GCT	69	28.28	21.77	21.91	28.04
GCT	70	28.34	21.70	21.91	28.05
GCT	71	28.31	21.66	21.98	28.04
GCT	72	28.31	21.71	21.93	28.04
GCT	73	28.32	21.72	21.93	28.04
GCT	74	28.35	21.71	21.94	27.99
GCT	75	28.36	21.70	21.93	28.01
GCT	76	28.32	21.68	21.97	28.03
GCT	77	28.30	21.68	21.97	28.05
GCT	78	28.31	21.72	21.94	28.04
GCT	79	28.32	21.69	21.97	28.02
GCT	80	28.30	21.68	22.01	28.01
GCT	81	28.33	21.67	22.00	28.00
GCT	82	28.34	21.67	22.01	27.98
GCT	83	28.31	21.69	21.99	28.00
GCT	84	28.29	21.71	21.99	28.01
GCT	85	28.31	21.71	21.99	27.99
GCT	86	28.33	21.72	21.96	27.99
GCT	87	28.28	21.71	21.97	28.04
GCT	88	28.26	21.69	22.03	28.02
GCT	89	28.32	21.70	22.01	27.98
GCT	90	28.30	21.72	21.99	27.99
GCT	91	28.27	21.73	22.00	27.99
GCT	92	28.27	21.74	21.98	28.01
GCT	93	28.31	21.66	22.02	28.00
GCT	94	28.31	21.67	22.04	27.98
GCT	95	28.27	21.73	22.01	27.99
GCT	96	28.30	21.72	21.98	27.99
GCT	97	28.32	21.71	21.99	27.98
GCT	98	28.32	21.69	21.99	28.00
GCT	99	28.27	21.67	22.04	28.02
GCT	100	28.28	21.72	22.01	27.99
GCT	101	28.31	21.72	22.02	27.95
GCT	102	28.31	21.72	22.00	27.97
GCT	103	28.27	21.75	22.01	27.97
GCT	104	28.30	21.71	22.02	27.97
GCT	105	28.29	21.69	22.06	27.95
GCT	106	28.30	21.69	22.06	27.96
GCT	107	28.31	21.65	22.05	27.99
GCT	108	28.30	21.67	22.06	27.97
GCT	109	28.31	21.67	22.07	27.95
GCT	110	28.30	21.68	22.05	27.97
GCT	111	28.29	21.69	22.04	27.97
GCT	112	28.32	21.70	22.05	27.93
GCT	113	28.33	21.72	22.03	27.91
GCT	114	28.30	21.74	22.03	27.93
GCT	115	28.29	21.72	22.04	27.95
GCT	116	28.32	21.66	22.08	27.95
GCT	117	28.28	21.69	22.10	27.92
GCT	118	28.29	21.71	22.08	27.93
GCT	119	28.30	21.69	22.06	27.95
GCT	120	28.29	21.68	22.08	27.95
GCT	121	28.29	21.69	22.09	27.93
GCT	122	28.29	21.68	22.09	27.94
GCT	123	28.27	21.71	22.06	27.96
GCT	124	28.29	21.69	22.10	27.92
GCT	125	28.29	21.70	22.08	27.93
GCT	126	28.26	21.70	22.09	27.95
GCT	127	28.26	21.73	22.11	27.90
GCT	128	28.28	21.68	22.11	27.93
GCT	129	28.26	21.70	22.12	27.92
GCT	130	28.28	21.66	22.14	27.92
GCT	131	28.28	21.69	22.15	27.88
GCT	132	28.27	21.69	22.14	27.90
GCT	133	28.25	21.70	22.12	27.92
GCT	134	28.27	21.71	22.12	27.90
GCT	135	28.27	21.71	22.13	27.89
GCT	136	28.25	21.71	22.16	27.87
GCT	137	28.24	21.70	22.17	27.89
GCT	138	28.23	21.71	22.16	27.90
GCT	139	28.26	21.69	22.17	27.88
GCT	140	28.26	21.64	22.20	27.89
GCT	141	28.24	21.67	22.19	27.90
GCT	142	28.22	21.73	22.15	27.89
GCT	143	28.22	21.75	22.15	27.88
GCT	144	28.22	21.73	22.15	27.90
GCT	145	28.21	21.73	22.18	27.88
GCT	146	28.20	21.74	22.17	27.89
GCT	147	28.17	21.76	22.17	27.89
GCT	148	28.18	21.76	22.19	27.87
GCT	149	28.18	21.72	22.22	27.88
GCT	150	28.21	21.70	22.25	27.84
# ACGT content per cycle for first fragments. Use `grep ^FBC | cut -f 2-` to extract this part. The columns are: cycle; A,C,G,T base counts as a percentage of all A/C/G/T bases [%]; and N and O counts as a percentage of all A/C/G/T bases [%]
FBC	1	29.86	20.13	20.12	29.89	0.00	0.00
FBC	2	29.30	20.68	20.68	29.34	0.00	0.00
FBC	3	28.75	21.22	21.23	28.80	0.01	0.00
FBC	4	28.63	21.36	21.35	28.66	0.00	0.00
FBC	5	28.80	21.17	21.18	28.85	0.00	0.00
FBC	6	28.43	21.54	21.55	28.48	0.00	0.00
FBC	7	28.57	21.40	21.41	28.62	0.00	0.00
FBC	8	28.58	21.41	21.40	28.61	0.00	0.00
FBC	9	28.63	21.34	21.35	28.67	0.00	0.00
FBC	10	28.51	21.47	21.48	28.55	0.00	0.00
FBC	11	28.55	21.43	21.43	28.58	0.00	0.00
FBC	12	28.57	21.41	21.42	28.60	0.00	0.00
FBC	13	28.63	21.36	21.36	28.65	0.00	0.00
FBC	14	28.63	21.34	21.36	28.67	0.00	0.00
FBC	15	28.62	21.35	21.36	28.66	0.00	0.00
FBC	16	28.62	21.37	21.37	28.64	0.00	0.00
FBC	17	28.59	21.39	21.40	28.62	0.00	0.00
FBC	18	28.54	21.44	21.45	28.57	0.00	0.00
FBC	19	28.55	21.43	21.44	28.59	0.00	0.00
FBC	20	28.48	21.51	21.52	28.50	0.00	0.00
FBC	21	28.45	21.53	21.55	28.47	0.00	0.00
FBC	22	28.43	21.55	21.56	28.46	0.00	0.00
FBC	23	28.38	21.60	21.61	28.42	0.00	0.00
FBC	24	28.41	21.57	21.58	28.44	0.00	0.00
FBC	25	28.35	21.62	21.63	28.39	0.00	0.00
FBC	26	28.34	21.64	21.65	28.37	0.00	0.00
FBC	27	28.35	21.63	21.63	28.39	0.00	0.00
FBC	28	28.32	21.66	21.67	28.35	0.00	0.00
FBC	29	28.34	21.64	21.64	28.38	0.00	0.00
FBC	30	28.29	21.68	21.69	28.33	0.00	0.00
FBC	31	28.28	21.69	21.70	28.33	0.00	0.00
FBC	32	28.29	21.68	21.71	28.33	0.00	0.00
FBC	33	28.28	21.70	21.71	28.32	0.01	0.00
FBC	34	28.24	21.73	21.74	28.28	0.00	0.00
FBC	35	28.26	21.72	21.72	28.30	0.00	0.00
FBC	36	28.26	21.72	21.73	28.30	0.00	0.00
FBC	37	28.24	21.74	21.75	28.28	0.00	0.00
FBC	38	28.29	21.69	21.70	28.33	0.00	0.00
FBC	39	28.25	21.73	21.73	28.29	0.00	0.00
FBC	40	28.25	21.73	21.74	28.28	0.00	0.00
FBC	41	28.24	21.75	21.75	28.26	0.04	0.00
FBC	42	28.23	21.74	21.75	28.28	0.00	0.00
FBC	43	28.22	21.75	21.76	28.26	0.00	0.00
FBC	44	28.26	21.72	21.72	28.30	0.00	0.00
FBC	45	28.23	21.75	21.76	28.26	0.00	0.00
FBC	46	28.21	21.78	21.78	28.24	0.00	0.00
FBC	47	28.23	21.74	21.75	28.28	0.00	0.00
FBC	48	28.22	21.75	21.76	28.27	0.00	0.00
FBC	49	28.21	21.77	21.77	28.25	0.00	0.00
FBC	50	28.25	21.73	21.73	28.29	0.00	0.00
FBC	51	28.21	21.78	21.78	28.24	0.00	0.00
FBC	52	28.21	21.77	21.77	28.25	0.00	0.00
FBC	53	28.22	21.76	21.76	28.26	0.00	0.00
FBC	54	28.22	21.77	21.77	28.25	0.00	0.00
FBC	55	28.22	21.76	21.76	28.26	0.00	0.00
FBC	56	28.21	21.77	21.77	28.25	0.00	0.00
FBC	57	28.19	21.79	21.79	28.23	0.00	0.00
FBC	58	28.18	21.80	21.80	28.22	0.00	0.00
FBC	59	28.22	21.77	21.77	28.25	0.00	0.00
FBC	60	28.21	21.77	21.78	28.24	0.00	0.00
FBC	61	28.20	21.79	21.80	28.22	0.01	0.00
FBC	62	28.21	21.76	21.77	28.26	0.00	0.00
FBC	63	28.19	21.78	21.80	28.22	0.00	0.00
FBC	64	28.18	21.80	21.81	28.21	0.00	0.00
FBC	65	28.20	21.78	21.78	28.24	0.00	0.00
FBC	66	28.18	21.79	21.81	28.21	0.00	0.00
FBC	67	28.19	21.79	21.80	28.22	0.00	0.00
FBC	68	28.18	21.80	21.81	28.21	0.00	0.00
FBC	69	28.17	21.82	21.82	28.20	0.00	0.00
FBC	70	28.20	21.78	21.79	28.23	0.00	0.00
FBC	71	28.18	21.80	21.81	28.21	0.00	0.00
FBC	72	28.17	21.80	21.81	28.22	0.00	0.00
FBC	73	28.18	21.80	21.81	28.22	0.00	0.00
FBC	74	28.18	21.81	21.81	28.21	0.00	0.00
FBC	75	28.19	21.79	21.80	28.22	0.00	0.00
FBC	76	28.17	21.80	21.81	28.22	0.00	0.00
FBC	77	28.18	21.80	21.81	28.22	0.00	0.00
FBC	78	28.17	21.80	21.82	28.21	0.00	0.00
FBC	79	28.17	21.81	21.82	28.21	0.00	0.00
FBC	80	28.16	21.82	21.82	28.20	0.00	0.00
FBC	81	28.17	21.81	21.81	28.21	0.00	0.00
FBC	82	28.16	21.81	21.83	28.20	0.00	0.00
FBC	83	28.16	21.82	21.82	28.19	0.00	0.00
FBC	84	28.15	21.83	21.83	28.19	0.00	0.00
FBC	85	28.15	21.83	21.83	28.18	0.00	0.00
FBC	86	28.16	21.82	21.82	28.20	0.00	0.00
FBC	87	28.15	21.82	21.83	28.19	0.00	0.00
FBC	88	28.14	21.84	21.85	28.17	0.00	0.00
FBC	89	28.15	21.83	21.84	28.18	0.00	0.00
FBC	90	28.15	21.83	21.84	28.18	0.00	0.00
FBC	91	28.14	21.85	21.85	28.16	0.00	0.00
FBC	92	28.14	21.84	21.84	28.17	0.00	0.00
FBC	93	28.16	21.82	21.83	28.19	0.00	0.00
FBC	94	28.14	21.83	21.85	28.18	0.00	0.00
FBC	95	28.13	21.84	21.85	28.18	0.00	0.00
FBC	96	28.15	21.84	21.83	28.19	0.00	0.00
FBC	97	28.14	21.84	21.84	28.18	0.00	0.00
FBC	98	28.17	21.81	21.82	28.20	0.00	0.00
FBC	99	28.14	21.83	21.84	28.19	0.00	0.00
FBC	100	28.13	21.85	21.85	28.17	0.00	0.00
FBC	101	28.13	21.84	21.85	28.17	0.00	0.00
FBC	102	28.14	21.83	21.85	28.17	0.00	0.00
FBC	103	28.12	21.86	21.87	28.15	0.00	0.00
FBC	104	28.14	21.84	21.85	28.17	0.00	0.00
FBC	105	28.13	21.85	21.86	28.16	0.00	0.00
FBC	106	28.13	21.86	21.85	28.16	0.00	0.00
FBC	107	28.15	21.83	21.83	28.19	0.00	0.00
FBC	108	28.14	21.85	21.84	28.17	0.00	0.00
FBC	109	28.14	21.84	21.85	28.17	0.00	0.00
FBC	110	28.14	21.84	21.84	28.17	0.00	0.00
FBC	111	28.13	21.85	21.85	28.17	0.00	0.00
FBC	112	28.13	21.86	21.85	28.16	0.00	0.00
FBC	113	28.13	21.86	21.86	28.15	0.00	0.00
FBC	114	28.12	21.86	21.87	28.15	0.00	0.00
FBC	115	28.12	21.86	21.87	28.16	0.00	0.00
FBC	116	28.13	21.84	21.85	28.17	0.00	0.00
FBC	117	28.10	21.88	21.88	28.14	0.00	0.00
FBC	118	28.11	21.87	21.87	28.15	0.00	0.00
FBC	119	28.13	21.85	21.85	28.16	0.00	0.00
FBC	120	28.12	21.86	21.86	28.15	0.00	0.00
FBC	121	28.11	21.87	21.87	28.15	0.00	0.00
FBC	122	28.12	21.86	21.87	28.15	0.00	0.00
FBC	123	28.12	21.87	21.86	28.15	0.00	0.00
FBC	124	28.11	21.87	21.88	28.14	0.00	0.00
FBC	125	28.11	21.87	21.87	28.15	0.00	0.00
FBC	126	28.11	21.88	21.87	28.15	0.00	0.00
FBC	127	28.09	21.90	21.89	28.12	0.00	0.00
FBC	128	28.11	21.88	21.88	28.14	0.00	0.00
FBC	129	28.10	21.88	21.88	28.14	0.00	0.00
FBC	130	28.10	21.88	21.88	28.15	0.00	0.00
FBC	131	28.10	21.89	21.89	28.13	0.00	0.00
FBC	132	28.09	21.89	21.89	28.13	0.00	0.00
FBC	133	28.10	21.89	21.89	28.13	0.00	0.00
FBC	134	28.09	21.89	21.88	28.14	0.00	0.00
FBC	135	28.08	21.89	21.90	28.13	0.00	0.00
FBC	136	28.08	21.91	21.91	28.11	0.00	0.00
FBC	137	28.08	21.91	21.90	28.11	0.00	0.00
FBC	138	28.08	21.91	21.90	28.11	0.00	0.00
FBC	139	28.08	21.90	21.90	28.12	0.00	0.00
FBC	140	28.09	21.90	21.89	28.12	0.00	0.00
FBC	141	28.08	21.91	21.90	28.11	0.00	0.00
FBC	142	28.08	21.91	21.89	28.12	0.00	0.00
FBC	143	28.08	21.91	21.90	28.11	0.00	0.00
FBC	144	28.09	21.90	21.90	28.11	0.00	0.00
FBC	145	28.07	21.91	21.91	28.11	0.00	0.00
FBC	146	28.07	21.92	21.90	28.11	0.00	0.00
FBC	147	28.06	21.93	21.92	28.09	0.00	0.00
FBC	148	28.06	21.94	21.93	28.08	0.00	0.00
FBC	149	28.06	21.93	21.92	28.09	0.00	0.00
FBC	150	28.05	21.93	21.93	28.09	0.00	0.00
# ACGT raw counters for first fragments. Use `grep ^FTC | cut -f 2-` to extract this part. The columns are: A,C,G,T,N base counters
FTC	10661389809	8205923347	8207485604	10674609038	238852
# ACGT content per cycle for last fragments. Use `grep ^LBC | cut -f 2-` to extract this part. The columns are: cycle; A,C,G,T base counts as a percentage of all A/C/G/T bases [%]; and N and O counts as a percentage of all A/C/G/T bases [%]
LBC	1	29.92	20.09	20.04	29.94	0.00	0.00
LBC	2	29.18	20.80	20.80	29.21	0.00	0.00
LBC	3	28.53	21.44	21.44	28.59	0.00	0.00
LBC	4	28.29	21.70	21.68	28.33	0.00	0.00
LBC	5	28.63	21.37	21.35	28.65	0.00	0.00
LBC	6	28.17	21.82	21.80	28.21	0.00	0.00
LBC	7	28.32	21.68	21.64	28.36	0.00	0.00
LBC	8	28.41	21.60	21.55	28.44	0.00	0.00
LBC	9	28.47	21.54	21.49	28.50	0.00	0.00
LBC	10	28.36	21.65	21.61	28.38	0.00	0.00
LBC	11	28.41	21.62	21.55	28.42	0.00	0.00
LBC	12	28.45	21.58	21.51	28.46	0.00	0.00
LBC	13	28.53	21.51	21.43	28.53	0.00	0.00
LBC	14	28.53	21.50	21.43	28.53	0.00	0.00
LBC	15	28.54	21.50	21.42	28.54	0.00	0.00
LBC	16	28.51	21.53	21.45	28.51	0.00	0.00
LBC	17	28.50	21.56	21.47	28.48	0.00	0.00
LBC	18	28.46	21.59	21.50	28.45	0.00	0.00
LBC	19	28.48	21.56	21.48	28.48	0.00	0.00
LBC	20	28.41	21.65	21.56	28.38	0.00	0.00
LBC	21	28.39	21.67	21.58	28.36	0.00	0.00
LBC	22	28.38	21.68	21.58	28.35	0.00	0.00
LBC	23	28.33	21.73	21.64	28.30	0.00	0.00
LBC	24	28.36	21.71	21.61	28.32	0.00	0.00
LBC	25	28.31	21.76	21.65	28.28	0.00	0.00
LBC	26	28.28	21.78	21.69	28.25	0.00	0.00
LBC	27	28.31	21.76	21.66	28.27	0.00	0.00
LBC	28	28.28	21.80	21.70	28.23	0.00	0.00
LBC	29	28.30	21.76	21.66	28.27	0.00	0.00
LBC	30	28.26	21.80	21.71	28.24	0.00	0.00
LBC	31	28.26	21.81	21.71	28.22	0.00	0.00
LBC	32	28.25	21.82	21.72	28.21	0.00	0.00
LBC	33	28.24	21.83	21.73	28.21	0.00	0.00
LBC	34	28.22	21.84	21.75	28.19	0.00	0.00
LBC	35	28.23	21.84	21.74	28.19	0.00	0.00
LBC	36	28.23	21.84	21.73	28.20	0.00	0.00
LBC	37	28.21	21.86	21.76	28.17	0.00	0.00
LBC	38	28.26	21.82	21.70	28.22	0.00	0.00
LBC	39	28.23	21.85	21.73	28.19	0.00	0.00
LBC	40	28.24	21.84	21.74	28.19	0.00	0.00
LBC	41	28.21	21.86	21.76	28.17	0.00	0.00
LBC	42	28.22	21.85	21.75	28.18	0.00	0.00
LBC	43	28.22	21.86	21.75	28.17	0.00	0.00
LBC	44	28.25	21.84	21.72	28.19	0.00	0.00
LBC	45	28.22	21.87	21.75	28.16	0.00	0.00
LBC	46	28.20	21.88	21.77	28.15	0.00	0.00
LBC	47	28.21	21.87	21.76	28.16	0.00	0.00
LBC	48	28.22	21.86	21.75	28.17	0.00	0.00
LBC	49	28.21	21.88	21.76	28.15	0.00	0.00
LBC	50	28.24	21.85	21.74	28.18	0.00	0.00
LBC	51	28.19	21.89	21.78	28.15	0.00	0.00
LBC	52	28.21	21.87	21.77	28.15	0.00	0.00
LBC	53	28.22	21.86	21.76	28.16	0.00	0.00
LBC	54	28.22	21.87	21.76	28.16	0.00	0.00
LBC	55	28.22	21.87	21.75	28.16	0.00	0.00
LBC	56	28.20	21.88	21.77	28.15	0.00	0.00
LBC	57	28.20	21.89	21.78	28.14	0.00	0.00
LBC	58	28.19	21.90	21.78	28.13	0.00	0.00
LBC	59	28.22	21.87	21.76	28.15	0.00	0.00
LBC	60	28.21	21.87	21.77	28.14	0.00	0.00
LBC	61	28.20	21.88	21.78	28.14	0.00	0.00
LBC	62	28.22	21.86	21.75	28.16	0.00	0.00
LBC	63	28.19	21.89	21.78	28.13	0.00	0.00
LBC	64	28.18	21.91	21.78	28.12	0.00	0.00
LBC	65	28.20	21.88	21.77	28.14	0.00	0.00
LBC	66	28.19	21.90	21.78	28.12	0.00	0.00
LBC	67	28.20	21.88	21.77	28.14	0.00	0.00
LBC	68	28.19	21.90	21.79	28.12	0.00	0.00
LBC	69	28.17	21.92	21.80	28.11	0.00	0.00
LBC	70	28.21	21.88	21.76	28.15	0.00	0.00
LBC	71	28.18	21.90	21.79	28.13	0.00	0.00
LBC	72	28.19	21.90	21.79	28.13	0.00	0.00
LBC	73	28.19	21.89	21.79	28.13	0.00	0.00
LBC	74	28.18	21.91	21.79	28.12	0.00	0.00
LBC	75	28.20	21.90	21.77	28.13	0.00	0.00
LBC	76	28.19	21.90	21.79	28.12	0.00	0.00
LBC	77	28.19	21.90	21.78	28.13	0.00	0.00
LBC	78	28.19	21.90	21.79	28.12	0.00	0.00
LBC	79	28.19	21.90	21.79	28.12	0.00	0.00
LBC	80	28.17	21.93	21.81	28.10	0.00	0.00
LBC	81	28.18	21.92	21.79	28.11	0.00	0.00
LBC	82	28.18	21.92	21.80	28.11	0.00	0.00
LBC	83	28.17	21.92	21.81	28.10	0.00	0.00
LBC	84	28.17	21.93	21.81	28.10	0.00	0.00
LBC	85	28.17	21.93	21.81	28.10	0.00	0.00
LBC	86	28.17	21.92	21.80	28.11	0.00	0.00
LBC	87	28.18	21.92	21.79	28.12	0.00	0.00
LBC	88	28.15	21.94	21.81	28.09	0.00	0.00
LBC	89	28.16	21.93	21.81	28.10	0.00	0.00
LBC	90	28.16	21.94	21.81	28.09	0.00	0.00
LBC	91	28.15	21.94	21.82	28.09	0.00	0.00
LBC	92	28.16	21.94	21.82	28.08	0.00	0.00
LBC	93	28.17	21.93	21.79	28.11	0.00	0.00
LBC	94	28.16	21.93	21.81	28.10	0.00	0.00
LBC	95	28.14	21.95	21.83	28.08	0.00	0.00
LBC	96	28.16	21.93	21.81	28.10	0.00	0.00
LBC	97	28.16	21.93	21.80	28.10	0.00	0.00
LBC	98	28.16	21.92	21.80	28.12	0.00	0.00
LBC	99	28.15	21.94	21.81	28.10	0.00	0.00
LBC	100	28.15	21.95	21.82	28.09	0.00	0.00
LBC	101	28.14	21.95	21.82	28.09	0.00	0.00
LBC	102	28.16	21.93	21.81	28.10	0.00	0.00
LBC	103	28.14	21.95	21.83	28.07	0.00	0.00
LBC	104	28.15	21.95	21.81	28.09	0.00	0.00
LBC	105	28.14	21.96	21.83	28.07	0.00	0.00
LBC	106	28.14	21.95	21.82	28.08	0.00	0.00
LBC	107	28.16	21.93	21.81	28.10	0.00	0.00
LBC	108	28.15	21.95	21.81	28.09	0.00	0.00
LBC	109	28.15	21.95	21.82	28.08	0.00	0.00
LBC	110	28.15	21.95	21.82	28.08	0.00	0.00
LBC	111	28.15	21.96	21.81	28.08	0.00	0.00
LBC	112	28.14	21.96	21.83	28.07	0.00	0.00
LBC	113	28.14	21.97	21.83	28.06	0.00	0.00
LBC	114	28.13	21.97	21.84	28.06	0.00	0.00
LBC	115	28.13	21.97	21.83	28.07	0.00	0.00
LBC	116	28.14	21.96	21.81	28.08	0.00	0.00
LBC	117	28.11	21.99	21.85	28.05	0.00	0.00
LBC	118	28.11	21.99	21.84	28.06	0.00	0.00
LBC	119	28.14	21.97	21.83	28.07	0.00	0.00
LBC	120	28.14	21.97	21.83	28.07	0.00	0.00
LBC	121	28.12	21.98	21.84	28.06	0.00	0.00
LBC	122	28.14	21.97	21.83	28.06	0.00	0.00
LBC	123	28.13	21.98	21.83	28.07	0.00	0.00
LBC	124	28.12	21.99	21.84	28.06	0.00	0.00
LBC	125	28.12	21.99	21.84	28.06	0.00	0.00
LBC	126	28.11	21.99	21.84	28.05	0.00	0.00
LBC	127	28.09	22.02	21.87	28.02	0.00	0.00
LBC	128	28.11	21.99	21.85	28.05	0.00	0.00
LBC	129	28.10	22.00	21.86	28.04	0.00	0.00
LBC	130	28.10	22.00	21.85	28.04	0.00	0.00
LBC	131	28.09	22.02	21.87	28.02	0.00	0.00
LBC	132	28.09	22.02	21.87	28.03	0.00	0.00
LBC	133	28.10	22.01	21.87	28.03	0.00	0.00
LBC	134	28.08	22.02	21.88	28.02	0.00	0.00
LBC	135	28.08	22.02	21.87	28.03	0.00	0.00
LBC	136	28.07	22.04	21.89	28.01	0.00	0.00
LBC	137	28.06	22.04	21.89	28.00	0.00	0.00
LBC	138	28.06	22.04	21.89	28.01	0.00	0.00
LBC	139	28.08	22.03	21.88	28.02	0.00	0.00
LBC	140	28.08	22.03	21.88	28.02	0.00	0.00
LBC	141	28.06	22.03	21.89	28.01	0.00	0.00
LBC	142	28.02	22.08	21.94	27.95	0.00	0.00
LBC	143	28.00	22.10	21.96	27.93	0.00	0.00
LBC	144	28.02	22.09	21.93	27.96	0.00	0.00
LBC	145	28.01	22.10	21.95	27.94	0.00	0.00
LBC	146	28.00	22.10	21.96	27.94	0.00	0.00
LBC	147	27.99	22.12	21.97	27.93	0.00	0.00
LBC	148	27.98	22.13	21.98	27.91	0.00	0.00
LBC	149	27.97	22.13	21.99	27.92	0.00	0.00
LBC	150	27.98	22.13	21.97	27.91	0.08	0.00
# ACGT raw counters for last fragments. Use `grep ^LTC | cut -f 2-` to extract this part. The columns are: A,C,G,T,N base counters
LTC	10381639054	8039330459	7997689385	10364271356	141560
# Insert sizes. Use `grep ^IS | cut -f 2-` to extract this part. The columns are: insert size, pairs total, inward oriented pairs, outward oriented pairs, other pairs
IS	0	3157	0	22	3135
IS	1	688	0	40	648
IS	2	357	0	155	202
IS	3	255	0	156	99
IS	4	239	0	163	76
IS	5	255	0	188	67
IS	6	282	0	222	60
IS	7	246	0	211	35
IS	8	247	0	214	33
IS	9	294	0	263	31
IS	10	317	0	287	30
IS	11	328	0	284	44
IS	12	349	0	312	37
IS	13	314	0	285	29
IS	14	328	0	287	41
IS	15	343	0	306	37
IS	16	427	0	404	23
IS	17	358	0	332	26
IS	18	397	0	374	23
IS	19	2260	819	1419	22
IS	20	1777	676	1091	10
IS	21	1255	401	832	22
IS	22	862	201	644	17
IS	23	680	136	530	14
IS	24	700	145	538	17
IS	25	771	158	597	16
IS	26	737	162	563	12
IS	27	750	184	549	17
IS	28	899	243	638	18
IS	29	785	188	580	17
IS	30	759	194	549	16
IS	31	823	190	616	17
IS	32	863	223	620	20
IS	33	932	269	651	12
IS	34	915	286	615	14
IS	35	901	281	600	20
IS	36	1023	316	689	18
IS	37	1048	325	704	19
IS	38	1127	353	747	27
IS	39	1244	409	815	20
IS	40	1346	441	883	22
IS	41	1573	544	995	34
IS	42	1764	661	1072	31
IS	43	1796	680	1092	24
IS	44	1943	774	1149	20
IS	45	2129	887	1218	24
IS	46	2132	843	1281	8
IS	47	2251	878	1361	12
IS	48	2455	972	1461	22
IS	49	2511	998	1486	27
IS	50	2710	1117	1583	10
IS	51	2820	1194	1607	19
IS	52	2916	1227	1672	17
IS	53	3017	1227	1764	26
IS	54	3248	1391	1814	43
IS	55	3455	1442	1911	102
IS	56	3485	1476	1969	40
IS	57	3481	1435	2034	12
IS	58	3655	1568	2070	17
IS	59	3391	1448	1937	6
IS	60	3546	1572	1968	6
IS	61	3659	1530	2122	7
IS	62	3805	1612	2175	18
IS	63	3867	1692	2159	16
IS	64	3781	1680	2087	14
IS	65	3863	1746	2104	13
IS	66	3925	1754	2157	14
IS	67	4146	1856	2271	19
IS	68	4038	1856	2164	18
IS	69	4190	1953	2226	11
IS	70	4213	1911	2287	15
IS	71	4260	1943	2307	10
IS	72	4395	1994	2394	7
IS	73	4358	1982	2368	8
IS	74	4552	2074	2468	10
IS	75	4646	2166	2477	3
IS	76	4910	2261	2637	12
IS	77	4822	2260	2558	4
IS	78	4820	2264	2546	10
IS	79	5005	2304	2695	6
IS	80	4989	2345	2630	14
IS	81	4943	2339	2588	16
IS	82	5140	2440	2692	8
IS	83	4921	2366	2548	7
IS	84	5013	2403	2597	13
IS	85	4880	2271	2594	15
IS	86	4986	2389	2586	11
IS	87	4871	2368	2495	8
IS	88	4945	2409	2530	6
IS	89	4960	2342	2610	8
IS	90	5042	2493	2542	7
IS	91	4958	2426	2522	10
IS	92	5074	2464	2597	13
IS	93	4841	2367	2465	9
IS	94	5012	2396	2610	6
IS	95	4895	2337	2552	6
IS	96	4875	2366	2502	7
IS	97	4899	2442	2448	9
IS	98	4961	2444	2509	8
IS	99	4914	2400	2504	10
IS	100	5029	2496	2530	3
IS	101	5178	2586	2583	9
IS	102	5234	2582	2644	8
IS	103	5271	2600	2661	10
IS	104	5304	2648	2650	6
IS	105	5395	2743	2642	10
IS	106	5366	2751	2607	8
IS	107	5186	2618	2560	8
IS	108	5330	2700	2628	2
IS	109	5376	2675	2692	9
IS	110	5237	2744	2483	10
IS	111	5402	2729	2657	16
IS	112	5267	2676	2584	7
IS	113	5387	2777	2606	4
IS	114	5121	2617	2489	15
IS	115	5262	2720	2539	3
IS	116	5302	2710	2581	11
IS	117	5270	2722	2541	7
IS	118	5178	2701	2464	13
IS	119	5198	2680	2510	8
IS	120	5172	2685	2480	7
IS	121	5350	2717	2625	8
IS	122	5200	2683	2503	14
IS	123	5264	2744	2506	14
IS	124	5230	2715	2509	6
IS	125	5302	2745	2546	11
IS	126	5335	2821	2506	8
IS	127	5301	2784	2509	8
IS	128	5272	2755	2509	8
IS	129	5349	2790	2548	11
IS	130	5363	2833	2519	11
IS	131	5391	2792	2587	12
IS	132	5524	2838	2671	15
IS	133	5282	2807	2466	9
IS	134	5660	2954	2694	12
IS	135	5639	2986	2644	9
IS	136	5749	2987	2749	13
IS	137	5917	3092	2815	10
IS	138	5703	2989	2698	16
IS	139	5955	3061	2882	12
IS	140	6029	2840	3181	8
IS	141	6174	3615	2551	8
IS	142	6013	3519	2483	11
IS	143	6022	3551	2459	12
IS	144	6114	3548	2556	10
IS	145	6209	3685	2513	11
IS	146	6242	3554	2678	10
IS	147	6323	3635	2683	5
IS	148	6442	3578	2855	9
IS	149	6532	2939	3589	4
IS	150	6483	4088	2385	10
IS	151	6481	6366	106	9
IS	152	6466	6424	35	7
IS	153	6464	6435	23	6
IS	154	6523	6499	17	7
IS	155	6434	6403	21	10
IS	156	6589	6551	26	12
IS	157	6734	6710	16	8
IS	158	6592	6566	16	10
IS	159	6939	6904	16	19
IS	160	6884	6857	20	7
IS	161	6829	6806	13	10
IS	162	7006	6977	12	17
IS	163	7279	7256	11	12
IS	164	7144	7127	12	5
IS	165	7233	7207	17	9
IS	166	7550	7530	14	6
IS	167	7717	7695	15	7
IS	168	7709	7690	11	8
IS	169	7973	7943	13	17
IS	170	8172	8141	22	9
IS	171	8262	8245	13	4
IS	172	8446	8428	15	3
IS	173	8678	8654	18	6
IS	174	9011	8987	10	14
IS	175	9310	9282	11	17
IS	176	9259	9246	5	8
IS	177	9855	9840	10	5
IS	178	9972	9956	9	7
IS	179	10061	10053	2	6
IS	180	10419	10391	14	14
IS	181	10574	10553	7	14
IS	182	10883	10864	5	14
IS	183	11159	11142	7	10
IS	184	11662	11640	11	11
IS	185	11998	11975	11	12
IS	186	12153	12139	7	7
IS	187	12934	12919	7	8
IS	188	13015	13000	6	9
IS	189	13238	13222	7	9
IS	190	13694	13677	9	8
IS	191	14115	14094	8	13
IS	192	14622	14609	4	9
IS	193	14856	14828	17	11
IS	194	15337	15317	9	11
IS	195	16023	16000	11	12
IS	196	16310	16296	8	6
IS	197	16794	16783	2	9
IS	198	17665	17645	3	17
IS	199	17970	17956	4	10
IS	200	18766	18748	6	12
IS	201	19381	19368	5	8
IS	202	19737	19725	8	4
IS	203	20490	20472	5	13
IS	204	21174	21153	12	9
IS	205	22057	22041	5	11
IS	206	22616	22603	2	11
IS	207	23327	23301	11	15
IS	208	24557	24536	9	12
IS	209	25173	25162	5	6
IS	210	26036	26027	3	6
IS	211	26799	26784	2	13
IS	212	27723	27703	10	10
IS	213	28528	28505	9	14
IS	214	29777	29755	4	18
IS	215	30822	30808	1	13
IS	216	31912	31892	8	12
IS	217	33180	33167	6	7
IS	218	34021	33997	14	10
IS	219	35244	35225	8	11
IS	220	36721	36694	11	16
IS	221	37782	37760	10	12
IS	222	39067	39037	14	16
IS	223	40099	40075	9	15
IS	224	41783	41763	10	10
IS	225	43043	43021	7	15
IS	226	44551	44534	5	12
IS	227	46235	46217	6	12
IS	228	47597	47573	12	12
IS	229	49368	49350	6	12
IS	230	50756	50732	11	13
IS	231	52760	52740	6	14
IS	232	54526	54511	6	9
IS	233	55919	55892	11	16
IS	234	57777	57758	13	6
IS	235	59558	59541	4	13
IS	236	61715	61699	4	12
IS	237	63769	63743	10	16
IS	238	67346	67327	3	16
IS	239	68704	68681	10	13
IS	240	70619	70599	9	11
IS	241	73134	73116	8	10
IS	242	75504	75488	5	11
IS	243	77870	77856	4	10
IS	244	79959	79934	8	17
IS	245	82059	82042	4	13
IS	246	84880	84868	2	10
IS	247	88542	88520	8	14
IS	248	91056	91039	1	16
IS	249	94170	94132	14	24
IS	250	97249	97227	9	13
IS	251	100143	100118	10	15
IS	252	103889	103865	8	16
IS	253	106693	106669	4	20
IS	254	109992	109977	5	10
IS	255	112596	112577	10	9
IS	256	116322	116305	12	5
IS	257	119650	119623	8	19
IS	258	123330	123311	7	12
IS	259	127359	127342	3	14
IS	260	132415	132395	4	16
IS	261	135703	135676	9	18
IS	262	140654	140627	9	18
IS	263	144715	144689	6	20
IS	264	148463	148450	4	9
IS	265	152422	152405	7	10
IS	266	157963	157937	9	17
IS	267	162013	161992	7	14
IS	268	166923	166907	8	8
IS	269	171344	171317	11	16
IS	270	176276	176254	7	15
IS	271	182926	182885	10	31
IS	272	187682	187664	6	12
IS	273	193510	193495	6	9
IS	274	198586	198565	11	10
IS	275	203780	203752	13	15
IS	276	210951	210933	8	10
IS	277	215302	215282	9	11
IS	278	220598	220571	9	18
IS	279	227360	227343	8	9
IS	280	233555	233532	9	14
IS	281	239874	239849	5	20
IS	282	249012	248994	9	9
IS	283	254699	254675	11	13
IS	284	260312	260296	4	12
IS	285	266341	266321	3	17
IS	286	273824	273809	3	12
IS	287	279785	279774	2	9
IS	288	287345	287323	4	18
IS	289	294753	294729	8	16
IS	290	303059	303039	5	15
IS	291	311689	311670	7	12
IS	292	320235	320214	8	13
IS	293	329216	329195	5	16
IS	294	336281	336252	9	20
IS	295	343229	343204	9	16
IS	296	352095	352069	9	17
IS	297	360073	360056	5	12
IS	298	367694	367665	9	20
IS	299	376818	376802	2	14
IS	300	386274	386246	9	19
IS	301	395055	395031	9	15
IS	302	405733	405719	3	11
IS	303	415131	415120	3	8
IS	304	424613	424597	4	12
IS	305	433609	433589	4	16
IS	306	442072	442061	2	9
IS	307	450390	450371	10	9
IS	308	459582	459566	5	11
IS	309	469466	469448	5	13
IS	310	478910	478898	6	6
IS	311	490616	490599	3	14
IS	312	502438	502427	2	9
IS	313	513414	513390	6	18
IS	314	523912	523887	11	14
IS	315	534377	534357	7	13
IS	316	543541	543527	5	9
IS	317	552597	552573	6	18
IS	318	561156	561135	9	12
IS	319	570688	570665	7	16
IS	320	581929	581902	6	21
IS	321	594531	594515	10	6
IS	322	607551	607523	12	16
IS	323	618301	618274	11	16
IS	324	629799	629781	7	11
IS	325	640714	640696	8	10
IS	326	650232	650211	9	12
IS	327	662396	662379	5	12
IS	328	672001	671983	8	10
IS	329	681281	681265	6	10
IS	330	694836	694812	8	16
IS	331	704309	704289	4	16
IS	332	716582	716564	8	10
IS	333	730773	730752	6	15
IS	334	740342	740318	9	15
IS	335	752297	752276	8	13
IS	336	763527	763506	5	16
IS	337	772991	772966	13	12
IS	338	778910	778889	6	15
IS	339	791072	791060	3	9
IS	340	797774	797747	9	18
IS	341	809485	809464	4	17
IS	342	816900	816875	11	14
IS	343	830242	830221	5	16
IS	344	842403	842384	7	12
IS	345	853641	853616	7	18
IS	346	863806	863781	9	16
IS	347	871409	871392	6	11
IS	348	879757	879739	8	10
IS	349	887043	887028	5	10
IS	350	896318	896303	8	7
IS	351	901453	901434	4	15
IS	352	915313	915291	11	11
IS	353	924085	924061	5	19
IS	354	934316	934288	5	23
IS	355	944657	944618	4	35
IS	356	953043	952978	8	57
IS	357	959366	959320	9	37
IS	358	965185	965165	9	11
IS	359	971933	971915	2	16
IS	360	977070	977053	6	11
IS	361	983598	983580	4	14
IS	362	989203	989185	3	15
IS	363	999608	999590	4	14
IS	364	1009904	1009886	7	11
IS	365	1016603	1016577	10	16
IS	366	1024207	1024187	10	10
IS	367	1030684	1030662	5	17
IS	368	1036543	1036520	7	16
IS	369	1039894	1039868	7	19
IS	370	1041120	1041087	4	29
IS	371	1048737	1048716	8	13
IS	372	1050847	1050833	6	8
IS	373	1056599	1056584	4	11
IS	374	1062467	1062444	7	16
IS	375	1070318	1070305	3	10
IS	376	1075358	1075348	2	8
IS	377	1081719	1081705	6	8
IS	378	1083478	1083460	3	15
IS	379	1086134	1086112	12	10
IS	380	1087510	1087490	5	15
IS	381	1089677	1089660	2	15
IS	382	1092245	1092220	11	14
IS	383	1093644	1093619	7	18
IS	384	1102017	1102001	4	12
IS	385	1105293	1105276	3	14
IS	386	1108765	1108748	4	13
IS	387	1111066	1111048	3	15
IS	388	1116088	1116069	5	14
IS	389	1116750	1116728	7	15
IS	390	1115351	1115331	5	15
IS	391	1114442	1114424	5	13
IS	392	1112403	1112387	3	13
IS	393	1114671	1114655	2	14
IS	394	1118016	1117996	4	16
IS	395	1119459	1119439	5	15
IS	396	1124091	1124073	9	9
IS	397	1123758	1123739	3	16
IS	398	1128522	1128502	9	11
IS	399	1125777	1125748	9	20
IS	400	1124230	1124207	6	17
IS	401	1120432	1120409	6	17
IS	402	1118983	1118957	4	22
IS	403	1118582	1118561	7	14
IS	404	1118707	1118685	7	15
IS	405	1118360	1118345	4	11
IS	406	1120173	1120161	2	10
IS	407	1122069	1122046	3	20
IS	408	1121485	1121461	5	19
IS	409	1119878	1119868	3	7
IS	410	1116546	1116530	6	10
IS	411	1111398	1111383	7	8
IS	412	1110796	1110767	8	21
IS	413	1105613	1105601	5	7
IS	414	1104730	1104715	5	10
IS	415	1104957	1104933	6	18
IS	416	1099821	1099802	8	11
IS	417	1102312	1102292	4	16
IS	418	1101150	1101119	2	29
IS	419	1098637	1098557	4	76
IS	420	1097805	1097714	6	85
IS	421	1092464	1092417	10	37
IS	422	1086358	1086327	6	25
IS	423	1081845	1081823	3	19
IS	424	1077665	1077641	10	14
IS	425	1076821	1076795	6	20
IS	426	1073746	1073720	6	20
IS	427	1073614	1073589	5	20
IS	428	1072488	1072472	4	12
IS	429	1068112	1068094	3	15
IS	430	1065993	1065974	3	16
IS	431	1062754	1062741	3	10
IS	432	1053401	1053384	4	13
IS	433	1049720	1049700	3	17
IS	434	1042031	1042018	4	9
IS	435	1037919	1037903	4	12
IS	436	1033823	1033811	4	8
IS	437	1032996	1032980	10	6
IS	438	1031302	1031287	8	7
IS	439	1029067	1029047	7	13
IS	440	1021763	1021750	5	8
IS	441	1016873	1016856	6	11
IS	442	1013409	1013396	3	10
IS	443	1005461	1005440	8	13
IS	444	998998	998980	4	14
IS	445	995302	995285	3	14
IS	446	988797	988774	5	18
IS	447	984582	984567	5	10
IS	448	982171	982159	4	8
IS	449	979790	979775	3	12
IS	450	975167	975152	3	12
IS	451	970338	970318	8	12
IS	452	963629	963616	5	8
IS	453	957227	957215	5	7
IS	454	948013	947993	6	14
IS	455	944285	944276	5	4
IS	456	936105	936090	2	13
IS	457	931812	931798	7	7
IS	458	931544	931533	5	6
IS	459	925154	925141	3	10
IS	460	920960	920950	3	7
IS	461	915141	915126	4	11
IS	462	910358	910339	8	11
IS	463	902468	902457	6	5
IS	464	896591	896572	6	13
IS	465	888647	888635	4	8
IS	466	882571	882561	6	4
IS	467	877834	877825	5	4
IS	468	873263	873252	5	6
IS	469	869499	869491	3	5
IS	470	862329	862321	2	6
IS	471	856919	856903	5	11
IS	472	852655	852637	8	10
IS	473	845610	845596	7	7
IS	474	836886	836871	1	14
IS	475	832588	832578	1	9
IS	476	822699	822688	5	6
IS	477	817471	817456	6	9
IS	478	812407	812395	3	9
IS	479	807062	807049	3	10
IS	480	802917	802906	3	8
IS	481	797360	797348	8	4
IS	482	790869	790850	6	13
IS	483	783850	783827	11	12
IS	484	777161	777145	4	12
IS	485	770839	770825	3	11
IS	486	763908	763854	4	50
IS	487	756176	756116	8	52
IS	488	749759	749716	7	36
IS	489	745809	745784	6	19
IS	490	738872	738855	5	12
IS	491	734898	734883	1	14
IS	492	729553	729531	6	16
IS	493	723191	723173	5	13
IS	494	717418	717399	5	14
IS	495	708957	708941	7	9
IS	496	701843	701821	10	12
IS	497	694619	694605	4	10
IS	498	687728	687718	6	4
IS	499	682594	682578	3	13
IS	500	679369	679354	7	8
IS	501	672760	672737	9	14
IS	502	667833	667815	5	13
IS	503	662424	662409	9	6
IS	504	655253	655239	10	4
IS	505	647888	647877	4	7
IS	506	640393	640377	6	10
IS	507	633211	633202	7	2
IS	508	628441	628430	7	4
IS	509	621163	621144	10	9
IS	510	616824	616811	5	8
IS	511	611501	611485	6	10
IS	512	604951	604933	7	11
IS	513	600816	600797	5	14
IS	514	595107	595097	2	8
IS	515	587801	587793	4	4
IS	516	581744	581734	6	4
IS	517	574251	574243	2	6
IS	518	568825	568812	6	7
IS	519	562087	562072	6	9
IS	520	556336	556325	5	6
IS	521	551265	551257	4	4
IS	522	544507	544497	6	4
IS	523	540000	539988	6	6
IS	524	535287	535265	9	13
IS	525	527680	527668	7	5
IS	526	520587	520574	5	8
IS	527	513977	513970	3	4
IS	528	505909	505897	6	6
IS	529	500765	500751	5	9
IS	530	494770	494756	10	4
IS	531	489813	489802	7	4
IS	532	484704	484691	5	8
IS	533	478996	478988	2	6
IS	534	472362	472347	6	9
IS	535	467422	467409	5	8
IS	536	460950	460941	5	4
IS	537	452670	452658	2	10
IS	538	448364	448352	4	8
IS	539	441115	441106	4	5
IS	540	436457	436447	7	3
IS	541	429125	429111	6	8
IS	542	422749	422730	11	8
IS	543	421426	421417	1	8
IS	544	415405	415396	3	6
IS	545	410190	410181	7	2
IS	546	404405	404388	12	5
IS	547	398760	398745	5	10
IS	548	394034	394016	6	12
IS	549	388382	388369	4	9
IS	550	383435	383423	6	6
IS	551	378739	378725	8	6
IS	552	373182	373169	2	11
IS	553	368477	368467	5	5
IS	554	364339	364331	2	6
IS	555	361251	361241	3	7
IS	556	355942	355929	8	5
IS	557	351310	351293	4	13
IS	558	345440	345427	6	7
IS	559	341181	341172	5	4
IS	560	336606	336598	1	7
IS	561	331515	331508	3	4
IS	562	326398	326388	5	5
IS	563	323945	323935	4	6
IS	564	320356	320341	6	9
IS	565	315374	315366	3	5
IS	566	310495	310481	9	5
IS	567	307659	307649	3	7
IS	568	301290	301281	4	5
IS	569	299205	299190	9	6
IS	570	293575	293557	5	13
IS	571	290331	290320	5	6
IS	572	285480	285473	1	6
IS	573	281511	281499	8	4
IS	574	278183	278178	4	1
IS	575	273819	273807	6	6
IS	576	270107	270099	1	7
IS	577	267286	267278	3	5
IS	578	263356	263344	7	5
IS	579	258571	258564	4	3
IS	580	253041	253028	4	9
IS	581	251407	251395	5	7
IS	582	246518	246506	3	9
IS	583	243087	243080	4	3
IS	584	240690	240677	9	4
IS	585	236858	236843	2	13
IS	586	232912	232906	2	4
IS	587	230288	230277	4	7
IS	588	227351	227341	8	2
IS	589	222056	222049	3	4
IS	590	218709	218700	6	3
IS	591	215228	215217	2	9
IS	592	212341	212329	5	7
IS	593	209325	209320	2	3
IS	594	205971	205956	6	9
IS	595	202750	202733	6	11
IS	596	200020	200013	3	4
IS	597	196428	196421	4	3
IS	598	193615	193603	6	6
IS	599	190464	190455	5	4
IS	600	187564	187553	5	6
IS	601	183527	183518	4	5
IS	602	180511	180502	3	6
IS	603	177530	177527	2	1
IS	604	175168	175156	4	8
IS	605	171690	171684	1	5
IS	606	170190	170177	5	8
IS	607	167291	167286	1	4
IS	608	163838	163830	4	4
IS	609	162258	162243	7	8
IS	610	158390	158382	7	1
IS	611	156172	156166	2	4
IS	612	153256	153251	2	3
IS	613	150903	150887	6	10
IS	614	149295	149288	5	2
IS	615	146540	146533	3	4
IS	616	143988	143981	3	4
IS	617	143190	143187	3	0
IS	618	140763	140755	4	4
IS	619	137526	137513	4	9
IS	620	135886	135881	1	4
IS	621	133150	133142	2	6
IS	622	130981	130969	8	4
IS	623	128792	128788	1	3
IS	624	127345	127337	6	2
IS	625	125115	125104	3	8
IS	626	122199	122191	3	5
IS	627	120987	120976	7	4
IS	628	119402	119393	6	3
IS	629	116328	116317	4	7
IS	630	115333	115329	1	3
IS	631	113738	113728	6	4
IS	632	111386	111369	5	12
IS	633	109762	109752	4	6
IS	634	107778	107768	3	7
IS	635	106094	106082	7	5
IS	636	103999	103989	1	9
IS	637	102087	102073	9	5
IS	638	101201	101191	7	3
IS	639	99611	99602	2	7
IS	640	97952	97940	7	5
IS	641	95774	95764	3	7
IS	642	94582	94570	7	5
IS	643	93008	92999	4	5
IS	644	91096	91079	6	11
IS	645	89504	89492	7	5
IS	646	87843	87826	9	8
IS	647	86328	86319	2	7
IS	648	85902	85895	4	3
IS	649	83758	83751	3	4
IS	650	82254	82245	3	6
IS	651	81041	81027	5	9
IS	652	79859	79851	2	6
IS	653	78686	78680	5	1
IS	654	76821	76814	2	5
IS	655	75814	75803	1	10
IS	656	74057	74044	7	6
IS	657	73506	73499	2	5
IS	658	71568	71560	3	5
IS	659	70774	70761	7	6
IS	660	69158	69147	4	7
IS	661	68463	68457	2	4
IS	662	67202	67192	6	4
IS	663	66151	66147	2	2
IS	664	64976	64959	8	9
IS	665	63675	63665	2	8
IS	666	61629	61621	1	7
IS	667	61884	61875	3	6
IS	668	60867	60850	6	11
IS	669	59845	59836	4	5
IS	670	58864	58858	2	4
IS	671	57693	57678	4	11
IS	672	57339	57331	5	3
IS	673	56193	56181	4	8
IS	674	55091	55080	4	7
IS	675	54155	54143	1	11
IS	676	53001	52985	8	8
IS	677	52491	52484	2	5
IS	678	51473	51470	1	2
IS	679	50801	50790	1	10
IS	680	50322	50315	5	2
IS	681	48545	48533	3	9
IS	682	48166	48154	7	5
IS	683	47441	47433	4	4
IS	684	46661	46652	3	6
IS	685	45888	45876	6	6
IS	686	45081	45070	5	6
IS	687	44151	44134	6	11
IS	688	43716	43706	5	5
IS	689	42621	42611	6	4
IS	690	42247	42235	3	9
IS	691	41193	41186	2	5
IS	692	40847	40838	3	6
IS	693	40501	40494	3	4
IS	694	39592	39582	2	8
IS	695	38808	38799	3	6
IS	696	37801	37789	5	7
IS	697	37562	37551	5	6
IS	698	36732	36721	5	6
IS	699	36431	36422	1	8
IS	700	35720	35703	6	11
IS	701	34781	34772	5	4
IS	702	34309	34299	1	9
IS	703	33673	33655	7	11
IS	704	33469	33460	3	6
IS	705	32728	32722	1	5
IS	706	31779	31771	3	5
IS	707	31891	31888	2	1
IS	708	31143	31132	4	7
IS	709	30581	30571	1	9
IS	710	29859	29846	6	7
IS	711	29797	29790	4	3
IS	712	29231	29220	3	8
IS	713	28630	28611	4	15
IS	714	28620	28608	8	4
# Read lengths. Use `grep ^RL | cut -f 2-` to extract this part. The columns are: read length, count
RL	141	107486154
RL	150	395847805
# Read lengths - first fragments. Use `grep ^FRL | cut -f 2-` to extract this part. The columns are: read length, count
FRL	150	251664311
# Read lengths - last fragments. Use `grep ^LRL | cut -f 2-` to extract this part. The columns are: read length, count
LRL	141	107486154
LRL	150	144183494
# Mapping qualities for reads !(UNMAP|SECOND|SUPPL|QCFAIL|DUP). Use `grep ^MAPQ | cut -f 2-` to extract this part. The columns are: mapq, count
MAPQ	0	49754104
MAPQ	1	389152
MAPQ	2	296076
MAPQ	3	387179
MAPQ	4	309642
MAPQ	5	296517
MAPQ	6	361601
MAPQ	7	389861
MAPQ	8	500849
MAPQ	9	448322
MAPQ	10	362299
MAPQ	11	356551
MAPQ	12	660924
MAPQ	13	683333
MAPQ	14	585696
MAPQ	15	494049
MAPQ	16	321011
MAPQ	17	348278
MAPQ	18	274414
MAPQ	19	315916
MAPQ	20	307973
MAPQ	21	291858
MAPQ	22	351361
MAPQ	23	207488
MAPQ	24	392734
MAPQ	25	479626
MAPQ	26	92201
MAPQ	27	975353
MAPQ	28	98267
MAPQ	29	87923
MAPQ	30	257592
MAPQ	31	146102
MAPQ	32	157251
MAPQ	33	196170
MAPQ	34	111101
MAPQ	35	109010
MAPQ	36	147800
MAPQ	37	174395
MAPQ	38	94002
MAPQ	39	363796
MAPQ	40	7754030
MAPQ	41	397071
MAPQ	42	271135
MAPQ	43	560388
MAPQ	44	425264
MAPQ	45	699826
MAPQ	46	813527
MAPQ	47	389778
MAPQ	48	1863364
MAPQ	49	166707
MAPQ	50	327877
MAPQ	51	177279
MAPQ	52	399148
MAPQ	53	116415
MAPQ	54	178772
MAPQ	55	160942
MAPQ	56	155442
MAPQ	57	619967
MAPQ	58	225066
MAPQ	59	403952
MAPQ	60	423178302
# Indel distribution. Use `grep ^ID | cut -f 2-` to extract this part. The columns are: length, number of insertions, number of deletions
ID	1	6004129	5985680
ID	2	1764585	1702552
ID	3	758180	731457
ID	4	640425	604013
ID	5	274150	261481
ID	6	245657	241535
ID	7	111794	109687
ID	8	120406	120895
ID	9	72892	78363
ID	10	71837	83500
ID	11	36412	52155
ID	12	58443	59205
ID	13	28039	28962
ID	14	29197	32964
ID	15	17324	21409
ID	16	24118	26633
ID	17	12381	12496
ID	18	14977	17563
ID	19	8866	11023
ID	20	9099	12962
ID	21	6297	7949
ID	22	8091	21196
ID	23	6329	29794
ID	24	5167	7947
ID	25	3543	5018
ID	26	3394	5175
ID	27	2260	3416
ID	28	2426	4162
ID	29	1743	2543
ID	30	1575	3162
ID	31	988	1894
ID	32	1031	2287
ID	33	748	1523
ID	34	1078	1809
ID	35	579	1060
ID	36	476	1140
ID	37	373	776
ID	38	253	713
ID	39	233	587
ID	40	251	827
ID	41	123	485
ID	42	96	446
ID	43	46	488
ID	44	49	634
ID	45	23	1279
ID	46	7	1249
ID	47	0	258
ID	48	0	231
ID	49	0	140
ID	50	0	125
ID	51	0	187
ID	52	0	137
ID	53	0	142
ID	54	0	111
ID	55	0	89
ID	56	0	55
ID	57	0	60
ID	58	0	71
ID	59	0	76
ID	60	0	49
ID	61	0	40
ID	62	0	38
ID	63	0	21
ID	64	0	22
ID	65	0	9
ID	66	0	14
ID	67	0	4
ID	68	0	4
ID	69	0	1
ID	70	0	4
# Indels per cycle. Use `grep ^IC | cut -f 2-` to extract this part. The columns are: cycle, number of insertions (fwd), .. (rev) , number of deletions (fwd), .. (rev)
IC	1	2	5	1	1
IC	2	0	3	4	6
IC	3	0	0	13254	13546
IC	4	13399	14022	16714	17258
IC	5	17689	18001	18446	18837
IC	6	19350	20232	20045	20631
IC	7	21710	22322	22297	22946
IC	8	22970	23177	25372	25734
IC	9	25050	25182	27178	27496
IC	10	26832	27171	28285	28867
IC	11	28359	28151	29632	30054
IC	12	29609	30258	30362	30414
IC	13	30676	30564	31467	31822
IC	14	31988	31644	32279	32796
IC	15	33063	33567	33867	33744
IC	16	35644	34864	34328	34632
IC	17	37085	36384	34830	35071
IC	18	36277	36094	35707	36026
IC	19	36344	37436	36737	36683
IC	20	37554	38476	37511	37785
IC	21	37585	39224	37925	37838
IC	22	38358	39419	38150	38684
IC	23	38311	39816	38458	38098
IC	24	38880	40525	38942	38661
IC	25	39213	40557	38834	39224
IC	26	39439	40977	39116	39599
IC	27	39594	41195	39123	39522
IC	28	39856	42144	39726	39760
IC	29	40368	42558	39490	39926
IC	30	39429	42631	39531	39708
IC	31	39775	42421	39588	40095
IC	32	39801	42231	39285	38985
IC	33	39904	42131	39643	39619
IC	34	40062	42373	39625	39492
IC	35	39760	42754	39677	39372
IC	36	39582	42727	39789	39880
IC	37	39878	42427	39714	39743
IC	38	39772	42768	40077	39906
IC	39	39581	42891	40073	39536
IC	40	40016	43550	39775	39717
IC	41	39918	43059	40298	39952
IC	42	40563	43170	40087	40159
IC	43	39978	43283	40019	39756
IC	44	40219	43124	39578	39744
IC	45	40002	42862	40374	40052
IC	46	40262	42948	40416	40213
IC	47	39822	42780	40358	40245
IC	48	39915	43063	40221	40098
IC	49	39922	43178	40257	39931
IC	50	40086	43470	39874	39879
IC	51	40306	43188	39892	40185
IC	52	40152	43635	40379	39550
IC	53	39630	42986	39826	40087
IC	54	40019	43482	40105	39980
IC	55	40385	43247	40073	39826
IC	56	39796	43372	40421	40084
IC	57	40029	43578	40239	39999
IC	58	39373	42735	40113	39855
IC	59	39527	43444	40128	39717
IC	60	40126	43287	40588	39596
IC	61	39684	43237	40372	39394
IC	62	39769	43244	40468	39456
IC	63	39920	42995	40325	39521
IC	64	40092	43144	40060	39478
IC	65	39917	43120	39848	39414
IC	66	39781	42543	40480	39531
IC	67	39570	43170	40394	39405
IC	68	39435	43073	39983	39287
IC	69	39328	42769	40045	39557
IC	70	39725	42817	39948	39167
IC	71	39473	42887	39964	39552
IC	72	39288	43138	40037	39361
IC	73	39550	43043	39770	38994
IC	74	39438	43086	39963	39462
IC	75	39490	42712	39698	39400
IC	76	39773	42774	39715	39343
IC	77	39469	42593	40073	39275
IC	78	39081	42775	40152	39357
IC	79	39117	43083	39921	39189
IC	80	39043	42758	39746	39229
IC	81	39312	42538	40328	39022
IC	82	38999	42456	40098	39500
IC	83	39103	42400	39795	39172
IC	84	39118	42477	39995	38609
IC	85	38868	42605	39696	39096
IC	86	38496	42801	39704	38895
IC	87	38275	41863	39986	39210
IC	88	38539	42131	40184	39142
IC	89	38494	41836	39295	38772
IC	90	38703	41839	39861	39030
IC	91	38466	41553	39830	38954
IC	92	38636	41603	39478	38892
IC	93	38411	41403	39533	38951
IC	94	38142	41788	39793	38610
IC	95	38638	41567	39436	38587
IC	96	37823	41340	39354	38884
IC	97	38348	41543	39254	38558
IC	98	37734	40811	39529	38424
IC	99	38021	40937	38867	38258
IC	100	38342	40783	39073	38586
IC	101	37767	40816	38852	38515
IC	102	37838	40693	39077	38383
IC	103	37336	40010	39168	38487
IC	104	37235	39890	39065	37815
IC	105	37556	39463	38854	38108
IC	106	37055	39249	38808	37655
IC	107	37413	39576	38817	37925
IC	108	37459	39735	38913	37372
IC	109	37391	38887	38313	37250
IC	110	36884	38258	38562	37430
IC	111	36601	38114	38414	37129
IC	112	36865	38237	38426	36686
IC	113	36804	37737	37796	36811
IC	114	36476	36397	37745	36574
IC	115	36248	37226	37519	36560
IC	116	36246	36500	37979	35968
IC	117	35702	36301	37409	36494
IC	118	35547	35883	37367	36112
IC	119	35410	35559	36915	35644
IC	120	35358	34995	36729	35380
IC	121	34944	34677	37190	34972
IC	122	34833	33875	36588	34999
IC	123	34980	33596	36355	33800
IC	124	34092	33128	35637	33849
IC	125	33666	32154	35874	33390
IC	126	33380	32003	35838	32555
IC	127	33217	31365	35674	32391
IC	128	32837	30958	34880	31346
IC	129	32374	29660	34511	31065
IC	130	32039	28717	34356	30307
IC	131	31905	27842	33816	29525
IC	132	30804	26928	32778	29118
IC	133	29599	25824	32175	28170
IC	134	29166	24355	31474	26227
IC	135	28710	23000	30463	25205
IC	136	27802	22476	29945	24818
IC	137	26538	20683	28876	23367
IC	138	24839	20144	27719	20846
IC	139	24111	13768	27174	14872
IC	140	22543	13154	26173	14519
IC	141	21688	12378	25041	14193
IC	142	19843	11448	23562	13115
IC	143	18003	10336	21255	11843
IC	144	16096	9057	20400	11393
IC	145	15565	8994	18719	10995
IC	146	12948	7453	17175	10016
IC	147	13059	7611	11980	7130
IC	148	0	0	0	2
IC	149	0	2	0	0
IC	150	0	2	0	0
# Coverage distribution. Use `grep ^COV | cut -f 2-` to extract this part.
COV	[1-1]	1	6915526
COV	[2-2]	2	6047232
COV	[3-3]	3	6415063
COV	[4-4]	4	7592391
COV	[5-5]	5	9407497
COV	[6-6]	6	11728483
COV	[7-7]	7	14361352
COV	[8-8]	8	17195678
COV	[9-9]	9	20106410
COV	[10-10]	10	23241294
COV	[11-11]	11	26881243
COV	[12-12]	12	31429165
COV	[13-13]	13	37345981
COV	[14-14]	14	45103967
COV	[15-15]	15	54947200
COV	[16-16]	16	66834795
COV	[17-17]	17	80282640
COV	[18-18]	18	94749555
COV	[19-19]	19	109321564
COV	[20-20]	20	122981490
COV	[21-21]	21	134880480
COV	[22-22]	22	144180672
COV	[23-23]	23	150171512
COV	[24-24]	24	152651151
COV	[25-25]	25	151519606
COV	[26-26]	26	147012997
COV	[27-27]	27	139666824
COV	[28-28]	28	130008807
COV	[29-29]	29	118742001
COV	[30-30]	30	106400813
COV	[31-31]	31	93763697
COV	[32-32]	32	81283756
COV	[33-33]	33	69422047
COV	[34-34]	34	58394814
COV	[35-35]	35	48469200
COV	[36-36]	36	39729259
COV	[37-37]	37	32155350
COV	[38-38]	38	25756539
COV	[39-39]	39	20432724
COV	[40-40]	40	16056406
COV	[41-41]	41	12506203
COV	[42-42]	42	9698923
COV	[43-43]	43	7477797
COV	[44-44]	44	5744096
COV	[45-45]	45	4408399
COV	[46-46]	46	3394201
COV	[47-47]	47	2619647
COV	[48-48]	48	2027877
COV	[49-49]	49	1588398
COV	[50-50]	50	1253943
COV	[51-51]	51	1006297
COV	[52-52]	52	821387
COV	[53-53]	53	686015
COV	[54-54]	54	583343
COV	[55-55]	55	503538
COV	[56-56]	56	443524
COV	[57-57]	57	396714
COV	[58-58]	58	357390
COV	[59-59]	59	326723
COV	[60-60]	60	303002
COV	[61-61]	61	281579
COV	[62-62]	62	263987
COV	[63-63]	63	248518
COV	[64-64]	64	234192
COV	[65-65]	65	220269
COV	[66-66]	66	209818
COV	[67-67]	67	200079
COV	[68-68]	68	190958
COV	[69-69]	69	181583
COV	[70-70]	70	172905
COV	[71-71]	71	164318
COV	[72-72]	72	157664
COV	[73-73]	73	149215
COV	[74-74]	74	143587
COV	[75-75]	75	138583
COV	[76-76]	76	132043
COV	[77-77]	77	125304
COV	[78-78]	78	121299
COV	[79-79]	79	115772
COV	[80-80]	80	110831
COV	[81-81]	81	107377
COV	[82-82]	82	102820
COV	[83-83]	83	99462
COV	[84-84]	84	95861
COV	[85-85]	85	92133
COV	[86-86]	86	89077
COV	[87-87]	87	86843
COV	[88-88]	88	83832
COV	[89-89]	89	81508
COV	[90-90]	90	79236
COV	[91-91]	91	76193
COV	[92-92]	92	74595
COV	[93-93]	93	72543
COV	[94-94]	94	71179
COV	[95-95]	95	69640
COV	[96-96]	96	68191
COV	[97-97]	97	66426
COV	[98-98]	98	64531
COV	[99-99]	99	63225
COV	[100-100]	100	61368
COV	[101-101]	101	59544
COV	[102-102]	102	57672
COV	[103-103]	103	56516
COV	[104-104]	104	54771
COV	[105-105]	105	52511
COV	[106-106]	106	51710
COV	[107-107]	107	50158
COV	[108-108]	108	48885
COV	[109-109]	109	47719
COV	[110-110]	110	46590
COV	[111-111]	111	44884
COV	[112-112]	112	43627
COV	[113-113]	113	42482
COV	[114-114]	114	41524
COV	[115-115]	115	41001
COV	[116-116]	116	40000
COV	[117-117]	117	39361
COV	[118-118]	118	38197
COV	[119-119]	119	37856
COV	[120-120]	120	37058
COV	[121-121]	121	35795
COV	[122-122]	122	35348
COV	[123-123]	123	34944
COV	[124-124]	124	34258
COV	[125-125]	125	33600
COV	[126-126]	126	32689
COV	[127-127]	127	32571
COV	[128-128]	128	31969
COV	[129-129]	129	31086
COV	[130-130]	130	30749
COV	[131-131]	131	30651
COV	[132-132]	132	30141
COV	[133-133]	133	30237
COV	[134-134]	134	29627
COV	[135-135]	135	28919
COV	[136-136]	136	29040
COV	[137-137]	137	28152
COV	[138-138]	138	27806
COV	[139-139]	139	27741
COV	[140-140]	140	27706
COV	[141-141]	141	27691
COV	[142-142]	142	27578
COV	[143-143]	143	27593
COV	[144-144]	144	27120
COV	[145-145]	145	26737
COV	[146-146]	146	26375
COV	[147-147]	147	26315
COV	[148-148]	148	25682
COV	[149-149]	149	25324
COV	[150-150]	150	25399
COV	[151-151]	151	25523
COV	[152-152]	152	24774
COV	[153-153]	153	24722
COV	[154-154]	154	24846
COV	[155-155]	155	23665
COV	[156-156]	156	23548
COV	[157-157]	157	23507
COV	[158-158]	158	23251
COV	[159-159]	159	22693
COV	[160-160]	160	22394
COV	[161-161]	161	21867
COV	[162-162]	162	21796
COV	[163-163]	163	21689
COV	[164-164]	164	21057
COV	[165-165]	165	20766
COV	[166-166]	166	20379
COV	[167-167]	167	20456
COV	[168-168]	168	20264
COV	[169-169]	169	19869
COV	[170-170]	170	19743
COV	[171-171]	171	19522
COV	[172-172]	172	19051
COV	[173-173]	173	18983
COV	[174-174]	174	18412
COV	[175-175]	175	18411
COV	[176-176]	176	17987
COV	[177-177]	177	18272
COV	[178-178]	178	18161
COV	[179-179]	179	17575
COV	[180-180]	180	17270
COV	[181-181]	181	17353
COV	[182-182]	182	16973
COV	[183-183]	183	16702
COV	[184-184]	184	16472
COV	[185-185]	185	16531
COV	[186-186]	186	15987
COV	[187-187]	187	15767
COV	[188-188]	188	15430
COV	[189-189]	189	15457
COV	[190-190]	190	15252
COV	[191-191]	191	14986
COV	[192-192]	192	14512
COV	[193-193]	193	14445
COV	[194-194]	194	14146
COV	[195-195]	195	13881
COV	[196-196]	196	13958
COV	[197-197]	197	13962
COV	[198-198]	198	13817
COV	[199-199]	199	13395
COV	[200-200]	200	13370
COV	[201-201]	201	13126
COV	[202-202]	202	13030
COV	[203-203]	203	12795
COV	[204-204]	204	12537
COV	[205-205]	205	12486
COV	[206-206]	206	12513
COV	[207-207]	207	12369
COV	[208-208]	208	12304
COV	[209-209]	209	12155
COV	[210-210]	210	11810
COV	[211-211]	211	11773
COV	[212-212]	212	11776
COV	[213-213]	213	11901
COV	[214-214]	214	11625
COV	[215-215]	215	11485
COV	[216-216]	216	11202
COV	[217-217]	217	11393
COV	[218-218]	218	11301
COV	[219-219]	219	10877
COV	[220-220]	220	10984
COV	[221-221]	221	10948
COV	[222-222]	222	10755
COV	[223-223]	223	11008
COV	[224-224]	224	10628
COV	[225-225]	225	10939
COV	[226-226]	226	10910
COV	[227-227]	227	10549
COV	[228-228]	228	10512
COV	[229-229]	229	10651
COV	[230-230]	230	10606
COV	[231-231]	231	10555
COV	[232-232]	232	10418
COV	[233-233]	233	10215
COV	[234-234]	234	10095
COV	[235-235]	235	9777
COV	[236-236]	236	9886
COV	[237-237]	237	9660
COV	[238-238]	238	9954
COV	[239-239]	239	9784
COV	[240-240]	240	9728
COV	[241-241]	241	9664
COV	[242-242]	242	9517
COV	[243-243]	243	9556
COV	[244-244]	244	9551
COV	[245-245]	245	9560
COV	[246-246]	246	9741
COV	[247-247]	247	9455
COV	[248-248]	248	9309
COV	[249-249]	249	9133
COV	[250-250]	250	9187
COV	[251-251]	251	9086
COV	[252-252]	252	9237
COV	[253-253]	253	9252
COV	[254-254]	254	9019
COV	[255-255]	255	8849
COV	[256-256]	256	8755
COV	[257-257]	257	9006
COV	[258-258]	258	8918
COV	[259-259]	259	8822
COV	[260-260]	260	8996
COV	[261-261]	261	8964
COV	[262-262]	262	8743
COV	[263-263]	263	8510
COV	[264-264]	264	8489
COV	[265-265]	265	8361
COV	[266-266]	266	8417
COV	[267-267]	267	8318
COV	[268-268]	268	8005
COV	[269-269]	269	8046
COV	[270-270]	270	8050
COV	[271-271]	271	8044
COV	[272-272]	272	7893
COV	[273-273]	273	7794
COV	[274-274]	274	7740
COV	[275-275]	275	7691
COV	[276-276]	276	7587
COV	[277-277]	277	7520
COV	[278-278]	278	7553
COV	[279-279]	279	7494
COV	[280-280]	280	7475
COV	[281-281]	281	7341
COV	[282-282]	282	7476
COV	[283-283]	283	7612
COV	[284-284]	284	7509
COV	[285-285]	285	7684
COV	[286-286]	286	7222
COV	[287-287]	287	7317
COV	[288-288]	288	7127
COV	[289-289]	289	7054
COV	[290-290]	290	7011
COV	[291-291]	291	6792
COV	[292-292]	292	6918
COV	[293-293]	293	6819
COV	[294-294]	294	6791
COV	[295-295]	295	6694
COV	[296-296]	296	6812
COV	[297-297]	297	6798
COV	[298-298]	298	6633
COV	[299-299]	299	6462
COV	[300-300]	300	6401
COV	[301-301]	301	6221
COV	[302-302]	302	6352
COV	[303-303]	303	6029
COV	[304-304]	304	6107
COV	[305-305]	305	6097
COV	[306-306]	306	6042
COV	[307-307]	307	5813
COV	[308-308]	308	5774
COV	[309-309]	309	5675
COV	[310-310]	310	5793
COV	[311-311]	311	5879
COV	[312-312]	312	5695
COV	[313-313]	313	5644
COV	[314-314]	314	5654
COV	[315-315]	315	5693
COV	[316-316]	316	5654
COV	[317-317]	317	5671
COV	[318-318]	318	5700
COV	[319-319]	319	5590
COV	[320-320]	320	5627
COV	[321-321]	321	5645
COV	[322-322]	322	5649
COV	[323-323]	323	5602
COV	[324-324]	324	5651
COV	[325-325]	325	5660
COV	[326-326]	326	5612
COV	[327-327]	327	5512
COV	[328-328]	328	5484
COV	[329-329]	329	5506
COV	[330-330]	330	5522
COV	[331-331]	331	5328
COV	[332-332]	332	5481
COV	[333-333]	333	5348
COV	[334-334]	334	5375
COV	[335-335]	335	5253
COV	[336-336]	336	5427
COV	[337-337]	337	5286
COV	[338-338]	338	5272
COV	[339-339]	339	5178
COV	[340-340]	340	5247
COV	[341-341]	341	5206
COV	[342-342]	342	5160
COV	[343-343]	343	5112
COV	[344-344]	344	5221
COV	[345-345]	345	5125
COV	[346-346]	346	5061
COV	[347-347]	347	5193
COV	[348-348]	348	5003
COV	[349-349]	349	4997
COV	[350-350]	350	4948
COV	[351-351]	351	5008
COV	[352-352]	352	4814
COV	[353-353]	353	4860
COV	[354-354]	354	4834
COV	[355-355]	355	4741
COV	[356-356]	356	4748
COV	[357-357]	357	4576
COV	[358-358]	358	4619
COV	[359-359]	359	4624
COV	[360-360]	360	4630
COV	[361-361]	361	4719
COV	[362-362]	362	4709
COV	[363-363]	363	4553
COV	[364-364]	364	4404
COV	[365-365]	365	4388
COV	[366-366]	366	4510
COV	[367-367]	367	4430
COV	[368-368]	368	4433
COV	[369-369]	369	4502
COV	[370-370]	370	4413
COV	[371-371]	371	4378
COV	[372-372]	372	4378
COV	[373-373]	373	4212
COV	[374-374]	374	4430
COV	[375-375]	375	4447
COV	[376-376]	376	4359
COV	[377-377]	377	4332
COV	[378-378]	378	4322
COV	[379-379]	379	4155
COV	[380-380]	380	4242
COV	[381-381]	381	4113
COV	[382-382]	382	4029
COV	[383-383]	383	4086
COV	[384-384]	384	4127
COV	[385-385]	385	3990
COV	[386-386]	386	4146
COV	[387-387]	387	4039
COV	[388-388]	388	4035
COV	[389-389]	389	3945
COV	[390-390]	390	4035
COV	[391-391]	391	4170
COV	[392-392]	392	4013
COV	[393-393]	393	3996
COV	[394-394]	394	3973
COV	[395-395]	395	4053
COV	[396-396]	396	4003
COV	[397-397]	397	3947
COV	[398-398]	398	4015
COV	[399-399]	399	4100
COV	[400-400]	400	3885
COV	[401-401]	401	4031
COV	[402-402]	402	3955
COV	[403-403]	403	3931
COV	[404-404]	404	4068
COV	[405-405]	405	3935
COV	[406-406]	406	3919
COV	[407-407]	407	4002
COV	[408-408]	408	3978
COV	[409-409]	409	3972
COV	[410-410]	410	4037
COV	[411-411]	411	3842
COV	[412-412]	412	3980
COV	[413-413]	413	3889
COV	[414-414]	414	3933
COV	[415-415]	415	3879
COV	[416-416]	416	3790
COV	[417-417]	417	3809
COV	[418-418]	418	3837
COV	[419-419]	419	3968
COV	[420-420]	420	3801
COV	[421-421]	421	3907
COV	[422-422]	422	3822
COV	[423-423]	423	3826
COV	[424-424]	424	3855
COV	[425-425]	425	3824
COV	[426-426]	426	3674
COV	[427-427]	427	3846
COV	[428-428]	428	3751
COV	[429-429]	429	3775
COV	[430-430]	430	3709
COV	[431-431]	431	3666
COV	[432-432]	432	3787
COV	[433-433]	433	3824
COV	[434-434]	434	3771
COV	[435-435]	435	3656
COV	[436-436]	436	3657
COV	[437-437]	437	3543
COV	[438-438]	438	3568
COV	[439-439]	439	3598
COV	[440-440]	440	3651
COV	[441-441]	441	3660
COV	[442-442]	442	3569
COV	[443-443]	443	3587
COV	[444-444]	444	3656
COV	[445-445]	445	3621
COV	[446-446]	446	3724
COV	[447-447]	447	3721
COV	[448-448]	448	3680
COV	[449-449]	449	3540
COV	[450-450]	450	3631
COV	[451-451]	451	3763
COV	[452-452]	452	3572
COV	[453-453]	453	3494
COV	[454-454]	454	3617
COV	[455-455]	455	3639
COV	[456-456]	456	3636
COV	[457-457]	457	3606
COV	[458-458]	458	3675
COV	[459-459]	459	3629
COV	[460-460]	460	3741
COV	[461-461]	461	3493
COV	[462-462]	462	3541
COV	[463-463]	463	3463
COV	[464-464]	464	3481
COV	[465-465]	465	3381
COV	[466-466]	466	3369
COV	[467-467]	467	3342
COV	[468-468]	468	3278
COV	[469-469]	469	3335
COV	[470-470]	470	3402
COV	[471-471]	471	3307
COV	[472-472]	472	3282
COV	[473-473]	473	3507
COV	[474-474]	474	3300
COV	[475-475]	475	3451
COV	[476-476]	476	3390
COV	[477-477]	477	3187
COV	[478-478]	478	3310
COV	[479-479]	479	3223
COV	[480-480]	480	3286
COV	[481-481]	481	3243
COV	[482-482]	482	3319
COV	[483-483]	483	3354
COV	[484-484]	484	3272
COV	[485-485]	485	3364
COV	[486-486]	486	3312
COV	[487-487]	487	3335
COV	[488-488]	488	3322
COV	[489-489]	489	3181
COV	[490-490]	490	3292
COV	[491-491]	491	3293
COV	[492-492]	492	3203
COV	[493-493]	493	3263
COV	[494-494]	494	3172
COV	[495-495]	495	3214
COV	[496-496]	496	3157
COV	[497-497]	497	3177
COV	[498-498]	498	3050
COV	[499-499]	499	3176
COV	[500-500]	500	3156
COV	[501-501]	501	3042
COV	[502-502]	502	3076
COV	[503-503]	503	3113
COV	[504-504]	504	3011
COV	[505-505]	505	3088
COV	[506-506]	506	2959
COV	[507-507]	507	2975
COV	[508-508]	508	2970
COV	[509-509]	509	2961
COV	[510-510]	510	3031
COV	[511-511]	511	2884
COV	[512-512]	512	2909
COV	[513-513]	513	2867
COV	[514-514]	514	2866
COV	[515-515]	515	2863
COV	[516-516]	516	2926
COV	[517-517]	517	2897
COV	[518-518]	518	2896
COV	[519-519]	519	2870
COV	[520-520]	520	2979
COV	[521-521]	521	2792
COV	[522-522]	522	2885
COV	[523-523]	523	2821
COV	[524-524]	524	2878
COV	[525-525]	525	2855
COV	[526-526]	526	2985
COV	[527-527]	527	2882
COV	[528-528]	528	2707
COV	[529-529]	529	2704
COV	[530-530]	530	2809
COV	[531-531]	531	2701
COV	[532-532]	532	2757
COV	[533-533]	533	2715
COV	[534-534]	534	2692
COV	[535-535]	535	2668
COV	[536-536]	536	2758
COV	[537-537]	537	2554
COV	[538-538]	538	2664
COV	[539-539]	539	2559
COV	[540-540]	540	2560
COV	[541-541]	541	2711
COV	[542-542]	542	2631
COV	[543-543]	543	2611
COV	[544-544]	544	2619
COV	[545-545]	545	2536
COV	[546-546]	546	2628
COV	[547-547]	547	2530
COV	[548-548]	548	2560
COV	[549-549]	549	2513
COV	[550-550]	550	2433
COV	[551-551]	551	2452
COV	[552-552]	552	2517
COV	[553-553]	553	2517
COV	[554-554]	554	2501
COV	[555-555]	555	2467
COV	[556-556]	556	2574
COV	[557-557]	557	2543
COV	[558-558]	558	2672
COV	[559-559]	559	2567
COV	[560-560]	560	2451
COV	[561-561]	561	2499
COV	[562-562]	562	2556
COV	[563-563]	563	2555
COV	[564-564]	564	2538
COV	[565-565]	565	2440
COV	[566-566]	566	2500
COV	[567-567]	567	2484
COV	[568-568]	568	2532
COV	[569-569]	569	2452
COV	[570-570]	570	2463
COV	[571-571]	571	2476
COV	[572-572]	572	2457
COV	[573-573]	573	2461
COV	[574-574]	574	2488
COV	[575-575]	575	2453
COV	[576-576]	576	2441
COV	[577-577]	577	2443
COV	[578-578]	578	2349
COV	[579-579]	579	2437
COV	[580-580]	580	2356
COV	[581-581]	581	2375
COV	[582-582]	582	2449
COV	[583-583]	583	2513
COV	[584-584]	584	2313
COV	[585-585]	585	2364
COV	[586-586]	586	2436
COV	[587-587]	587	2407
COV	[588-588]	588	2498
COV	[589-589]	589	2388
COV	[590-590]	590	2412
COV	[591-591]	591	2523
COV	[592-592]	592	2417
COV	[593-593]	593	2454
COV	[594-594]	594	2469
COV	[595-595]	595	2449
COV	[596-596]	596	2483
COV	[597-597]	597	2372
COV	[598-598]	598	2401
COV	[599-599]	599	2395
COV	[600-600]	600	2377
COV	[601-601]	601	2441
COV	[602-602]	602	2365
COV	[603-603]	603	2423
COV	[604-604]	604	2403
COV	[605-605]	605	2376
COV	[606-606]	606	2394
COV	[607-607]	607	2365
COV	[608-608]	608	2328
COV	[609-609]	609	2395
COV	[610-610]	610	2434
COV	[611-611]	611	2379
COV	[612-612]	612	2374
COV	[613-613]	613	2388
COV	[614-614]	614	2338
COV	[615-615]	615	2389
COV	[616-616]	616	2407
COV	[617-617]	617	2387
COV	[618-618]	618	2461
COV	[619-619]	619	2317
COV	[620-620]	620	2381
COV	[621-621]	621	2429
COV	[622-622]	622	2310
COV	[623-623]	623	2354
COV	[624-624]	624	2351
COV	[625-625]	625	2387
COV	[626-626]	626	2399
COV	[627-627]	627	2435
COV	[628-628]	628	2307
COV	[629-629]	629	2368
COV	[630-630]	630	2440
COV	[631-631]	631	2359
COV	[632-632]	632	2265
COV	[633-633]	633	2351
COV	[634-634]	634	2243
COV	[635-635]	635	2209
COV	[636-636]	636	2270
COV	[637-637]	637	2240
COV	[638-638]	638	2278
COV	[639-639]	639	2204
COV	[640-640]	640	2262
COV	[641-641]	641	2329
COV	[642-642]	642	2293
COV	[643-643]	643	2318
COV	[644-644]	644	2334
COV	[645-645]	645	2343
COV	[646-646]	646	2386
COV	[647-647]	647	2395
COV	[648-648]	648	2338
COV	[649-649]	649	2303
COV	[650-650]	650	2287
COV	[651-651]	651	2276
COV	[652-652]	652	2193
COV	[653-653]	653	2255
COV	[654-654]	654	2296
COV	[655-655]	655	2276
COV	[656-656]	656	2355
COV	[657-657]	657	2354
COV	[658-658]	658	2377
COV	[659-659]	659	2378
COV	[660-660]	660	2343
COV	[661-661]	661	2287
COV	[662-662]	662	2346
COV	[663-663]	663	2413
COV	[664-664]	664	2458
COV	[665-665]	665	2443
COV	[666-666]	666	2369
COV	[667-667]	667	2421
COV	[668-668]	668	2493
COV	[669-669]	669	2571
COV	[670-670]	670	2566
COV	[671-671]	671	2578
COV	[672-672]	672	2446
COV	[673-673]	673	2400
COV	[674-674]	674	2448
COV	[675-675]	675	2494
COV	[676-676]	676	2401
COV	[677-677]	677	2481
COV	[678-678]	678	2360
COV	[679-679]	679	2445
COV	[680-680]	680	2401
COV	[681-681]	681	2538
COV	[682-682]	682	2423
COV	[683-683]	683	2508
COV	[684-684]	684	2474
COV	[685-685]	685	2355
COV	[686-686]	686	2502
COV	[687-687]	687	2355
COV	[688-688]	688	2505
COV	[689-689]	689	2448
COV	[690-690]	690	2403
COV	[691-691]	691	2410
COV	[692-692]	692	2438
COV	[693-693]	693	2428
COV	[694-694]	694	2329
COV	[695-695]	695	2361
COV	[696-696]	696	2436
COV	[697-697]	697	2299
COV	[698-698]	698	2293
COV	[699-699]	699	2293
COV	[700-700]	700	2321
COV	[701-701]	701	2367
COV	[702-702]	702	2415
COV	[703-703]	703	2383
COV	[704-704]	704	2527
COV	[705-705]	705	2442
COV	[706-706]	706	2391
COV	[707-707]	707	2444
COV	[708-708]	708	2357
COV	[709-709]	709	2430
COV	[710-710]	710	2413
COV	[711-711]	711	2562
COV	[712-712]	712	2400
COV	[713-713]	713	2344
COV	[714-714]	714	2467
COV	[715-715]	715	2420
COV	[716-716]	716	2443
COV	[717-717]	717	2406
COV	[718-718]	718	2452
COV	[719-719]	719	2374
COV	[720-720]	720	2366
COV	[721-721]	721	2315
COV	[722-722]	722	2389
COV	[723-723]	723	2405
COV	[724-724]	724	2261
COV	[725-725]	725	2283
COV	[726-726]	726	2292
COV	[727-727]	727	2321
COV	[728-728]	728	2225
COV	[729-729]	729	2335
COV	[730-730]	730	2257
COV	[731-731]	731	2222
COV	[732-732]	732	2267
COV	[733-733]	733	2366
COV	[734-734]	734	2226
COV	[735-735]	735	2164
COV	[736-736]	736	2255
COV	[737-737]	737	2142
COV	[738-738]	738	2124
COV	[739-739]	739	2202
COV	[740-740]	740	2156
COV	[741-741]	741	2153
COV	[742-742]	742	2145
COV	[743-743]	743	2150
COV	[744-744]	744	2185
COV	[745-745]	745	2186
COV	[746-746]	746	2153
COV	[747-747]	747	2187
COV	[748-748]	748	2187
COV	[749-749]	749	2130
COV	[750-750]	750	2135
COV	[751-751]	751	2186
COV	[752-752]	752	2036
COV	[753-753]	753	2100
COV	[754-754]	754	2113
COV	[755-755]	755	2045
COV	[756-756]	756	2106
COV	[757-757]	757	2079
COV	[758-758]	758	2078
COV	[759-759]	759	2089
COV	[760-760]	760	2064
COV	[761-761]	761	2090
COV	[762-762]	762	2020
COV	[763-763]	763	1947
COV	[764-764]	764	1978
COV	[765-765]	765	1969
COV	[766-766]	766	1900
COV	[767-767]	767	1907
COV	[768-768]	768	1887
COV	[769-769]	769	1828
COV	[770-770]	770	1912
COV	[771-771]	771	1836
COV	[772-772]	772	1872
COV	[773-773]	773	1916
COV	[774-774]	774	1854
COV	[775-775]	775	1836
COV	[776-776]	776	1828
COV	[777-777]	777	1824
COV	[778-778]	778	1865
COV	[779-779]	779	1821
COV	[780-780]	780	1792
COV	[781-781]	781	1809
COV	[782-782]	782	1776
COV	[783-783]	783	1879
COV	[784-784]	784	1801
COV	[785-785]	785	1815
COV	[786-786]	786	1829
COV	[787-787]	787	1762
COV	[788-788]	788	1728
COV	[789-789]	789	1839
COV	[790-790]	790	1729
COV	[791-791]	791	1696
COV	[792-792]	792	1750
COV	[793-793]	793	1749
COV	[794-794]	794	1698
COV	[795-795]	795	1695
COV	[796-796]	796	1744
COV	[797-797]	797	1729
COV	[798-798]	798	1686
COV	[799-799]	799	1696
COV	[800-800]	800	1706
COV	[801-801]	801	1674
COV	[802-802]	802	1600
COV	[803-803]	803	1679
COV	[804-804]	804	1723
COV	[805-805]	805	1604
COV	[806-806]	806	1686
COV	[807-807]	807	1601
COV	[808-808]	808	1588
COV	[809-809]	809	1593
COV	[810-810]	810	1577
COV	[811-811]	811	1527
COV	[812-812]	812	1523
COV	[813-813]	813	1619
COV	[814-814]	814	1611
COV	[815-815]	815	1533
COV	[816-816]	816	1543
COV	[817-817]	817	1546
COV	[818-818]	818	1459
COV	[819-819]	819	1426
COV	[820-820]	820	1485
COV	[821-821]	821	1528
COV	[822-822]	822	1516
COV	[823-823]	823	1555
COV	[824-824]	824	1524
COV	[825-825]	825	1517
COV	[826-826]	826	1548
COV	[827-827]	827	1405
COV	[828-828]	828	1477
COV	[829-829]	829	1444
COV	[830-830]	830	1501
COV	[831-831]	831	1460
COV	[832-832]	832	1466
COV	[833-833]	833	1422
COV	[834-834]	834	1460
COV	[835-835]	835	1480
COV	[836-836]	836	1423
COV	[837-837]	837	1436
COV	[838-838]	838	1455
COV	[839-839]	839	1439
COV	[840-840]	840	1466
COV	[841-841]	841	1464
COV	[842-842]	842	1481
COV	[843-843]	843	1528
COV	[844-844]	844	1426
COV	[845-845]	845	1440
COV	[846-846]	846	1439
COV	[847-847]	847	1469
COV	[848-848]	848	1457
COV	[849-849]	849	1415
COV	[850-850]	850	1441
COV	[851-851]	851	1341
COV	[852-852]	852	1377
COV	[853-853]	853	1383
COV	[854-854]	854	1321
COV	[855-855]	855	1337
COV	[856-856]	856	1320
COV	[857-857]	857	1357
COV	[858-858]	858	1305
COV	[859-859]	859	1431
COV	[860-860]	860	1337
COV	[861-861]	861	1281
COV	[862-862]	862	1430
COV	[863-863]	863	1317
COV	[864-864]	864	1379
COV	[865-865]	865	1360
COV	[866-866]	866	1354
COV	[867-867]	867	1344
COV	[868-868]	868	1433
COV	[869-869]	869	1362
COV	[870-870]	870	1315
COV	[871-871]	871	1330
COV	[872-872]	872	1358
COV	[873-873]	873	1376
COV	[874-874]	874	1353
COV	[875-875]	875	1317
COV	[876-876]	876	1366
COV	[877-877]	877	1296
COV	[878-878]	878	1258
COV	[879-879]	879	1277
COV	[880-880]	880	1299
COV	[881-881]	881	1321
COV	[882-882]	882	1224
COV	[883-883]	883	1273
COV	[884-884]	884	1298
COV	[885-885]	885	1224
COV	[886-886]	886	1360
COV	[887-887]	887	1244
COV	[888-888]	888	1261
COV	[889-889]	889	1268
COV	[890-890]	890	1285
COV	[891-891]	891	1293
COV	[892-892]	892	1284
COV	[893-893]	893	1281
COV	[894-894]	894	1306
COV	[895-895]	895	1233
COV	[896-896]	896	1212
COV	[897-897]	897	1313
COV	[898-898]	898	1248
COV	[899-899]	899	1164
COV	[900-900]	900	1225
COV	[901-901]	901	1197
COV	[902-902]	902	1243
COV	[903-903]	903	1259
COV	[904-904]	904	1214
COV	[905-905]	905	1245
COV	[906-906]	906	1203
COV	[907-907]	907	1228
COV	[908-908]	908	1221
COV	[909-909]	909	1251
COV	[910-910]	910	1299
COV	[911-911]	911	1227
COV	[912-912]	912	1164
COV	[913-913]	913	1214
COV	[914-914]	914	1320
COV	[915-915]	915	1191
COV	[916-916]	916	1271
COV	[917-917]	917	1242
COV	[918-918]	918	1221
COV	[919-919]	919	1225
COV	[920-920]	920	1231
COV	[921-921]	921	1221
COV	[922-922]	922	1200
COV	[923-923]	923	1153
COV	[924-924]	924	1173
COV	[925-925]	925	1190
COV	[926-926]	926	1273
COV	[927-927]	927	1206
COV	[928-928]	928	1233
COV	[929-929]	929	1220
COV	[930-930]	930	1234
COV	[931-931]	931	1246
COV	[932-932]	932	1259
COV	[933-933]	933	1258
COV	[934-934]	934	1206
COV	[935-935]	935	1192
COV	[936-936]	936	1174
COV	[937-937]	937	1233
COV	[938-938]	938	1121
COV	[939-939]	939	1185
COV	[940-940]	940	1208
COV	[941-941]	941	1239
COV	[942-942]	942	1193
COV	[943-943]	943	1127
COV	[944-944]	944	1198
COV	[945-945]	945	1121
COV	[946-946]	946	1174
COV	[947-947]	947	1124
COV	[948-948]	948	1145
COV	[949-949]	949	1156
COV	[950-950]	950	1094
COV	[951-951]	951	1075
COV	[952-952]	952	1112
COV	[953-953]	953	1097
COV	[954-954]	954	1062
COV	[955-955]	955	1177
COV	[956-956]	956	1116
COV	[957-957]	957	1112
COV	[958-958]	958	1115
COV	[959-959]	959	1182
COV	[960-960]	960	1105
COV	[961-961]	961	1080
COV	[962-962]	962	1104
COV	[963-963]	963	1137
COV	[964-964]	964	1095
COV	[965-965]	965	1094
COV	[966-966]	966	1129
COV	[967-967]	967	1186
COV	[968-968]	968	1195
COV	[969-969]	969	1135
COV	[970-970]	970	1200
COV	[971-971]	971	1172
COV	[972-972]	972	1213
COV	[973-973]	973	1188
COV	[974-974]	974	1221
COV	[975-975]	975	1186
COV	[976-976]	976	1216
COV	[977-977]	977	1159
COV	[978-978]	978	1159
COV	[979-979]	979	1183
COV	[980-980]	980	1150
COV	[981-981]	981	1202
COV	[982-982]	982	1239
COV	[983-983]	983	1146
COV	[984-984]	984	1143
COV	[985-985]	985	1189
COV	[986-986]	986	1201
COV	[987-987]	987	1219
COV	[988-988]	988	1130
COV	[989-989]	989	1197
COV	[990-990]	990	1167
COV	[991-991]	991	1163
COV	[992-992]	992	1208
COV	[993-993]	993	1181
COV	[994-994]	994	1236
COV	[995-995]	995	1205
COV	[996-996]	996	1179
COV	[997-997]	997	1191
COV	[998-998]	998	1204
COV	[999-999]	999	1204
COV	[1000-1000]	1000	1162
COV	[1000<]	1000	1555578
# GC-depth. Use `grep ^GCD | cut -f 2-` to extract this part. The columns are: GC%, unique sequence percentiles, 10th, 25th, 50th, 75th and 90th depth percentile
GCD	0.0	0.030	0.007	0.007	0.007	0.033	0.044
GCD	3.0	0.031	0.141	0.141	0.141	0.141	0.141
GCD	4.0	0.032	0.030	0.030	0.030	0.030	0.030
GCD	5.0	0.033	0.044	0.044	0.059	0.074	0.074
GCD	6.0	0.034	0.222	0.222	0.222	0.222	0.222
GCD	7.0	0.035	0.081	0.081	0.152	0.222	0.222
GCD	8.0	0.038	0.015	0.019	0.037	0.044	0.044
GCD	9.0	0.045	0.007	0.052	0.089	0.222	0.814
GCD	10.0	0.051	0.015	0.057	0.081	0.215	0.674
GCD	11.0	0.055	0.007	0.013	0.122	0.324	0.429
GCD	12.0	0.059	0.015	0.020	1.447	40.734	141.370
GCD	13.0	0.067	0.007	0.022	0.089	0.800	1389.303
GCD	14.0	0.074	0.007	0.037	0.215	1.340	1.740
GCD	15.0	0.077	0.007	0.009	0.241	359.158	478.722
GCD	16.0	0.082	0.007	0.015	0.089	0.163	0.200
GCD	17.0	0.090	0.007	0.011	0.037	0.359	197.120
GCD	18.0	0.093	0.007	0.011	0.263	33.621	44.660
GCD	19.0	0.100	0.007	0.007	0.074	11.104	222.501
GCD	20.0	0.111	0.012	0.030	0.081	2.332	82.029
GCD	21.0	0.118	0.007	0.007	0.037	0.137	188.222
GCD	22.0	0.125	0.008	0.015	0.392	1.050	32.418
GCD	23.0	0.133	0.007	0.015	0.052	0.496	8.889
GCD	24.0	0.139	0.007	0.041	1.510	40.292	63.777
GCD	25.0	0.149	0.007	0.007	0.015	2.358	44.191
GCD	26.0	0.157	0.015	0.030	0.259	43.565	58.593
GCD	27.0	0.167	0.007	0.007	0.048	31.944	49.725
GCD	28.0	0.174	0.019	0.104	0.259	39.683	42.741
GCD	29.0	0.184	0.010	0.030	0.540	13.508	37.693
GCD	30.0	0.207	0.007	0.093	0.733	27.683	35.536
GCD	31.0	0.230	0.093	0.600	27.557	33.295	44.712
GCD	32.0	0.287	0.459	12.031	27.350	30.726	33.843
GCD	33.0	0.490	9.861	24.407	27.742	30.822	32.472
GCD	34.0	1.247	17.017	23.433	25.803	28.609	31.252
GCD	35.0	3.517	20.722	22.967	24.877	27.143	29.370
GCD	36.0	8.841	20.472	22.626	24.418	26.528	28.512
GCD	37.0	17.528	19.865	22.330	24.174	26.077	28.053
GCD	38.0	28.507	17.876	22.338	24.174	26.091	27.957
GCD	39.0	39.668	18.227	22.426	24.307	26.180	28.080
GCD	40.0	49.754	17.869	22.708	24.529	26.343	28.172
GCD	41.0	58.533	19.593	22.937	24.766	26.565	28.401
GCD	42.0	65.710	20.379	23.093	24.862	26.661	28.578
GCD	43.0	71.540	20.413	23.278	25.070	26.817	28.744
GCD	44.0	76.312	20.276	23.359	25.225	27.120	28.894
GCD	45.0	80.317	16.150	23.285	25.270	27.232	29.275
GCD	46.0	83.835	15.607	23.448	25.632	27.668	29.897
GCD	47.0	86.815	17.706	24.048	26.151	28.346	31.396
GCD	48.0	89.119	22.463	24.500	26.432	28.555	31.179
GCD	49.0	90.949	22.880	24.909	26.676	28.614	30.568
GCD	50.0	92.442	23.229	25.210	27.091	28.957	30.837
GCD	51.0	93.763	23.595	25.538	27.369	29.347	31.179
GCD	52.0	94.950	24.039	25.832	27.742	29.692	31.736
GCD	53.0	95.987	24.689	26.276	28.283	30.393	33.150
GCD	54.0	96.801	24.964	26.797	28.512	30.543	32.402
GCD	55.0	97.479	24.897	26.904	28.583	30.382	32.379
GCD	56.0	98.023	25.144	27.139	28.749	30.722	32.940
GCD	57.0	98.467	25.595	27.424	29.231	31.022	33.326
GCD	58.0	98.808	25.973	27.861	29.860	31.600	33.552
GCD	59.0	99.118	27.180	28.749	30.445	32.607	36.109
GCD	60.0	99.379	27.811	29.368	31.400	33.980	202.131
GCD	61.0	99.556	27.372	29.612	31.104	33.786	36.820
GCD	62.0	99.694	26.872	30.058	31.444	33.529	35.622
GCD	63.0	99.796	28.350	30.052	31.874	33.577	36.110
GCD	64.0	99.874	27.061	29.799	31.778	33.647	36.273
GCD	65.0	99.920	28.632	30.052	32.163	34.125	40.456
GCD	66.0	99.951	29.944	31.333	33.547	35.916	707.462
GCD	67.0	99.977	30.624	31.828	33.044	34.661	38.577
GCD	68.0	99.991	27.246	29.231	31.659	32.666	34.695
GCD	69.0	99.993	32.185	32.825	36.357	1317.134	1743.523
GCD	70.0	99.995	30.800	30.800	32.277	33.754	33.754
GCD	71.0	99.996	8.559	8.559	164.622	320.685	320.685
GCD	72.0	99.998	0.007	0.007	0.015	0.022	0.022
GCD	73.0	99.999	0.459	0.459	0.459	0.459	0.459
GCD	76.0	99.999	0.015	0.015	0.015	0.015	0.015
GCD	93.0	100.000	4022.044	4022.044	4022.044	4022.044	4022.044
