# This file was produced by samtools stats (1.19+htslib-1.19) and can be plotted using plot-bamstats
# This file contains statistics for all reads.
# The command line was:  stats bam_files/recal_ABOFRAM000703115255.bam
# CHK, Checksum	[2]Read Names	[3]Sequences	[4]Qualities
# CHK, CRC32 of reads which passed filtering followed by addition (32bit overflow)
CHK	51f318bb	7f9a4dd2	21de99e7
# Summary Numbers. Use `grep ^SN | cut -f 2-` to extract this part.
SN	raw total sequences:	788620223	# excluding supplementary and secondary reads
SN	filtered sequences:	0
SN	sequences:	788620223
SN	is sorted:	1
SN	1st fragments:	394304996
SN	last fragments:	394315227
SN	reads mapped:	786406020
SN	reads mapped and paired:	785011270	# paired-end technology bit set + both mates mapped
SN	reads unmapped:	2214203
SN	reads properly paired:	767099583	# proper-pair bit set
SN	reads paired:	788620223	# paired-end technology bit set
SN	reads duplicated:	0	# PCR or optical duplicate bit set
SN	reads MQ0:	74211049	# mapped and MQ=0
SN	reads QC failed:	0
SN	non-primary alignments:	0
SN	supplementary alignments:	2775603
SN	total length:	116808129966	# ignores clipping
SN	total first fragment length:	59145749400	# ignores clipping
SN	total last fragment length:	57662380566	# ignores clipping
SN	bases mapped:	116482425588	# ignores clipping
SN	bases mapped (cigar):	115501810264	# more accurate
SN	bases trimmed:	0
SN	bases duplicated:	0
SN	mismatches:	633376345	# from NM fields
SN	error rate:	5.483692e-03	# mismatches / bases mapped (cigar)
SN	average length:	148
SN	average first fragment length:	150
SN	average last fragment length:	146
SN	maximum length:	150
SN	maximum first fragment length:	150
SN	maximum last fragment length:	150
SN	average quality:	30.9
SN	insert size average:	423.7
SN	insert size standard deviation:	89.1
SN	inward oriented pairs:	384110482
SN	outward oriented pairs:	599062
SN	pairs with other orientation:	211345
SN	pairs on different chromosomes:	7584481
SN	percentage of properly paired reads (%):	97.3
# First Fragment Qualities. Use `grep ^FFQ | cut -f 2-` to extract this part.
# Columns correspond to qualities and rows to cycles. First column is the cycle number.
FFQ	1	0	0	14459	0	0	0	0	0	0	0	0	0	0	0	7159811	0	0	0	0	0	0	0	0	0	0	0	0	11454280	0	0	375676446	0	0	0	0	0	0
FFQ	2	0	0	6573	0	0	0	0	0	0	58033	0	228474	868332	231783	464963	1193879	1455960	345494	0	0	0	422839	0	5808491	0	1008995	607874	1607712	2236448	3489526	20010137	151917141	130515616	71826726	0	0	0
FFQ	3	0	0	36361	0	0	0	0	0	0	0	51779	0	181291	670015	221896	339566	1017972	1501762	240144	0	0	107522	320671	0	4905925	889770	791604	1241189	2018674	3300608	833219	20642041	152230957	131179699	71582331	0	0
FFQ	4	0	0	7391	0	0	0	0	0	0	55471	0	176747	569844	208285	394840	988705	1535326	207910	0	0	0	358845	116882	0	5254010	0	868360	801471	1151513	2346311	3168569	20055278	154031685	131570461	70437092	0	0
FFQ	5	0	0	185	0	0	0	0	0	0	57913	0	184306	513468	200054	385437	957203	1560669	185883	0	0	0	361738	120802	0	5402756	0	875727	758711	1122178	2189650	3215659	19201586	155013070	132736412	69261589	0	0
FFQ	6	0	0	32	0	0	0	0	0	0	55024	0	182880	475490	208395	396112	910772	1530313	188776	0	0	0	454583	0	5224184	0	911593	737984	1070406	2272227	3185365	20383408	154957622	132623925	68535905	0	0	0
FFQ	7	0	0	1	0	0	0	0	0	0	58124	0	173203	474859	200451	377191	912004	1488858	176655	0	0	0	471214	0	5642916	0	891130	795292	1062155	2209418	3207627	20155823	156436589	132145650	67425836	0	0	0
FFQ	8	0	0	11624	0	0	0	0	0	0	54242	0	179511	462854	204259	373418	899485	1477560	183271	0	0	0	454301	0	5165828	0	920446	785974	1063921	2234060	3181816	20423854	155816966	132100814	68310792	0	0	0
FFQ	9	0	0	0	0	0	0	0	0	0	56380	0	176291	453383	205540	383025	919995	1507358	176431	0	0	0	478092	0	5268284	0	914228	808468	1050180	2288726	3230581	20435927	155681539	131879249	68391319	0	0	0
FFQ	10	0	0	0	0	0	0	0	0	0	56550	0	180088	457596	203997	384567	888921	1482112	174544	0	0	0	468958	0	5330452	0	932700	830109	1054521	2292743	3173715	20430563	155180807	132538373	68243680	0	0	0
FFQ	11	0	0	0	0	0	0	0	0	0	60454	0	174102	439772	203539	379956	899521	1545919	176922	0	0	0	475839	0	5349787	0	925477	810568	1050724	2318675	3296994	20661701	155724048	131862588	67948410	0	0	0
FFQ	12	0	0	0	0	0	0	0	0	0	61046	0	184931	427586	200866	395916	900158	1536336	179917	0	0	0	466616	0	5345963	0	961879	805747	1042254	2362609	3278777	20686100	155440172	131925409	68102714	0	0	0
FFQ	13	0	0	0	0	0	0	0	0	0	62387	0	190026	435775	205394	405909	905756	1547700	178548	0	0	0	473255	0	5398941	0	979835	828319	1060881	2396285	3324909	20657352	155252546	131581972	68419206	0	0	0
FFQ	14	0	0	0	0	0	0	0	0	0	0	62659	0	188245	428002	206760	406327	904150	1551597	181692	0	0	133282	332628	5353700	0	983314	810928	1074040	2415564	3338601	20582873	155124399	131480288	68745947	0	0	0
FFQ	15	0	0	0	0	0	0	0	0	0	0	61690	0	187349	424026	202832	402887	909477	1533670	178079	0	0	131610	339783	5306193	0	983578	817081	1055809	2406359	3350489	20595612	155305901	131414772	68697799	0	0	0
FFQ	16	0	0	2	0	0	0	0	0	0	0	63282	0	186414	419911	204589	400462	909852	1552715	179121	0	0	132329	341638	5313354	0	988769	814669	1059727	2415423	3368718	20608271	154978626	131843572	68523552	0	0	0
FFQ	17	0	0	0	0	0	0	0	0	0	0	64507	0	187683	418219	209861	400422	918772	1572930	183377	0	0	135631	340245	5303260	0	994864	807291	1060909	2423894	3392454	20689026	155087470	131671534	68442647	0	0	0
FFQ	18	0	0	25	0	0	0	0	0	0	65595	0	189342	420784	212763	398944	926658	1589714	185407	0	0	0	486108	0	5313041	0	1004660	814258	1071678	2438850	3422030	20736041	155069061	131835466	68124571	0	0	0
FFQ	19	0	0	0	0	0	0	0	0	0	68871	0	194632	432347	218385	406704	950460	1633972	190050	0	0	0	499022	0	5362553	0	1014298	825993	1082110	2454811	3476130	20556191	155316170	131848653	67773644	0	0	0
FFQ	20	0	0	0	0	0	0	0	0	0	69248	0	196815	434792	221667	407033	959592	1658567	193371	0	0	0	500008	0	5273032	0	1016226	819945	1088826	2465778	3498123	20499809	155165773	132269718	67566673	0	0	0
FFQ	21	0	0	0	0	0	0	0	0	0	71690	0	199022	441795	226860	410251	963558	1685480	196540	0	0	142289	365980	0	5325005	1023892	828079	1095322	2484610	3511838	1001939	19516028	156204474	131202422	67407922	0	0	0
FFQ	22	0	0	0	0	0	0	0	0	0	74675	0	204051	445903	231635	423307	985707	1724473	199465	0	0	0	517846	0	5309362	0	1043328	835643	1112977	2533001	3541630	20676584	155402786	131846352	67196271	0	0	0
FFQ	23	0	0	0	0	0	0	0	0	0	78323	0	206324	446807	236547	422593	997068	1743130	201637	0	0	149963	377354	0	5371723	1059593	834991	1115720	2537253	3585543	1044526	19705987	156168800	130957115	67063999	0	0	0
FFQ	24	0	0	0	0	0	0	0	0	0	80205	0	212039	450282	238875	423001	1009081	1761981	205001	0	0	0	534675	0	5418007	0	1068339	831781	1126365	2549351	3601721	20619507	155109084	132183492	66882209	0	0	0
FFQ	25	0	0	0	0	0	0	0	0	0	83102	0	216467	453964	244736	430187	1031819	1794095	208857	0	0	0	537983	0	5372151	0	1087726	824257	1144977	2563075	3654608	20724950	155034274	132203068	66694700	0	0	0
FFQ	26	0	0	0	0	0	0	0	95565	0	252818	519898	276283	474196	1161134	1995878	234006	0	0	0	427639	0	156316	0	5383286	0	1090946	825217	1156966	2571528	3683072	20660558	154736444	132044059	66559187	0	0	0
FFQ	27	0	0	2063	0	0	0	0	96552	0	249758	514656	274510	468403	1163247	1984611	233506	0	0	0	426378	155614	0	0	5359561	1086457	820387	1154809	2562210	3687871	1075072	19591449	155911988	130984915	66500979	0	0	0
FFQ	28	0	0	0	0	0	0	0	96286	0	251097	511605	272056	470973	1160173	1981694	230775	0	0	0	423590	0	154159	0	5296453	0	1088514	816570	1150200	2563385	3679005	20665720	154942911	132169449	66380381	0	0	0
FFQ	29	0	0	79	0	0	0	0	98520	0	258603	528305	277928	481471	1182869	2017491	234231	0	0	0	436905	154748	0	0	5272215	1101260	827609	1169999	2588814	3715169	1086011	19629643	155796398	131076853	66369875	0	0	0
FFQ	30	0	0	0	0	0	0	0	100911	0	258386	528073	279943	481882	1183116	2024411	233655	0	0	0	434501	157081	0	0	5351954	1095600	821332	1171856	2585548	3713843	1083897	19575878	155622253	131246982	66353894	0	0	0
FFQ	31	0	0	0	0	0	0	0	104838	0	265681	543743	284027	492645	1208063	2064033	242808	0	0	0	438248	160000	0	0	5383752	1108362	824865	1185923	2608812	3751862	1093393	19498857	155828306	131078939	66137839	0	0	0
FFQ	32	0	0	0	0	0	0	0	107824	0	273306	556850	292386	506800	1230767	2100021	248712	0	0	0	441918	160805	0	0	5322987	1126639	828951	1197519	2641618	3771153	1101694	19605755	155737980	130999689	66051622	0	0	0
FFQ	33	0	0	56715	0	0	0	114554	0	285263	580181	297470	524129	1250081	2153722	250070	0	0	0	617316	0	0	0	1137072	6167992	1211851	2676432	3818345	1110605	0	921582	19474478	154636139	131069332	65951667	0	0	0
FFQ	34	0	0	0	0	0	0	0	112761	0	281034	573520	299868	523506	1252980	2143820	254726	0	0	0	451218	163981	0	0	5350621	1140445	842790	1212810	2678250	3818505	1111564	19529463	155745490	130944299	65873345	0	0	0
FFQ	35	0	0	0	0	0	0	0	113853	0	281956	580774	300673	523903	1264818	2155036	257094	0	0	0	456358	164062	0	0	5347085	1141358	849749	1217077	2676296	3829279	1110861	19515723	155936896	130793589	65788556	0	0	0
FFQ	36	0	0	320	0	0	0	0	117228	0	284833	584151	301163	532465	1269494	2154913	259737	0	0	0	452081	165777	0	0	5369180	1147922	840958	1226362	2690814	3822294	1115575	19544960	155647683	131066278	65710808	0	0	0
FFQ	37	0	0	0	0	0	0	0	116900	0	281125	583753	299752	525068	1262334	2147638	255819	0	0	0	456912	163800	0	0	5372700	1138188	838737	1223170	2672714	3824720	1109163	19523874	155737034	131023720	65747875	0	0	0
FFQ	38	0	0	0	0	0	0	0	118144	0	288807	594242	304189	539722	1285568	2169392	262539	0	0	0	453630	164733	0	0	5344962	1155574	842738	1240223	2703941	3837261	1121442	19517446	155737767	130902434	65720242	0	0	0
FFQ	39	0	0	0	0	0	0	0	119021	0	289365	606334	307828	542473	1290331	2188211	258143	0	0	0	468309	163808	0	0	5283515	1160102	861016	1244626	2711831	3877507	1122058	19544372	155456009	131083769	65726368	0	0	0
FFQ	40	0	0	0	0	0	0	0	121690	0	294379	614042	310875	551199	1306768	2205221	263157	0	0	0	469315	166759	0	0	5282666	1171381	869883	1257748	2735316	3895400	1130275	19536629	155590793	130913668	65617832	0	0	0
FFQ	41	0	0	168412	0	0	0	128807	0	306669	649039	319739	568846	1338952	2267035	267847	0	0	0	658776	0	0	0	1182044	6242973	1280329	2758321	3949017	1138671	0	957090	19537422	154411930	130661510	65511567	0	0	0
FFQ	42	0	0	0	0	0	0	0	127936	0	305228	642322	319835	573239	1347754	2259316	269518	0	0	0	486362	170343	0	0	5369108	1188078	878994	1282632	2771184	3945661	1144717	19498776	155507085	130725114	65491794	0	0	0
FFQ	43	0	0	0	0	0	0	0	129621	0	305930	642533	320355	567236	1346047	2268936	270829	0	0	0	484896	168661	0	0	5322592	1185873	878490	1284323	2760613	3938482	1145147	19495227	155370729	130785088	65633388	0	0	0
FFQ	44	0	0	0	0	0	0	0	131045	0	306186	644952	321650	570122	1343895	2260247	272127	0	0	0	480742	169883	0	0	5329625	1184574	878172	1275303	2763540	3914639	1143279	19513860	155443367	130721890	65635898	0	0	0
FFQ	45	0	0	0	0	0	0	0	134934	0	308068	646879	325503	577976	1359556	2277938	276658	0	0	0	481513	172105	0	0	5349397	1197464	875042	1284355	2779103	3942588	1152615	19585806	155319325	130698883	65559288	0	0	0
FFQ	46	0	0	0	0	0	0	0	137301	0	314965	664673	330428	583481	1375573	2312615	284763	0	0	0	488712	173255	0	0	5344790	1205999	886651	1299545	2801716	3975031	1162864	19550110	155295090	130631369	65486065	0	0	0
FFQ	47	0	0	0	0	0	0	0	142873	0	318022	669278	330908	595167	1384278	2317486	285618	0	0	0	488546	176832	0	0	5352842	1209953	889401	1303047	2815850	3979349	1165484	19527133	155344517	130553181	65455231	0	0	0
FFQ	48	0	0	0	0	0	0	0	142709	0	322054	682137	336983	603378	1408899	2362445	287049	0	0	0	498113	174881	0	0	5293021	1222337	896159	1322141	2830534	4021568	1172792	19428544	155325548	130568284	65405420	0	0	0
FFQ	49	0	0	0	0	0	0	144781	0	330627	697428	342612	614801	1425545	2393635	292652	0	0	0	500173	0	176787	0	0	5317400	1236862	903484	1341813	2867099	4050727	1179549	19451209	155107777	130611833	65318202	0	0	0
FFQ	50	0	0	238	0	0	0	146127	0	329665	713145	341325	622146	1430074	2387508	288794	0	0	0	512434	0	177237	0	0	5360224	1230630	918699	1340378	2867534	4070089	1181021	19321595	155225986	130455192	65384955	0	0	0
FFQ	51	0	0	0	0	0	0	146557	0	333803	714749	344660	626221	1439082	2403139	291577	0	0	0	512093	0	174382	0	0	5264425	1241954	922783	1348748	2887803	4085304	1188660	19409089	155081036	130484638	65404293	0	0	0
FFQ	52	0	0	0	0	0	0	146868	0	333124	722464	348664	622685	1439187	2407747	290464	0	0	0	517974	0	173970	0	0	5253677	1242022	921979	1351209	2875882	4077359	1180323	19454231	155261725	130415179	65268263	0	0	0
FFQ	53	0	0	0	0	0	0	153910	0	340094	728109	353774	639879	1469132	2448143	301493	0	0	0	513865	0	179827	0	0	5340023	1255409	913344	1366955	2894782	4092505	1192907	19419733	154843999	130671082	65186031	0	0	0
FFQ	54	0	0	0	0	0	0	154488	0	346181	743386	357568	649617	1482956	2469499	302687	0	0	0	522541	0	180051	0	0	5322690	1262928	929513	1374701	2918219	4131379	1200697	19387051	154904714	130477163	65186967	0	0	0
FFQ	55	0	0	0	0	0	0	156495	0	352703	754189	360932	660797	1496433	2489352	305643	0	0	0	522782	0	180655	0	0	5292727	1279654	938224	1387131	2945318	4144305	1213041	19434067	154956014	130308840	65125694	0	0	0
FFQ	56	0	0	69	0	0	0	160299	0	355533	771140	367650	669795	1510228	2513673	307466	0	0	0	536595	0	181661	0	0	5300202	1285106	955559	1398933	2960079	4191478	1214955	19417850	154852677	130178662	65175386	0	0	0
FFQ	57	0	0	0	0	0	0	163505	0	358013	772429	369937	673319	1524713	2525473	309334	0	0	0	538024	0	183798	0	0	5326578	1284862	947704	1395575	2966246	4186829	1214900	19407366	154987870	130115234	65053287	0	0	0
FFQ	58	0	0	0	0	0	0	166918	0	364294	784908	373495	683852	1537477	2556932	315459	0	0	0	537471	0	187043	0	0	5324065	1302569	954108	1414391	2983970	4200989	1224778	19461466	154849892	130113205	64967714	0	0	0
FFQ	59	0	0	202	0	0	0	168898	0	364712	794697	377954	684145	1543992	2571189	318252	0	0	0	544572	0	186641	0	0	5309927	1300181	958665	1418584	2979414	4221342	1222613	19421698	154867331	130041960	65008027	0	0	0
FFQ	60	0	0	0	0	0	0	169337	0	363891	785423	373122	681401	1540928	2549112	319089	0	0	0	536190	0	185313	0	0	5288850	1297091	940325	1411635	2969528	4183406	1225541	19425085	154754201	130162785	65142743	0	0	0
FFQ	61	0	0	55084	0	0	0	173803	0	373382	810360	380420	699968	1565785	2602933	323090	0	0	0	548993	187132	0	0	0	6608323	963863	1435467	3014315	4233001	1231862	0	20418756	153589241	130120537	64968681	0	0	0
FFQ	62	0	0	72	0	0	0	174216	0	382366	835276	390154	720296	1592908	2636408	322705	0	0	0	569831	0	188616	0	0	5283983	1330411	990585	1451807	3058580	4301696	1247339	19355944	154547549	129962643	64961611	0	0	0
FFQ	63	0	0	0	0	0	0	177127	0	382378	835445	394175	719944	1592557	2656137	324709	0	0	0	566595	189842	0	0	0	6636419	979413	1450568	3050707	4296684	1245209	0	20407077	153306843	130093043	65000124	0	0	0
FFQ	64	0	0	0	0	0	0	180133	0	388050	838127	394372	726594	1605232	2665388	332869	0	0	0	557139	0	194120	0	0	5345855	1340875	973456	1460353	3064476	4282013	1250993	19387756	154362090	130129152	64825953	0	0	0
FFQ	65	0	0	0	0	0	0	181026	0	397148	859053	400517	742807	1636153	2700809	334144	0	0	0	572887	0	192268	0	0	0	6656249	995248	1476482	3105405	4360450	1265859	0	20321652	153449584	129868893	64788362	0	0
FFQ	66	0	0	0	0	0	0	182169	0	402809	871118	403832	750131	1648723	2730812	334721	0	0	0	576611	192473	0	0	0	1366930	6288884	1487065	3118264	4376136	1269286	0	1044628	19320067	153298256	129867408	64774673	0	0
FFQ	67	0	0	0	0	0	0	187379	0	405799	886383	409187	757410	1659252	2750099	339895	0	0	0	580418	194936	0	0	0	6670919	1013514	1493460	3129735	4389050	1272829	0	20414716	153275240	129777988	64696787	0	0	0
FFQ	68	0	0	0	0	0	0	190407	0	408638	894464	416081	772911	1675252	2763166	344523	0	0	0	585811	197225	0	0	0	6722386	1022352	1512221	3148732	4415358	1277157	0	20442985	153154954	129616743	64743630	0	0	0
FFQ	69	0	0	0	0	0	0	193687	0	414154	902476	418269	776830	1684639	2777283	348600	0	0	0	595631	197357	0	0	0	6710575	1030557	1511209	3161173	4444451	1284042	0	20435142	153284846	129403468	64730607	0	0	0
FFQ	70	0	0	54	0	0	0	194689	0	413751	908278	414609	779051	1681716	2773669	344076	0	0	0	596227	198504	0	0	0	1394451	6335621	1518731	3166574	4429483	1284995	0	1065658	19356563	153179222	129649216	64619858	0	0
FFQ	71	0	0	141	0	0	0	200557	0	426840	933571	424633	802773	1717254	2850242	347022	0	0	0	605754	201266	0	0	0	6715200	1045290	1540633	3201580	4493201	1295918	0	20433044	152823032	129632460	64614585	0	0	0
FFQ	72	0	0	0	0	0	0	199533	0	426389	934808	424971	799592	1723291	2850777	353293	0	0	0	602836	200900	0	0	0	6673796	1035569	1545474	3202809	4486282	1299611	0	20377795	152861940	129636711	64668619	0	0	0
FFQ	73	0	0	0	0	0	0	201385	0	428809	935181	424716	802724	1728996	2847405	354988	0	0	0	603669	200233	0	0	0	6683768	1034216	1541614	3198028	4476251	1296888	0	20361199	153016175	129613747	64555004	0	0	0
FFQ	74	0	0	10	0	0	0	201811	0	427610	920985	423583	799355	1717714	2833351	357691	0	0	0	592380	200014	0	0	0	6679065	1016859	1532026	3192620	4436448	1298815	0	20400279	153027249	129699194	64547937	0	0	0
FFQ	75	0	0	0	0	0	0	203613	0	434001	931484	429618	810919	1732571	2861476	360957	0	0	0	596572	201486	0	0	0	6694059	1020156	1541774	3210071	4454084	1304840	0	20428079	152951077	129546528	64591631	0	0	0
FFQ	76	0	0	0	0	0	0	207822	0	446495	953151	436008	837446	1764151	2909452	366922	0	0	0	602142	204532	0	0	0	6727239	1036610	1560054	3262860	4507362	1320086	0	20410977	152689971	129620034	64441682	0	0	0
FFQ	77	0	0	0	0	0	0	213309	0	455839	987540	446782	850228	1800149	2966310	373612	0	0	0	624604	206493	0	0	0	6743990	1067262	1585352	3289202	4594981	1335530	0	20385577	152633610	129394526	64350100	0	0	0
FFQ	78	0	0	9	0	0	0	214797	0	464791	1001843	452578	864792	1818897	2999570	378877	0	0	0	626163	207510	0	0	0	6740994	1077618	1601013	3330455	4616183	1350971	0	20391057	152543234	129298029	64325615	0	0	0
FFQ	79	0	0	0	0	0	0	216932	0	461967	1005901	452589	865860	1817094	3005362	376144	0	0	0	633877	207510	0	0	0	1472416	6362552	1599007	3328994	4619052	1341357	0	1101701	19233139	152538249	129341090	64324203	0	0
FFQ	80	0	0	0	0	0	0	219817	0	464853	1001828	453855	867447	1820355	3014795	382420	0	0	0	623776	210195	0	0	0	1472374	6371458	1598284	3320269	4598397	1338368	0	1083870	19261226	152543936	129344699	64312774	0	0
FFQ	81	0	0	0	0	0	0	221715	0	467021	1009978	453897	872756	1825406	3024945	386789	0	0	0	629451	209893	0	0	0	1474465	6350971	1604045	3327434	4610811	1341005	0	1086921	19260959	152473906	129350975	64321653	0	0
FFQ	82	0	0	0	0	0	0	226692	0	477188	1037259	460615	893428	1850250	3049293	388967	0	0	0	639846	214130	0	0	0	1503726	6387108	1633424	3368865	4664460	1357197	0	1102930	19258770	152280930	129303322	64206596	0	0
FFQ	83	0	0	0	0	0	0	226875	0	488340	1070800	471309	915221	1884650	3103779	388993	0	0	0	658538	213158	0	0	0	1528388	6399636	1660033	3418376	4744918	1374278	0	1134033	19283346	152157282	129014784	64168259	0	0
FFQ	84	0	0	68	0	0	0	223729	0	473885	1038851	466375	891686	1855142	3064209	387231	0	0	0	646290	208891	0	0	0	1494465	6360390	1621481	3359274	4669248	1354462	0	1110301	19305263	152465245	129084356	64224154	0	0
FFQ	85	0	0	0	0	0	0	226754	0	479740	1022192	460810	892887	1851364	3046454	393988	0	0	0	629051	211215	0	0	0	1498498	6322211	1625242	3357818	4608902	1357191	0	1080311	19287502	152384964	129464512	64103390	0	0
FFQ	86	0	0	0	0	0	0	232741	0	499253	1070275	475464	927624	1899275	3127034	405026	0	0	0	650122	215686	0	0	0	6807841	1104645	1667243	3436581	4713115	1381124	0	20395902	152146053	129066555	64083437	0	0	0
FFQ	87	0	0	47	0	0	0	235533	0	498905	1081304	478557	936176	1915078	3148028	400788	0	0	0	664849	217037	0	0	0	6853284	1119033	1668359	3450929	4767207	1387246	0	20373879	152108677	128903488	64096592	0	0	0
FFQ	88	0	0	92	0	0	0	237729	0	512957	1094322	481328	959321	1943207	3187421	407829	0	0	0	665273	218569	0	0	0	6867196	1127900	1696152	3499697	4812057	1407124	0	20272759	151991249	128945433	63977381	0	0	0
FFQ	89	0	0	0	0	0	0	239823	0	511266	1114325	487949	959482	1950199	3221467	406363	0	0	0	676653	215814	0	0	0	1557705	6382386	1693776	3488918	4823388	1399906	0	1145991	19159306	152108356	128787721	63974202	0	0
FFQ	90	0	0	768	0	0	0	243522	0	521503	1115196	490421	976786	1967482	3228731	416193	0	0	0	667497	220865	0	0	0	1583686	6354162	1711664	3520319	4812946	1411304	0	1129896	19218323	151882805	128945623	63885304	0	0
FFQ	91	0	0	1	0	0	0	251830	0	539367	1168233	507611	1013149	2020076	3309243	420944	0	0	0	702663	227083	0	0	0	1625703	6494888	1759293	3599948	4960879	1439457	0	1181338	19163902	151630193	128556494	63732701	0	0
FFQ	92	0	0	66	0	0	0	247225	0	521991	1144324	502154	981639	1977335	3265425	421579	0	0	0	692803	221810	0	0	0	6871255	1156693	1716182	3535296	4885698	1415298	0	20303882	151962665	128573723	63907953	0	0	0
FFQ	93	0	0	198	0	0	0	253678	0	526767	1128479	494894	983664	1983210	3241232	423404	0	0	0	669118	228198	0	0	0	1588143	6447142	1716979	3517884	4809786	1414076	0	1124668	19181365	151850303	128856050	63865758	0	0
FFQ	94	0	0	0	0	0	0	249584	0	529711	1138182	502004	990709	1984687	3285816	420654	0	0	0	677061	223996	0	0	0	6891302	1130946	1719141	3527247	4840106	1411670	0	20361581	151823468	128725545	63871586	0	0	0
FFQ	95	0	0	0	0	0	0	254255	0	543668	1152500	506300	1018102	2024898	3320740	437035	0	0	0	676537	227876	0	0	0	1620256	6425232	1755946	3596867	4878615	1436915	0	1135652	19197843	151548455	128735963	63811341	0	0
FFQ	96	0	0	0	0	0	0	256856	0	570423	1228202	528311	1066668	2097683	3445485	444096	0	0	0	726640	227109	0	0	0	6916293	1207633	1806589	3688907	5053521	1469977	0	20304173	151250026	128431703	63584701	0	0	0
FFQ	97	0	0	0	0	0	0	255310	0	557223	1195646	524369	1042484	2060611	3406436	436041	0	0	0	707587	225755	0	0	0	1646229	6427103	1771660	3636344	4988095	1454309	0	1179471	19159788	151444680	128489258	63696597	0	0
FFQ	98	0	0	0	0	0	0	258279	0	569127	1200417	523025	1062277	2081229	3410264	446511	0	0	0	700134	228651	0	0	0	6916374	1176136	1795943	3672672	4973476	1467211	0	20294590	151311623	128559101	63657956	0	0	0
FFQ	99	0	0	0	0	0	0	262778	0	575685	1230244	534463	1074770	2109539	3485911	443249	0	0	0	727350	229101	0	0	0	6960400	1197465	1800839	3696983	5058478	1478624	0	20293372	151207851	128343785	63594109	0	0	0
FFQ	100	0	0	0	0	0	0	260001	0	574002	1208670	526643	1066727	2096951	3449114	454761	0	0	0	700990	227796	0	0	0	1664101	6375970	1797907	3681847	4996687	1470145	0	1163289	19089450	151349287	128587293	63563365	0	0
FFQ	101	0	0	0	0	0	0	266768	0	583650	1238782	536809	1088224	2123492	3505867	457170	0	0	0	716643	231174	0	0	0	1681625	6461034	1819204	3719820	5047762	1480222	0	1178084	19111532	151191714	128414079	63451341	0	0
FFQ	102	0	0	5	0	0	274718	0	590539	1256136	537702	1099005	2136257	3520863	460118	0	0	0	953104	0	0	0	1690981	1201390	7097976	3732973	5058155	1480792	0	1180988	0	19105952	151199390	128296323	63431629	0	0	0
FFQ	103	0	0	2	0	0	0	272252	0	586522	1242386	538019	1100635	2142199	3504241	461603	0	0	0	719793	234202	0	0	0	1698935	6448081	1840600	3743185	5087767	1491336	0	1185593	19138792	151183898	128292624	63392331	0	0
FFQ	104	0	0	37	0	0	0	278025	0	613588	1304992	552159	1143844	2201640	3592397	468737	0	0	0	753069	239035	0	0	0	7011189	1254170	1893347	3838811	5220537	1522500	0	20310607	150882750	127960290	63263272	0	0	0
FFQ	105	0	0	0	0	0	0	278656	0	609219	1313177	557391	1142307	2201009	3623605	468901	0	0	0	997211	0	0	0	1740177	1253062	7151795	3826080	5229071	1514878	0	1234969	0	19085101	150825232	127959683	63293472	0	0
FFQ	106	0	0	217	0	0	0	278526	0	618374	1307551	553986	1152110	2213113	3612211	473922	0	0	0	745090	240775	0	0	0	1753929	6519861	1895246	3846384	5215419	1525577	0	1215282	19091854	150820859	128041426	63183284	0	0
FFQ	107	0	0	0	0	0	280425	0	634881	1342122	569539	1180274	2253950	3706809	479121	0	0	0	767988	240144	0	0	0	1773878	1269962	7166604	3898694	5298258	1544155	0	1240746	0	19041556	150637698	127797807	63180385	0	0
FFQ	108	0	0	30	0	0	0	281491	0	628968	1319600	565605	1170832	2231834	3674303	480273	0	0	0	987911	0	0	0	1768750	1240424	7145813	3871973	5224358	1534184	0	1215670	0	19089355	150559185	128037281	63277156	0	0
FFQ	109	0	0	0	0	0	288107	0	641389	1343960	571349	1192189	2260249	3715936	485067	0	0	0	759993	243341	0	0	0	1793528	1260779	7179602	3918366	5283953	1551595	0	1229014	0	19032192	150490463	127880187	63183737	0	0
FFQ	110	0	0	60	0	0	289073	0	654144	1377598	579994	1222128	2301810	3779651	493443	0	0	0	777093	245127	0	0	0	1814983	1287686	7194943	3969091	5368850	1565495	0	1250911	0	18989274	150325117	127756900	63061625	0	0
FFQ	111	0	0	0	0	0	292367	0	671136	1398334	589112	1248197	2332939	3841280	499966	0	0	0	787924	246280	0	0	0	1841380	1300851	7205692	4031951	5423970	1579213	0	1263446	0	19000861	150148470	127619918	62981709	0	0
FFQ	112	0	0	73	0	0	292784	0	671670	1412506	595221	1253272	2343471	3861898	503321	0	0	0	790178	245141	0	0	0	1846951	1308462	7211937	4034097	5425272	1584302	0	1263850	0	19010135	150177300	127514518	62958637	0	0
FFQ	113	0	0	0	0	0	294220	0	662615	1394452	590203	1246917	2317753	3823935	501813	0	0	0	776715	246695	0	0	0	1826798	1290932	7202335	4019263	5370425	1573739	0	1246248	0	19067955	150263214	127596286	62992483	0	0
FFQ	114	0	0	76	0	0	295494	0	660192	1386368	590589	1241720	2322226	3813519	509727	0	0	0	766685	248405	0	0	0	1830062	1281204	7219038	4012613	5352484	1570208	0	1233050	0	19085799	150230011	127654971	63000555	0	0
FFQ	115	0	0	0	0	0	301988	0	686833	1430622	601849	1279766	2376072	3903760	520711	0	0	0	792805	252633	0	0	0	1874013	1321951	7254469	4093011	5470489	1602120	0	1267579	0	19010800	150023804	127393827	62845894	0	0
FFQ	116	0	0	0	0	0	305403	0	688809	1449205	603787	1283292	2383196	3924893	513382	0	0	0	803623	251231	0	0	0	1874990	1329677	7263373	4089534	5492223	1597826	0	1278695	0	18962233	149980369	127372183	62857072	0	0
FFQ	117	0	0	0	0	0	301502	0	682221	1413603	600411	1277856	2368686	3896306	512710	0	0	0	783124	251771	0	0	0	1871538	1297677	7247815	4076439	5458871	1595808	0	1251833	0	19028380	149946215	127601619	62840611	0	0
FFQ	118	0	0	7	0	0	304750	0	701434	1456302	608346	1312365	2419820	3973408	529345	0	0	0	797880	253886	0	0	0	1903723	1333046	7288834	4161826	5539845	1619600	0	1272469	0	18962069	149807484	127382130	62676427	0	0
FFQ	119	0	0	0	0	0	309345	0	728133	1515493	626041	1354923	2485507	4073318	537514	0	0	0	830226	256262	0	0	0	1949043	1376442	7299893	4235682	5665315	1655852	0	1316318	0	18921016	149488310	127121006	62559357	0	0
FFQ	120	0	0	167	0	0	312364	0	728260	1514324	630441	1358713	2480941	4080991	534487	0	0	0	832715	257615	0	0	0	1953270	1377310	7325523	4238597	5673243	1655284	0	1315593	0	18933678	149458530	127036244	62606706	0	0
FFQ	121	0	0	0	0	0	314050	0	733461	1514481	629862	1363340	2485314	4092126	539742	0	0	0	820248	257215	0	0	0	1951934	1362546	7324148	4241758	5636558	1651696	0	1293899	0	18900283	149540404	127083128	62568803	0	0
FFQ	122	0	0	0	0	0	317269	0	741858	1529081	640545	1384476	2517574	4140772	552802	0	0	0	823538	260191	0	0	0	1964791	1371322	7346015	4274083	5675373	1657702	0	1296767	0	18868917	149357280	127085521	62499119	0	0
FFQ	123	0	0	0	0	0	311386	0	713814	1485545	624771	1338806	2458657	4068375	546118	0	0	0	805138	253576	0	0	0	1920534	1335640	7276116	4192729	5570116	1632861	0	1272432	0	18951267	149724214	127165388	62657513	0	0
FFQ	124	0	0	0	0	0	315059	0	716688	1459975	614732	1337310	2435966	4012650	550770	0	0	0	776392	258533	0	0	0	1917824	1312415	7295967	4180199	5481996	1630150	0	1232205	0	18955370	149681548	127505233	62634014	0	0
FFQ	125	0	0	0	0	0	318592	0	745143	1524626	637647	1388722	2518223	4148453	563940	0	0	0	812496	261845	0	0	0	1966934	1360628	7351747	4280853	5643622	1664561	0	1281996	0	18918855	149380823	127075244	62460046	0	0
FFQ	126	0	0	0	0	0	325057	0	769945	1568696	653090	1429647	2571975	4231036	570713	0	0	0	835980	266634	0	0	0	2023582	1397701	7390839	4378141	5770870	1696863	0	1315481	0	18917245	149039838	126765678	62385985	0	0
FFQ	127	0	0	0	0	0	325037	0	769595	1586886	657079	1435103	2575040	4267187	572249	0	0	0	844638	264999	0	0	0	2020017	1409230	7394512	4383670	5815505	1700413	0	1329211	0	18880550	149013376	126731814	62328885	0	0
FFQ	128	0	0	66	0	0	327510	0	763823	1559415	648285	1427198	2566096	4221720	575819	0	0	0	825240	267525	0	0	0	2012470	1384085	7414003	4356636	5731220	1693460	0	1297257	0	18862710	149145543	126886182	62338733	0	0
FFQ	129	0	0	56	0	0	330628	0	794785	1603994	667023	1474855	2622595	4322404	583382	0	0	0	845990	268713	0	0	0	2062677	1413052	7413118	4443576	5844997	1724059	0	1328305	0	18870158	148809151	126676894	62204584	0	0
FFQ	130	0	0	4	0	0	333855	0	822917	1666928	685735	1531574	2692581	4435183	591111	0	0	0	878745	274408	0	0	0	2114699	1472716	7462520	4563808	6000678	1762561	0	1365610	0	18801580	148404875	126447511	61995397	0	0
FFQ	131	0	0	0	0	0	332288	0	801093	1646826	681656	1507738	2649696	4395925	584433	0	0	0	872226	268565	0	0	0	2082734	1448314	7439170	4508991	5951772	1734857	0	1361688	0	18862402	148614942	126458823	62100857	0	0
FFQ	132	0	0	0	0	0	334293	0	788940	1600764	664935	1477418	2611009	4320238	591290	0	0	0	1101934	0	0	0	2048013	1400284	7415934	4437627	5775926	1715036	0	1301426	0	18909910	148812129	126857122	62140768	0	0	0
FFQ	133	0	0	0	0	0	337064	0	823192	1656719	683405	1533625	2695815	4427848	606232	0	0	0	858402	273977	0	0	0	2103726	1438928	7450924	4546475	5925297	1752437	0	1335909	0	18802174	148453655	126647590	61951602	0	0
FFQ	134	0	0	0	0	0	342233	0	852878	1712205	706513	1590109	2767798	4557706	614432	0	0	0	888777	278714	0	0	0	2162684	1491967	7492081	4664986	6097831	1789543	0	1381358	0	18745474	148161827	126229053	61776827	0	0
FFQ	135	0	0	1343	0	0	346297	0	854805	1721555	711517	1594149	2772486	4587676	618935	0	0	0	891463	279119	0	0	0	2164981	1497640	7522233	4674172	6114227	1790408	0	1387016	0	18785055	148102193	126097562	61790164	0	0
FFQ	136	0	0	133	0	0	347569	0	858028	1718726	712715	1604478	2763217	4554335	621777	0	0	0	878780	282543	0	0	0	2181011	1486746	7572199	4678390	6080158	1787981	0	1371231	0	18788795	148120372	126197556	61698256	0	0
FFQ	137	0	0	0	0	0	351382	0	867564	1740225	721377	1623383	2788387	4611456	628787	0	0	0	896438	287075	0	0	0	2193572	1504052	7601412	4716307	6146817	1799062	0	1390666	0	18748349	148052814	125934004	61701867	0	0
FFQ	138	0	0	0	0	0	349414	0	860896	1719408	714958	1608930	2775743	4593437	639058	0	0	0	878292	282664	0	0	0	2177192	1481665	7561285	4697936	6088062	1790899	0	1366815	0	18764947	148191183	125991276	61770936	0	0
FFQ	139	0	0	7	0	0	359253	0	889135	1759652	722033	1651672	2820054	4640183	637272	0	0	0	894698	290331	0	0	0	2226134	1511953	7584321	4764361	6156410	1821456	0	1381057	0	18737187	147846346	126033176	61578305	0	0
FFQ	140	0	0	0	0	0	357026	0	903578	1797782	740961	1689714	2863997	4728148	638466	0	0	0	916512	288386	0	0	0	2253739	1542161	7632693	4834888	6276978	1836238	0	1416915	0	18684162	147647269	125744606	61510777	0	0
FFQ	141	0	0	0	0	0	351853	0	896264	1772981	733169	1679944	2851237	4714504	649141	0	0	0	899849	284109	0	0	0	2237506	1513729	7563262	4811458	6211012	1837349	0	1390136	0	18719565	147691399	125946149	61550380	0	0
FFQ	142	0	0	28	0	0	361691	0	935480	1837004	754201	1751031	2933602	4823088	662965	0	0	0	927381	293202	0	0	0	2310486	1565873	7610115	4947563	6368227	1884815	0	1424493	0	18655079	147296197	125650616	61311859	0	0
FFQ	143	0	0	0	0	0	357610	0	911900	1821867	753107	1711606	2885282	4788514	649373	0	0	0	925808	285419	0	0	0	2270873	1554991	7598578	4879766	6311155	1855069	0	1424939	0	18710317	147592302	125593516	61423004	0	0
FFQ	144	0	0	0	0	0	359294	0	917288	1792860	741387	1727232	2885397	4730534	663347	0	0	0	890391	292825	0	0	0	2282878	1528366	7644945	4890826	6222341	1854246	0	1375198	0	18701642	147482671	125944075	61377253	0	0
FFQ	145	0	0	0	0	0	365548	0	941736	1869270	768908	1775142	2953941	4899650	666843	0	0	0	937820	292562	0	0	0	2316941	1579128	7669186	4983100	6411153	1879868	0	1436392	0	18635911	147235075	125441492	61245330	0	0
FFQ	146	0	0	20	0	0	0	365151	0	951628	1857394	768103	1791193	2965784	4888539	683334	0	0	0	923340	296485	0	0	0	2335911	1570134	7675605	5006540	6383135	1893858	0	1411854	0	18678617	147114636	125513655	61230080	0
FFQ	147	0	0	0	0	0	0	369782	0	960974	1887191	784176	1803872	2990984	4950010	685160	0	0	0	1230980	0	0	0	2348133	1586310	7702246	5026886	6427439	1894517	0	1434076	0	18666767	147083009	125348678	61123806	0	0
FFQ	148	0	0	0	0	0	0	378049	0	1006519	1938807	802266	1873010	3077550	5051990	705935	0	0	0	1256850	0	0	0	2421829	1622649	7751667	5141642	6557872	1933768	0	1448467	0	18548184	146669688	125269199	60849055	0	0
FFQ	149	0	0	0	0	0	0	384714	0	1025735	2006978	826916	1920099	3128044	5187882	702481	0	0	0	1307784	0	0	0	2468870	1679432	7780301	5252757	6770973	1967001	0	1519313	0	18478145	146497234	124651603	60748734	0	0
FFQ	150	0	0	1222	0	0	0	379215	0	1005844	1956043	805754	1891346	3074785	5085507	705131	0	0	0	1267787	0	0	0	2434942	6844979	2563867	5197696	6638599	1944798	0	1473516	18540240	146669304	124978361	60846060	0	0	0
# Last Fragment Qualities. Use `grep ^LFQ | cut -f 2-` to extract this part.
# Columns correspond to qualities and rows to cycles. First column is the cycle number.
LFQ	1	0	0	0	0	0	0	0	0	0	0	0	6495924	0	0	0	0	0	0	0	0	0	0	0	0	10726023	0	0	0	0	377093280	0	0	0	0	0	0	0
LFQ	2	0	0	647	0	0	0	0	176592	0	328451	554396	404262	617074	995208	2130633	286333	0	0	0	306722	163864	0	0	5783236	1280807	667252	1329759	2929548	3427050	828012	18370418	151063899	129213517	73457547	0	0	0
LFQ	3	0	0	234	0	0	0	0	0	93409	0	274914	642983	299787	463102	1117610	2379781	289589	0	0	0	447501	0	0	4693742	1045219	843646	1174314	2782884	3404601	917301	20569835	152358473	128733456	71782846	0	0	0
LFQ	4	0	0	4596	0	0	0	0	0	86989	0	297356	690943	258871	565231	1158548	2332134	275686	0	0	0	396335	110704	0	5107879	0	1029887	989810	1093530	3123236	3287604	20371333	153781692	129390364	69962499	0	0	0
LFQ	5	0	0	224	0	0	0	0	0	99140	0	312176	700616	238747	592415	1193431	2353089	246464	0	0	0	430994	112910	0	0	5255780	1039483	959316	1099088	2967120	3384435	1076728	18037146	156171151	130075096	67969678	0	0
LFQ	6	0	0	90	0	0	0	96142	0	314817	673145	270993	624537	1148512	2406830	254490	0	0	0	377543	109847	0	0	5113308	1069184	902980	1115297	3054031	3327696	1002611	19413750	155521947	129986651	67530826	0	0	0	0
LFQ	7	0	0	0	0	0	0	104994	0	315005	702733	269329	643249	1197315	2455807	247859	0	0	0	394795	119693	0	0	0	6651906	969361	1135415	3034768	3403008	991283	0	19893961	156257633	129359776	66167337	0	0	0
LFQ	8	0	0	0	0	0	0	102141	0	322841	708857	282151	651521	1204411	2514910	264206	0	0	0	379559	112594	0	0	0	6169758	945634	1172369	3064260	3345945	988237	0	19986514	155382551	129348680	67368088	0	0	0
LFQ	9	0	0	0	0	0	0	105348	0	327419	721746	289983	690478	1241225	2595220	255300	0	0	0	402659	115846	0	0	0	6255361	957937	1166672	3101091	3388097	1025736	0	20050609	155023161	128978335	67623004	0	0	0
LFQ	10	0	0	0	0	0	0	110363	0	336602	735232	298838	713663	1238703	2675355	258132	0	0	0	398756	119000	0	0	0	6322039	972440	1172992	3120309	3368735	1032303	0	19998563	154339164	129511017	67593021	0	0	0
LFQ	11	0	0	0	0	0	0	111226	0	339523	739235	304997	740315	1278402	2717443	261511	0	0	0	405287	122299	0	0	0	6347688	955143	1173316	3115434	3403385	1045890	0	20248231	154820437	128962790	67222675	0	0	0
LFQ	12	0	0	0	0	0	0	112842	0	332428	718087	305875	745952	1254727	2686371	260485	0	0	0	388835	121775	0	0	0	6344901	930567	1168228	3072816	3327844	1025660	0	20208248	154766753	128941746	67601087	0	0	0
LFQ	13	0	0	0	0	0	0	117646	0	342753	738306	312233	788399	1278925	2712820	258878	0	0	0	391927	124399	0	0	0	6410898	952284	1182013	3101353	3365514	1037727	0	20168545	154469133	128619768	67941706	0	0	0
LFQ	14	0	0	2	0	0	0	117910	0	357634	765896	318609	830190	1312028	2757271	256709	0	0	0	399190	125155	0	0	0	6398361	969476	1216090	3163341	3457583	1066602	0	20125355	154129037	128405372	68143416	0	0	0
LFQ	15	0	0	0	0	0	0	117816	0	349774	751104	321020	832716	1321398	2738213	255874	0	0	0	399443	122261	0	0	0	6322223	947392	1199809	3107947	3425641	1054741	0	20136729	154522569	128259938	68128619	0	0	0
LFQ	16	0	0	0	0	0	0	120560	0	364959	769754	321994	860209	1341484	2776361	254499	0	0	0	532921	0	0	0	1134576	6180043	1208407	3121078	3463181	1075580	0	862037	19288562	153955535	128875660	67807827	0	0	0
LFQ	17	0	0	71	0	0	0	122005	0	367882	767605	333772	872898	1346485	2774322	259509	0	0	0	523471	0	0	0	1138100	6138723	1219086	3109909	3448954	1067222	0	840992	19362136	154131507	128748124	67742454	0	0	0
LFQ	18	0	0	0	0	0	0	122305	0	374710	784345	340324	899231	1363087	2790553	263165	0	0	0	535439	0	0	0	1153147	6155976	1236264	3132105	3483006	1069662	0	855295	19427340	154166171	128755551	67407551	0	0	0
LFQ	19	0	0	0	0	0	0	125503	0	385379	806559	347965	927908	1393366	2825002	264226	0	0	0	550700	0	0	0	1162910	6245878	1243262	3151041	3542571	1085139	0	874723	19207620	154216161	128811469	67147845	0	0	0
LFQ	20	0	0	0	0	0	0	127132	0	386807	794040	351588	948729	1394935	2824454	267351	0	0	0	540509	0	0	0	1152259	6114200	1243490	3138299	3502885	1066080	0	856514	19183420	154065665	129410877	66945993	0	0	0
LFQ	21	0	0	0	0	0	0	131198	0	400046	819871	360980	973444	1420080	2857757	274753	0	0	0	550878	0	0	0	1175351	6185811	1262358	3178866	3539809	1080298	0	862413	19211784	154159166	129120059	66750305	0	0	0
LFQ	22	0	0	0	0	0	0	136636	0	405133	829687	372498	1014460	1446981	2896695	277341	0	0	0	564940	0	0	0	1193478	6186710	1283986	3223484	3576916	1114971	0	877930	19306256	154094185	128885496	66627444	0	0	0
LFQ	23	0	0	850	0	0	0	140545	0	408841	840512	378427	1018625	1456235	2883875	275427	0	0	0	574622	0	0	0	1203628	6256050	1281761	3200234	3587135	1116319	0	896241	19415131	153969592	128903878	66507299	0	0	0
LFQ	24	0	0	0	0	0	0	145280	0	425520	880278	379922	1049167	1483254	2939017	273379	0	0	0	592736	0	0	0	1235577	6334933	1316689	3271531	3684189	1142133	0	924167	19245422	153667386	129110448	66214199	0	0	0
LFQ	25	0	0	7	0	0	0	145737	0	433452	882166	390145	1084747	1512446	2975358	279759	0	0	0	593091	0	0	0	1261623	6287901	1341726	3298467	3743216	1150494	0	921609	19331785	153464009	129143635	66073854	0	0	0
LFQ	26	0	0	23	0	0	0	147665	0	433406	891138	396646	1081517	1531044	2984639	283452	0	0	0	600903	0	0	0	1252488	6296875	1350036	3274269	3752849	1144770	0	926782	19315773	153478858	129117052	66055042	0	0	0
LFQ	27	0	0	18	0	0	0	149897	0	433609	877269	392967	1086688	1526920	2963359	287382	0	0	0	590754	0	0	0	1251818	6264970	1340511	3257412	3716057	1148009	0	908837	19292262	153794933	129051587	65979968	0	0	0
LFQ	28	0	0	0	0	0	0	151232	0	448970	904542	399677	1119568	1552602	3008281	292961	0	0	0	599100	0	0	0	1271347	6200602	1363169	3308823	3766950	1163989	0	915266	19263949	153508867	129250179	65825153	0	0	0
LFQ	29	0	0	0	0	0	0	156499	0	455983	925871	411369	1147496	1587325	3052812	294824	0	0	0	612761	0	0	0	1291370	6186071	1386145	3346364	3814810	1173810	0	927163	19333901	153412408	129025747	65772498	0	0	0
LFQ	30	0	0	0	0	0	0	157883	0	461584	919364	413190	1170378	1588380	3054023	298277	0	0	0	607086	0	0	0	1300685	6252430	1383882	3370359	3829076	1184711	0	917774	19268612	153216155	129216749	65704629	0	0	0
LFQ	31	0	0	0	0	0	0	161861	0	466230	949449	419883	1188692	1621920	3075209	300614	0	0	0	625905	0	0	0	1309438	6325392	1402748	3381950	3888094	1185165	0	938995	19201766	153347078	129003139	65521699	0	0	0
LFQ	32	0	0	0	0	0	0	164547	0	476700	981360	428797	1210220	1642139	3105943	304360	0	0	0	634171	0	0	0	1332315	6281207	1435522	3432770	3941539	1188524	0	950108	19290016	153248165	128866036	65400788	0	0	0
LFQ	33	0	0	0	0	0	0	165717	0	477248	992512	438097	1220653	1650533	3133395	306628	0	0	0	645089	0	0	0	1323404	6285036	1428661	3432181	3943981	1182410	0	960073	19176000	153233295	128982700	65337614	0	0	0
LFQ	34	0	0	0	0	0	173160	0	497935	1006955	439073	1260625	1684813	3188331	316585	0	0	0	484719	162351	0	0	0	1359100	6299162	1451454	3505105	4001218	1220111	0	954294	19194596	153104040	128873961	65137639	0	0	0
LFQ	35	0	0	0	0	0	0	173589	0	488663	1003186	444233	1259952	1691210	3158266	322187	0	0	0	642050	0	0	0	1350960	6297421	1447120	3459375	3964200	1202191	0	947427	19225683	153443433	128727207	65066874	0	0	0
LFQ	36	0	0	39	0	0	0	176928	0	499163	1034446	445279	1273695	1702492	3179644	319283	0	0	0	657504	0	0	0	1368397	6333781	1471946	3506676	4034386	1211018	0	969781	19228363	153104191	128857596	64940619	0	0	0
LFQ	37	0	0	59	0	0	177945	0	499142	1037474	455968	1289676	1728496	3213487	325627	0	0	0	498993	163527	0	0	0	1368797	6346474	1486592	3518615	4054676	1212710	0	971040	19177861	152982364	128780546	65025158	0	0	0
LFQ	38	0	0	0	0	0	181202	0	522953	1064334	459658	1318012	1754756	3259346	330253	0	0	0	508165	166182	0	0	0	1399021	6336626	1508301	3573280	4113030	1239143	0	982189	19190405	152903884	128609644	64894843	0	0	0
LFQ	39	0	0	5	0	0	182065	0	521165	1068204	470573	1331724	1758657	3267662	331036	0	0	0	506478	165365	0	0	0	1404356	6264418	1518134	3582164	4121362	1235635	0	979614	19209280	152650964	128835680	64910686	0	0	0
LFQ	40	0	0	7	0	0	188720	0	526145	1099187	470109	1358592	1783856	3300176	335984	0	0	0	515473	168600	0	0	0	1419702	6285790	1529566	3626702	4178033	1248854	0	992368	19206004	152639291	128611661	64830407	0	0	0
LFQ	41	0	0	14	0	0	192575	0	537184	1107809	479773	1392620	1812031	3328300	344150	0	0	0	515387	174010	0	0	0	1442368	6360431	1558926	3674986	4221004	1263990	0	993230	19207019	152432536	128513734	64763150	0	0	0
LFQ	42	0	0	0	0	0	191545	0	526826	1114217	487471	1365117	1819228	3325947	343266	0	0	0	530986	168970	0	0	0	1412077	6385534	1542081	3614035	4183366	1237345	0	1005969	19167173	152589043	128488225	64816806	0	0	0
LFQ	43	0	0	0	0	0	198043	0	548008	1109725	482505	1392670	1834460	3362521	356844	0	0	0	689883	0	0	0	1441797	1079885	6807950	3666582	4167071	1261526	0	981625	0	19132367	152315371	128621375	64865019	0	0	0
LFQ	44	0	0	0	0	0	201810	0	563957	1193675	498257	1431497	1880571	3448219	354078	0	0	0	727637	0	0	0	1478198	1156577	6835091	3764086	4347331	1287681	0	1040408	0	19116649	152116222	128121591	64751692	0	0	0
LFQ	45	0	0	474	0	0	200712	0	557482	1148543	503667	1434826	1878923	3419667	359979	0	0	0	707463	0	0	0	1465920	1113795	6855092	3726842	4274165	1275939	0	1004744	0	19215432	152243737	128227118	64700707	0	0	0
LFQ	46	0	0	1	0	0	205277	0	566743	1166683	503166	1442265	1881689	3444077	364717	0	0	0	714164	0	0	0	1478549	1120298	6867142	3750434	4308735	1286210	0	1015756	0	19176996	152132172	128232980	64657173	0	0	0
LFQ	47	0	0	109	0	0	209715	0	562723	1160761	500370	1453775	1888101	3425209	367176	0	0	0	532841	180444	0	0	0	1476875	6382209	1600826	3749483	4280727	1292929	0	1001766	19197753	152217384	128198100	64635951	0	0	0
LFQ	48	0	0	0	0	0	213643	0	588451	1213641	516232	1490470	1943939	3521061	372092	0	0	0	736440	0	0	0	1511942	1150485	6849202	3811836	4392762	1304151	0	1032640	0	19055278	152082658	128045227	64483077	0	0	0
LFQ	49	0	0	0	0	0	214961	0	592010	1236431	528080	1494879	1958924	3553564	375256	0	0	0	746003	0	0	0	1519892	1157493	6900977	3833108	4439459	1307168	0	1045225	0	19096580	151823467	128043341	64448409	0	0	0
LFQ	50	0	0	69	0	0	216989	0	594149	1236500	521893	1516727	1968306	3566230	382828	0	0	0	744135	0	0	0	1522100	1158476	6943248	3853530	4438434	1317646	0	1036860	0	18969778	151834424	128026020	64466885	0	0	0
LFQ	51	0	0	0	0	0	215863	0	594553	1221897	531566	1518543	1970938	3574811	389296	0	0	0	732510	0	0	0	1511710	1137826	6837537	3834441	4381847	1305641	0	1014560	0	19034776	151855560	128132680	64518672	0	0	0
LFQ	52	0	0	0	0	0	222053	0	607788	1248533	533315	1541259	1994997	3610228	391508	0	0	0	745043	0	0	0	1540023	1155154	6850202	3890043	4430771	1322482	0	1029068	0	19084087	151764832	128026391	64327450	0	0	0
LFQ	53	0	0	0	0	0	226558	0	615135	1278165	539391	1570451	2013485	3640991	388760	0	0	0	762439	0	0	0	1559509	1177094	6951069	3921627	4515497	1333658	0	1051555	0	19049337	151352225	128139213	64229068	0	0	0
LFQ	54	0	0	129	0	0	224065	0	615953	1273119	543209	1583657	2029508	3647827	397749	0	0	0	757408	0	0	0	1562197	1170067	6946655	3928094	4507006	1331905	0	1040537	0	19004400	151492498	127994352	64264892	0	0	0
LFQ	55	0	0	0	0	0	229244	0	618024	1289525	548989	1575983	2031986	3657114	395927	0	0	0	764775	0	0	0	1561005	1182207	6913187	3936176	4512756	1333014	0	1052457	0	19058390	151576919	127787082	64290467	0	0	0
LFQ	56	0	0	956	0	0	234073	0	622057	1292024	544376	1584836	2036109	3666719	396224	0	0	0	765067	0	0	0	1570161	1179884	6934087	3953768	4528918	1342751	0	1048328	0	19053891	151448710	127793477	64318811	0	0	0
LFQ	57	0	0	141	0	0	235253	0	623465	1282737	549348	1595542	2047391	3663744	404990	0	0	0	761779	0	0	0	1571097	1169522	6970335	3948069	4519660	1338595	0	1043009	0	19026442	151556513	127826246	64181349	0	0	0
LFQ	58	0	0	0	0	0	240658	0	645048	1344411	562770	1627546	2098782	3775159	415464	0	0	0	792737	0	0	0	1606865	1207991	7004636	4022029	4622218	1362041	0	1073873	0	19054967	151260703	127540072	64057257	0	0	0
LFQ	59	0	0	0	0	0	247561	0	664251	1379814	579885	1666047	2144153	3835327	423465	0	0	0	809806	0	0	0	1645314	1238276	7016994	4081319	4720570	1383682	0	1092374	0	19029269	151033597	127369012	63954511	0	0	0
LFQ	60	0	0	0	0	0	243635	0	651005	1374569	582456	1647224	2135691	3820638	422006	0	0	0	803812	0	0	0	1622667	1229277	6980655	4033075	4678417	1371642	0	1087865	0	19013449	151067590	127413181	64136373	0	0	0
LFQ	61	0	0	0	0	0	250040	0	669200	1383783	576302	1679913	2153419	3854526	424426	0	0	0	808874	0	0	0	1647735	1231047	7020262	4103476	4711447	1390901	0	1087481	0	18998866	150825049	127514441	63984039	0	0	0
LFQ	62	0	0	0	0	0	250864	0	679395	1409784	588516	1706115	2180453	3913979	425370	0	0	0	825663	0	0	0	1668629	1254088	7005160	4138843	4783872	1402420	0	1112522	0	18958872	150680007	127382239	63948436	0	0	0
LFQ	63	0	0	12	0	0	251246	0	666503	1383114	591384	1702210	2163675	3885991	434577	0	0	0	803396	0	0	0	1646656	1220962	7017776	4101196	4686267	1382615	0	1072385	0	18960930	150664186	127665855	64014291	0	0	0
LFQ	64	0	0	0	0	0	259076	0	689424	1443494	596336	1719434	2209156	3956085	441243	0	0	0	831606	0	0	0	1681179	1259919	7111816	4172653	4798584	1407868	0	1103828	0	18962818	150504187	127378676	63787845	0	0	0
LFQ	65	0	0	0	0	0	260555	0	687790	1427039	605621	1727917	2226815	3955124	443172	0	0	0	832860	0	0	0	1675079	1247806	7050406	4158119	4790736	1403613	0	1104428	0	18882894	150734844	127259867	63840542	0	0	0
LFQ	66	0	0	0	0	0	262359	0	703199	1443735	607001	1739296	2240600	3993037	450763	0	0	0	831036	0	0	0	1687681	1255546	7044430	4173953	4788289	1407645	0	1090339	0	18902773	150564255	127313311	63815979	0	0	0
LFQ	67	0	0	0	0	0	268773	0	719826	1505257	619224	1774315	2286609	4073154	454915	0	0	0	855286	0	0	0	1723833	1297179	7099074	4248363	4916316	1437823	0	1126526	0	18945246	150315330	127020612	63627566	0	0	0
LFQ	68	0	0	0	0	0	268898	0	705230	1457639	616712	1775245	2262837	4036141	451234	0	0	0	843741	0	0	0	1708238	1264518	7110766	4215428	4862476	1429784	0	1109551	0	18989542	150403266	127051801	63752180	0	0	0
LFQ	69	0	0	186	0	0	270908	0	711892	1445320	610236	1784412	2261328	4038401	464531	0	0	0	835596	0	0	0	1714188	1253772	7096116	4236186	4838465	1433393	0	1094587	0	18955287	150521259	127034166	63714998	0	0	0
LFQ	70	0	0	0	0	0	278283	0	724630	1487008	618059	1809496	2295490	4084262	458479	0	0	0	858331	0	0	0	1737970	1283487	7091749	4273756	4912448	1449663	0	1122454	0	18949131	150232634	127066968	63580929	0	0	0
LFQ	71	0	0	0	0	0	277874	0	729020	1496340	628660	1824634	2311222	4135312	459669	0	0	0	858982	0	0	0	1747026	1281444	7110794	4288374	4939723	1458164	0	1121559	0	18944821	149957850	127141410	63602349	0	0	0
LFQ	72	0	0	1027	0	0	282460	0	744765	1515551	639914	1843928	2360103	4196318	480365	0	0	0	868176	0	0	0	1763734	1281144	7113274	4315364	4965002	1465206	0	1119241	0	18879546	149859902	127015562	63604645	0	0	0
LFQ	73	0	0	0	0	0	287412	0	761040	1573306	654908	1862938	2403839	4260993	487021	0	0	0	892795	0	0	0	1786612	1322274	7153120	4367390	5053049	1472892	0	1153199	0	18824009	149788238	126783427	63426765	0	0	0
LFQ	74	0	0	0	0	0	285394	0	760397	1570815	655969	1867784	2399351	4267644	489178	0	0	0	887174	0	0	0	1788269	1322414	7135029	4366531	5040452	1476192	0	1144895	0	18867169	149803788	126770533	63416249	0	0	0
LFQ	75	0	0	0	0	0	288831	0	761167	1561934	655204	1871334	2392714	4256601	489964	0	0	0	879689	0	0	0	1785168	1307171	7142583	4354777	5003555	1472832	0	1127896	0	18919354	149812078	126756854	63475521	0	0	0
LFQ	76	0	0	0	0	0	293730	0	766290	1575405	657556	1881942	2416173	4293373	493969	0	0	0	890918	0	0	0	1792651	1310408	7168843	4371187	5037918	1480011	0	1139727	0	18875782	149631922	126816716	63420706	0	0	0
LFQ	77	0	0	0	0	0	296956	0	780379	1588100	656404	1900744	2442758	4332323	501609	0	0	0	894834	0	0	0	1810497	1320472	7162621	4401211	5089981	1497674	0	1138923	0	18844007	149550338	126810915	63294481	0	0	0
LFQ	78	0	0	0	0	0	300468	0	797555	1621281	672458	1938483	2476709	4390409	506101	0	0	0	915007	0	0	0	1845641	1346583	7176232	4465187	5160317	1520979	0	1161060	0	18827566	149361922	126591439	63239830	0	0	0
LFQ	79	0	0	0	0	0	303408	0	803388	1655907	674699	1957111	2492448	4428429	503121	0	0	0	926504	0	0	0	1858901	1372224	7206061	4502127	5225208	1529077	0	1180011	0	18749185	149242804	126522553	63182061	0	0	0
LFQ	80	0	0	0	0	0	302824	0	792198	1612288	674352	1947542	2475748	4400023	506116	0	0	0	909568	0	0	0	1841691	1340713	7216102	4471438	5164859	1520264	0	1155673	0	18813638	149349173	126635530	63185487	0	0	0
LFQ	81	0	0	1865	0	0	307383	0	796438	1624906	675894	1952178	2484311	4413701	515795	0	0	0	914992	0	0	0	1851847	1343694	7218876	4481993	5180522	1519158	0	1161149	0	18786800	149268798	126621620	63193307	0	0	0
LFQ	82	0	0	0	0	0	314198	0	814982	1663131	683898	1978496	2515328	4462057	517273	0	0	0	933851	0	0	0	1878807	1364290	7255799	4523004	5256283	1532307	0	1175321	0	18809999	149057167	126506929	63072107	0	0	0
LFQ	83	0	0	0	0	0	312993	0	815632	1675584	691543	1983714	2537219	4496185	522676	0	0	0	936746	0	0	0	1880953	1364925	7264509	4528125	5253555	1540907	0	1180302	0	18835785	149010225	126398322	63085327	0	0	0
LFQ	84	0	0	2119	0	0	314264	0	822063	1675808	695293	1992111	2553750	4511944	529405	0	0	0	936330	0	0	0	1887228	1364607	7259859	4541098	5241527	1539400	0	1173528	0	18828609	149091403	126334013	63020868	0	0	0
LFQ	85	0	0	1	0	0	319164	0	844786	1728348	700960	2023543	2582085	4582296	532560	0	0	0	959168	0	0	0	1923129	1400147	7268978	4609640	5345993	1565836	0	1204764	0	18772483	148780595	126326630	62844121	0	0	0
LFQ	86	0	0	0	0	0	321094	0	851535	1724391	708727	2051176	2606398	4613962	539172	0	0	0	956272	0	0	0	1939133	1399949	7284049	4640332	5376506	1576406	0	1196212	0	18782279	148689919	126177723	62879992	0	0	0
LFQ	87	0	0	10	0	0	329949	0	878825	1792308	724707	2102361	2674144	4711586	549184	0	0	0	993217	0	0	0	1989651	1446771	7371081	4740022	5525072	1610411	0	1236525	0	18712592	148362023	125806752	62758036	0	0	0
LFQ	88	0	0	0	0	0	325062	0	865706	1773991	735168	2073074	2664520	4713254	547659	0	0	0	983210	0	0	0	1953790	1423894	7346932	4667109	5453981	1584307	0	1225055	0	18647159	148554606	125937030	62839720	0	0	0
LFQ	89	0	0	29	0	0	332627	0	879431	1768519	721949	2092063	2678187	4723960	560359	0	0	0	974338	0	0	0	1968960	1410282	7296073	4692511	5428014	1600605	0	1199788	0	18664627	148500176	126073283	62749446	0	0	0
LFQ	90	0	0	0	0	0	334697	0	871911	1780686	734940	2084652	2674402	4722671	560790	0	0	0	977513	0	0	0	1965735	1413637	7287812	4675493	5438910	1586723	0	1208271	0	18738019	148504956	126004314	62749095	0	0	0
LFQ	91	0	0	834	0	0	338908	0	873214	1768178	724547	2093032	2676667	4711257	565844	0	0	0	979241	0	0	0	1962380	1405534	7370467	4683407	5415123	1598326	0	1197031	0	18720960	148458115	126063010	62709152	0	0	0
LFQ	92	0	0	0	0	0	342433	0	887162	1781954	736038	2112640	2701106	4742229	577997	0	0	0	989142	0	0	0	1985557	1421475	7362923	4717147	5468220	1610304	0	1213578	0	18658552	148392920	125893780	62720070	0	0	0
LFQ	93	0	0	0	0	0	354943	0	922717	1871170	756743	2169039	2771599	4856676	580073	0	0	0	1031641	0	0	0	2051334	1484471	7448195	4827614	5636971	1646450	0	1254047	0	18635788	147949790	125588461	62477505	0	0	0
LFQ	94	0	0	0	0	0	351476	0	928851	1906733	774898	2187510	2800993	4932322	571627	0	0	0	1042138	0	0	0	2064593	1502992	7449475	4854696	5723903	1645717	0	1276019	0	18688173	147841479	125321220	62450412	0	0	0
LFQ	95	0	0	337	0	0	352437	0	936761	1879390	771915	2209797	2805044	4923961	588631	0	0	0	1030243	0	0	0	2074160	1471888	7465843	4879695	5691860	1655478	0	1255394	0	18657121	147734430	125479052	62451790	0	0	0
LFQ	96	0	0	0	0	0	350359	0	932298	1914636	772691	2209493	2815644	4945143	588467	0	0	0	1043678	0	0	0	2067691	1499369	7413112	4875764	5718943	1655333	0	1278057	0	18606333	147734268	125527313	62366635	0	0	0
LFQ	97	0	0	0	0	0	349484	0	932561	1881515	763886	2204161	2792277	4922671	586800	0	0	0	1021619	0	0	0	2055105	1471849	7385732	4842231	5631886	1647656	0	1245136	0	18654765	147841716	125648081	62436096	0	0	0
LFQ	98	0	0	0	0	0	357338	0	955091	1897750	772371	2249473	2847297	4973104	600540	0	0	0	1030025	0	0	0	2090513	1476767	7427354	4903318	5675634	1673022	0	1245682	0	18615784	147601983	125542882	62379299	0	0	0
LFQ	99	0	0	0	0	0	363188	0	970818	1945559	803764	2268112	2898329	5061093	602779	0	0	268285	793882	0	0	2121310	1507461	2292582	10171915	5803795	1687535	0	1284621	0	0	18571132	147361105	125279646	62258316	0	0	0
LFQ	100	0	0	0	0	0	361445	0	978117	1979964	797204	2284478	2922802	5111245	616785	0	0	266884	801079	0	0	2130504	1528337	2306702	10122351	5850567	1703997	0	1292463	0	0	18522712	147352412	125240192	62144987	0	0	0
LFQ	101	0	0	0	0	0	370778	0	1004082	2011805	807295	2325435	2954049	5175733	614604	0	0	275297	809298	0	0	2168191	1552228	2339125	10223362	5925987	1728112	0	1304406	0	0	18549358	147063652	125107466	62004964	0	0	0
LFQ	102	0	0	0	0	0	369968	0	1009329	2026263	823813	2356279	2982667	5198092	627278	0	0	276797	810346	0	0	2187639	1561970	2351372	10259581	5937550	1720966	0	1299296	0	0	18552833	147079754	124917414	61966020	0	0	0
LFQ	103	0	0	80	0	0	373864	0	1012350	2036825	828052	2349604	2987418	5220222	621818	0	0	275913	818711	0	0	2186120	1566935	2348205	10242767	5965732	1719999	0	1313830	0	0	18570086	147075310	124839498	61961888	0	0	0
LFQ	104	0	0	0	0	0	379678	0	1032806	2068213	829413	2383055	3021547	5273432	637176	0	0	283806	829517	0	0	2223516	1586562	2387976	10314363	6045964	1747675	0	1327362	0	0	18516297	146840033	124712218	61874618	0	0	0
LFQ	105	0	0	4	0	0	382730	0	1044756	2119442	859088	2409488	3071315	5359419	646011	0	0	285486	847955	0	0	2249440	1612543	2415465	10379121	6141427	1755419	0	1352253	0	0	18487963	146591756	124516064	61788082	0	0	0
LFQ	106	0	0	0	0	0	389001	0	1059726	2143708	855207	2429847	3095267	5392754	647491	0	0	288802	854268	0	0	2267109	1622102	2434943	10416881	6170532	1762743	0	1355057	0	0	18473737	146524038	124459329	61672685	0	0	0
LFQ	107	0	0	0	0	0	379719	0	1043337	2114162	853535	2409466	3080489	5370549	645018	0	0	281194	843137	0	0	2234612	1604025	2408627	10358133	6106232	1750849	0	1338458	0	0	18464667	146683758	124507743	61837517	0	0	0
LFQ	108	0	0	0	0	0	386469	0	1046552	2071929	845667	2421199	3065291	5354583	657236	0	0	282164	823198	0	0	2226621	1566365	2394632	10319888	6010891	1753757	0	1306191	0	0	18535990	146570683	124792375	61883546	0	0	0
LFQ	109	0	0	0	0	0	395288	0	1077274	2138028	854051	2454383	3111103	5415396	661137	0	0	291231	839942	0	0	2278363	1604343	2452594	10405151	6119452	1777943	0	1327967	0	0	18455122	146336225	124586842	61733392	0	0	0
LFQ	110	0	0	0	0	0	388494	0	1056052	2117715	857949	2432565	3093990	5393131	654094	0	0	284035	840445	0	0	2251511	1600669	2426387	10369249	6113987	1763102	0	1334178	0	0	18453722	146551443	124588772	61743737	0	0	0
LFQ	111	0	0	674	0	0	393901	0	1073051	2110149	838182	2463834	3105586	5399479	666432	0	0	291719	830238	0	0	2275272	1593539	2449937	10405757	6119431	1789837	0	1321184	0	0	18473085	146347134	124673021	61693785	0	0	0
LFQ	112	0	0	1	0	0	397118	0	1102469	2191665	886683	2515746	3181140	5535183	672061	0	0	290623	867007	0	0	2323688	1648302	2500559	10482750	6260703	1799750	0	1366391	0	0	18433022	146078249	124213011	61569106	0	0	0
LFQ	113	0	0	0	0	0	402473	0	1097140	2202356	884052	2517870	3185218	5527700	681921	0	0	293461	860334	0	0	2315868	1644107	2500861	10480414	6228658	1803068	0	1349820	0	0	18488567	146081738	124240819	61528782	0	0	0
LFQ	114	0	0	0	0	0	410926	0	1119823	2220950	898958	2551974	3237921	5592071	696669	0	0	300419	872344	0	0	2354349	1659445	2530848	10555043	6311565	1817951	0	1364459	0	0	18467004	145839892	124072177	61440439	0	0	0
LFQ	115	0	0	271	0	0	411335	0	1128243	2256449	910647	2564350	3263177	5672499	705824	0	0	298703	893538	0	0	2364383	1681727	2539331	10584298	6368162	1827792	0	1387009	0	0	18401058	145803056	123880586	61372789	0	0	0
LFQ	116	0	0	0	0	0	417955	0	1127428	2234450	903769	2560322	3247447	5623519	700074	0	0	301026	875673	0	0	2352803	1659139	2533473	10558249	6301070	1817992	0	1363617	0	0	18389956	145837616	124084224	61425425	0	0	0
LFQ	117	0	0	0	0	0	417419	0	1138257	2251757	904266	2580069	3274711	5676252	704059	0	0	301393	875456	0	0	2375847	1663668	2562400	10583785	6343938	1839283	0	1361724	0	0	18427301	145630563	124117056	61286023	0	0	0
LFQ	118	0	0	0	0	0	418265	0	1161488	2279871	912598	2623121	3321036	5744167	720342	0	0	307589	888932	0	0	2406700	1683917	2599484	10666260	6422469	1857737	0	1379546	0	0	18353626	145531338	123890870	61145871	0	0	0
LFQ	119	0	0	0	0	0	418592	0	1173476	2316004	926036	2657072	3350873	5804661	725523	0	0	308342	900609	0	0	2429145	1705724	2609635	10676102	6492056	1876604	0	1401611	0	0	18328857	145319647	123803151	61091507	0	0	0
LFQ	120	0	0	0	0	0	420876	0	1185623	2331919	937834	2675710	3376598	5844063	729357	0	0	311262	906337	0	0	2451635	1718771	2629534	10725232	6540021	1890518	0	1401143	0	0	18329457	145169013	123651550	61088774	0	0	0
LFQ	121	0	0	0	0	0	427604	0	1200817	2363707	951013	2692467	3408921	5899070	734180	0	0	312310	917474	0	0	2474215	1736146	2655937	10778377	6602600	1904526	0	1418501	0	0	18269660	145047726	123505112	61014864	0	0	0
LFQ	122	0	0	0	0	0	431287	0	1212880	2374871	953363	2719536	3443514	5967153	741330	0	0	316007	917910	0	0	2483667	1737060	2664870	10801689	6633969	1913953	0	1420364	0	0	18246637	144918968	123486861	60929338	0	0	0
LFQ	123	0	0	105	0	0	428172	0	1209061	2341967	945713	2721988	3417213	5901884	746446	0	0	314821	899451	0	0	2475058	1716935	2652203	10748640	6550570	1907930	0	1395492	0	0	18330801	145063352	123575869	60971556	0	0	0
LFQ	124	0	0	0	0	0	431483	0	1210491	2336181	944265	2721294	3411193	5906725	741559	0	0	315790	894544	0	0	2482078	1718386	2647273	10759947	6530476	1905656	0	1385466	0	0	18309725	145032531	123656763	60973401	0	0	0
LFQ	125	0	0	0	0	0	438489	0	1232208	2371938	963974	2758452	3455000	5975611	756373	0	0	321516	910097	0	0	2515535	1731044	2687677	10826342	6610017	1924236	0	1406128	0	0	18319714	144857222	123427927	60825727	0	0	0
LFQ	126	0	0	0	0	0	442940	0	1265159	2455406	995159	2818771	3551439	6130561	781196	0	0	329266	944319	0	0	2579534	1792078	2756052	10943526	6793978	1963392	0	1444620	0	0	18250204	144380290	122986088	60711249	0	0	0
LFQ	127	0	0	771	0	0	449262	0	1272426	2512396	1018465	2827417	3575681	6208542	782608	0	0	326262	968607	0	0	2593429	1817880	2771034	10995797	6902022	1968890	0	1477609	0	0	18211709	144266495	122752777	60615148	0	0	0
LFQ	128	0	0	0	0	0	452895	0	1273487	2493179	996259	2837063	3572090	6159293	784666	0	0	332863	954816	0	0	2595212	1808308	2773298	11017854	6855410	1972453	0	1460684	0	0	18199854	144333909	122885834	60555800	0	0	0
LFQ	129	0	0	0	0	0	450683	0	1312143	2553910	1014133	2897851	3640557	6295737	790863	0	0	334803	973735	0	0	2655029	1847497	2831938	11064110	7001615	2012750	0	1485532	0	0	18186203	143962599	122631399	60372140	0	0	0
LFQ	130	0	0	0	0	0	450656	0	1323717	2584403	1046500	2934358	3679900	6357822	806561	0	0	336046	988081	0	0	2676552	1867161	2858678	11125582	7058521	2015121	0	1507489	0	0	18121264	143714232	122554975	60307608	0	0	0
LFQ	131	0	0	0	0	0	469593	0	1368851	2681049	1081844	2998310	3774887	6518847	819933	0	0	348116	1023892	0	0	2756436	1918000	2936148	11263457	7265875	2057439	0	1550157	0	0	18113529	143180751	122122150	60065963	0	0	0
LFQ	132	0	0	16700	0	0	466701	0	1357792	2705643	1090789	2984477	3780071	6544571	820377	0	0	342172	1037156	0	0	2737117	1926653	2917499	11254230	7277122	2044571	0	1566159	0	0	18128015	143356414	121894706	60066292	0	0	0
LFQ	133	0	0	0	0	0	467845	0	1361044	2642585	1070322	2993918	3773161	6481148	833903	0	0	345294	1003077	0	0	2725740	1883630	2912099	11192532	7153128	2049512	0	1514826	0	0	18077452	143426929	122341456	60065626	0	0	0
LFQ	134	0	0	0	0	0	469744	0	1368761	2670659	1078826	3007591	3802249	6546897	831189	0	0	344982	1021659	0	0	2748712	1912014	2928773	11239798	7258961	2064555	0	1545705	0	0	18048492	143310769	122086539	60028352	0	0	0
LFQ	135	0	0	22	0	0	471016	0	1375422	2665036	1069518	3016314	3777010	6525777	833280	0	0	348461	1009174	0	0	2749588	1908517	2935999	11281246	7225279	2068768	0	1533274	0	0	18098682	143287379	122140149	59995316	0	0	0
LFQ	136	0	0	0	0	0	480119	0	1396294	2682256	1089095	3066325	3812445	6557644	846735	0	0	356834	1012193	0	0	2794748	1928250	2975704	11374782	7277127	2078651	0	1537271	0	0	18065561	143077263	122058893	59847037	0	0	0
LFQ	137	0	0	1	0	0	490556	0	1434269	2807261	1131604	3121537	3904307	6760298	855774	0	0	366615	1066014	0	0	2865027	2002015	3047842	11530687	7552310	2127687	0	1609387	0	0	17989381	142683440	121332683	59636532	0	0	0
LFQ	138	0	0	0	0	0	481601	0	1417852	2783933	1127642	3113821	3908697	6729605	874549	0	0	358830	1050139	0	0	2840837	1975306	3024227	11470449	7462370	2113968	0	1585453	0	0	17992343	142873152	121397046	59733407	0	0	0
LFQ	139	0	0	0	0	0	484409	0	1410775	2752123	1106019	3095980	3872600	6668595	864290	0	0	354925	1030371	0	0	2813196	1950754	3010269	11401532	7344891	2106299	0	1550857	0	0	18010437	142957842	121756004	59773059	0	0	0
LFQ	140	0	0	136	0	0	497915	0	1456297	2766100	1128369	3163983	3943404	6756985	880616	0	0	366657	1035792	0	0	2872715	1960116	3072223	11491483	7438571	2135294	0	1564533	0	0	17973546	142490127	121692824	59627541	0	0	0
LFQ	141	0	0	0	0	0	498410	0	1498349	2900866	1169424	3232425	4043578	6997272	894765	0	0	370125	1092033	0	0	2943423	2034360	3137483	11606752	7717594	2183018	0	1639309	0	0	17900965	142010318	121056663	59388095	0	0	0
LFQ	142	0	0	0	0	293931	0	899431	1748854	707711	1945329	2413718	4115637	545634	220856	0	0	643099	1759271	1219903	1886868	6841244	4544853	1281251	0	957877	0	0	10370239	82377314	70280355	34272576	0	0	0	0	0	0
LFQ	143	0	0	0	0	0	291952	0	885652	1726209	710184	1919397	2384591	4087915	541107	0	0	216708	635339	0	0	1732396	1198757	1862323	6815798	4477250	1265153	0	944736	0	0	10404604	82544640	70341016	34340224	0	0	0
LFQ	144	0	0	0	0	0	287036	0	848041	1633782	663236	1856512	2297947	3915863	532869	0	0	209207	593395	0	0	1654481	1138904	1788323	6713102	4246689	1226994	0	888915	0	0	10463198	82990242	70847142	34530073	0	0	0
LFQ	145	0	0	0	0	0	294606	0	870149	1621646	656901	1885541	2307408	3922725	540308	0	0	217336	583682	0	0	1683063	1134219	1822275	6727802	4245915	1242870	0	873467	0	0	10449594	82775806	70993814	34476824	0	0	0
LFQ	146	0	0	0	0	0	289909	0	863652	1636531	676040	1885643	2320907	3955593	545523	0	0	0	802855	0	0	0	1680635	1144935	1821851	6724843	4268519	1242343	0	888760	0	0	10465028	82807839	70806474	34498071	0	0
LFQ	147	0	0	0	0	0	295463	0	865704	1617736	661773	1877925	2298086	3898680	543793	0	0	0	793550	0	0	0	1678351	1130421	1813690	6716711	4228590	1240154	0	871977	0	0	10466990	82893230	70966948	34466179	0	0
LFQ	148	0	0	0	0	0	308074	0	930805	1744663	706264	1980257	2442773	4151935	570785	0	0	229664	628328	0	0	1784246	1207793	1934057	3895689	7499926	1299419	0	934218	0	0	0	10338935	82174624	70443845	34119651	0	0
LFQ	149	0	0	2	0	0	315117	0	961115	1844266	757026	2044629	2528040	4331930	578845	0	232293	0	670951	0	1835527	1258369	1970968	3996048	7681508	1317695	0	982406	0	0	0	10269695	81910512	69870074	33968935	0	0	0
LFQ	150	0	0	189140	0	0	313899	0	978026	1877524	759010	2067976	2548323	4392833	587874	0	241734	0	677472	0	1851895	1276644	1993831	7029712	4779828	1345343	0	997782	0	0	10246933	81686123	69619276	33864773	0	0	0	0
# GC Content of first fragments. Use `grep ^GCF | cut -f 2-` to extract this part.
GCF	0.25	436
GCF	0.75	527
GCF	1.26	682
GCF	2.01	923
GCF	2.76	1139
GCF	3.27	1463
GCF	4.02	1572
GCF	4.77	1806
GCF	5.28	2068
GCF	6.03	2394
GCF	6.78	2654
GCF	7.29	2969
GCF	8.04	3444
GCF	8.79	3897
GCF	9.30	4478
GCF	10.05	5306
GCF	10.80	6400
GCF	11.31	8146
GCF	12.06	10057
GCF	12.81	12857
GCF	13.32	16745
GCF	14.07	21482
GCF	14.82	28628
GCF	15.33	38556
GCF	16.08	51731
GCF	16.83	71397
GCF	17.34	98605
GCF	18.09	135552
GCF	18.84	186353
GCF	19.35	253573
GCF	20.10	343031
GCF	20.85	459974
GCF	21.36	607330
GCF	22.11	788481
GCF	22.86	1012410
GCF	23.37	1275360
GCF	24.12	1578711
GCF	24.87	1923114
GCF	25.38	2305294
GCF	26.13	2726968
GCF	26.88	3171094
GCF	27.39	3642148
GCF	28.14	4126982
GCF	28.89	4614383
GCF	29.40	5096154
GCF	30.15	5562344
GCF	30.90	6010282
GCF	31.41	6429709
GCF	32.16	6821523
GCF	32.91	7184402
GCF	33.42	7502042
GCF	33.92	7803126
GCF	34.67	8082035
GCF	35.43	8342268
GCF	35.93	8620000
GCF	36.68	8922572
GCF	37.44	9247211
GCF	37.94	9573538
GCF	38.69	9921383
GCF	39.45	10242475
GCF	39.95	10436702
GCF	40.70	10502958
GCF	41.46	10428620
GCF	41.96	10209200
GCF	42.71	9843096
GCF	43.47	9446362
GCF	43.97	9065500
GCF	44.72	8766650
GCF	45.48	8631553
GCF	45.98	8489502
GCF	46.73	8332548
GCF	47.49	8137739
GCF	47.99	7909392
GCF	48.74	7608558
GCF	49.50	7262845
GCF	50.00	6920039
GCF	50.75	6644795
GCF	51.51	6417791
GCF	52.01	6189955
GCF	52.76	5967556
GCF	53.52	5669495
GCF	54.02	5350703
GCF	54.77	4991583
GCF	55.53	4649284
GCF	56.03	4266561
GCF	56.78	3900104
GCF	57.54	3653209
GCF	58.04	3481940
GCF	58.79	3336479
GCF	59.55	3144210
GCF	60.05	2970140
GCF	60.80	2860675
GCF	61.56	2687294
GCF	62.06	2368368
GCF	62.81	2034697
GCF	63.57	1754256
GCF	64.07	1634557
GCF	64.82	1582669
GCF	65.58	1506404
GCF	66.08	1420645
GCF	66.58	1401790
GCF	67.34	1262783
GCF	68.09	1037764
GCF	68.59	803863
GCF	69.35	652853
GCF	70.10	554836
GCF	70.60	477991
GCF	71.36	395457
GCF	72.11	331989
GCF	72.61	272306
GCF	73.37	224991
GCF	74.12	192167
GCF	74.62	165947
GCF	75.38	145198
GCF	76.13	128353
GCF	76.63	118834
GCF	77.39	109957
GCF	78.14	102477
GCF	78.64	89887
GCF	79.40	81459
GCF	80.15	68408
GCF	80.65	52519
GCF	81.41	39297
GCF	82.16	31613
GCF	82.66	25396
GCF	83.42	20483
GCF	84.17	16101
GCF	84.67	13909
GCF	85.43	12153
GCF	86.18	10577
GCF	86.68	9468
GCF	87.44	8883
GCF	88.19	8339
GCF	88.69	7542
GCF	89.45	7018
GCF	90.20	6650
GCF	90.70	5768
GCF	91.46	5186
GCF	92.21	4430
GCF	92.71	3649
GCF	93.47	2809
GCF	94.22	2084
GCF	94.72	1387
GCF	95.48	1097
GCF	96.23	740
GCF	96.73	551
GCF	97.49	415
GCF	98.24	345
GCF	98.74	336
GCF	99.50	89
# GC Content of last fragments. Use `grep ^GCL | cut -f 2-` to extract this part.
GCL	0.25	1673
GCL	0.75	3651
GCL	1.26	7738
GCL	1.76	10593
GCL	2.26	12773
GCL	2.76	18270
GCL	3.27	21451
GCL	3.77	26741
GCL	4.27	29478
GCL	4.77	34717
GCL	5.28	37607
GCL	5.78	42439
GCL	6.28	44523
GCL	6.78	46993
GCL	7.29	50635
GCL	7.79	53391
GCL	8.29	54999
GCL	8.79	56099
GCL	9.30	58125
GCL	10.05	59432
GCL	10.80	60088
GCL	11.31	61752
GCL	12.06	64515
GCL	12.81	66472
GCL	13.32	70979
GCL	13.82	74284
GCL	14.32	77476
GCL	14.82	85550
GCL	15.33	91397
GCL	15.83	106740
GCL	16.33	115753
GCL	16.83	140549
GCL	17.34	157127
GCL	17.84	197155
GCL	18.34	222868
GCL	18.84	252582
GCL	19.35	324870
GCL	19.85	421366
GCL	20.35	478477
GCL	20.85	546810
GCL	21.36	704203
GCL	22.11	899793
GCL	22.86	1132748
GCL	23.37	1415753
GCL	24.12	1741796
GCL	24.87	2104959
GCL	25.38	2509516
GCL	25.88	2749534
GCL	26.38	2952763
GCL	26.88	3416697
GCL	27.39	3684795
GCL	27.89	4180532
GCL	28.39	4408485
GCL	28.89	4904909
GCL	29.40	5177750
GCL	29.90	5664209
GCL	30.40	5873893
GCL	30.90	6130105
GCL	31.41	6551839
GCL	31.91	6954630
GCL	32.41	7121806
GCL	32.91	7330719
GCL	33.42	7660830
GCL	33.92	7962944
GCL	34.42	8121083
GCL	34.92	8243032
GCL	35.43	8524060
GCL	35.93	8810576
GCL	36.43	8983818
GCL	36.93	9129578
GCL	37.44	9445589
GCL	37.94	9632058
GCL	38.44	9975273
GCL	38.94	10110036
GCL	39.45	10293477
GCL	39.95	10507420
GCL	40.45	10606738
GCL	40.95	10570574
GCL	41.46	10525205
GCL	41.96	10309494
GCL	42.71	9955561
GCL	43.47	9561853
GCL	43.97	9175259
GCL	44.72	8854040
GCL	45.48	8673311
GCL	45.98	8512626
GCL	46.48	8428594
GCL	46.98	8343537
GCL	47.49	8143611
GCL	47.99	7906816
GCL	48.49	7746464
GCL	48.99	7593291
GCL	49.50	7265155
GCL	50.00	7077762
GCL	50.50	6802234
GCL	51.01	6687356
GCL	51.51	6553257
GCL	52.01	6334415
GCL	52.51	6110968
GCL	53.02	5975314
GCL	53.52	5810262
GCL	54.02	5490748
GCL	54.77	5144182
GCL	55.53	4755258
GCL	56.03	4337794
GCL	56.78	3988524
GCL	57.54	3769083
GCL	58.04	3588161
GCL	58.54	3501774
GCL	59.05	3403356
GCL	59.55	3206065
GCL	60.05	2998456
GCL	60.55	2928140
GCL	61.06	2842412
GCL	61.56	2671973
GCL	62.06	2495172
GCL	62.56	2173179
GCL	63.07	2009071
GCL	63.57	1848523
GCL	64.07	1659903
GCL	64.57	1603441
GCL	65.08	1587193
GCL	65.58	1542526
GCL	66.08	1464221
GCL	66.58	1407018
GCL	67.09	1332491
GCL	67.59	1280009
GCL	68.09	1072380
GCL	68.59	841797
GCL	69.10	752750
GCL	69.60	680037
GCL	70.10	578231
GCL	70.60	529950
GCL	71.11	445873
GCL	71.61	414929
GCL	72.11	345504
GCL	72.61	311497
GCL	73.12	260293
GCL	73.62	243482
GCL	74.12	222165
GCL	74.62	192199
GCL	75.38	171381
GCL	76.13	152441
GCL	76.63	139918
GCL	77.39	129166
GCL	78.14	121321
GCL	78.64	110863
GCL	79.15	105493
GCL	79.65	102010
GCL	80.15	90049
GCL	80.65	73808
GCL	81.16	65792
GCL	81.66	60272
GCL	82.16	51532
GCL	82.66	47422
GCL	83.17	41864
GCL	83.67	40170
GCL	84.17	36348
GCL	84.67	35096
GCL	85.18	33503
GCL	85.68	32859
GCL	86.18	31903
GCL	86.68	31011
GCL	87.44	30566
GCL	88.19	30116
GCL	88.69	30018
GCL	89.45	29838
GCL	90.20	30043
GCL	90.70	29735
GCL	91.21	30070
GCL	91.71	30390
GCL	92.21	30413
GCL	92.71	30655
GCL	93.22	30846
GCL	93.72	31237
GCL	94.22	31598
GCL	94.72	32052
GCL	95.23	33546
GCL	95.73	34244
GCL	96.23	36811
GCL	96.73	38580
GCL	97.24	43024
GCL	97.74	46144
GCL	98.24	49908
GCL	98.74	63460
GCL	99.50	93371
# ACGT content per cycle. Use `grep ^GCC | cut -f 2-` to extract this part. The columns are: cycle; A,C,G,T base counts as a percentage of all A/C/G/T bases [%]; and N and O counts as a percentage of all A/C/G/T bases [%]
GCC	1	29.84	20.13	20.15	29.87	0.00	0.00
GCC	2	29.24	20.71	20.76	29.28	0.00	0.00
GCC	3	28.72	21.23	21.29	28.76	0.00	0.00
GCC	4	28.54	21.42	21.46	28.58	0.00	0.00
GCC	5	28.79	21.17	21.21	28.83	0.00	0.00
GCC	6	28.38	21.58	21.61	28.42	0.00	0.00
GCC	7	28.53	21.44	21.46	28.57	0.00	0.00
GCC	8	28.58	21.40	21.41	28.61	0.00	0.00
GCC	9	28.63	21.35	21.36	28.66	0.00	0.00
GCC	10	28.52	21.47	21.48	28.54	0.00	0.00
GCC	11	28.56	21.43	21.44	28.57	0.00	0.00
GCC	12	28.59	21.41	21.40	28.60	0.00	0.00
GCC	13	28.66	21.34	21.33	28.67	0.00	0.00
GCC	14	28.67	21.34	21.33	28.66	0.00	0.00
GCC	15	28.66	21.33	21.33	28.67	0.00	0.00
GCC	16	28.65	21.36	21.34	28.65	0.00	0.00
GCC	17	28.63	21.39	21.37	28.62	0.00	0.00
GCC	18	28.59	21.43	21.40	28.58	0.00	0.00
GCC	19	28.61	21.41	21.38	28.60	0.00	0.00
GCC	20	28.53	21.50	21.47	28.51	0.00	0.00
GCC	21	28.51	21.51	21.49	28.49	0.00	0.00
GCC	22	28.50	21.53	21.50	28.48	0.00	0.00
GCC	23	28.45	21.57	21.54	28.44	0.00	0.00
GCC	24	28.48	21.55	21.51	28.46	0.00	0.00
GCC	25	28.44	21.59	21.56	28.41	0.00	0.00
GCC	26	28.41	21.61	21.58	28.40	0.00	0.00
GCC	27	28.43	21.60	21.56	28.41	0.00	0.00
GCC	28	28.40	21.64	21.60	28.37	0.00	0.00
GCC	29	28.42	21.61	21.57	28.40	0.00	0.00
GCC	30	28.38	21.65	21.62	28.36	0.00	0.00
GCC	31	28.37	21.65	21.62	28.35	0.00	0.00
GCC	32	28.37	21.66	21.63	28.34	0.00	0.00
GCC	33	28.37	21.66	21.63	28.34	0.01	0.00
GCC	34	28.34	21.69	21.66	28.31	0.00	0.00
GCC	35	28.35	21.68	21.64	28.33	0.00	0.00
GCC	36	28.35	21.68	21.64	28.33	0.00	0.00
GCC	37	28.34	21.70	21.66	28.31	0.00	0.00
GCC	38	28.39	21.65	21.62	28.34	0.00	0.00
GCC	39	28.36	21.69	21.64	28.32	0.00	0.00
GCC	40	28.35	21.69	21.65	28.31	0.00	0.00
GCC	41	28.33	21.71	21.67	28.29	0.02	0.00
GCC	42	28.35	21.69	21.66	28.30	0.00	0.00
GCC	43	28.34	21.71	21.66	28.29	0.00	0.00
GCC	44	28.37	21.68	21.63	28.32	0.00	0.00
GCC	45	28.34	21.71	21.66	28.29	0.00	0.00
GCC	46	28.32	21.72	21.68	28.28	0.00	0.00
GCC	47	28.33	21.71	21.66	28.30	0.00	0.00
GCC	48	28.34	21.70	21.66	28.30	0.00	0.00
GCC	49	28.32	21.72	21.68	28.28	0.00	0.00
GCC	50	28.36	21.69	21.64	28.31	0.00	0.00
GCC	51	28.32	21.72	21.68	28.27	0.00	0.00
GCC	52	28.32	21.72	21.67	28.29	0.00	0.00
GCC	53	28.33	21.71	21.67	28.29	0.00	0.00
GCC	54	28.33	21.72	21.67	28.28	0.00	0.00
GCC	55	28.34	21.71	21.66	28.29	0.00	0.00
GCC	56	28.33	21.72	21.67	28.28	0.00	0.00
GCC	57	28.32	21.73	21.69	28.26	0.00	0.00
GCC	58	28.31	21.74	21.69	28.26	0.00	0.00
GCC	59	28.33	21.71	21.67	28.29	0.00	0.00
GCC	60	28.33	21.72	21.68	28.27	0.00	0.00
GCC	61	28.31	21.73	21.69	28.27	0.01	0.00
GCC	62	28.34	21.71	21.66	28.29	0.00	0.00
GCC	63	28.31	21.74	21.69	28.26	0.00	0.00
GCC	64	28.30	21.75	21.70	28.25	0.00	0.00
GCC	65	28.32	21.73	21.68	28.27	0.00	0.00
GCC	66	28.31	21.74	21.69	28.25	0.00	0.00
GCC	67	28.32	21.73	21.69	28.27	0.00	0.00
GCC	68	28.30	21.74	21.70	28.26	0.00	0.00
GCC	69	28.29	21.76	21.71	28.24	0.00	0.00
GCC	70	28.32	21.73	21.68	28.27	0.00	0.00
GCC	71	28.31	21.74	21.69	28.26	0.00	0.00
GCC	72	28.30	21.74	21.70	28.26	0.00	0.00
GCC	73	28.31	21.74	21.69	28.26	0.00	0.00
GCC	74	28.31	21.74	21.69	28.25	0.00	0.00
GCC	75	28.31	21.74	21.68	28.27	0.00	0.00
GCC	76	28.31	21.74	21.69	28.25	0.00	0.00
GCC	77	28.31	21.75	21.69	28.26	0.00	0.00
GCC	78	28.31	21.74	21.70	28.25	0.00	0.00
GCC	79	28.31	21.74	21.70	28.25	0.00	0.00
GCC	80	28.29	21.77	21.71	28.23	0.00	0.00
GCC	81	28.30	21.76	21.70	28.24	0.00	0.00
GCC	82	28.29	21.76	21.70	28.25	0.00	0.00
GCC	83	28.29	21.76	21.71	28.24	0.00	0.00
GCC	84	28.28	21.77	21.72	28.23	0.00	0.00
GCC	85	28.29	21.77	21.71	28.23	0.00	0.00
GCC	86	28.30	21.76	21.71	28.24	0.00	0.00
GCC	87	28.29	21.76	21.71	28.24	0.00	0.00
GCC	88	28.28	21.77	21.72	28.23	0.00	0.00
GCC	89	28.28	21.78	21.72	28.23	0.00	0.00
GCC	90	28.28	21.77	21.72	28.23	0.00	0.00
GCC	91	28.27	21.78	21.73	28.22	0.00	0.00
GCC	92	28.27	21.78	21.72	28.22	0.00	0.00
GCC	93	28.30	21.76	21.70	28.24	0.00	0.00
GCC	94	28.28	21.77	21.72	28.23	0.00	0.00
GCC	95	28.27	21.78	21.73	28.22	0.00	0.00
GCC	96	28.28	21.77	21.72	28.23	0.00	0.00
GCC	97	28.28	21.77	21.71	28.23	0.00	0.00
GCC	98	28.30	21.76	21.70	28.24	0.00	0.00
GCC	99	28.28	21.78	21.72	28.23	0.00	0.00
GCC	100	28.27	21.78	21.73	28.22	0.00	0.00
GCC	101	28.27	21.78	21.73	28.22	0.00	0.00
GCC	102	28.28	21.77	21.72	28.22	0.00	0.00
GCC	103	28.26	21.79	21.74	28.21	0.00	0.00
GCC	104	28.27	21.78	21.73	28.22	0.00	0.00
GCC	105	28.26	21.79	21.73	28.21	0.00	0.00
GCC	106	28.27	21.79	21.73	28.22	0.00	0.00
GCC	107	28.29	21.76	21.71	28.24	0.00	0.00
GCC	108	28.28	21.78	21.72	28.22	0.00	0.00
GCC	109	28.28	21.78	21.72	28.22	0.00	0.00
GCC	110	28.27	21.78	21.72	28.22	0.00	0.00
GCC	111	28.27	21.79	21.72	28.22	0.00	0.00
GCC	112	28.27	21.80	21.73	28.21	0.00	0.00
GCC	113	28.26	21.80	21.73	28.21	0.00	0.00
GCC	114	28.26	21.80	21.74	28.20	0.00	0.00
GCC	115	28.26	21.80	21.73	28.21	0.00	0.00
GCC	116	28.28	21.78	21.72	28.22	0.00	0.00
GCC	117	28.24	21.82	21.75	28.19	0.00	0.00
GCC	118	28.25	21.81	21.74	28.20	0.00	0.00
GCC	119	28.27	21.80	21.72	28.21	0.00	0.00
GCC	120	28.27	21.80	21.73	28.21	0.00	0.00
GCC	121	28.25	21.81	21.74	28.20	0.00	0.00
GCC	122	28.26	21.80	21.73	28.21	0.00	0.00
GCC	123	28.26	21.80	21.73	28.20	0.00	0.00
GCC	124	28.25	21.81	21.74	28.20	0.00	0.00
GCC	125	28.25	21.81	21.74	28.20	0.00	0.00
GCC	126	28.25	21.81	21.74	28.20	0.00	0.00
GCC	127	28.23	21.84	21.77	28.17	0.00	0.00
GCC	128	28.24	21.81	21.74	28.20	0.00	0.00
GCC	129	28.24	21.82	21.75	28.19	0.00	0.00
GCC	130	28.24	21.82	21.74	28.20	0.00	0.00
GCC	131	28.23	21.84	21.76	28.17	0.00	0.00
GCC	132	28.23	21.83	21.77	28.17	0.00	0.00
GCC	133	28.23	21.83	21.75	28.18	0.00	0.00
GCC	134	28.23	21.83	21.76	28.18	0.00	0.00
GCC	135	28.22	21.84	21.77	28.17	0.00	0.00
GCC	136	28.21	21.85	21.78	28.16	0.00	0.00
GCC	137	28.20	21.85	21.78	28.16	0.00	0.00
GCC	138	28.21	21.85	21.78	28.16	0.00	0.00
GCC	139	28.22	21.84	21.77	28.17	0.00	0.00
GCC	140	28.22	21.84	21.77	28.17	0.00	0.00
GCC	141	28.21	21.85	21.78	28.16	0.00	0.00
GCC	142	28.19	21.85	21.80	28.16	0.00	0.00
GCC	143	28.18	21.86	21.81	28.15	0.00	0.00
GCC	144	28.19	21.85	21.80	28.16	0.00	0.00
GCC	145	28.18	21.86	21.81	28.15	0.00	0.00
GCC	146	28.18	21.87	21.81	28.15	0.00	0.00
GCC	147	28.17	21.88	21.82	28.14	0.00	0.00
GCC	148	28.16	21.88	21.83	28.13	0.00	0.00
GCC	149	28.16	21.88	21.83	28.13	0.00	0.00
GCC	150	28.16	21.88	21.83	28.13	0.03	0.00
# ACGT content per cycle, read oriented. Use `grep ^GCT | cut -f 2-` to extract this part. The columns are: cycle; A,C,G,T base counts as a percentage of all A/C/G/T bases [%]
GCT	1	30.54	22.26	18.03	29.17
GCT	2	30.26	20.05	21.42	28.27
GCT	3	29.07	21.20	21.33	28.40
GCT	4	28.31	21.46	21.42	28.81
GCT	5	28.54	20.56	21.82	29.08
GCT	6	28.68	21.24	21.95	28.12
GCT	7	28.53	20.69	22.21	28.57
GCT	8	28.58	21.17	21.64	28.61
GCT	9	28.35	21.27	21.44	28.94
GCT	10	28.55	21.32	21.62	28.50
GCT	11	28.49	21.36	21.51	28.64
GCT	12	28.64	21.35	21.46	28.55
GCT	13	28.75	21.20	21.47	28.58
GCT	14	28.76	21.18	21.49	28.57
GCT	15	28.68	21.28	21.39	28.65
GCT	16	28.62	21.19	21.50	28.68
GCT	17	28.62	21.28	21.48	28.62
GCT	18	28.58	21.39	21.44	28.59
GCT	19	28.52	21.30	21.50	28.68
GCT	20	28.49	21.38	21.58	28.55
GCT	21	28.58	21.39	21.61	28.42
GCT	22	28.52	21.42	21.60	28.46
GCT	23	28.41	21.55	21.56	28.48
GCT	24	28.49	21.46	21.60	28.45
GCT	25	28.43	21.46	21.69	28.42
GCT	26	28.41	21.52	21.67	28.40
GCT	27	28.40	21.53	21.63	28.44
GCT	28	28.41	21.58	21.66	28.35
GCT	29	28.45	21.53	21.65	28.37
GCT	30	28.40	21.54	21.73	28.34
GCT	31	28.41	21.55	21.73	28.32
GCT	32	28.44	21.58	21.71	28.28
GCT	33	28.43	21.52	21.77	28.28
GCT	34	28.41	21.54	21.81	28.24
GCT	35	28.42	21.55	21.77	28.26
GCT	36	28.41	21.52	21.80	28.27
GCT	37	28.41	21.54	21.82	28.23
GCT	38	28.47	21.53	21.74	28.26
GCT	39	28.44	21.56	21.77	28.24
GCT	40	28.47	21.56	21.77	28.19
GCT	41	28.42	21.59	21.78	28.20
GCT	42	28.37	21.61	21.74	28.28
GCT	43	28.42	21.63	21.74	28.21
GCT	44	28.50	21.58	21.73	28.19
GCT	45	28.41	21.59	21.78	28.22
GCT	46	28.43	21.65	21.75	28.17
GCT	47	28.45	21.60	21.76	28.19
GCT	48	28.42	21.56	21.81	28.21
GCT	49	28.42	21.60	21.80	28.18
GCT	50	28.45	21.54	21.79	28.22
GCT	51	28.44	21.62	21.79	28.16
GCT	52	28.46	21.61	21.78	28.15
GCT	53	28.44	21.57	21.80	28.18
GCT	54	28.43	21.58	21.81	28.18
GCT	55	28.48	21.58	21.79	28.15
GCT	56	28.47	21.58	21.81	28.14
GCT	57	28.43	21.61	21.81	28.15
GCT	58	28.45	21.63	21.80	28.11
GCT	59	28.45	21.59	21.79	28.17
GCT	60	28.44	21.61	21.79	28.16
GCT	61	28.44	21.62	21.80	28.14
GCT	62	28.45	21.56	21.81	28.18
GCT	63	28.45	21.59	21.84	28.12
GCT	64	28.46	21.59	21.86	28.09
GCT	65	28.45	21.58	21.83	28.14
GCT	66	28.45	21.59	21.85	28.12
GCT	67	28.48	21.59	21.83	28.10
GCT	68	28.45	21.59	21.85	28.11
GCT	69	28.42	21.67	21.80	28.11
GCT	70	28.47	21.60	21.81	28.12
GCT	71	28.45	21.56	21.87	28.12
GCT	72	28.45	21.61	21.83	28.11
GCT	73	28.46	21.61	21.82	28.11
GCT	74	28.49	21.61	21.83	28.08
GCT	75	28.49	21.60	21.82	28.09
GCT	76	28.46	21.58	21.85	28.11
GCT	77	28.44	21.58	21.86	28.12
GCT	78	28.44	21.61	21.83	28.12
GCT	79	28.46	21.58	21.86	28.10
GCT	80	28.43	21.58	21.90	28.09
GCT	81	28.46	21.57	21.88	28.08
GCT	82	28.47	21.57	21.89	28.07
GCT	83	28.45	21.59	21.88	28.08
GCT	84	28.42	21.61	21.88	28.09
GCT	85	28.45	21.60	21.88	28.08
GCT	86	28.47	21.62	21.85	28.07
GCT	87	28.42	21.60	21.87	28.11
GCT	88	28.41	21.59	21.91	28.10
GCT	89	28.45	21.59	21.90	28.06
GCT	90	28.44	21.61	21.88	28.07
GCT	91	28.41	21.63	21.89	28.07
GCT	92	28.41	21.63	21.87	28.09
GCT	93	28.45	21.56	21.90	28.09
GCT	94	28.45	21.56	21.92	28.06
GCT	95	28.41	21.62	21.89	28.08
GCT	96	28.44	21.62	21.87	28.07
GCT	97	28.46	21.60	21.88	28.06
GCT	98	28.47	21.59	21.87	28.07
GCT	99	28.41	21.58	21.92	28.09
GCT	100	28.42	21.62	21.89	28.07
GCT	101	28.45	21.61	21.90	28.03
GCT	102	28.45	21.61	21.88	28.05
GCT	103	28.42	21.64	21.89	28.05
GCT	104	28.44	21.61	21.90	28.06
GCT	105	28.44	21.59	21.93	28.04
GCT	106	28.45	21.58	21.93	28.04
GCT	107	28.46	21.54	21.93	28.07
GCT	108	28.44	21.57	21.93	28.05
GCT	109	28.45	21.56	21.94	28.04
GCT	110	28.45	21.57	21.93	28.05
GCT	111	28.44	21.59	21.92	28.05
GCT	112	28.46	21.60	21.93	28.01
GCT	113	28.47	21.62	21.91	28.00
GCT	114	28.45	21.64	21.91	28.01
GCT	115	28.44	21.62	21.92	28.03
GCT	116	28.47	21.55	21.95	28.03
GCT	117	28.42	21.59	21.98	28.01
GCT	118	28.43	21.60	21.95	28.01
GCT	119	28.45	21.59	21.93	28.03
GCT	120	28.43	21.57	21.95	28.04
GCT	121	28.43	21.58	21.97	28.02
GCT	122	28.44	21.58	21.96	28.03
GCT	123	28.42	21.60	21.94	28.04
GCT	124	28.44	21.59	21.97	28.00
GCT	125	28.43	21.59	21.95	28.02
GCT	126	28.41	21.60	21.95	28.04
GCT	127	28.41	21.62	21.98	27.99
GCT	128	28.43	21.58	21.98	28.02
GCT	129	28.42	21.59	21.99	28.01
GCT	130	28.44	21.56	22.01	28.00
GCT	131	28.43	21.59	22.01	27.97
GCT	132	28.41	21.59	22.01	27.98
GCT	133	28.40	21.59	21.99	28.01
GCT	134	28.42	21.60	21.99	27.99
GCT	135	28.43	21.60	22.00	27.97
GCT	136	28.41	21.60	22.03	27.97
GCT	137	28.39	21.59	22.04	27.97
GCT	138	28.39	21.60	22.03	27.98
GCT	139	28.42	21.58	22.03	27.97
GCT	140	28.41	21.54	22.07	27.98
GCT	141	28.39	21.57	22.05	27.98
GCT	142	28.36	21.63	22.02	27.99
GCT	143	28.36	21.64	22.02	27.98
GCT	144	28.36	21.62	22.03	27.99
GCT	145	28.35	21.62	22.05	27.98
GCT	146	28.34	21.64	22.04	27.99
GCT	147	28.32	21.65	22.04	27.98
GCT	148	28.32	21.65	22.06	27.97
GCT	149	28.32	21.62	22.10	27.97
GCT	150	28.35	21.59	22.12	27.94
# ACGT content per cycle for first fragments. Use `grep ^FBC | cut -f 2-` to extract this part. The columns are: cycle; A,C,G,T base counts as a percentage of all A/C/G/T bases [%]; and N and O counts as a percentage of all A/C/G/T bases [%]
FBC	1	29.81	20.17	20.17	29.85	0.00	0.00
FBC	2	29.32	20.66	20.67	29.35	0.00	0.00
FBC	3	28.83	21.15	21.16	28.87	0.01	0.00
FBC	4	28.71	21.27	21.27	28.75	0.00	0.00
FBC	5	28.89	21.09	21.09	28.93	0.00	0.00
FBC	6	28.51	21.47	21.47	28.55	0.00	0.00
FBC	7	28.65	21.33	21.33	28.69	0.00	0.00
FBC	8	28.66	21.32	21.32	28.70	0.00	0.00
FBC	9	28.71	21.27	21.27	28.75	0.00	0.00
FBC	10	28.59	21.39	21.40	28.62	0.00	0.00
FBC	11	28.63	21.35	21.36	28.66	0.00	0.00
FBC	12	28.64	21.34	21.34	28.68	0.00	0.00
FBC	13	28.70	21.28	21.29	28.74	0.00	0.00
FBC	14	28.70	21.28	21.29	28.73	0.00	0.00
FBC	15	28.69	21.28	21.30	28.73	0.00	0.00
FBC	16	28.68	21.29	21.30	28.72	0.00	0.00
FBC	17	28.66	21.33	21.33	28.68	0.00	0.00
FBC	18	28.60	21.38	21.38	28.64	0.00	0.00
FBC	19	28.62	21.36	21.36	28.66	0.00	0.00
FBC	20	28.54	21.44	21.45	28.57	0.00	0.00
FBC	21	28.51	21.47	21.48	28.55	0.00	0.00
FBC	22	28.49	21.48	21.49	28.53	0.00	0.00
FBC	23	28.45	21.52	21.53	28.50	0.00	0.00
FBC	24	28.48	21.51	21.50	28.51	0.00	0.00
FBC	25	28.43	21.55	21.56	28.47	0.00	0.00
FBC	26	28.41	21.56	21.58	28.45	0.00	0.00
FBC	27	28.43	21.55	21.55	28.46	0.00	0.00
FBC	28	28.39	21.59	21.60	28.42	0.00	0.00
FBC	29	28.42	21.56	21.57	28.45	0.00	0.00
FBC	30	28.36	21.61	21.62	28.41	0.00	0.00
FBC	31	28.36	21.61	21.63	28.40	0.00	0.00
FBC	32	28.36	21.62	21.63	28.40	0.00	0.00
FBC	33	28.35	21.62	21.63	28.39	0.01	0.00
FBC	34	28.32	21.66	21.66	28.36	0.00	0.00
FBC	35	28.34	21.64	21.64	28.38	0.00	0.00
FBC	36	28.33	21.64	21.65	28.38	0.00	0.00
FBC	37	28.31	21.67	21.67	28.35	0.00	0.00
FBC	38	28.37	21.61	21.62	28.40	0.00	0.00
FBC	39	28.33	21.65	21.65	28.36	0.00	0.00
FBC	40	28.32	21.66	21.66	28.36	0.00	0.00
FBC	41	28.31	21.67	21.68	28.34	0.04	0.00
FBC	42	28.32	21.66	21.67	28.35	0.00	0.00
FBC	43	28.31	21.68	21.68	28.34	0.00	0.00
FBC	44	28.33	21.65	21.65	28.37	0.00	0.00
FBC	45	28.30	21.68	21.68	28.34	0.00	0.00
FBC	46	28.28	21.69	21.69	28.33	0.00	0.00
FBC	47	28.31	21.67	21.67	28.35	0.00	0.00
FBC	48	28.30	21.67	21.68	28.34	0.00	0.00
FBC	49	28.28	21.70	21.70	28.33	0.00	0.00
FBC	50	28.32	21.65	21.66	28.36	0.00	0.00
FBC	51	28.28	21.69	21.70	28.32	0.00	0.00
FBC	52	28.29	21.69	21.69	28.33	0.00	0.00
FBC	53	28.30	21.68	21.68	28.33	0.00	0.00
FBC	54	28.28	21.70	21.69	28.33	0.00	0.00
FBC	55	28.30	21.68	21.69	28.33	0.00	0.00
FBC	56	28.29	21.69	21.70	28.33	0.00	0.00
FBC	57	28.28	21.70	21.71	28.31	0.00	0.00
FBC	58	28.27	21.72	21.72	28.30	0.00	0.00
FBC	59	28.29	21.68	21.69	28.33	0.00	0.00
FBC	60	28.29	21.70	21.70	28.32	0.00	0.00
FBC	61	28.26	21.71	21.72	28.31	0.01	0.00
FBC	62	28.30	21.68	21.69	28.33	0.00	0.00
FBC	63	28.27	21.71	21.72	28.30	0.00	0.00
FBC	64	28.26	21.72	21.73	28.29	0.00	0.00
FBC	65	28.28	21.70	21.71	28.31	0.00	0.00
FBC	66	28.26	21.72	21.72	28.29	0.00	0.00
FBC	67	28.27	21.71	21.72	28.31	0.00	0.00
FBC	68	28.26	21.71	21.73	28.30	0.00	0.00
FBC	69	28.24	21.74	21.74	28.28	0.00	0.00
FBC	70	28.28	21.70	21.71	28.31	0.00	0.00
FBC	71	28.26	21.72	21.73	28.30	0.00	0.00
FBC	72	28.26	21.72	21.73	28.29	0.00	0.00
FBC	73	28.27	21.72	21.72	28.29	0.00	0.00
FBC	74	28.26	21.72	21.73	28.29	0.00	0.00
FBC	75	28.27	21.71	21.71	28.31	0.00	0.00
FBC	76	28.26	21.72	21.73	28.29	0.00	0.00
FBC	77	28.26	21.72	21.73	28.29	0.00	0.00
FBC	78	28.26	21.72	21.73	28.29	0.00	0.00
FBC	79	28.26	21.73	21.74	28.28	0.00	0.00
FBC	80	28.24	21.75	21.74	28.27	0.00	0.00
FBC	81	28.25	21.74	21.73	28.28	0.00	0.00
FBC	82	28.24	21.73	21.74	28.29	0.00	0.00
FBC	83	28.24	21.74	21.74	28.28	0.00	0.00
FBC	84	28.23	21.75	21.75	28.27	0.00	0.00
FBC	85	28.24	21.74	21.75	28.27	0.00	0.00
FBC	86	28.24	21.74	21.74	28.28	0.00	0.00
FBC	87	28.24	21.74	21.75	28.28	0.00	0.00
FBC	88	28.22	21.76	21.76	28.26	0.00	0.00
FBC	89	28.23	21.76	21.75	28.26	0.00	0.00
FBC	90	28.23	21.75	21.75	28.27	0.00	0.00
FBC	91	28.21	21.76	21.77	28.25	0.00	0.00
FBC	92	28.22	21.76	21.76	28.26	0.00	0.00
FBC	93	28.24	21.74	21.74	28.28	0.00	0.00
FBC	94	28.23	21.74	21.76	28.26	0.00	0.00
FBC	95	28.22	21.76	21.77	28.26	0.00	0.00
FBC	96	28.23	21.75	21.75	28.27	0.00	0.00
FBC	97	28.23	21.75	21.75	28.26	0.00	0.00
FBC	98	28.25	21.74	21.74	28.28	0.00	0.00
FBC	99	28.23	21.76	21.75	28.26	0.00	0.00
FBC	100	28.22	21.76	21.77	28.25	0.00	0.00
FBC	101	28.22	21.77	21.77	28.25	0.00	0.00
FBC	102	28.22	21.76	21.76	28.26	0.00	0.00
FBC	103	28.21	21.77	21.78	28.24	0.00	0.00
FBC	104	28.22	21.76	21.77	28.25	0.00	0.00
FBC	105	28.21	21.77	21.77	28.25	0.00	0.00
FBC	106	28.22	21.77	21.77	28.25	0.00	0.00
FBC	107	28.23	21.74	21.75	28.27	0.00	0.00
FBC	108	28.22	21.76	21.76	28.26	0.00	0.00
FBC	109	28.22	21.76	21.76	28.26	0.00	0.00
FBC	110	28.22	21.76	21.76	28.26	0.00	0.00
FBC	111	28.21	21.77	21.77	28.25	0.00	0.00
FBC	112	28.21	21.78	21.77	28.24	0.00	0.00
FBC	113	28.21	21.78	21.77	28.24	0.00	0.00
FBC	114	28.20	21.78	21.78	28.23	0.00	0.00
FBC	115	28.21	21.77	21.78	28.24	0.00	0.00
FBC	116	28.23	21.75	21.76	28.26	0.00	0.00
FBC	117	28.19	21.80	21.79	28.23	0.00	0.00
FBC	118	28.19	21.79	21.78	28.24	0.00	0.00
FBC	119	28.21	21.78	21.76	28.25	0.00	0.00
FBC	120	28.21	21.78	21.77	28.24	0.00	0.00
FBC	121	28.19	21.79	21.79	28.24	0.00	0.00
FBC	122	28.20	21.78	21.78	28.24	0.00	0.00
FBC	123	28.20	21.79	21.78	28.24	0.00	0.00
FBC	124	28.19	21.79	21.79	28.23	0.00	0.00
FBC	125	28.20	21.78	21.78	28.24	0.00	0.00
FBC	126	28.19	21.79	21.78	28.24	0.00	0.00
FBC	127	28.17	21.81	21.81	28.21	0.00	0.00
FBC	128	28.19	21.79	21.78	28.24	0.00	0.00
FBC	129	28.18	21.80	21.80	28.22	0.00	0.00
FBC	130	28.19	21.79	21.79	28.23	0.00	0.00
FBC	131	28.18	21.81	21.80	28.21	0.00	0.00
FBC	132	28.18	21.81	21.81	28.21	0.00	0.00
FBC	133	28.18	21.81	21.79	28.22	0.00	0.00
FBC	134	28.18	21.80	21.80	28.22	0.00	0.00
FBC	135	28.17	21.81	21.81	28.21	0.00	0.00
FBC	136	28.17	21.82	21.82	28.20	0.00	0.00
FBC	137	28.16	21.82	21.81	28.20	0.00	0.00
FBC	138	28.16	21.82	21.82	28.20	0.00	0.00
FBC	139	28.17	21.81	21.81	28.21	0.00	0.00
FBC	140	28.17	21.81	21.81	28.21	0.00	0.00
FBC	141	28.16	21.82	21.81	28.21	0.00	0.00
FBC	142	28.17	21.82	21.80	28.20	0.00	0.00
FBC	143	28.16	21.82	21.81	28.20	0.00	0.00
FBC	144	28.17	21.82	21.81	28.21	0.00	0.00
FBC	145	28.16	21.83	21.82	28.19	0.00	0.00
FBC	146	28.16	21.83	21.82	28.20	0.00	0.00
FBC	147	28.15	21.84	21.83	28.18	0.00	0.00
FBC	148	28.14	21.84	21.84	28.18	0.00	0.00
FBC	149	28.14	21.84	21.84	28.18	0.00	0.00
FBC	150	28.14	21.85	21.84	28.17	0.00	0.00
# ACGT raw counters for first fragments. Use `grep ^FTC | cut -f 2-` to extract this part. The columns are: A,C,G,T,N base counters
FTC	16750716431	12810507448	12811934646	16772225961	364914
# ACGT content per cycle for last fragments. Use `grep ^LBC | cut -f 2-` to extract this part. The columns are: cycle; A,C,G,T base counts as a percentage of all A/C/G/T bases [%]; and N and O counts as a percentage of all A/C/G/T bases [%]
LBC	1	29.88	20.09	20.13	29.90	0.00	0.00
LBC	2	29.17	20.77	20.86	29.21	0.00	0.00
LBC	3	28.60	21.32	21.42	28.65	0.00	0.00
LBC	4	28.37	21.57	21.64	28.41	0.00	0.00
LBC	5	28.69	21.26	21.32	28.73	0.00	0.00
LBC	6	28.25	21.70	21.76	28.29	0.00	0.00
LBC	7	28.41	21.56	21.59	28.44	0.00	0.00
LBC	8	28.50	21.48	21.51	28.52	0.00	0.00
LBC	9	28.55	21.43	21.45	28.57	0.00	0.00
LBC	10	28.44	21.55	21.56	28.45	0.00	0.00
LBC	11	28.49	21.52	21.51	28.48	0.00	0.00
LBC	12	28.53	21.47	21.46	28.53	0.00	0.00
LBC	13	28.62	21.40	21.38	28.60	0.00	0.00
LBC	14	28.63	21.40	21.38	28.59	0.00	0.00
LBC	15	28.64	21.39	21.37	28.61	0.00	0.00
LBC	16	28.62	21.42	21.38	28.58	0.00	0.00
LBC	17	28.60	21.45	21.40	28.55	0.00	0.00
LBC	18	28.57	21.48	21.43	28.52	0.00	0.00
LBC	19	28.60	21.46	21.40	28.54	0.00	0.00
LBC	20	28.52	21.55	21.49	28.45	0.00	0.00
LBC	21	28.50	21.56	21.50	28.44	0.00	0.00
LBC	22	28.50	21.57	21.50	28.43	0.00	0.00
LBC	23	28.45	21.62	21.55	28.38	0.00	0.00
LBC	24	28.49	21.59	21.52	28.41	0.00	0.00
LBC	25	28.44	21.64	21.56	28.36	0.00	0.00
LBC	26	28.41	21.66	21.59	28.34	0.00	0.00
LBC	27	28.43	21.64	21.56	28.36	0.00	0.00
LBC	28	28.40	21.68	21.60	28.32	0.00	0.00
LBC	29	28.43	21.65	21.58	28.35	0.00	0.00
LBC	30	28.39	21.69	21.61	28.31	0.00	0.00
LBC	31	28.39	21.69	21.62	28.30	0.00	0.00
LBC	32	28.38	21.69	21.63	28.29	0.00	0.00
LBC	33	28.38	21.70	21.62	28.30	0.00	0.00
LBC	34	28.36	21.73	21.65	28.26	0.00	0.00
LBC	35	28.37	21.72	21.64	28.27	0.00	0.00
LBC	36	28.38	21.71	21.63	28.28	0.00	0.00
LBC	37	28.36	21.73	21.65	28.26	0.00	0.00
LBC	38	28.41	21.70	21.61	28.29	0.00	0.00
LBC	39	28.38	21.73	21.63	28.27	0.00	0.00
LBC	40	28.38	21.72	21.63	28.27	0.00	0.00
LBC	41	28.36	21.74	21.66	28.25	0.00	0.00
LBC	42	28.37	21.72	21.64	28.26	0.00	0.00
LBC	43	28.37	21.73	21.65	28.25	0.00	0.00
LBC	44	28.40	21.71	21.62	28.28	0.00	0.00
LBC	45	28.37	21.74	21.65	28.24	0.00	0.00
LBC	46	28.36	21.74	21.66	28.24	0.00	0.00
LBC	47	28.36	21.74	21.65	28.25	0.00	0.00
LBC	48	28.37	21.73	21.64	28.26	0.00	0.00
LBC	49	28.36	21.75	21.65	28.24	0.00	0.00
LBC	50	28.39	21.72	21.62	28.26	0.00	0.00
LBC	51	28.36	21.75	21.66	28.23	0.00	0.00
LBC	52	28.36	21.74	21.65	28.24	0.00	0.00
LBC	53	28.37	21.73	21.65	28.25	0.00	0.00
LBC	54	28.37	21.74	21.64	28.24	0.00	0.00
LBC	55	28.38	21.74	21.64	28.25	0.00	0.00
LBC	56	28.37	21.75	21.65	28.24	0.00	0.00
LBC	57	28.36	21.76	21.66	28.22	0.00	0.00
LBC	58	28.35	21.76	21.67	28.22	0.00	0.00
LBC	59	28.37	21.74	21.65	28.24	0.00	0.00
LBC	60	28.37	21.75	21.65	28.23	0.00	0.00
LBC	61	28.36	21.75	21.66	28.23	0.00	0.00
LBC	62	28.38	21.73	21.64	28.25	0.00	0.00
LBC	63	28.35	21.76	21.67	28.22	0.00	0.00
LBC	64	28.34	21.77	21.67	28.21	0.00	0.00
LBC	65	28.37	21.75	21.65	28.23	0.00	0.00
LBC	66	28.35	21.77	21.66	28.22	0.00	0.00
LBC	67	28.36	21.75	21.66	28.22	0.00	0.00
LBC	68	28.35	21.77	21.67	28.21	0.00	0.00
LBC	69	28.34	21.78	21.68	28.20	0.00	0.00
LBC	70	28.37	21.75	21.64	28.24	0.00	0.00
LBC	71	28.36	21.76	21.66	28.22	0.00	0.00
LBC	72	28.35	21.76	21.67	28.22	0.00	0.00
LBC	73	28.36	21.76	21.66	28.22	0.00	0.00
LBC	74	28.35	21.77	21.66	28.22	0.00	0.00
LBC	75	28.36	21.76	21.65	28.22	0.00	0.00
LBC	76	28.36	21.76	21.66	28.22	0.00	0.00
LBC	77	28.35	21.77	21.66	28.22	0.00	0.00
LBC	78	28.36	21.76	21.66	28.22	0.00	0.00
LBC	79	28.36	21.76	21.66	28.22	0.00	0.00
LBC	80	28.33	21.80	21.68	28.19	0.00	0.00
LBC	81	28.35	21.78	21.67	28.21	0.00	0.00
LBC	82	28.34	21.78	21.67	28.20	0.00	0.00
LBC	83	28.33	21.79	21.68	28.20	0.00	0.00
LBC	84	28.33	21.79	21.68	28.19	0.00	0.00
LBC	85	28.34	21.79	21.68	28.20	0.00	0.00
LBC	86	28.35	21.78	21.67	28.20	0.00	0.00
LBC	87	28.34	21.78	21.67	28.21	0.00	0.00
LBC	88	28.33	21.79	21.68	28.19	0.00	0.00
LBC	89	28.33	21.79	21.68	28.19	0.00	0.00
LBC	90	28.33	21.79	21.68	28.19	0.00	0.00
LBC	91	28.33	21.80	21.69	28.18	0.00	0.00
LBC	92	28.33	21.80	21.69	28.18	0.00	0.00
LBC	93	28.35	21.78	21.67	28.21	0.00	0.00
LBC	94	28.34	21.79	21.68	28.19	0.00	0.00
LBC	95	28.32	21.81	21.69	28.18	0.00	0.00
LBC	96	28.33	21.80	21.68	28.19	0.00	0.00
LBC	97	28.34	21.79	21.67	28.21	0.00	0.00
LBC	98	28.35	21.78	21.67	28.21	0.00	0.00
LBC	99	28.33	21.80	21.68	28.19	0.00	0.00
LBC	100	28.32	21.80	21.69	28.19	0.00	0.00
LBC	101	28.32	21.80	21.69	28.19	0.00	0.00
LBC	102	28.34	21.79	21.68	28.19	0.00	0.00
LBC	103	28.31	21.81	21.70	28.18	0.00	0.00
LBC	104	28.33	21.80	21.68	28.19	0.00	0.00
LBC	105	28.32	21.81	21.69	28.17	0.00	0.00
LBC	106	28.33	21.81	21.68	28.18	0.00	0.00
LBC	107	28.34	21.78	21.67	28.20	0.00	0.00
LBC	108	28.33	21.80	21.68	28.19	0.00	0.00
LBC	109	28.33	21.81	21.68	28.18	0.00	0.00
LBC	110	28.33	21.81	21.68	28.19	0.00	0.00
LBC	111	28.32	21.81	21.67	28.19	0.00	0.00
LBC	112	28.32	21.82	21.69	28.17	0.00	0.00
LBC	113	28.31	21.83	21.69	28.17	0.00	0.00
LBC	114	28.31	21.82	21.70	28.17	0.00	0.00
LBC	115	28.31	21.82	21.69	28.17	0.00	0.00
LBC	116	28.32	21.81	21.68	28.19	0.00	0.00
LBC	117	28.29	21.84	21.71	28.16	0.00	0.00
LBC	118	28.30	21.83	21.70	28.16	0.00	0.00
LBC	119	28.32	21.82	21.68	28.18	0.00	0.00
LBC	120	28.32	21.82	21.68	28.18	0.00	0.00
LBC	121	28.31	21.83	21.70	28.17	0.00	0.00
LBC	122	28.32	21.82	21.69	28.17	0.00	0.00
LBC	123	28.32	21.82	21.69	28.17	0.00	0.00
LBC	124	28.30	21.83	21.70	28.17	0.00	0.00
LBC	125	28.31	21.83	21.70	28.17	0.00	0.00
LBC	126	28.31	21.83	21.70	28.16	0.00	0.00
LBC	127	28.28	21.86	21.72	28.14	0.00	0.00
LBC	128	28.29	21.84	21.71	28.16	0.00	0.00
LBC	129	28.29	21.85	21.71	28.16	0.00	0.00
LBC	130	28.29	21.84	21.70	28.16	0.00	0.00
LBC	131	28.28	21.87	21.72	28.13	0.00	0.00
LBC	132	28.27	21.86	21.73	28.14	0.00	0.00
LBC	133	28.28	21.85	21.72	28.15	0.00	0.00
LBC	134	28.28	21.86	21.72	28.14	0.00	0.00
LBC	135	28.27	21.86	21.73	28.14	0.00	0.00
LBC	136	28.26	21.87	21.74	28.13	0.00	0.00
LBC	137	28.25	21.88	21.75	28.12	0.00	0.00
LBC	138	28.26	21.89	21.74	28.12	0.00	0.00
LBC	139	28.27	21.87	21.73	28.13	0.00	0.00
LBC	140	28.27	21.87	21.73	28.13	0.00	0.00
LBC	141	28.26	21.88	21.74	28.12	0.00	0.00
LBC	142	28.22	21.92	21.78	28.08	0.00	0.00
LBC	143	28.21	21.93	21.79	28.07	0.00	0.00
LBC	144	28.22	21.92	21.77	28.09	0.00	0.00
LBC	145	28.21	21.93	21.78	28.08	0.00	0.00
LBC	146	28.21	21.93	21.79	28.07	0.00	0.00
LBC	147	28.21	21.94	21.79	28.06	0.00	0.00
LBC	148	28.19	21.95	21.81	28.05	0.00	0.00
LBC	149	28.19	21.96	21.81	28.04	0.00	0.00
LBC	150	28.19	21.95	21.80	28.05	0.08	0.00
# ACGT raw counters for last fragments. Use `grep ^LTC | cut -f 2-` to extract this part. The columns are: A,C,G,T,N base counters
LTC	16364347086	12525498171	12471925237	16300386980	223092
# Insert sizes. Use `grep ^IS | cut -f 2-` to extract this part. The columns are: insert size, pairs total, inward oriented pairs, outward oriented pairs, other pairs
IS	0	4611	0	30	4581
IS	1	1198	0	66	1132
IS	2	568	0	221	347
IS	3	374	0	212	162
IS	4	322	0	212	110
IS	5	348	0	235	113
IS	6	318	0	239	79
IS	7	309	0	253	56
IS	8	370	0	302	68
IS	9	419	0	361	58
IS	10	411	0	362	49
IS	11	432	0	359	73
IS	12	500	0	453	47
IS	13	505	0	462	43
IS	14	507	0	467	40
IS	15	497	0	453	44
IS	16	550	0	505	45
IS	17	559	0	535	24
IS	18	559	0	530	29
IS	19	3530	1276	2214	40
IS	20	2837	1085	1730	22
IS	21	1954	701	1239	14
IS	22	1259	344	889	26
IS	23	1063	223	817	23
IS	24	1015	203	786	26
IS	25	1141	252	865	24
IS	26	1115	256	842	17
IS	27	1178	310	854	14
IS	28	1271	360	895	16
IS	29	1275	345	911	19
IS	30	1116	296	800	20
IS	31	1240	341	880	19
IS	32	1245	317	909	19
IS	33	1332	394	921	17
IS	34	1322	408	893	21
IS	35	1339	403	912	24
IS	36	1477	459	1003	15
IS	37	1574	487	1064	23
IS	38	1676	542	1104	30
IS	39	1954	673	1243	38
IS	40	2026	694	1297	35
IS	41	2402	908	1464	30
IS	42	2716	1046	1626	44
IS	43	2720	1044	1651	25
IS	44	3040	1194	1802	44
IS	45	3292	1325	1939	28
IS	46	3206	1284	1907	15
IS	47	3495	1394	2076	25
IS	48	3805	1557	2230	18
IS	49	4101	1755	2328	18
IS	50	4064	1670	2368	26
IS	51	4379	1801	2551	27
IS	52	4557	1946	2574	37
IS	53	4738	1972	2719	47
IS	54	4866	2055	2749	62
IS	55	5317	2221	2968	128
IS	56	5265	2258	2923	84
IS	57	5167	2268	2885	14
IS	58	5431	2377	3040	14
IS	59	5480	2379	3084	17
IS	60	5447	2472	2957	18
IS	61	5528	2499	3008	21
IS	62	5637	2465	3149	23
IS	63	5889	2665	3202	22
IS	64	5858	2627	3194	37
IS	65	5871	2680	3173	18
IS	66	6323	2864	3425	34
IS	67	6163	2756	3378	29
IS	68	6126	2857	3249	20
IS	69	6260	2861	3383	16
IS	70	6404	2918	3471	15
IS	71	6605	2956	3634	15
IS	72	6680	3032	3636	12
IS	73	6729	3114	3600	15
IS	74	7066	3263	3790	13
IS	75	6949	3220	3715	14
IS	76	7203	3473	3716	14
IS	77	7362	3412	3940	10
IS	78	7476	3522	3941	13
IS	79	7689	3520	4156	13
IS	80	7554	3478	4058	18
IS	81	7562	3552	3986	24
IS	82	7893	3792	4090	11
IS	83	7508	3610	3891	7
IS	84	7637	3688	3938	11
IS	85	7717	3701	3998	18
IS	86	7760	3770	3975	15
IS	87	7785	3781	3992	12
IS	88	7580	3674	3885	21
IS	89	7658	3766	3873	19
IS	90	7636	3797	3821	18
IS	91	7921	3959	3953	9
IS	92	7900	3920	3971	9
IS	93	7625	3679	3939	7
IS	94	7710	3753	3946	11
IS	95	7720	3760	3947	13
IS	96	7746	3806	3924	16
IS	97	7671	3753	3902	16
IS	98	7676	3819	3844	13
IS	99	7905	3854	4040	11
IS	100	7978	4038	3928	12
IS	101	7973	4021	3935	17
IS	102	8188	4119	4051	18
IS	103	8185	4044	4131	10
IS	104	8035	4101	3921	13
IS	105	8189	4129	4049	11
IS	106	8403	4249	4142	12
IS	107	8531	4233	4284	14
IS	108	8541	4365	4163	13
IS	109	8387	4239	4137	11
IS	110	8590	4433	4147	10
IS	111	8281	4215	4048	18
IS	112	8364	4324	4023	17
IS	113	8303	4156	4140	7
IS	114	8217	4221	3980	16
IS	115	8472	4282	4179	11
IS	116	8298	4226	4060	12
IS	117	8186	4225	3950	11
IS	118	8240	4259	3970	11
IS	119	8427	4307	4104	16
IS	120	8518	4391	4111	16
IS	121	8594	4441	4140	13
IS	122	8560	4477	4072	11
IS	123	8333	4289	4024	20
IS	124	8478	4364	4096	18
IS	125	8477	4453	4010	14
IS	126	8526	4414	4093	19
IS	127	8515	4387	4109	19
IS	128	8721	4517	4187	17
IS	129	8720	4531	4172	17
IS	130	8814	4592	4203	19
IS	131	8926	4661	4239	26
IS	132	8914	4685	4203	26
IS	133	8987	4710	4255	22
IS	134	9139	4755	4371	13
IS	135	9002	4621	4370	11
IS	136	9363	4845	4500	18
IS	137	9639	5055	4560	24
IS	138	9703	5005	4680	18
IS	139	9784	5029	4742	13
IS	140	10024	4503	5508	13
IS	141	9892	5741	4132	19
IS	142	10042	5748	4271	23
IS	143	10181	5905	4247	29
IS	144	10346	5883	4449	14
IS	145	10499	6137	4350	12
IS	146	10582	5965	4594	23
IS	147	10667	6057	4588	22
IS	148	10664	5976	4668	20
IS	149	10544	4693	5834	17
IS	150	10824	6681	4121	22
IS	151	10806	10650	147	9
IS	152	10943	10874	55	14
IS	153	11000	10935	52	13
IS	154	11216	11156	43	17
IS	155	11199	11138	43	18
IS	156	10981	10914	37	30
IS	157	11429	11369	30	30
IS	158	11567	11515	28	24
IS	159	11544	11489	30	25
IS	160	11671	11631	25	15
IS	161	11975	11926	28	21
IS	162	12015	11983	22	10
IS	163	12157	12098	37	22
IS	164	12456	12411	27	18
IS	165	12251	12211	23	17
IS	166	12844	12811	20	13
IS	167	13090	13052	19	19
IS	168	13173	13134	19	20
IS	169	13503	13462	23	18
IS	170	14014	13967	25	22
IS	171	14159	14120	17	22
IS	172	14402	14369	18	15
IS	173	15094	15065	8	21
IS	174	15212	15190	10	12
IS	175	15677	15648	12	17
IS	176	16034	16006	14	14
IS	177	16363	16338	11	14
IS	178	16961	16925	15	21
IS	179	17294	17268	8	18
IS	180	17655	17620	13	22
IS	181	18040	18005	15	20
IS	182	18384	18351	14	19
IS	183	19167	19124	22	21
IS	184	19274	19243	17	14
IS	185	19891	19868	9	14
IS	186	20623	20586	14	23
IS	187	21455	21409	17	29
IS	188	21541	21508	12	21
IS	189	22129	22092	16	21
IS	190	22793	22752	15	26
IS	191	23479	23445	9	25
IS	192	24096	24068	12	16
IS	193	25211	25175	16	20
IS	194	25992	25954	10	28
IS	195	26753	26729	9	15
IS	196	27468	27430	12	26
IS	197	28706	28679	11	16
IS	198	28893	28846	23	24
IS	199	29946	29909	9	28
IS	200	30760	30717	18	25
IS	201	31822	31786	17	19
IS	202	32868	32833	18	17
IS	203	34272	34243	8	21
IS	204	35096	35061	10	25
IS	205	36122	36090	5	27
IS	206	37320	37293	9	18
IS	207	38296	38262	15	19
IS	208	40044	40009	16	19
IS	209	41259	41221	8	30
IS	210	42298	42245	21	32
IS	211	44368	44331	12	25
IS	212	45488	45454	11	23
IS	213	47558	47510	20	28
IS	214	48866	48831	13	22
IS	215	50823	50782	14	27
IS	216	52629	52578	17	34
IS	217	53830	53804	13	13
IS	218	55934	55893	10	31
IS	219	58341	58305	9	27
IS	220	59953	59923	11	19
IS	221	62045	62011	11	23
IS	222	64049	64004	18	27
IS	223	65840	65802	4	34
IS	224	68212	68176	13	23
IS	225	69754	69717	12	25
IS	226	73018	72975	19	24
IS	227	75291	75252	17	22
IS	228	77646	77612	15	19
IS	229	80300	80260	12	28
IS	230	83595	83548	11	36
IS	231	86612	86553	29	30
IS	232	89008	88976	13	19
IS	233	92476	92424	18	34
IS	234	94576	94529	15	32
IS	235	98207	98170	14	23
IS	236	101033	100994	12	27
IS	237	105031	104993	16	22
IS	238	109808	109754	15	39
IS	239	112057	112012	15	30
IS	240	116461	116421	11	29
IS	241	120401	120337	17	47
IS	242	124030	124001	4	25
IS	243	127322	127264	11	47
IS	244	131954	131914	14	26
IS	245	135332	135294	13	25
IS	246	140390	140355	12	23
IS	247	145292	145256	8	28
IS	248	148827	148776	12	39
IS	249	154864	154819	15	30
IS	250	160021	159965	19	37
IS	251	165516	165476	16	24
IS	252	170413	170381	12	20
IS	253	175297	175248	13	36
IS	254	181378	181332	13	33
IS	255	186042	185989	21	32
IS	256	192090	192041	16	33
IS	257	198772	198717	15	40
IS	258	205085	205049	11	25
IS	259	212134	212092	11	31
IS	260	218885	218843	4	38
IS	261	225563	225520	12	31
IS	262	232765	232723	10	32
IS	263	239525	239477	16	32
IS	264	247402	247349	11	42
IS	265	253457	253417	11	29
IS	266	260986	260937	7	42
IS	267	268796	268754	11	31
IS	268	276641	276579	23	39
IS	269	285946	285898	11	37
IS	270	294936	294894	13	29
IS	271	303345	303291	17	37
IS	272	314391	314343	15	33
IS	273	321882	321842	11	29
IS	274	330865	330815	18	32
IS	275	340010	339946	21	43
IS	276	350153	350119	13	21
IS	277	359041	358992	10	39
IS	278	368774	368722	15	37
IS	279	379341	379285	26	30
IS	280	391653	391623	10	20
IS	281	401268	401213	17	38
IS	282	414134	414087	15	32
IS	283	426390	426351	11	28
IS	284	435085	435033	12	40
IS	285	448066	448006	13	47
IS	286	458238	458192	4	42
IS	287	470098	470057	16	25
IS	288	480937	480881	14	42
IS	289	493796	493761	11	24
IS	290	508116	508080	8	28
IS	291	521497	521457	5	35
IS	292	535833	535795	9	29
IS	293	549969	549922	15	32
IS	294	562799	562743	16	40
IS	295	577440	577393	12	35
IS	296	589060	589027	12	21
IS	297	603121	603060	15	46
IS	298	617012	616962	13	37
IS	299	631191	631142	10	39
IS	300	647953	647912	6	35
IS	301	662638	662590	10	38
IS	302	679949	679906	15	28
IS	303	694695	694631	18	46
IS	304	709356	709314	11	31
IS	305	725905	725870	11	24
IS	306	738266	738226	9	31
IS	307	754505	754469	7	29
IS	308	768592	768557	11	24
IS	309	784727	784681	10	36
IS	310	802384	802350	6	28
IS	311	820765	820722	12	31
IS	312	838133	838076	18	39
IS	313	857901	857849	10	42
IS	314	873875	873840	13	22
IS	315	891319	891277	11	31
IS	316	904994	904946	18	30
IS	317	920111	920067	18	26
IS	318	937449	937413	10	26
IS	319	955631	955576	20	35
IS	320	974694	974647	12	35
IS	321	991066	991025	10	31
IS	322	1010696	1010656	9	31
IS	323	1032385	1032338	10	37
IS	324	1050260	1050227	9	24
IS	325	1066582	1066530	11	41
IS	326	1085220	1085173	18	29
IS	327	1099936	1099897	9	30
IS	328	1115978	1115940	12	26
IS	329	1133943	1133897	14	32
IS	330	1150560	1150504	12	44
IS	331	1167440	1167393	11	36
IS	332	1189239	1189197	6	36
IS	333	1205835	1205780	10	45
IS	334	1224571	1224532	13	26
IS	335	1241431	1241395	7	29
IS	336	1259884	1259852	6	26
IS	337	1271576	1271533	20	23
IS	338	1285600	1285560	10	30
IS	339	1298899	1298859	13	27
IS	340	1316500	1316444	18	38
IS	341	1331844	1331809	10	25
IS	342	1348793	1348753	15	25
IS	343	1368680	1368645	9	26
IS	344	1382184	1382149	13	22
IS	345	1400745	1400708	6	31
IS	346	1416033	1415978	16	39
IS	347	1426771	1426735	6	30
IS	348	1441803	1441773	6	24
IS	349	1453759	1453710	18	31
IS	350	1462773	1462734	12	27
IS	351	1477420	1477377	7	36
IS	352	1489987	1489952	8	27
IS	353	1505888	1505844	7	37
IS	354	1521655	1521611	8	36
IS	355	1535806	1535713	19	74
IS	356	1547598	1547492	6	100
IS	357	1562032	1561966	14	52
IS	358	1570231	1570170	12	49
IS	359	1575871	1575823	14	34
IS	360	1587352	1587303	12	37
IS	361	1595561	1595513	11	37
IS	362	1609151	1609108	9	34
IS	363	1618565	1618529	8	28
IS	364	1630644	1630605	9	30
IS	365	1640750	1640704	11	35
IS	366	1654096	1654046	13	37
IS	367	1661238	1661197	10	31
IS	368	1668179	1668132	16	31
IS	369	1676497	1676465	6	26
IS	370	1678476	1678430	13	33
IS	371	1685086	1685041	9	36
IS	372	1691375	1691333	13	29
IS	373	1697838	1697802	9	27
IS	374	1707981	1707944	9	28
IS	375	1721133	1721113	6	14
IS	376	1726199	1726151	19	29
IS	377	1732713	1732671	20	22
IS	378	1737548	1737516	11	21
IS	379	1741293	1741248	12	33
IS	380	1742086	1742058	13	15
IS	381	1739655	1739614	12	29
IS	382	1745340	1745286	15	39
IS	383	1752589	1752555	17	17
IS	384	1755762	1755723	9	30
IS	385	1763035	1763002	8	25
IS	386	1769144	1769102	7	35
IS	387	1769902	1769865	12	25
IS	388	1772648	1772601	18	29
IS	389	1774654	1774612	15	27
IS	390	1772666	1772629	7	30
IS	391	1772432	1772390	11	31
IS	392	1772279	1772250	10	19
IS	393	1771845	1771808	11	26
IS	394	1773853	1773812	11	30
IS	395	1777826	1777784	12	30
IS	396	1782304	1782255	13	36
IS	397	1783765	1783730	10	25
IS	398	1783600	1783565	6	29
IS	399	1781765	1781733	12	20
IS	400	1776831	1776793	10	28
IS	401	1775136	1775113	8	15
IS	402	1769047	1769013	8	26
IS	403	1768308	1768264	14	30
IS	404	1768064	1768026	9	29
IS	405	1769099	1769071	8	20
IS	406	1766617	1766598	7	12
IS	407	1770695	1770652	10	33
IS	408	1770107	1770069	14	24
IS	409	1765219	1765178	10	31
IS	410	1761723	1761678	13	32
IS	411	1754175	1754145	7	23
IS	412	1747065	1747023	18	24
IS	413	1741561	1741503	18	40
IS	414	1736953	1736921	12	20
IS	415	1741017	1740979	16	22
IS	416	1733269	1733226	14	29
IS	417	1732789	1732753	16	20
IS	418	1733129	1733053	13	63
IS	419	1725556	1725403	24	129
IS	420	1720393	1720218	17	158
IS	421	1711517	1711429	13	75
IS	422	1703026	1702974	14	38
IS	423	1695266	1695211	13	42
IS	424	1693051	1692990	16	45
IS	425	1689794	1689749	16	29
IS	426	1685600	1685555	10	35
IS	427	1679573	1679541	9	23
IS	428	1674674	1674627	14	33
IS	429	1672399	1672352	15	32
IS	430	1663211	1663168	13	30
IS	431	1655694	1655657	10	27
IS	432	1647496	1647444	17	35
IS	433	1636359	1636329	6	24
IS	434	1631202	1631161	9	32
IS	435	1622840	1622794	17	29
IS	436	1615311	1615273	8	30
IS	437	1610322	1610284	18	20
IS	438	1609426	1609401	11	14
IS	439	1601415	1601384	9	22
IS	440	1594286	1594247	16	23
IS	441	1585531	1585501	9	21
IS	442	1574114	1574076	12	26
IS	443	1563923	1563882	10	31
IS	444	1553434	1553400	19	15
IS	445	1547136	1547097	13	26
IS	446	1539148	1539118	12	18
IS	447	1534102	1534068	16	18
IS	448	1527135	1527100	12	23
IS	449	1519610	1519569	13	28
IS	450	1511087	1511055	13	19
IS	451	1501634	1501594	21	19
IS	452	1492708	1492683	6	19
IS	453	1482800	1482756	20	24
IS	454	1471480	1471454	9	17
IS	455	1462685	1462663	6	16
IS	456	1450737	1450703	13	21
IS	457	1443772	1443738	15	19
IS	458	1439562	1439527	15	20
IS	459	1431025	1430978	24	23
IS	460	1424512	1424489	12	11
IS	461	1415204	1415177	11	16
IS	462	1405480	1405453	15	12
IS	463	1392679	1392647	7	25
IS	464	1381393	1381370	7	16
IS	465	1369165	1369131	11	23
IS	466	1360783	1360752	18	13
IS	467	1352333	1352307	9	17
IS	468	1342963	1342926	14	23
IS	469	1335927	1335881	20	26
IS	470	1329056	1329030	8	18
IS	471	1317113	1317092	12	9
IS	472	1308416	1308405	2	9
IS	473	1297914	1297882	20	12
IS	474	1284854	1284823	16	15
IS	475	1272978	1272946	19	13
IS	476	1265036	1265007	9	20
IS	477	1254397	1254369	12	16
IS	478	1246343	1246320	6	17
IS	479	1236384	1236348	14	22
IS	480	1229360	1229335	15	10
IS	481	1221886	1221862	8	16
IS	482	1207726	1207692	17	17
IS	483	1198251	1198222	14	15
IS	484	1188772	1188737	15	20
IS	485	1175981	1175938	15	28
IS	486	1164870	1164770	8	92
IS	487	1153576	1153457	12	107
IS	488	1144597	1144534	11	52
IS	489	1134909	1134875	10	24
IS	490	1127611	1127569	16	26
IS	491	1118186	1118135	16	35
IS	492	1107494	1107454	10	30
IS	493	1097378	1097346	11	21
IS	494	1087370	1087329	13	28
IS	495	1074337	1074312	11	14
IS	496	1064781	1064741	11	29
IS	497	1052730	1052686	16	28
IS	498	1041828	1041794	16	18
IS	499	1033483	1033448	9	26
IS	500	1024857	1024831	10	16
IS	501	1018543	1018510	12	21
IS	502	1008024	1007991	13	20
IS	503	999250	999230	11	9
IS	504	990051	990026	8	17
IS	505	975873	975846	12	15
IS	506	965912	965891	12	9
IS	507	953103	953074	9	20
IS	508	944186	944166	8	12
IS	509	935311	935298	5	8
IS	510	926537	926499	21	17
IS	511	920280	920249	12	19
IS	512	908017	907996	7	14
IS	513	898884	898851	13	20
IS	514	888545	888520	11	14
IS	515	880011	879992	6	13
IS	516	868974	868957	11	6
IS	517	857473	857461	7	5
IS	518	848890	848860	20	10
IS	519	839165	839141	8	16
IS	520	826884	826850	21	13
IS	521	818592	818572	9	11
IS	522	808803	808784	4	15
IS	523	798917	798889	17	11
IS	524	789394	789372	10	12
IS	525	777778	777753	14	11
IS	526	768295	768273	7	15
IS	527	759138	759106	10	22
IS	528	746217	746189	13	15
IS	529	736450	736427	10	13
IS	530	729829	729806	11	12
IS	531	719993	719975	7	11
IS	532	711706	711689	9	8
IS	533	703031	703017	9	5
IS	534	691976	691956	5	15
IS	535	684176	684146	11	19
IS	536	673935	673910	15	10
IS	537	664225	664207	6	12
IS	538	654971	654959	6	6
IS	539	646637	646619	9	9
IS	540	638167	638151	5	11
IS	541	632498	632470	8	20
IS	542	625303	625281	9	13
IS	543	615825	615791	13	21
IS	544	606174	606158	11	5
IS	545	601095	601078	4	13
IS	546	592119	592097	10	12
IS	547	586048	586021	11	16
IS	548	575099	575076	11	12
IS	549	568218	568200	6	12
IS	550	560154	560135	9	10
IS	551	553594	553573	11	10
IS	552	545453	545432	10	11
IS	553	539657	539633	13	11
IS	554	533605	533587	9	9
IS	555	525287	525267	8	12
IS	556	516396	516377	9	10
IS	557	511164	511130	15	19
IS	558	503867	503850	6	11
IS	559	496494	496475	9	10
IS	560	487502	487485	8	9
IS	561	480651	480632	6	13
IS	562	473371	473345	6	20
IS	563	469068	469040	12	16
IS	564	461533	461519	9	5
IS	565	457947	457931	5	11
IS	566	449959	449940	11	8
IS	567	443399	443373	15	11
IS	568	435561	435537	17	7
IS	569	429504	429488	4	12
IS	570	423387	423374	5	8
IS	571	417382	417371	7	4
IS	572	410843	410824	9	10
IS	573	405340	405328	6	6
IS	574	399630	399615	8	7
IS	575	393646	393627	8	11
IS	576	388476	388458	7	11
IS	577	381223	381205	5	13
IS	578	376308	376283	15	10
IS	579	369786	369762	14	10
IS	580	363649	363635	8	6
IS	581	357435	357419	10	6
IS	582	351780	351764	6	10
IS	583	347823	347799	12	12
IS	584	340785	340775	8	2
IS	585	337150	337133	7	10
IS	586	331728	331714	8	6
IS	587	326744	326728	9	7
IS	588	322065	322037	9	19
IS	589	316493	316470	7	16
IS	590	310952	310929	13	10
IS	591	307571	307544	14	13
IS	592	301297	301277	8	12
IS	593	295425	295411	9	5
IS	594	292068	292054	5	9
IS	595	285604	285583	11	10
IS	596	283448	283426	12	10
IS	597	277905	277882	11	12
IS	598	273362	273346	14	2
IS	599	267227	267216	6	5
IS	600	265181	265157	17	7
IS	601	261243	261222	10	11
IS	602	254985	254960	11	14
IS	603	251216	251190	11	15
IS	604	247989	247979	6	4
IS	605	243965	243944	9	12
IS	606	239724	239702	10	12
IS	607	236249	236228	7	14
IS	608	232635	232608	8	19
IS	609	228813	228795	9	9
IS	610	224674	224648	13	13
IS	611	221293	221281	5	7
IS	612	217442	217428	5	9
IS	613	214018	213996	15	7
IS	614	209980	209965	7	8
IS	615	206652	206645	6	1
IS	616	204184	204170	7	7
IS	617	200905	200892	8	5
IS	618	197873	197848	10	15
IS	619	194970	194952	9	9
IS	620	191228	191208	11	9
IS	621	187998	187981	8	9
IS	622	184723	184695	14	14
IS	623	180566	180557	4	5
IS	624	178417	178396	8	13
IS	625	176325	176306	9	10
IS	626	173806	173797	5	4
IS	627	169648	169631	8	9
IS	628	167860	167852	4	4
IS	629	163961	163946	9	6
IS	630	161676	161664	7	5
IS	631	159168	159150	9	9
IS	632	156303	156291	7	5
IS	633	153158	153149	7	2
IS	634	150309	150290	5	14
IS	635	148095	148083	7	5
IS	636	145608	145589	11	8
IS	637	142736	142717	12	7
IS	638	141430	141417	9	4
IS	639	139601	139581	12	8
IS	640	136428	136413	8	7
IS	641	134388	134372	12	4
IS	642	131715	131691	13	11
IS	643	129317	129299	9	9
IS	644	127728	127708	11	9
IS	645	125853	125837	6	10
IS	646	122954	122929	12	13
IS	647	121137	121130	2	5
IS	648	119139	119124	4	11
IS	649	116469	116458	7	4
IS	650	115474	115457	7	10
IS	651	113422	113407	5	10
IS	652	111261	111247	5	9
IS	653	109222	109209	3	10
IS	654	108059	108044	4	11
IS	655	105395	105381	5	9
IS	656	103924	103912	5	7
IS	657	102884	102873	8	3
IS	658	101423	101410	4	9
IS	659	99279	99262	9	8
IS	660	98084	98064	8	12
IS	661	96493	96475	11	7
IS	662	94175	94160	3	12
IS	663	92921	92905	5	11
IS	664	90801	90774	16	11
IS	665	89152	89140	7	5
IS	666	88410	88388	6	16
IS	667	86657	86649	5	3
IS	668	85022	85002	6	14
IS	669	83536	83518	9	9
IS	670	82487	82468	5	14
IS	671	81055	81038	3	14
IS	672	80769	80751	6	12
IS	673	78452	78432	6	14
IS	674	76959	76940	5	14
IS	675	75652	75645	3	4
IS	676	74551	74537	10	4
IS	677	73247	73235	5	7
IS	678	72848	72831	2	15
IS	679	70114	70106	3	5
IS	680	69687	69667	8	12
IS	681	68662	68643	6	13
IS	682	67601	67585	6	10
IS	683	66270	66245	9	16
IS	684	65219	65202	5	12
IS	685	64683	64666	8	9
IS	686	63012	62994	7	11
IS	687	62234	62222	7	5
IS	688	61031	61013	6	12
IS	689	59553	59535	6	12
IS	690	59360	59344	11	5
IS	691	58197	58184	0	13
IS	692	56906	56899	4	3
IS	693	56328	56309	10	9
IS	694	55305	55291	7	7
IS	695	54021	54014	6	1
IS	696	53913	53902	5	6
IS	697	52460	52445	6	9
IS	698	51913	51901	6	6
IS	699	51155	51144	6	5
IS	700	50243	50230	4	9
IS	701	49765	49750	7	8
IS	702	48503	48491	8	4
IS	703	47880	47866	7	7
IS	704	46876	46862	7	7
IS	705	46389	46363	12	14
IS	706	45271	45255	8	8
IS	707	44251	44235	6	10
IS	708	43735	43717	6	12
IS	709	43147	43119	7	21
IS	710	42944	42928	9	7
IS	711	42015	42001	4	10
# Read lengths. Use `grep ^RL | cut -f 2-` to extract this part. The columns are: read length, count
RL	141	164989276
RL	150	623630947
# Read lengths - first fragments. Use `grep ^FRL | cut -f 2-` to extract this part. The columns are: read length, count
FRL	150	394304996
# Read lengths - last fragments. Use `grep ^LRL | cut -f 2-` to extract this part. The columns are: read length, count
LRL	141	164989276
LRL	150	229325951
# Mapping qualities for reads !(UNMAP|SECOND|SUPPL|QCFAIL|DUP). Use `grep ^MAPQ | cut -f 2-` to extract this part. The columns are: mapq, count
MAPQ	0	74211049
MAPQ	1	630819
MAPQ	2	480162
MAPQ	3	619534
MAPQ	4	498084
MAPQ	5	478134
MAPQ	6	582680
MAPQ	7	624817
MAPQ	8	759494
MAPQ	9	704508
MAPQ	10	565137
MAPQ	11	559278
MAPQ	12	1007867
MAPQ	13	1020588
MAPQ	14	875785
MAPQ	15	750193
MAPQ	16	498980
MAPQ	17	530295
MAPQ	18	426230
MAPQ	19	497259
MAPQ	20	465988
MAPQ	21	453331
MAPQ	22	545070
MAPQ	23	325672
MAPQ	24	621454
MAPQ	25	756269
MAPQ	26	149562
MAPQ	27	1519830
MAPQ	28	157833
MAPQ	29	142833
MAPQ	30	405714
MAPQ	31	232269
MAPQ	32	254371
MAPQ	33	310270
MAPQ	34	176949
MAPQ	35	175436
MAPQ	36	233502
MAPQ	37	279265
MAPQ	38	147583
MAPQ	39	567598
MAPQ	40	12087901
MAPQ	41	621901
MAPQ	42	427160
MAPQ	43	884904
MAPQ	44	669462
MAPQ	45	1102239
MAPQ	46	1276299
MAPQ	47	619942
MAPQ	48	2921625
MAPQ	49	261140
MAPQ	50	515597
MAPQ	51	278081
MAPQ	52	626912
MAPQ	53	182791
MAPQ	54	280862
MAPQ	55	253977
MAPQ	56	242235
MAPQ	57	974627
MAPQ	58	349598
MAPQ	59	633477
MAPQ	60	666953598
# Indel distribution. Use `grep ^ID | cut -f 2-` to extract this part. The columns are: length, number of insertions, number of deletions
ID	1	9497139	9420268
ID	2	2828690	2705070
ID	3	1217034	1162964
ID	4	1031395	960473
ID	5	445817	414491
ID	6	402117	382146
ID	7	184686	175838
ID	8	191012	190833
ID	9	119404	122859
ID	10	116541	132736
ID	11	60528	85974
ID	12	86873	90482
ID	13	45012	45755
ID	14	48204	51435
ID	15	27616	32715
ID	16	35515	41692
ID	17	19353	20731
ID	18	22381	27052
ID	19	14036	16119
ID	20	14798	20088
ID	21	10660	12826
ID	22	11961	30052
ID	23	10183	43759
ID	24	7656	11818
ID	25	5359	7278
ID	26	5095	7629
ID	27	3562	5684
ID	28	3870	6678
ID	29	2821	3972
ID	30	2621	4658
ID	31	1546	3084
ID	32	1556	3455
ID	33	1165	2429
ID	34	1536	2636
ID	35	808	1629
ID	36	875	1780
ID	37	469	1235
ID	38	488	1147
ID	39	312	939
ID	40	340	1316
ID	41	165	861
ID	42	118	685
ID	43	66	821
ID	44	60	831
ID	45	28	1658
ID	46	5	1865
ID	47	2	437
ID	48	0	421
ID	49	0	247
ID	50	0	232
ID	51	0	249
ID	52	0	223
ID	53	0	181
ID	54	0	206
ID	55	0	162
ID	56	0	113
ID	57	0	134
ID	58	0	68
ID	59	0	75
ID	60	0	88
ID	61	0	49
ID	62	0	49
ID	63	0	45
ID	64	0	27
ID	65	0	5
ID	66	0	8
ID	67	0	1
ID	68	0	4
ID	69	0	4
ID	70	0	4
# Indels per cycle. Use `grep ^IC | cut -f 2-` to extract this part. The columns are: cycle, number of insertions (fwd), .. (rev) , number of deletions (fwd), .. (rev)
IC	1	3	10	3	5
IC	2	2	8	7	8
IC	3	2	1	19875	21096
IC	4	21186	21821	25863	26955
IC	5	27562	28518	28939	29683
IC	6	30388	31534	31426	32130
IC	7	33958	34245	35299	35420
IC	8	35953	36067	39702	40461
IC	9	39660	40603	42366	42918
IC	10	42340	42893	44647	45584
IC	11	44365	45371	46981	47091
IC	12	46677	47027	47599	48598
IC	13	47578	48124	49542	50547
IC	14	50068	51259	50866	51832
IC	15	52184	52919	53108	53752
IC	16	55253	55324	53863	54542
IC	17	57794	57208	54957	55495
IC	18	56877	57301	56232	56838
IC	19	57840	58611	57922	58036
IC	20	58619	60572	58179	59311
IC	21	59399	61419	58971	59474
IC	22	60389	62453	59841	61237
IC	23	60959	63338	60782	60723
IC	24	60596	64570	60986	61210
IC	25	61725	64317	61348	61902
IC	26	61935	65297	61707	62765
IC	27	62438	65825	62074	62588
IC	28	62539	66786	62238	62715
IC	29	62528	67085	61971	62847
IC	30	62874	67890	61448	63009
IC	31	62658	68340	62361	62016
IC	32	62468	67643	62106	62152
IC	33	62467	67085	62402	63177
IC	34	62472	67348	61980	62410
IC	35	62004	68219	63029	62713
IC	36	62508	68042	62623	63489
IC	37	62238	67997	62382	62648
IC	38	62962	68188	62807	62930
IC	39	62431	68279	62693	62819
IC	40	62971	69291	62822	63512
IC	41	62722	68538	62770	63260
IC	42	62344	69049	63322	62842
IC	43	62822	68945	63405	63226
IC	44	62404	69421	62732	62957
IC	45	62367	69037	63055	63338
IC	46	62599	68809	62438	62264
IC	47	62731	68751	63474	63169
IC	48	63041	68812	63233	62979
IC	49	63035	69015	63186	63223
IC	50	62464	69289	63110	62929
IC	51	62903	69129	63282	62930
IC	52	62682	69571	63578	63374
IC	53	62067	69992	63761	63019
IC	54	63012	69889	63704	63236
IC	55	62775	70006	62761	62996
IC	56	62739	69663	62979	63103
IC	57	62972	70157	63055	62834
IC	58	62333	70181	63241	62871
IC	59	63092	69812	62917	63494
IC	60	62752	70280	63475	63239
IC	61	62431	69165	63436	62529
IC	62	62572	69960	63032	62889
IC	63	62394	70262	64142	62837
IC	64	62738	69243	62897	62761
IC	65	62564	70158	62891	62457
IC	66	62254	68904	63573	62493
IC	67	62295	70095	63505	62121
IC	68	62214	69327	63011	62576
IC	69	61758	69833	63128	62517
IC	70	61962	69908	62794	62437
IC	71	62373	70289	63333	62139
IC	72	62019	70146	63870	62693
IC	73	62023	69822	63185	62101
IC	74	61570	70093	63079	62001
IC	75	62103	69901	63149	62237
IC	76	61963	69562	63206	62190
IC	77	61869	69687	62942	61963
IC	78	61759	69646	63035	62041
IC	79	61447	69643	62883	63044
IC	80	61704	69665	63161	62523
IC	81	61738	69879	62478	61919
IC	82	62002	69251	63116	62089
IC	83	62170	69571	63217	62171
IC	84	61537	69327	63205	61843
IC	85	61196	69988	63109	61531
IC	86	61396	69153	62651	61807
IC	87	61207	69051	62902	61570
IC	88	60812	68871	61737	61564
IC	89	61132	68574	62523	61844
IC	90	60628	68356	62156	61371
IC	91	61039	67131	62774	61646
IC	92	60495	67983	62924	61580
IC	93	60850	67413	62170	61404
IC	94	60499	68200	62527	61229
IC	95	60508	66866	62170	61329
IC	96	60305	66734	62120	61415
IC	97	60141	67381	62238	61329
IC	98	60438	67139	62151	60846
IC	99	60432	66392	61883	60351
IC	100	60463	66305	62120	60786
IC	101	59595	66030	62001	60415
IC	102	59508	65242	61727	60024
IC	103	59245	65559	61720	60258
IC	104	59401	64505	61294	60736
IC	105	58971	65374	61151	60009
IC	106	58955	64181	61119	59703
IC	107	58751	63811	60919	59498
IC	108	58302	63611	60758	59586
IC	109	58324	63279	60755	58607
IC	110	58466	62688	60764	58763
IC	111	58376	62301	60223	59004
IC	112	58197	61639	59773	58630
IC	113	57823	61152	60375	58012
IC	114	57252	59794	59769	58410
IC	115	56856	60766	59385	57629
IC	116	57101	59228	59454	57458
IC	117	56366	58556	58858	56849
IC	118	56497	57976	58765	56548
IC	119	56253	57428	58647	56513
IC	120	55176	56686	58299	55807
IC	121	55126	55988	57803	55425
IC	122	55247	55345	57744	54431
IC	123	54522	53870	57863	54759
IC	124	53609	53060	57157	53685
IC	125	53518	51625	56655	52715
IC	126	52799	50968	56165	51812
IC	127	52487	50416	55854	50799
IC	128	51851	48814	55091	49748
IC	129	51050	47407	54965	49121
IC	130	49707	46382	53547	47898
IC	131	49473	45007	53570	47107
IC	132	48288	43414	51549	45806
IC	133	46897	41335	50973	43718
IC	134	46218	39279	49627	41677
IC	135	44527	36791	48065	40095
IC	136	43472	36017	47382	39460
IC	137	41595	33818	45920	37224
IC	138	39640	32229	43960	32938
IC	139	37936	22294	42680	23969
IC	140	35725	20900	41058	23306
IC	141	34275	20110	39514	22605
IC	142	31455	18668	37207	21245
IC	143	28787	16516	33636	19062
IC	144	25261	14649	32131	18279
IC	145	24642	14268	30214	17433
IC	146	20206	12072	26930	15754
IC	147	20334	12590	18487	11501
IC	148	0	0	0	2
IC	149	0	1	0	0
IC	150	0	3	0	0
# Coverage distribution. Use `grep ^COV | cut -f 2-` to extract this part.
COV	[1-1]	1	5290292
COV	[2-2]	2	3956846
COV	[3-3]	3	3493631
COV	[4-4]	4	3418205
COV	[5-5]	5	3589908
COV	[6-6]	6	3970125
COV	[7-7]	7	4524284
COV	[8-8]	8	5273329
COV	[9-9]	9	6190567
COV	[10-10]	10	7290168
COV	[11-11]	11	8538314
COV	[12-12]	12	9817059
COV	[13-13]	13	11128970
COV	[14-14]	14	12357893
COV	[15-15]	15	13417845
COV	[16-16]	16	14351117
COV	[17-17]	17	15171381
COV	[18-18]	18	15943806
COV	[19-19]	19	16807148
COV	[20-20]	20	17932438
COV	[21-21]	21	19482471
COV	[22-22]	22	21581862
COV	[23-23]	23	24426156
COV	[24-24]	24	28106315
COV	[25-25]	25	32697332
COV	[26-26]	26	38150339
COV	[27-27]	27	44483776
COV	[28-28]	28	51519728
COV	[29-29]	29	59091147
COV	[30-30]	30	66987337
COV	[31-31]	31	74915393
COV	[32-32]	32	82578598
COV	[33-33]	33	89751490
COV	[34-34]	34	96093058
COV	[35-35]	35	101459123
COV	[36-36]	36	105656901
COV	[37-37]	37	108520225
COV	[38-38]	38	110037905
COV	[39-39]	39	110101002
COV	[40-40]	40	108833087
COV	[41-41]	41	106262878
COV	[42-42]	42	102586012
COV	[43-43]	43	97998810
COV	[44-44]	44	92627466
COV	[45-45]	45	86640756
COV	[46-46]	46	80217292
COV	[47-47]	47	73615258
COV	[48-48]	48	66940453
COV	[49-49]	49	60337998
COV	[50-50]	50	53952195
COV	[51-51]	51	47849046
COV	[52-52]	52	42108335
COV	[53-53]	53	36816251
COV	[54-54]	54	31944859
COV	[55-55]	55	27535403
COV	[56-56]	56	23597193
COV	[57-57]	57	20091438
COV	[58-58]	58	17016107
COV	[59-59]	59	14338278
COV	[60-60]	60	12024030
COV	[61-61]	61	10049222
COV	[62-62]	62	8354930
COV	[63-63]	63	6935403
COV	[64-64]	64	5727365
COV	[65-65]	65	4725400
COV	[66-66]	66	3896922
COV	[67-67]	67	3206496
COV	[68-68]	68	2646734
COV	[69-69]	69	2188149
COV	[70-70]	70	1810632
COV	[71-71]	71	1507784
COV	[72-72]	72	1257677
COV	[73-73]	73	1054586
COV	[74-74]	74	897359
COV	[75-75]	75	768893
COV	[76-76]	76	664915
COV	[77-77]	77	579588
COV	[78-78]	78	510121
COV	[79-79]	79	454997
COV	[80-80]	80	407747
COV	[81-81]	81	371018
COV	[82-82]	82	337022
COV	[83-83]	83	311466
COV	[84-84]	84	290529
COV	[85-85]	85	271898
COV	[86-86]	86	256282
COV	[87-87]	87	242516
COV	[88-88]	88	228820
COV	[89-89]	89	216348
COV	[90-90]	90	206559
COV	[91-91]	91	197811
COV	[92-92]	92	187828
COV	[93-93]	93	180015
COV	[94-94]	94	174106
COV	[95-95]	95	167684
COV	[96-96]	96	160220
COV	[97-97]	97	154815
COV	[98-98]	98	149558
COV	[99-99]	99	143883
COV	[100-100]	100	139132
COV	[101-101]	101	133430
COV	[102-102]	102	127675
COV	[103-103]	103	123122
COV	[104-104]	104	118997
COV	[105-105]	105	115089
COV	[106-106]	106	111037
COV	[107-107]	107	106833
COV	[108-108]	108	103852
COV	[109-109]	109	99983
COV	[110-110]	110	97022
COV	[111-111]	111	93680
COV	[112-112]	112	91304
COV	[113-113]	113	88855
COV	[114-114]	114	86556
COV	[115-115]	115	83822
COV	[116-116]	116	81539
COV	[117-117]	117	79688
COV	[118-118]	118	77613
COV	[119-119]	119	76007
COV	[120-120]	120	74856
COV	[121-121]	121	72660
COV	[122-122]	122	72364
COV	[123-123]	123	69842
COV	[124-124]	124	68453
COV	[125-125]	125	66563
COV	[126-126]	126	65929
COV	[127-127]	127	64028
COV	[128-128]	128	62188
COV	[129-129]	129	61456
COV	[130-130]	130	59715
COV	[131-131]	131	58572
COV	[132-132]	132	57427
COV	[133-133]	133	56085
COV	[134-134]	134	55429
COV	[135-135]	135	54658
COV	[136-136]	136	53970
COV	[137-137]	137	53287
COV	[138-138]	138	52323
COV	[139-139]	139	51500
COV	[140-140]	140	50472
COV	[141-141]	141	49773
COV	[142-142]	142	48934
COV	[143-143]	143	47947
COV	[144-144]	144	47474
COV	[145-145]	145	46553
COV	[146-146]	146	45993
COV	[147-147]	147	44796
COV	[148-148]	148	44091
COV	[149-149]	149	43177
COV	[150-150]	150	42684
COV	[151-151]	151	41590
COV	[152-152]	152	41368
COV	[153-153]	153	40713
COV	[154-154]	154	39955
COV	[155-155]	155	39356
COV	[156-156]	156	38538
COV	[157-157]	157	38291
COV	[158-158]	158	37497
COV	[159-159]	159	36965
COV	[160-160]	160	36484
COV	[161-161]	161	35700
COV	[162-162]	162	35597
COV	[163-163]	163	34438
COV	[164-164]	164	34194
COV	[165-165]	165	33416
COV	[166-166]	166	33324
COV	[167-167]	167	32542
COV	[168-168]	168	31904
COV	[169-169]	169	31932
COV	[170-170]	170	31295
COV	[171-171]	171	31133
COV	[172-172]	172	30539
COV	[173-173]	173	30025
COV	[174-174]	174	29625
COV	[175-175]	175	29091
COV	[176-176]	176	28773
COV	[177-177]	177	27723
COV	[178-178]	178	27855
COV	[179-179]	179	27461
COV	[180-180]	180	27256
COV	[181-181]	181	26614
COV	[182-182]	182	26834
COV	[183-183]	183	26648
COV	[184-184]	184	26819
COV	[185-185]	185	26357
COV	[186-186]	186	26064
COV	[187-187]	187	25350
COV	[188-188]	188	25491
COV	[189-189]	189	24968
COV	[190-190]	190	25020
COV	[191-191]	191	24936
COV	[192-192]	192	24938
COV	[193-193]	193	24574
COV	[194-194]	194	24458
COV	[195-195]	195	24248
COV	[196-196]	196	23824
COV	[197-197]	197	23828
COV	[198-198]	198	23329
COV	[199-199]	199	23129
COV	[200-200]	200	22733
COV	[201-201]	201	22963
COV	[202-202]	202	22702
COV	[203-203]	203	22494
COV	[204-204]	204	22574
COV	[205-205]	205	22275
COV	[206-206]	206	21711
COV	[207-207]	207	21634
COV	[208-208]	208	21331
COV	[209-209]	209	21071
COV	[210-210]	210	20880
COV	[211-211]	211	20527
COV	[212-212]	212	20254
COV	[213-213]	213	20278
COV	[214-214]	214	20108
COV	[215-215]	215	20061
COV	[216-216]	216	19867
COV	[217-217]	217	19792
COV	[218-218]	218	19302
COV	[219-219]	219	19319
COV	[220-220]	220	19429
COV	[221-221]	221	19230
COV	[222-222]	222	18666
COV	[223-223]	223	18745
COV	[224-224]	224	18512
COV	[225-225]	225	18170
COV	[226-226]	226	17602
COV	[227-227]	227	17512
COV	[228-228]	228	17325
COV	[229-229]	229	17085
COV	[230-230]	230	16685
COV	[231-231]	231	16626
COV	[232-232]	232	16247
COV	[233-233]	233	16382
COV	[234-234]	234	15931
COV	[235-235]	235	15321
COV	[236-236]	236	15049
COV	[237-237]	237	14983
COV	[238-238]	238	14313
COV	[239-239]	239	14526
COV	[240-240]	240	14386
COV	[241-241]	241	14281
COV	[242-242]	242	14269
COV	[243-243]	243	14302
COV	[244-244]	244	13746
COV	[245-245]	245	13771
COV	[246-246]	246	13439
COV	[247-247]	247	13339
COV	[248-248]	248	13250
COV	[249-249]	249	13034
COV	[250-250]	250	13012
COV	[251-251]	251	12628
COV	[252-252]	252	12348
COV	[253-253]	253	12240
COV	[254-254]	254	12347
COV	[255-255]	255	12321
COV	[256-256]	256	12021
COV	[257-257]	257	11702
COV	[258-258]	258	11660
COV	[259-259]	259	11628
COV	[260-260]	260	11572
COV	[261-261]	261	11358
COV	[262-262]	262	11562
COV	[263-263]	263	11404
COV	[264-264]	264	11470
COV	[265-265]	265	11153
COV	[266-266]	266	11289
COV	[267-267]	267	11215
COV	[268-268]	268	11235
COV	[269-269]	269	10822
COV	[270-270]	270	10993
COV	[271-271]	271	10930
COV	[272-272]	272	10909
COV	[273-273]	273	10872
COV	[274-274]	274	10539
COV	[275-275]	275	10556
COV	[276-276]	276	10317
COV	[277-277]	277	10315
COV	[278-278]	278	9932
COV	[279-279]	279	10131
COV	[280-280]	280	10185
COV	[281-281]	281	10204
COV	[282-282]	282	10233
COV	[283-283]	283	9971
COV	[284-284]	284	9938
COV	[285-285]	285	9937
COV	[286-286]	286	9739
COV	[287-287]	287	9705
COV	[288-288]	288	9943
COV	[289-289]	289	9900
COV	[290-290]	290	9781
COV	[291-291]	291	9627
COV	[292-292]	292	9411
COV	[293-293]	293	9303
COV	[294-294]	294	9302
COV	[295-295]	295	9112
COV	[296-296]	296	8991
COV	[297-297]	297	8873
COV	[298-298]	298	8581
COV	[299-299]	299	8672
COV	[300-300]	300	8546
COV	[301-301]	301	8351
COV	[302-302]	302	8425
COV	[303-303]	303	8416
COV	[304-304]	304	8495
COV	[305-305]	305	8227
COV	[306-306]	306	8207
COV	[307-307]	307	8014
COV	[308-308]	308	7999
COV	[309-309]	309	7921
COV	[310-310]	310	7778
COV	[311-311]	311	7747
COV	[312-312]	312	7522
COV	[313-313]	313	7654
COV	[314-314]	314	7647
COV	[315-315]	315	7600
COV	[316-316]	316	7674
COV	[317-317]	317	7579
COV	[318-318]	318	7597
COV	[319-319]	319	7475
COV	[320-320]	320	7318
COV	[321-321]	321	7330
COV	[322-322]	322	7380
COV	[323-323]	323	7363
COV	[324-324]	324	7252
COV	[325-325]	325	7174
COV	[326-326]	326	7166
COV	[327-327]	327	7139
COV	[328-328]	328	7017
COV	[329-329]	329	6927
COV	[330-330]	330	6885
COV	[331-331]	331	6872
COV	[332-332]	332	6847
COV	[333-333]	333	6758
COV	[334-334]	334	6802
COV	[335-335]	335	6908
COV	[336-336]	336	6619
COV	[337-337]	337	6755
COV	[338-338]	338	6591
COV	[339-339]	339	6748
COV	[340-340]	340	6590
COV	[341-341]	341	6525
COV	[342-342]	342	6710
COV	[343-343]	343	6679
COV	[344-344]	344	6566
COV	[345-345]	345	6573
COV	[346-346]	346	6510
COV	[347-347]	347	6541
COV	[348-348]	348	6374
COV	[349-349]	349	6441
COV	[350-350]	350	6313
COV	[351-351]	351	6455
COV	[352-352]	352	6468
COV	[353-353]	353	6519
COV	[354-354]	354	6426
COV	[355-355]	355	6406
COV	[356-356]	356	6330
COV	[357-357]	357	6391
COV	[358-358]	358	6369
COV	[359-359]	359	6253
COV	[360-360]	360	6199
COV	[361-361]	361	6289
COV	[362-362]	362	6130
COV	[363-363]	363	6057
COV	[364-364]	364	6096
COV	[365-365]	365	6101
COV	[366-366]	366	6036
COV	[367-367]	367	5882
COV	[368-368]	368	5972
COV	[369-369]	369	5859
COV	[370-370]	370	5913
COV	[371-371]	371	5823
COV	[372-372]	372	5813
COV	[373-373]	373	5780
COV	[374-374]	374	5910
COV	[375-375]	375	5976
COV	[376-376]	376	5919
COV	[377-377]	377	5819
COV	[378-378]	378	5773
COV	[379-379]	379	5707
COV	[380-380]	380	5793
COV	[381-381]	381	5615
COV	[382-382]	382	5673
COV	[383-383]	383	5569
COV	[384-384]	384	5477
COV	[385-385]	385	5622
COV	[386-386]	386	5607
COV	[387-387]	387	5317
COV	[388-388]	388	5481
COV	[389-389]	389	5617
COV	[390-390]	390	5587
COV	[391-391]	391	5512
COV	[392-392]	392	5617
COV	[393-393]	393	5344
COV	[394-394]	394	5498
COV	[395-395]	395	5378
COV	[396-396]	396	5362
COV	[397-397]	397	5379
COV	[398-398]	398	5400
COV	[399-399]	399	5295
COV	[400-400]	400	5353
COV	[401-401]	401	5330
COV	[402-402]	402	5320
COV	[403-403]	403	5152
COV	[404-404]	404	5230
COV	[405-405]	405	5271
COV	[406-406]	406	5260
COV	[407-407]	407	5215
COV	[408-408]	408	5293
COV	[409-409]	409	5261
COV	[410-410]	410	5289
COV	[411-411]	411	5352
COV	[412-412]	412	5169
COV	[413-413]	413	5147
COV	[414-414]	414	5076
COV	[415-415]	415	5150
COV	[416-416]	416	4870
COV	[417-417]	417	4979
COV	[418-418]	418	5166
COV	[419-419]	419	5108
COV	[420-420]	420	5012
COV	[421-421]	421	4934
COV	[422-422]	422	4928
COV	[423-423]	423	4813
COV	[424-424]	424	4988
COV	[425-425]	425	4838
COV	[426-426]	426	4739
COV	[427-427]	427	4853
COV	[428-428]	428	4862
COV	[429-429]	429	4757
COV	[430-430]	430	4759
COV	[431-431]	431	4772
COV	[432-432]	432	4766
COV	[433-433]	433	4774
COV	[434-434]	434	4696
COV	[435-435]	435	4715
COV	[436-436]	436	4529
COV	[437-437]	437	4713
COV	[438-438]	438	4692
COV	[439-439]	439	4600
COV	[440-440]	440	4500
COV	[441-441]	441	4596
COV	[442-442]	442	4671
COV	[443-443]	443	4494
COV	[444-444]	444	4655
COV	[445-445]	445	4489
COV	[446-446]	446	4512
COV	[447-447]	447	4652
COV	[448-448]	448	4540
COV	[449-449]	449	4450
COV	[450-450]	450	4480
COV	[451-451]	451	4512
COV	[452-452]	452	4594
COV	[453-453]	453	4535
COV	[454-454]	454	4449
COV	[455-455]	455	4472
COV	[456-456]	456	4636
COV	[457-457]	457	4606
COV	[458-458]	458	4367
COV	[459-459]	459	4552
COV	[460-460]	460	4442
COV	[461-461]	461	4348
COV	[462-462]	462	4385
COV	[463-463]	463	4178
COV	[464-464]	464	4396
COV	[465-465]	465	4317
COV	[466-466]	466	4357
COV	[467-467]	467	4379
COV	[468-468]	468	4265
COV	[469-469]	469	4307
COV	[470-470]	470	4162
COV	[471-471]	471	4312
COV	[472-472]	472	4218
COV	[473-473]	473	4197
COV	[474-474]	474	4080
COV	[475-475]	475	4115
COV	[476-476]	476	4018
COV	[477-477]	477	4010
COV	[478-478]	478	4145
COV	[479-479]	479	4076
COV	[480-480]	480	4165
COV	[481-481]	481	4016
COV	[482-482]	482	4051
COV	[483-483]	483	3960
COV	[484-484]	484	3974
COV	[485-485]	485	3892
COV	[486-486]	486	4039
COV	[487-487]	487	3948
COV	[488-488]	488	3944
COV	[489-489]	489	3867
COV	[490-490]	490	4018
COV	[491-491]	491	3942
COV	[492-492]	492	4054
COV	[493-493]	493	3897
COV	[494-494]	494	3954
COV	[495-495]	495	3913
COV	[496-496]	496	3767
COV	[497-497]	497	3816
COV	[498-498]	498	3751
COV	[499-499]	499	3802
COV	[500-500]	500	3754
COV	[501-501]	501	3878
COV	[502-502]	502	3694
COV	[503-503]	503	3714
COV	[504-504]	504	3816
COV	[505-505]	505	3649
COV	[506-506]	506	3726
COV	[507-507]	507	3696
COV	[508-508]	508	3740
COV	[509-509]	509	3703
COV	[510-510]	510	3659
COV	[511-511]	511	3820
COV	[512-512]	512	3579
COV	[513-513]	513	3519
COV	[514-514]	514	3654
COV	[515-515]	515	3580
COV	[516-516]	516	3613
COV	[517-517]	517	3682
COV	[518-518]	518	3573
COV	[519-519]	519	3608
COV	[520-520]	520	3559
COV	[521-521]	521	3561
COV	[522-522]	522	3622
COV	[523-523]	523	3539
COV	[524-524]	524	3722
COV	[525-525]	525	3805
COV	[526-526]	526	3694
COV	[527-527]	527	3530
COV	[528-528]	528	3552
COV	[529-529]	529	3561
COV	[530-530]	530	3652
COV	[531-531]	531	3602
COV	[532-532]	532	3617
COV	[533-533]	533	3594
COV	[534-534]	534	3741
COV	[535-535]	535	3564
COV	[536-536]	536	3612
COV	[537-537]	537	3608
COV	[538-538]	538	3552
COV	[539-539]	539	3478
COV	[540-540]	540	3489
COV	[541-541]	541	3509
COV	[542-542]	542	3559
COV	[543-543]	543	3573
COV	[544-544]	544	3666
COV	[545-545]	545	3576
COV	[546-546]	546	3539
COV	[547-547]	547	3628
COV	[548-548]	548	3545
COV	[549-549]	549	3514
COV	[550-550]	550	3523
COV	[551-551]	551	3443
COV	[552-552]	552	3432
COV	[553-553]	553	3583
COV	[554-554]	554	3465
COV	[555-555]	555	3477
COV	[556-556]	556	3499
COV	[557-557]	557	3598
COV	[558-558]	558	3567
COV	[559-559]	559	3468
COV	[560-560]	560	3435
COV	[561-561]	561	3595
COV	[562-562]	562	3378
COV	[563-563]	563	3386
COV	[564-564]	564	3381
COV	[565-565]	565	3347
COV	[566-566]	566	3302
COV	[567-567]	567	3403
COV	[568-568]	568	3303
COV	[569-569]	569	3269
COV	[570-570]	570	3300
COV	[571-571]	571	3471
COV	[572-572]	572	3365
COV	[573-573]	573	3286
COV	[574-574]	574	3360
COV	[575-575]	575	3286
COV	[576-576]	576	3250
COV	[577-577]	577	3335
COV	[578-578]	578	3195
COV	[579-579]	579	3225
COV	[580-580]	580	3202
COV	[581-581]	581	3122
COV	[582-582]	582	3177
COV	[583-583]	583	3204
COV	[584-584]	584	3251
COV	[585-585]	585	3263
COV	[586-586]	586	3257
COV	[587-587]	587	3101
COV	[588-588]	588	3065
COV	[589-589]	589	3159
COV	[590-590]	590	3053
COV	[591-591]	591	3124
COV	[592-592]	592	3112
COV	[593-593]	593	3082
COV	[594-594]	594	3045
COV	[595-595]	595	2989
COV	[596-596]	596	3102
COV	[597-597]	597	3094
COV	[598-598]	598	3016
COV	[599-599]	599	3033
COV	[600-600]	600	2996
COV	[601-601]	601	2956
COV	[602-602]	602	2982
COV	[603-603]	603	2979
COV	[604-604]	604	2998
COV	[605-605]	605	2980
COV	[606-606]	606	2911
COV	[607-607]	607	2853
COV	[608-608]	608	2787
COV	[609-609]	609	2844
COV	[610-610]	610	2829
COV	[611-611]	611	2852
COV	[612-612]	612	2867
COV	[613-613]	613	2851
COV	[614-614]	614	2890
COV	[615-615]	615	2815
COV	[616-616]	616	2728
COV	[617-617]	617	2705
COV	[618-618]	618	2739
COV	[619-619]	619	2733
COV	[620-620]	620	2686
COV	[621-621]	621	2691
COV	[622-622]	622	2660
COV	[623-623]	623	2826
COV	[624-624]	624	2682
COV	[625-625]	625	2851
COV	[626-626]	626	2778
COV	[627-627]	627	2869
COV	[628-628]	628	2802
COV	[629-629]	629	2771
COV	[630-630]	630	2916
COV	[631-631]	631	2737
COV	[632-632]	632	2856
COV	[633-633]	633	2679
COV	[634-634]	634	2652
COV	[635-635]	635	2673
COV	[636-636]	636	2673
COV	[637-637]	637	2694
COV	[638-638]	638	2649
COV	[639-639]	639	2746
COV	[640-640]	640	2631
COV	[641-641]	641	2644
COV	[642-642]	642	2724
COV	[643-643]	643	2646
COV	[644-644]	644	2784
COV	[645-645]	645	2769
COV	[646-646]	646	2697
COV	[647-647]	647	2686
COV	[648-648]	648	2701
COV	[649-649]	649	2632
COV	[650-650]	650	2597
COV	[651-651]	651	2624
COV	[652-652]	652	2649
COV	[653-653]	653	2612
COV	[654-654]	654	2686
COV	[655-655]	655	2557
COV	[656-656]	656	2645
COV	[657-657]	657	2553
COV	[658-658]	658	2695
COV	[659-659]	659	2642
COV	[660-660]	660	2593
COV	[661-661]	661	2574
COV	[662-662]	662	2508
COV	[663-663]	663	2535
COV	[664-664]	664	2626
COV	[665-665]	665	2562
COV	[666-666]	666	2502
COV	[667-667]	667	2542
COV	[668-668]	668	2589
COV	[669-669]	669	2487
COV	[670-670]	670	2539
COV	[671-671]	671	2444
COV	[672-672]	672	2495
COV	[673-673]	673	2480
COV	[674-674]	674	2475
COV	[675-675]	675	2592
COV	[676-676]	676	2415
COV	[677-677]	677	2570
COV	[678-678]	678	2498
COV	[679-679]	679	2487
COV	[680-680]	680	2346
COV	[681-681]	681	2452
COV	[682-682]	682	2427
COV	[683-683]	683	2385
COV	[684-684]	684	2420
COV	[685-685]	685	2421
COV	[686-686]	686	2443
COV	[687-687]	687	2436
COV	[688-688]	688	2363
COV	[689-689]	689	2435
COV	[690-690]	690	2380
COV	[691-691]	691	2454
COV	[692-692]	692	2387
COV	[693-693]	693	2470
COV	[694-694]	694	2464
COV	[695-695]	695	2375
COV	[696-696]	696	2327
COV	[697-697]	697	2418
COV	[698-698]	698	2450
COV	[699-699]	699	2347
COV	[700-700]	700	2409
COV	[701-701]	701	2358
COV	[702-702]	702	2278
COV	[703-703]	703	2316
COV	[704-704]	704	2356
COV	[705-705]	705	2207
COV	[706-706]	706	2307
COV	[707-707]	707	2303
COV	[708-708]	708	2304
COV	[709-709]	709	2242
COV	[710-710]	710	2289
COV	[711-711]	711	2375
COV	[712-712]	712	2293
COV	[713-713]	713	2312
COV	[714-714]	714	2359
COV	[715-715]	715	2317
COV	[716-716]	716	2322
COV	[717-717]	717	2393
COV	[718-718]	718	2221
COV	[719-719]	719	2260
COV	[720-720]	720	2293
COV	[721-721]	721	2251
COV	[722-722]	722	2201
COV	[723-723]	723	2302
COV	[724-724]	724	2197
COV	[725-725]	725	2334
COV	[726-726]	726	2361
COV	[727-727]	727	2294
COV	[728-728]	728	2257
COV	[729-729]	729	2307
COV	[730-730]	730	2279
COV	[731-731]	731	2179
COV	[732-732]	732	2219
COV	[733-733]	733	2188
COV	[734-734]	734	2187
COV	[735-735]	735	2213
COV	[736-736]	736	2164
COV	[737-737]	737	2255
COV	[738-738]	738	2144
COV	[739-739]	739	2223
COV	[740-740]	740	2169
COV	[741-741]	741	2229
COV	[742-742]	742	2089
COV	[743-743]	743	2161
COV	[744-744]	744	2182
COV	[745-745]	745	2120
COV	[746-746]	746	2182
COV	[747-747]	747	2115
COV	[748-748]	748	2246
COV	[749-749]	749	2129
COV	[750-750]	750	2132
COV	[751-751]	751	2113
COV	[752-752]	752	2101
COV	[753-753]	753	2064
COV	[754-754]	754	2121
COV	[755-755]	755	2056
COV	[756-756]	756	2117
COV	[757-757]	757	2159
COV	[758-758]	758	2038
COV	[759-759]	759	2154
COV	[760-760]	760	2062
COV	[761-761]	761	2121
COV	[762-762]	762	2120
COV	[763-763]	763	2050
COV	[764-764]	764	2057
COV	[765-765]	765	2068
COV	[766-766]	766	2059
COV	[767-767]	767	2039
COV	[768-768]	768	2079
COV	[769-769]	769	2045
COV	[770-770]	770	1981
COV	[771-771]	771	1974
COV	[772-772]	772	2089
COV	[773-773]	773	2027
COV	[774-774]	774	2033
COV	[775-775]	775	2017
COV	[776-776]	776	1944
COV	[777-777]	777	2072
COV	[778-778]	778	1898
COV	[779-779]	779	1962
COV	[780-780]	780	2029
COV	[781-781]	781	1964
COV	[782-782]	782	2008
COV	[783-783]	783	2112
COV	[784-784]	784	2005
COV	[785-785]	785	2011
COV	[786-786]	786	2012
COV	[787-787]	787	1899
COV	[788-788]	788	2041
COV	[789-789]	789	2005
COV	[790-790]	790	2009
COV	[791-791]	791	2032
COV	[792-792]	792	2034
COV	[793-793]	793	1991
COV	[794-794]	794	2067
COV	[795-795]	795	1964
COV	[796-796]	796	2035
COV	[797-797]	797	1992
COV	[798-798]	798	2018
COV	[799-799]	799	1950
COV	[800-800]	800	1980
COV	[801-801]	801	1973
COV	[802-802]	802	2019
COV	[803-803]	803	1979
COV	[804-804]	804	2055
COV	[805-805]	805	1922
COV	[806-806]	806	1951
COV	[807-807]	807	2050
COV	[808-808]	808	1871
COV	[809-809]	809	1982
COV	[810-810]	810	1946
COV	[811-811]	811	1963
COV	[812-812]	812	1942
COV	[813-813]	813	1861
COV	[814-814]	814	1899
COV	[815-815]	815	1921
COV	[816-816]	816	1909
COV	[817-817]	817	1972
COV	[818-818]	818	1904
COV	[819-819]	819	1926
COV	[820-820]	820	1902
COV	[821-821]	821	1897
COV	[822-822]	822	1867
COV	[823-823]	823	1887
COV	[824-824]	824	1793
COV	[825-825]	825	1819
COV	[826-826]	826	1871
COV	[827-827]	827	1912
COV	[828-828]	828	1886
COV	[829-829]	829	1807
COV	[830-830]	830	1879
COV	[831-831]	831	1791
COV	[832-832]	832	1828
COV	[833-833]	833	1782
COV	[834-834]	834	1850
COV	[835-835]	835	1869
COV	[836-836]	836	1803
COV	[837-837]	837	1754
COV	[838-838]	838	1824
COV	[839-839]	839	1755
COV	[840-840]	840	1845
COV	[841-841]	841	1806
COV	[842-842]	842	1788
COV	[843-843]	843	1716
COV	[844-844]	844	1803
COV	[845-845]	845	1688
COV	[846-846]	846	1695
COV	[847-847]	847	1754
COV	[848-848]	848	1746
COV	[849-849]	849	1795
COV	[850-850]	850	1759
COV	[851-851]	851	1750
COV	[852-852]	852	1789
COV	[853-853]	853	1790
COV	[854-854]	854	1814
COV	[855-855]	855	1765
COV	[856-856]	856	1698
COV	[857-857]	857	1719
COV	[858-858]	858	1719
COV	[859-859]	859	1742
COV	[860-860]	860	1774
COV	[861-861]	861	1678
COV	[862-862]	862	1672
COV	[863-863]	863	1668
COV	[864-864]	864	1710
COV	[865-865]	865	1661
COV	[866-866]	866	1678
COV	[867-867]	867	1667
COV	[868-868]	868	1740
COV	[869-869]	869	1683
COV	[870-870]	870	1715
COV	[871-871]	871	1683
COV	[872-872]	872	1704
COV	[873-873]	873	1660
COV	[874-874]	874	1595
COV	[875-875]	875	1633
COV	[876-876]	876	1646
COV	[877-877]	877	1659
COV	[878-878]	878	1588
COV	[879-879]	879	1576
COV	[880-880]	880	1650
COV	[881-881]	881	1565
COV	[882-882]	882	1554
COV	[883-883]	883	1507
COV	[884-884]	884	1565
COV	[885-885]	885	1594
COV	[886-886]	886	1496
COV	[887-887]	887	1512
COV	[888-888]	888	1570
COV	[889-889]	889	1563
COV	[890-890]	890	1515
COV	[891-891]	891	1556
COV	[892-892]	892	1495
COV	[893-893]	893	1507
COV	[894-894]	894	1497
COV	[895-895]	895	1527
COV	[896-896]	896	1503
COV	[897-897]	897	1444
COV	[898-898]	898	1449
COV	[899-899]	899	1480
COV	[900-900]	900	1504
COV	[901-901]	901	1516
COV	[902-902]	902	1511
COV	[903-903]	903	1472
COV	[904-904]	904	1489
COV	[905-905]	905	1513
COV	[906-906]	906	1512
COV	[907-907]	907	1500
COV	[908-908]	908	1504
COV	[909-909]	909	1405
COV	[910-910]	910	1507
COV	[911-911]	911	1497
COV	[912-912]	912	1540
COV	[913-913]	913	1435
COV	[914-914]	914	1483
COV	[915-915]	915	1466
COV	[916-916]	916	1467
COV	[917-917]	917	1545
COV	[918-918]	918	1490
COV	[919-919]	919	1504
COV	[920-920]	920	1521
COV	[921-921]	921	1478
COV	[922-922]	922	1474
COV	[923-923]	923	1423
COV	[924-924]	924	1407
COV	[925-925]	925	1440
COV	[926-926]	926	1463
COV	[927-927]	927	1486
COV	[928-928]	928	1438
COV	[929-929]	929	1453
COV	[930-930]	930	1405
COV	[931-931]	931	1454
COV	[932-932]	932	1544
COV	[933-933]	933	1394
COV	[934-934]	934	1447
COV	[935-935]	935	1463
COV	[936-936]	936	1444
COV	[937-937]	937	1511
COV	[938-938]	938	1407
COV	[939-939]	939	1468
COV	[940-940]	940	1460
COV	[941-941]	941	1478
COV	[942-942]	942	1430
COV	[943-943]	943	1465
COV	[944-944]	944	1438
COV	[945-945]	945	1523
COV	[946-946]	946	1372
COV	[947-947]	947	1434
COV	[948-948]	948	1404
COV	[949-949]	949	1403
COV	[950-950]	950	1401
COV	[951-951]	951	1431
COV	[952-952]	952	1465
COV	[953-953]	953	1485
COV	[954-954]	954	1432
COV	[955-955]	955	1489
COV	[956-956]	956	1453
COV	[957-957]	957	1410
COV	[958-958]	958	1450
COV	[959-959]	959	1492
COV	[960-960]	960	1509
COV	[961-961]	961	1380
COV	[962-962]	962	1496
COV	[963-963]	963	1516
COV	[964-964]	964	1433
COV	[965-965]	965	1494
COV	[966-966]	966	1477
COV	[967-967]	967	1507
COV	[968-968]	968	1456
COV	[969-969]	969	1457
COV	[970-970]	970	1425
COV	[971-971]	971	1433
COV	[972-972]	972	1536
COV	[973-973]	973	1466
COV	[974-974]	974	1448
COV	[975-975]	975	1494
COV	[976-976]	976	1467
COV	[977-977]	977	1444
COV	[978-978]	978	1416
COV	[979-979]	979	1458
COV	[980-980]	980	1419
COV	[981-981]	981	1374
COV	[982-982]	982	1406
COV	[983-983]	983	1451
COV	[984-984]	984	1425
COV	[985-985]	985	1353
COV	[986-986]	986	1434
COV	[987-987]	987	1520
COV	[988-988]	988	1518
COV	[989-989]	989	1446
COV	[990-990]	990	1531
COV	[991-991]	991	1444
COV	[992-992]	992	1467
COV	[993-993]	993	1535
COV	[994-994]	994	1480
COV	[995-995]	995	1472
COV	[996-996]	996	1488
COV	[997-997]	997	1455
COV	[998-998]	998	1538
COV	[999-999]	999	1497
COV	[1000-1000]	1000	1450
COV	[1000<]	1000	2144559
# GC-depth. Use `grep ^GCD | cut -f 2-` to extract this part. The columns are: GC%, unique sequence percentiles, 10th, 25th, 50th, 75th and 90th depth percentile
GCD	0.0	0.018	0.007	0.007	0.007	0.030	0.044
GCD	0.4	0.019	0.015	0.015	0.015	0.015	0.015
GCD	3.0	0.022	0.074	0.083	0.126	0.241	0.274
GCD	4.0	0.025	0.044	0.078	0.170	0.393	0.511
GCD	5.0	0.028	0.015	0.028	0.074	0.087	0.089
GCD	6.0	0.033	0.015	0.015	0.093	0.711	1.644
GCD	7.0	0.038	0.059	0.074	0.096	0.096	0.111
GCD	8.0	0.043	0.015	0.022	0.044	0.133	0.422
GCD	9.0	0.045	0.104	0.104	0.118	0.526	0.526
GCD	10.0	0.049	0.015	0.059	0.093	0.311	0.511
GCD	11.0	0.054	0.007	0.007	0.163	0.289	12.471
GCD	12.0	0.062	0.007	0.022	0.074	1.326	4.063
GCD	13.0	0.071	0.027	0.048	0.100	0.167	3290.797
GCD	14.0	0.075	0.007	0.041	0.193	1.007	1.340
GCD	15.0	0.079	0.007	0.011	0.044	0.130	0.170
GCD	16.0	0.086	0.015	0.015	0.207	62.124	1129.309
GCD	17.0	0.095	0.013	0.037	0.207	1.500	55.877
GCD	18.0	0.104	0.007	0.033	0.763	101.325	759.224
GCD	19.0	0.109	0.015	0.044	0.304	0.941	193.234
GCD	20.0	0.116	0.007	0.033	0.148	3.699	80.694
GCD	21.0	0.127	0.007	0.017	0.159	0.468	182.524
GCD	22.0	0.132	0.007	0.015	0.067	19.048	66.164
GCD	23.0	0.137	0.007	0.030	0.822	9.109	120.175
GCD	24.0	0.147	0.007	0.015	0.107	70.432	117.075
GCD	25.0	0.155	0.010	0.044	0.918	39.088	88.593
GCD	26.0	0.163	0.007	0.013	3.673	78.728	95.384
GCD	27.0	0.174	0.015	0.056	0.363	51.397	61.131
GCD	28.0	0.185	0.007	0.193	0.644	24.995	72.697
GCD	29.0	0.201	0.007	0.015	0.441	40.656	65.730
GCD	30.0	0.222	0.015	0.274	6.043	52.474	110.532
GCD	31.0	0.253	0.033	0.430	21.240	51.678	55.231
GCD	32.0	0.327	0.512	26.213	45.450	52.093	56.347
GCD	33.0	0.538	12.657	37.837	44.768	49.534	53.848
GCD	34.0	1.310	33.018	37.944	41.980	46.448	51.005
GCD	35.0	3.716	31.733	36.385	39.762	43.680	47.346
GCD	36.0	9.163	32.208	35.859	38.873	42.430	46.147
GCD	37.0	18.024	31.161	35.219	38.333	41.665	45.094
GCD	38.0	28.939	25.855	34.941	38.214	41.525	44.702
GCD	39.0	40.189	27.360	35.141	38.362	41.547	44.715
GCD	40.0	50.235	29.001	35.659	38.777	41.888	44.961
GCD	41.0	58.911	30.831	35.985	39.081	42.206	45.428
GCD	42.0	65.973	31.423	36.133	39.118	42.191	45.442
GCD	43.0	71.797	32.042	36.370	39.503	42.554	45.657
GCD	44.0	76.526	31.197	36.570	39.710	42.865	46.104
GCD	45.0	80.514	26.014	36.452	39.784	43.093	46.455
GCD	46.0	84.045	21.970	36.039	39.751	43.424	46.953
GCD	47.0	86.998	26.381	37.229	40.703	44.428	48.916
GCD	48.0	89.304	34.394	38.090	41.406	44.966	49.471
GCD	49.0	91.056	35.381	38.522	41.621	44.870	48.264
GCD	50.0	92.597	35.593	39.021	42.173	45.566	48.749
GCD	51.0	93.888	36.344	39.508	42.584	45.790	48.811
GCD	52.0	95.069	37.049	39.940	43.006	46.487	49.813
GCD	53.0	96.065	37.551	40.616	43.809	47.412	51.889
GCD	54.0	96.871	37.808	40.791	43.732	47.099	50.495
GCD	55.0	97.524	37.959	41.302	44.217	47.383	50.382
GCD	56.0	98.059	38.592	41.489	44.246	47.257	50.379
GCD	57.0	98.506	39.370	42.206	44.976	48.027	51.278
GCD	58.0	98.866	39.881	42.724	45.428	48.671	51.760
GCD	59.0	99.152	40.180	42.991	46.827	50.582	70.172
GCD	60.0	99.395	40.766	44.130	47.786	51.534	278.120
GCD	61.0	99.581	41.886	43.982	47.420	50.569	56.162
GCD	62.0	99.702	40.474	43.891	47.020	50.613	55.323
GCD	63.0	99.812	41.462	44.263	47.583	50.695	54.824
GCD	64.0	99.875	41.425	45.383	47.531	51.485	53.740
GCD	65.0	99.922	43.412	46.316	48.745	51.404	70.253
GCD	66.0	99.951	44.191	46.592	49.760	51.650	806.375
GCD	67.0	99.978	44.224	46.614	49.260	51.393	99.656
GCD	68.0	99.993	0.197	44.713	49.260	51.784	54.412
GCD	69.0	99.997	45.605	45.850	48.549	826.062	3149.369
GCD	70.0	99.998	42.784	42.784	42.784	42.784	42.784
GCD	71.0	99.999	541.264	541.264	541.264	541.264	541.264
GCD	72.0	99.999	12.383	12.383	12.383	12.383	12.383
GCD	84.0	100.000	0.007	0.007	0.007	0.007	0.007
