# This file was produced by samtools stats (1.19+htslib-1.19) and can be plotted using plot-bamstats
# This file contains statistics for all reads.
# The command line was:  stats bam_files/recal_ABOFRAM007301868101.bam
# CHK, Checksum	[2]Read Names	[3]Sequences	[4]Qualities
# CHK, CRC32 of reads which passed filtering followed by addition (32bit overflow)
CHK	6d062dea	b2176ea7	5bf9b3b1
# Summary Numbers. Use `grep ^SN | cut -f 2-` to extract this part.
SN	raw total sequences:	520654858	# excluding supplementary and secondary reads
SN	filtered sequences:	0
SN	sequences:	520654858
SN	is sorted:	1
SN	1st fragments:	260324615
SN	last fragments:	260330243
SN	reads mapped:	519120368
SN	reads mapped and paired:	518129742	# paired-end technology bit set + both mates mapped
SN	reads unmapped:	1534490
SN	reads properly paired:	506888025	# proper-pair bit set
SN	reads paired:	520654858	# paired-end technology bit set
SN	reads duplicated:	0	# PCR or optical duplicate bit set
SN	reads MQ0:	57371066	# mapped and MQ=0
SN	reads QC failed:	0
SN	non-primary alignments:	0
SN	supplementary alignments:	1788299
SN	total length:	77091535554	# ignores clipping
SN	total first fragment length:	39048692250	# ignores clipping
SN	total last fragment length:	38042843304	# ignores clipping
SN	bases mapped:	76866001491	# ignores clipping
SN	bases mapped (cigar):	76210990151	# more accurate
SN	bases trimmed:	0
SN	bases duplicated:	0
SN	mismatches:	430094682	# from NM fields
SN	error rate:	5.643473e-03	# mismatches / bases mapped (cigar)
SN	average length:	148
SN	average first fragment length:	150
SN	average last fragment length:	146
SN	maximum length:	150
SN	maximum first fragment length:	150
SN	maximum last fragment length:	150
SN	average quality:	30.8
SN	insert size average:	413.7
SN	insert size standard deviation:	90.4
SN	inward oriented pairs:	253707510
SN	outward oriented pairs:	446344
SN	pairs with other orientation:	136379
SN	pairs on different chromosomes:	4774406
SN	percentage of properly paired reads (%):	97.4
# First Fragment Qualities. Use `grep ^FFQ | cut -f 2-` to extract this part.
# Columns correspond to qualities and rows to cycles. First column is the cycle number.
FFQ	1	0	0	9744	0	0	0	0	0	0	0	0	0	0	0	4707353	0	0	0	0	0	0	0	0	0	0	0	0	7447320	0	0	248160198	0	0	0	0	0
FFQ	2	0	0	4324	0	0	0	0	0	0	42873	0	142658	578152	158736	297232	807883	761245	457621	0	0	0	200585	91435	4036046	0	353965	286350	406569	1100498	1938633	23641161	93263074	85398293	46357282	0	0
FFQ	3	0	0	24197	0	0	0	0	0	0	36079	0	117583	435418	154345	218797	685398	815746	392053	0	0	0	214118	74916	0	3235682	287416	291712	493042	833168	1798145	1732692	24616723	89967006	87075070	46825309	0
FFQ	4	0	0	4715	0	0	0	0	0	0	40924	0	115394	378964	143137	256171	661092	854184	349968	0	0	0	240095	84860	0	3666217	292224	269423	519776	772031	1953122	1694000	23810645	91249844	86959855	46007974	0
FFQ	5	0	0	115	0	0	0	0	0	0	42295	0	120130	343309	138754	251506	637748	849132	359855	0	0	0	240730	86684	0	3733063	309403	257770	489216	757018	1872667	1717699	23093841	91816217	87908881	45298582	0
FFQ	6	0	0	32	0	0	0	0	0	0	40034	0	119034	319046	146166	261926	615610	832941	359369	0	0	0	308431	0	3614824	320360	274629	477582	727194	1930725	1708482	24727678	91065782	87688664	44786106	0	0
FFQ	7	0	0	1	0	0	0	0	0	0	42886	0	114347	323958	140090	252887	618439	800221	357158	0	0	0	232987	90001	3938635	0	315451	268931	523107	728622	1899853	25435207	92734881	86910407	44596546	0	0
FFQ	8	0	0	7688	0	0	0	0	0	0	39890	0	119185	318958	143381	252265	612440	796377	349328	0	0	0	226937	82785	3578085	0	331178	275355	524201	733077	1931672	26099889	91990891	86707515	45203518	0	0
FFQ	9	0	0	0	0	0	0	0	0	0	41500	0	118072	318523	142941	260273	623347	810760	349215	0	0	0	242704	85843	3699096	0	329125	276883	547855	726270	1973130	25717877	92251231	86582828	45227142	0	0
FFQ	10	0	0	0	0	0	0	0	0	0	42907	0	118884	313527	144433	255377	604553	816757	349211	0	0	0	233128	89386	3731206	0	332453	280289	547330	732860	1959601	25702520	91977290	87017449	45075454	0	0
FFQ	11	0	0	0	0	0	0	0	0	0	45334	0	115276	303084	144822	253418	613691	836134	366447	0	0	0	231758	94353	3736743	0	325987	283344	536639	728827	1995165	25968730	92253629	86542124	44949110	0	0
FFQ	12	0	0	0	0	0	0	0	0	0	45894	0	121900	289487	142244	261139	613691	846636	364417	0	0	0	225810	95885	3723961	0	346343	281894	525664	718644	2013261	25937073	92095180	86591517	45083975	0	0
FFQ	13	0	0	0	0	0	0	0	0	0	47413	0	122905	292270	146511	265546	613124	849074	371218	0	0	0	224349	97823	3762904	0	351606	287710	535457	731660	2038291	25880123	92060858	86332810	45312963	0	0
FFQ	14	0	0	0	0	0	0	0	0	0	47831	0	122454	286066	145374	265099	618514	850324	372251	0	0	0	224471	97936	3732550	0	353648	286970	525398	728458	2048437	25861465	92005436	86235722	45516211	0	0
FFQ	15	0	0	0	0	0	0	0	0	0	46544	0	119994	282053	144156	261858	616538	843549	369099	0	0	0	224973	96829	3680088	0	351447	287917	524290	725766	2044595	25831239	92134541	86279864	45459275	0	0
FFQ	16	0	0	1	0	0	0	0	0	0	47416	0	121652	282857	145492	262451	616336	850103	369245	0	0	0	228525	96734	3698101	0	355205	289912	529792	725717	2052311	25769128	91999749	86592461	45291427	0	0
FFQ	17	0	0	0	0	0	0	0	0	0	47738	0	124579	283811	148070	264599	624050	856642	372464	0	0	0	229169	97514	3685909	0	361377	292972	531277	726848	2068517	25974346	91959456	86444995	45230282	0	0
FFQ	18	0	0	28	0	0	0	0	0	0	49132	0	125869	289004	149643	266043	632402	865204	377339	0	0	0	234577	99422	3708147	0	365685	297263	539030	734791	2084229	26008117	92000444	86502915	44995331	0	0
FFQ	19	0	0	0	0	0	0	0	0	0	51165	0	130692	297566	153460	272695	652532	888468	387053	0	0	0	243432	102306	3739710	0	370633	299345	549640	744556	2108444	25784938	92271405	86567228	44709347	0	0
FFQ	20	0	0	0	0	0	0	0	0	0	51188	0	131928	300794	156978	274196	656127	901358	394860	0	0	0	343586	0	3661671	371889	303369	547269	751841	2114868	1899792	24615979	91433968	87409043	44003911	0	0
FFQ	21	0	0	0	0	0	0	0	0	0	53072	0	133474	305348	159543	277317	659741	913591	400901	0	0	0	349949	0	3707031	373802	305345	553615	752551	2123986	1906091	24698773	91486349	87252763	43911373	0	0
FFQ	22	0	0	0	0	0	0	0	0	0	55419	0	135823	305568	162885	283534	674040	932397	409251	0	0	0	356822	0	3688188	376916	312219	554375	767211	2150601	1929851	24790381	91566981	87054562	43817591	0	0
FFQ	23	0	0	0	0	0	0	0	0	0	57823	0	138113	306281	165526	281429	679344	939218	412306	0	0	0	365003	0	3746549	382260	316804	553004	762731	2159107	1944246	24913681	91362976	87067971	43770243	0	0
FFQ	24	0	0	0	0	0	0	0	0	0	59883	0	140702	306697	167212	281497	686071	952997	417774	0	0	0	368213	0	3785759	387255	316375	551776	770324	2169134	1952132	24711774	91309854	87310258	43678928	0	0
FFQ	25	0	0	0	0	0	0	0	0	0	59710	0	144562	311132	170158	287350	703480	969296	423014	0	0	0	368541	0	3737942	395011	321757	543923	779998	2183617	1981101	24779583	91298274	87311776	43554390	0	0
FFQ	26	0	0	0	0	0	0	0	69577	0	169963	355384	192905	316154	794504	1077796	473795	0	0	0	289446	0	111777	0	3743512	396056	323284	544084	785198	2192498	1989708	24829558	90957418	87242683	43469315	0	0
FFQ	27	0	0	1388	0	0	0	0	70121	0	169199	352694	192128	314396	794400	1079060	468853	0	0	0	289734	0	111098	0	3724225	394860	322075	540759	784789	2190007	1991575	24845941	91122636	87112828	43451849	0	0
FFQ	28	0	0	0	0	0	0	0	69568	0	169788	351588	190106	315549	792536	1077336	466581	0	0	0	285875	0	109933	0	3676792	397582	320697	539910	784419	2190465	1982959	24831246	91146363	87278775	43346547	0	0
FFQ	29	0	0	46	0	0	0	0	72046	0	176045	363850	195118	325634	810837	1093262	471675	0	0	0	297317	0	110354	0	3671598	403003	325196	550271	795820	2217715	2002881	24772745	91174928	87170224	43324050	0	0
FFQ	30	0	0	0	0	0	0	0	73350	0	174863	365836	195379	325312	809258	1095859	475262	0	0	0	295902	0	112458	0	3743286	401353	324708	545598	794664	2217153	2006868	24767747	91017331	87278507	43303921	0	0
FFQ	31	0	0	0	0	0	0	0	75480	0	179863	375752	199555	331464	828188	1119829	487978	0	0	0	297433	0	115433	0	3755097	405754	327158	548481	808508	2237785	2029251	24811096	91068719	87159520	43162271	0	0
FFQ	32	0	0	0	0	0	0	0	78259	0	185217	383722	203562	340656	844165	1138965	493961	0	0	0	300013	0	114890	0	3699179	410876	329992	552209	814322	2255017	2034796	24854657	91066475	87100183	43123499	0	0
FFQ	33	0	0	38416	0	0	0	82451	0	192460	398759	207331	351849	853601	1160705	506231	0	0	0	306379	117526	0	0	415837	4045163	560830	824990	2279203	2063904	726186	0	24606154	91002803	86528368	43055469	0	0
FFQ	34	0	0	0	0	0	0	0	80667	0	188499	392166	208601	349850	856213	1154849	505625	0	0	0	305410	0	117473	0	3711916	416251	332989	556478	826048	2279304	2062657	24841465	91080470	87061790	42995894	0	0
FFQ	35	0	0	0	0	0	0	0	81113	0	190779	398040	209841	349528	863935	1161832	509280	0	0	0	309866	0	116456	0	3723316	416798	334645	560602	826161	2282904	2065135	24881252	91160868	86964285	42917979	0	0
FFQ	36	0	0	199	0	0	0	0	82859	0	191164	399442	210517	354026	865886	1165667	507510	0	0	0	307146	0	118592	0	3734737	421079	335078	555700	831483	2286165	2065170	24821731	91013050	87171348	42886066	0	0
FFQ	37	0	0	0	0	0	0	0	83317	0	189259	399426	209494	351347	861085	1157489	506759	0	0	0	309576	0	117684	0	3749416	417903	333140	552715	828366	2280206	2063306	24820626	91018741	87187955	42886805	0	0
FFQ	38	0	0	0	0	0	0	0	84207	0	193990	405695	210632	359129	875015	1171778	512619	0	0	0	305920	0	118276	0	3725216	422765	336624	557357	841155	2301460	2070364	24787281	91070074	87105931	42869127	0	0
FFQ	39	0	0	0	0	0	0	0	84400	0	194886	414383	213810	363299	880098	1179977	517810	0	0	0	317430	0	115702	0	3667807	423998	339618	570104	845290	2307135	2095134	24773976	90896012	87239553	42884193	0	0
FFQ	40	0	0	0	0	0	0	0	86879	0	198573	421724	217049	369042	890066	1188510	522753	0	0	0	316188	0	117495	0	3682086	431582	342097	577904	853429	2328732	2104053	24824364	90980453	87079920	42791716	0	0
FFQ	41	0	0	116777	0	0	0	91781	0	206959	444190	224235	382274	913003	1212703	538197	0	0	0	329443	121273	0	0	433379	4077990	587587	869564	2351857	2132615	744078	0	24708181	90819330	86274614	42744585	0	0
FFQ	42	0	0	0	0	0	0	91155	0	204857	437805	222996	383376	918882	1216322	535969	0	0	0	329083	0	0	121534	0	3746964	437314	345968	580818	872262	2353282	2128455	24790509	90894766	86972768	42739530	0	0
FFQ	43	0	0	0	0	0	0	92186	0	205204	440738	222891	378240	916946	1223533	533750	0	0	0	329369	0	0	120742	0	3710499	436145	345053	581906	867639	2350360	2125111	24787914	90814993	87047305	42794091	0	0
FFQ	44	0	0	0	0	0	0	92864	0	205332	440883	222329	380625	913321	1215876	535124	0	0	0	324557	0	0	121446	0	3711321	432948	344922	581756	865105	2345228	2112829	24783913	90917459	86970568	42806209	0	0
FFQ	45	0	0	0	0	0	0	96101	0	206202	442176	225474	386363	926993	1223527	540468	0	0	0	327138	0	0	123667	0	3727453	438983	347887	578458	868089	2353096	2130984	24818821	90857535	86930510	42774690	0	0
FFQ	46	0	0	0	0	0	0	96324	0	210365	451060	229454	388694	933595	1243015	549820	0	0	0	329226	0	0	124372	0	3719049	441599	350889	584366	878884	2376988	2146688	24907611	90719444	86899674	42743498	0	0
FFQ	47	0	0	0	0	0	0	100570	0	212165	455846	229052	395387	938448	1246763	550958	0	0	0	329882	0	0	126114	0	3730983	446829	349525	588779	882819	2385627	2143405	24841634	90790004	86850546	42729279	0	0
FFQ	48	0	0	0	0	0	0	99922	0	215845	464630	233422	401830	956254	1266171	560632	0	0	0	336207	0	0	124468	0	3679286	451493	353973	589609	895113	2402166	2175768	24729196	90837861	86856255	42694514	0	0
FFQ	49	0	0	0	0	0	0	101248	0	220817	472919	237027	409753	968777	1287387	565339	0	0	0	338458	0	0	125182	0	3700102	457311	356445	594722	906846	2429720	2184667	24732221	90636471	86964868	42634335	0	0
FFQ	50	0	0	190	0	0	0	102341	0	220501	483345	235562	414757	974147	1279330	565968	0	0	0	345163	0	0	126064	0	3732233	454602	354736	608014	907827	2434733	2193504	24666584	90706191	86840903	42677920	0	0
FFQ	51	0	0	0	0	0	0	101505	0	222340	485850	238651	417386	977477	1285538	569171	0	0	0	344311	0	0	123935	0	3658175	459209	358452	611850	911759	2450373	2204463	24773009	90640301	86825510	42665350	0	0
FFQ	52	0	0	0	0	0	0	103073	0	222301	490671	241432	416175	978106	1288819	571793	0	0	0	348262	0	0	123515	0	3654055	455536	361357	611162	911772	2439055	2196951	24753055	90771219	86799168	42587138	0	0
FFQ	53	0	0	0	0	0	0	107775	0	229208	496634	244997	425715	998588	1308853	580603	0	0	0	345479	0	0	128743	0	3723372	463763	362202	603642	923459	2448039	2206925	24718383	90534783	86964145	42509307	0	0
FFQ	54	0	0	0	0	0	0	107828	0	231165	506285	246578	431805	1005703	1321088	587159	0	0	0	351265	0	0	128414	0	3714707	466707	363379	611502	928567	2469806	2227761	24722654	90522382	86842801	42537059	0	0
FFQ	55	0	0	0	0	0	0	109487	0	235189	510521	249857	439738	1013996	1332363	587537	0	0	0	351598	0	128013	0	0	4152016	366884	616803	937037	2488122	2232994	790846	23963278	91242602	86055780	42519954	0	0
FFQ	56	0	0	45	0	0	0	111459	0	237478	523263	252835	443352	1023439	1340941	597049	0	0	0	360540	0	0	129519	0	3689907	473199	371103	629392	945458	2505671	2257170	24737940	90522369	86626889	42545597	0	0
FFQ	57	0	0	0	0	0	0	113270	0	237872	523062	253582	446697	1032042	1346513	600667	0	0	0	363005	0	130206	0	0	4182475	369407	624111	943453	2507986	2261154	791520	23966775	91231257	85948993	42450568	0	0
FFQ	58	0	0	0	0	0	0	115509	0	242012	532524	256954	453503	1038610	1366982	606559	0	0	0	359286	0	131671	0	0	4183958	373815	628211	953472	2518503	2268543	799148	24024716	91145546	85947131	42377962	0	0
FFQ	59	0	0	163	0	0	0	117724	0	242934	538289	259905	454127	1045873	1370135	612326	0	0	0	366197	0	132631	0	0	4181077	375541	630698	957203	2519366	2281718	799302	23973995	91155017	85910450	42399944	0	0
FFQ	60	0	0	0	0	0	0	117027	0	243462	532088	257279	451620	1043695	1361233	606960	0	0	0	360343	0	132310	0	0	4165419	371688	618241	953432	2508837	2263293	799190	23975259	91064069	86006023	42493147	0	0
FFQ	61	0	0	38536	0	0	0	120059	0	250210	550887	261422	467475	1058760	1387204	614793	0	0	0	369593	0	133058	0	0	4183532	377166	636344	967128	2547517	2283975	805967	23890915	91026834	85979569	42373671	0	0
FFQ	62	0	0	43	0	0	0	121191	0	256030	566000	268037	478794	1076339	1405432	621709	0	0	0	381848	0	132924	0	0	4173105	382860	652859	979520	2581857	2318571	812016	23848649	91006180	85878490	42382161	0	0
FFQ	63	0	0	0	0	0	0	123024	0	255118	566280	270256	478969	1074966	1412114	630258	0	0	0	380797	0	134447	0	0	4188249	383471	645407	977727	2573163	2316599	811216	23917413	90847721	85930290	42407130	0	0
FFQ	64	0	0	0	0	0	0	125135	0	257531	567875	270954	483469	1084577	1415601	632079	0	0	0	373242	0	136473	0	0	4220352	382609	641862	984228	2580702	2311229	816854	23885695	90904512	85947865	42301771	0	0
FFQ	65	0	0	0	0	0	0	125698	0	263659	582411	274060	493254	1103368	1434036	642152	0	0	0	383908	0	135359	0	0	4190915	385990	655061	998239	2613332	2349937	825114	23836757	90957069	85764559	42309737	0	0
FFQ	66	0	0	0	0	0	0	126063	0	266163	590091	277098	497653	1110408	1449772	645980	0	0	0	386044	0	136318	0	0	4191684	389289	663550	1000725	2625576	2362342	829854	23827894	90856031	85800207	42291873	0	0
FFQ	67	0	0	0	0	0	0	129470	0	268528	598876	281188	502561	1120197	1458421	651948	0	0	0	388825	0	138457	0	0	4195634	391803	666213	1008950	2637339	2371590	830271	23872177	90857456	85729345	42225366	0	0
FFQ	68	0	0	0	0	0	0	132176	0	271163	603255	284097	512581	1131855	1465175	658614	0	0	0	391333	0	140064	0	0	4229617	397092	673878	1016334	2651435	2384834	834664	23912192	90805104	85573606	42255546	0	0
FFQ	69	0	0	0	0	0	0	133323	0	273136	609434	286371	515993	1136116	1477148	662465	0	0	0	399346	0	139483	0	0	4220399	397517	677660	1015943	2663084	2397711	835685	23964736	90808120	85463210	42247735	0	0
FFQ	70	0	0	37	0	0	0	135103	0	274660	611726	284417	517026	1138013	1469010	660780	0	0	0	398975	0	140514	0	0	4215849	398006	679364	1022105	2666176	2391539	839703	23830089	90837102	85617948	42196473	0	0
FFQ	71	0	0	65	0	0	0	138127	0	282840	630964	291691	532079	1160621	1507960	672725	0	0	0	405479	142798	0	0	525055	4094859	687865	1034829	2693873	2428238	847629	0	24503458	89926170	85641286	42176004	0	0
FFQ	72	0	0	1	0	0	0	136591	0	283945	630064	292123	530302	1162103	1514603	675565	0	0	0	403844	0	141508	0	0	4181471	402106	682376	1039029	2699757	2423549	849409	23838691	90587930	85666620	42183028	0	0
FFQ	73	0	0	0	0	0	0	138737	0	284687	632165	290208	530536	1165763	1509442	676362	0	0	0	404895	0	141414	0	0	4198749	398952	681926	1037239	2688682	2418833	845563	23804746	90728496	85630311	42116909	0	0
FFQ	74	0	0	7	0	0	0	138736	0	283280	623969	289628	531178	1158058	1501716	673685	0	0	0	395253	0	141281	0	0	524365	4063314	673770	1027238	2675611	2404437	845182	0	24536793	90051651	85663684	42121779	0
FFQ	75	0	0	0	0	0	0	139686	0	286772	630590	293068	538417	1164225	1516760	677894	0	0	0	399366	0	142210	0	0	4200789	399908	672292	1036567	2687891	2409262	848189	23853165	90702404	85574859	42150301	0	0
FFQ	76	0	0	0	0	0	0	142882	0	293854	644538	297819	555073	1189510	1542335	687176	0	0	0	402994	0	144355	0	0	539136	4084656	683928	1051235	2731620	2442043	860539	0	24470136	89873775	85642746	42044265	0
FFQ	77	0	0	0	0	0	0	145785	0	300070	665928	303740	561499	1210999	1571793	704087	0	0	0	415903	0	145938	0	0	4220264	412237	701636	1067304	2761021	2481887	868505	23753099	90519037	85505413	42008470	0	0
FFQ	78	0	0	7	0	0	0	147991	0	307517	674606	307745	571287	1222905	1588841	708478	0	0	0	417446	0	147324	0	0	552021	4079909	709449	1076970	2787452	2491716	877229	0	24521537	89729047	85417202	41987936	0
FFQ	79	0	0	0	0	0	0	149794	0	305187	677875	308487	573628	1221076	1589119	710219	0	0	0	423755	0	146941	0	0	546542	4104315	710654	1072191	2786524	2495554	871677	0	24463581	89752768	85427976	41986752	0
FFQ	80	0	0	0	0	0	0	152135	0	306161	676194	310441	576034	1225207	1592621	715651	0	0	0	418865	0	148528	0	0	549023	4113655	703790	1073620	2784086	2487111	872726	0	24436740	89768108	85438277	41975642	0
FFQ	81	0	0	0	0	0	0	151799	0	308318	681467	310974	577108	1228407	1602018	719464	0	0	0	420647	0	147735	0	0	552699	4099591	705393	1078697	2787265	2497869	875498	0	24486220	89642076	85462234	41989136	0
FFQ	82	0	0	0	0	0	0	154968	0	315631	698958	314341	591336	1243828	1614024	723560	0	0	0	427009	0	150953	0	0	564532	4113246	719045	1098141	2819354	2524728	885056	0	24507609	89531031	85434867	41892398	0
FFQ	83	0	0	0	0	0	0	155696	0	322073	720433	320885	607024	1268297	1638844	733868	0	0	0	440265	0	150142	0	0	569297	4110665	735923	1115666	2867492	2563885	895943	0	24519370	89491264	85231316	41866267	0
FFQ	84	0	0	53	0	0	0	152940	0	313274	700723	318608	590901	1245480	1617279	726497	0	0	0	431581	0	147439	0	0	555088	4105160	714724	1089079	2813504	2523529	882789	0	24531496	89652146	85292865	41919460	0
FFQ	85	0	0	0	0	0	0	154879	0	314740	690989	314627	592279	1243820	1614669	722751	0	0	0	420171	0	148743	0	0	561024	4090860	700884	1088662	2796274	2495008	881703	0	24480471	89644492	85531526	41836043	0
FFQ	86	0	0	0	0	0	0	158027	0	328984	721737	322530	615305	1276094	1654725	740168	0	0	0	433452	0	151453	0	0	575351	4103566	727961	1121056	2863629	2547857	898700	0	24487156	89500736	85273954	41822174	0
FFQ	87	0	0	39	0	0	0	160933	0	328011	728524	325789	618254	1284378	1659467	746286	0	0	0	443689	0	152588	0	0	572298	4140898	736152	1119962	2879136	2575005	905201	0	24458986	89479015	85155293	41854711	0
FFQ	88	0	0	68	0	0	0	162531	0	337681	738377	327039	629793	1305554	1682416	750139	0	0	0	444497	0	153801	0	0	587530	4131829	741803	1138530	2917168	2602211	917883	0	24379109	89411878	85205075	41759703	0
FFQ	89	0	0	0	0	0	0	162499	0	336629	747591	330450	634331	1310530	1698451	758727	0	0	0	451556	0	152182	0	0	582952	4084082	748745	1137532	2914086	2604585	911872	0	24406930	89496599	85079078	41775208	0
FFQ	90	0	0	503	0	0	0	166317	0	342511	752215	333729	645899	1321564	1703750	760664	0	0	0	443669	0	154578	0	0	592347	4081895	743981	1148997	2931494	2606726	917559	0	24448177	89337268	85189652	41701120	0
FFQ	91	0	0	0	0	0	0	172089	0	355042	786643	345828	666618	1353793	1741759	781759	0	0	0	468285	0	159875	0	0	607143	4162944	779223	1178912	2998555	2682547	937516	0	24461538	89152868	84945059	41586619	0
FFQ	92	0	0	49	0	0	0	168778	0	342625	768745	339040	650618	1330725	1717385	776313	0	0	0	463479	0	157227	0	0	589727	4140677	764672	1151588	2947641	2644306	919772	0	24480945	89325860	84941901	41702542	0
FFQ	93	0	0	119	0	0	0	173473	0	347180	761593	334829	652318	1329637	1715483	767544	0	0	0	447878	0	160062	0	0	596863	4154605	745991	1149830	2929776	2602127	922756	0	24365183	89363810	85122999	41680559	0
FFQ	94	0	0	0	0	0	0	170170	0	347406	766763	341196	654824	1334472	1737010	774718	0	0	0	452403	0	157225	0	0	594469	4147322	746639	1153486	2936784	2620021	920409	0	24419085	89338303	85034282	41677628	0
FFQ	95	0	0	0	0	0	0	173332	0	358774	776335	343433	673927	1359921	1760743	782373	0	0	0	450677	0	160338	0	0	611511	4129264	747853	1177901	2985059	2641337	935920	0	24420179	89110286	85073792	41651660	0
FFQ	96	0	0	0	0	0	174868	0	375518	827773	358126	704590	1404005	1815220	810347	0	0	0	483578	0	159539	0	0	626774	464631	4456642	1211969	3063525	2737238	956259	0	792300	23615151	88914741	84878697	41493124	0
FFQ	97	0	0	0	0	0	0	174080	0	365847	806469	355927	688771	1378929	1791004	802985	0	0	0	472562	0	157350	0	0	616274	4106738	778593	1188949	3020791	2697667	945491	0	24414318	89093127	84910172	41558571	0
FFQ	98	0	0	0	0	0	0	175932	0	372110	809048	354751	700693	1392953	1799064	800819	0	0	0	465893	0	161015	0	0	628521	4127158	775476	1205001	3043137	2693190	952359	0	24335412	89024984	84951057	41556042	0
FFQ	99	0	0	0	0	0	0	178759	0	377303	826977	361396	708731	1407985	1830085	817587	0	0	0	482315	160569	0	0	627354	4155672	787917	1209082	3066111	2744127	959743	0	24330767	88923020	84828464	41540651	0	0
FFQ	100	0	0	0	0	0	0	177618	0	375415	813300	356081	703790	1405108	1821546	810714	0	0	0	467393	0	159472	0	0	628503	4079928	772138	1204931	3051055	2708275	955270	0	24353895	88984681	84975779	41519723	0
FFQ	101	0	0	0	0	0	181538	0	380945	830549	363011	717955	1422805	1849178	823417	0	0	0	478182	0	163190	0	0	633097	465732	4460698	1217913	3083692	2741912	962324	0	777790	23588798	88939912	84830308	41411669	0
FFQ	102	0	0	3	0	0	186891	0	388500	845449	363292	724280	1426947	1855157	831253	0	0	0	478649	166151	0	0	638770	466324	4477833	1224549	3092624	2751925	963323	0	776107	23632066	88906806	84729643	41398073	0	0
FFQ	103	0	0	2	0	0	0	184931	0	384162	836686	363750	726791	1435372	1849063	824608	0	0	0	479446	0	165404	0	0	641672	4134570	795322	1231267	3103293	2758500	970427	0	24429037	88911671	84738180	41360461	0
FFQ	104	0	0	24	0	0	188574	0	402245	877796	374151	753671	1469693	1896413	843349	0	0	0	502352	0	167158	0	0	660833	4153848	830456	1267345	3179893	2832819	992314	0	24369737	88748397	84524352	41289195	0	0
FFQ	105	0	0	0	0	0	188921	0	400232	881130	375728	752401	1471684	1902810	850973	0	0	0	505387	0	165366	0	0	653077	483025	4506431	1255385	3167133	2836553	987328	0	815188	23565419	88677598	84573543	41309303	0
FFQ	106	0	0	150	0	0	189042	0	406313	875991	374377	759485	1479225	1904449	846773	0	0	0	495912	0	169313	0	0	666113	479523	4509863	1269792	3182241	2831339	991719	0	801911	23553619	88690146	84621831	41225488	0
FFQ	107	0	0	0	0	0	189925	0	415218	903914	384989	780441	1507537	1953658	865377	0	0	0	510761	0	167264	0	0	668793	488844	4503911	1281480	3223804	2868209	1001691	0	817719	23457286	88654192	84431027	41248575	0
FFQ	108	0	0	23	0	0	191903	0	411271	884694	382331	771367	1493587	1938645	858624	0	0	0	497904	0	167668	0	0	666448	485467	4479524	1269918	3195658	2833588	996496	0	800186	23523683	88531397	84619672	41324561	0
FFQ	109	0	0	0	0	0	194217	0	420147	902092	384152	785047	1511107	1959923	866627	0	0	0	503957	0	170154	0	0	677553	489825	4491271	1287540	3231568	2866776	1008239	0	809057	23475582	88535374	84509619	41244788	0
FFQ	110	0	0	42	0	0	195382	0	428170	922853	391118	804069	1535906	1990937	882334	0	0	0	515037	0	171497	0	0	685652	497235	4509072	1306460	3277483	2909485	1018470	0	824930	23422561	88458055	84403272	41174595	0
FFQ	111	0	0	0	0	0	197188	0	439127	937459	396196	820106	1558890	2021117	892808	0	0	0	521904	0	171796	0	0	698384	503552	4501444	1319379	3312719	2942561	1028240	0	831270	23446970	88324662	84324415	41134428	0
FFQ	112	0	0	53	0	0	197274	0	439836	949490	400835	826800	1564334	2033444	895165	0	0	0	524838	0	172393	0	0	697553	4151743	863342	1330224	3324510	2942765	1027709	0	24252109	88367846	84253239	41109113	0	0
FFQ	113	0	0	0	0	0	200374	0	433955	936654	397631	826026	1549318	2017869	888235	0	0	0	516100	0	172367	0	0	689832	504492	4504435	1316732	3309221	2916407	1023561	0	821019	23511399	88372635	84300134	41116219	0
FFQ	114	0	0	44	0	0	200753	0	431559	930180	398616	821807	1552663	2013705	890950	0	0	0	511452	0	174430	0	0	689961	505973	4507113	1318618	3296502	2908240	1021985	0	813799	23530202	88329609	84337750	41138704	0
FFQ	115	0	0	0	0	0	205333	0	448782	958965	405196	844047	1586196	2061127	909752	0	0	0	527253	0	176956	0	0	710646	4169824	874051	1345613	3368158	2968213	1041774	0	24271796	88223771	84204662	41022500	0	0
FFQ	116	0	0	0	0	0	205858	0	451566	973866	405869	847855	1589847	2072078	909645	0	0	0	535676	0	175782	0	0	711136	513997	4540047	1349679	3367471	2976858	1039704	0	842443	23356746	88265926	84166690	41025876	0
FFQ	117	0	0	0	0	0	203865	0	447229	951158	404518	843260	1581059	2054749	903827	0	0	0	520823	0	175961	0	0	709487	512346	4503954	1345061	3357623	2968945	1038626	0	824704	23412353	88206830	84334715	41023522	0
FFQ	118	0	0	5	0	0	205410	0	457783	979059	409589	864620	1614455	2098344	919344	0	0	0	530875	0	177941	0	0	721943	519097	4535975	1374059	3413578	3010484	1054018	0	839096	23389042	88120916	84173195	40915787	0
FFQ	119	0	0	0	0	0	208146	0	475284	1017186	420454	893275	1657486	2148359	941168	0	0	0	550989	0	178257	0	0	737505	4163125	906876	1403132	3477550	3080611	1077136	0	24190501	87950748	84004850	40841977	0	0
FFQ	120	0	0	120	0	0	210571	0	477126	1014162	424547	895958	1654401	2151315	941929	0	0	0	551983	0	179477	0	0	737530	535317	4561696	1393264	3480944	3083312	1073566	0	865890	23328171	87928129	83961167	40874040	0
FFQ	121	0	0	0	0	0	211641	0	478312	1014810	424026	898390	1657355	2162271	945772	0	0	0	544037	0	180520	0	0	741602	533190	4553951	1399778	3474993	3064981	1073061	0	851620	23316759	87958009	83974938	40864599	0
FFQ	122	0	0	0	0	0	213204	0	486562	1026998	428623	913296	1680168	2185389	957415	0	0	0	546053	0	181523	0	0	748287	536994	4557083	1412652	3504821	3091625	1081234	0	855331	23283431	87868122	83967032	40798772	0
FFQ	123	0	0	0	0	0	209807	0	467997	998168	420228	881428	1640670	2147948	940241	0	0	0	533453	0	177571	0	0	727221	524506	4514337	1377730	3436244	3030868	1063963	0	839063	23366648	88087306	84026191	40913027	0
FFQ	124	0	0	0	0	0	211480	0	470098	980154	414441	882355	1627096	2129773	927987	0	0	0	515652	0	180727	0	0	735499	518048	4521484	1376478	3417506	2981707	1059662	0	812559	23334083	88101531	84252789	40873506	0
FFQ	125	0	0	0	0	0	215297	0	487256	1025993	428780	918515	1678208	2196529	959585	0	0	0	540690	0	182823	0	0	751148	535016	4556153	1412460	3507699	3067401	1084323	0	845420	23306970	87901123	83960977	40762249	0
FFQ	126	0	0	0	0	0	218600	0	502885	1053864	440218	945368	1713460	2238017	972892	0	0	0	554672	0	185908	0	0	769187	551111	4576253	1440941	3580984	3143367	1105190	0	867405	23300494	87685591	83761131	40717077	0
FFQ	127	0	0	0	0	0	219488	0	505028	1063253	441464	945117	1717947	2253353	980850	0	0	0	561458	0	184567	0	0	766685	552429	4580251	1445140	3581687	3164191	1106347	0	875257	23287758	87667393	83738734	40686218	0
FFQ	128	0	0	42	0	0	221438	0	500299	1046925	434669	941000	1708544	2235212	971035	0	0	0	547934	0	187226	0	0	766412	544780	4598517	1433893	3558446	3116387	1101476	0	855398	23245116	87732744	83883949	40693173	0
FFQ	129	0	0	49	0	0	222077	0	520593	1076959	447590	972930	1750186	2290783	988461	0	0	0	560774	0	186782	0	0	786886	557665	4570234	1470019	3632788	3178553	1119291	0	873008	23224584	87565721	83709458	40619224	0
FFQ	130	0	0	1	0	0	224613	0	538371	1116754	459950	1008524	1790651	2345292	1013395	0	0	0	582726	0	190888	0	0	805247	4215092	971417	1502889	3723075	3269375	1144873	0	24053430	87313301	83576016	40478735	0	0
FFQ	131	0	0	0	0	0	224823	0	523890	1104971	457024	990530	1764249	2322758	1005736	0	0	0	579304	0	186860	0	0	788383	568143	4602050	1481265	3682715	3242697	1129805	0	898352	23256470	87390154	83575977	40548459	0
FFQ	132	0	0	0	0	0	223573	0	516567	1075398	446677	971886	1742431	2290438	994132	0	0	0	551958	188611	0	0	782651	552583	4579801	1461184	3618548	3147953	1116606	0	856683	23273479	87499341	83864063	40570052	0	0
FFQ	133	0	0	0	0	0	226271	0	537679	1110122	458746	1010233	1797722	2351408	1013702	0	0	0	568264	0	190729	0	0	804120	568606	4578068	1507643	3709720	3227004	1140652	0	880497	23154500	87363593	83694547	40430789	0
FFQ	134	0	0	0	0	0	230039	0	557262	1148031	473316	1045812	1838922	2412295	1038786	0	0	0	588611	0	193370	0	0	825890	586313	4605901	1538820	3792778	3326042	1163671	0	908116	23114981	87174047	83413666	40347946	0
FFQ	135	0	0	906	0	0	232652	0	558052	1154134	475661	1048825	1843144	2425979	1044570	0	0	0	591612	0	194428	0	0	823635	591109	4634226	1541542	3798325	3332552	1163279	0	910828	23137183	87118457	83353372	40350144	0
FFQ	136	0	0	93	0	0	234143	0	563965	1149558	477527	1059408	1837187	2414760	1040224	0	0	0	584138	0	196618	0	0	834017	592684	4667342	1545211	3803527	3314989	1165400	0	901869	23161033	87116534	83392350	40272038	0
FFQ	137	0	0	0	0	0	236889	0	566818	1168304	483005	1071505	1861542	2442984	1053250	0	0	0	596850	0	199957	0	0	834692	597988	4685504	1556097	3832044	3351162	1173873	0	915011	23143264	87091289	83195206	40267381	0
FFQ	138	0	0	0	0	0	235102	0	563946	1153107	479458	1061034	1846598	2438201	1050558	0	0	0	582499	0	196653	0	0	831170	590146	4646613	1545138	3815253	3318406	1167961	0	900241	23144012	87175964	83266858	40315697	0
FFQ	139	0	0	16	0	0	241656	0	581209	1180918	483089	1089266	1878829	2469293	1053666	0	0	0	592374	0	202015	0	0	854891	599973	4643915	1582090	3869750	3358965	1186114	0	909984	23057136	87005635	83274402	40209429	0
FFQ	140	0	0	0	0	0	239440	0	589246	1204661	497271	1116276	1902928	2504180	1073906	0	0	0	608162	0	200869	0	0	857573	613061	4679754	1598879	3923003	3426421	1195340	0	932821	23010936	86894137	83092921	40162830	0
FFQ	141	0	0	0	0	0	236474	0	585899	1189997	491059	1105845	1895457	2502201	1070666	0	0	0	596974	0	197039	0	0	855076	606691	4616004	1589204	3901849	3393278	1193583	0	916915	23057088	86886593	83243551	40193172	0
FFQ	142	0	0	18	0	0	242016	0	610762	1231841	504417	1150465	1948871	2566191	1088268	0	0	0	614078	0	202822	0	0	884726	622075	4628884	1638918	4007174	3476717	1225700	0	936933	22971367	86694441	83036972	40040959	0
FFQ	143	0	0	0	0	0	239723	0	596264	1220249	504517	1130146	1917013	2534758	1085346	0	0	0	612792	0	197869	0	0	862487	619557	4654134	1606470	3955203	3448727	1204190	0	935342	23030986	86836878	82993965	40137999	0
FFQ	144	0	0	0	0	0	241365	0	600428	1200212	497506	1138025	1923205	2517479	1071731	0	0	0	591275	0	204509	0	0	877200	611976	4664213	1616678	3954869	3393982	1206260	0	902639	22998296	86793190	83240471	40079106	0
FFQ	145	0	0	0	0	0	245313	0	617302	1250864	514047	1170584	1967914	2602516	1107063	0	0	0	622335	0	204105	0	0	883040	628759	4683371	1642699	4029027	3510508	1224556	0	946861	22958978	86626891	82904196	39983686	0
FFQ	146	0	0	13	0	0	0	246876	0	621509	1244602	514528	1182930	1974324	2600196	1107981	0	0	0	611397	0	206322	0	0	894196	4263556	1039857	1652738	4048824	3484510	1231939	0	23921301	86540821	82952388	39983807	0
FFQ	147	0	0	0	0	0	0	248244	0	631135	1264945	524697	1190721	1991548	2630437	1117894	0	0	0	620604	205977	0	0	895802	637648	4692768	1662175	4065831	3517608	1232614	0	944062	22978024	86529174	82850053	39892654	0
FFQ	148	0	0	0	0	0	0	253249	0	660186	1302437	537120	1236186	2045529	2690233	1143157	0	0	0	632267	213472	0	0	929324	653611	4699846	1713086	4154991	3589888	1258275	0	956469	22855914	86296043	82783909	39719423	0
FFQ	149	0	0	1	0	0	0	257338	0	671824	1344830	551946	1265970	2080253	2749844	1168294	0	0	0	663493	214564	0	0	935815	675910	4732149	1735155	4242359	3708300	1283132	0	1001106	22800561	86222422	82349178	39670171	0
FFQ	150	0	0	889	0	0	0	254867	0	657069	1308964	539098	1245389	2044983	2703851	1146504	0	0	0	635808	213201	0	0	930245	4298271	1085952	1710785	4196185	3632677	1267412	0	23822570	86284473	82616488	39728934	0	0
# Last Fragment Qualities. Use `grep ^LFQ | cut -f 2-` to extract this part.
# Columns correspond to qualities and rows to cycles. First column is the cycle number.
LFQ	1	0	0	0	0	0	0	0	0	0	0	0	4497940	0	0	0	0	0	0	0	0	0	0	0	0	7276339	0	0	0	0	248555964	0	0	0	0	0	0
LFQ	2	0	0	453	0	0	0	0	0	125170	0	252673	433384	265682	528493	770371	1029287	517943	0	0	0	255715	110240	4073071	0	577547	320888	569731	806157	2488062	22933097	92396850	85126579	46748850	0	0	0
LFQ	3	0	0	215	0	0	0	0	0	64785	0	205381	517014	195412	367163	792276	1214483	461045	0	0	0	241292	70631	0	3128593	422688	302720	678229	846445	2341206	1779746	24504199	89819962	85813197	46563561	0	0
LFQ	4	0	0	2913	0	0	0	0	0	62950	0	201919	492839	185923	384870	794923	1329300	454548	0	0	0	264681	0	80599	3592259	0	397304	288000	666992	795635	2500921	25072814	91796831	85011581	45952441	0	0
LFQ	5	0	0	129	0	0	0	0	0	70183	0	217265	497685	169753	415314	821101	1321084	436405	0	0	0	294545	0	80045	3661194	0	446169	253881	671080	765337	2464640	24085145	92664974	86176680	44817634	0	0
LFQ	6	0	0	55	0	0	0	67507	0	220559	475410	191083	432407	795166	1354101	454227	0	0	0	262063	0	77560	0	3564535	436167	284086	631643	768375	2496550	1787255	24668704	90929977	86550987	43881826	0	0	0
LFQ	7	0	0	0	0	0	0	75223	0	216710	489213	191460	435757	825755	1383615	468169	0	0	0	274134	0	86890	0	3934528	425236	280314	661722	786050	2494316	1831701	24128686	92107890	86170488	43062386	0	0	0
LFQ	8	0	0	0	0	0	0	72412	0	223563	494583	197288	446155	834087	1422647	463870	0	0	0	266055	0	79878	0	0	3986239	285387	657018	800862	2514106	1784352	659207	24028488	91794506	85418006	43901534	0	0
LFQ	9	0	0	0	0	0	0	75471	0	226770	504399	200705	466872	856222	1478878	463777	0	0	0	283091	0	83204	0	0	4088310	286757	665719	790356	2541153	1812704	689654	23623548	91864742	85267600	44060311	0	0
LFQ	10	0	0	0	0	0	0	78864	0	232522	514839	207990	479778	852749	1529706	473758	0	0	0	278526	0	85508	0	0	4117868	291581	673552	805367	2537307	1812126	690968	23589480	91478026	85601682	43998046	0	0
LFQ	11	0	0	0	0	0	0	79498	0	234725	515746	211619	495950	879764	1557253	479116	0	0	0	282135	87044	0	0	434804	3989360	660645	807187	2558588	1824152	697570	0	24419457	91073064	85224813	43817753	0	0
LFQ	12	0	0	0	0	0	0	80363	0	228170	498193	213416	500327	861646	1548325	473254	0	0	0	270627	86520	0	0	427318	3980473	641821	803965	2519310	1791888	684730	0	24380622	91044794	85232685	44061796	0	0
LFQ	13	0	0	0	0	0	0	84442	0	233808	514147	216447	525622	879154	1566074	477120	0	0	0	273088	89090	0	0	437383	4019602	656220	811552	2542657	1813356	694333	0	24258314	90935759	85009738	44292337	0	0
LFQ	14	0	0	2	0	0	0	84197	0	243772	529759	221405	551933	903074	1587322	488572	0	0	0	277704	89899	0	0	456096	3996265	663798	834136	2598218	1863236	711041	0	24223102	90785719	84827038	44393955	0	0
LFQ	15	0	0	0	0	0	0	83897	0	239921	518601	223151	551949	906060	1583671	486849	0	0	0	276315	86935	0	0	442969	3934384	647685	823424	2551152	1847210	701095	0	24233948	91026069	84849547	44315411	0	0
LFQ	16	0	0	0	0	0	0	85894	0	248343	530592	224515	569381	921822	1608965	490212	0	0	0	281265	89843	0	0	454046	3955792	656125	826872	2561539	1869132	712896	0	24131087	90795954	85251205	44064763	0	0
LFQ	17	0	0	60	0	0	0	87211	0	249778	528898	230888	576795	922862	1606061	494926	0	0	0	277608	90314	0	0	453630	3946284	643911	833088	2548221	1861268	709987	0	24329308	90788514	85132979	44017652	0	0
LFQ	18	0	0	0	0	0	0	88057	0	253991	542855	235392	591990	937327	1613577	501183	0	0	0	282844	91005	0	0	455865	3970484	650495	842517	2569234	1879847	712484	0	24365507	90840391	85148153	43757045	0	0
LFQ	19	0	0	0	0	0	0	90583	0	261116	559707	238619	609887	956467	1628531	507644	0	0	0	291525	93898	0	0	461817	4018578	661349	854051	2586412	1907714	717784	0	24090560	91032458	85205314	43556229	0	0
LFQ	20	0	0	0	0	0	0	90744	0	263356	551201	244057	623644	960171	1631412	515384	0	0	0	286525	92128	0	0	458493	3928554	643695	851394	2568514	1891301	706209	0	24157578	90861202	85589672	43415009	0	0
LFQ	21	0	0	0	0	0	0	93913	0	270617	569089	249078	640926	977364	1648034	526844	0	0	0	290154	94193	0	0	467641	3979105	657198	868872	2597403	1914424	717006	0	24253173	90830990	85361452	43322767	0	0
LFQ	22	0	0	0	0	0	0	98313	0	273636	576618	256223	666849	995736	1661076	539103	0	0	0	295323	97771	0	0	471478	3972052	661258	882236	2628613	1935889	738353	0	24326869	90816882	85148432	43287533	0	0
LFQ	23	0	0	651	0	0	0	101431	0	276060	581636	261458	667277	1001826	1655465	541663	0	0	0	298891	98603	0	0	473699	4036134	662124	882194	2618213	1937086	740283	0	24461987	90619437	85190483	43223642	0	0
LFQ	24	0	0	0	0	0	0	104659	0	287319	606034	262491	685463	1021066	1684991	551335	0	0	0	308486	104224	0	0	491792	4079628	684887	904298	2675475	1985155	756836	0	24281181	90469036	85329778	43056109	0	0
LFQ	25	0	0	12	0	0	0	105465	0	292523	609792	270509	711377	1038973	1698317	569588	0	0	0	306998	104927	0	0	499715	4035416	677949	921055	2703566	2023965	762922	0	24307621	90407958	85320629	42960966	0	0
LFQ	26	0	0	11	0	0	0	105475	0	293139	616283	274449	710298	1051973	1700092	575715	0	0	0	312043	104752	0	0	493665	4056292	669776	924552	2685785	2021235	759516	0	24441759	90222972	85358484	42951977	0	0
LFQ	27	0	0	15	0	0	0	107875	0	293404	605936	270090	712199	1049084	1693982	572327	0	0	0	306645	105478	0	0	493176	4035694	659702	917263	2673977	2006431	763330	0	24421263	90410317	85315914	42916141	0	0
LFQ	28	0	0	0	0	0	0	109086	0	303284	624395	276353	733480	1067979	1721881	581883	0	0	0	311154	104723	0	0	503831	3984546	667067	935185	2713283	2030905	772276	0	24357754	90308181	85410852	42812145	0	0
LFQ	29	0	0	0	0	0	112047	0	308349	637916	284391	753748	1091537	1739496	590753	0	0	0	317370	0	106482	0	0	509065	3985889	676514	947304	2746501	2051847	780540	0	24345973	90298540	85274497	42771484	0	0
LFQ	30	0	0	1	0	0	0	113590	0	312601	633676	284642	768448	1092013	1740682	596690	0	0	0	313877	110692	0	0	516174	4051240	669994	949496	2755286	2066899	787762	0	24300121	90138985	85400793	42726581	0	0
LFQ	31	0	0	0	0	0	116932	0	314794	656418	289863	777881	1114588	1747398	609209	0	0	0	323940	0	111015	0	0	517250	4082445	686740	963865	2777749	2100746	787555	0	24376123	90140587	85239272	42595873	0	0
LFQ	32	0	0	0	0	0	118446	0	321909	679187	295427	792572	1130756	1761325	618808	0	0	0	328845	0	111259	0	0	524853	4030345	700898	984557	2816349	2123269	791703	0	24408914	90114331	85160548	42515942	0	0
LFQ	33	0	0	0	0	0	119597	0	321889	686718	300753	798246	1137179	1766821	630612	0	0	0	334723	110502	0	0	516440	364144	4376088	978956	2812617	2127746	785898	0	644634	23633339	90184207	85230475	42468659	0	0
LFQ	34	0	0	0	0	0	123713	0	335269	694039	301973	824412	1157018	1803104	639373	0	0	0	332002	115232	0	0	540241	367114	4370292	995696	2862102	2157144	808310	0	638249	23715883	90075682	85132222	42341173	0	0
LFQ	35	0	0	0	0	0	123050	0	330679	693213	307077	821393	1161844	1783095	643311	0	0	0	331840	113245	0	0	532649	366789	4380089	990312	2832016	2142208	795883	0	633535	23793085	90231584	85054950	42268396	0	0
LFQ	36	0	0	20	0	0	126600	0	336909	713772	307170	830565	1166181	1795385	642755	0	0	0	337313	115902	0	0	541028	372458	4404575	1005817	2872101	2170590	801347	0	648246	23715434	90073674	85137640	42214761	0	0
LFQ	37	0	0	45	0	0	126926	0	337737	718944	313299	842239	1185542	1805038	656874	0	0	0	342255	116318	0	0	538326	375981	4416292	1017486	2878126	2183440	802636	0	651516	23694370	89969481	85141142	42216230	0	0
LFQ	38	0	0	0	0	0	130597	0	351383	738076	315184	863988	1204918	1835461	662025	0	0	0	347327	117752	0	0	554831	379803	4412014	1033123	2924059	2212708	819269	0	657013	23653290	89941284	85004703	42171435	0	0
LFQ	39	0	0	2	0	0	129838	0	353405	740458	322895	873289	1204935	1832394	670729	0	0	0	347898	117089	0	0	554330	384193	4353881	1040020	2930071	2222210	817821	0	658133	23641485	89792457	85165728	42176982	0	0
LFQ	40	0	0	3	0	0	134384	0	357045	760363	323462	887801	1226470	1846764	681656	0	0	0	354385	118475	0	0	561444	384520	4377284	1049307	2966724	2248638	828691	0	666155	23678316	89776232	84983128	42118996	0	0
LFQ	41	0	0	11	0	0	137566	0	364379	769542	330377	913532	1246920	1859453	691503	0	0	0	354415	122697	0	0	572508	393173	4430845	1067391	3000301	2276188	839982	0	667494	23682761	89644305	84908483	42056417	0	0
LFQ	42	0	0	0	0	0	137016	0	358785	770243	335004	893774	1252076	1854792	696592	0	0	0	364498	119357	0	0	553404	392428	4452719	1057689	2957870	2255577	822814	0	677976	23645282	89723219	84897901	42111227	0	0
LFQ	43	0	0	0	0	0	140395	0	372087	770935	330501	911411	1260435	1895526	692543	0	0	0	354944	122196	0	0	570363	392372	4408121	1072586	2987815	2250905	837739	0	658861	23583585	89571755	85014653	42130515	0	0
LFQ	44	0	0	2	0	0	143860	0	382011	828247	341591	935986	1291764	1922119	718172	0	0	0	376598	124877	0	0	581690	406804	4451775	1099221	3075036	2342731	853284	0	696122	23579897	89465840	84654429	42058187	0	0
LFQ	45	0	0	363	0	0	143237	0	375963	794886	344466	940657	1290854	1905795	721058	0	0	0	364384	125694	0	0	577447	402134	4446041	1083116	3035083	2309041	848025	0	675866	23636391	89564012	84700467	42045263	0	0
LFQ	46	0	0	1	0	0	145344	0	383373	807766	344477	942948	1290309	1923238	722288	0	0	0	367988	126244	0	0	583007	403852	4448279	1093399	3056389	2321769	855105	0	682928	23712267	89364791	84741319	42013162	0	0
LFQ	47	0	0	80	0	0	150023	0	380556	804131	342481	954033	1294029	1915529	718242	0	0	0	365469	127498	0	0	584576	402323	4453353	1094210	3056632	2305161	856748	0	672877	23677627	89455066	84716454	42003145	0	0
LFQ	48	0	0	0	0	0	151860	0	397580	841377	354205	973497	1335339	1960165	739939	0	0	0	379362	128348	0	0	598354	412130	4425375	1123442	3109354	2370322	865156	0	692854	23507241	89463114	84623060	41878169	0	0
LFQ	49	0	0	0	0	0	152796	0	399855	859539	361868	978104	1345523	1976394	751316	0	0	0	385274	129132	0	0	598145	417308	4451053	1133906	3130005	2390601	869726	0	702077	23531793	89235720	84662203	41867905	0	0
LFQ	50	0	0	54	0	0	155041	0	401735	859071	357895	992952	1353086	1982151	752616	0	0	0	384496	131415	0	0	604925	412577	4496334	1133051	3147085	2393622	875962	0	698267	23446261	89239844	84626337	41885466	0	0
LFQ	51	0	0	0	0	0	153658	0	403811	852927	363349	993177	1355030	1991089	758442	0	0	0	378337	127951	0	0	598930	414105	4399744	1127735	3124086	2370873	869786	0	683891	23538132	89263291	84673037	41888862	0	0
LFQ	52	0	0	0	0	0	158591	0	412323	868757	364262	1008881	1371290	2010742	760701	0	0	0	384520	131137	0	0	612266	422256	4406142	1148830	3163210	2394359	880926	0	692881	23515895	89255490	84597809	41768975	0	0
LFQ	53	0	0	0	0	0	161070	0	417323	889950	369049	1026943	1384820	2020412	772261	0	0	0	392249	134772	0	0	619310	425096	4491232	1160442	3201184	2445830	888358	0	708001	23505234	88975066	84646514	41695127	0	0
LFQ	54	0	0	128	0	0	159568	0	418120	885463	371105	1034363	1394808	2025576	778308	0	0	0	389291	133941	0	0	620084	426384	4474522	1159540	3198224	2439592	888366	0	702386	23464956	89057181	84581990	41726347	0	0
LFQ	55	0	0	0	0	0	162669	0	419330	897664	375157	1030550	1395636	2029615	777452	0	0	0	394132	132967	0	0	620188	428068	4445432	1162650	3198610	2433375	886132	0	708693	23510383	89128917	84434674	41757949	0	0
LFQ	56	0	0	645	0	0	166148	0	421533	895580	370741	1036431	1397325	2030392	778015	0	0	0	392535	135693	0	0	624106	425971	4464347	1164757	3211746	2442532	889626	0	706942	23508574	89051502	84428358	41786744	0	0
LFQ	57	0	0	95	0	0	165546	0	421875	889359	375652	1043019	1406147	2033552	781406	0	0	0	389864	135878	0	0	622656	427449	4473859	1166281	3207294	2438251	889671	0	700029	23516844	89105983	84445016	41694517	0	0
LFQ	58	0	0	0	0	0	170994	0	437422	933408	384543	1064409	1437062	2090498	802865	0	0	0	404503	139477	0	0	635229	439446	4490450	1197798	3272919	2501534	903409	0	718494	23541555	88912821	84265143	41586264	0	0
LFQ	59	0	0	0	0	0	175269	0	450374	958902	395314	1091514	1470982	2120026	821042	0	0	0	414829	142505	0	0	650246	448514	4509600	1220527	3320164	2551876	919515	0	734120	23485345	88794070	84130396	41525113	0	0
LFQ	60	0	0	0	0	0	171693	0	442497	953154	397090	1080576	1466048	2108805	824105	0	0	0	413737	138305	0	0	638479	447121	4483011	1209548	3285466	2528089	911428	0	729564	23479774	88761851	84199935	41659967	0	0
LFQ	61	0	0	0	0	0	176229	0	456449	964182	393046	1102515	1478805	2135550	818014	0	0	0	414516	142743	0	0	654668	448361	4494990	1227580	3339425	2547502	925240	0	733753	23400078	88672685	84266480	41537432	0	0
LFQ	62	0	0	0	0	0	176476	0	461837	982389	403369	1117647	1501087	2156068	840340	0	0	0	424734	142907	0	0	661138	456137	4495110	1232178	3373934	2590558	935469	0	750100	23358833	88566591	84184120	41519221	0	0
LFQ	63	0	0	19	0	0	177291	0	455280	963515	404215	1113658	1489208	2146366	838834	0	0	0	409952	143255	0	0	652982	450710	4491836	1224810	3331458	2540937	921859	0	722464	23425471	88521424	84336183	41568516	0	0
LFQ	64	0	0	0	0	0	183222	0	470089	1004398	407505	1128001	1517967	2184205	848570	0	0	0	426965	146947	0	0	668128	459999	4551326	1255373	3390690	2600927	938293	0	744621	23378212	88468216	84139734	41416855	0	0
LFQ	65	0	0	0	0	0	183239	0	468545	990909	411584	1135136	1529238	2178661	854935	0	0	0	427428	144691	0	0	663844	457556	4497722	1248331	3384950	2592828	933806	0	741845	23348909	88594422	84078064	41463600	0	0
LFQ	66	0	0	0	0	0	185207	0	480052	1002372	413707	1139396	1535831	2208129	856313	0	0	0	424497	145416	0	0	669581	459111	4498830	1255090	3391920	2590933	935445	0	734328	23323182	88526686	84103817	41450400	0	0
LFQ	67	0	0	0	0	0	188723	0	490225	1046942	424073	1165432	1562911	2247918	873659	0	0	0	440297	149256	0	0	681175	471006	4526180	1283761	3456370	2656180	954014	0	755737	23346376	88345732	83925903	41338373	0	0
LFQ	68	0	0	0	0	0	189414	0	481717	1011774	421690	1162594	1551665	2218318	871128	0	0	0	428392	149925	0	0	677949	466940	4541716	1260753	3424827	2633423	948861	0	744547	23415928	88389675	83929703	41409304	0	0
LFQ	69	0	0	134	0	0	189775	0	484044	1002825	416790	1171435	1550312	2229092	868695	0	0	0	422086	151806	0	0	683280	463079	4520303	1267283	3433982	2619474	952229	0	734483	23452891	88425804	83894460	41395981	0	0
LFQ	70	0	0	0	0	0	194786	0	494552	1032375	421556	1188188	1573642	2247430	877054	0	0	0	434132	153447	0	0	690946	468304	4525386	1283524	3472506	2654163	963372	0	752917	23304357	88344509	83928184	41324913	0	0
LFQ	71	0	0	0	0	0	195043	0	497113	1037630	429005	1198788	1585992	2270838	888025	0	0	0	437274	153627	0	0	695331	473170	4524039	1294408	3477136	2679191	970147	0	752551	23279341	88161338	84027712	41302544	0	0
LFQ	72	0	0	769	0	0	197652	0	510259	1054391	437504	1214697	1618766	2313543	905736	0	0	0	441665	154612	0	0	702842	479079	4489072	1313197	3509746	2693639	976262	0	752560	23298691	88039957	83943680	41281924	0	0
LFQ	73	0	0	0	0	0	201256	0	519054	1094624	447200	1226127	1649996	2340454	922730	0	0	0	458954	155741	0	0	711536	486540	4536156	1330814	3548249	2744955	982714	0	775652	23238133	88043062	83741876	41174420	0	0
LFQ	74	0	0	0	0	0	200882	0	519933	1094871	448450	1229833	1648388	2347396	921487	0	0	0	456495	155172	0	0	712211	489084	4529316	1322776	3545016	2740299	983569	0	769468	23265154	88059643	83719512	41171288	0	0
LFQ	75	0	0	0	0	0	203094	0	518381	1083305	447833	1232959	1641645	2343700	916810	0	0	0	450681	155514	0	0	709261	487907	4530747	1322246	3533793	2718880	980374	0	759402	23290837	88071926	83717503	41213445	0	0
LFQ	76	0	0	0	0	0	204713	0	523228	1090885	450331	1239338	1660264	2363563	928501	0	0	0	454942	157100	0	0	714943	488795	4541465	1328023	3544270	2736142	984396	0	767250	23211718	87983187	83779552	41177637	0	0
LFQ	77	0	0	0	0	0	208100	0	531993	1102008	446710	1248782	1672071	2386652	934277	0	0	0	455585	159261	0	0	724029	488148	4532985	1339012	3574938	2756549	997451	0	765614	23196695	87941836	83767833	41099714	0	0
LFQ	78	0	0	0	0	0	210484	0	544716	1124401	458733	1275074	1693738	2417027	944971	0	0	0	463376	161638	0	0	736044	499169	4532666	1361398	3625382	2796177	1007704	0	780000	23226596	87796718	83606087	41068144	0	0
LFQ	79	0	0	0	0	0	212093	0	547213	1149544	460963	1288668	1704464	2425263	958627	0	0	0	472795	163626	0	0	739143	502469	4569435	1368155	3655189	2832856	1015144	0	790245	23132834	87736922	83561075	41043520	0	0
LFQ	80	0	0	0	0	0	211737	0	539820	1118847	460251	1281920	1693092	2413350	955973	0	0	0	461977	164279	0	0	734957	498016	4568837	1356558	3632338	2803233	1008399	0	776617	23175688	87782483	83645210	41046661	0	0
LFQ	81	0	0	1249	0	0	213703	0	543320	1127571	460628	1285445	1698691	2427520	958316	0	0	0	464252	164645	0	0	739209	499550	4563663	1365700	3639725	2812364	1008859	0	779927	23193267	87711025	83626490	41045124	0	0
LFQ	82	0	0	0	0	0	219548	0	555936	1153046	467311	1301148	1720591	2454387	968314	0	0	0	472919	167965	0	0	748023	507883	4587272	1385622	3672218	2855106	1021386	0	791489	23211168	87555631	83554183	40959097	0	0
LFQ	83	0	0	0	0	0	217282	0	557250	1161198	473878	1305876	1741045	2468539	976512	0	0	0	476494	165316	0	0	751330	511944	4581644	1391984	3685024	2851589	1026344	0	794194	23209261	87558844	83475555	40949140	0	0
LFQ	84	0	0	1489	0	0	219880	0	562998	1165831	473243	1311238	1747048	2486001	975622	0	0	0	475924	165786	0	0	753864	511104	4570268	1399277	3688719	2850804	1028653	0	790430	23211767	87584682	83440260	40915355	0	0
LFQ	85	0	0	2	0	0	223389	0	576461	1197968	477889	1336506	1770779	2519815	990634	0	0	0	487465	169062	0	0	770600	519211	4575574	1419122	3740980	2904705	1042658	0	810657	23147017	87424616	83435383	40789750	0	0
LFQ	86	0	0	0	0	0	221916	0	579579	1198190	485175	1354796	1788632	2533694	1002626	0	0	0	484849	171253	0	0	775317	523552	4583196	1425127	3764022	2924467	1049011	0	804762	23150636	87381988	83300100	40827355	0	0
LFQ	87	0	0	6	0	0	229381	0	599908	1241964	494535	1388465	1830977	2579221	1027216	0	0	0	683300	0	0	792479	537132	987088	5114015	3846825	3003826	1070993	0	831749	0	23046815	87197022	83064333	40762993	0	0
LFQ	88	0	0	0	0	0	226373	0	589945	1228188	500162	1367632	1822273	2565819	1035336	0	0	0	501560	171057	0	0	776334	529445	4624071	1439965	3792433	2964956	1054071	0	821810	23027326	87304421	83169871	40817195	0	0
LFQ	89	0	0	21	0	0	231371	0	598237	1223921	494156	1380805	1831900	2596750	1019120	0	0	0	664748	0	0	785950	528369	963184	5047830	3801853	2947415	1061339	0	804078	0	23028323	87310170	83252844	40757859	0	0
LFQ	90	0	0	0	0	0	233101	0	595792	1234627	502470	1375754	1826774	2588320	1028149	0	0	0	668012	0	0	780854	534459	966356	5048761	3787718	2954059	1055862	0	812139	0	23104411	87261716	83205877	40765032	0	0
LFQ	91	0	0	644	0	0	236032	0	596156	1223774	494773	1382373	1825813	2585369	1026002	0	0	0	492151	178196	0	0	782632	530272	4622535	1447212	3798640	2941185	1061773	0	804271	23099498	87231492	83261497	40707953	0	0
LFQ	92	0	0	0	0	0	239171	0	603841	1235463	502643	1393936	1844614	2604740	1038812	0	0	0	499814	178178	0	0	792824	535974	4621883	1463042	3825966	2969231	1070515	0	813507	23084533	87159839	83140092	40711625	0	0
LFQ	93	0	0	0	0	0	248097	0	629023	1296682	514350	1429876	1895764	2664137	1055987	0	0	0	705462	0	0	818113	553873	1014609	5168379	3918942	3064213	1094368	0	840662	0	22939455	86977924	82924850	40575477	0	0
LFQ	94	0	0	0	0	0	244572	0	634414	1319062	529355	1442558	1920406	2690513	1078714	0	0	0	713733	0	0	819529	563149	1023898	5167993	3946976	3118744	1097809	0	858250	0	23000045	86885959	82721479	40553085	0	0
LFQ	95	0	0	250	0	0	244635	0	641640	1303325	527195	1459958	1922154	2699364	1079266	0	0	0	707330	0	0	827456	560516	1007147	5163549	3957260	3099053	1103354	0	846617	0	23004386	86758429	82869150	40548209	0	0
LFQ	96	0	0	0	0	0	242755	0	637266	1329921	527472	1460799	1931697	2703306	1085669	0	0	0	714770	0	0	822718	562044	1025803	5128820	3960719	3114161	1099833	0	860811	0	22989550	86755744	82888507	40487878	0	0
LFQ	97	0	0	0	0	0	243447	0	637960	1305165	522020	1457226	1909038	2694156	1073819	0	0	0	699054	0	0	824645	553064	1005924	5112307	3922950	3065676	1099104	0	836492	0	23007619	86864129	82966377	40530071	0	0
LFQ	98	0	0	0	0	0	247563	0	649247	1315529	528086	1486363	1944250	2731561	1082784	0	0	0	708320	0	0	836108	560374	1011124	5147203	3965888	3090939	1111758	0	836250	0	22934757	86730996	82910439	40500704	0	0
LFQ	99	0	0	0	0	0	252266	0	662320	1347405	545750	1500220	1976314	2763108	1110374	0	0	0	727151	0	0	843580	573556	1031820	5202997	4011013	3161233	1121669	0	862844	0	22872656	86555464	82763840	40444663	0	0
LFQ	100	0	0	0	0	0	251421	0	665904	1367706	544258	1507864	1994365	2798125	1115543	0	0	0	730335	0	0	846576	573766	1041774	5142776	4041157	3178906	1132655	0	865126	0	22905506	86527680	82721490	40377310	0	0
LFQ	101	0	0	1	0	0	256356	0	684657	1391690	548683	1534637	2015860	2824168	1129120	0	0	0	742557	0	0	865983	582756	1060191	5199696	4086805	3228167	1146916	0	875404	0	22897756	86390925	82606846	40261069	0	0
LFQ	102	0	0	1	0	0	256888	0	687424	1401601	561443	1555852	2037270	2833935	1147700	0	0	0	743709	0	0	869313	589166	1063816	5224612	4107617	3232169	1141863	0	872887	0	22931378	86366176	82472713	40232710	0	0
LFQ	103	0	0	64	0	0	258993	0	689096	1407782	564538	1550476	2043217	2839977	1152388	0	0	0	749319	0	0	868526	593626	1068815	5214363	4111185	3254820	1143939	0	881948	0	22925079	86376321	82418815	40216956	0	0
LFQ	104	0	0	0	0	0	264138	0	704297	1430339	564597	1576112	2064874	2878247	1161212	0	0	0	763722	0	0	886189	601616	1082112	5236561	4170278	3299913	1161903	0	894623	0	22855943	86222901	82346658	40164008	0	0
LFQ	105	0	0	3	0	0	266641	0	712846	1466232	585136	1593053	2100578	2917176	1190434	0	0	0	775982	0	0	888266	613600	1100422	5261776	4199209	3355595	1169117	0	910436	0	22807787	86063048	82250955	40101951	0	0
LFQ	106	0	0	0	0	0	269221	0	724620	1481274	583330	1606135	2119143	2940459	1192297	0	0	0	782644	0	0	901840	614517	1105419	5285433	4230927	3373014	1173810	0	911030	0	22787802	86026779	82171367	40049182	0	0
LFQ	107	0	0	0	0	0	263553	0	710901	1464608	582046	1597244	2105393	2926197	1190334	0	0	0	770474	0	0	886829	609780	1093600	5252583	4196057	3336773	1166226	0	903069	0	22756416	86167940	82197746	40152474	0	0
LFQ	108	0	0	0	0	0	267848	0	712672	1435856	577013	1599062	2095764	2932663	1172851	0	0	0	757898	0	0	887992	601860	1069098	5226503	4173717	3278817	1166581	0	880607	0	22822208	86073027	82409329	40188877	0	0
LFQ	109	0	0	0	0	0	273818	0	735341	1477599	581185	1624871	2123591	2969983	1189320	0	0	0	773697	0	0	908380	613036	1096643	5264400	4231005	3337043	1183737	0	891229	0	22748174	85966503	82255039	40085649	0	0
LFQ	110	0	0	0	0	0	270053	0	719413	1463596	582899	1609457	2115121	2934495	1193187	0	0	0	768223	0	0	895529	607450	1088299	5252407	4205560	3327814	1170731	0	897409	0	22757372	86103706	82268361	40099161	0	0
LFQ	111	0	0	495	0	0	272197	0	730772	1457720	571605	1626919	2121083	2954955	1184338	0	0	0	767394	0	0	913303	606920	1089021	5257265	4240593	3333529	1187737	0	886910	0	22764896	85974078	82328920	40059593	0	0
LFQ	112	0	0	1	0	0	275660	0	750801	1520520	604978	1659791	2168973	3015777	1221637	0	0	0	790592	0	0	921273	630104	1126616	5294404	4313145	3423830	1194926	0	916225	0	22719083	85809869	81998221	39973817	0	0
LFQ	113	0	0	0	0	0	277606	0	746267	1524880	603940	1664487	2174371	3018242	1222994	0	0	0	789941	0	0	916198	630019	1121042	5302175	4298388	3405656	1198689	0	907737	0	22755636	85806070	82010322	39955583	0	0
LFQ	114	0	0	0	0	0	284600	0	761991	1537802	615787	1688266	2211134	3055429	1241420	0	0	0	800131	0	0	931744	643116	1129214	5321438	4347764	3445288	1209740	0	918173	0	22776103	85609121	81906999	39894983	0	0
LFQ	115	0	0	206	0	0	285576	0	768720	1560090	620877	1694787	2228932	3093130	1259714	0	0	0	815341	0	0	935181	647427	1147178	5334131	4373366	3480807	1214260	0	933744	0	22685512	85651653	81770140	39829471	0	0
LFQ	116	0	0	0	0	0	289709	0	768418	1546099	615364	1692165	2219503	3074318	1243504	0	0	0	806591	0	0	937627	638395	1132491	5330159	4349650	3445187	1208352	0	918311	0	22622606	85687768	81934069	39869957	0	0
LFQ	117	0	0	0	0	0	288366	0	777491	1560262	617071	1707712	2239496	3112556	1250043	0	0	0	805974	0	0	944747	644393	1133614	5334611	4385355	3466888	1221949	0	917404	0	22657100	85547350	81932396	39785465	0	0
LFQ	118	0	0	0	0	0	288468	0	792271	1580786	623573	1735157	2270277	3149269	1268792	0	0	0	817824	0	0	956992	649325	1150542	5360114	4435683	3511702	1236733	0	929340	0	22628619	85454020	81795395	39695361	0	0
LFQ	119	0	0	0	0	0	290558	0	799863	1605725	631988	1755841	2291003	3172856	1283472	0	0	0	827742	0	0	964434	657410	1162248	5354935	4468126	3550669	1246205	0	942135	0	22581545	85361979	81734908	39646601	0	0
LFQ	120	0	0	0	0	0	290810	0	805227	1610914	640795	1770223	2308470	3197539	1293016	0	0	0	831737	0	0	971257	666393	1170842	5376208	4492783	3574559	1254861	0	942690	0	22559865	85274836	81635394	39661824	0	0
LFQ	121	0	0	0	0	0	296498	0	815651	1635497	646618	1781413	2325418	3219525	1303145	0	0	0	840301	0	0	978760	672647	1183445	5401744	4524928	3609811	1261821	0	951376	0	22541777	85203049	81516477	39620342	0	0
LFQ	122	0	0	0	0	0	299046	0	823098	1642291	648454	1799048	2349756	3256153	1318389	0	0	0	845420	0	0	983370	674593	1183071	5401693	4548803	3631611	1269051	0	952004	0	22505711	85117605	81520851	39560225	0	0
LFQ	123	0	0	80	0	0	296320	0	822215	1619001	641861	1802642	2330023	3235816	1301750	0	0	0	827862	0	0	984437	667703	1170385	5367714	4523154	3578115	1266433	0	935585	0	22563167	85210937	81581782	39603261	0	0
LFQ	124	0	0	0	0	0	297537	0	822770	1618314	643710	1796710	2328443	3233289	1307598	0	0	0	826661	0	0	988206	667178	1171180	5378475	4515116	3574192	1266340	0	932082	0	22533210	85206186	81649874	39573172	0	0
LFQ	125	0	0	0	0	0	302556	0	838248	1642750	654604	1824177	2360242	3277072	1322470	0	0	0	841028	0	0	1003472	678012	1181460	5417767	4569879	3621699	1281380	0	943783	0	22511699	85095875	81469312	39492758	0	0
LFQ	126	0	0	0	0	0	307702	0	862784	1700454	677560	1864600	2425025	3360701	1359877	0	0	0	870367	0	0	1018774	705341	1217672	5443041	4666217	3724097	1303278	0	971155	0	22461124	84795384	81197393	39397697	0	0
LFQ	127	0	0	586	0	0	310807	0	867173	1739574	694062	1873079	2444941	3388131	1381845	0	0	0	884736	0	0	1018995	714948	1235704	5465940	4702024	3782839	1309658	0	992989	0	22439371	84717875	81038172	39326794	0	0
LFQ	128	0	0	0	0	0	314177	0	868642	1721933	678775	1877985	2442842	3374308	1365643	0	0	0	881139	0	0	1030134	704740	1232351	5504059	4701081	3754405	1311810	0	982145	0	22404858	84754739	81129707	39294770	0	0
LFQ	129	0	0	0	0	0	312007	0	893450	1767473	691434	1918333	2488315	3445209	1389489	0	0	0	892590	0	0	1051546	720659	1256828	5481173	4788858	3841665	1338201	0	998667	0	22375876	84563990	80935154	39179326	0	0
LFQ	130	0	0	0	0	0	312188	0	900433	1789368	712129	1941127	2515155	3470043	1416990	0	0	0	904012	0	0	1048191	735792	1270217	5515818	4822629	3870109	1341000	0	1012325	0	22299563	84399262	80921152	39132740	0	0
LFQ	131	0	0	0	0	0	324378	0	930427	1851889	735975	1985060	2574562	3546453	1451821	0	0	0	936098	0	0	1076499	761283	1302922	5561847	4925880	3988042	1365914	0	1040012	0	22314155	84050081	80627734	38979211	0	0
LFQ	132	0	0	11227	0	0	322121	0	921899	1869382	740963	1974790	2575123	3552547	1463389	0	0	0	940975	0	0	1060698	759597	1308217	5564328	4912787	3993085	1355962	0	1049050	0	22320814	84161435	80491924	38979930	0	0
LFQ	133	0	0	0	0	0	322310	0	922039	1827071	726679	1980875	2573723	3540756	1443334	0	0	0	919873	0	0	1067708	745974	1280722	5532884	4881152	3920055	1359612	0	1016683	0	22239390	84248694	80800380	38980329	0	0
LFQ	134	0	0	0	0	0	324423	0	930320	1845035	731230	1989389	2592954	3574138	1456389	0	0	0	932323	0	0	1075279	756134	1297014	5538982	4924266	3987466	1369755	0	1034254	0	22250665	84170484	80596963	38952780	0	0
LFQ	135	0	0	11	0	0	325536	0	933148	1841482	728418	1992978	2574769	3567144	1446084	0	0	0	924535	0	0	1081696	752526	1296916	5570946	4924336	3964042	1373870	0	1031463	0	22284606	84119895	80646245	38949597	0	0
LFQ	136	0	0	0	0	0	331602	0	947559	1854481	741439	2025531	2598343	3577528	1465349	0	0	0	933567	0	0	1096935	766960	1309792	5629597	4969804	3993431	1379359	0	1032316	0	22246976	84006993	80596944	38825737	0	0
LFQ	137	0	0	2	0	0	339167	0	973615	1938769	767550	2066771	2667013	3669140	1516864	0	0	0	979313	0	0	1113643	794932	1357231	5671028	5100498	4150495	1409807	0	1080411	0	22190947	83756838	80085438	38700771	0	0
LFQ	138	0	0	0	0	0	332948	0	962043	1920194	766637	2063922	2661546	3665040	1518854	0	0	0	961438	0	0	1105067	787009	1342093	5642956	5066126	4095168	1400541	0	1063880	0	22189782	83884774	80129580	38770645	0	0
LFQ	139	0	0	0	0	0	335590	0	956251	1904316	748019	2050981	2638458	3645435	1482946	0	0	0	946705	0	0	1104215	769734	1325078	5614588	5022741	4027254	1396453	0	1042724	0	22174968	83974154	80384263	38785370	0	0
LFQ	140	0	0	115	0	0	343470	0	989000	1914577	767510	2096037	2692687	3694993	1506397	0	0	0	959875	0	0	1125065	786581	1331016	5669955	5083459	4088388	1416926	0	1048773	0	22082591	83700165	80342335	38690328	0	0
LFQ	141	0	0	0	0	0	344320	0	1014026	2003929	792067	2141184	2758216	3818029	1553943	0	0	0	998582	0	0	1143700	814260	1381017	5665574	5214945	4240525	1451356	0	1099076	0	22057770	83398345	79919675	38519704	0	0
LFQ	142	0	0	0	0	200094	0	602751	1198406	474795	1266486	1624044	2212838	914400	0	150491	0	432237	670790	482293	814275	3298910	3037123	2458720	835832	0	634207	0	12531805	47420823	45460894	21753235	0	0	0	0	0
LFQ	143	0	0	0	0	0	199526	0	593257	1181770	476575	1252463	1603304	2198610	905291	0	0	148329	425749	0	658360	477269	802342	1235917	5064268	2425222	824951	0	626344	0	0	12568288	47492296	45511348	21803970	0	0
LFQ	144	0	0	0	0	0	195951	0	567710	1115738	446074	1209731	1544822	2126770	862226	0	0	0	541319	0	0	640709	446940	763033	3278523	2891260	2294808	802959	0	587411	0	12627304	47771776	45842111	21918274	0	0
LFQ	145	0	0	0	0	0	201505	0	579715	1108941	439738	1229085	1549057	2138215	859308	0	0	0	539578	0	0	657093	445540	762222	3284386	2915683	2291102	810870	0	578856	0	12591194	47660141	45949734	21883486	0	0
LFQ	146	0	0	0	0	0	197508	0	578195	1121931	452365	1231307	1559014	2147563	875048	0	0	0	542361	0	0	649852	452118	766836	1209233	4993639	2304099	809538	0	586901	0	0	12622215	47650686	45813303	21911737	0
LFQ	147	0	0	0	0	0	200739	0	578802	1104219	444453	1224110	1545365	2131692	857583	0	0	0	535359	0	0	654119	446947	760442	1205690	4989427	2279093	807605	0	578944	0	0	12616751	47715481	45939689	21858939	0
LFQ	148	0	0	0	0	0	210509	0	620916	1198141	473578	1292668	1641375	2255116	913623	0	0	0	580468	0	0	688138	480754	810468	3337895	3055258	2446111	848902	0	618416	0	12485125	47296408	45584142	21637438	0	0
LFQ	149	0	0	2	0	0	215009	0	644234	1262318	509558	1333091	1699528	2334463	960319	0	0	158699	452390	0	695245	505599	842844	1306372	5195489	2545521	861557	0	652395	0	0	12416744	47134574	45197415	21552083	0	0
LFQ	150	0	0	124636	0	0	214901	0	653311	1281299	507797	1348416	1714248	2362782	969040	0	0	165565	453770	0	703442	511772	852070	3380673	3176300	2591012	878728	0	659981	0	12410478	46975566	45062357	21477305	0	0	0
# GC Content of first fragments. Use `grep ^GCF | cut -f 2-` to extract this part.
GCF	0.25	337
GCF	0.75	412
GCF	1.26	470
GCF	2.01	698
GCF	2.76	788
GCF	3.27	956
GCF	4.02	1073
GCF	4.77	1309
GCF	5.28	1458
GCF	6.03	1628
GCF	6.78	1790
GCF	7.29	1933
GCF	8.04	2271
GCF	8.79	2561
GCF	9.30	3060
GCF	10.05	3505
GCF	10.80	4246
GCF	11.31	5325
GCF	12.06	6765
GCF	12.81	8708
GCF	13.32	11165
GCF	14.07	14326
GCF	14.82	18952
GCF	15.33	25274
GCF	16.08	34504
GCF	16.83	47908
GCF	17.34	65153
GCF	18.09	89635
GCF	18.84	123129
GCF	19.35	167317
GCF	20.10	226661
GCF	20.85	302113
GCF	21.36	398034
GCF	22.11	515273
GCF	22.86	661664
GCF	23.37	828711
GCF	24.12	1028471
GCF	24.87	1247860
GCF	25.38	1497826
GCF	26.13	1768208
GCF	26.88	2056398
GCF	27.39	2357782
GCF	28.14	2670542
GCF	28.89	2991253
GCF	29.40	3296844
GCF	30.15	3599890
GCF	30.90	3884180
GCF	31.41	4157656
GCF	32.16	4414081
GCF	32.91	4640366
GCF	33.42	4850931
GCF	33.92	5046550
GCF	34.67	5227353
GCF	35.43	5395865
GCF	35.93	5579976
GCF	36.68	5775718
GCF	37.44	5994400
GCF	37.94	6204872
GCF	38.69	6439364
GCF	39.45	6648422
GCF	39.95	6776861
GCF	40.70	6825220
GCF	41.46	6776246
GCF	41.96	6632260
GCF	42.71	6392891
GCF	43.47	6139682
GCF	43.97	5907708
GCF	44.72	5744332
GCF	45.48	5687844
GCF	45.98	5608631
GCF	46.73	5521163
GCF	47.49	5399163
GCF	47.99	5241845
GCF	48.74	5035135
GCF	49.50	4797690
GCF	50.00	4548772
GCF	50.75	4356441
GCF	51.51	4201566
GCF	52.01	4051888
GCF	52.76	3916303
GCF	53.52	3744499
GCF	54.02	3551721
GCF	54.77	3336221
GCF	55.53	3134307
GCF	56.03	2899132
GCF	56.78	2674410
GCF	57.54	2530802
GCF	58.04	2444824
GCF	58.79	2369794
GCF	59.55	2246949
GCF	60.05	2143734
GCF	60.80	2083212
GCF	61.56	1969653
GCF	62.06	1734121
GCF	62.81	1472147
GCF	63.57	1252249
GCF	64.07	1163188
GCF	64.82	1131400
GCF	65.58	1081080
GCF	66.08	1024867
GCF	66.58	1033122
GCF	67.34	931285
GCF	68.09	755013
GCF	68.59	571885
GCF	69.35	462955
GCF	70.10	392038
GCF	70.60	338012
GCF	71.36	279092
GCF	72.11	229675
GCF	72.61	187018
GCF	73.37	154703
GCF	74.12	131231
GCF	74.62	114594
GCF	75.38	101393
GCF	76.13	90666
GCF	76.63	84374
GCF	77.39	80240
GCF	78.14	75304
GCF	78.64	68338
GCF	79.40	61933
GCF	80.15	52931
GCF	80.65	41192
GCF	81.41	30862
GCF	82.16	24377
GCF	82.66	19860
GCF	83.42	15864
GCF	84.17	12867
GCF	84.67	10611
GCF	85.43	9006
GCF	86.18	7619
GCF	86.68	6712
GCF	87.44	6407
GCF	88.19	5872
GCF	88.69	5368
GCF	89.45	4842
GCF	90.20	4374
GCF	90.70	3968
GCF	91.46	3493
GCF	92.21	2871
GCF	92.71	2424
GCF	93.47	1860
GCF	94.22	1305
GCF	94.72	934
GCF	95.48	693
GCF	96.23	493
GCF	96.73	339
GCF	97.49	235
GCF	98.24	216
GCF	98.74	213
GCF	99.50	48
# GC Content of last fragments. Use `grep ^GCL | cut -f 2-` to extract this part.
GCL	0.25	830
GCL	0.75	1841
GCL	1.26	3948
GCL	1.76	5803
GCL	2.26	7102
GCL	2.76	10070
GCL	3.27	11792
GCL	3.77	14830
GCL	4.27	16100
GCL	4.77	18481
GCL	5.28	20034
GCL	5.78	22905
GCL	6.28	24152
GCL	6.78	25486
GCL	7.29	27163
GCL	7.79	29173
GCL	8.29	29854
GCL	8.79	30828
GCL	9.30	31887
GCL	10.05	32846
GCL	10.80	34142
GCL	11.31	35337
GCL	12.06	37465
GCL	12.81	39553
GCL	13.32	42688
GCL	13.82	44714
GCL	14.32	47276
GCL	14.82	52793
GCL	15.33	56751
GCL	15.83	66513
GCL	16.33	72829
GCL	16.83	89453
GCL	17.34	99653
GCL	17.84	126703
GCL	18.34	143134
GCL	18.84	162395
GCL	19.35	209394
GCL	19.85	272590
GCL	20.35	310362
GCL	20.85	352650
GCL	21.36	456879
GCL	22.11	581051
GCL	22.86	732072
GCL	23.37	912544
GCL	24.12	1121758
GCL	24.87	1356986
GCL	25.38	1619232
GCL	25.88	1770886
GCL	26.38	1902943
GCL	26.88	2200674
GCL	27.39	2368763
GCL	27.89	2686017
GCL	28.39	2835854
GCL	28.89	3161935
GCL	29.40	3328054
GCL	29.90	3633057
GCL	30.40	3772787
GCL	30.90	3934198
GCL	31.41	4219756
GCL	31.91	4480520
GCL	32.41	4589796
GCL	32.91	4713480
GCL	33.42	4937453
GCL	33.92	5142442
GCL	34.42	5238489
GCL	34.92	5321379
GCL	35.43	5493849
GCL	35.93	5693347
GCL	36.43	5809460
GCL	36.93	5904812
GCL	37.44	6109238
GCL	37.94	6235472
GCL	38.44	6464867
GCL	38.94	6561541
GCL	39.45	6684176
GCL	39.95	6828630
GCL	40.45	6895907
GCL	40.95	6879031
GCL	41.46	6855029
GCL	41.96	6709404
GCL	42.71	6485110
GCL	43.47	6244081
GCL	43.97	6010235
GCL	44.72	5828506
GCL	45.48	5736865
GCL	45.98	5663668
GCL	46.48	5612464
GCL	46.98	5555330
GCL	47.49	5427787
GCL	47.99	5262969
GCL	48.49	5155159
GCL	48.99	5045702
GCL	49.50	4812897
GCL	50.00	4682258
GCL	50.50	4484750
GCL	51.01	4401830
GCL	51.51	4318934
GCL	52.01	4172664
GCL	52.51	4037141
GCL	53.02	3951967
GCL	53.52	3856110
GCL	54.02	3665484
GCL	54.77	3462026
GCL	55.53	3227508
GCL	56.03	2960523
GCL	56.78	2747892
GCL	57.54	2628615
GCL	58.04	2538356
GCL	58.54	2490812
GCL	59.05	2428720
GCL	59.55	2311337
GCL	60.05	2169651
GCL	60.55	2126857
GCL	61.06	2067427
GCL	61.56	1963218
GCL	62.06	1829099
GCL	62.56	1590102
GCL	63.07	1454458
GCL	63.57	1328510
GCL	64.07	1182476
GCL	64.57	1146328
GCL	65.08	1140635
GCL	65.58	1114185
GCL	66.08	1065373
GCL	66.58	1034542
GCL	67.09	979353
GCL	67.59	939284
GCL	68.09	779487
GCL	68.59	599800
GCL	69.10	535201
GCL	69.60	479661
GCL	70.10	406628
GCL	70.60	373385
GCL	71.11	311347
GCL	71.61	290617
GCL	72.11	239478
GCL	72.61	215260
GCL	73.12	178043
GCL	73.62	166986
GCL	74.12	152935
GCL	74.62	133653
GCL	75.38	119486
GCL	76.13	106970
GCL	76.63	99759
GCL	77.39	94082
GCL	78.14	88754
GCL	78.64	81741
GCL	79.15	78603
GCL	79.65	76033
GCL	80.15	67423
GCL	80.65	56599
GCL	81.16	49888
GCL	81.66	45469
GCL	82.16	38323
GCL	82.66	35374
GCL	83.17	31562
GCL	83.67	30236
GCL	84.17	27021
GCL	84.67	25326
GCL	85.18	24363
GCL	85.68	23584
GCL	86.18	22852
GCL	86.68	21876
GCL	87.44	21614
GCL	88.19	21139
GCL	88.69	21013
GCL	89.45	20553
GCL	90.20	20337
GCL	90.70	20440
GCL	91.21	20403
GCL	91.71	20420
GCL	92.21	20577
GCL	92.71	20760
GCL	93.22	20845
GCL	93.72	20953
GCL	94.22	21077
GCL	94.72	21198
GCL	95.23	22324
GCL	95.73	22793
GCL	96.23	24784
GCL	96.73	25960
GCL	97.24	28595
GCL	97.74	30656
GCL	98.24	33419
GCL	98.74	42030
GCL	99.50	62533
# ACGT content per cycle. Use `grep ^GCC | cut -f 2-` to extract this part. The columns are: cycle; A,C,G,T base counts as a percentage of all A/C/G/T bases [%]; and N and O counts as a percentage of all A/C/G/T bases [%]
GCC	1	29.30	20.70	20.68	29.32	0.00	0.00
GCC	2	29.11	20.87	20.88	29.14	0.00	0.00
GCC	3	28.58	21.39	21.41	28.62	0.00	0.00
GCC	4	28.43	21.54	21.55	28.47	0.00	0.00
GCC	5	28.68	21.30	21.30	28.71	0.00	0.00
GCC	6	28.24	21.74	21.74	28.28	0.00	0.00
GCC	7	28.39	21.60	21.59	28.42	0.00	0.00
GCC	8	28.45	21.54	21.53	28.48	0.00	0.00
GCC	9	28.46	21.53	21.52	28.49	0.00	0.00
GCC	10	28.36	21.64	21.62	28.38	0.00	0.00
GCC	11	28.41	21.60	21.58	28.42	0.00	0.00
GCC	12	28.44	21.57	21.54	28.46	0.00	0.00
GCC	13	28.50	21.51	21.47	28.51	0.00	0.00
GCC	14	28.52	21.50	21.46	28.52	0.00	0.00
GCC	15	28.50	21.51	21.48	28.51	0.00	0.00
GCC	16	28.50	21.52	21.49	28.50	0.00	0.00
GCC	17	28.47	21.56	21.51	28.47	0.00	0.00
GCC	18	28.42	21.61	21.56	28.42	0.00	0.00
GCC	19	28.44	21.58	21.53	28.45	0.00	0.00
GCC	20	28.35	21.67	21.62	28.35	0.00	0.00
GCC	21	28.34	21.68	21.64	28.34	0.00	0.00
GCC	22	28.35	21.68	21.64	28.33	0.00	0.00
GCC	23	28.29	21.74	21.69	28.28	0.00	0.00
GCC	24	28.33	21.71	21.65	28.31	0.00	0.00
GCC	25	28.28	21.75	21.70	28.27	0.00	0.00
GCC	26	28.26	21.77	21.73	28.25	0.00	0.00
GCC	27	28.28	21.75	21.71	28.26	0.00	0.00
GCC	28	28.24	21.80	21.75	28.22	0.00	0.00
GCC	29	28.27	21.77	21.72	28.25	0.00	0.00
GCC	30	28.21	21.81	21.77	28.21	0.00	0.00
GCC	31	28.21	21.82	21.77	28.20	0.00	0.00
GCC	32	28.21	21.81	21.77	28.20	0.00	0.00
GCC	33	28.21	21.82	21.77	28.20	0.01	0.00
GCC	34	28.18	21.85	21.80	28.16	0.00	0.00
GCC	35	28.19	21.84	21.79	28.18	0.00	0.00
GCC	36	28.20	21.83	21.78	28.19	0.00	0.00
GCC	37	28.17	21.87	21.81	28.15	0.00	0.00
GCC	38	28.23	21.81	21.76	28.20	0.00	0.00
GCC	39	28.20	21.85	21.78	28.17	0.00	0.00
GCC	40	28.19	21.85	21.80	28.16	0.00	0.00
GCC	41	28.18	21.85	21.81	28.16	0.02	0.00
GCC	42	28.18	21.86	21.81	28.15	0.00	0.00
GCC	43	28.16	21.87	21.82	28.15	0.00	0.00
GCC	44	28.20	21.84	21.78	28.17	0.00	0.00
GCC	45	28.18	21.86	21.81	28.15	0.00	0.00
GCC	46	28.15	21.89	21.83	28.13	0.00	0.00
GCC	47	28.18	21.87	21.80	28.15	0.00	0.00
GCC	48	28.18	21.86	21.81	28.16	0.00	0.00
GCC	49	28.16	21.88	21.82	28.13	0.00	0.00
GCC	50	28.20	21.85	21.78	28.17	0.00	0.00
GCC	51	28.16	21.89	21.83	28.13	0.00	0.00
GCC	52	28.17	21.88	21.82	28.14	0.00	0.00
GCC	53	28.17	21.87	21.82	28.14	0.00	0.00
GCC	54	28.17	21.88	21.81	28.14	0.00	0.00
GCC	55	28.18	21.87	21.80	28.15	0.00	0.00
GCC	56	28.17	21.88	21.82	28.14	0.00	0.00
GCC	57	28.15	21.89	21.83	28.12	0.00	0.00
GCC	58	28.14	21.91	21.84	28.11	0.00	0.00
GCC	59	28.17	21.87	21.82	28.14	0.00	0.00
GCC	60	28.16	21.88	21.83	28.13	0.00	0.00
GCC	61	28.15	21.89	21.84	28.12	0.01	0.00
GCC	62	28.18	21.87	21.81	28.15	0.00	0.00
GCC	63	28.14	21.90	21.84	28.12	0.00	0.00
GCC	64	28.14	21.90	21.85	28.11	0.00	0.00
GCC	65	28.17	21.88	21.82	28.13	0.00	0.00
GCC	66	28.15	21.90	21.84	28.11	0.00	0.00
GCC	67	28.16	21.89	21.83	28.13	0.00	0.00
GCC	68	28.14	21.90	21.85	28.11	0.00	0.00
GCC	69	28.13	21.92	21.86	28.10	0.00	0.00
GCC	70	28.17	21.88	21.82	28.13	0.00	0.00
GCC	71	28.15	21.89	21.84	28.12	0.00	0.00
GCC	72	28.14	21.90	21.85	28.11	0.00	0.00
GCC	73	28.15	21.89	21.84	28.12	0.00	0.00
GCC	74	28.15	21.90	21.83	28.12	0.00	0.00
GCC	75	28.16	21.89	21.83	28.12	0.00	0.00
GCC	76	28.15	21.89	21.84	28.12	0.00	0.00
GCC	77	28.15	21.90	21.84	28.11	0.00	0.00
GCC	78	28.15	21.90	21.84	28.10	0.00	0.00
GCC	79	28.15	21.90	21.84	28.12	0.00	0.00
GCC	80	28.13	21.92	21.86	28.09	0.00	0.00
GCC	81	28.13	21.92	21.85	28.10	0.00	0.00
GCC	82	28.13	21.92	21.85	28.10	0.00	0.00
GCC	83	28.13	21.91	21.86	28.09	0.00	0.00
GCC	84	28.12	21.92	21.87	28.09	0.00	0.00
GCC	85	28.13	21.92	21.86	28.09	0.00	0.00
GCC	86	28.14	21.91	21.85	28.10	0.00	0.00
GCC	87	28.13	21.91	21.85	28.10	0.00	0.00
GCC	88	28.12	21.93	21.86	28.09	0.00	0.00
GCC	89	28.13	21.92	21.86	28.09	0.00	0.00
GCC	90	28.13	21.92	21.86	28.09	0.00	0.00
GCC	91	28.11	21.94	21.88	28.07	0.00	0.00
GCC	92	28.11	21.93	21.88	28.07	0.00	0.00
GCC	93	28.14	21.91	21.85	28.11	0.00	0.00
GCC	94	28.13	21.92	21.86	28.09	0.00	0.00
GCC	95	28.11	21.94	21.87	28.08	0.00	0.00
GCC	96	28.12	21.93	21.86	28.09	0.00	0.00
GCC	97	28.13	21.93	21.86	28.09	0.00	0.00
GCC	98	28.14	21.91	21.84	28.11	0.00	0.00
GCC	99	28.12	21.92	21.86	28.10	0.00	0.00
GCC	100	28.12	21.93	21.87	28.08	0.00	0.00
GCC	101	28.11	21.93	21.87	28.08	0.00	0.00
GCC	102	28.12	21.93	21.87	28.08	0.00	0.00
GCC	103	28.10	21.95	21.89	28.06	0.00	0.00
GCC	104	28.11	21.93	21.87	28.08	0.00	0.00
GCC	105	28.11	21.94	21.87	28.07	0.00	0.00
GCC	106	28.12	21.94	21.87	28.08	0.00	0.00
GCC	107	28.14	21.91	21.84	28.11	0.00	0.00
GCC	108	28.12	21.93	21.86	28.09	0.00	0.00
GCC	109	28.12	21.94	21.86	28.08	0.00	0.00
GCC	110	28.12	21.93	21.86	28.09	0.00	0.00
GCC	111	28.11	21.94	21.86	28.09	0.00	0.00
GCC	112	28.11	21.94	21.87	28.07	0.00	0.00
GCC	113	28.11	21.95	21.87	28.07	0.00	0.00
GCC	114	28.10	21.95	21.89	28.06	0.00	0.00
GCC	115	28.11	21.95	21.88	28.07	0.00	0.00
GCC	116	28.12	21.93	21.86	28.09	0.00	0.00
GCC	117	28.08	21.97	21.89	28.05	0.00	0.00
GCC	118	28.09	21.96	21.88	28.06	0.00	0.00
GCC	119	28.11	21.94	21.86	28.08	0.00	0.00
GCC	120	28.11	21.95	21.87	28.07	0.00	0.00
GCC	121	28.10	21.95	21.88	28.07	0.00	0.00
GCC	122	28.11	21.95	21.87	28.08	0.00	0.00
GCC	123	28.11	21.96	21.87	28.07	0.00	0.00
GCC	124	28.09	21.97	21.88	28.06	0.00	0.00
GCC	125	28.10	21.96	21.87	28.07	0.00	0.00
GCC	126	28.09	21.97	21.88	28.06	0.00	0.00
GCC	127	28.07	21.99	21.91	28.04	0.00	0.00
GCC	128	28.10	21.96	21.88	28.06	0.00	0.00
GCC	129	28.08	21.97	21.89	28.05	0.00	0.00
GCC	130	28.09	21.96	21.89	28.06	0.00	0.00
GCC	131	28.08	21.98	21.90	28.04	0.00	0.00
GCC	132	28.07	21.98	21.91	28.04	0.00	0.00
GCC	133	28.08	21.98	21.89	28.05	0.00	0.00
GCC	134	28.08	21.98	21.90	28.05	0.00	0.00
GCC	135	28.07	21.98	21.91	28.04	0.00	0.00
GCC	136	28.06	22.00	21.92	28.02	0.00	0.00
GCC	137	28.06	22.00	21.92	28.02	0.00	0.00
GCC	138	28.05	22.00	21.92	28.03	0.00	0.00
GCC	139	28.07	21.99	21.90	28.04	0.00	0.00
GCC	140	28.06	21.99	21.91	28.04	0.00	0.00
GCC	141	28.06	21.99	21.91	28.03	0.00	0.00
GCC	142	28.04	22.00	21.93	28.03	0.00	0.00
GCC	143	28.03	22.00	21.94	28.03	0.00	0.00
GCC	144	28.03	22.01	21.94	28.02	0.00	0.00
GCC	145	28.03	22.02	21.95	28.01	0.00	0.00
GCC	146	28.02	22.02	21.94	28.01	0.00	0.00
GCC	147	28.01	22.03	21.96	28.00	0.00	0.00
GCC	148	28.00	22.04	21.97	27.98	0.00	0.00
GCC	149	28.01	22.03	21.97	27.99	0.00	0.00
GCC	150	28.00	22.04	21.97	27.98	0.03	0.00
# ACGT content per cycle, read oriented. Use `grep ^GCT | cut -f 2-` to extract this part. The columns are: cycle; A,C,G,T base counts as a percentage of all A/C/G/T bases [%]
GCT	1	30.81	22.80	18.58	27.81
GCT	2	30.20	20.02	21.73	28.05
GCT	3	28.83	21.43	21.37	28.37
GCT	4	28.26	21.58	21.51	28.65
GCT	5	28.54	20.65	21.96	28.85
GCT	6	28.56	21.43	22.05	27.95
GCT	7	28.43	20.88	22.31	28.38
GCT	8	28.37	21.41	21.65	28.56
GCT	9	28.12	21.47	21.58	28.83
GCT	10	28.37	21.50	21.76	28.37
GCT	11	28.32	21.53	21.65	28.50
GCT	12	28.48	21.51	21.60	28.42
GCT	13	28.60	21.35	21.63	28.42
GCT	14	28.59	21.34	21.63	28.45
GCT	15	28.53	21.46	21.52	28.48
GCT	16	28.47	21.34	21.67	28.52
GCT	17	28.47	21.44	21.63	28.46
GCT	18	28.41	21.58	21.59	28.42
GCT	19	28.35	21.45	21.66	28.53
GCT	20	28.33	21.56	21.74	28.37
GCT	21	28.43	21.56	21.76	28.25
GCT	22	28.36	21.59	21.73	28.32
GCT	23	28.23	21.71	21.71	28.34
GCT	24	28.35	21.60	21.76	28.29
GCT	25	28.27	21.61	21.84	28.28
GCT	26	28.24	21.68	21.82	28.26
GCT	27	28.24	21.69	21.77	28.30
GCT	28	28.26	21.75	21.80	28.20
GCT	29	28.30	21.70	21.78	28.21
GCT	30	28.23	21.70	21.88	28.19
GCT	31	28.25	21.71	21.88	28.16
GCT	32	28.29	21.74	21.85	28.13
GCT	33	28.28	21.67	21.92	28.13
GCT	34	28.25	21.70	21.96	28.09
GCT	35	28.27	21.70	21.93	28.10
GCT	36	28.25	21.67	21.94	28.13
GCT	37	28.25	21.70	21.98	28.08
GCT	38	28.32	21.68	21.89	28.11
GCT	39	28.29	21.72	21.91	28.08
GCT	40	28.32	21.73	21.92	28.03
GCT	41	28.28	21.74	21.92	28.06
GCT	42	28.20	21.77	21.90	28.14
GCT	43	28.26	21.79	21.90	28.05
GCT	44	28.35	21.74	21.88	28.03
GCT	45	28.24	21.75	21.93	28.09
GCT	46	28.26	21.82	21.90	28.02
GCT	47	28.30	21.75	21.92	28.03
GCT	48	28.26	21.70	21.96	28.08
GCT	49	28.25	21.75	21.95	28.05
GCT	50	28.30	21.69	21.94	28.07
GCT	51	28.28	21.78	21.93	28.00
GCT	52	28.30	21.76	21.93	28.00
GCT	53	28.28	21.73	21.96	28.03
GCT	54	28.27	21.73	21.96	28.04
GCT	55	28.33	21.73	21.94	28.00
GCT	56	28.31	21.74	21.96	27.99
GCT	57	28.27	21.76	21.96	28.01
GCT	58	28.28	21.79	21.96	27.96
GCT	59	28.29	21.74	21.95	28.02
GCT	60	28.27	21.77	21.93	28.03
GCT	61	28.28	21.78	21.94	27.99
GCT	62	28.30	21.72	21.96	28.03
GCT	63	28.29	21.75	21.99	27.97
GCT	64	28.30	21.75	22.00	27.95
GCT	65	28.29	21.73	21.97	28.01
GCT	66	28.29	21.74	22.00	27.97
GCT	67	28.33	21.75	21.97	27.95
GCT	68	28.29	21.75	22.00	27.96
GCT	69	28.26	21.83	21.95	27.96
GCT	70	28.32	21.75	21.94	27.98
GCT	71	28.29	21.70	22.02	27.98
GCT	72	28.27	21.78	21.98	27.97
GCT	73	28.31	21.77	21.96	27.97
GCT	74	28.34	21.76	21.97	27.93
GCT	75	28.34	21.75	21.96	27.94
GCT	76	28.30	21.73	22.00	27.97
GCT	77	28.28	21.73	22.00	27.99
GCT	78	28.29	21.77	21.97	27.97
GCT	79	28.30	21.73	22.01	27.96
GCT	80	28.27	21.73	22.05	27.95
GCT	81	28.30	21.72	22.04	27.93
GCT	82	28.32	21.72	22.05	27.91
GCT	83	28.29	21.74	22.03	27.93
GCT	84	28.27	21.77	22.02	27.94
GCT	85	28.30	21.75	22.03	27.92
GCT	86	28.32	21.77	21.99	27.92
GCT	87	28.27	21.75	22.01	27.97
GCT	88	28.26	21.73	22.06	27.95
GCT	89	28.31	21.74	22.04	27.91
GCT	90	28.29	21.77	22.02	27.92
GCT	91	28.26	21.79	22.03	27.93
GCT	92	28.25	21.79	22.02	27.93
GCT	93	28.30	21.70	22.05	27.94
GCT	94	28.29	21.71	22.07	27.92
GCT	95	28.25	21.77	22.04	27.94
GCT	96	28.29	21.77	22.02	27.93
GCT	97	28.30	21.76	22.02	27.91
GCT	98	28.32	21.74	22.01	27.93
GCT	99	28.26	21.72	22.06	27.96
GCT	100	28.27	21.76	22.03	27.93
GCT	101	28.30	21.77	22.04	27.89
GCT	102	28.29	21.78	22.02	27.91
GCT	103	28.26	21.80	22.04	27.90
GCT	104	28.29	21.76	22.05	27.91
GCT	105	28.29	21.74	22.08	27.89
GCT	106	28.30	21.72	22.08	27.90
GCT	107	28.31	21.68	22.07	27.94
GCT	108	28.29	21.72	22.08	27.92
GCT	109	28.30	21.71	22.09	27.90
GCT	110	28.29	21.72	22.07	27.92
GCT	111	28.29	21.74	22.06	27.91
GCT	112	28.32	21.75	22.07	27.87
GCT	113	28.33	21.77	22.05	27.85
GCT	114	28.29	21.79	22.04	27.87
GCT	115	28.29	21.76	22.06	27.89
GCT	116	28.32	21.69	22.10	27.89
GCT	117	28.27	21.73	22.13	27.87
GCT	118	28.28	21.75	22.10	27.87
GCT	119	28.30	21.73	22.07	27.90
GCT	120	28.29	21.72	22.10	27.90
GCT	121	28.29	21.73	22.10	27.87
GCT	122	28.29	21.72	22.10	27.89
GCT	123	28.27	21.75	22.07	27.91
GCT	124	28.28	21.74	22.11	27.87
GCT	125	28.29	21.73	22.10	27.88
GCT	126	28.26	21.75	22.10	27.89
GCT	127	28.25	21.77	22.12	27.85
GCT	128	28.27	21.72	22.13	27.88
GCT	129	28.27	21.74	22.13	27.87
GCT	130	28.28	21.70	22.15	27.87
GCT	131	28.29	21.74	22.14	27.83
GCT	132	28.26	21.74	22.15	27.85
GCT	133	28.25	21.74	22.13	27.88
GCT	134	28.28	21.76	22.12	27.85
GCT	135	28.28	21.75	22.13	27.84
GCT	136	28.25	21.75	22.18	27.82
GCT	137	28.23	21.74	22.19	27.84
GCT	138	28.24	21.75	22.18	27.84
GCT	139	28.28	21.72	22.17	27.83
GCT	140	28.26	21.68	22.22	27.85
GCT	141	28.24	21.71	22.20	27.85
GCT	142	28.22	21.77	22.15	27.85
GCT	143	28.22	21.79	22.15	27.84
GCT	144	28.20	21.77	22.17	27.85
GCT	145	28.20	21.77	22.19	27.84
GCT	146	28.19	21.79	22.17	27.84
GCT	147	28.17	21.81	22.18	27.84
GCT	148	28.17	21.80	22.21	27.82
GCT	149	28.17	21.76	22.24	27.83
GCT	150	28.20	21.73	22.28	27.79
# ACGT content per cycle for first fragments. Use `grep ^FBC | cut -f 2-` to extract this part. The columns are: cycle; A,C,G,T base counts as a percentage of all A/C/G/T bases [%]; and N and O counts as a percentage of all A/C/G/T bases [%]
FBC	1	29.28	20.71	20.70	29.31	0.00	0.00
FBC	2	29.20	20.79	20.79	29.23	0.00	0.00
FBC	3	28.71	21.27	21.27	28.75	0.01	0.00
FBC	4	28.62	21.37	21.35	28.66	0.00	0.00
FBC	5	28.79	21.20	21.19	28.83	0.00	0.00
FBC	6	28.39	21.60	21.59	28.43	0.00	0.00
FBC	7	28.52	21.46	21.45	28.56	0.00	0.00
FBC	8	28.55	21.44	21.43	28.57	0.00	0.00
FBC	9	28.56	21.43	21.43	28.59	0.00	0.00
FBC	10	28.44	21.55	21.55	28.47	0.00	0.00
FBC	11	28.49	21.50	21.50	28.51	0.00	0.00
FBC	12	28.50	21.48	21.47	28.54	0.00	0.00
FBC	13	28.57	21.43	21.42	28.59	0.00	0.00
FBC	14	28.57	21.42	21.41	28.60	0.00	0.00
FBC	15	28.56	21.43	21.43	28.59	0.00	0.00
FBC	16	28.55	21.44	21.43	28.58	0.00	0.00
FBC	17	28.52	21.48	21.46	28.55	0.00	0.00
FBC	18	28.46	21.54	21.52	28.49	0.00	0.00
FBC	19	28.47	21.52	21.50	28.51	0.00	0.00
FBC	20	28.39	21.60	21.59	28.42	0.00	0.00
FBC	21	28.37	21.62	21.61	28.40	0.00	0.00
FBC	22	28.36	21.63	21.61	28.39	0.00	0.00
FBC	23	28.31	21.67	21.66	28.35	0.00	0.00
FBC	24	28.35	21.64	21.63	28.38	0.00	0.00
FBC	25	28.30	21.68	21.68	28.33	0.00	0.00
FBC	26	28.28	21.70	21.70	28.32	0.00	0.00
FBC	27	28.29	21.69	21.69	28.33	0.00	0.00
FBC	28	28.25	21.74	21.73	28.28	0.00	0.00
FBC	29	28.29	21.71	21.70	28.31	0.00	0.00
FBC	30	28.22	21.76	21.76	28.26	0.00	0.00
FBC	31	28.23	21.76	21.76	28.25	0.00	0.00
FBC	32	28.22	21.76	21.76	28.26	0.00	0.00
FBC	33	28.22	21.77	21.76	28.25	0.01	0.00
FBC	34	28.19	21.80	21.80	28.21	0.00	0.00
FBC	35	28.20	21.79	21.78	28.24	0.00	0.00
FBC	36	28.21	21.78	21.78	28.24	0.00	0.00
FBC	37	28.17	21.82	21.81	28.21	0.00	0.00
FBC	38	28.23	21.76	21.75	28.26	0.00	0.00
FBC	39	28.20	21.80	21.78	28.23	0.00	0.00
FBC	40	28.19	21.80	21.80	28.21	0.00	0.00
FBC	41	28.18	21.80	21.80	28.21	0.04	0.00
FBC	42	28.17	21.81	21.81	28.20	0.00	0.00
FBC	43	28.15	21.82	21.82	28.20	0.00	0.00
FBC	44	28.20	21.80	21.78	28.22	0.00	0.00
FBC	45	28.17	21.82	21.81	28.20	0.00	0.00
FBC	46	28.15	21.84	21.83	28.18	0.00	0.00
FBC	47	28.18	21.82	21.80	28.21	0.00	0.00
FBC	48	28.16	21.81	21.81	28.21	0.00	0.00
FBC	49	28.15	21.84	21.83	28.19	0.00	0.00
FBC	50	28.19	21.80	21.78	28.22	0.00	0.00
FBC	51	28.15	21.84	21.83	28.18	0.00	0.00
FBC	52	28.15	21.83	21.83	28.19	0.00	0.00
FBC	53	28.16	21.83	21.82	28.19	0.00	0.00
FBC	54	28.15	21.83	21.82	28.19	0.00	0.00
FBC	55	28.16	21.82	21.81	28.20	0.00	0.00
FBC	56	28.15	21.83	21.82	28.19	0.00	0.00
FBC	57	28.14	21.85	21.84	28.17	0.00	0.00
FBC	58	28.12	21.87	21.85	28.15	0.00	0.00
FBC	59	28.15	21.83	21.83	28.19	0.00	0.00
FBC	60	28.15	21.84	21.84	28.17	0.00	0.00
FBC	61	28.13	21.85	21.85	28.17	0.01	0.00
FBC	62	28.16	21.83	21.82	28.19	0.00	0.00
FBC	63	28.13	21.86	21.85	28.16	0.00	0.00
FBC	64	28.12	21.86	21.86	28.16	0.00	0.00
FBC	65	28.15	21.83	21.83	28.19	0.00	0.00
FBC	66	28.13	21.86	21.86	28.16	0.00	0.00
FBC	67	28.13	21.85	21.84	28.17	0.00	0.00
FBC	68	28.12	21.86	21.86	28.16	0.00	0.00
FBC	69	28.11	21.88	21.87	28.14	0.00	0.00
FBC	70	28.14	21.85	21.83	28.17	0.00	0.00
FBC	71	28.13	21.85	21.85	28.16	0.00	0.00
FBC	72	28.11	21.87	21.87	28.15	0.00	0.00
FBC	73	28.13	21.86	21.85	28.16	0.00	0.00
FBC	74	28.13	21.86	21.85	28.16	0.00	0.00
FBC	75	28.13	21.86	21.85	28.16	0.00	0.00
FBC	76	28.13	21.86	21.85	28.16	0.00	0.00
FBC	77	28.12	21.86	21.86	28.15	0.00	0.00
FBC	78	28.13	21.87	21.87	28.14	0.00	0.00
FBC	79	28.12	21.87	21.86	28.15	0.00	0.00
FBC	80	28.10	21.89	21.87	28.14	0.00	0.00
FBC	81	28.11	21.88	21.87	28.14	0.00	0.00
FBC	82	28.10	21.88	21.87	28.15	0.00	0.00
FBC	83	28.11	21.88	21.88	28.14	0.00	0.00
FBC	84	28.10	21.88	21.89	28.14	0.00	0.00
FBC	85	28.10	21.89	21.88	28.13	0.00	0.00
FBC	86	28.11	21.88	21.87	28.14	0.00	0.00
FBC	87	28.10	21.88	21.88	28.14	0.00	0.00
FBC	88	28.09	21.90	21.89	28.13	0.00	0.00
FBC	89	28.10	21.89	21.88	28.13	0.00	0.00
FBC	90	28.10	21.89	21.88	28.13	0.00	0.00
FBC	91	28.08	21.91	21.91	28.11	0.00	0.00
FBC	92	28.08	21.90	21.91	28.11	0.00	0.00
FBC	93	28.11	21.88	21.87	28.14	0.00	0.00
FBC	94	28.10	21.89	21.89	28.13	0.00	0.00
FBC	95	28.08	21.90	21.90	28.12	0.00	0.00
FBC	96	28.09	21.89	21.88	28.13	0.00	0.00
FBC	97	28.10	21.90	21.89	28.12	0.00	0.00
FBC	98	28.12	21.88	21.87	28.14	0.00	0.00
FBC	99	28.09	21.89	21.88	28.14	0.00	0.00
FBC	100	28.09	21.90	21.89	28.12	0.00	0.00
FBC	101	28.08	21.90	21.90	28.12	0.00	0.00
FBC	102	28.08	21.90	21.90	28.12	0.00	0.00
FBC	103	28.07	21.92	21.92	28.09	0.00	0.00
FBC	104	28.08	21.90	21.90	28.12	0.00	0.00
FBC	105	28.08	21.91	21.90	28.10	0.00	0.00
FBC	106	28.08	21.91	21.90	28.11	0.00	0.00
FBC	107	28.11	21.88	21.87	28.14	0.00	0.00
FBC	108	28.09	21.90	21.89	28.12	0.00	0.00
FBC	109	28.09	21.90	21.89	28.12	0.00	0.00
FBC	110	28.09	21.90	21.89	28.13	0.00	0.00
FBC	111	28.08	21.91	21.89	28.12	0.00	0.00
FBC	112	28.08	21.91	21.90	28.12	0.00	0.00
FBC	113	28.08	21.92	21.89	28.11	0.00	0.00
FBC	114	28.07	21.92	21.91	28.10	0.00	0.00
FBC	115	28.07	21.92	21.91	28.10	0.00	0.00
FBC	116	28.10	21.89	21.88	28.13	0.00	0.00
FBC	117	28.06	21.93	21.92	28.09	0.00	0.00
FBC	118	28.06	21.93	21.92	28.10	0.00	0.00
FBC	119	28.08	21.91	21.88	28.12	0.00	0.00
FBC	120	28.08	21.92	21.90	28.11	0.00	0.00
FBC	121	28.07	21.92	21.91	28.11	0.00	0.00
FBC	122	28.07	21.92	21.90	28.11	0.00	0.00
FBC	123	28.08	21.92	21.90	28.10	0.00	0.00
FBC	124	28.06	21.93	21.91	28.09	0.00	0.00
FBC	125	28.08	21.92	21.90	28.10	0.00	0.00
FBC	126	28.06	21.93	21.91	28.09	0.00	0.00
FBC	127	28.04	21.95	21.93	28.08	0.00	0.00
FBC	128	28.07	21.93	21.90	28.10	0.00	0.00
FBC	129	28.06	21.93	21.92	28.09	0.00	0.00
FBC	130	28.06	21.93	21.91	28.09	0.00	0.00
FBC	131	28.06	21.94	21.92	28.08	0.00	0.00
FBC	132	28.04	21.95	21.93	28.08	0.00	0.00
FBC	133	28.05	21.94	21.92	28.09	0.00	0.00
FBC	134	28.05	21.94	21.92	28.09	0.00	0.00
FBC	135	28.05	21.94	21.93	28.08	0.00	0.00
FBC	136	28.03	21.96	21.94	28.07	0.00	0.00
FBC	137	28.03	21.96	21.94	28.06	0.00	0.00
FBC	138	28.03	21.96	21.94	28.07	0.00	0.00
FBC	139	28.04	21.95	21.93	28.08	0.00	0.00
FBC	140	28.04	21.95	21.92	28.08	0.00	0.00
FBC	141	28.03	21.96	21.93	28.08	0.00	0.00
FBC	142	28.05	21.95	21.92	28.09	0.00	0.00
FBC	143	28.04	21.95	21.93	28.08	0.00	0.00
FBC	144	28.03	21.96	21.93	28.08	0.00	0.00
FBC	145	28.03	21.97	21.94	28.06	0.00	0.00
FBC	146	28.03	21.96	21.93	28.07	0.00	0.00
FBC	147	28.02	21.98	21.95	28.05	0.00	0.00
FBC	148	28.01	21.99	21.96	28.04	0.00	0.00
FBC	149	28.02	21.97	21.95	28.05	0.00	0.00
FBC	150	28.01	21.99	21.96	28.04	0.00	0.00
# ACGT raw counters for first fragments. Use `grep ^FTC | cut -f 2-` to extract this part. The columns are: A,C,G,T,N base counters
FTC	11006062114	8513687725	8509613582	11019078739	250090
# ACGT content per cycle for last fragments. Use `grep ^LBC | cut -f 2-` to extract this part. The columns are: cycle; A,C,G,T base counts as a percentage of all A/C/G/T bases [%]; and N and O counts as a percentage of all A/C/G/T bases [%]
LBC	1	29.32	20.69	20.66	29.33	0.00	0.00
LBC	2	29.02	20.95	20.98	29.05	0.00	0.00
LBC	3	28.45	21.51	21.55	28.49	0.00	0.00
LBC	4	28.25	21.72	21.74	28.29	0.00	0.00
LBC	5	28.56	21.41	21.42	28.60	0.00	0.00
LBC	6	28.09	21.89	21.89	28.12	0.00	0.00
LBC	7	28.25	21.74	21.73	28.28	0.00	0.00
LBC	8	28.36	21.64	21.62	28.38	0.00	0.00
LBC	9	28.37	21.63	21.60	28.39	0.00	0.00
LBC	10	28.28	21.73	21.70	28.29	0.00	0.00
LBC	11	28.32	21.70	21.66	28.33	0.00	0.00
LBC	12	28.38	21.65	21.60	28.37	0.00	0.00
LBC	13	28.44	21.59	21.53	28.44	0.00	0.00
LBC	14	28.46	21.58	21.52	28.44	0.00	0.00
LBC	15	28.45	21.58	21.53	28.44	0.00	0.00
LBC	16	28.44	21.60	21.54	28.41	0.00	0.00
LBC	17	28.42	21.64	21.56	28.38	0.00	0.00
LBC	18	28.38	21.68	21.59	28.34	0.00	0.00
LBC	19	28.41	21.64	21.56	28.38	0.00	0.00
LBC	20	28.32	21.74	21.66	28.28	0.00	0.00
LBC	21	28.32	21.75	21.66	28.27	0.00	0.00
LBC	22	28.33	21.74	21.66	28.28	0.00	0.00
LBC	23	28.27	21.80	21.72	28.21	0.00	0.00
LBC	24	28.31	21.77	21.67	28.25	0.00	0.00
LBC	25	28.27	21.81	21.72	28.20	0.00	0.00
LBC	26	28.23	21.83	21.75	28.18	0.00	0.00
LBC	27	28.26	21.81	21.73	28.20	0.00	0.00
LBC	28	28.22	21.85	21.77	28.16	0.00	0.00
LBC	29	28.24	21.83	21.74	28.19	0.00	0.00
LBC	30	28.21	21.87	21.78	28.15	0.00	0.00
LBC	31	28.20	21.87	21.78	28.15	0.00	0.00
LBC	32	28.21	21.87	21.79	28.14	0.00	0.00
LBC	33	28.20	21.88	21.78	28.14	0.00	0.00
LBC	34	28.17	21.91	21.81	28.11	0.00	0.00
LBC	35	28.18	21.90	21.80	28.12	0.00	0.00
LBC	36	28.20	21.88	21.79	28.13	0.00	0.00
LBC	37	28.17	21.92	21.82	28.10	0.00	0.00
LBC	38	28.23	21.86	21.77	28.14	0.00	0.00
LBC	39	28.20	21.89	21.79	28.12	0.00	0.00
LBC	40	28.20	21.89	21.80	28.11	0.00	0.00
LBC	41	28.18	21.91	21.81	28.10	0.00	0.00
LBC	42	28.19	21.90	21.80	28.10	0.00	0.00
LBC	43	28.17	21.91	21.82	28.10	0.00	0.00
LBC	44	28.21	21.88	21.78	28.13	0.00	0.00
LBC	45	28.19	21.91	21.81	28.09	0.00	0.00
LBC	46	28.16	21.93	21.83	28.08	0.00	0.00
LBC	47	28.18	21.92	21.81	28.09	0.00	0.00
LBC	48	28.19	21.91	21.80	28.10	0.00	0.00
LBC	49	28.17	21.93	21.82	28.08	0.00	0.00
LBC	50	28.21	21.89	21.78	28.12	0.00	0.00
LBC	51	28.17	21.93	21.82	28.08	0.00	0.00
LBC	52	28.18	21.92	21.81	28.09	0.00	0.00
LBC	53	28.18	21.91	21.81	28.09	0.00	0.00
LBC	54	28.18	21.92	21.80	28.09	0.00	0.00
LBC	55	28.20	21.91	21.80	28.10	0.00	0.00
LBC	56	28.18	21.92	21.81	28.09	0.00	0.00
LBC	57	28.17	21.94	21.82	28.07	0.00	0.00
LBC	58	28.15	21.95	21.84	28.06	0.00	0.00
LBC	59	28.19	21.92	21.81	28.09	0.00	0.00
LBC	60	28.17	21.92	21.81	28.09	0.00	0.00
LBC	61	28.17	21.93	21.82	28.08	0.00	0.00
LBC	62	28.19	21.91	21.80	28.10	0.00	0.00
LBC	63	28.16	21.94	21.83	28.07	0.00	0.00
LBC	64	28.16	21.94	21.83	28.07	0.00	0.00
LBC	65	28.18	21.92	21.82	28.08	0.00	0.00
LBC	66	28.18	21.93	21.82	28.07	0.00	0.00
LBC	67	28.18	21.92	21.81	28.08	0.00	0.00
LBC	68	28.16	21.94	21.84	28.06	0.00	0.00
LBC	69	28.16	21.95	21.84	28.05	0.00	0.00
LBC	70	28.19	21.91	21.80	28.09	0.00	0.00
LBC	71	28.17	21.93	21.82	28.08	0.00	0.00
LBC	72	28.17	21.93	21.83	28.06	0.00	0.00
LBC	73	28.18	21.93	21.82	28.08	0.00	0.00
LBC	74	28.17	21.93	21.81	28.08	0.00	0.00
LBC	75	28.18	21.92	21.82	28.08	0.00	0.00
LBC	76	28.17	21.93	21.82	28.08	0.00	0.00
LBC	77	28.18	21.94	21.81	28.07	0.00	0.00
LBC	78	28.18	21.93	21.82	28.07	0.00	0.00
LBC	79	28.17	21.93	21.82	28.08	0.00	0.00
LBC	80	28.15	21.96	21.84	28.05	0.00	0.00
LBC	81	28.16	21.95	21.83	28.06	0.00	0.00
LBC	82	28.16	21.95	21.84	28.05	0.00	0.00
LBC	83	28.15	21.95	21.85	28.05	0.00	0.00
LBC	84	28.15	21.96	21.85	28.05	0.00	0.00
LBC	85	28.16	21.95	21.84	28.05	0.00	0.00
LBC	86	28.16	21.95	21.83	28.06	0.00	0.00
LBC	87	28.16	21.94	21.83	28.07	0.00	0.00
LBC	88	28.15	21.96	21.84	28.06	0.00	0.00
LBC	89	28.15	21.96	21.84	28.06	0.00	0.00
LBC	90	28.16	21.95	21.84	28.05	0.00	0.00
LBC	91	28.15	21.97	21.85	28.04	0.00	0.00
LBC	92	28.14	21.97	21.85	28.04	0.00	0.00
LBC	93	28.16	21.94	21.82	28.07	0.00	0.00
LBC	94	28.16	21.95	21.84	28.05	0.00	0.00
LBC	95	28.14	21.98	21.85	28.04	0.00	0.00
LBC	96	28.15	21.96	21.83	28.05	0.00	0.00
LBC	97	28.16	21.95	21.83	28.06	0.00	0.00
LBC	98	28.17	21.94	21.82	28.07	0.00	0.00
LBC	99	28.15	21.96	21.83	28.06	0.00	0.00
LBC	100	28.15	21.96	21.84	28.05	0.00	0.00
LBC	101	28.14	21.96	21.84	28.05	0.00	0.00
LBC	102	28.15	21.96	21.84	28.05	0.00	0.00
LBC	103	28.13	21.98	21.85	28.03	0.00	0.00
LBC	104	28.15	21.97	21.84	28.05	0.00	0.00
LBC	105	28.14	21.97	21.85	28.04	0.00	0.00
LBC	106	28.15	21.97	21.84	28.04	0.00	0.00
LBC	107	28.17	21.94	21.82	28.07	0.00	0.00
LBC	108	28.15	21.97	21.83	28.06	0.00	0.00
LBC	109	28.14	21.97	21.84	28.05	0.00	0.00
LBC	110	28.15	21.97	21.83	28.05	0.00	0.00
LBC	111	28.15	21.97	21.83	28.05	0.00	0.00
LBC	112	28.14	21.98	21.84	28.03	0.00	0.00
LBC	113	28.14	21.98	21.85	28.03	0.00	0.00
LBC	114	28.13	21.98	21.86	28.03	0.00	0.00
LBC	115	28.14	21.98	21.84	28.04	0.00	0.00
LBC	116	28.15	21.97	21.83	28.05	0.00	0.00
LBC	117	28.11	22.01	21.86	28.02	0.00	0.00
LBC	118	28.12	22.00	21.85	28.03	0.00	0.00
LBC	119	28.14	21.98	21.84	28.04	0.00	0.00
LBC	120	28.15	21.98	21.84	28.04	0.00	0.00
LBC	121	28.13	21.99	21.85	28.03	0.00	0.00
LBC	122	28.14	21.98	21.84	28.04	0.00	0.00
LBC	123	28.14	21.99	21.84	28.04	0.00	0.00
LBC	124	28.13	22.00	21.85	28.03	0.00	0.00
LBC	125	28.13	22.00	21.84	28.03	0.00	0.00
LBC	126	28.12	22.00	21.86	28.02	0.00	0.00
LBC	127	28.10	22.02	21.88	28.00	0.00	0.00
LBC	128	28.12	22.00	21.86	28.02	0.00	0.00
LBC	129	28.11	22.01	21.87	28.02	0.00	0.00
LBC	130	28.12	22.00	21.86	28.02	0.00	0.00
LBC	131	28.10	22.02	21.88	28.00	0.00	0.00
LBC	132	28.10	22.02	21.88	28.00	0.00	0.00
LBC	133	28.11	22.02	21.87	28.01	0.00	0.00
LBC	134	28.10	22.02	21.88	28.00	0.00	0.00
LBC	135	28.10	22.02	21.88	28.00	0.00	0.00
LBC	136	28.08	22.04	21.90	27.98	0.00	0.00
LBC	137	28.08	22.04	21.91	27.97	0.00	0.00
LBC	138	28.08	22.04	21.90	27.98	0.00	0.00
LBC	139	28.09	22.02	21.88	28.00	0.00	0.00
LBC	140	28.08	22.03	21.89	27.99	0.00	0.00
LBC	141	28.08	22.03	21.90	27.98	0.00	0.00
LBC	142	28.03	22.10	21.95	27.93	0.00	0.00
LBC	143	28.02	22.10	21.96	27.93	0.00	0.00
LBC	144	28.02	22.10	21.95	27.93	0.00	0.00
LBC	145	28.02	22.10	21.96	27.92	0.00	0.00
LBC	146	28.01	22.12	21.96	27.91	0.00	0.00
LBC	147	28.00	22.13	21.98	27.90	0.00	0.00
LBC	148	27.99	22.14	21.99	27.88	0.00	0.00
LBC	149	27.99	22.13	21.99	27.89	0.00	0.00
LBC	150	27.99	22.14	21.99	27.89	0.08	0.00
# ACGT raw counters for last fragments. Use `grep ^LTC | cut -f 2-` to extract this part. The columns are: A,C,G,T,N base counters
LTC	10727088107	8329526883	8288912375	10697167960	147979
# Insert sizes. Use `grep ^IS | cut -f 2-` to extract this part. The columns are: insert size, pairs total, inward oriented pairs, outward oriented pairs, other pairs
IS	0	3280	0	38	3242
IS	1	866	0	46	820
IS	2	577	0	357	220
IS	3	504	0	377	127
IS	4	453	0	397	56
IS	5	454	0	376	78
IS	6	410	0	365	45
IS	7	409	0	372	37
IS	8	475	0	442	33
IS	9	491	0	451	40
IS	10	428	0	407	21
IS	11	464	0	425	39
IS	12	481	0	453	28
IS	13	433	0	396	37
IS	14	463	0	428	35
IS	15	429	0	408	21
IS	16	459	0	428	31
IS	17	509	0	463	46
IS	18	509	0	492	17
IS	19	3480	1372	2091	17
IS	20	2687	1107	1564	16
IS	21	1783	685	1082	16
IS	22	1184	377	792	15
IS	23	883	200	666	17
IS	24	816	171	626	19
IS	25	896	200	685	11
IS	26	866	207	649	10
IS	27	917	219	684	14
IS	28	937	260	665	12
IS	29	982	252	716	14
IS	30	884	251	620	13
IS	31	1016	289	711	16
IS	32	977	269	697	11
IS	33	1083	291	779	13
IS	34	1109	348	739	22
IS	35	1112	353	749	10
IS	36	1211	363	832	16
IS	37	1227	403	811	13
IS	38	1327	435	878	14
IS	39	1460	517	927	16
IS	40	1585	548	1014	23
IS	41	1775	615	1135	25
IS	42	1898	691	1182	25
IS	43	2053	780	1248	25
IS	44	2251	867	1355	29
IS	45	2266	903	1342	21
IS	46	2284	932	1345	7
IS	47	2358	917	1425	16
IS	48	2597	1063	1517	17
IS	49	2795	1088	1683	24
IS	50	2815	1117	1675	23
IS	51	2949	1195	1726	28
IS	52	3170	1297	1842	31
IS	53	3211	1307	1881	23
IS	54	3528	1489	1985	54
IS	55	3778	1519	2170	89
IS	56	3723	1547	2130	46
IS	57	3754	1588	2152	14
IS	58	3920	1633	2275	12
IS	59	3873	1608	2255	10
IS	60	3940	1728	2203	9
IS	61	4171	1840	2322	9
IS	62	4276	1849	2416	11
IS	63	4315	1835	2465	15
IS	64	4338	1845	2476	17
IS	65	4578	1980	2585	13
IS	66	4483	1911	2559	13
IS	67	4502	2033	2451	18
IS	68	4608	2006	2591	11
IS	69	4706	2042	2650	14
IS	70	4873	2160	2702	11
IS	71	4799	2116	2669	14
IS	72	4869	2188	2672	9
IS	73	4963	2285	2670	8
IS	74	4890	2162	2719	9
IS	75	4948	2222	2720	6
IS	76	4964	2263	2695	6
IS	77	5100	2321	2773	6
IS	78	4984	2356	2617	11
IS	79	5301	2477	2815	9
IS	80	5154	2418	2728	8
IS	81	5186	2429	2746	11
IS	82	5440	2550	2879	11
IS	83	5291	2518	2770	3
IS	84	5431	2608	2816	7
IS	85	5278	2475	2787	16
IS	86	5326	2455	2862	9
IS	87	5438	2623	2804	11
IS	88	5426	2570	2846	10
IS	89	5470	2534	2926	10
IS	90	5706	2660	3034	12
IS	91	5911	2843	3066	2
IS	92	5765	2749	3009	7
IS	93	5667	2731	2927	9
IS	94	5725	2761	2959	5
IS	95	5665	2670	2989	6
IS	96	5732	2742	2985	5
IS	97	5578	2667	2903	8
IS	98	5764	2837	2920	7
IS	99	5824	2846	2970	8
IS	100	5811	2838	2963	10
IS	101	5823	2883	2926	14
IS	102	5708	2799	2902	7
IS	103	5742	2815	2913	14
IS	104	5682	2796	2879	7
IS	105	5620	2706	2904	10
IS	106	5619	2799	2815	5
IS	107	5726	2784	2936	6
IS	108	5868	2864	2989	15
IS	109	5681	2811	2860	10
IS	110	5809	2892	2910	7
IS	111	5677	2888	2778	11
IS	112	5708	2790	2905	13
IS	113	5855	2882	2964	9
IS	114	5754	2833	2916	5
IS	115	5720	2883	2826	11
IS	116	5683	2828	2836	19
IS	117	5807	2867	2933	7
IS	118	6114	3048	3056	10
IS	119	5961	2953	3000	8
IS	120	6211	3097	3096	18
IS	121	6235	3171	3050	14
IS	122	6253	3177	3069	7
IS	123	6328	3199	3121	8
IS	124	6553	3306	3239	8
IS	125	6643	3378	3250	15
IS	126	6620	3344	3263	13
IS	127	6742	3413	3311	18
IS	128	6769	3374	3378	17
IS	129	6816	3424	3375	17
IS	130	6946	3530	3403	13
IS	131	6993	3535	3429	29
IS	132	7069	3560	3492	17
IS	133	6995	3548	3436	11
IS	134	7271	3665	3597	9
IS	135	7443	3746	3691	6
IS	136	7253	3634	3611	8
IS	137	7520	3741	3760	19
IS	138	7611	3682	3918	11
IS	139	7735	3730	3996	9
IS	140	7746	3221	4512	13
IS	141	7893	4423	3457	13
IS	142	7922	4300	3614	8
IS	143	8132	4476	3645	11
IS	144	8219	4449	3758	12
IS	145	8528	4681	3838	9
IS	146	8646	4594	4039	13
IS	147	8707	4572	4124	11
IS	148	8940	4639	4283	18
IS	149	9183	3794	5378	11
IS	150	9411	5652	3744	15
IS	151	9449	9321	113	15
IS	152	9375	9291	69	15
IS	153	9886	9847	29	10
IS	154	10005	9957	38	10
IS	155	10061	10023	22	16
IS	156	10414	10385	20	9
IS	157	10484	10453	24	7
IS	158	10818	10783	16	19
IS	159	11111	11082	21	8
IS	160	11258	11223	16	19
IS	161	11534	11503	20	11
IS	162	11930	11900	13	17
IS	163	12549	12512	21	16
IS	164	12616	12591	14	11
IS	165	12805	12773	13	19
IS	166	13142	13117	13	12
IS	167	13719	13692	17	10
IS	168	13821	13793	16	12
IS	169	14454	14430	15	9
IS	170	14420	14391	17	12
IS	171	14798	14774	13	11
IS	172	15278	15256	13	9
IS	173	15689	15665	9	15
IS	174	16144	16121	9	14
IS	175	16353	16329	12	12
IS	176	16945	16923	9	13
IS	177	17525	17497	11	17
IS	178	17973	17958	8	7
IS	179	18481	18460	7	14
IS	180	18827	18797	10	20
IS	181	19684	19659	10	15
IS	182	20215	20195	10	10
IS	183	20589	20564	4	21
IS	184	21740	21711	12	17
IS	185	21482	21462	6	14
IS	186	22430	22409	7	14
IS	187	23906	23883	10	13
IS	188	24484	24461	7	16
IS	189	24906	24875	14	17
IS	190	25749	25722	14	13
IS	191	26477	26455	9	13
IS	192	27494	27470	9	15
IS	193	27933	27913	5	15
IS	194	29422	29404	2	16
IS	195	30092	30063	9	20
IS	196	30808	30778	9	21
IS	197	32223	32203	6	14
IS	198	32883	32859	10	14
IS	199	34064	34037	12	15
IS	200	35316	35295	7	14
IS	201	36561	36534	4	23
IS	202	38034	38007	6	21
IS	203	38769	38750	11	8
IS	204	40114	40088	7	19
IS	205	41175	41151	8	16
IS	206	42587	42564	8	15
IS	207	43620	43590	10	20
IS	208	45734	45714	4	16
IS	209	46937	46917	8	12
IS	210	48001	47968	8	25
IS	211	50116	50099	11	6
IS	212	51660	51637	6	17
IS	213	52465	52437	10	18
IS	214	54168	54137	8	23
IS	215	56180	56142	13	25
IS	216	57792	57766	8	18
IS	217	59341	59311	14	16
IS	218	62287	62265	9	13
IS	219	64170	64148	9	13
IS	220	65456	65428	9	19
IS	221	67846	67818	7	21
IS	222	69381	69357	4	20
IS	223	72178	72150	4	24
IS	224	74184	74161	6	17
IS	225	75983	75959	10	14
IS	226	78847	78825	10	12
IS	227	81163	81133	8	22
IS	228	83949	83928	9	12
IS	229	85914	85889	12	13
IS	230	89245	89216	6	23
IS	231	91642	91621	11	10
IS	232	93946	93926	8	12
IS	233	96634	96605	9	20
IS	234	99224	99198	12	14
IS	235	102812	102800	3	9
IS	236	105466	105443	7	16
IS	237	108292	108260	10	22
IS	238	113042	113027	2	13
IS	239	116158	116123	11	24
IS	240	118817	118792	14	11
IS	241	122805	122782	6	17
IS	242	126068	126041	7	20
IS	243	129357	129332	7	18
IS	244	132359	132333	12	14
IS	245	136771	136746	3	22
IS	246	141281	141255	5	21
IS	247	144347	144321	9	17
IS	248	149364	149328	8	28
IS	249	153843	153824	5	14
IS	250	158614	158584	12	18
IS	251	163452	163428	1	23
IS	252	167802	167773	8	21
IS	253	171539	171523	2	14
IS	254	176218	176199	8	11
IS	255	181317	181292	12	13
IS	256	186277	186241	9	27
IS	257	192231	192211	9	11
IS	258	196874	196853	6	15
IS	259	201879	201850	9	20
IS	260	207562	207538	7	17
IS	261	213244	213219	11	14
IS	262	219649	219627	7	15
IS	263	224899	224866	12	21
IS	264	229244	229216	7	21
IS	265	237346	237321	8	17
IS	266	242248	242223	8	17
IS	267	248317	248293	2	22
IS	268	255174	255142	14	18
IS	269	261496	261470	7	19
IS	270	269605	269577	13	15
IS	271	276221	276197	11	13
IS	272	283215	283189	14	12
IS	273	290691	290666	8	17
IS	274	297556	297529	11	16
IS	275	303662	303632	11	19
IS	276	311771	311751	4	16
IS	277	318722	318686	11	25
IS	278	324737	324713	9	15
IS	279	334167	334149	5	13
IS	280	342839	342822	4	13
IS	281	352075	352054	7	14
IS	282	361526	361499	9	18
IS	283	369703	369675	6	22
IS	284	378278	378254	9	15
IS	285	385581	385551	10	20
IS	286	392428	392398	7	23
IS	287	401907	401894	6	7
IS	288	409529	409490	12	27
IS	289	420157	420135	3	19
IS	290	430775	430751	5	19
IS	291	439156	439130	6	20
IS	292	450165	450141	8	16
IS	293	461403	461384	7	12
IS	294	470389	470362	6	21
IS	295	480643	480625	5	13
IS	296	488486	488466	4	16
IS	297	496811	496779	5	27
IS	298	506700	506682	5	13
IS	299	518537	518507	12	18
IS	300	528278	528257	10	11
IS	301	540863	540845	5	13
IS	302	552010	551984	9	17
IS	303	562877	562857	5	15
IS	304	574343	574319	5	19
IS	305	584176	584161	1	14
IS	306	592813	592793	4	16
IS	307	602565	602541	6	18
IS	308	612779	612755	10	14
IS	309	623078	623053	5	20
IS	310	636373	636349	7	17
IS	311	648373	648337	9	27
IS	312	660657	660624	7	26
IS	313	673573	673557	1	15
IS	314	685944	685911	18	15
IS	315	699173	699135	18	20
IS	316	708446	708419	11	16
IS	317	715897	715862	13	22
IS	318	728015	727990	5	20
IS	319	737509	737490	9	10
IS	320	749587	749549	12	26
IS	321	761448	761415	12	21
IS	322	774902	774878	10	14
IS	323	784418	784392	6	20
IS	324	796648	796624	9	15
IS	325	807487	807459	7	21
IS	326	818368	818355	7	6
IS	327	826474	826452	7	15
IS	328	835600	835567	11	22
IS	329	845700	845675	10	15
IS	330	855678	855647	4	27
IS	331	866317	866291	10	16
IS	332	877124	877097	6	21
IS	333	889562	889538	15	9
IS	334	900666	900646	8	12
IS	335	911196	911179	6	11
IS	336	919867	919848	5	14
IS	337	928957	928927	2	28
IS	338	935700	935666	8	26
IS	339	944324	944302	7	15
IS	340	952111	952090	5	16
IS	341	960746	960726	4	16
IS	342	972064	972038	3	23
IS	343	983268	983245	3	20
IS	344	992572	992547	8	17
IS	345	999955	999941	3	11
IS	346	1009634	1009608	12	14
IS	347	1017364	1017348	3	13
IS	348	1020854	1020832	4	18
IS	349	1029053	1029027	6	20
IS	350	1033636	1033611	4	21
IS	351	1039228	1039219	4	5
IS	352	1048179	1048156	7	16
IS	353	1056702	1056672	5	25
IS	354	1063581	1063560	4	17
IS	355	1075025	1074975	10	40
IS	356	1079881	1079809	3	69
IS	357	1083466	1083426	2	38
IS	358	1088451	1088419	8	24
IS	359	1093051	1093030	4	17
IS	360	1095126	1095089	6	31
IS	361	1101171	1101144	9	18
IS	362	1104830	1104807	7	16
IS	363	1111071	1111044	8	19
IS	364	1118564	1118544	4	16
IS	365	1124071	1124054	4	13
IS	366	1128666	1128638	16	12
IS	367	1132788	1132771	7	10
IS	368	1135314	1135296	7	11
IS	369	1135522	1135503	5	14
IS	370	1135881	1135860	9	12
IS	371	1138597	1138573	3	21
IS	372	1143240	1143211	6	23
IS	373	1144798	1144777	4	17
IS	374	1149905	1149878	6	21
IS	375	1154978	1154959	3	16
IS	376	1156987	1156970	4	13
IS	377	1161141	1161119	10	12
IS	378	1160527	1160511	7	9
IS	379	1160969	1160947	4	18
IS	380	1159440	1159420	3	17
IS	381	1159400	1159384	7	9
IS	382	1159688	1159663	8	17
IS	383	1161154	1161136	10	8
IS	384	1162675	1162651	7	17
IS	385	1166087	1166059	15	13
IS	386	1164041	1164021	3	17
IS	387	1164451	1164418	10	23
IS	388	1167797	1167777	5	15
IS	389	1166478	1166450	10	18
IS	390	1163888	1163861	6	21
IS	391	1159946	1159920	5	21
IS	392	1157699	1157672	3	24
IS	393	1157780	1157750	6	24
IS	394	1156619	1156598	4	17
IS	395	1155650	1155622	8	20
IS	396	1157415	1157396	6	13
IS	397	1157345	1157321	6	18
IS	398	1155480	1155445	8	27
IS	399	1154480	1154458	6	16
IS	400	1149766	1149743	4	19
IS	401	1146845	1146824	5	16
IS	402	1143884	1143864	3	17
IS	403	1143541	1143519	8	14
IS	404	1137765	1137742	4	19
IS	405	1138106	1138078	8	20
IS	406	1134125	1134099	5	21
IS	407	1134631	1134607	7	17
IS	408	1131600	1131584	4	12
IS	409	1130158	1130135	10	13
IS	410	1125749	1125732	3	14
IS	411	1119519	1119500	6	13
IS	412	1115337	1115314	8	15
IS	413	1110747	1110721	7	19
IS	414	1106895	1106878	3	14
IS	415	1104388	1104366	7	15
IS	416	1104020	1103999	9	12
IS	417	1100397	1100371	8	18
IS	418	1097232	1097189	9	34
IS	419	1092070	1091987	11	72
IS	420	1088761	1088659	10	92
IS	421	1082154	1082107	6	41
IS	422	1077745	1077705	8	32
IS	423	1072224	1072199	8	17
IS	424	1064496	1064471	4	21
IS	425	1062583	1062550	5	28
IS	426	1059462	1059435	3	24
IS	427	1057842	1057807	8	27
IS	428	1051708	1051684	4	20
IS	429	1048781	1048760	9	12
IS	430	1042392	1042369	7	16
IS	431	1035554	1035533	5	16
IS	432	1029051	1029027	9	15
IS	433	1022861	1022836	5	20
IS	434	1016962	1016949	5	8
IS	435	1010324	1010304	4	16
IS	436	1008421	1008401	13	7
IS	437	1002987	1002969	9	9
IS	438	999718	999703	4	11
IS	439	994216	994198	7	11
IS	440	988686	988663	7	16
IS	441	983330	983305	11	14
IS	442	977651	977634	8	9
IS	443	969075	969060	6	9
IS	444	963108	963082	8	18
IS	445	958271	958255	5	11
IS	446	951845	951822	7	16
IS	447	945981	945962	4	15
IS	448	941697	941671	8	18
IS	449	936981	936954	5	22
IS	450	932685	932666	8	11
IS	451	924676	924657	9	10
IS	452	918219	918202	7	10
IS	453	912656	912639	7	10
IS	454	904679	904662	5	12
IS	455	897162	897139	11	12
IS	456	892295	892279	8	8
IS	457	887207	887191	7	9
IS	458	878832	878820	4	8
IS	459	875591	875566	11	14
IS	460	868681	868669	4	8
IS	461	863406	863378	8	20
IS	462	856015	855992	8	15
IS	463	849851	849829	15	7
IS	464	841037	841019	10	8
IS	465	834490	834473	5	12
IS	466	828681	828666	7	8
IS	467	824627	824600	13	14
IS	468	818158	818142	5	11
IS	469	810545	810530	7	8
IS	470	807705	807693	6	6
IS	471	799867	799848	10	9
IS	472	794200	794174	12	14
IS	473	785270	785257	5	8
IS	474	780750	780731	10	9
IS	475	772077	772064	4	9
IS	476	765749	765728	11	10
IS	477	758622	758606	8	8
IS	478	752605	752592	7	6
IS	479	746230	746217	7	6
IS	480	741218	741200	4	14
IS	481	735749	735733	6	10
IS	482	729554	729537	8	9
IS	483	724113	724090	9	14
IS	484	714718	714702	10	6
IS	485	705754	705732	4	18
IS	486	701182	701127	4	51
IS	487	695642	695574	6	62
IS	488	688701	688662	9	30
IS	489	682888	682862	5	21
IS	490	675569	675546	7	16
IS	491	670884	670864	9	11
IS	492	663951	663917	8	26
IS	493	659540	659529	2	9
IS	494	650530	650519	4	7
IS	495	644097	644073	8	16
IS	496	636964	636940	6	18
IS	497	630757	630739	7	11
IS	498	624705	624682	5	18
IS	499	616720	616697	10	13
IS	500	612604	612585	8	11
IS	501	607537	607525	1	11
IS	502	600173	600159	3	11
IS	503	594841	594828	5	8
IS	504	587634	587618	5	11
IS	505	582356	582342	9	5
IS	506	573383	573368	6	9
IS	507	567202	567187	9	6
IS	508	561586	561579	6	1
IS	509	555012	554996	7	9
IS	510	549982	549966	9	7
IS	511	542752	542743	1	8
IS	512	537294	537275	6	13
IS	513	530116	530096	10	10
IS	514	525129	525106	12	11
IS	515	517441	517421	8	12
IS	516	511581	511568	7	6
IS	517	504761	504749	8	4
IS	518	495991	495971	9	11
IS	519	493039	493017	14	8
IS	520	485636	485628	6	2
IS	521	478976	478956	10	10
IS	522	472506	472489	9	8
IS	523	466799	466787	8	4
IS	524	462391	462377	7	7
IS	525	455884	455868	8	8
IS	526	449372	449349	15	8
IS	527	442064	442049	7	8
IS	528	435876	435860	9	7
IS	529	432037	432020	10	7
IS	530	425385	425367	9	9
IS	531	419181	419168	7	6
IS	532	415248	415227	12	9
IS	533	411402	411387	14	1
IS	534	404719	404707	8	4
IS	535	400595	400579	7	9
IS	536	394467	394450	10	7
IS	537	388849	388837	5	7
IS	538	385675	385655	11	9
IS	539	378083	378069	7	7
IS	540	374599	374582	11	6
IS	541	369059	369050	6	3
IS	542	363449	363436	11	2
IS	543	361536	361525	6	5
IS	544	354210	354192	11	7
IS	545	350835	350826	4	5
IS	546	345766	345757	4	5
IS	547	341013	340996	13	4
IS	548	335880	335862	6	12
IS	549	330918	330902	9	7
IS	550	327176	327155	15	6
IS	551	323697	323687	5	5
IS	552	318416	318392	12	12
IS	553	313363	313350	5	8
IS	554	310303	310294	6	3
IS	555	306245	306226	6	13
IS	556	301025	301004	14	7
IS	557	297365	297343	11	11
IS	558	292126	292109	9	8
IS	559	287772	287752	6	14
IS	560	283987	283973	7	7
IS	561	280371	280359	6	6
IS	562	276243	276221	10	12
IS	563	273334	273310	11	13
IS	564	268083	268070	7	6
IS	565	264918	264904	10	4
IS	566	260415	260400	10	5
IS	567	257806	257787	9	10
IS	568	254106	254088	9	9
IS	569	249298	249279	12	7
IS	570	245682	245674	7	1
IS	571	242584	242568	5	11
IS	572	239071	239058	5	8
IS	573	233979	233968	7	4
IS	574	231666	231649	9	8
IS	575	227857	227847	7	3
IS	576	224868	224851	5	12
IS	577	220121	220109	8	4
IS	578	217557	217547	7	3
IS	579	214228	214216	6	6
IS	580	209487	209469	9	9
IS	581	207083	207073	4	6
IS	582	203671	203658	3	10
IS	583	200362	200343	12	7
IS	584	197143	197120	9	14
IS	585	193124	193109	9	6
IS	586	190961	190948	7	6
IS	587	187602	187585	8	9
IS	588	185102	185084	6	12
IS	589	182071	182061	5	5
IS	590	178215	178197	8	10
IS	591	175814	175799	8	7
IS	592	172142	172128	10	4
IS	593	168773	168768	3	2
IS	594	166592	166580	5	7
IS	595	164540	164531	7	2
IS	596	161583	161575	7	1
IS	597	159050	159034	8	8
IS	598	157149	157139	8	2
IS	599	154515	154502	4	9
IS	600	151351	151336	8	7
IS	601	149319	149310	3	6
IS	602	147197	147180	9	8
IS	603	144492	144479	9	4
IS	604	141677	141665	6	6
IS	605	139517	139499	9	9
IS	606	137757	137745	6	6
IS	607	135986	135977	5	4
IS	608	134129	134119	4	6
IS	609	131975	131958	8	9
IS	610	128888	128878	6	4
IS	611	126734	126721	9	4
IS	612	124414	124396	7	11
IS	613	122663	122642	9	12
IS	614	120997	120986	8	3
IS	615	118772	118760	4	8
IS	616	116767	116751	9	7
IS	617	115784	115774	3	7
IS	618	113574	113564	7	3
IS	619	111177	111162	6	9
IS	620	109664	109646	7	11
IS	621	108353	108350	2	1
IS	622	106262	106246	6	10
IS	623	104686	104674	8	4
IS	624	101912	101888	13	11
IS	625	101493	101480	3	10
IS	626	99229	99221	5	3
IS	627	97422	97409	8	5
IS	628	96416	96401	6	9
IS	629	93999	93980	8	11
IS	630	92523	92517	3	3
IS	631	91077	91073	1	3
IS	632	90005	89985	5	15
IS	633	87812	87802	2	8
IS	634	87096	87087	2	7
IS	635	85232	85217	8	7
IS	636	84006	83985	13	8
IS	637	82579	82565	5	9
IS	638	81861	81848	6	7
IS	639	79616	79605	2	9
IS	640	78018	77999	9	10
IS	641	77385	77378	1	6
IS	642	76062	76043	11	8
IS	643	74870	74859	6	5
IS	644	73620	73607	6	7
IS	645	72074	72060	6	8
IS	646	71292	71279	7	6
IS	647	69824	69812	5	7
IS	648	68947	68937	6	4
IS	649	67857	67833	13	11
IS	650	66806	66790	6	10
IS	651	65519	65511	6	2
IS	652	64482	64472	6	4
IS	653	62999	62992	5	2
IS	654	62340	62334	3	3
IS	655	61373	61364	5	4
IS	656	60090	60078	3	9
IS	657	59039	59028	1	10
IS	658	58426	58401	1	24
IS	659	57448	57434	7	7
IS	660	56933	56923	4	6
IS	661	55675	55664	7	4
IS	662	55038	55029	7	2
IS	663	53351	53341	4	6
IS	664	52668	52650	6	12
IS	665	51951	51939	5	7
IS	666	51084	51077	3	4
IS	667	50569	50551	7	11
IS	668	49599	49584	7	8
IS	669	48707	48696	4	7
IS	670	47987	47978	1	8
IS	671	47488	47479	7	2
IS	672	47243	47231	2	10
IS	673	46425	46414	4	7
IS	674	45257	45247	6	4
IS	675	44665	44647	6	12
IS	676	43749	43741	2	6
IS	677	42787	42779	4	4
IS	678	42557	42546	3	8
IS	679	41308	41295	6	7
IS	680	41194	41191	2	1
IS	681	39834	39826	3	5
IS	682	39905	39893	7	5
IS	683	38840	38822	8	10
IS	684	38398	38383	8	7
IS	685	37719	37706	3	10
IS	686	37202	37196	4	2
IS	687	36795	36782	3	10
IS	688	36077	36058	6	13
IS	689	35549	35541	3	5
IS	690	35031	35021	7	3
IS	691	34346	34337	9	0
IS	692	33684	33665	8	11
IS	693	33765	33759	0	6
IS	694	32152	32145	3	4
IS	695	32353	32344	4	5
IS	696	31879	31869	3	7
IS	697	31258	31246	3	9
IS	698	30922	30916	3	3
IS	699	30788	30774	4	10
IS	700	30093	30082	5	6
IS	701	29486	29475	5	6
IS	702	28943	28931	5	7
IS	703	28654	28636	9	9
IS	704	28484	28468	4	12
IS	705	27474	27465	4	5
# Read lengths. Use `grep ^RL | cut -f 2-` to extract this part. The columns are: read length, count
RL	141	111854794
RL	150	408800064
# Read lengths - first fragments. Use `grep ^FRL | cut -f 2-` to extract this part. The columns are: read length, count
FRL	150	260324615
# Read lengths - last fragments. Use `grep ^LRL | cut -f 2-` to extract this part. The columns are: read length, count
LRL	141	111854794
LRL	150	148475449
# Mapping qualities for reads !(UNMAP|SECOND|SUPPL|QCFAIL|DUP). Use `grep ^MAPQ | cut -f 2-` to extract this part. The columns are: mapq, count
MAPQ	0	57371066
MAPQ	1	432336
MAPQ	2	329703
MAPQ	3	414972
MAPQ	4	341660
MAPQ	5	329000
MAPQ	6	402069
MAPQ	7	434330
MAPQ	8	536762
MAPQ	9	493718
MAPQ	10	420562
MAPQ	11	414427
MAPQ	12	801198
MAPQ	13	817354
MAPQ	14	676960
MAPQ	15	536982
MAPQ	16	364226
MAPQ	17	400166
MAPQ	18	301234
MAPQ	19	355333
MAPQ	20	352925
MAPQ	21	317697
MAPQ	22	389032
MAPQ	23	233820
MAPQ	24	442196
MAPQ	25	530786
MAPQ	26	100352
MAPQ	27	1018639
MAPQ	28	107368
MAPQ	29	96483
MAPQ	30	271723
MAPQ	31	157476
MAPQ	32	172670
MAPQ	33	206759
MAPQ	34	121543
MAPQ	35	119700
MAPQ	36	157990
MAPQ	37	188562
MAPQ	38	108078
MAPQ	39	380130
MAPQ	40	8034721
MAPQ	41	415492
MAPQ	42	286267
MAPQ	43	593532
MAPQ	44	449549
MAPQ	45	726474
MAPQ	46	845357
MAPQ	47	408331
MAPQ	48	1928698
MAPQ	49	174878
MAPQ	50	341501
MAPQ	51	183845
MAPQ	52	414265
MAPQ	53	122028
MAPQ	54	189891
MAPQ	55	170449
MAPQ	56	160477
MAPQ	57	639578
MAPQ	58	234472
MAPQ	59	418701
MAPQ	60	430733875
# Indel distribution. Use `grep ^ID | cut -f 2-` to extract this part. The columns are: length, number of insertions, number of deletions
ID	1	6159714	6202342
ID	2	1823011	1745325
ID	3	783961	752641
ID	4	666653	615911
ID	5	286502	265456
ID	6	256216	244852
ID	7	117684	112424
ID	8	123655	123694
ID	9	77090	79074
ID	10	74558	83516
ID	11	39427	58961
ID	12	61507	61052
ID	13	29118	29344
ID	14	30620	34151
ID	15	17912	22089
ID	16	23794	26990
ID	17	12547	12732
ID	18	15186	17982
ID	19	9702	11639
ID	20	9740	13024
ID	21	6540	8268
ID	22	8208	22582
ID	23	7075	34206
ID	24	5088	8028
ID	25	3510	4786
ID	26	3533	4927
ID	27	2416	3447
ID	28	2466	4527
ID	29	1706	2686
ID	30	1560	3139
ID	31	1010	1940
ID	32	1037	2173
ID	33	868	1584
ID	34	1074	1736
ID	35	614	1114
ID	36	515	1062
ID	37	289	859
ID	38	282	919
ID	39	224	581
ID	40	210	847
ID	41	127	495
ID	42	60	467
ID	43	45	513
ID	44	63	549
ID	45	17	1373
ID	46	8	1433
ID	47	4	280
ID	48	0	252
ID	49	0	173
ID	50	0	160
ID	51	0	178
ID	52	0	134
ID	53	0	119
ID	54	0	137
ID	55	0	116
ID	56	0	98
ID	57	0	84
ID	58	0	50
ID	59	0	58
ID	60	0	59
ID	61	0	26
ID	62	0	43
ID	63	0	18
ID	64	0	23
ID	65	0	16
ID	66	0	5
ID	67	0	3
ID	68	0	5
ID	69	0	4
ID	70	0	3
# Indels per cycle. Use `grep ^IC | cut -f 2-` to extract this part. The columns are: cycle, number of insertions (fwd), .. (rev) , number of deletions (fwd), .. (rev)
IC	1	9	7	3	3
IC	2	0	3	5	4
IC	3	2	1	13408	13998
IC	4	13703	14656	17301	18335
IC	5	18057	18792	19525	20249
IC	6	20370	20751	20849	21187
IC	7	22101	23123	23261	23323
IC	8	23736	23864	26139	26724
IC	9	26184	26416	28553	28087
IC	10	27754	28133	29419	30372
IC	11	29340	29096	30705	31017
IC	12	30630	30772	31386	31701
IC	13	31261	31567	32432	32947
IC	14	32832	33032	33484	33493
IC	15	33800	34245	34456	35161
IC	16	36541	35917	35866	35824
IC	17	38601	37689	35884	36277
IC	18	37233	37393	36665	37721
IC	19	37208	37923	37650	37753
IC	20	38157	39112	38699	38866
IC	21	38779	40037	39040	39166
IC	22	38921	40503	39342	39460
IC	23	39564	41003	39865	40112
IC	24	39963	41417	39930	40405
IC	25	40101	41835	40596	40163
IC	26	40153	41781	40601	40568
IC	27	40371	42432	40519	40682
IC	28	40779	43460	40732	40641
IC	29	40992	43753	40563	41084
IC	30	40839	43935	40520	40622
IC	31	40981	43895	40398	40729
IC	32	40714	43654	40734	40638
IC	33	40650	44006	40876	40667
IC	34	40476	44035	40509	40717
IC	35	40660	43868	40721	40802
IC	36	40840	44243	41026	41000
IC	37	40198	44264	40775	40790
IC	38	40808	44014	41090	41348
IC	39	40915	43715	41280	40956
IC	40	40644	44384	41001	40893
IC	41	40827	43885	40988	41028
IC	42	41001	44500	41847	40953
IC	43	40780	44112	41608	41060
IC	44	41151	44493	41442	41170
IC	45	40933	44688	41108	41045
IC	46	41157	44709	41303	40963
IC	47	40809	44322	40988	41001
IC	48	41407	44344	41321	41018
IC	49	40792	44515	41161	41433
IC	50	41514	44505	41798	40950
IC	51	40769	44726	41698	40832
IC	52	41380	44797	41240	40947
IC	53	40758	44809	41505	40823
IC	54	40814	45236	41515	40999
IC	55	40969	44944	41081	41004
IC	56	40862	44292	41413	40510
IC	57	40342	44988	41522	40901
IC	58	40639	44565	41596	41355
IC	59	41155	45204	41290	40449
IC	60	40769	45270	41294	40698
IC	61	40527	44568	41541	41403
IC	62	40957	44822	41030	41184
IC	63	40679	44864	41410	41003
IC	64	40989	43939	41493	40309
IC	65	41126	44499	41462	40999
IC	66	40237	43858	41489	40740
IC	67	40660	44776	41526	41001
IC	68	40153	44880	41468	40668
IC	69	40391	44498	41225	40986
IC	70	40521	44897	41159	41050
IC	71	39983	44911	41608	40677
IC	72	40470	44983	41442	41033
IC	73	41052	45222	41414	40446
IC	74	40337	44702	41153	40669
IC	75	40365	44170	40997	40347
IC	76	39975	44685	41080	41040
IC	77	39833	44621	40620	40769
IC	78	39946	44336	40832	40831
IC	79	40478	44187	41197	40297
IC	80	40146	44329	41088	40359
IC	81	40444	44495	40859	40177
IC	82	39845	44466	41087	40555
IC	83	40321	44071	41432	40447
IC	84	40452	44256	41234	40140
IC	85	39947	44663	40810	40550
IC	86	39851	44322	41052	40451
IC	87	40118	43589	41125	40462
IC	88	39825	43914	40947	40343
IC	89	39930	43720	40544	40453
IC	90	39708	43504	40598	40110
IC	91	39584	43319	40683	40087
IC	92	39962	43320	40879	39981
IC	93	39119	43212	40830	40165
IC	94	39181	43283	40850	39828
IC	95	39437	42667	40485	39606
IC	96	39086	43286	41222	39693
IC	97	39377	42879	40689	39735
IC	98	39442	42523	40002	39887
IC	99	39111	42222	40661	39775
IC	100	38723	42068	40035	39406
IC	101	39413	42465	40416	39656
IC	102	38911	41939	40428	39462
IC	103	38585	41899	40195	39023
IC	104	38585	41658	39785	39304
IC	105	38735	41508	40162	39023
IC	106	38422	40681	40036	38677
IC	107	38316	40984	39974	38824
IC	108	38539	41051	39966	38724
IC	109	38140	40253	39868	38839
IC	110	38169	39675	39544	38763
IC	111	37938	39737	39280	38540
IC	112	37833	39935	39405	38458
IC	113	37795	39002	39174	37820
IC	114	37249	38685	38868	37879
IC	115	37440	38664	39277	37505
IC	116	36815	38149	38663	37476
IC	117	37207	37779	38932	37128
IC	118	36452	37210	38296	37043
IC	119	36239	37239	38514	36541
IC	120	35967	36344	38106	36513
IC	121	35999	35861	37878	36121
IC	122	35524	35925	37945	35696
IC	123	35220	35014	37909	35164
IC	124	34957	34152	37156	34990
IC	125	34619	33245	37063	34107
IC	126	34066	33097	36904	33966
IC	127	34144	31918	36498	32856
IC	128	33141	31436	36069	32562
IC	129	33576	30444	36046	31715
IC	130	32801	29433	35225	31220
IC	131	32297	28867	35192	30869
IC	132	31622	27888	33850	29758
IC	133	30830	26615	33169	28610
IC	134	29843	25567	32956	27407
IC	135	28976	23853	31957	26459
IC	136	28230	22907	30680	25601
IC	137	27380	21748	30355	24414
IC	138	25527	20582	28640	21656
IC	139	24881	14166	28292	15671
IC	140	23297	13207	26880	14974
IC	141	22017	13005	25976	14316
IC	142	20342	11696	24585	13652
IC	143	18465	10538	22090	12269
IC	144	16441	9701	21156	11811
IC	145	16019	9130	19830	11197
IC	146	12995	7702	17674	10243
IC	147	13219	8275	12470	7575
IC	148	0	0	1	1
IC	149	0	0	0	1
# Coverage distribution. Use `grep ^COV | cut -f 2-` to extract this part.
COV	[1-1]	1	6375572
COV	[2-2]	2	5469251
COV	[3-3]	3	5773024
COV	[4-4]	4	6854908
COV	[5-5]	5	8523598
COV	[6-6]	6	10705125
COV	[7-7]	7	13263556
COV	[8-8]	8	15999610
COV	[9-9]	9	18708439
COV	[10-10]	10	21342594
COV	[11-11]	11	24125739
COV	[12-12]	12	27424470
COV	[13-13]	13	31818971
COV	[14-14]	14	37868641
COV	[15-15]	15	45956754
COV	[16-16]	16	56449575
COV	[17-17]	17	69221323
COV	[18-18]	18	83791017
COV	[19-19]	19	99391036
COV	[20-20]	20	115018747
COV	[21-21]	21	129427127
COV	[22-22]	22	141796123
COV	[23-23]	23	151109307
COV	[24-24]	24	156644258
COV	[25-25]	25	158238140
COV	[26-26]	26	155786494
COV	[27-27]	27	149812667
COV	[28-28]	28	140780715
COV	[29-29]	29	129420642
COV	[30-30]	30	116460988
COV	[31-31]	31	102820515
COV	[32-32]	32	89023478
COV	[33-33]	33	75705161
COV	[34-34]	34	63318205
COV	[35-35]	35	52136965
COV	[36-36]	36	42273427
COV	[37-37]	37	33791707
COV	[38-38]	38	26683923
COV	[39-39]	39	20840953
COV	[40-40]	40	16103916
COV	[41-41]	41	12321864
COV	[42-42]	42	9368798
COV	[43-43]	43	7090060
COV	[44-44]	44	5355494
COV	[45-45]	45	4045576
COV	[46-46]	46	3062038
COV	[47-47]	47	2335757
COV	[48-48]	48	1796297
COV	[49-49]	49	1405572
COV	[50-50]	50	1117443
COV	[51-51]	51	901865
COV	[52-52]	52	746252
COV	[53-53]	53	634336
COV	[54-54]	54	546938
COV	[55-55]	55	484977
COV	[56-56]	56	432949
COV	[57-57]	57	392932
COV	[58-58]	58	361913
COV	[59-59]	59	335968
COV	[60-60]	60	312908
COV	[61-61]	61	292162
COV	[62-62]	62	273823
COV	[63-63]	63	259076
COV	[64-64]	64	246169
COV	[65-65]	65	235252
COV	[66-66]	66	224814
COV	[67-67]	67	215139
COV	[68-68]	68	205471
COV	[69-69]	69	196882
COV	[70-70]	70	190945
COV	[71-71]	71	183511
COV	[72-72]	72	177020
COV	[73-73]	73	170173
COV	[74-74]	74	163075
COV	[75-75]	75	156319
COV	[76-76]	76	149448
COV	[77-77]	77	144042
COV	[78-78]	78	138956
COV	[79-79]	79	134168
COV	[80-80]	80	129003
COV	[81-81]	81	123380
COV	[82-82]	82	118586
COV	[83-83]	83	115440
COV	[84-84]	84	111089
COV	[85-85]	85	106871
COV	[86-86]	86	102629
COV	[87-87]	87	98600
COV	[88-88]	88	95189
COV	[89-89]	89	91078
COV	[90-90]	90	88692
COV	[91-91]	91	85806
COV	[92-92]	92	82968
COV	[93-93]	93	80784
COV	[94-94]	94	78159
COV	[95-95]	95	75562
COV	[96-96]	96	72977
COV	[97-97]	97	70725
COV	[98-98]	98	68653
COV	[99-99]	99	66782
COV	[100-100]	100	64853
COV	[101-101]	101	62920
COV	[102-102]	102	61288
COV	[103-103]	103	59874
COV	[104-104]	104	58711
COV	[105-105]	105	57850
COV	[106-106]	106	56125
COV	[107-107]	107	55203
COV	[108-108]	108	54324
COV	[109-109]	109	53311
COV	[110-110]	110	51467
COV	[111-111]	111	50960
COV	[112-112]	112	49800
COV	[113-113]	113	48741
COV	[114-114]	114	48253
COV	[115-115]	115	47062
COV	[116-116]	116	46078
COV	[117-117]	117	45158
COV	[118-118]	118	44232
COV	[119-119]	119	43627
COV	[120-120]	120	42558
COV	[121-121]	121	41122
COV	[122-122]	122	41277
COV	[123-123]	123	41408
COV	[124-124]	124	40410
COV	[125-125]	125	40198
COV	[126-126]	126	39104
COV	[127-127]	127	38441
COV	[128-128]	128	37734
COV	[129-129]	129	36330
COV	[130-130]	130	35686
COV	[131-131]	131	34982
COV	[132-132]	132	34756
COV	[133-133]	133	33977
COV	[134-134]	134	32924
COV	[135-135]	135	32664
COV	[136-136]	136	31818
COV	[137-137]	137	31164
COV	[138-138]	138	29846
COV	[139-139]	139	29948
COV	[140-140]	140	28999
COV	[141-141]	141	28742
COV	[142-142]	142	27928
COV	[143-143]	143	27363
COV	[144-144]	144	27321
COV	[145-145]	145	26311
COV	[146-146]	146	25515
COV	[147-147]	147	25110
COV	[148-148]	148	24708
COV	[149-149]	149	24445
COV	[150-150]	150	23748
COV	[151-151]	151	23386
COV	[152-152]	152	23131
COV	[153-153]	153	22486
COV	[154-154]	154	22042
COV	[155-155]	155	21732
COV	[156-156]	156	22029
COV	[157-157]	157	21695
COV	[158-158]	158	20994
COV	[159-159]	159	21020
COV	[160-160]	160	20904
COV	[161-161]	161	20266
COV	[162-162]	162	20205
COV	[163-163]	163	19868
COV	[164-164]	164	19482
COV	[165-165]	165	19328
COV	[166-166]	166	19225
COV	[167-167]	167	19118
COV	[168-168]	168	19377
COV	[169-169]	169	18928
COV	[170-170]	170	18665
COV	[171-171]	171	18073
COV	[172-172]	172	18062
COV	[173-173]	173	18114
COV	[174-174]	174	17818
COV	[175-175]	175	17314
COV	[176-176]	176	17278
COV	[177-177]	177	17268
COV	[178-178]	178	16753
COV	[179-179]	179	16467
COV	[180-180]	180	16445
COV	[181-181]	181	16652
COV	[182-182]	182	15988
COV	[183-183]	183	15948
COV	[184-184]	184	15604
COV	[185-185]	185	15586
COV	[186-186]	186	15280
COV	[187-187]	187	14828
COV	[188-188]	188	14869
COV	[189-189]	189	14608
COV	[190-190]	190	14475
COV	[191-191]	191	14446
COV	[192-192]	192	14334
COV	[193-193]	193	13921
COV	[194-194]	194	13943
COV	[195-195]	195	13973
COV	[196-196]	196	13738
COV	[197-197]	197	13844
COV	[198-198]	198	13804
COV	[199-199]	199	13572
COV	[200-200]	200	13653
COV	[201-201]	201	13262
COV	[202-202]	202	13200
COV	[203-203]	203	12974
COV	[204-204]	204	12840
COV	[205-205]	205	12388
COV	[206-206]	206	12353
COV	[207-207]	207	12440
COV	[208-208]	208	12219
COV	[209-209]	209	12034
COV	[210-210]	210	11712
COV	[211-211]	211	11714
COV	[212-212]	212	11666
COV	[213-213]	213	11740
COV	[214-214]	214	11636
COV	[215-215]	215	11581
COV	[216-216]	216	11410
COV	[217-217]	217	11115
COV	[218-218]	218	11058
COV	[219-219]	219	11111
COV	[220-220]	220	10722
COV	[221-221]	221	11066
COV	[222-222]	222	10674
COV	[223-223]	223	10672
COV	[224-224]	224	10503
COV	[225-225]	225	10548
COV	[226-226]	226	10370
COV	[227-227]	227	10240
COV	[228-228]	228	10156
COV	[229-229]	229	10396
COV	[230-230]	230	10261
COV	[231-231]	231	9999
COV	[232-232]	232	10152
COV	[233-233]	233	9879
COV	[234-234]	234	9896
COV	[235-235]	235	9633
COV	[236-236]	236	9969
COV	[237-237]	237	9831
COV	[238-238]	238	9715
COV	[239-239]	239	9665
COV	[240-240]	240	9578
COV	[241-241]	241	9339
COV	[242-242]	242	9451
COV	[243-243]	243	9551
COV	[244-244]	244	9529
COV	[245-245]	245	9316
COV	[246-246]	246	9206
COV	[247-247]	247	9131
COV	[248-248]	248	9200
COV	[249-249]	249	9150
COV	[250-250]	250	8902
COV	[251-251]	251	8902
COV	[252-252]	252	9077
COV	[253-253]	253	8839
COV	[254-254]	254	8830
COV	[255-255]	255	8824
COV	[256-256]	256	8836
COV	[257-257]	257	8803
COV	[258-258]	258	8833
COV	[259-259]	259	8681
COV	[260-260]	260	8719
COV	[261-261]	261	8525
COV	[262-262]	262	8476
COV	[263-263]	263	8224
COV	[264-264]	264	8136
COV	[265-265]	265	8161
COV	[266-266]	266	8214
COV	[267-267]	267	8223
COV	[268-268]	268	8200
COV	[269-269]	269	8217
COV	[270-270]	270	8195
COV	[271-271]	271	8213
COV	[272-272]	272	8000
COV	[273-273]	273	8333
COV	[274-274]	274	8127
COV	[275-275]	275	7923
COV	[276-276]	276	8026
COV	[277-277]	277	8095
COV	[278-278]	278	8170
COV	[279-279]	279	7959
COV	[280-280]	280	7977
COV	[281-281]	281	7787
COV	[282-282]	282	7802
COV	[283-283]	283	8000
COV	[284-284]	284	7824
COV	[285-285]	285	7862
COV	[286-286]	286	8014
COV	[287-287]	287	7823
COV	[288-288]	288	7918
COV	[289-289]	289	7692
COV	[290-290]	290	7801
COV	[291-291]	291	7636
COV	[292-292]	292	7535
COV	[293-293]	293	7493
COV	[294-294]	294	7534
COV	[295-295]	295	7542
COV	[296-296]	296	7479
COV	[297-297]	297	7432
COV	[298-298]	298	7310
COV	[299-299]	299	7262
COV	[300-300]	300	7294
COV	[301-301]	301	7402
COV	[302-302]	302	7341
COV	[303-303]	303	7297
COV	[304-304]	304	7463
COV	[305-305]	305	7297
COV	[306-306]	306	7138
COV	[307-307]	307	7215
COV	[308-308]	308	7228
COV	[309-309]	309	6973
COV	[310-310]	310	7249
COV	[311-311]	311	7036
COV	[312-312]	312	7114
COV	[313-313]	313	7074
COV	[314-314]	314	7096
COV	[315-315]	315	7057
COV	[316-316]	316	6935
COV	[317-317]	317	6924
COV	[318-318]	318	6877
COV	[319-319]	319	6912
COV	[320-320]	320	6864
COV	[321-321]	321	6966
COV	[322-322]	322	6922
COV	[323-323]	323	6657
COV	[324-324]	324	6804
COV	[325-325]	325	6697
COV	[326-326]	326	6517
COV	[327-327]	327	6632
COV	[328-328]	328	6582
COV	[329-329]	329	6569
COV	[330-330]	330	6466
COV	[331-331]	331	6723
COV	[332-332]	332	6583
COV	[333-333]	333	6718
COV	[334-334]	334	6424
COV	[335-335]	335	6583
COV	[336-336]	336	6540
COV	[337-337]	337	6369
COV	[338-338]	338	6419
COV	[339-339]	339	6396
COV	[340-340]	340	6350
COV	[341-341]	341	6233
COV	[342-342]	342	6243
COV	[343-343]	343	6298
COV	[344-344]	344	6265
COV	[345-345]	345	6008
COV	[346-346]	346	6104
COV	[347-347]	347	6035
COV	[348-348]	348	5926
COV	[349-349]	349	5965
COV	[350-350]	350	5996
COV	[351-351]	351	5926
COV	[352-352]	352	5877
COV	[353-353]	353	5874
COV	[354-354]	354	5964
COV	[355-355]	355	5950
COV	[356-356]	356	5963
COV	[357-357]	357	6096
COV	[358-358]	358	5867
COV	[359-359]	359	6115
COV	[360-360]	360	5932
COV	[361-361]	361	5952
COV	[362-362]	362	5874
COV	[363-363]	363	5767
COV	[364-364]	364	5856
COV	[365-365]	365	5660
COV	[366-366]	366	5521
COV	[367-367]	367	5641
COV	[368-368]	368	5558
COV	[369-369]	369	5471
COV	[370-370]	370	5598
COV	[371-371]	371	5554
COV	[372-372]	372	5506
COV	[373-373]	373	5431
COV	[374-374]	374	5374
COV	[375-375]	375	5505
COV	[376-376]	376	5397
COV	[377-377]	377	5326
COV	[378-378]	378	5276
COV	[379-379]	379	5242
COV	[380-380]	380	5263
COV	[381-381]	381	5250
COV	[382-382]	382	5340
COV	[383-383]	383	5206
COV	[384-384]	384	5331
COV	[385-385]	385	5333
COV	[386-386]	386	5128
COV	[387-387]	387	5144
COV	[388-388]	388	5181
COV	[389-389]	389	5098
COV	[390-390]	390	5231
COV	[391-391]	391	5205
COV	[392-392]	392	5108
COV	[393-393]	393	4985
COV	[394-394]	394	4871
COV	[395-395]	395	4916
COV	[396-396]	396	4775
COV	[397-397]	397	4745
COV	[398-398]	398	4767
COV	[399-399]	399	4627
COV	[400-400]	400	4703
COV	[401-401]	401	4623
COV	[402-402]	402	4614
COV	[403-403]	403	4466
COV	[404-404]	404	4452
COV	[405-405]	405	4519
COV	[406-406]	406	4412
COV	[407-407]	407	4329
COV	[408-408]	408	4427
COV	[409-409]	409	4387
COV	[410-410]	410	4425
COV	[411-411]	411	4327
COV	[412-412]	412	4263
COV	[413-413]	413	4386
COV	[414-414]	414	4236
COV	[415-415]	415	4427
COV	[416-416]	416	4285
COV	[417-417]	417	4371
COV	[418-418]	418	4400
COV	[419-419]	419	4269
COV	[420-420]	420	4247
COV	[421-421]	421	4131
COV	[422-422]	422	4090
COV	[423-423]	423	4104
COV	[424-424]	424	4036
COV	[425-425]	425	3913
COV	[426-426]	426	3941
COV	[427-427]	427	3984
COV	[428-428]	428	3977
COV	[429-429]	429	4027
COV	[430-430]	430	3996
COV	[431-431]	431	3933
COV	[432-432]	432	3993
COV	[433-433]	433	3984
COV	[434-434]	434	4044
COV	[435-435]	435	3851
COV	[436-436]	436	3857
COV	[437-437]	437	3851
COV	[438-438]	438	3841
COV	[439-439]	439	3796
COV	[440-440]	440	3681
COV	[441-441]	441	3806
COV	[442-442]	442	3797
COV	[443-443]	443	3774
COV	[444-444]	444	3757
COV	[445-445]	445	3701
COV	[446-446]	446	3614
COV	[447-447]	447	3574
COV	[448-448]	448	3674
COV	[449-449]	449	3591
COV	[450-450]	450	3641
COV	[451-451]	451	3656
COV	[452-452]	452	3729
COV	[453-453]	453	3666
COV	[454-454]	454	3699
COV	[455-455]	455	3692
COV	[456-456]	456	3701
COV	[457-457]	457	3672
COV	[458-458]	458	3744
COV	[459-459]	459	3550
COV	[460-460]	460	3572
COV	[461-461]	461	3656
COV	[462-462]	462	3593
COV	[463-463]	463	3586
COV	[464-464]	464	3505
COV	[465-465]	465	3492
COV	[466-466]	466	3631
COV	[467-467]	467	3436
COV	[468-468]	468	3535
COV	[469-469]	469	3467
COV	[470-470]	470	3522
COV	[471-471]	471	3420
COV	[472-472]	472	3377
COV	[473-473]	473	3378
COV	[474-474]	474	3421
COV	[475-475]	475	3411
COV	[476-476]	476	3362
COV	[477-477]	477	3315
COV	[478-478]	478	3431
COV	[479-479]	479	3434
COV	[480-480]	480	3196
COV	[481-481]	481	3298
COV	[482-482]	482	3251
COV	[483-483]	483	3310
COV	[484-484]	484	3353
COV	[485-485]	485	3445
COV	[486-486]	486	3321
COV	[487-487]	487	3347
COV	[488-488]	488	3291
COV	[489-489]	489	3295
COV	[490-490]	490	3240
COV	[491-491]	491	3305
COV	[492-492]	492	3230
COV	[493-493]	493	3127
COV	[494-494]	494	3216
COV	[495-495]	495	3210
COV	[496-496]	496	3119
COV	[497-497]	497	3110
COV	[498-498]	498	3034
COV	[499-499]	499	3135
COV	[500-500]	500	3202
COV	[501-501]	501	2978
COV	[502-502]	502	3058
COV	[503-503]	503	3167
COV	[504-504]	504	3078
COV	[505-505]	505	2974
COV	[506-506]	506	2951
COV	[507-507]	507	3105
COV	[508-508]	508	3050
COV	[509-509]	509	3024
COV	[510-510]	510	3110
COV	[511-511]	511	3058
COV	[512-512]	512	2935
COV	[513-513]	513	3034
COV	[514-514]	514	3084
COV	[515-515]	515	2912
COV	[516-516]	516	3035
COV	[517-517]	517	3019
COV	[518-518]	518	3022
COV	[519-519]	519	3048
COV	[520-520]	520	3099
COV	[521-521]	521	3026
COV	[522-522]	522	2950
COV	[523-523]	523	2869
COV	[524-524]	524	2887
COV	[525-525]	525	2942
COV	[526-526]	526	2791
COV	[527-527]	527	2783
COV	[528-528]	528	2936
COV	[529-529]	529	2935
COV	[530-530]	530	2831
COV	[531-531]	531	2842
COV	[532-532]	532	2887
COV	[533-533]	533	2826
COV	[534-534]	534	2934
COV	[535-535]	535	2871
COV	[536-536]	536	2942
COV	[537-537]	537	2907
COV	[538-538]	538	2783
COV	[539-539]	539	2860
COV	[540-540]	540	2913
COV	[541-541]	541	2853
COV	[542-542]	542	2805
COV	[543-543]	543	2956
COV	[544-544]	544	2879
COV	[545-545]	545	2809
COV	[546-546]	546	2798
COV	[547-547]	547	2804
COV	[548-548]	548	2805
COV	[549-549]	549	2789
COV	[550-550]	550	2742
COV	[551-551]	551	2555
COV	[552-552]	552	2798
COV	[553-553]	553	2717
COV	[554-554]	554	2675
COV	[555-555]	555	2697
COV	[556-556]	556	2612
COV	[557-557]	557	2706
COV	[558-558]	558	2645
COV	[559-559]	559	2740
COV	[560-560]	560	2762
COV	[561-561]	561	2793
COV	[562-562]	562	2685
COV	[563-563]	563	2687
COV	[564-564]	564	2691
COV	[565-565]	565	2726
COV	[566-566]	566	2577
COV	[567-567]	567	2662
COV	[568-568]	568	2460
COV	[569-569]	569	2630
COV	[570-570]	570	2639
COV	[571-571]	571	2663
COV	[572-572]	572	2561
COV	[573-573]	573	2654
COV	[574-574]	574	2575
COV	[575-575]	575	2622
COV	[576-576]	576	2612
COV	[577-577]	577	2534
COV	[578-578]	578	2519
COV	[579-579]	579	2536
COV	[580-580]	580	2553
COV	[581-581]	581	2588
COV	[582-582]	582	2557
COV	[583-583]	583	2586
COV	[584-584]	584	2502
COV	[585-585]	585	2461
COV	[586-586]	586	2521
COV	[587-587]	587	2426
COV	[588-588]	588	2434
COV	[589-589]	589	2519
COV	[590-590]	590	2492
COV	[591-591]	591	2456
COV	[592-592]	592	2341
COV	[593-593]	593	2401
COV	[594-594]	594	2354
COV	[595-595]	595	2375
COV	[596-596]	596	2399
COV	[597-597]	597	2377
COV	[598-598]	598	2281
COV	[599-599]	599	2469
COV	[600-600]	600	2393
COV	[601-601]	601	2311
COV	[602-602]	602	2413
COV	[603-603]	603	2249
COV	[604-604]	604	2466
COV	[605-605]	605	2371
COV	[606-606]	606	2365
COV	[607-607]	607	2435
COV	[608-608]	608	2359
COV	[609-609]	609	2281
COV	[610-610]	610	2437
COV	[611-611]	611	2320
COV	[612-612]	612	2421
COV	[613-613]	613	2322
COV	[614-614]	614	2382
COV	[615-615]	615	2447
COV	[616-616]	616	2443
COV	[617-617]	617	2478
COV	[618-618]	618	2397
COV	[619-619]	619	2437
COV	[620-620]	620	2316
COV	[621-621]	621	2350
COV	[622-622]	622	2378
COV	[623-623]	623	2335
COV	[624-624]	624	2378
COV	[625-625]	625	2264
COV	[626-626]	626	2312
COV	[627-627]	627	2269
COV	[628-628]	628	2254
COV	[629-629]	629	2181
COV	[630-630]	630	2221
COV	[631-631]	631	2225
COV	[632-632]	632	2207
COV	[633-633]	633	2099
COV	[634-634]	634	2187
COV	[635-635]	635	2088
COV	[636-636]	636	2123
COV	[637-637]	637	2183
COV	[638-638]	638	2248
COV	[639-639]	639	2203
COV	[640-640]	640	2165
COV	[641-641]	641	2122
COV	[642-642]	642	2091
COV	[643-643]	643	2063
COV	[644-644]	644	2157
COV	[645-645]	645	2196
COV	[646-646]	646	2109
COV	[647-647]	647	2076
COV	[648-648]	648	2111
COV	[649-649]	649	2087
COV	[650-650]	650	2191
COV	[651-651]	651	2073
COV	[652-652]	652	2087
COV	[653-653]	653	2074
COV	[654-654]	654	2054
COV	[655-655]	655	2074
COV	[656-656]	656	2099
COV	[657-657]	657	2078
COV	[658-658]	658	2106
COV	[659-659]	659	2099
COV	[660-660]	660	2237
COV	[661-661]	661	2188
COV	[662-662]	662	2190
COV	[663-663]	663	2170
COV	[664-664]	664	2216
COV	[665-665]	665	2238
COV	[666-666]	666	2204
COV	[667-667]	667	2114
COV	[668-668]	668	2129
COV	[669-669]	669	2156
COV	[670-670]	670	2082
COV	[671-671]	671	2190
COV	[672-672]	672	2185
COV	[673-673]	673	2111
COV	[674-674]	674	2197
COV	[675-675]	675	2087
COV	[676-676]	676	2180
COV	[677-677]	677	2066
COV	[678-678]	678	2061
COV	[679-679]	679	2109
COV	[680-680]	680	2079
COV	[681-681]	681	2014
COV	[682-682]	682	2114
COV	[683-683]	683	2083
COV	[684-684]	684	2068
COV	[685-685]	685	2149
COV	[686-686]	686	1997
COV	[687-687]	687	2074
COV	[688-688]	688	2108
COV	[689-689]	689	2053
COV	[690-690]	690	2095
COV	[691-691]	691	2068
COV	[692-692]	692	2061
COV	[693-693]	693	2077
COV	[694-694]	694	2073
COV	[695-695]	695	2041
COV	[696-696]	696	2033
COV	[697-697]	697	2089
COV	[698-698]	698	2111
COV	[699-699]	699	2168
COV	[700-700]	700	2114
COV	[701-701]	701	2164
COV	[702-702]	702	2119
COV	[703-703]	703	2123
COV	[704-704]	704	2244
COV	[705-705]	705	2177
COV	[706-706]	706	2228
COV	[707-707]	707	2081
COV	[708-708]	708	2168
COV	[709-709]	709	2110
COV	[710-710]	710	2201
COV	[711-711]	711	2136
COV	[712-712]	712	2198
COV	[713-713]	713	2151
COV	[714-714]	714	2183
COV	[715-715]	715	2102
COV	[716-716]	716	2205
COV	[717-717]	717	2197
COV	[718-718]	718	2226
COV	[719-719]	719	2242
COV	[720-720]	720	2130
COV	[721-721]	721	2171
COV	[722-722]	722	2115
COV	[723-723]	723	2178
COV	[724-724]	724	2213
COV	[725-725]	725	2115
COV	[726-726]	726	2164
COV	[727-727]	727	2107
COV	[728-728]	728	2200
COV	[729-729]	729	2167
COV	[730-730]	730	2148
COV	[731-731]	731	2170
COV	[732-732]	732	2173
COV	[733-733]	733	2153
COV	[734-734]	734	2259
COV	[735-735]	735	2110
COV	[736-736]	736	2176
COV	[737-737]	737	2154
COV	[738-738]	738	2114
COV	[739-739]	739	2160
COV	[740-740]	740	2196
COV	[741-741]	741	2169
COV	[742-742]	742	2219
COV	[743-743]	743	2192
COV	[744-744]	744	2286
COV	[745-745]	745	2216
COV	[746-746]	746	2176
COV	[747-747]	747	2254
COV	[748-748]	748	2282
COV	[749-749]	749	2249
COV	[750-750]	750	2279
COV	[751-751]	751	2245
COV	[752-752]	752	2280
COV	[753-753]	753	2218
COV	[754-754]	754	2162
COV	[755-755]	755	2125
COV	[756-756]	756	2219
COV	[757-757]	757	2214
COV	[758-758]	758	2216
COV	[759-759]	759	2198
COV	[760-760]	760	2192
COV	[761-761]	761	2151
COV	[762-762]	762	2256
COV	[763-763]	763	2188
COV	[764-764]	764	2276
COV	[765-765]	765	2256
COV	[766-766]	766	2230
COV	[767-767]	767	2252
COV	[768-768]	768	2227
COV	[769-769]	769	2236
COV	[770-770]	770	2201
COV	[771-771]	771	2205
COV	[772-772]	772	2127
COV	[773-773]	773	2186
COV	[774-774]	774	2123
COV	[775-775]	775	2153
COV	[776-776]	776	2096
COV	[777-777]	777	2119
COV	[778-778]	778	2091
COV	[779-779]	779	2060
COV	[780-780]	780	2078
COV	[781-781]	781	2123
COV	[782-782]	782	2009
COV	[783-783]	783	1991
COV	[784-784]	784	1969
COV	[785-785]	785	1968
COV	[786-786]	786	2019
COV	[787-787]	787	2000
COV	[788-788]	788	1964
COV	[789-789]	789	1884
COV	[790-790]	790	1938
COV	[791-791]	791	1891
COV	[792-792]	792	1888
COV	[793-793]	793	1910
COV	[794-794]	794	1842
COV	[795-795]	795	1904
COV	[796-796]	796	1953
COV	[797-797]	797	1917
COV	[798-798]	798	1887
COV	[799-799]	799	1919
COV	[800-800]	800	1941
COV	[801-801]	801	1896
COV	[802-802]	802	1826
COV	[803-803]	803	1966
COV	[804-804]	804	1894
COV	[805-805]	805	1808
COV	[806-806]	806	1831
COV	[807-807]	807	1813
COV	[808-808]	808	1844
COV	[809-809]	809	1813
COV	[810-810]	810	1826
COV	[811-811]	811	1762
COV	[812-812]	812	1859
COV	[813-813]	813	1761
COV	[814-814]	814	1767
COV	[815-815]	815	1806
COV	[816-816]	816	1694
COV	[817-817]	817	1727
COV	[818-818]	818	1749
COV	[819-819]	819	1725
COV	[820-820]	820	1733
COV	[821-821]	821	1702
COV	[822-822]	822	1641
COV	[823-823]	823	1738
COV	[824-824]	824	1746
COV	[825-825]	825	1670
COV	[826-826]	826	1772
COV	[827-827]	827	1668
COV	[828-828]	828	1631
COV	[829-829]	829	1653
COV	[830-830]	830	1611
COV	[831-831]	831	1664
COV	[832-832]	832	1584
COV	[833-833]	833	1716
COV	[834-834]	834	1594
COV	[835-835]	835	1663
COV	[836-836]	836	1659
COV	[837-837]	837	1512
COV	[838-838]	838	1662
COV	[839-839]	839	1599
COV	[840-840]	840	1517
COV	[841-841]	841	1555
COV	[842-842]	842	1541
COV	[843-843]	843	1565
COV	[844-844]	844	1552
COV	[845-845]	845	1555
COV	[846-846]	846	1510
COV	[847-847]	847	1493
COV	[848-848]	848	1552
COV	[849-849]	849	1598
COV	[850-850]	850	1512
COV	[851-851]	851	1577
COV	[852-852]	852	1444
COV	[853-853]	853	1501
COV	[854-854]	854	1509
COV	[855-855]	855	1486
COV	[856-856]	856	1491
COV	[857-857]	857	1509
COV	[858-858]	858	1477
COV	[859-859]	859	1470
COV	[860-860]	860	1502
COV	[861-861]	861	1397
COV	[862-862]	862	1464
COV	[863-863]	863	1424
COV	[864-864]	864	1480
COV	[865-865]	865	1501
COV	[866-866]	866	1468
COV	[867-867]	867	1453
COV	[868-868]	868	1420
COV	[869-869]	869	1458
COV	[870-870]	870	1481
COV	[871-871]	871	1478
COV	[872-872]	872	1406
COV	[873-873]	873	1498
COV	[874-874]	874	1441
COV	[875-875]	875	1496
COV	[876-876]	876	1421
COV	[877-877]	877	1490
COV	[878-878]	878	1453
COV	[879-879]	879	1435
COV	[880-880]	880	1369
COV	[881-881]	881	1316
COV	[882-882]	882	1372
COV	[883-883]	883	1343
COV	[884-884]	884	1297
COV	[885-885]	885	1312
COV	[886-886]	886	1364
COV	[887-887]	887	1297
COV	[888-888]	888	1350
COV	[889-889]	889	1364
COV	[890-890]	890	1439
COV	[891-891]	891	1350
COV	[892-892]	892	1361
COV	[893-893]	893	1367
COV	[894-894]	894	1364
COV	[895-895]	895	1377
COV	[896-896]	896	1388
COV	[897-897]	897	1408
COV	[898-898]	898	1339
COV	[899-899]	899	1330
COV	[900-900]	900	1307
COV	[901-901]	901	1345
COV	[902-902]	902	1347
COV	[903-903]	903	1383
COV	[904-904]	904	1379
COV	[905-905]	905	1307
COV	[906-906]	906	1332
COV	[907-907]	907	1320
COV	[908-908]	908	1344
COV	[909-909]	909	1331
COV	[910-910]	910	1298
COV	[911-911]	911	1403
COV	[912-912]	912	1332
COV	[913-913]	913	1296
COV	[914-914]	914	1250
COV	[915-915]	915	1320
COV	[916-916]	916	1308
COV	[917-917]	917	1306
COV	[918-918]	918	1288
COV	[919-919]	919	1293
COV	[920-920]	920	1285
COV	[921-921]	921	1277
COV	[922-922]	922	1389
COV	[923-923]	923	1363
COV	[924-924]	924	1294
COV	[925-925]	925	1294
COV	[926-926]	926	1349
COV	[927-927]	927	1335
COV	[928-928]	928	1312
COV	[929-929]	929	1313
COV	[930-930]	930	1338
COV	[931-931]	931	1394
COV	[932-932]	932	1288
COV	[933-933]	933	1384
COV	[934-934]	934	1359
COV	[935-935]	935	1371
COV	[936-936]	936	1309
COV	[937-937]	937	1337
COV	[938-938]	938	1315
COV	[939-939]	939	1333
COV	[940-940]	940	1292
COV	[941-941]	941	1258
COV	[942-942]	942	1239
COV	[943-943]	943	1311
COV	[944-944]	944	1296
COV	[945-945]	945	1311
COV	[946-946]	946	1282
COV	[947-947]	947	1301
COV	[948-948]	948	1292
COV	[949-949]	949	1287
COV	[950-950]	950	1352
COV	[951-951]	951	1221
COV	[952-952]	952	1254
COV	[953-953]	953	1275
COV	[954-954]	954	1244
COV	[955-955]	955	1250
COV	[956-956]	956	1200
COV	[957-957]	957	1231
COV	[958-958]	958	1243
COV	[959-959]	959	1267
COV	[960-960]	960	1292
COV	[961-961]	961	1277
COV	[962-962]	962	1281
COV	[963-963]	963	1257
COV	[964-964]	964	1250
COV	[965-965]	965	1284
COV	[966-966]	966	1271
COV	[967-967]	967	1273
COV	[968-968]	968	1239
COV	[969-969]	969	1334
COV	[970-970]	970	1275
COV	[971-971]	971	1321
COV	[972-972]	972	1310
COV	[973-973]	973	1277
COV	[974-974]	974	1296
COV	[975-975]	975	1326
COV	[976-976]	976	1266
COV	[977-977]	977	1256
COV	[978-978]	978	1232
COV	[979-979]	979	1304
COV	[980-980]	980	1269
COV	[981-981]	981	1207
COV	[982-982]	982	1242
COV	[983-983]	983	1260
COV	[984-984]	984	1292
COV	[985-985]	985	1193
COV	[986-986]	986	1179
COV	[987-987]	987	1200
COV	[988-988]	988	1258
COV	[989-989]	989	1235
COV	[990-990]	990	1259
COV	[991-991]	991	1207
COV	[992-992]	992	1200
COV	[993-993]	993	1171
COV	[994-994]	994	1151
COV	[995-995]	995	1161
COV	[996-996]	996	1123
COV	[997-997]	997	1190
COV	[998-998]	998	1195
COV	[999-999]	999	1173
COV	[1000-1000]	1000	1174
COV	[1000<]	1000	1673608
# GC-depth. Use `grep ^GCD | cut -f 2-` to extract this part. The columns are: GC%, unique sequence percentiles, 10th, 25th, 50th, 75th and 90th depth percentile
GCD	0.0	0.019	0.007	0.007	0.015	0.030	0.055
GCD	0.4	0.020	0.007	0.007	0.007	0.007	0.007
GCD	4.0	0.022	0.059	0.070	0.107	0.211	0.244
GCD	5.0	0.023	0.244	0.244	0.244	0.244	0.244
GCD	6.0	0.026	0.030	0.031	0.048	0.093	0.104
GCD	7.0	0.029	0.022	0.031	0.063	0.311	0.392
GCD	8.0	0.031	0.044	0.044	0.207	0.962	0.962
GCD	9.0	0.035	0.007	0.019	0.037	0.041	0.044
GCD	10.0	0.039	0.007	0.019	0.048	0.296	0.918
GCD	11.0	0.042	0.030	0.031	0.074	0.233	0.274
GCD	12.0	0.052	0.022	0.035	0.089	1.109	78.342
GCD	13.0	0.059	0.007	0.019	0.126	1.303	2381.805
GCD	14.0	0.066	0.008	0.015	0.130	0.446	2.255
GCD	15.0	0.067	0.052	0.052	0.070	0.089	0.089
GCD	16.0	0.076	0.024	0.039	0.078	0.144	467.653
GCD	17.0	0.082	0.007	0.011	0.067	27.507	396.670
GCD	18.0	0.088	0.007	0.007	0.026	1.397	2.295
GCD	19.0	0.098	0.007	0.026	0.170	0.424	213.479
GCD	20.0	0.107	0.007	0.009	0.130	32.397	94.031
GCD	21.0	0.111	0.044	0.070	0.141	122.266	244.354
GCD	22.0	0.119	0.010	0.022	0.104	0.244	35.218
GCD	23.0	0.125	0.007	0.070	0.259	26.463	74.270
GCD	24.0	0.130	0.015	0.022	1.140	5.419	46.560
GCD	25.0	0.140	0.007	0.015	0.104	17.838	71.168
GCD	26.0	0.148	0.007	0.007	0.089	49.758	59.289
GCD	27.0	0.159	0.007	0.052	0.222	4.398	50.064
GCD	28.0	0.172	0.014	0.117	0.418	9.704	39.421
GCD	29.0	0.186	0.048	0.198	0.955	37.857	42.859
GCD	30.0	0.204	0.007	0.093	0.774	7.109	35.347
GCD	31.0	0.230	0.020	5.312	29.484	33.668	41.587
GCD	32.0	0.292	0.154	10.165	27.337	29.378	32.720
GCD	33.0	0.521	12.140	24.701	27.118	29.003	31.063
GCD	34.0	1.284	17.832	24.527	26.104	27.940	29.450
GCD	35.0	3.705	22.380	24.283	25.638	27.178	28.555
GCD	36.0	9.230	22.195	24.024	25.349	26.696	28.007
GCD	37.0	17.957	21.452	23.839	25.149	26.445	27.718
GCD	38.0	28.907	17.872	23.787	25.179	26.482	27.725
GCD	39.0	40.036	19.394	23.876	25.231	26.519	27.740
GCD	40.0	50.076	19.189	24.068	25.393	26.646	27.822
GCD	41.0	58.753	20.594	24.201	25.482	26.756	28.022
GCD	42.0	65.931	21.659	24.298	25.608	26.874	28.161
GCD	43.0	71.647	22.320	24.431	25.756	26.993	28.318
GCD	44.0	76.418	22.158	24.453	25.867	27.178	28.458
GCD	45.0	80.393	18.257	24.455	25.904	27.265	28.518
GCD	46.0	83.920	16.102	24.505	26.141	27.688	29.443
GCD	47.0	86.926	19.366	24.942	26.482	28.116	30.286
GCD	48.0	89.150	23.741	25.401	26.756	28.244	29.964
GCD	49.0	90.977	23.816	25.490	26.822	28.266	29.659
GCD	50.0	92.460	24.379	26.010	27.303	28.680	30.087
GCD	51.0	93.788	24.334	25.912	27.429	28.940	30.243
GCD	52.0	94.981	24.825	26.371	27.755	29.230	30.802
GCD	53.0	96.004	25.060	26.639	28.144	29.745	31.809
GCD	54.0	96.821	25.579	26.902	28.296	29.650	31.069
GCD	55.0	97.460	25.775	27.120	28.488	29.946	31.316
GCD	56.0	98.013	25.845	27.422	28.680	30.080	31.507
GCD	57.0	98.448	26.101	27.657	29.106	30.657	32.054
GCD	58.0	98.803	27.182	28.436	29.739	31.064	32.527
GCD	59.0	99.120	27.177	28.619	30.083	31.649	34.684
GCD	60.0	99.376	27.549	28.977	30.702	33.278	247.422
GCD	61.0	99.558	27.875	29.510	31.087	32.671	35.018
GCD	62.0	99.705	27.959	29.473	31.149	33.054	34.910
GCD	63.0	99.805	27.318	29.526	30.990	32.549	33.979
GCD	64.0	99.868	29.058	30.132	31.782	33.271	34.862
GCD	65.0	99.923	28.124	30.476	31.986	33.408	34.747
GCD	66.0	99.950	30.230	31.022	33.748	35.251	1003.671
GCD	67.0	99.979	30.009	32.075	32.997	34.429	35.720
GCD	68.0	99.992	30.177	30.648	32.760	34.444	188.600
GCD	69.0	99.996	28.421	29.499	31.993	35.651	37.328
GCD	70.0	99.998	28.481	28.481	965.945	1903.410	1903.410
GCD	71.0	100.000	0.570	0.570	11.164	322.341	322.341
