# This file was produced by samtools stats (1.19+htslib-1.19) and can be plotted using plot-bamstats
# This file contains statistics for all reads.
# The command line was:  stats bam_files/recal_ABOFRAM007401840180.bam
# CHK, Checksum	[2]Read Names	[3]Sequences	[4]Qualities
# CHK, CRC32 of reads which passed filtering followed by addition (32bit overflow)
CHK	35808dda	e9738e89	4b4dbdfc
# Summary Numbers. Use `grep ^SN | cut -f 2-` to extract this part.
SN	raw total sequences:	556325854	# excluding supplementary and secondary reads
SN	filtered sequences:	0
SN	sequences:	556325854
SN	is sorted:	1
SN	1st fragments:	278160313
SN	last fragments:	278165541
SN	reads mapped:	555094942
SN	reads mapped and paired:	554253310	# paired-end technology bit set + both mates mapped
SN	reads unmapped:	1230912
SN	reads properly paired:	543252128	# proper-pair bit set
SN	reads paired:	556325854	# paired-end technology bit set
SN	reads duplicated:	0	# PCR or optical duplicate bit set
SN	reads MQ0:	53088634	# mapped and MQ=0
SN	reads QC failed:	0
SN	non-primary alignments:	0
SN	supplementary alignments:	1793041
SN	total length:	82385780082	# ignores clipping
SN	total first fragment length:	41724046950	# ignores clipping
SN	total last fragment length:	40661733132	# ignores clipping
SN	bases mapped:	82204959030	# ignores clipping
SN	bases mapped (cigar):	81560810844	# more accurate
SN	bases trimmed:	0
SN	bases duplicated:	0
SN	mismatches:	453839336	# from NM fields
SN	error rate:	5.564429e-03	# mismatches / bases mapped (cigar)
SN	average length:	148
SN	average first fragment length:	150
SN	average last fragment length:	146
SN	maximum length:	150
SN	maximum first fragment length:	150
SN	maximum last fragment length:	150
SN	average quality:	30.9
SN	insert size average:	422.8
SN	insert size standard deviation:	87.0
SN	inward oriented pairs:	271869972
SN	outward oriented pairs:	406755
SN	pairs with other orientation:	139029
SN	pairs on different chromosomes:	4710673
SN	percentage of properly paired reads (%):	97.6
# First Fragment Qualities. Use `grep ^FFQ | cut -f 2-` to extract this part.
# Columns correspond to qualities and rows to cycles. First column is the cycle number.
FFQ	1	0	0	10374	0	0	0	0	0	0	0	0	0	0	0	4894766	0	0	0	0	0	0	0	0	0	0	0	0	7773661	0	0	265481512	0	0	0	0	0	0
FFQ	2	0	0	4626	0	0	0	0	0	0	39512	0	150735	581541	157236	309675	808214	1012987	0	236175	0	0	201314	88030	4108965	0	383134	290600	408563	1117277	2022138	15396303	107833745	91527167	51482376	0	0	0
FFQ	3	0	0	25817	0	0	0	0	0	0	0	34604	0	118738	439788	149048	222964	686810	1037134	0	160853	0	0	216832	73864	3459956	0	301182	293629	523675	839478	1848240	16305422	107546366	92442351	51433562	0	0
FFQ	4	0	0	5274	0	0	0	0	0	0	37506	0	117127	372428	138525	260454	664610	1052538	0	138854	0	0	242541	0	79718	3710864	0	305787	271203	530148	775938	2018232	15218030	109182012	92344784	50693740	0	0
FFQ	5	0	0	121	0	0	0	0	0	0	38828	0	120182	336700	132705	251795	638348	1059222	0	124091	0	0	240072	0	82864	3824394	0	324244	257290	500125	762083	1928527	14602793	110126491	93267289	49542149	0	0
FFQ	6	0	0	21	0	0	0	0	0	0	36707	0	119198	311831	140074	261518	610931	1040124	0	127265	0	0	225839	79769	3701817	0	335064	274666	487235	731634	1983130	15484549	110080952	93131263	48996726	0	0	0
FFQ	7	0	0	0	0	0	0	0	0	0	38854	0	114581	316923	133599	253715	612205	1007878	0	118823	0	0	230789	84187	3996204	0	329921	267573	533894	729642	1949248	15331491	111131833	92778215	48200738	0	0	0
FFQ	8	0	0	8249	0	0	0	0	0	0	36400	0	118722	312281	137410	250643	604572	999928	0	123795	0	0	224273	78519	3647198	0	346848	276374	530324	732364	1978662	15527400	110657906	92752134	48816311	0	0	0
FFQ	9	0	0	0	0	0	0	0	0	0	37431	0	119352	312983	136301	264354	624606	1015533	0	118355	0	0	244101	80643	3724988	0	346167	275471	560568	725910	2032149	15524770	110607427	92536435	48872769	0	0	0
FFQ	10	0	0	0	0	0	0	0	0	0	38140	0	119642	309989	138906	260466	600307	1010019	0	119947	0	0	233603	82515	3776356	0	349770	279971	562810	737045	2018972	15513159	110238556	92998607	48771533	0	0	0
FFQ	11	0	0	0	0	0	0	0	0	0	40320	0	117967	301351	136134	261252	614716	1044782	0	118487	0	0	236386	88065	3788587	0	350130	279821	561128	723804	2060360	15723703	110624282	92539459	48549579	0	0	0
FFQ	12	0	0	0	0	0	0	0	0	0	0	41152	0	123611	289126	136055	268169	602573	1042648	0	122599	0	0	315291	3777390	0	367202	282050	545312	729710	2074661	15699779	110479176	92547289	48716520	0	0	0
FFQ	13	0	0	0	0	0	0	0	0	0	0	42330	0	125357	289820	139320	272251	611303	1059895	0	122452	0	0	319869	3815413	0	373640	285922	552104	732009	2100861	15707907	110338411	92298090	48973359	0	0	0
FFQ	14	0	0	0	0	0	0	0	0	0	0	42344	0	124999	285339	139000	271367	608526	1052197	0	123405	0	0	314251	3784475	0	373584	285688	544232	735388	2108599	15657218	110255165	92231031	49223505	0	0	0
FFQ	15	0	0	0	0	0	0	0	0	0	0	41479	0	122849	283079	136437	267785	604772	1030710	0	120848	0	0	313237	3748507	0	374710	283345	547827	727478	2102462	15657039	110366415	92206254	49225080	0	0	0
FFQ	16	0	0	0	0	0	0	0	0	0	0	42634	0	122952	277875	137791	267156	608047	1050485	0	121445	0	0	319509	3759970	0	376913	285784	545524	726741	2107737	15665593	110154833	92501153	49088171	0	0	0
FFQ	17	0	0	0	0	0	0	0	0	0	0	42927	0	124161	278510	140271	268339	614923	1063598	0	123653	0	0	319722	3751056	0	379459	291195	543797	729049	2121132	15753327	110229094	92364566	49021534	0	0	0
FFQ	18	0	0	24	0	0	0	0	0	0	0	44126	0	126270	283357	143113	270424	621301	1075125	0	125207	0	0	326607	3760127	0	382697	295328	553693	737353	2139048	15801618	110206579	92470906	48797410	0	0	0
FFQ	19	0	0	0	0	0	0	0	0	0	46095	0	131132	292434	146748	275869	639862	1104764	0	127889	0	0	241382	95962	3797423	0	388557	298538	561681	746672	2159130	15694529	110383795	92502443	48525408	0	0	0
FFQ	20	0	0	0	0	0	0	0	0	0	46314	0	132605	294656	149675	278202	645873	1123252	0	131108	0	0	241977	95618	3720640	0	389793	302930	559335	756697	2172775	15686754	110281276	92772305	48378528	0	0	0
FFQ	21	0	0	0	0	0	0	0	0	0	47934	0	134351	299352	153588	280124	650784	1139856	0	132838	0	0	342954	0	3773451	389490	306515	566186	758063	2183937	1924645	14474144	109718731	93201049	47682321	0	0	0
FFQ	22	0	0	0	0	0	0	0	0	0	50107	0	137644	302388	157249	289651	666024	1166088	0	135269	0	0	349322	0	3754452	397662	311662	571785	772695	2214629	1947743	14570615	109759817	93059225	47546286	0	0	0
FFQ	23	0	0	0	0	0	0	0	0	0	52425	0	138596	303061	160299	286215	673020	1179208	0	135610	0	0	356484	0	3795759	400350	317346	569551	771972	2220628	1963794	14631807	109678730	93059997	47465461	0	0	0
FFQ	24	0	0	0	0	0	0	0	0	0	54126	0	142291	302004	161065	285893	679470	1192186	0	137821	0	0	255709	104967	3830459	0	405596	317791	563686	777012	2229262	15785081	110284739	92706782	47944373	0	0	0
FFQ	25	0	0	0	0	0	0	0	0	0	55349	0	145243	304612	164552	290570	695124	1214512	0	141445	0	0	257904	106413	3802809	0	413139	322906	558317	785516	2242199	15890836	110245757	92720621	47802489	0	0	0
FFQ	26	0	0	0	0	0	0	0	63691	0	168464	347320	185733	318161	779074	1346663	0	156960	0	0	288814	0	0	106197	3807502	0	414667	322452	558880	793031	2255614	15853120	110075653	92598635	47719682	0	0	0
FFQ	27	0	0	1497	0	0	0	0	64757	0	167003	344137	184571	315280	781901	1342101	0	156693	0	0	287200	0	106498	0	3789595	413873	323029	554741	790084	2249502	2020245	14565257	109518868	93120449	47063032	0	0	0
FFQ	28	0	0	0	0	0	0	0	64053	0	169456	341853	183940	317274	782477	1343185	0	156428	0	0	284910	0	105184	0	3749102	416101	322277	551378	792977	2256301	2015076	14566608	109481419	93282110	46978204	0	0	0
FFQ	29	0	0	49	0	0	0	0	65769	0	173102	353974	189096	325341	797865	1365015	0	156877	0	0	294194	0	105550	0	3728860	420320	328134	562336	804248	2278883	2032845	14600426	109442194	93160438	46974797	0	0	0
FFQ	30	0	0	0	0	0	0	0	67602	0	174152	356924	188971	328083	795932	1366704	0	157272	0	0	293721	0	107339	0	3788101	418915	326099	557937	806524	2272921	2033452	14566040	109308994	93282673	46961957	0	0	0
FFQ	31	0	0	0	0	0	0	0	69564	0	177800	365797	192996	334090	813405	1398159	0	164359	0	0	295392	0	109309	0	3812093	423118	329559	560558	818728	2298243	2057744	14519716	109439294	93170867	46809522	0	0	0
FFQ	32	0	0	0	0	0	0	0	71641	0	183026	373127	197424	342889	827940	1424418	0	168224	0	0	297429	0	109894	0	3759508	430332	333600	564940	824593	2317139	2064290	14598950	109399085	93120706	46751158	0	0	0
FFQ	33	0	0	40810	0	0	0	0	77311	0	191017	389215	200203	355312	841071	1460393	0	169310	0	0	419327	0	0	435772	4105927	574866	834239	2349473	2096266	759659	0	14395393	109258704	92524115	46681930	0	0	0
FFQ	34	0	0	0	0	0	0	0	74866	0	188556	384859	202309	353196	844838	1450908	0	171634	0	0	304176	0	111719	0	3781265	435519	337925	573893	838710	2348835	2097477	14554060	109406719	93077881	46620968	0	0	0
FFQ	35	0	0	0	0	0	0	0	75568	0	189772	389410	203030	352855	852275	1454923	0	172398	0	0	307547	0	111382	0	3786332	437183	337645	576916	838381	2354611	2100773	14542195	109527637	92996764	46552716	0	0	0
FFQ	36	0	0	208	0	0	0	0	77262	0	191616	390437	203068	357688	856154	1457345	0	173339	0	0	305774	0	112288	0	3799745	441111	338796	570234	843807	2360098	2101913	14566150	109317069	93183792	46512419	0	0	0
FFQ	37	0	0	0	0	0	0	0	77676	0	188168	390318	202190	354744	850784	1457260	0	172348	0	0	307195	0	112494	0	3802214	437520	335774	571069	841603	2345659	2097278	14544825	109380850	93155893	46534451	0	0	0
FFQ	38	0	0	0	0	0	0	0	79070	0	193285	398100	204890	362568	867206	1469179	0	177014	0	0	306558	0	112966	0	3781999	446153	338764	577229	851125	2374801	2108143	14547507	109350092	93105901	46507763	0	0	0
FFQ	39	0	0	0	0	0	0	0	79340	0	195049	406347	207692	366709	872664	1486514	0	174008	0	0	315946	0	111541	0	3741917	445661	343267	585162	858215	2380074	2129981	14575185	109186815	93185471	46512755	0	0	0
FFQ	40	0	0	0	0	0	0	0	80940	0	198546	412890	209943	372404	881332	1494282	0	177691	0	0	316570	0	113065	0	3733699	451822	345752	593513	865700	2402960	2136436	14580723	109281798	93099244	46411003	0	0	0
FFQ	41	0	0	122277	0	0	0	85843	0	205877	434607	216791	386949	902476	1533923	0	181557	0	0	329061	115864	0	0	454740	4136210	606686	882543	2426191	2165905	777503	0	14443678	109118930	92280456	46352246	0	0	0
FFQ	42	0	0	0	0	0	0	0	86007	0	205250	429535	216906	386907	908433	1530976	0	181936	0	0	328807	0	115911	0	3802487	456507	348751	596232	888289	2426242	2162945	14558756	109211402	92981626	46336408	0	0	0
FFQ	43	0	0	0	0	0	0	0	86353	0	205611	430517	216576	384290	906254	1534419	0	182986	0	0	326238	0	114951	0	3764494	455331	349715	596642	884412	2423861	2159942	14560300	109118730	93021451	46437240	0	0	0
FFQ	44	0	0	0	0	0	0	0	86371	0	204895	432636	215994	386424	906235	1532113	0	183184	0	0	323294	0	114893	0	3769804	455549	346313	597181	879172	2418311	2147746	14561323	109172017	92969082	46457776	0	0	0
FFQ	45	0	0	0	0	0	0	0	89663	0	206401	433984	218561	391307	918896	1541117	0	186565	0	0	324883	0	116714	0	3775238	460604	351437	595235	885394	2432537	2167569	14624414	109118973	92920794	46400027	0	0	0
FFQ	46	0	0	0	0	0	0	0	90527	0	211901	444637	222567	395585	927539	1567843	0	190896	0	0	329929	118103	0	0	4247834	356632	602980	896149	2455726	2186271	793805	13801927	109704498	92279517	46335447	0	0	0
FFQ	47	0	0	0	0	0	0	0	93689	0	213188	448171	222797	403678	934995	1571327	0	191207	0	0	329736	0	118995	0	3779107	470944	355720	606130	896256	2469319	2189455	14597088	109094700	92860319	46313492	0	0	0
FFQ	48	0	0	0	0	0	0	0	93734	0	217859	456816	226636	409308	951704	1600864	0	193049	0	0	337140	0	118671	0	3741711	476503	358172	611918	913256	2485013	2217298	14527040	109057382	92884724	46281515	0	0	0
FFQ	49	0	0	0	0	0	0	0	95917	0	222848	467647	230895	418050	963385	1624827	0	196587	0	0	339764	0	119886	0	3765323	482204	362061	618031	923049	2514194	2232691	14540213	108933270	92887722	46221749	0	0	0
FFQ	50	0	0	188	0	0	0	0	96736	0	222270	474591	230147	420947	968628	1618386	0	195366	0	0	346469	0	120114	0	3795129	480884	360678	627607	922859	2519913	2236284	14454436	108990660	92798947	46279074	0	0	0
FFQ	51	0	0	0	0	0	0	0	96167	0	224963	478367	233245	424905	973339	1631162	0	196737	0	0	344591	0	118623	0	3729847	482538	364211	629782	927823	2535053	2246923	14513244	108918791	92819783	46270219	0	0	0
FFQ	52	0	0	0	0	0	0	0	97060	0	224349	481749	235180	423401	973960	1631047	0	195026	0	0	348646	0	117573	0	3728898	480407	363654	628926	927028	2520766	2238078	14549252	109028480	92780255	46186578	0	0	0
FFQ	53	0	0	0	0	0	0	101114	0	230226	488257	238670	433335	988849	1654119	0	202188	0	0	345268	0	0	122378	0	3783109	487542	366485	622402	938993	2531631	2246113	14523561	108772700	92955572	46127801	0	0	0
FFQ	54	0	0	0	0	0	0	101105	0	232859	497484	241298	437948	1000625	1671709	0	203936	0	0	350187	0	0	122657	0	3780192	491745	368340	631830	946558	2549659	2267795	14509226	108785725	92826876	46142559	0	0	0
FFQ	55	0	0	0	0	0	0	103465	0	236977	504524	243527	448363	1008962	1683973	0	206383	0	0	351783	0	0	122228	0	3748964	499867	371351	638287	955681	2575230	2276207	14558508	108816186	92710685	46099162	0	0	0
FFQ	56	0	0	28	0	0	0	104828	0	239839	517534	248074	453673	1018603	1702540	0	204974	0	0	360675	0	0	123480	0	3757985	500014	376769	649084	964560	2594767	2303399	14545788	108742039	92612337	46139323	0	0	0
FFQ	57	0	0	0	0	0	0	107352	0	240265	516904	248553	456923	1027319	1708878	0	206763	0	0	363852	0	0	124385	0	3770842	501736	375835	645195	964584	2598418	2305487	14539279	108819694	92595798	46042251	0	0	0
FFQ	58	0	0	0	0	0	0	108138	0	246557	525633	252619	464240	1040605	1734291	0	212702	0	0	361890	0	0	126358	0	3776585	510262	379794	652445	975770	2616996	2321018	14587476	108716843	92578654	45971437	0	0	0
FFQ	59	0	0	170	0	0	0	110296	0	245759	533795	254266	465526	1047274	1741919	0	213412	0	0	367584	0	0	126285	0	3764104	509835	380269	654649	975789	2619782	2334485	14554484	108730143	92549236	45981251	0	0	0
FFQ	60	0	0	0	0	0	0	110255	0	245909	527086	252301	464758	1043868	1730425	0	213684	0	0	361380	0	0	125306	0	3743583	508156	378065	643289	973350	2605264	2315804	14551775	108662094	92633744	46070217	0	0	0
FFQ	61	0	0	39803	0	0	0	113678	0	254025	543923	256256	478401	1059956	1762587	0	215501	0	0	371152	0	126783	0	0	4270512	381565	660194	988090	2638478	2337394	850580	13701956	109228534	91924501	45956444	0	0	0
FFQ	62	0	0	42	0	0	0	113370	0	259105	559856	262383	490953	1074450	1789788	0	217508	0	0	383521	0	127123	0	0	4267718	388727	676070	1002341	2677564	2369919	855853	13665391	109217949	91803873	45956809	0	0	0
FFQ	63	0	0	0	0	0	0	115226	0	257644	559653	265626	490959	1074702	1796049	0	218458	0	0	380715	0	127840	0	0	4275133	389096	667876	996708	2664270	2368692	852005	13672493	109103884	91887019	45996265	0	0	0
FFQ	64	0	0	0	0	0	0	117107	0	261496	559143	266966	493667	1084687	1801375	0	223122	0	0	373238	0	130534	0	0	524173	4177733	662157	1004369	2671593	2360514	857123	0	14387184	108403271	91922402	45878459	0	0
FFQ	65	0	0	0	0	0	0	118604	0	266813	573944	269046	504745	1102363	1828292	0	225187	0	0	384580	0	130602	0	0	4289184	391506	677846	1019585	2710783	2397840	864970	13599792	109172546	91759860	45872225	0	0	0
FFQ	66	0	0	0	0	0	0	118655	0	271307	584616	271994	511002	1109552	1848998	0	224238	0	0	386822	0	131095	0	0	4281840	395980	686336	1023847	2722436	2413501	869376	13646016	109070075	91734976	45857651	0	0	0
FFQ	67	0	0	0	0	0	0	120960	0	273943	592425	275991	514948	1120333	1864387	0	227716	0	0	390481	0	131585	0	0	4292918	399669	691235	1032440	2736707	2424886	873359	13676130	109060529	91682684	45776987	0	0	0
FFQ	68	0	0	0	0	0	0	124076	0	277634	600802	279986	527568	1133120	1873942	0	230807	0	0	395709	0	134535	0	0	4320995	403814	699618	1040642	2758353	2442180	879790	13688649	108998048	91546855	45803190	0	0	0
FFQ	69	0	0	0	0	0	0	124644	0	280233	606650	282001	532531	1141891	1889453	0	232287	0	0	402031	0	133565	0	0	4311951	406002	705430	1043253	2775208	2455591	883414	13667719	109079323	91414557	45792579	0	0	0
FFQ	70	0	0	30	0	0	0	126173	0	281251	609431	279087	533391	1141381	1884592	0	230512	0	0	401578	0	134560	0	0	4307148	404602	706386	1049135	2775230	2452427	887626	13670704	108996501	91545977	45742591	0	0	0
FFQ	71	0	0	73	0	0	0	130129	0	289758	626789	287279	548135	1164489	1933741	0	233332	0	0	407916	0	135960	0	0	4314454	410321	716393	1061336	2806775	2488954	895883	13658281	108771185	91570632	45708498	0	0	0
FFQ	72	0	0	1	0	0	0	128655	0	289632	627037	286416	545929	1167044	1935980	0	236560	0	0	407848	0	135969	0	0	4282711	409498	711064	1066171	2805923	2481145	897306	13620588	108812151	91568636	45744049	0	0	0
FFQ	73	0	0	0	0	0	0	129991	0	290511	626760	286388	546640	1167728	1932761	0	238089	0	0	406098	0	135588	0	0	4299685	406266	707170	1062540	2792574	2473661	893761	13623299	108892715	91574538	45673550	0	0	0
FFQ	74	0	0	5	0	0	0	129501	0	289547	616263	284997	546346	1156802	1921377	0	239085	0	0	397209	0	134606	0	0	4294373	404387	696358	1052544	2775497	2453581	890356	13645451	108945978	91612099	45673951	0	0	0
FFQ	75	0	0	0	0	0	0	131271	0	292798	624679	288906	552107	1166623	1936636	0	242071	0	0	398808	0	135145	0	0	4296050	407033	697778	1062305	2788048	2461276	893367	13678888	108866839	91519708	45719977	0	0	0
FFQ	76	0	0	0	0	0	0	134247	0	301732	638478	295179	570447	1191003	1967936	0	244465	0	0	403221	0	138354	0	0	4314932	412983	709651	1076868	2835791	2495264	904730	13648349	108704328	91567658	45604697	0	0	0
FFQ	77	0	0	0	0	0	0	136329	0	307968	660983	300798	578893	1213894	2014498	0	248227	0	0	417853	0	139320	0	0	4321328	420565	727427	1094692	2872933	2540298	916009	13613370	108649452	91447933	45537543	0	0	0
FFQ	78	0	0	1	0	0	0	138520	0	315390	671356	305221	591016	1228820	2033868	0	252806	0	0	421155	0	139668	0	0	4311421	423670	737208	1106769	2901742	2554958	928101	13619841	108606083	91348211	45524488	0	0	0
FFQ	79	0	0	0	0	0	0	139584	0	313743	676554	305605	593824	1232464	2039400	0	250641	0	0	425813	0	139933	0	0	581998	4168313	739991	1102853	2901946	2560409	926872	0	14343501	107825228	91374138	45517503	0	0
FFQ	80	0	0	0	0	0	0	141300	0	316241	675107	307301	593821	1235084	2048388	0	254563	0	0	420605	0	141111	0	0	587672	4181417	732343	1105950	2900433	2555269	923885	0	14350647	107827866	91368950	45492360	0	0
FFQ	81	0	0	0	0	0	0	142737	0	317445	678271	308227	597211	1240253	2057513	0	257107	0	0	424115	0	141394	0	0	4333567	424499	736010	1108917	2905378	2563052	927129	13596665	108519294	91364885	45516644	0	0	0
FFQ	82	0	0	0	0	0	0	144908	0	325005	695761	310998	613346	1254803	2074296	0	259611	0	0	432033	0	143589	0	0	600002	4189287	749320	1126911	2940305	2591980	936702	0	14365423	107639087	91342046	45424900	0	0
FFQ	83	0	0	0	0	0	0	146720	0	332766	717686	318413	628595	1277582	2109618	0	260180	0	0	445086	0	143455	0	0	606321	4186912	769215	1144426	2985994	2627493	947346	0	14393746	107564701	91167119	45386939	0	0
FFQ	84	0	0	31	0	0	0	143799	0	321940	696719	314402	611832	1254745	2078280	0	257261	0	0	435193	0	140300	0	0	591444	4174352	744587	1119143	2926996	2587304	931203	0	14388471	107806732	91204864	45430715	0	0
FFQ	85	0	0	0	0	0	0	145072	0	323478	686528	311930	611983	1248968	2068249	0	263137	0	0	420890	0	142409	0	0	597648	4162997	727243	1118122	2910860	2554395	928325	0	14360720	107754145	91450796	45372418	0	0
FFQ	86	0	0	0	0	0	0	148645	0	337194	719911	320421	635929	1283536	2118068	0	268718	0	0	435100	0	145239	0	0	4350419	439076	753513	1151272	2975160	2611179	947362	13602769	108354020	91215138	45347644	0	0	0
FFQ	87	0	0	34	0	0	0	150825	0	338330	723995	323022	641519	1293875	2137189	0	267018	0	0	446362	0	145656	0	0	610841	4205531	764062	1150902	2996407	2642977	956738	0	14353608	107557148	91085970	45368304	0	0
FFQ	88	0	0	51	0	0	0	152706	0	346813	735548	324476	656068	1315678	2164266	0	271514	0	0	447614	0	147391	0	0	626390	4200630	772867	1172702	3040206	2671006	968889	0	14290778	107470630	91093950	45290140	0	0
FFQ	89	0	0	0	0	0	0	152271	0	348363	746999	328801	657369	1318685	2185054	0	270125	0	0	457372	0	144550	0	0	4335785	447445	777691	1169905	3039607	2679777	963907	13522214	108333993	91008706	45271694	0	0	0
FFQ	90	0	0	553	0	0	0	155798	0	355967	749292	332346	670058	1332770	2191457	0	278328	0	0	449482	0	147430	0	0	635610	4156697	772515	1184211	3060907	2680266	975548	0	14346380	107369040	91103351	45212307	0	0
FFQ	91	0	0	0	0	0	0	160358	0	369164	786720	345348	695096	1369252	2251148	0	281060	0	0	475134	0	151926	0	0	648513	4220412	813952	1214343	3140262	2764080	995162	0	14348388	107197703	90841264	45091028	0	0
FFQ	92	0	0	32	0	0	0	158572	0	356239	770257	339917	677700	1342542	2218939	0	278631	0	0	470913	0	149336	0	0	4377706	456512	798444	1186671	3084207	2717821	976997	13510870	108230988	90841254	45215765	0	0	0
FFQ	93	0	0	124	0	0	0	162174	0	359697	758870	334587	679377	1344023	2207894	0	281973	0	0	452399	0	152179	0	0	639856	4218919	776040	1184202	3063967	2679726	977281	0	14315931	107340489	91034198	45196407	0	0
FFQ	94	0	0	0	0	0	0	159435	0	358203	765373	340226	680928	1345974	2233117	0	280380	0	0	457336	0	150442	0	0	634921	4210798	779683	1183441	3063246	2692091	972891	0	14350217	107367726	90927961	45205924	0	0
FFQ	95	0	0	0	0	0	0	162508	0	371388	774280	341956	700634	1371152	2254142	0	290947	0	0	456783	0	153448	0	0	652287	4205392	780899	1212919	3111244	2710087	990374	0	14335889	107155921	90963919	45164144	0	0
FFQ	96	0	0	0	0	0	0	166224	0	386948	825882	356787	731700	1418268	2338385	0	294610	0	0	488708	0	152522	0	0	668019	4199787	828146	1245999	3198941	2810354	1010241	0	14313165	106957689	90768076	44999862	0	0
FFQ	97	0	0	0	0	0	0	163265	0	378758	807131	353543	715752	1393245	2309642	0	289969	0	0	475367	0	150949	0	0	655016	4188196	810056	1223567	3152142	2773356	998279	0	14343810	107095359	90815121	45067790	0	0
FFQ	98	0	0	0	0	0	0	165469	0	385064	806871	353857	731815	1407743	2311475	0	296196	0	0	470706	0	154029	0	0	669070	4196318	805397	1240767	3176943	2773430	1008439	0	14298874	107022465	90844515	45040870	0	0
FFQ	99	0	0	0	0	0	0	168733	0	391293	827604	358957	737509	1427923	2365951	0	297005	0	0	490199	0	154128	0	0	667263	4232644	820694	1247267	3199667	2823159	1016930	0	14298614	106906744	90705417	45022612	0	0
FFQ	100	0	0	0	0	0	0	166782	0	391182	813613	354913	735135	1422836	2342726	0	301761	0	0	472454	0	153670	0	0	671508	4165792	804700	1246106	3189967	2787483	1013140	0	14273503	107012219	90861961	44978862	0	0
FFQ	101	0	0	0	0	0	0	170542	0	396966	832973	362623	748883	1442370	2384752	0	303106	0	0	484729	0	155334	0	0	677339	4205306	824602	1257165	3224121	2820945	1021992	0	14309610	106908744	90722359	44905852	0	0
FFQ	102	0	0	1	0	0	176697	0	405442	845891	365191	759302	1447787	2398046	0	304911	0	0	487560	158625	0	0	685197	478935	4566838	1266218	3238080	2832353	1024351	0	815894	13486967	106892448	90645285	44878294	0	0	0
FFQ	103	0	0	1	0	0	0	174023	0	402136	837340	364497	761671	1455682	2385663	0	304868	0	0	485920	0	157262	0	0	688366	4208294	829817	1272272	3250359	2846595	1031036	0	14347806	106903110	90629354	44824241	0	0
FFQ	104	0	0	21	0	0	0	178123	0	420317	880934	373729	787861	1491606	2445653	0	310926	0	0	511325	0	159861	0	0	706784	4225948	866541	1310009	3328411	2919470	1051907	0	14318282	106718877	90396458	44757270	0	0
FFQ	105	0	0	0	0	0	0	178776	0	415860	885667	377237	786603	1494321	2465272	0	311705	0	0	514244	0	160158	0	0	698405	4240774	863166	1295569	3312822	2924456	1045875	0	14322138	106653125	90435410	44778730	0	0
FFQ	106	0	0	136	0	0	0	178467	0	421936	879945	374178	794316	1497707	2455626	0	314168	0	0	503022	0	162043	0	0	708606	4231734	855561	1310622	3325448	2913588	1050472	0	14315266	106672188	90495697	44699587	0	0
FFQ	107	0	0	0	0	0	0	179351	0	430576	905773	386025	812194	1528483	2522379	0	318467	0	0	516818	160298	0	0	712700	502260	4599672	1324186	3371409	2953418	1060390	0	854991	13443790	106555438	90298430	44723265	0	0
FFQ	108	0	0	11	0	0	0	180429	0	426247	886971	382923	803906	1511741	2495932	0	319797	0	0	504830	0	160544	0	0	711211	4223697	850936	1311465	3338851	2919139	1054830	0	14317850	106493220	90470529	44795254	0	0
FFQ	109	0	0	0	0	0	0	183711	0	436751	907431	387232	817309	1535540	2525152	0	324068	0	0	512308	163229	0	0	721725	504589	4596116	1331968	3378463	2956634	1067365	0	847464	13441139	106419576	90404791	44697752	0	0
FFQ	110	0	0	33	0	0	0	185745	0	446678	927057	393705	837359	1565299	2566922	0	327850	0	0	523699	165018	0	0	733595	512007	4610567	1348876	3429606	3006807	1079870	0	862076	13402915	106348914	90275767	44609948	0	0
FFQ	111	0	0	0	0	0	188026	0	457237	944346	399472	856781	1584750	2612715	0	332811	0	0	531591	0	166170	0	0	747417	519375	4609325	1368335	3474531	3040369	1092204	0	873138	13416568	106200027	90176658	44568467	0	0
FFQ	112	0	0	43	0	0	187583	0	460289	953818	404953	863241	1592472	2623994	0	333070	0	0	534943	0	165308	0	0	746360	522694	4609780	1374836	3483263	3042022	1094870	0	873072	13411833	106206778	90113379	44561712	0	0
FFQ	113	0	0	0	0	0	0	189709	0	454345	942494	400825	861055	1577347	2599012	0	334443	0	0	524825	165913	0	0	738294	519739	4603388	1364283	3468240	3012932	1090546	0	861174	13472697	106248021	90157576	44573455	0	0
FFQ	114	0	0	39	0	0	0	190507	0	450901	938040	401495	859034	1582638	2593533	0	339159	0	0	518764	167321	0	0	741145	519567	4603497	1363916	3453422	3001488	1084547	0	852624	13475898	106225298	90220614	44576866	0	0
FFQ	115	0	0	0	0	0	195729	0	470424	969052	407861	884509	1618603	2656508	0	345031	0	0	537529	0	170635	0	0	761326	528341	4630786	1394430	3525250	3068664	1107491	0	874932	13411717	106078739	90064051	44458705	0	0
FFQ	116	0	0	0	0	0	196656	0	471275	981537	410999	886493	1618977	2668505	0	340962	0	0	543129	0	168628	0	0	759878	528433	4639348	1393423	3524160	3077737	1104796	0	884188	13392841	106081197	90014844	44472307	0	0
FFQ	117	0	0	0	0	0	0	194061	0	467654	958315	406496	881893	1609771	2648518	0	341909	0	0	527869	169466	0	0	759191	525691	4613727	1390162	3509087	3063756	1101268	0	862899	13430065	106056813	90169273	44472429	0	0
FFQ	118	0	0	3	0	0	195635	0	478492	986233	413867	902459	1645063	2702547	0	351147	0	0	539255	0	171828	0	0	770912	535811	4637359	1419984	3571258	3106655	1115233	0	875088	13391157	105976368	90019473	44354486	0	0
FFQ	119	0	0	0	0	0	199535	0	497654	1024379	424954	934402	1686522	2768207	0	357728	0	0	561488	0	172518	0	0	789077	549905	4645512	1450437	3645366	3185160	1140500	0	906019	13360766	105741895	89844739	44273550	0	0
FFQ	120	0	0	113	0	0	201744	0	498981	1022441	429772	937335	1687767	2778185	0	354293	0	0	562587	0	172398	0	0	788453	550578	4664714	1446061	3642165	3188273	1140520	0	907121	13375840	105724304	89781396	44305272	0	0
FFQ	121	0	0	0	0	0	202995	0	500462	1023091	429391	941110	1691984	2788178	0	360548	0	0	553996	0	173319	0	0	793654	547708	4652863	1447170	3642526	3171843	1140404	0	891584	13342785	105751085	89821366	44292251	0	0
FFQ	122	0	0	0	0	0	204700	0	509651	1039273	436483	956185	1716189	2820287	0	366401	0	0	558405	0	175534	0	0	799161	553838	4659891	1466274	3673285	3200213	1148354	0	897807	13335004	105616790	89788159	44238429	0	0
FFQ	123	0	0	0	0	0	200529	0	491085	1009475	425607	926858	1678506	2768875	0	361268	0	0	545479	0	170489	0	0	777669	543794	4617020	1425535	3601662	3135458	1128641	0	879230	13388257	105879757	89854788	44350331	0	0
FFQ	124	0	0	0	0	0	0	202324	0	492097	990978	419921	927324	1662429	2731246	0	365274	0	0	527686	173206	0	0	789706	535173	4618166	1427332	3582332	3084780	1126966	0	853643	13387408	105847292	90102255	44312775	0	0
FFQ	125	0	0	0	0	0	206630	0	511039	1037464	434271	962094	1718725	2825536	0	374342	0	0	552700	0	176410	0	0	804798	554330	4659608	1464267	3669820	3181921	1154346	0	887058	13369649	105644996	89789303	44181006	0	0
FFQ	126	0	0	0	0	0	210005	0	528368	1064378	446725	992554	1754589	2885446	0	378749	0	0	568223	0	180316	0	0	825473	570481	4681758	1495129	3752009	3250960	1176528	0	909004	13368750	105414346	89578205	44128317	0	0
FFQ	127	0	0	0	0	0	211319	0	527152	1075992	448898	991672	1754563	2905589	0	378564	0	0	574979	0	178733	0	0	819108	570274	4686096	1495690	3758221	3273607	1175158	0	918749	13331608	105410203	89563389	44110749	0	0
FFQ	128	0	0	30	0	0	211498	0	524102	1059455	441674	986996	1742616	2872577	0	380232	0	0	559556	0	180669	0	0	822041	561642	4695618	1487670	3733363	3225430	1167494	0	895890	13323453	105484193	89693373	44110741	0	0
FFQ	129	0	0	40	0	0	213293	0	545624	1091696	454651	1017544	1785546	2943070	0	387585	0	0	573168	0	182187	0	0	840898	577096	4670261	1526890	3802744	3290109	1189725	0	915813	13337882	105271413	89524380	44018698	0	0
FFQ	130	0	0	0	0	0	216548	0	562447	1133806	467347	1057665	1834178	3019210	0	392636	0	0	594909	0	185370	0	0	859177	595746	4717654	1564166	3901031	3389141	1217767	0	943790	13278499	104971026	89373562	43884638	0	0
FFQ	131	0	0	0	0	0	216242	0	549950	1116108	466325	1037880	1804076	2995753	0	387860	0	0	590874	0	181010	0	0	843293	589199	4708135	1536221	3859239	3361768	1200193	0	940394	13326527	105125931	89383116	43940219	0	0
FFQ	132	0	0	0	0	0	215940	0	541566	1089598	454068	1020340	1780880	2947460	0	393705	0	0	565688	182348	0	0	835790	572379	4674736	1518626	3789606	3263806	1183794	0	897435	13360635	105225081	89663695	43983137	0	0	0
FFQ	133	0	0	0	0	0	219667	0	563763	1125059	466557	1061367	1839586	3023748	0	402802	0	0	582456	0	185390	0	0	861152	588816	4680087	1564607	3886547	3352796	1214856	0	925306	13283782	104995443	89502987	43833539	0	0
FFQ	134	0	0	0	0	0	222328	0	587335	1165631	481211	1101084	1886332	3105978	0	408254	0	0	605641	0	188240	0	0	884152	608635	4711588	1600396	3977985	3455824	1241630	0	956813	13252139	104789336	89201158	43728623	0	0
FFQ	135	0	0	945	0	0	223960	0	587755	1172198	486555	1106524	1896420	3124850	0	411165	0	0	608703	0	188074	0	0	881876	612487	4731843	1600945	3993351	3462232	1239612	0	960700	13272106	104744006	89123049	43730957	0	0
FFQ	136	0	0	83	0	0	226485	0	591364	1170512	487759	1113411	1889768	3104716	0	412461	0	0	599555	0	190888	0	0	890122	613037	4755508	1606953	3994780	3443352	1239267	0	948918	13273902	104748502	89199338	43659632	0	0
FFQ	137	0	0	0	0	0	228647	0	597151	1186558	494402	1128002	1910570	3146294	0	418714	0	0	612659	0	193019	0	0	893038	619283	4783529	1618525	4021858	3485307	1248527	0	962052	13256190	104695791	89018716	43641481	0	0
FFQ	138	0	0	0	0	0	227783	0	590239	1175457	490577	1116780	1896134	3132636	0	422203	0	0	598398	0	191133	0	0	888056	612673	4745469	1607560	3998907	3441045	1241697	0	944690	13259673	104829881	89059365	43689957	0	0
FFQ	139	0	0	7	0	0	233270	0	611038	1196657	492790	1145456	1925919	3167200	0	423703	0	0	607693	0	195608	0	0	912665	620530	4743812	1647273	4057020	3484356	1261558	0	953925	13238327	104572660	89088917	43579929	0	0
FFQ	140	0	0	0	0	0	232869	0	619037	1227125	505698	1170377	1955434	3227538	0	424593	0	0	622753	0	195831	0	0	916279	636057	4781921	1661213	4110494	3562011	1271738	0	975953	13208690	104438508	88881329	43534865	0	0
FFQ	141	0	0	0	0	0	0	229476	0	616554	1215551	502128	1162785	1946266	3215218	0	430679	0	0	612285	192695	0	0	912945	627579	4726603	1652674	4092692	3523473	1268904	0	960185	13224703	104468493	89020688	43557737	0	0
FFQ	142	0	0	10	0	0	235528	0	641451	1253481	515637	1212918	2004625	3289439	0	441113	0	0	629746	0	199338	0	0	947416	648103	4740574	1706081	4206768	3615042	1305066	0	984253	13179755	104179699	88820830	43403440	0	0
FFQ	143	0	0	0	0	0	0	233086	0	627469	1242907	514778	1187315	1970249	3267821	0	432363	0	0	629842	193295	0	0	924991	640800	4760133	1672639	4155679	3585041	1283098	0	985185	13213160	104381646	88780420	43478396	0	0
FFQ	144	0	0	0	0	0	0	235408	0	631968	1225060	506581	1199657	1978258	3227264	0	441240	0	0	605781	199223	0	0	939224	635198	4756140	1683787	4152844	3531394	1285274	0	951835	13220628	104297547	89018750	43437252	0	0
FFQ	145	0	0	0	0	0	239777	0	650393	1277896	527260	1233626	2023166	3345997	0	444329	0	0	641503	0	197935	0	0	948924	653970	4787365	1711238	4237346	3651082	1303801	0	997372	13164752	104115780	88683107	43323694	0	0
FFQ	146	0	0	10	0	0	0	241349	0	656631	1270291	528447	1246092	2035093	3336645	0	455991	0	0	628016	0	202159	0	0	959483	655157	4771241	1721562	4251510	3627538	1314183	0	978810	13196359	104032965	88729109	43321672	0
FFQ	147	0	0	0	0	0	0	243280	0	662735	1290755	537629	1254814	2049997	3384377	0	455229	0	0	639807	200585	0	0	961409	662741	1099972	5432751	4270750	3658113	1314666	0	991825	0	13180318	104026973	88600207	43241380	0
FFQ	148	0	0	0	0	0	0	247994	0	693646	1326234	550469	1302920	2103746	3451979	0	471398	0	0	649788	208855	0	0	994584	679761	4803035	1784891	4365404	3737769	1341439	0	1004734	13111049	103731883	88538806	43059929	0	0
FFQ	149	0	0	1	0	0	0	252686	0	707029	1377027	567122	1335682	2145380	3545408	0	469060	0	0	683103	209170	0	0	1001871	703084	4838233	1810830	4462085	3869179	1365808	0	1052714	13058978	103608191	88108101	42989571	0	0
FFQ	150	0	0	905	0	0	0	248868	0	692874	1338398	554589	1312507	2105568	3475952	0	470615	0	0	655591	208221	0	0	994999	4377002	1136093	1785198	4404752	3780222	1349732	0	14119606	103722350	88347031	43079240	0	0	0
# Last Fragment Qualities. Use `grep ^LFQ | cut -f 2-` to extract this part.
# Columns correspond to qualities and rows to cycles. First column is the cycle number.
LFQ	1	0	0	0	0	0	0	0	0	0	0	5439585	0	0	0	0	0	0	0	0	0	0	0	0	0	8599076	0	0	0	0	264126880	0	0	0	0	0	0	0
LFQ	2	0	0	454	0	0	0	0	121847	0	256374	395779	322844	472952	833842	1781354	0	243918	0	0	248776	0	129101	0	4071518	562823	428002	468106	1002614	2611129	2434753	13598425	105375067	91098364	51707499	0	0	0
LFQ	3	0	0	209	0	0	0	0	69731	0	223417	499780	237715	377380	901851	1821069	0	215730	0	0	273718	0	88520	0	3307703	449058	371262	666729	887308	2602407	2189483	15250896	106030783	91128130	50572662	0	0	0
LFQ	4	0	0	3123	0	0	0	0	69514	0	214679	489675	225761	401036	901769	1881593	0	224472	0	0	293215	0	95833	0	3599483	418365	358251	655622	910094	2831599	2156662	14323320	107727184	90886354	49497937	0	0	0
LFQ	5	0	0	122	0	0	0	0	75870	0	211623	480694	216752	394556	877053	1867723	0	208085	0	0	281804	0	0	100069	0	3709024	420708	348655	606663	978418	2706568	2159896	13308762	109103371	91870115	48239010	0	0
LFQ	6	0	0	48	0	0	0	70508	0	231886	480457	227127	441747	865755	1887108	0	206875	0	0	274426	0	93723	0	3603896	456790	358152	619670	906554	2762863	2143970	14371765	108532813	91906170	47723238	0	0	0	0
LFQ	7	0	0	0	0	0	0	79307	0	228053	508214	224077	453971	913488	1904105	0	201655	0	0	294714	0	102656	0	0	4395346	347044	675296	919943	2755670	2190379	734266	13382880	110276085	90906959	46671433	0	0	0
LFQ	8	0	0	0	0	0	0	76163	0	238620	520029	228671	469081	920541	1907558	0	209333	0	0	289798	0	93892	0	0	4053930	348108	681055	930930	2776179	2121818	745420	13498614	109611796	90934181	47509824	0	0	0
LFQ	9	0	0	0	0	0	0	79743	0	241099	526123	233957	488864	962544	1985027	0	204261	0	0	312507	0	98050	0	0	4109488	353753	679899	917553	2817011	2178041	788654	13513742	109377808	90649292	47648125	0	0	0
LFQ	10	0	0	0	0	0	0	83225	0	251352	544638	237267	513921	956756	2005212	0	203001	0	0	315485	0	98482	0	0	4176969	350618	713956	913902	2809140	2152384	800650	13486776	108866802	91106078	47578927	0	0	0
LFQ	11	0	0	0	0	0	0	84510	0	247047	544523	243643	522944	977027	2024191	0	207704	0	0	310544	101119	0	0	462103	4069715	689572	944882	2823092	2166993	785703	0	14269810	108674331	90662668	47353420	0	0	0
LFQ	12	0	0	0	0	0	0	83123	0	248115	534990	238377	532541	953876	1968050	0	201310	0	0	302586	98786	0	0	471338	4065436	693212	926544	2775565	2100974	782032	0	14264101	108615194	90710583	47598808	0	0	0
LFQ	13	0	0	0	0	0	0	86883	0	254278	551551	241544	555947	974734	1987811	0	201052	0	0	305308	101629	0	0	480454	4101878	706249	934980	2808742	2125536	792155	0	14247427	108355340	90480242	47871801	0	0	0
LFQ	14	0	0	0	0	0	0	88214	0	263301	560977	250449	577293	1007490	2056074	0	203021	0	0	313346	103971	0	0	493206	4071591	700779	953374	2862405	2213801	818596	0	14178203	108165961	90237956	48045533	0	0	0
LFQ	15	0	0	0	0	0	0	86394	0	258821	555393	248599	587248	998432	1996962	0	197184	0	0	310689	99164	0	0	488288	4030329	705314	940785	2823731	2156241	806476	0	14210244	108446015	90230570	47988662	0	0	0
LFQ	16	0	0	0	0	0	0	88452	0	266750	564539	250816	597970	1012419	2041531	0	199914	0	0	314814	103169	0	0	492880	4052359	697424	957249	2836178	2202423	812673	0	14190641	108071121	90632409	47779810	0	0	0
LFQ	17	0	0	43	0	0	0	89234	0	270660	563434	257548	607611	1015265	2035108	0	203026	0	0	309571	103071	0	0	493036	4034721	691552	958856	2823801	2185542	813090	0	14246406	108219599	90505674	47738693	0	0	0
LFQ	18	0	0	0	0	0	0	89480	0	280883	583758	259215	630678	1034528	2034644	0	202795	0	0	323707	102696	0	0	511244	4039307	715694	958830	2854985	2198337	831467	0	14331455	108155777	90588931	47437130	0	0	0
LFQ	19	0	0	0	0	0	0	93568	0	283127	598540	264732	643007	1060886	2063470	0	204080	0	0	331780	105766	0	0	510751	4099764	717914	973360	2876924	2235120	835095	0	14171999	108237651	90608477	47249530	0	0	0
LFQ	20	0	0	0	0	0	0	94024	0	285983	594132	268569	657841	1054885	2049643	0	206034	0	0	324560	103230	0	0	509573	4019021	708364	975156	2858207	2200821	820536	0	14150068	108164267	91032543	47088084	0	0	0
LFQ	21	0	0	0	0	0	0	96938	0	294124	607502	274258	668827	1075273	2092763	0	213945	0	0	328342	107968	0	0	512349	4071140	711779	991977	2892761	2242987	828660	0	14164600	108229196	90778859	46981293	0	0	0
LFQ	22	0	0	0	0	0	0	100174	0	298949	616867	280278	699573	1098181	2114728	0	213583	0	0	339114	110109	0	0	526239	4055985	723370	1002683	2924070	2258855	859792	0	14255061	108156979	90646123	46884828	0	0	0
LFQ	23	0	0	618	0	0	0	103335	0	300468	623796	284783	700529	1098710	2092959	0	212030	0	0	340853	110009	0	0	527256	4112244	726560	1009052	2919213	2248497	854208	0	14344242	108078656	90665337	46812186	0	0	0
LFQ	24	0	0	0	0	0	0	106831	0	311785	644709	287907	714818	1116162	2144197	0	212868	0	0	348380	116523	0	0	539439	4151408	744914	1038993	2982859	2320458	864113	0	14235184	107880368	90767815	46635810	0	0	0
LFQ	25	0	0	1	0	0	0	106944	0	320124	652755	295698	744781	1138868	2162392	0	215165	0	0	348846	117438	0	0	555832	4130907	744886	1054033	3020306	2348215	878327	0	14301307	107739492	90792164	46497060	0	0	0
LFQ	26	0	0	18	0	0	108322	0	318614	658639	297319	739327	1148696	2175834	0	219084	0	0	352453	0	117997	0	0	545910	4149195	732980	1060503	3000676	2356514	871797	0	14285467	107750571	90792050	46483575	0	0	0
LFQ	27	0	0	9	0	0	0	108554	0	319983	648710	295492	747102	1148159	2152813	0	221117	0	0	347606	117078	0	0	548411	4130513	728667	1049145	2987844	2326210	877628	0	14269207	107957792	90756540	46426961	0	0	0
LFQ	28	0	0	0	0	0	110478	0	330976	667580	300579	768613	1172875	2191122	0	225236	0	0	355723	0	118139	0	0	561675	4080795	733597	1064360	3032208	2357214	894784	0	14253343	107752930	90889999	46303315	0	0	0
LFQ	29	0	0	0	0	0	114096	0	332893	681879	308799	782548	1198303	2228027	0	227416	0	0	360709	0	119713	0	0	561891	4075848	738331	1085959	3068422	2393939	894756	0	14300105	107732015	90689014	46270878	0	0	0
LFQ	30	0	0	0	0	0	114973	0	339508	675121	310322	801248	1197505	2228912	0	229258	0	0	357298	122684	0	0	572950	411739	4448098	1080299	3082842	2405168	910725	0	703758	13550714	107541214	90867955	46213250	0	0	0
LFQ	31	0	0	0	0	0	119148	0	339288	698053	315746	807819	1217269	2245669	0	232695	0	0	365442	124194	0	0	568629	420471	4491073	1103945	3107039	2439564	902267	0	713494	13492407	107665740	90672443	46123146	0	0	0
LFQ	32	0	0	0	0	0	118794	0	347865	717832	323251	823061	1232751	2270882	0	237033	0	0	369829	125501	0	0	577449	431308	4455162	1131587	3153280	2474322	906063	0	722822	13557804	107568816	90589999	46030130	0	0	0
LFQ	33	0	0	0	0	0	120601	0	351382	731362	327680	832386	1240645	2285291	0	235728	0	0	382382	123424	0	0	577061	425441	4467748	1116841	3143252	2468422	910074	0	737372	13479479	107570422	90676666	45961882	0	0	0
LFQ	34	0	0	0	0	0	125698	0	364389	738517	328159	858435	1267164	2324197	0	243020	0	0	379288	128071	0	0	601254	427309	4477164	1130505	3201643	2497377	935301	0	731144	13493830	107477724	90621481	45813871	0	0	0
LFQ	35	0	0	0	0	0	125756	0	358692	738487	332151	858388	1269062	2294330	0	244941	0	0	376834	126802	0	0	593760	427695	4479952	1130062	3169314	2473640	916523	0	724022	13514548	107714345	90532466	45763771	0	0	0
LFQ	36	0	0	27	0	0	127541	0	365808	755793	332846	863985	1274828	2325834	0	244924	0	0	384125	129535	0	0	598386	436130	4501396	1149170	3216471	2524396	923034	0	737293	13511785	107498941	90567067	45696226	0	0	0
LFQ	37	0	0	30	0	0	129220	0	364087	759962	341819	875405	1292423	2343411	0	248724	0	0	385428	129511	0	0	593772	442273	4507079	1163781	3224830	2542783	924890	0	739118	13483698	107403124	90537005	45733168	0	0	0
LFQ	38	0	0	0	0	0	131110	0	383236	784502	344045	900626	1313307	2382391	0	252469	0	0	394703	131186	0	0	617782	442633	4506265	1175306	3280458	2571462	946490	0	748691	13480162	107343803	90397889	45637025	0	0	0
LFQ	39	0	0	1	0	0	132256	0	379738	784357	352208	907856	1318596	2385889	0	254474	0	0	392625	130956	0	0	610550	450821	4458409	1191068	3282391	2583630	937667	0	745156	13498317	107181397	90546879	45640300	0	0	0
LFQ	40	0	0	5	0	0	135935	0	384474	805000	351241	925143	1339686	2412225	0	257980	0	0	400317	133334	0	0	620589	453691	4477006	1198232	3324276	2612883	952663	0	759832	13494061	107173490	90374549	45578929	0	0	0
LFQ	41	0	0	5	0	0	138084	0	393553	814607	358777	947931	1360495	2434933	0	262826	0	0	401271	137071	0	0	632639	460278	4526315	1217872	3360041	2640626	965925	0	758549	13495208	107032301	90328185	45498049	0	0	0
LFQ	42	0	0	0	0	0	138203	0	387456	818074	363884	927009	1360745	2429797	0	261414	0	0	411235	133191	0	0	612503	457386	4545136	1205219	3305638	2612288	944173	0	771065	13468228	107138597	90301504	45572796	0	0	0
LFQ	43	0	0	0	0	0	141947	0	402163	815113	358888	947853	1372358	2452370	0	271245	0	0	401105	135409	0	0	631965	457199	4499593	1222306	3343877	2607022	965353	0	749059	13450111	106945049	90390500	45605056	0	0	0
LFQ	44	0	0	0	0	0	144377	0	412498	872815	372090	973193	1408895	2520307	0	268979	0	0	426245	138789	0	0	642983	474094	4545929	1251253	3439463	2713459	977908	0	792202	13433117	106800912	90042985	45513048	0	0	0
LFQ	45	0	0	379	0	0	144041	0	408002	843478	374239	974709	1406680	2498524	0	272845	0	0	410743	138470	0	0	638253	469414	4536036	1234708	3394705	2668386	971931	0	763978	13496247	106889100	90129889	45500784	0	0	0
LFQ	46	0	0	1	0	0	147564	0	415147	855077	372566	978904	1406401	2513039	0	274795	0	0	415435	139818	0	0	645182	471076	4544974	1248639	3422960	2686255	979795	0	772171	13470122	106799114	90153224	45453282	0	0	0
LFQ	47	0	0	69	0	0	149606	0	412837	848884	371705	990756	1411240	2500438	0	278804	0	0	412460	141153	0	0	647457	469729	4539564	1245958	3420146	2669090	985836	0	763983	13489547	106870974	90132938	45412367	0	0	0
LFQ	48	0	0	0	0	0	152430	0	431134	893054	383511	1014735	1454443	2564492	0	281953	0	0	428684	141713	0	0	665429	480913	4535463	1274815	3483259	2736970	995796	0	785728	13375371	106757926	90013389	45314333	0	0	0
LFQ	49	0	0	0	0	0	154462	0	434949	907693	391769	1022072	1468231	2593407	0	284035	0	0	435897	142483	0	0	665112	486383	4562678	1289323	3503737	2764652	996437	0	798763	13413433	106572275	89985813	45291937	0	0	0
LFQ	50	0	0	60	0	0	156176	0	435305	911300	386725	1034761	1475438	2603514	0	289713	0	0	432518	145967	0	0	668788	481902	4600960	1284593	3519388	2767076	1005881	0	793011	13316189	106579214	89990500	45286562	0	0	0
LFQ	51	0	0	0	0	0	155249	0	437374	899186	391706	1033919	1473056	2604839	0	293510	0	0	426196	141471	0	0	663685	481148	4517066	1286221	3492404	2735410	1000259	0	776140	13372663	106616492	90060493	45307054	0	0	0
LFQ	52	0	0	0	0	0	159329	0	444295	918177	395654	1050351	1492233	2630952	0	294495	0	0	434113	143696	0	0	676084	488618	4516119	1307936	3539835	2760057	1010854	0	786215	13405789	106544510	89974000	45192229	0	0	0
LFQ	53	0	0	0	0	0	162165	0	449589	937585	400178	1067363	1506175	2653573	0	292475	0	0	442091	149088	0	0	684787	493746	4593306	1318037	3573902	2815841	1017135	0	803203	13378731	106289765	90016358	45120448	0	0	0
LFQ	54	0	0	109	0	0	161051	0	451374	932576	402349	1072370	1517007	2656957	0	298967	0	0	438374	148217	0	0	684835	493157	4577367	1321360	3573782	2805483	1017286	0	791836	13348446	106327062	89981754	45163822	0	0	0
LFQ	55	0	0	0	0	0	162769	0	452637	945486	404156	1071728	1513227	2665352	0	296196	0	0	443380	147188	0	0	681587	496385	4557920	1320982	3575940	2805650	1014365	0	801219	13394097	106417719	89808804	45188754	0	0	0
LFQ	56	0	0	679	0	0	165901	0	456118	945444	402390	1075471	1515751	2666354	0	296697	0	0	441768	148663	0	0	689290	495293	4570781	1324641	3585914	2819940	1022974	0	798770	13392000	106333586	89803166	45213950	0	0	0
LFQ	57	0	0	90	0	0	166176	0	456658	939523	405047	1083181	1525898	2664290	0	302414	0	0	437996	150137	0	0	690626	496342	4582505	1328095	3588132	2812354	1020445	0	793116	13364890	106416242	89841649	45099735	0	0	0
LFQ	58	0	0	0	0	0	172545	0	472675	987766	417393	1109761	1565408	2745929	0	309620	0	0	458284	154056	0	0	702873	510646	4605362	1358713	3658069	2881545	1040105	0	815696	13397328	106187153	89621454	44993160	0	0	0
LFQ	59	0	0	0	0	0	175715	0	487003	1012033	428413	1137689	1602164	2792546	0	318127	0	0	468410	156637	0	0	719679	521532	4619602	1382531	3714585	2934987	1055306	0	832572	13356333	106020065	89501372	44928240	0	0	0
LFQ	60	0	0	0	0	0	173094	0	479042	1008260	428789	1124517	1592166	2779787	0	316065	0	0	467605	152406	0	0	708234	517589	4591064	1371165	3672411	2912537	1046707	0	827910	13345375	106054767	89546427	45049624	0	0	0
LFQ	61	0	0	0	0	0	177249	0	491191	1018163	425170	1145271	1608384	2807517	0	318180	0	0	467070	156980	0	0	724392	521401	4603935	1392299	3727137	2933006	1062813	0	827648	13344549	105879618	89620349	44913219	0	0	0
LFQ	62	0	0	0	0	0	178106	0	498895	1034492	435855	1161881	1630891	2855515	0	319116	0	0	478366	157653	0	0	733371	528018	4613297	1398158	3759794	2977799	1071829	0	848553	13312275	105768814	89490210	44912653	0	0	0
LFQ	63	0	0	11	0	0	178161	0	490625	1016785	434988	1157344	1617277	2825498	0	326157	0	0	464021	156860	0	0	718995	519697	4603275	1389449	3718179	2921119	1057607	0	818346	13323422	105762135	89712865	44952725	0	0	0
LFQ	64	0	0	0	0	0	183876	0	505177	1059280	439728	1173406	1647761	2878579	0	329268	0	0	479685	161250	0	0	735455	531187	4658862	1422689	3780282	2980809	1075195	0	841409	13316933	105642421	89514604	44807685	0	0	0
LFQ	65	0	0	0	0	0	184430	0	504077	1048344	444319	1177438	1656114	2880342	0	328645	0	0	477169	158691	0	0	731558	529410	4617196	1415604	3763076	2980252	1067795	0	839652	13266132	105822865	89434527	44837905	0	0	0
LFQ	66	0	0	0	0	0	186313	0	513990	1059461	446483	1186311	1665252	2900158	0	335906	0	0	475388	160033	0	0	740612	529712	4610031	1419416	3778609	2971855	1071641	0	829225	13276437	105729428	89461220	44818060	0	0	0
LFQ	67	0	0	0	0	0	189660	0	526484	1102031	455493	1208864	1701966	2961417	0	337966	0	0	493525	162578	0	0	753843	544330	4649647	1455461	3846280	3050008	1094168	0	855350	13294123	105526939	89270535	44684873	0	0	0
LFQ	68	0	0	0	0	0	189714	0	516831	1066950	454488	1206581	1682835	2930163	0	337224	0	0	480365	164104	0	0	748890	538688	4654250	1430588	3815601	3023556	1087515	0	841158	13338909	105587816	89312381	44756934	0	0	0
LFQ	69	0	0	128	0	0	191437	0	522591	1061204	450500	1215148	1685227	2930606	0	343548	0	0	475017	165067	0	0	755248	533867	4634486	1437446	3830607	3004565	1094194	0	832363	13290280	105685556	89293518	44732938	0	0	0
LFQ	70	0	0	0	0	0	195251	0	531706	1092249	456664	1232895	1712357	2965640	0	341776	0	0	489666	167520	0	0	768056	541821	4636428	1455659	3871795	3053381	1104981	0	852099	13295512	105466724	89282471	44650890	0	0	0
LFQ	71	0	0	0	0	0	195919	0	536770	1098487	461406	1245338	1723034	3000399	0	342469	0	0	491694	167789	0	0	769339	546225	4640927	1463916	3876815	3071652	1110871	0	852763	13308264	105280622	89329526	44651316	0	0	0
LFQ	72	0	0	760	0	0	198813	0	547377	1116545	469663	1262865	1758463	3042387	0	357287	0	0	494871	168718	0	0	775208	550497	4624148	1487351	3906341	3083529	1114173	0	852782	13244540	105196729	89268806	44643688	0	0	0
LFQ	73	0	0	0	0	0	202081	0	558888	1156960	480727	1277702	1792642	3092594	0	360602	0	0	515547	169522	0	0	784068	562383	4657436	1506886	3953453	3145059	1122193	0	876157	13214400	105148494	89052423	44535324	0	0	0
LFQ	74	0	0	0	0	0	201638	0	559664	1154956	482415	1276193	1782866	3098589	0	362092	0	0	509859	168835	0	0	785569	562842	4655932	1498970	3943034	3134811	1123280	0	869542	13241805	105170850	89062272	44519527	0	0	0
LFQ	75	0	0	0	0	0	203499	0	557630	1146207	481330	1278933	1778126	3080555	0	363422	0	0	503961	169458	0	0	784312	559149	4646114	1499715	3929205	3112596	1119415	0	856244	13277862	105219418	89043699	44554691	0	0	0
LFQ	76	0	0	0	0	0	206348	0	562161	1157309	483791	1285616	1794443	3110904	0	364594	0	0	511301	171085	0	0	786806	561767	4660772	1502232	3939877	3130890	1129031	0	864265	13253949	105072608	89092840	44522952	0	0	0
LFQ	77	0	0	0	0	0	208660	0	571916	1166438	481893	1297786	1809392	3139200	0	370215	0	0	509657	173906	0	0	798756	561372	4653148	1515201	3975391	3154951	1140662	0	862564	13219712	105006299	89121559	44426863	0	0	0
LFQ	78	0	0	0	0	0	211827	0	584174	1192025	494146	1325284	1841591	3183702	0	375128	0	0	518935	176203	0	0	812184	573326	4658505	1542360	4036953	3201372	1152412	0	876712	13216188	104860101	88947081	44385332	0	0	0
LFQ	79	0	0	0	0	0	212866	0	590141	1213601	496656	1337962	1851430	3210969	0	374899	0	0	527809	177295	0	0	817848	577262	4696957	1551247	4067198	3239574	1159787	0	892771	13166418	104759253	88883690	44359908	0	0	0
LFQ	80	0	0	0	0	0	212705	0	582608	1187733	495331	1333684	1838987	3185366	0	374216	0	0	517400	177455	0	0	811255	573206	4690100	1538695	4038880	3208611	1153301	0	877122	13201315	104848570	88961073	44357928	0	0	0
LFQ	81	0	0	1303	0	0	214839	0	586342	1194999	497059	1335490	1849546	3198599	0	381606	0	0	521920	177972	0	0	815691	577343	4687577	1545290	4052189	3218007	1154355	0	879340	13195308	104774211	88973239	44333316	0	0	0
LFQ	82	0	0	0	0	0	220340	0	598594	1224495	501727	1355380	1871633	3237924	0	384621	0	0	531959	181840	0	0	827460	583253	4708676	1569610	4090868	3263354	1167934	0	894446	13199872	104610233	88881861	44259461	0	0	0
LFQ	83	0	0	0	0	0	219158	0	599667	1232507	508757	1359324	1885775	3259924	0	388547	0	0	533974	180147	0	0	828129	587610	4708370	1574470	4098329	3265538	1170177	0	896018	13216666	104584365	88813599	44254490	0	0	0
LFQ	84	0	0	1602	0	0	221438	0	604430	1234595	509632	1366138	1893206	3267322	0	391765	0	0	534125	179600	0	0	829571	586617	4698576	1580195	4101436	3258849	1173357	0	889746	13218652	104653808	88757265	44213616	0	0	0
LFQ	85	0	0	1	0	0	224218	0	621288	1268877	514907	1390312	1916904	3318854	0	394938	0	0	729342	0	0	848866	595870	1046751	5263717	4158473	3321492	1189635	0	911484	0	13181764	104439207	88735927	44092714	0	0	0
LFQ	86	0	0	0	0	0	225198	0	625186	1269120	521664	1407246	1936987	3343337	0	399885	0	0	544066	184232	0	0	853205	602279	4715120	1616005	4182795	3339221	1198902	0	905112	13185500	104376322	88624871	44109288	0	0	0
LFQ	87	0	0	3	0	0	231343	0	644361	1317598	533988	1441566	1986308	3416620	0	405782	0	0	756861	0	0	873674	616948	1080504	5331951	4270615	3431422	1222912	0	936438	0	13131477	104124280	88379624	44031266	0	0	0
LFQ	88	0	0	0	0	0	228232	0	635476	1305583	537493	1421427	1977480	3407193	0	403388	0	0	747592	0	0	855405	608647	1063790	5319204	4210688	3384616	1202740	0	926362	0	13086548	104286031	88452936	44104710	0	0	0
LFQ	89	0	0	18	0	0	232463	0	646229	1300685	531232	1435527	1983023	3417138	0	412772	0	0	737611	0	0	867536	606459	1055370	5283023	4224989	3365292	1211053	0	907008	0	13104489	104261442	88551945	44030237	0	0	0
LFQ	90	0	0	0	0	0	233255	0	640806	1307200	538167	1434461	1984109	3413887	0	412874	0	0	742078	0	0	859956	610744	1059273	5272418	4214587	3372989	1203795	0	913210	0	13149981	104269053	88520492	44012206	0	0	0
LFQ	91	0	0	630	0	0	235565	0	642919	1299433	531317	1438763	1982977	3404836	0	416392	0	0	741328	0	0	865279	606533	1054570	5319869	4221049	3361169	1211518	0	907232	0	13132956	104241520	88587371	43962315	0	0	0
LFQ	92	0	0	0	0	0	239369	0	649400	1314268	540744	1454027	2002289	3426519	0	421447	0	0	752818	0	0	875385	613274	1067815	5324413	4249483	3394673	1222576	0	919166	0	13101852	104154390	88467437	43974196	0	0	0
LFQ	93	0	0	0	0	0	247679	0	678646	1377792	555884	1494689	2061011	3523762	0	426590	0	0	781104	0	0	900591	635473	1112915	5394588	4354932	3500155	1249181	0	947461	0	13071923	103844712	88187754	43818699	0	0	0
LFQ	94	0	0	0	0	0	247106	0	684359	1401015	567919	1507371	2083158	3577986	0	422180	0	0	791865	0	0	906046	644975	1123508	5397051	4381498	3551742	1250489	0	967299	0	13110877	103754426	87986899	43807772	0	0	0
LFQ	95	0	0	220	0	0	247416	0	690016	1386622	566018	1520902	2087700	3569694	0	435140	0	0	783665	0	0	912492	643513	1105047	5401333	4396435	3532945	1258213	0	950642	0	13089588	103661640	88131892	43794408	0	0	0
LFQ	96	0	0	0	0	0	245809	0	687485	1407858	567919	1519559	2092496	3582019	0	433268	0	0	794047	0	0	909103	642550	1121587	5373347	4398967	3549997	1256681	0	969219	0	13052595	103675040	88144534	43741461	0	0	0
LFQ	97	0	0	0	0	0	245064	0	684935	1385633	559077	1516059	2070187	3560891	0	433184	0	0	773953	0	0	904690	633619	1101318	5348688	4355299	3492798	1252441	0	940747	0	13096200	103760465	88261676	43788617	0	0	0
LFQ	98	0	0	0	0	0	249135	0	697529	1396086	568016	1548830	2108513	3600856	0	443118	0	0	779432	0	0	921979	641045	1105253	5385461	4402829	3517825	1267104	0	940472	0	13050704	103601702	88197246	43742406	0	0	0
LFQ	99	0	0	0	0	0	254128	0	712964	1432812	585747	1563985	2148710	3665353	0	444794	0	0	802935	0	0	928512	656613	1130329	5439610	4450437	3599187	1277524	0	970643	0	13018750	103410626	87997613	43674269	0	0	0
LFQ	100	0	0	0	0	0	254403	0	719289	1455548	584948	1574197	2165949	3697123	0	452761	0	0	809627	0	0	933702	657378	1139601	5385291	4486169	3617165	1289647	0	973403	0	13002574	103423720	87958470	43584576	0	0	0
LFQ	101	0	0	0	0	0	259395	0	736755	1481049	591846	1602241	2189921	3747505	0	453779	0	0	819889	0	0	954137	666304	1160617	5440163	4544133	3678026	1306411	0	983930	0	13021528	103204274	87850194	43473444	0	0	0
LFQ	102	0	0	0	0	0	260118	0	741932	1495884	604548	1628693	2215941	3760576	0	460173	0	0	825224	0	0	957549	673815	1167821	5467008	4561017	3679095	1303710	0	982745	0	13002314	103211056	87725840	43440482	0	0	0
LFQ	103	0	0	57	0	0	263108	0	743785	1501362	608102	1622920	2217574	3780304	0	458517	0	0	829680	0	0	955945	676943	1172401	5446916	4564057	3702211	1300919	0	991093	0	13027902	103208624	87654024	43439097	0	0	0
LFQ	104	0	0	0	0	0	267655	0	759561	1524970	609923	1651793	2249844	3823309	0	469335	0	0	844516	0	0	978072	686437	1188336	5480580	4628465	3751318	1323907	0	1004085	0	12981542	103018583	87560646	43362664	0	0	0
LFQ	105	0	0	0	0	0	271196	0	768223	1563221	630485	1669609	2282417	3893693	0	475639	0	0	859040	0	0	979258	701797	1207285	5506915	4664044	3815351	1328369	0	1021987	0	12964159	102849874	87423995	43288984	0	0	0
LFQ	106	0	0	0	0	0	273935	0	780270	1580857	629815	1680040	2301457	3910519	0	479067	0	0	866199	0	0	990817	702447	1211868	5529825	4692728	3832041	1330893	0	1023536	0	12961731	102798887	87367164	43221445	0	0	0
LFQ	107	0	0	0	0	0	268605	0	767471	1562264	628219	1670942	2286321	3894098	0	474831	0	0	852163	0	0	977092	693873	1197925	5501780	4655028	3783819	1327383	0	1012836	0	12948636	102931013	87399948	43331294	0	0	0
LFQ	108	0	0	0	0	0	271891	0	767660	1530542	621651	1672833	2271675	3870228	0	482860	0	0	838452	0	0	976745	686174	1172569	5474774	4625943	3725416	1326173	0	985199	0	12998956	102843437	87642915	43379448	0	0	0
LFQ	109	0	0	0	0	0	278789	0	791082	1575748	627760	1698992	2304842	3923876	0	488233	0	0	855611	0	0	996750	699146	1201729	5514202	4697800	3791553	1344782	0	1001955	0	12941606	102683684	87465307	43282094	0	0	0
LFQ	110	0	0	0	0	0	273584	0	773925	1559817	628036	1681962	2290365	3899857	0	480758	0	0	850999	0	0	983056	692713	1194101	5509767	4659623	3782921	1330767	0	1004836	0	12942784	102847253	87476955	43301462	0	0	0
LFQ	111	0	0	508	0	0	276692	0	788668	1555882	617830	1703042	2302106	3902922	0	489610	0	0	850683	0	0	1004636	694028	1190936	5509381	4699402	3786236	1351186	0	994976	0	12953858	102676937	87571764	43244258	0	0	0
LFQ	112	0	0	4	0	0	281000	0	810120	1619223	650271	1742634	2358171	4010404	0	495820	0	0	874972	0	0	1014623	718133	1234900	5543677	4779082	3890269	1359341	0	1028650	0	12926041	102483794	87211530	43132882	0	0	0
LFQ	113	0	0	0	0	0	283149	0	806058	1625172	650666	1746816	2362262	4008541	0	500791	0	0	872675	0	0	1009955	717339	1225533	5552597	4768430	3867848	1359462	0	1018994	0	12958628	102492851	87218665	43119109	0	0	0
LFQ	114	0	0	0	0	0	289078	0	824756	1643232	661448	1773165	2399753	4058867	0	512805	0	0	887840	0	0	1026920	730521	1240891	5573160	4825813	3912542	1374783	0	1032455	0	12948968	102302328	87121956	43024260	0	0	0
LFQ	115	0	0	209	0	0	290921	0	831187	1667248	672712	1782664	2419722	4113161	0	516961	0	0	901422	0	0	1027051	735625	1253165	5587225	4848670	3947814	1376460	0	1044552	0	12888742	102287631	86960215	43012184	0	0	0
LFQ	116	0	0	0	0	0	294105	0	829384	1654092	663829	1777018	2409162	4078738	0	514629	0	0	888775	0	0	1032556	726898	1238550	5578140	4821820	3911216	1370928	0	1028595	0	12902560	102294378	87117338	43032830	0	0	0
LFQ	117	0	0	0	0	0	293704	0	839295	1665009	666146	1792233	2431065	4112313	0	520227	0	0	890384	0	0	1040013	731463	1243546	5591479	4855831	3934505	1388036	0	1028350	0	12907201	102180163	87120537	42934041	0	0	0
LFQ	118	0	0	0	0	0	295759	0	854908	1688066	674152	1820036	2462205	4165717	0	528366	0	0	901614	0	0	1052284	741601	1256074	5616952	4909648	3984972	1402457	0	1041302	0	12870289	102088539	86983788	42826812	0	0	0
LFQ	119	0	0	0	0	0	296659	0	863953	1711686	683043	1844870	2484079	4205449	0	532991	0	0	914544	0	0	1064288	747628	1273903	5615045	4951771	4020475	1415017	0	1055130	0	12846322	101930318	86919158	42789212	0	0	0
LFQ	120	0	0	0	0	0	298038	0	872294	1724079	691739	1860896	2503414	4240393	0	538292	0	0	918490	0	0	1071537	755976	1282248	5633337	4971659	4053042	1422354	0	1057356	0	12840004	101803892	86840823	42785678	0	0	0
LFQ	121	0	0	0	0	0	303021	0	883217	1750325	699444	1872661	2527316	4277954	0	541208	0	0	928872	0	0	1075917	763054	1297088	5660751	5009834	4093232	1431680	0	1068769	0	12804227	101756581	86692520	42727870	0	0	0
LFQ	122	0	0	0	0	0	305377	0	889996	1754965	703368	1891421	2550980	4329941	0	545820	0	0	933372	0	0	1082911	765970	1294262	5660713	5035870	4111021	1438915	0	1066685	0	12793003	101643551	86689396	42678004	0	0	0
LFQ	123	0	0	96	0	0	302380	0	888978	1732549	693754	1891218	2532187	4278721	0	547711	0	0	916701	0	0	1084800	756546	1282883	5630516	5012141	4052829	1436672	0	1049607	0	12847756	101738160	86778613	42710723	0	0	0
LFQ	124	0	0	0	0	0	303847	0	889776	1730272	696486	1889314	2530120	4278246	0	546622	0	0	914694	0	0	1087207	758603	1284044	5642948	5002519	4051003	1437477	0	1044131	0	12843608	101704221	86833090	42697313	0	0	0
LFQ	125	0	0	0	0	0	311600	0	906971	1756841	709819	1917981	2566058	4333757	0	555809	0	0	929869	0	0	1102723	771072	1293833	5681523	5061832	4098652	1452601	0	1059361	0	12834508	101568958	86668567	42583206	0	0	0
LFQ	126	0	0	0	0	0	316651	0	932654	1824759	734237	1965812	2640722	4456588	0	574569	0	0	961663	0	0	1121185	798365	1334539	5724929	5165850	4214913	1478109	0	1086866	0	12794158	101210699	86346548	42481725	0	0	0
LFQ	127	0	0	576	0	0	318423	0	937677	1863493	749520	1972255	2660258	4511792	0	573649	0	0	979485	0	0	1116885	811316	1352566	5736460	5206223	4277088	1482030	0	1112501	0	12749652	101157437	86163282	42432973	0	0	0
LFQ	128	0	0	0	0	0	319415	0	940819	1845294	734912	1981306	2652081	4474483	0	576614	0	0	972288	0	0	1129737	799295	1348202	5763899	5201655	4245337	1484234	0	1098413	0	12750950	101186612	86271364	42388631	0	0	0
LFQ	129	0	0	0	0	0	321182	0	968140	1892204	752231	2023740	2710145	4577823	0	583777	0	0	989374	0	0	1154703	820545	1374419	5759131	5296000	4338619	1514459	0	1117758	0	12741851	100937788	86039457	42252195	0	0	0
LFQ	130	0	0	1	0	0	322545	0	975319	1921215	772853	2049695	2735262	4621265	0	592257	0	0	1002472	0	0	1155731	831665	1389518	5789271	5333302	4373684	1517458	0	1134351	0	12699477	100727225	86001927	42219048	0	0	0
LFQ	131	0	0	0	0	0	334414	0	1011201	1988461	797848	2097704	2802220	4747003	0	605848	0	259805	776101	0	1180790	862437	1424512	2222397	9072747	4504904	1542483	0	1159704	0	0	12687628	100373116	85680945	42033273	0	0	0
LFQ	132	0	0	11713	0	0	332866	0	1000307	2002935	804953	2089071	2806530	4768424	0	602629	0	0	1040825	0	0	1167889	861465	1431313	5841486	5434460	4507004	1534794	0	1175401	0	12698285	100485436	85529762	42037993	0	0	0
LFQ	133	0	0	0	0	0	334904	0	1002305	1960551	790658	2091866	2802099	4706844	0	612317	0	0	1018604	0	0	1174898	846132	1398555	5817100	5400673	4426059	1535846	0	1137212	0	12662435	100550576	85865531	42030376	0	0	0
LFQ	134	0	0	0	0	0	335011	0	1009463	1981380	797507	2103714	2823311	4762148	0	611485	0	0	1033235	0	0	1180985	859509	1421032	5819742	5454661	4501567	1549263	0	1159708	0	12634479	100443870	85680029	42003442	0	0	0
LFQ	135	0	0	11	0	0	335691	0	1013199	1976561	789570	2110970	2806886	4750277	0	613908	0	0	1024392	0	0	1189424	853747	1420329	5842798	5453005	4478684	1557440	0	1153070	0	12674700	100425777	85711923	41983179	0	0	0
LFQ	136	0	0	0	0	0	342105	0	1030635	1993404	806979	2147436	2836869	4766935	0	621509	0	0	1033100	0	0	1206976	868589	1437833	5899460	5503612	4510590	1563127	0	1153764	0	12650950	100256246	85656260	41879162	0	0	0
LFQ	137	0	0	2	0	0	350708	0	1057489	2080196	838389	2189753	2915267	4935420	0	631696	0	0	1082170	0	0	1227070	902522	1486447	5950150	5644694	4694682	1596518	0	1205536	0	12594554	99968186	85088466	41725626	0	0	0
LFQ	138	0	0	0	0	0	345608	0	1047621	2067080	832256	2184388	2908199	4901012	0	641821	0	0	1067787	0	0	1217358	891470	1467943	5927490	5601730	4625777	1587639	0	1191649	0	12592254	100112735	85172718	41781006	0	0	0
LFQ	139	0	0	0	0	0	344482	0	1041956	2039819	815445	2171107	2877597	4855407	0	636307	0	0	1046997	0	0	1212017	873947	1447867	5899801	5548846	4546395	1580952	0	1164669	0	12615075	100214280	85431124	41801451	0	0	0
LFQ	140	0	0	104	0	0	354805	0	1073803	2060416	832859	2221029	2933532	4911747	0	649947	0	0	1062526	0	0	1236426	890361	1457035	5951724	5617206	4606525	1601778	0	1174581	0	12594999	99845350	85396110	41692678	0	0	0
LFQ	141	0	0	0	0	0	356213	0	1105025	2149721	865491	2270803	3007730	5102921	0	657931	0	0	1106019	0	0	1258828	922807	1507576	5961000	5761940	4781061	1634781	0	1227056	0	12534374	99506401	84907214	41540649	0	0	0
LFQ	142	0	0	0	0	208992	0	653684	1282617	517346	1348643	1772017	2958608	0	396497	0	164028	481134	0	740920	545396	892260	3489945	3363084	2775744	945307	0	711035	0	7182239	57115058	48791206	23707779	0	0	0	0	0
LFQ	143	0	0	0	0	0	207427	0	643014	1267033	518489	1329290	1749266	2931659	0	393924	0	160010	474173	0	725419	539484	879675	1384249	5425883	2738238	934220	0	700152	0	0	7211063	57230986	48840100	23759785	0	0	0
LFQ	144	0	0	0	0	0	201429	0	614481	1195711	484346	1283438	1678842	2801259	0	385686	0	0	598391	0	0	706814	503763	835435	3457006	3199376	2591004	907730	0	657865	0	7254478	57577473	49212423	23896589	0	0	0
LFQ	145	0	0	0	0	0	206909	0	630313	1189541	479447	1303650	1689186	2802701	0	392142	0	0	594238	0	0	724785	502649	834779	3466014	3227826	2587920	920886	0	645685	0	7238991	57414140	49332483	23859254	0	0	0
LFQ	146	0	0	0	0	0	204976	0	626264	1201431	492913	1305838	1696613	2827276	0	393795	0	0	597521	0	0	717939	511166	839723	1350366	5341325	2600588	918439	0	656682	0	0	7253204	57433503	49201543	23872434	0	0
LFQ	147	0	0	0	0	0	207738	0	625770	1186062	481977	1300520	1681597	2789916	0	395160	0	0	590026	0	0	719803	504030	832922	1346940	5337475	2575625	916836	0	645573	0	0	7258299	57484583	49324789	23837898	0	0
LFQ	148	0	0	0	0	0	218393	0	674750	1286678	518241	1374247	1795025	2979310	0	416357	0	0	638127	0	0	757752	542514	888504	1433019	5473615	2755373	960858	0	691786	0	0	7165341	56956245	48919367	23598037	0	0
LFQ	149	0	0	2	0	0	223706	0	700637	1355818	554988	1420673	1856707	3117311	0	422317	0	172742	503357	0	767721	569216	921635	1460441	5563283	2870045	976066	0	728815	0	0	7105835	56768691	48496531	23487002	0	0	0
LFQ	150	0	0	129005	0	0	224195	0	710457	1376640	558083	1436976	1874000	3161207	0	425937	0	178334	508126	0	773833	573943	930473	3570941	3510260	2920710	991774	0	737639	0	7094054	56617325	48329320	23410307	0	0	0	0
# GC Content of first fragments. Use `grep ^GCF | cut -f 2-` to extract this part.
GCF	0.25	377
GCF	0.75	413
GCF	1.26	446
GCF	2.01	580
GCF	2.76	750
GCF	3.27	871
GCF	4.02	1018
GCF	4.77	1225
GCF	5.28	1442
GCF	6.03	1590
GCF	6.78	1832
GCF	7.29	2070
GCF	8.04	2377
GCF	8.79	2717
GCF	9.30	3011
GCF	10.05	3647
GCF	10.80	4582
GCF	11.31	5611
GCF	12.06	7007
GCF	12.81	8946
GCF	13.32	11613
GCF	14.07	15159
GCF	14.82	20686
GCF	15.33	27004
GCF	16.08	36890
GCF	16.83	50396
GCF	17.34	70244
GCF	18.09	96355
GCF	18.84	132614
GCF	19.35	180194
GCF	20.10	242948
GCF	20.85	325778
GCF	21.36	427838
GCF	22.11	555868
GCF	22.86	714028
GCF	23.37	899031
GCF	24.12	1110877
GCF	24.87	1356014
GCF	25.38	1625079
GCF	26.13	1920053
GCF	26.88	2233679
GCF	27.39	2568117
GCF	28.14	2905744
GCF	28.89	3251553
GCF	29.40	3589379
GCF	30.15	3917586
GCF	30.90	4228231
GCF	31.41	4526055
GCF	32.16	4804302
GCF	32.91	5058632
GCF	33.42	5285542
GCF	33.92	5496670
GCF	34.67	5692580
GCF	35.43	5884155
GCF	35.93	6073798
GCF	36.68	6290674
GCF	37.44	6527911
GCF	37.94	6747369
GCF	38.69	6996136
GCF	39.45	7230575
GCF	39.95	7369184
GCF	40.70	7416917
GCF	41.46	7365774
GCF	41.96	7210121
GCF	42.71	6935147
GCF	43.47	6658027
GCF	43.97	6380472
GCF	44.72	6170493
GCF	45.48	6060293
GCF	45.98	5958243
GCF	46.73	5853702
GCF	47.49	5713336
GCF	47.99	5536262
GCF	48.74	5323614
GCF	49.50	5088564
GCF	50.00	4850396
GCF	50.75	4658668
GCF	51.51	4512285
GCF	52.01	4354251
GCF	52.76	4217363
GCF	53.52	4016329
GCF	54.02	3798832
GCF	54.77	3542401
GCF	55.53	3290193
GCF	56.03	3023994
GCF	56.78	2779824
GCF	57.54	2621589
GCF	58.04	2507715
GCF	58.79	2422269
GCF	59.55	2289690
GCF	60.05	2155946
GCF	60.80	2064187
GCF	61.56	1922735
GCF	62.06	1682919
GCF	62.81	1427100
GCF	63.57	1222118
GCF	64.07	1138966
GCF	64.82	1104361
GCF	65.58	1048593
GCF	66.08	980677
GCF	66.58	974965
GCF	67.34	877972
GCF	68.09	712866
GCF	68.59	554712
GCF	69.35	459033
GCF	70.10	391833
GCF	70.60	337731
GCF	71.36	282166
GCF	72.11	235099
GCF	72.61	193703
GCF	73.37	161164
GCF	74.12	137036
GCF	74.62	118502
GCF	75.38	106426
GCF	76.13	95703
GCF	76.63	89803
GCF	77.39	85111
GCF	78.14	79406
GCF	78.64	71168
GCF	79.40	64170
GCF	80.15	53123
GCF	80.65	40905
GCF	81.41	29515
GCF	82.16	23693
GCF	82.66	18794
GCF	83.42	15059
GCF	84.17	12227
GCF	84.67	10342
GCF	85.43	9060
GCF	86.18	8063
GCF	86.68	7248
GCF	87.44	6882
GCF	88.19	6410
GCF	88.69	6149
GCF	89.45	5687
GCF	90.20	5245
GCF	90.70	4587
GCF	91.46	4077
GCF	92.21	3439
GCF	92.71	2686
GCF	93.47	2125
GCF	94.22	1521
GCF	94.72	1004
GCF	95.48	722
GCF	96.23	547
GCF	96.73	395
GCF	97.49	292
GCF	98.24	246
GCF	98.74	222
GCF	99.50	40
# GC Content of last fragments. Use `grep ^GCL | cut -f 2-` to extract this part.
GCL	0.25	954
GCL	0.75	2191
GCL	1.26	4633
GCL	1.76	6402
GCL	2.26	7848
GCL	2.76	11184
GCL	3.27	12605
GCL	3.77	15835
GCL	4.27	17347
GCL	4.77	20480
GCL	5.28	22249
GCL	5.78	24904
GCL	6.28	26247
GCL	6.78	27271
GCL	7.29	29235
GCL	7.79	31031
GCL	8.29	31697
GCL	8.79	32571
GCL	9.30	33742
GCL	10.05	34565
GCL	10.80	35728
GCL	11.31	36624
GCL	12.06	38572
GCL	12.81	40697
GCL	13.32	43863
GCL	13.82	46418
GCL	14.32	48668
GCL	14.82	55092
GCL	15.33	59359
GCL	15.83	70065
GCL	16.33	76421
GCL	16.83	95373
GCL	17.34	106635
GCL	17.84	134784
GCL	18.34	152965
GCL	18.84	173747
GCL	19.35	226607
GCL	19.85	293995
GCL	20.35	336181
GCL	20.85	383418
GCL	21.36	495639
GCL	22.11	633182
GCL	22.86	803646
GCL	23.37	1000084
GCL	24.12	1228236
GCL	24.87	1484895
GCL	25.38	1770919
GCL	25.88	1939416
GCL	26.38	2081705
GCL	26.88	2409634
GCL	27.39	2595434
GCL	27.89	2944624
GCL	28.39	3103743
GCL	28.89	3456780
GCL	29.40	3644437
GCL	29.90	3985604
GCL	30.40	4138638
GCL	30.90	4315214
GCL	31.41	4615083
GCL	31.91	4906946
GCL	32.41	5020088
GCL	32.91	5161793
GCL	33.42	5396569
GCL	33.92	5613941
GCL	34.42	5728296
GCL	34.92	5817241
GCL	35.43	6010233
GCL	35.93	6215527
GCL	36.43	6337350
GCL	36.93	6440357
GCL	37.44	6669756
GCL	37.94	6794938
GCL	38.44	7043857
GCL	38.94	7141840
GCL	39.45	7268692
GCL	39.95	7431136
GCL	40.45	7486194
GCL	40.95	7469161
GCL	41.46	7445371
GCL	41.96	7272884
GCL	42.71	7024837
GCL	43.47	6754240
GCL	43.97	6483151
GCL	44.72	6246360
GCL	45.48	6107960
GCL	45.98	5996363
GCL	46.48	5933953
GCL	46.98	5873412
GCL	47.49	5728191
GCL	47.99	5548171
GCL	48.49	5440418
GCL	48.99	5327841
GCL	49.50	5106854
GCL	50.00	4980768
GCL	50.50	4788547
GCL	51.01	4709966
GCL	51.51	4623022
GCL	52.01	4477690
GCL	52.51	4327740
GCL	53.02	4236975
GCL	53.52	4123396
GCL	54.02	3908226
GCL	54.77	3662065
GCL	55.53	3385409
GCL	56.03	3085959
GCL	56.78	2846059
GCL	57.54	2710654
GCL	58.04	2590385
GCL	58.54	2540758
GCL	59.05	2474305
GCL	59.55	2334528
GCL	60.05	2169294
GCL	60.55	2112091
GCL	61.06	2042466
GCL	61.56	1912984
GCL	62.06	1778354
GCL	62.56	1539603
GCL	63.07	1416120
GCL	63.57	1299935
GCL	64.07	1167427
GCL	64.57	1127078
GCL	65.08	1116665
GCL	65.58	1085358
GCL	66.08	1024643
GCL	66.58	983476
GCL	67.09	927760
GCL	67.59	892079
GCL	68.09	743122
GCL	68.59	585050
GCL	69.10	527373
GCL	69.60	475728
GCL	70.10	404967
GCL	70.60	372290
GCL	71.11	314124
GCL	71.61	293207
GCL	72.11	244673
GCL	72.61	221302
GCL	73.12	184057
GCL	73.62	171627
GCL	74.12	156784
GCL	74.62	136618
GCL	75.38	121363
GCL	76.13	109203
GCL	76.63	102354
GCL	77.39	96427
GCL	78.14	91403
GCL	78.64	84127
GCL	79.15	80315
GCL	79.65	76529
GCL	80.15	66377
GCL	80.65	53875
GCL	81.16	46854
GCL	81.66	42366
GCL	82.16	34996
GCL	82.66	32113
GCL	83.17	28270
GCL	83.67	26623
GCL	84.17	23646
GCL	84.67	22769
GCL	85.18	21530
GCL	85.68	20936
GCL	86.18	20443
GCL	86.68	19776
GCL	87.44	19289
GCL	88.19	18824
GCL	88.69	18661
GCL	89.45	18239
GCL	90.20	18213
GCL	90.70	17774
GCL	91.21	17845
GCL	91.71	17746
GCL	92.21	17771
GCL	92.71	17927
GCL	93.22	17834
GCL	93.72	17810
GCL	94.22	17844
GCL	94.72	17958
GCL	95.23	18386
GCL	95.73	18797
GCL	96.23	20129
GCL	96.73	21138
GCL	97.24	23424
GCL	97.74	25147
GCL	98.24	27571
GCL	98.74	33524
GCL	99.50	49901
# ACGT content per cycle. Use `grep ^GCC | cut -f 2-` to extract this part. The columns are: cycle; A,C,G,T base counts as a percentage of all A/C/G/T bases [%]; and N and O counts as a percentage of all A/C/G/T bases [%]
GCC	1	29.83	20.15	20.16	29.86	0.00	0.00
GCC	2	29.27	20.68	20.73	29.31	0.00	0.00
GCC	3	28.77	21.18	21.22	28.83	0.00	0.00
GCC	4	28.57	21.39	21.42	28.62	0.00	0.00
GCC	5	28.81	21.15	21.18	28.86	0.00	0.00
GCC	6	28.38	21.58	21.61	28.43	0.00	0.00
GCC	7	28.54	21.43	21.45	28.59	0.00	0.00
GCC	8	28.57	21.40	21.41	28.61	0.00	0.00
GCC	9	28.63	21.34	21.36	28.67	0.00	0.00
GCC	10	28.50	21.47	21.49	28.54	0.00	0.00
GCC	11	28.55	21.44	21.44	28.58	0.00	0.00
GCC	12	28.59	21.40	21.40	28.62	0.00	0.00
GCC	13	28.66	21.34	21.33	28.68	0.00	0.00
GCC	14	28.67	21.32	21.32	28.69	0.00	0.00
GCC	15	28.66	21.33	21.33	28.68	0.00	0.00
GCC	16	28.65	21.35	21.34	28.67	0.00	0.00
GCC	17	28.62	21.37	21.36	28.64	0.00	0.00
GCC	18	28.58	21.42	21.41	28.59	0.00	0.00
GCC	19	28.60	21.40	21.39	28.61	0.00	0.00
GCC	20	28.52	21.49	21.47	28.52	0.00	0.00
GCC	21	28.50	21.51	21.49	28.50	0.00	0.00
GCC	22	28.50	21.52	21.50	28.49	0.00	0.00
GCC	23	28.45	21.56	21.54	28.45	0.00	0.00
GCC	24	28.47	21.54	21.52	28.47	0.00	0.00
GCC	25	28.43	21.58	21.57	28.42	0.00	0.00
GCC	26	28.40	21.61	21.59	28.40	0.00	0.00
GCC	27	28.41	21.59	21.57	28.42	0.00	0.00
GCC	28	28.38	21.63	21.62	28.37	0.00	0.00
GCC	29	28.41	21.61	21.59	28.40	0.00	0.00
GCC	30	28.36	21.65	21.63	28.36	0.00	0.00
GCC	31	28.36	21.65	21.63	28.36	0.00	0.00
GCC	32	28.36	21.65	21.64	28.35	0.00	0.00
GCC	33	28.35	21.66	21.64	28.35	0.01	0.00
GCC	34	28.33	21.69	21.66	28.32	0.00	0.00
GCC	35	28.34	21.68	21.65	28.33	0.00	0.00
GCC	36	28.34	21.67	21.65	28.34	0.00	0.00
GCC	37	28.32	21.70	21.67	28.32	0.00	0.00
GCC	38	28.37	21.66	21.63	28.34	0.00	0.00
GCC	39	28.33	21.69	21.66	28.32	0.00	0.00
GCC	40	28.33	21.69	21.66	28.32	0.00	0.00
GCC	41	28.31	21.70	21.68	28.30	0.02	0.00
GCC	42	28.33	21.69	21.67	28.31	0.00	0.00
GCC	43	28.31	21.71	21.68	28.30	0.00	0.00
GCC	44	28.35	21.67	21.65	28.33	0.00	0.00
GCC	45	28.32	21.71	21.68	28.30	0.00	0.00
GCC	46	28.30	21.72	21.69	28.29	0.00	0.00
GCC	47	28.31	21.71	21.68	28.30	0.00	0.00
GCC	48	28.31	21.70	21.68	28.31	0.00	0.00
GCC	49	28.30	21.72	21.69	28.29	0.00	0.00
GCC	50	28.33	21.69	21.66	28.32	0.00	0.00
GCC	51	28.30	21.73	21.70	28.27	0.00	0.00
GCC	52	28.30	21.72	21.70	28.29	0.00	0.00
GCC	53	28.31	21.71	21.68	28.29	0.00	0.00
GCC	54	28.31	21.72	21.68	28.29	0.00	0.00
GCC	55	28.32	21.71	21.68	28.30	0.00	0.00
GCC	56	28.31	21.72	21.69	28.28	0.00	0.00
GCC	57	28.29	21.73	21.70	28.27	0.00	0.00
GCC	58	28.28	21.74	21.71	28.26	0.00	0.00
GCC	59	28.31	21.71	21.69	28.29	0.00	0.00
GCC	60	28.30	21.72	21.70	28.28	0.00	0.00
GCC	61	28.29	21.73	21.71	28.27	0.01	0.00
GCC	62	28.31	21.71	21.69	28.29	0.00	0.00
GCC	63	28.29	21.74	21.71	28.26	0.00	0.00
GCC	64	28.28	21.75	21.72	28.25	0.00	0.00
GCC	65	28.30	21.72	21.70	28.28	0.00	0.00
GCC	66	28.29	21.74	21.72	28.25	0.00	0.00
GCC	67	28.29	21.73	21.71	28.27	0.00	0.00
GCC	68	28.28	21.74	21.72	28.25	0.00	0.00
GCC	69	28.27	21.76	21.73	28.24	0.00	0.00
GCC	70	28.30	21.73	21.70	28.27	0.00	0.00
GCC	71	28.28	21.74	21.72	28.26	0.00	0.00
GCC	72	28.28	21.74	21.72	28.26	0.00	0.00
GCC	73	28.28	21.75	21.71	28.26	0.00	0.00
GCC	74	28.28	21.75	21.71	28.25	0.00	0.00
GCC	75	28.29	21.74	21.71	28.26	0.00	0.00
GCC	76	28.29	21.74	21.71	28.26	0.00	0.00
GCC	77	28.29	21.75	21.71	28.26	0.00	0.00
GCC	78	28.28	21.75	21.72	28.25	0.00	0.00
GCC	79	28.28	21.75	21.72	28.26	0.00	0.00
GCC	80	28.26	21.77	21.74	28.23	0.00	0.00
GCC	81	28.27	21.76	21.73	28.24	0.00	0.00
GCC	82	28.26	21.76	21.73	28.24	0.00	0.00
GCC	83	28.26	21.77	21.74	28.23	0.00	0.00
GCC	84	28.26	21.77	21.74	28.23	0.00	0.00
GCC	85	28.26	21.77	21.74	28.23	0.00	0.00
GCC	86	28.27	21.76	21.73	28.24	0.00	0.00
GCC	87	28.27	21.76	21.73	28.24	0.00	0.00
GCC	88	28.25	21.78	21.75	28.23	0.00	0.00
GCC	89	28.26	21.77	21.74	28.23	0.00	0.00
GCC	90	28.26	21.77	21.74	28.23	0.00	0.00
GCC	91	28.25	21.78	21.75	28.22	0.00	0.00
GCC	92	28.25	21.78	21.75	28.22	0.00	0.00
GCC	93	28.27	21.76	21.73	28.24	0.00	0.00
GCC	94	28.26	21.77	21.74	28.23	0.00	0.00
GCC	95	28.24	21.78	21.75	28.22	0.00	0.00
GCC	96	28.25	21.78	21.74	28.23	0.00	0.00
GCC	97	28.25	21.78	21.74	28.23	0.00	0.00
GCC	98	28.27	21.76	21.72	28.25	0.00	0.00
GCC	99	28.25	21.78	21.74	28.23	0.00	0.00
GCC	100	28.25	21.78	21.75	28.22	0.00	0.00
GCC	101	28.24	21.79	21.76	28.22	0.00	0.00
GCC	102	28.25	21.78	21.74	28.23	0.00	0.00
GCC	103	28.23	21.80	21.77	28.20	0.00	0.00
GCC	104	28.24	21.78	21.75	28.22	0.00	0.00
GCC	105	28.24	21.80	21.76	28.21	0.00	0.00
GCC	106	28.24	21.79	21.75	28.21	0.00	0.00
GCC	107	28.27	21.77	21.73	28.23	0.00	0.00
GCC	108	28.25	21.78	21.75	28.22	0.00	0.00
GCC	109	28.25	21.79	21.75	28.22	0.00	0.00
GCC	110	28.25	21.79	21.75	28.22	0.00	0.00
GCC	111	28.24	21.79	21.75	28.22	0.00	0.00
GCC	112	28.24	21.80	21.75	28.21	0.00	0.00
GCC	113	28.24	21.80	21.76	28.20	0.00	0.00
GCC	114	28.23	21.80	21.77	28.20	0.00	0.00
GCC	115	28.23	21.80	21.76	28.21	0.00	0.00
GCC	116	28.25	21.78	21.75	28.22	0.00	0.00
GCC	117	28.21	21.82	21.78	28.19	0.00	0.00
GCC	118	28.21	21.81	21.77	28.20	0.00	0.00
GCC	119	28.24	21.80	21.75	28.21	0.00	0.00
GCC	120	28.24	21.80	21.75	28.21	0.00	0.00
GCC	121	28.23	21.81	21.77	28.20	0.00	0.00
GCC	122	28.23	21.80	21.76	28.21	0.00	0.00
GCC	123	28.24	21.80	21.76	28.20	0.00	0.00
GCC	124	28.22	21.82	21.77	28.20	0.00	0.00
GCC	125	28.22	21.81	21.77	28.20	0.00	0.00
GCC	126	28.22	21.82	21.77	28.19	0.00	0.00
GCC	127	28.20	21.83	21.79	28.17	0.00	0.00
GCC	128	28.22	21.82	21.77	28.19	0.00	0.00
GCC	129	28.21	21.82	21.78	28.19	0.00	0.00
GCC	130	28.21	21.82	21.77	28.20	0.00	0.00
GCC	131	28.20	21.84	21.79	28.17	0.00	0.00
GCC	132	28.19	21.83	21.80	28.18	0.00	0.00
GCC	133	28.21	21.83	21.78	28.18	0.00	0.00
GCC	134	28.20	21.83	21.79	28.18	0.00	0.00
GCC	135	28.20	21.84	21.79	28.18	0.00	0.00
GCC	136	28.19	21.84	21.80	28.16	0.00	0.00
GCC	137	28.18	21.85	21.81	28.16	0.00	0.00
GCC	138	28.18	21.85	21.81	28.16	0.00	0.00
GCC	139	28.19	21.84	21.79	28.17	0.00	0.00
GCC	140	28.20	21.84	21.79	28.17	0.00	0.00
GCC	141	28.18	21.84	21.81	28.17	0.00	0.00
GCC	142	28.16	21.85	21.82	28.16	0.00	0.00
GCC	143	28.16	21.86	21.82	28.15	0.00	0.00
GCC	144	28.17	21.86	21.82	28.16	0.00	0.00
GCC	145	28.16	21.87	21.83	28.15	0.00	0.00
GCC	146	28.15	21.87	21.83	28.15	0.00	0.00
GCC	147	28.14	21.88	21.84	28.14	0.00	0.00
GCC	148	28.14	21.89	21.85	28.13	0.00	0.00
GCC	149	28.14	21.88	21.85	28.13	0.00	0.00
GCC	150	28.14	21.89	21.85	28.13	0.03	0.00
# ACGT content per cycle, read oriented. Use `grep ^GCT | cut -f 2-` to extract this part. The columns are: cycle; A,C,G,T base counts as a percentage of all A/C/G/T bases [%]
GCT	1	30.53	22.43	17.88	29.16
GCT	2	30.26	20.13	21.29	28.32
GCT	3	29.07	21.22	21.17	28.53
GCT	4	28.31	21.50	21.32	28.88
GCT	5	28.59	20.55	21.78	29.08
GCT	6	28.69	21.27	21.92	28.12
GCT	7	28.54	20.71	22.17	28.58
GCT	8	28.58	21.23	21.59	28.61
GCT	9	28.33	21.33	21.38	28.96
GCT	10	28.52	21.40	21.57	28.51
GCT	11	28.48	21.43	21.45	28.65
GCT	12	28.64	21.39	21.40	28.57
GCT	13	28.74	21.25	21.42	28.60
GCT	14	28.75	21.22	21.43	28.61
GCT	15	28.67	21.32	21.34	28.67
GCT	16	28.61	21.23	21.46	28.70
GCT	17	28.62	21.31	21.42	28.65
GCT	18	28.56	21.44	21.39	28.60
GCT	19	28.51	21.33	21.46	28.70
GCT	20	28.48	21.42	21.54	28.55
GCT	21	28.56	21.43	21.57	28.44
GCT	22	28.51	21.47	21.55	28.48
GCT	23	28.40	21.58	21.52	28.50
GCT	24	28.47	21.49	21.56	28.47
GCT	25	28.40	21.51	21.64	28.44
GCT	26	28.39	21.56	21.63	28.42
GCT	27	28.37	21.57	21.60	28.46
GCT	28	28.38	21.63	21.63	28.36
GCT	29	28.43	21.58	21.61	28.38
GCT	30	28.38	21.58	21.70	28.35
GCT	31	28.39	21.58	21.70	28.33
GCT	32	28.42	21.62	21.67	28.29
GCT	33	28.41	21.56	21.74	28.29
GCT	34	28.39	21.58	21.77	28.26
GCT	35	28.40	21.58	21.75	28.27
GCT	36	28.39	21.56	21.76	28.29
GCT	37	28.39	21.58	21.79	28.25
GCT	38	28.45	21.57	21.72	28.27
GCT	39	28.42	21.60	21.74	28.24
GCT	40	28.44	21.61	21.74	28.21
GCT	41	28.40	21.63	21.75	28.21
GCT	42	28.35	21.64	21.72	28.29
GCT	43	28.40	21.67	21.72	28.22
GCT	44	28.47	21.61	21.71	28.21
GCT	45	28.38	21.63	21.76	28.23
GCT	46	28.41	21.68	21.73	28.18
GCT	47	28.42	21.64	21.75	28.20
GCT	48	28.39	21.60	21.78	28.23
GCT	49	28.39	21.63	21.78	28.20
GCT	50	28.42	21.57	21.78	28.23
GCT	51	28.41	21.66	21.77	28.16
GCT	52	28.42	21.65	21.76	28.16
GCT	53	28.42	21.61	21.78	28.19
GCT	54	28.40	21.61	21.79	28.20
GCT	55	28.45	21.62	21.77	28.16
GCT	56	28.45	21.62	21.79	28.15
GCT	57	28.41	21.64	21.79	28.16
GCT	58	28.42	21.67	21.78	28.13
GCT	59	28.42	21.63	21.77	28.18
GCT	60	28.40	21.65	21.77	28.18
GCT	61	28.41	21.66	21.78	28.15
GCT	62	28.42	21.60	21.80	28.18
GCT	63	28.41	21.63	21.82	28.14
GCT	64	28.42	21.63	21.84	28.11
GCT	65	28.42	21.61	21.81	28.15
GCT	66	28.41	21.62	21.84	28.13
GCT	67	28.45	21.63	21.81	28.11
GCT	68	28.42	21.63	21.84	28.12
GCT	69	28.39	21.70	21.79	28.12
GCT	70	28.44	21.64	21.79	28.13
GCT	71	28.41	21.61	21.85	28.13
GCT	72	28.41	21.65	21.81	28.13
GCT	73	28.42	21.65	21.81	28.12
GCT	74	28.45	21.64	21.82	28.08
GCT	75	28.46	21.64	21.81	28.09
GCT	76	28.42	21.61	21.84	28.13
GCT	77	28.41	21.62	21.84	28.14
GCT	78	28.41	21.65	21.81	28.12
GCT	79	28.42	21.62	21.85	28.11
GCT	80	28.40	21.61	21.89	28.10
GCT	81	28.43	21.61	21.87	28.09
GCT	82	28.43	21.61	21.88	28.07
GCT	83	28.42	21.63	21.87	28.08
GCT	84	28.39	21.65	21.86	28.10
GCT	85	28.41	21.64	21.86	28.09
GCT	86	28.43	21.66	21.84	28.08
GCT	87	28.39	21.64	21.85	28.12
GCT	88	28.37	21.62	21.90	28.10
GCT	89	28.42	21.62	21.89	28.07
GCT	90	28.41	21.65	21.87	28.08
GCT	91	28.38	21.66	21.88	28.08
GCT	92	28.38	21.66	21.87	28.09
GCT	93	28.42	21.59	21.90	28.10
GCT	94	28.41	21.60	21.91	28.08
GCT	95	28.37	21.66	21.87	28.09
GCT	96	28.41	21.66	21.86	28.08
GCT	97	28.42	21.64	21.87	28.06
GCT	98	28.43	21.62	21.86	28.08
GCT	99	28.37	21.61	21.91	28.11
GCT	100	28.39	21.65	21.89	28.08
GCT	101	28.42	21.65	21.89	28.04
GCT	102	28.42	21.65	21.87	28.06
GCT	103	28.38	21.68	21.89	28.06
GCT	104	28.40	21.64	21.89	28.06
GCT	105	28.40	21.63	21.92	28.04
GCT	106	28.40	21.62	21.92	28.05
GCT	107	28.42	21.58	21.92	28.08
GCT	108	28.41	21.61	21.92	28.06
GCT	109	28.41	21.60	21.94	28.05
GCT	110	28.41	21.61	21.92	28.06
GCT	111	28.40	21.62	21.92	28.06
GCT	112	28.42	21.63	21.92	28.02
GCT	113	28.43	21.65	21.91	28.00
GCT	114	28.40	21.68	21.90	28.02
GCT	115	28.41	21.65	21.91	28.03
GCT	116	28.43	21.59	21.94	28.04
GCT	117	28.39	21.62	21.97	28.02
GCT	118	28.39	21.64	21.94	28.02
GCT	119	28.41	21.62	21.92	28.04
GCT	120	28.40	21.61	21.94	28.05
GCT	121	28.40	21.62	21.96	28.03
GCT	122	28.41	21.61	21.95	28.03
GCT	123	28.39	21.64	21.92	28.05
GCT	124	28.40	21.63	21.95	28.02
GCT	125	28.40	21.63	21.94	28.03
GCT	126	28.37	21.64	21.94	28.04
GCT	127	28.38	21.66	21.96	28.00
GCT	128	28.39	21.62	21.97	28.02
GCT	129	28.39	21.63	21.97	28.02
GCT	130	28.40	21.59	22.00	28.01
GCT	131	28.40	21.62	22.00	27.98
GCT	132	28.38	21.63	22.00	27.99
GCT	133	28.37	21.63	21.98	28.02
GCT	134	28.39	21.64	21.97	28.00
GCT	135	28.39	21.65	21.98	27.98
GCT	136	28.38	21.64	22.00	27.98
GCT	137	28.35	21.64	22.02	27.99
GCT	138	28.35	21.64	22.01	27.99
GCT	139	28.38	21.63	22.01	27.98
GCT	140	28.37	21.58	22.05	27.99
GCT	141	28.36	21.61	22.04	27.99
GCT	142	28.33	21.67	22.01	28.00
GCT	143	28.33	21.68	22.00	27.98
GCT	144	28.32	21.67	22.01	28.00
GCT	145	28.32	21.66	22.03	27.99
GCT	146	28.31	21.68	22.02	27.99
GCT	147	28.29	21.70	22.02	27.99
GCT	148	28.28	21.69	22.04	27.98
GCT	149	28.29	21.66	22.07	27.98
GCT	150	28.32	21.64	22.10	27.95
# ACGT content per cycle for first fragments. Use `grep ^FBC | cut -f 2-` to extract this part. The columns are: cycle; A,C,G,T base counts as a percentage of all A/C/G/T bases [%]; and N and O counts as a percentage of all A/C/G/T bases [%]
FBC	1	29.77	20.21	20.21	29.82	0.00	0.00
FBC	2	29.31	20.66	20.67	29.36	0.00	0.00
FBC	3	28.87	21.10	21.11	28.92	0.01	0.00
FBC	4	28.71	21.26	21.27	28.76	0.00	0.00
FBC	5	28.87	21.11	21.11	28.92	0.00	0.00
FBC	6	28.49	21.49	21.49	28.53	0.00	0.00
FBC	7	28.64	21.34	21.34	28.69	0.00	0.00
FBC	8	28.63	21.35	21.35	28.68	0.00	0.00
FBC	9	28.68	21.29	21.29	28.73	0.00	0.00
FBC	10	28.56	21.42	21.43	28.59	0.00	0.00
FBC	11	28.60	21.38	21.38	28.64	0.00	0.00
FBC	12	28.62	21.35	21.35	28.67	0.00	0.00
FBC	13	28.69	21.30	21.29	28.72	0.00	0.00
FBC	14	28.70	21.28	21.28	28.74	0.00	0.00
FBC	15	28.68	21.30	21.30	28.72	0.00	0.00
FBC	16	28.67	21.30	21.31	28.72	0.00	0.00
FBC	17	28.64	21.33	21.34	28.69	0.00	0.00
FBC	18	28.59	21.39	21.40	28.63	0.00	0.00
FBC	19	28.60	21.37	21.38	28.65	0.00	0.00
FBC	20	28.52	21.46	21.46	28.56	0.00	0.00
FBC	21	28.50	21.48	21.47	28.54	0.00	0.00
FBC	22	28.48	21.50	21.50	28.52	0.00	0.00
FBC	23	28.44	21.53	21.53	28.49	0.00	0.00
FBC	24	28.46	21.51	21.52	28.51	0.00	0.00
FBC	25	28.42	21.56	21.57	28.46	0.00	0.00
FBC	26	28.40	21.57	21.58	28.44	0.00	0.00
FBC	27	28.40	21.57	21.57	28.46	0.00	0.00
FBC	28	28.37	21.61	21.62	28.41	0.00	0.00
FBC	29	28.40	21.58	21.58	28.44	0.00	0.00
FBC	30	28.34	21.63	21.63	28.40	0.00	0.00
FBC	31	28.34	21.63	21.63	28.39	0.00	0.00
FBC	32	28.34	21.62	21.64	28.39	0.00	0.00
FBC	33	28.33	21.64	21.65	28.38	0.01	0.00
FBC	34	28.31	21.67	21.67	28.35	0.00	0.00
FBC	35	28.32	21.66	21.65	28.38	0.00	0.00
FBC	36	28.32	21.65	21.66	28.37	0.00	0.00
FBC	37	28.30	21.68	21.68	28.35	0.00	0.00
FBC	38	28.35	21.63	21.64	28.38	0.00	0.00
FBC	39	28.31	21.66	21.67	28.36	0.00	0.00
FBC	40	28.30	21.67	21.67	28.35	0.00	0.00
FBC	41	28.29	21.68	21.69	28.33	0.04	0.00
FBC	42	28.30	21.67	21.69	28.34	0.00	0.00
FBC	43	28.28	21.70	21.69	28.33	0.00	0.00
FBC	44	28.32	21.66	21.66	28.37	0.00	0.00
FBC	45	28.29	21.69	21.69	28.33	0.00	0.00
FBC	46	28.27	21.70	21.71	28.32	0.00	0.00
FBC	47	28.29	21.69	21.69	28.33	0.00	0.00
FBC	48	28.28	21.69	21.70	28.34	0.00	0.00
FBC	49	28.27	21.70	21.71	28.32	0.00	0.00
FBC	50	28.30	21.67	21.68	28.35	0.00	0.00
FBC	51	28.27	21.71	21.72	28.31	0.00	0.00
FBC	52	28.26	21.71	21.72	28.32	0.00	0.00
FBC	53	28.28	21.69	21.70	28.32	0.00	0.00
FBC	54	28.27	21.71	21.70	28.31	0.00	0.00
FBC	55	28.28	21.70	21.70	28.32	0.00	0.00
FBC	56	28.27	21.71	21.71	28.31	0.00	0.00
FBC	57	28.26	21.72	21.71	28.31	0.00	0.00
FBC	58	28.24	21.73	21.74	28.29	0.00	0.00
FBC	59	28.27	21.70	21.71	28.32	0.00	0.00
FBC	60	28.26	21.71	21.72	28.31	0.00	0.00
FBC	61	28.25	21.72	21.73	28.29	0.01	0.00
FBC	62	28.27	21.70	21.70	28.32	0.00	0.00
FBC	63	28.25	21.72	21.73	28.30	0.00	0.00
FBC	64	28.24	21.74	21.75	28.28	0.00	0.00
FBC	65	28.26	21.70	21.72	28.31	0.00	0.00
FBC	66	28.25	21.73	21.74	28.28	0.00	0.00
FBC	67	28.25	21.72	21.73	28.29	0.00	0.00
FBC	68	28.25	21.73	21.74	28.28	0.00	0.00
FBC	69	28.23	21.75	21.75	28.27	0.00	0.00
FBC	70	28.25	21.72	21.73	28.30	0.00	0.00
FBC	71	28.24	21.73	21.74	28.28	0.00	0.00
FBC	72	28.24	21.73	21.74	28.28	0.00	0.00
FBC	73	28.24	21.73	21.74	28.28	0.00	0.00
FBC	74	28.24	21.74	21.74	28.28	0.00	0.00
FBC	75	28.25	21.73	21.73	28.29	0.00	0.00
FBC	76	28.24	21.73	21.74	28.28	0.00	0.00
FBC	77	28.24	21.74	21.74	28.28	0.00	0.00
FBC	78	28.24	21.74	21.75	28.28	0.00	0.00
FBC	79	28.23	21.74	21.75	28.28	0.00	0.00
FBC	80	28.22	21.75	21.76	28.27	0.00	0.00
FBC	81	28.24	21.74	21.75	28.27	0.00	0.00
FBC	82	28.23	21.75	21.75	28.27	0.00	0.00
FBC	83	28.23	21.75	21.76	28.26	0.00	0.00
FBC	84	28.21	21.75	21.77	28.26	0.00	0.00
FBC	85	28.22	21.76	21.77	28.25	0.00	0.00
FBC	86	28.23	21.75	21.76	28.27	0.00	0.00
FBC	87	28.22	21.75	21.76	28.27	0.00	0.00
FBC	88	28.20	21.77	21.78	28.25	0.00	0.00
FBC	89	28.21	21.76	21.77	28.26	0.00	0.00
FBC	90	28.21	21.76	21.77	28.26	0.00	0.00
FBC	91	28.20	21.78	21.79	28.24	0.00	0.00
FBC	92	28.21	21.77	21.77	28.25	0.00	0.00
FBC	93	28.23	21.75	21.76	28.27	0.00	0.00
FBC	94	28.21	21.76	21.77	28.26	0.00	0.00
FBC	95	28.20	21.77	21.78	28.25	0.00	0.00
FBC	96	28.21	21.76	21.77	28.26	0.00	0.00
FBC	97	28.21	21.77	21.77	28.25	0.00	0.00
FBC	98	28.22	21.75	21.75	28.28	0.00	0.00
FBC	99	28.21	21.76	21.77	28.26	0.00	0.00
FBC	100	28.20	21.77	21.78	28.25	0.00	0.00
FBC	101	28.20	21.77	21.79	28.24	0.00	0.00
FBC	102	28.21	21.77	21.78	28.25	0.00	0.00
FBC	103	28.18	21.79	21.80	28.22	0.00	0.00
FBC	104	28.20	21.77	21.78	28.25	0.00	0.00
FBC	105	28.20	21.78	21.79	28.23	0.00	0.00
FBC	106	28.20	21.78	21.78	28.23	0.00	0.00
FBC	107	28.23	21.75	21.76	28.26	0.00	0.00
FBC	108	28.21	21.77	21.78	28.24	0.00	0.00
FBC	109	28.20	21.78	21.78	28.24	0.00	0.00
FBC	110	28.21	21.77	21.78	28.25	0.00	0.00
FBC	111	28.20	21.77	21.78	28.24	0.00	0.00
FBC	112	28.20	21.78	21.78	28.23	0.00	0.00
FBC	113	28.20	21.78	21.79	28.23	0.00	0.00
FBC	114	28.19	21.79	21.80	28.22	0.00	0.00
FBC	115	28.19	21.78	21.80	28.23	0.00	0.00
FBC	116	28.21	21.76	21.78	28.25	0.00	0.00
FBC	117	28.17	21.80	21.81	28.22	0.00	0.00
FBC	118	28.17	21.80	21.80	28.23	0.00	0.00
FBC	119	28.19	21.78	21.78	28.24	0.00	0.00
FBC	120	28.19	21.79	21.78	28.24	0.00	0.00
FBC	121	28.18	21.79	21.80	28.23	0.00	0.00
FBC	122	28.19	21.79	21.79	28.23	0.00	0.00
FBC	123	28.19	21.79	21.79	28.23	0.00	0.00
FBC	124	28.18	21.80	21.80	28.22	0.00	0.00
FBC	125	28.18	21.79	21.79	28.23	0.00	0.00
FBC	126	28.18	21.80	21.80	28.22	0.00	0.00
FBC	127	28.16	21.81	21.82	28.21	0.00	0.00
FBC	128	28.18	21.80	21.80	28.23	0.00	0.00
FBC	129	28.17	21.81	21.80	28.22	0.00	0.00
FBC	130	28.17	21.80	21.80	28.23	0.00	0.00
FBC	131	28.17	21.81	21.81	28.21	0.00	0.00
FBC	132	28.16	21.81	21.82	28.21	0.00	0.00
FBC	133	28.17	21.80	21.81	28.22	0.00	0.00
FBC	134	28.17	21.81	21.81	28.22	0.00	0.00
FBC	135	28.16	21.82	21.81	28.21	0.00	0.00
FBC	136	28.16	21.82	21.82	28.20	0.00	0.00
FBC	137	28.15	21.82	21.83	28.19	0.00	0.00
FBC	138	28.15	21.82	21.83	28.20	0.00	0.00
FBC	139	28.16	21.82	21.82	28.21	0.00	0.00
FBC	140	28.16	21.82	21.81	28.21	0.00	0.00
FBC	141	28.16	21.82	21.83	28.20	0.00	0.00
FBC	142	28.16	21.81	21.82	28.21	0.00	0.00
FBC	143	28.16	21.82	21.82	28.20	0.00	0.00
FBC	144	28.16	21.82	21.82	28.20	0.00	0.00
FBC	145	28.15	21.83	21.83	28.19	0.00	0.00
FBC	146	28.15	21.83	21.83	28.19	0.00	0.00
FBC	147	28.14	21.84	21.84	28.18	0.00	0.00
FBC	148	28.14	21.85	21.84	28.17	0.00	0.00
FBC	149	28.14	21.84	21.84	28.18	0.00	0.00
FBC	150	28.13	21.84	21.85	28.18	0.00	0.00
# ACGT raw counters for first fragments. Use `grep ^FTC | cut -f 2-` to extract this part. The columns are: A,C,G,T,N base counters
FTC	11810299954	9041345538	9043534633	11828603880	262945
# ACGT content per cycle for last fragments. Use `grep ^LBC | cut -f 2-` to extract this part. The columns are: cycle; A,C,G,T base counts as a percentage of all A/C/G/T bases [%]; and N and O counts as a percentage of all A/C/G/T bases [%]
LBC	1	29.89	20.09	20.12	29.91	0.00	0.00
LBC	2	29.23	20.71	20.79	29.27	0.00	0.00
LBC	3	28.68	21.25	21.33	28.74	0.00	0.00
LBC	4	28.43	21.52	21.58	28.47	0.00	0.00
LBC	5	28.75	21.20	21.26	28.80	0.00	0.00
LBC	6	28.28	21.67	21.72	28.32	0.00	0.00
LBC	7	28.44	21.52	21.55	28.48	0.00	0.00
LBC	8	28.52	21.45	21.48	28.55	0.00	0.00
LBC	9	28.57	21.40	21.43	28.60	0.00	0.00
LBC	10	28.44	21.53	21.55	28.48	0.00	0.00
LBC	11	28.49	21.49	21.50	28.51	0.00	0.00
LBC	12	28.55	21.44	21.44	28.56	0.00	0.00
LBC	13	28.63	21.37	21.36	28.64	0.00	0.00
LBC	14	28.64	21.37	21.35	28.64	0.00	0.00
LBC	15	28.65	21.36	21.35	28.64	0.00	0.00
LBC	16	28.62	21.39	21.37	28.62	0.00	0.00
LBC	17	28.61	21.41	21.38	28.59	0.00	0.00
LBC	18	28.57	21.46	21.43	28.54	0.00	0.00
LBC	19	28.60	21.43	21.40	28.57	0.00	0.00
LBC	20	28.51	21.53	21.49	28.47	0.00	0.00
LBC	21	28.50	21.54	21.50	28.46	0.00	0.00
LBC	22	28.51	21.54	21.49	28.46	0.00	0.00
LBC	23	28.45	21.59	21.55	28.41	0.00	0.00
LBC	24	28.49	21.56	21.52	28.43	0.00	0.00
LBC	25	28.44	21.61	21.57	28.39	0.00	0.00
LBC	26	28.41	21.64	21.59	28.36	0.00	0.00
LBC	27	28.42	21.62	21.57	28.38	0.00	0.00
LBC	28	28.39	21.66	21.62	28.33	0.00	0.00
LBC	29	28.41	21.64	21.59	28.36	0.00	0.00
LBC	30	28.38	21.67	21.62	28.33	0.00	0.00
LBC	31	28.38	21.67	21.62	28.33	0.00	0.00
LBC	32	28.37	21.68	21.64	28.32	0.00	0.00
LBC	33	28.38	21.68	21.63	28.31	0.00	0.00
LBC	34	28.35	21.71	21.65	28.28	0.00	0.00
LBC	35	28.35	21.71	21.65	28.29	0.00	0.00
LBC	36	28.37	21.69	21.64	28.30	0.00	0.00
LBC	37	28.34	21.72	21.66	28.28	0.00	0.00
LBC	38	28.39	21.68	21.63	28.30	0.00	0.00
LBC	39	28.36	21.71	21.65	28.29	0.00	0.00
LBC	40	28.36	21.70	21.65	28.29	0.00	0.00
LBC	41	28.34	21.73	21.67	28.26	0.00	0.00
LBC	42	28.36	21.71	21.65	28.28	0.00	0.00
LBC	43	28.34	21.72	21.66	28.28	0.00	0.00
LBC	44	28.38	21.69	21.63	28.30	0.00	0.00
LBC	45	28.35	21.73	21.66	28.26	0.00	0.00
LBC	46	28.33	21.73	21.68	28.26	0.00	0.00
LBC	47	28.34	21.73	21.67	28.26	0.00	0.00
LBC	48	28.35	21.72	21.65	28.28	0.00	0.00
LBC	49	28.33	21.74	21.67	28.25	0.00	0.00
LBC	50	28.36	21.71	21.65	28.28	0.00	0.00
LBC	51	28.33	21.74	21.68	28.24	0.00	0.00
LBC	52	28.33	21.74	21.68	28.26	0.00	0.00
LBC	53	28.35	21.73	21.66	28.27	0.00	0.00
LBC	54	28.35	21.73	21.66	28.26	0.00	0.00
LBC	55	28.35	21.72	21.66	28.27	0.00	0.00
LBC	56	28.34	21.73	21.67	28.26	0.00	0.00
LBC	57	28.33	21.75	21.68	28.24	0.00	0.00
LBC	58	28.32	21.76	21.69	28.23	0.00	0.00
LBC	59	28.35	21.72	21.67	28.26	0.00	0.00
LBC	60	28.34	21.74	21.68	28.25	0.00	0.00
LBC	61	28.33	21.75	21.69	28.24	0.00	0.00
LBC	62	28.35	21.72	21.67	28.26	0.00	0.00
LBC	63	28.32	21.76	21.69	28.23	0.00	0.00
LBC	64	28.31	21.76	21.70	28.23	0.00	0.00
LBC	65	28.33	21.74	21.68	28.25	0.00	0.00
LBC	66	28.32	21.76	21.69	28.23	0.00	0.00
LBC	67	28.33	21.74	21.68	28.24	0.00	0.00
LBC	68	28.32	21.76	21.70	28.22	0.00	0.00
LBC	69	28.31	21.77	21.71	28.22	0.00	0.00
LBC	70	28.34	21.74	21.67	28.25	0.00	0.00
LBC	71	28.33	21.75	21.69	28.23	0.00	0.00
LBC	72	28.33	21.75	21.69	28.23	0.00	0.00
LBC	73	28.33	21.76	21.68	28.23	0.00	0.00
LBC	74	28.32	21.77	21.69	28.23	0.00	0.00
LBC	75	28.33	21.75	21.68	28.24	0.00	0.00
LBC	76	28.33	21.75	21.69	28.23	0.00	0.00
LBC	77	28.33	21.75	21.69	28.23	0.00	0.00
LBC	78	28.33	21.76	21.69	28.23	0.00	0.00
LBC	79	28.32	21.76	21.69	28.23	0.00	0.00
LBC	80	28.30	21.78	21.71	28.20	0.00	0.00
LBC	81	28.31	21.77	21.71	28.21	0.00	0.00
LBC	82	28.30	21.77	21.71	28.22	0.00	0.00
LBC	83	28.30	21.78	21.72	28.21	0.00	0.00
LBC	84	28.30	21.79	21.72	28.20	0.00	0.00
LBC	85	28.31	21.78	21.71	28.21	0.00	0.00
LBC	86	28.31	21.78	21.70	28.21	0.00	0.00
LBC	87	28.31	21.77	21.70	28.22	0.00	0.00
LBC	88	28.30	21.79	21.71	28.20	0.00	0.00
LBC	89	28.30	21.78	21.71	28.20	0.00	0.00
LBC	90	28.30	21.79	21.72	28.20	0.00	0.00
LBC	91	28.29	21.79	21.72	28.19	0.00	0.00
LBC	92	28.29	21.79	21.73	28.19	0.00	0.00
LBC	93	28.31	21.77	21.69	28.22	0.00	0.00
LBC	94	28.30	21.78	21.71	28.20	0.00	0.00
LBC	95	28.28	21.80	21.73	28.19	0.00	0.00
LBC	96	28.30	21.79	21.71	28.20	0.00	0.00
LBC	97	28.30	21.79	21.71	28.21	0.00	0.00
LBC	98	28.32	21.77	21.70	28.22	0.00	0.00
LBC	99	28.29	21.79	21.72	28.20	0.00	0.00
LBC	100	28.29	21.80	21.72	28.19	0.00	0.00
LBC	101	28.28	21.80	21.73	28.19	0.00	0.00
LBC	102	28.30	21.79	21.71	28.20	0.00	0.00
LBC	103	28.28	21.81	21.73	28.18	0.00	0.00
LBC	104	28.29	21.80	21.72	28.20	0.00	0.00
LBC	105	28.28	21.81	21.73	28.18	0.00	0.00
LBC	106	28.28	21.80	21.72	28.19	0.00	0.00
LBC	107	28.31	21.78	21.70	28.21	0.00	0.00
LBC	108	28.29	21.80	21.72	28.19	0.00	0.00
LBC	109	28.29	21.80	21.71	28.19	0.00	0.00
LBC	110	28.29	21.80	21.72	28.19	0.00	0.00
LBC	111	28.28	21.80	21.72	28.19	0.00	0.00
LBC	112	28.28	21.82	21.73	28.18	0.00	0.00
LBC	113	28.28	21.82	21.73	28.17	0.00	0.00
LBC	114	28.27	21.82	21.74	28.17	0.00	0.00
LBC	115	28.28	21.81	21.73	28.18	0.00	0.00
LBC	116	28.29	21.81	21.72	28.19	0.00	0.00
LBC	117	28.26	21.83	21.75	28.16	0.00	0.00
LBC	118	28.26	21.83	21.74	28.17	0.00	0.00
LBC	119	28.28	21.81	21.72	28.19	0.00	0.00
LBC	120	28.28	21.82	21.72	28.18	0.00	0.00
LBC	121	28.27	21.83	21.73	28.17	0.00	0.00
LBC	122	28.27	21.82	21.72	28.18	0.00	0.00
LBC	123	28.28	21.82	21.72	28.17	0.00	0.00
LBC	124	28.26	21.83	21.73	28.17	0.00	0.00
LBC	125	28.27	21.83	21.74	28.17	0.00	0.00
LBC	126	28.27	21.83	21.74	28.16	0.00	0.00
LBC	127	28.24	21.85	21.76	28.14	0.00	0.00
LBC	128	28.25	21.84	21.75	28.16	0.00	0.00
LBC	129	28.25	21.84	21.75	28.16	0.00	0.00
LBC	130	28.25	21.84	21.74	28.16	0.00	0.00
LBC	131	28.24	21.86	21.76	28.14	0.00	0.00
LBC	132	28.22	21.86	21.77	28.15	0.00	0.00
LBC	133	28.24	21.85	21.76	28.15	0.00	0.00
LBC	134	28.24	21.85	21.76	28.14	0.00	0.00
LBC	135	28.24	21.86	21.76	28.15	0.00	0.00
LBC	136	28.23	21.87	21.78	28.13	0.00	0.00
LBC	137	28.21	21.88	21.79	28.12	0.00	0.00
LBC	138	28.21	21.88	21.79	28.12	0.00	0.00
LBC	139	28.23	21.86	21.77	28.14	0.00	0.00
LBC	140	28.23	21.87	21.77	28.13	0.00	0.00
LBC	141	28.21	21.87	21.78	28.14	0.00	0.00
LBC	142	28.17	21.92	21.83	28.08	0.00	0.00
LBC	143	28.16	21.93	21.84	28.07	0.00	0.00
LBC	144	28.19	21.92	21.81	28.08	0.00	0.00
LBC	145	28.18	21.92	21.83	28.07	0.00	0.00
LBC	146	28.16	21.93	21.84	28.06	0.00	0.00
LBC	147	28.15	21.95	21.84	28.06	0.00	0.00
LBC	148	28.14	21.96	21.86	28.05	0.00	0.00
LBC	149	28.14	21.95	21.86	28.05	0.00	0.00
LBC	150	28.14	21.96	21.86	28.04	0.08	0.00
# ACGT raw counters for last fragments. Use `grep ^LTC | cut -f 2-` to extract this part. The columns are: A,C,G,T,N base counters
LTC	11530288279	8827569333	8803090277	11500632179	153064
# Insert sizes. Use `grep ^IS | cut -f 2-` to extract this part. The columns are: insert size, pairs total, inward oriented pairs, outward oriented pairs, other pairs
IS	0	2906	0	26	2880
IS	1	808	0	55	753
IS	2	359	0	74	285
IS	3	183	0	47	136
IS	4	131	0	46	85
IS	5	105	0	50	55
IS	6	112	0	65	47
IS	7	141	0	81	60
IS	8	130	0	101	29
IS	9	114	0	86	28
IS	10	121	0	98	23
IS	11	129	0	103	26
IS	12	155	0	118	37
IS	13	134	0	113	21
IS	14	171	0	145	26
IS	15	188	0	162	26
IS	16	215	0	190	25
IS	17	225	0	194	31
IS	18	233	0	215	18
IS	19	1239	431	784	24
IS	20	1085	407	661	17
IS	21	816	267	538	11
IS	22	654	186	456	12
IS	23	586	125	442	19
IS	24	610	132	468	10
IS	25	794	196	588	10
IS	26	763	161	590	12
IS	27	835	231	591	13
IS	28	839	247	581	11
IS	29	970	295	661	14
IS	30	955	287	662	6
IS	31	946	291	642	13
IS	32	1019	299	717	3
IS	33	1039	349	677	13
IS	34	1069	347	710	12
IS	35	1004	323	670	11
IS	36	1115	383	716	16
IS	37	1184	380	782	22
IS	38	1290	458	810	22
IS	39	1500	500	977	23
IS	40	1637	581	1036	20
IS	41	1706	602	1080	24
IS	42	2019	754	1232	33
IS	43	1940	778	1141	21
IS	44	2056	849	1178	29
IS	45	2179	892	1271	16
IS	46	2214	915	1285	14
IS	47	2333	970	1356	7
IS	48	2394	1025	1360	9
IS	49	2540	1060	1461	19
IS	50	2702	1119	1537	46
IS	51	2992	1283	1688	21
IS	52	3251	1416	1802	33
IS	53	3064	1293	1738	33
IS	54	3287	1419	1837	31
IS	55	3766	1665	2026	75
IS	56	3745	1654	2048	43
IS	57	3582	1570	2005	7
IS	58	3813	1667	2137	9
IS	59	3677	1587	2080	10
IS	60	3940	1654	2281	5
IS	61	4035	1759	2266	10
IS	62	3997	1745	2250	2
IS	63	4166	1889	2268	9
IS	64	4221	1870	2331	20
IS	65	4415	1979	2426	10
IS	66	4447	1961	2470	16
IS	67	4426	1962	2445	19
IS	68	4444	2101	2332	11
IS	69	4782	2141	2630	11
IS	70	4693	2112	2572	9
IS	71	4770	2175	2591	4
IS	72	4709	2182	2523	4
IS	73	4859	2266	2583	10
IS	74	4878	2264	2604	10
IS	75	4824	2211	2602	11
IS	76	4943	2400	2539	4
IS	77	5063	2343	2712	8
IS	78	5403	2468	2928	7
IS	79	5189	2444	2736	9
IS	80	5183	2402	2774	7
IS	81	5250	2527	2717	6
IS	82	5533	2637	2890	6
IS	83	5563	2657	2894	12
IS	84	5707	2736	2967	4
IS	85	5697	2728	2960	9
IS	86	5814	2825	2980	9
IS	87	5795	2812	2974	9
IS	88	5922	2869	3037	16
IS	89	5717	2742	2966	9
IS	90	5491	2697	2785	9
IS	91	5598	2849	2741	8
IS	92	5428	2748	2672	8
IS	93	5153	2644	2500	9
IS	94	5366	2659	2704	3
IS	95	5268	2620	2639	9
IS	96	5507	2737	2760	10
IS	97	5564	2746	2807	11
IS	98	5524	2680	2834	10
IS	99	5614	2827	2781	6
IS	100	5688	2865	2821	2
IS	101	5670	2864	2798	8
IS	102	5486	2803	2671	12
IS	103	5663	2927	2728	8
IS	104	5997	3030	2957	10
IS	105	5845	2988	2845	12
IS	106	5876	3013	2855	8
IS	107	5876	3002	2856	18
IS	108	6347	3250	3086	11
IS	109	5842	3033	2799	10
IS	110	6320	3339	2968	13
IS	111	6012	3173	2825	14
IS	112	6911	3741	3152	18
IS	113	6660	3530	3123	7
IS	114	6137	3325	2802	10
IS	115	6116	3121	2989	6
IS	116	5806	3037	2759	10
IS	117	6059	3226	2824	9
IS	118	6050	3218	2825	7
IS	119	6548	3359	3172	17
IS	120	6420	3460	2949	11
IS	121	6528	3619	2899	10
IS	122	6221	3307	2906	8
IS	123	5918	3160	2747	11
IS	124	5751	3005	2738	8
IS	125	5800	3009	2779	12
IS	126	5915	3151	2756	8
IS	127	5951	3189	2743	19
IS	128	5980	3152	2810	18
IS	129	6018	3247	2759	12
IS	130	6027	3186	2827	14
IS	131	6033	3250	2768	15
IS	132	6054	3244	2796	14
IS	133	6187	3233	2946	8
IS	134	6101	3328	2756	17
IS	135	6346	3473	2863	10
IS	136	6226	3330	2880	16
IS	137	6376	3458	2907	11
IS	138	5983	3131	2831	21
IS	139	6040	3142	2889	9
IS	140	6099	2792	3299	8
IS	141	6428	3749	2671	8
IS	142	6412	3799	2597	16
IS	143	6963	4106	2852	5
IS	144	7022	4154	2856	12
IS	145	7013	4159	2844	10
IS	146	6993	4124	2859	10
IS	147	6982	4124	2846	12
IS	148	6961	3961	2985	15
IS	149	7387	3721	3650	16
IS	150	7369	4651	2704	14
IS	151	7230	7116	97	17
IS	152	7491	7459	32	0
IS	153	7319	7285	29	5
IS	154	7320	7286	28	6
IS	155	7172	7133	25	14
IS	156	7365	7338	15	12
IS	157	7510	7469	29	12
IS	158	7544	7528	11	5
IS	159	7807	7788	13	6
IS	160	7761	7729	20	12
IS	161	7841	7811	18	12
IS	162	7983	7951	22	10
IS	163	8102	8077	11	14
IS	164	8147	8120	17	10
IS	165	8271	8252	15	4
IS	166	8561	8536	19	6
IS	167	8634	8613	11	10
IS	168	8880	8859	10	11
IS	169	8988	8962	18	8
IS	170	9242	9219	9	14
IS	171	9270	9234	22	14
IS	172	9546	9519	13	14
IS	173	9644	9623	12	9
IS	174	9928	9913	8	7
IS	175	10371	10359	5	7
IS	176	10724	10702	10	12
IS	177	11216	11197	6	13
IS	178	11401	11372	15	14
IS	179	11775	11752	5	18
IS	180	12018	11999	9	10
IS	181	12370	12346	8	16
IS	182	12636	12626	2	8
IS	183	13165	13134	16	15
IS	184	13286	13262	9	15
IS	185	13654	13625	14	15
IS	186	14135	14108	9	18
IS	187	15004	14979	10	15
IS	188	15108	15082	9	17
IS	189	15594	15572	9	13
IS	190	15726	15706	7	13
IS	191	16332	16312	5	15
IS	192	17120	17096	8	16
IS	193	17610	17593	8	9
IS	194	18137	18118	6	13
IS	195	18740	18709	3	28
IS	196	18929	18908	9	12
IS	197	19902	19873	12	17
IS	198	20610	20588	8	14
IS	199	21619	21601	5	13
IS	200	22051	22018	8	25
IS	201	22801	22776	10	15
IS	202	23535	23512	9	14
IS	203	24337	24309	13	15
IS	204	25218	25198	7	13
IS	205	25794	25780	5	9
IS	206	26875	26855	7	13
IS	207	27653	27626	6	21
IS	208	28826	28807	7	12
IS	209	29787	29765	8	14
IS	210	30765	30736	16	13
IS	211	31853	31826	10	17
IS	212	32954	32936	13	5
IS	213	33944	33913	19	12
IS	214	35058	35042	4	12
IS	215	36435	36417	5	13
IS	216	37721	37698	10	13
IS	217	39231	39206	11	14
IS	218	40416	40396	6	14
IS	219	41515	41500	2	13
IS	220	43412	43395	5	12
IS	221	44833	44800	13	20
IS	222	46366	46337	9	20
IS	223	47416	47391	8	17
IS	224	49709	49684	10	15
IS	225	50817	50792	7	18
IS	226	52908	52881	9	18
IS	227	54773	54746	8	19
IS	228	56690	56667	10	13
IS	229	58274	58251	7	16
IS	230	60799	60769	8	22
IS	231	62602	62563	12	27
IS	232	64573	64556	6	11
IS	233	67005	66983	8	14
IS	234	68853	68824	6	23
IS	235	70198	70171	14	13
IS	236	72917	72886	15	16
IS	237	75565	75537	9	19
IS	238	79383	79350	10	23
IS	239	81086	81059	8	19
IS	240	83341	83316	7	18
IS	241	86584	86558	14	12
IS	242	88830	88798	9	23
IS	243	91185	91162	8	15
IS	244	93681	93654	10	17
IS	245	96954	96928	9	17
IS	246	99971	99947	6	18
IS	247	103864	103839	7	18
IS	248	106894	106875	6	13
IS	249	109636	109611	7	18
IS	250	113923	113902	5	16
IS	251	117125	117097	13	15
IS	252	119831	119808	4	19
IS	253	124749	124724	6	19
IS	254	128173	128151	4	18
IS	255	131643	131618	9	16
IS	256	134824	134797	9	18
IS	257	139541	139516	8	17
IS	258	144703	144673	8	22
IS	259	149459	149422	11	26
IS	260	153682	153654	8	20
IS	261	158538	158518	7	13
IS	262	162845	162818	7	20
IS	263	167501	167471	8	22
IS	264	172910	172883	7	20
IS	265	177774	177754	7	13
IS	266	183098	183077	8	13
IS	267	187397	187375	8	14
IS	268	193134	193102	9	23
IS	269	199625	199589	11	25
IS	270	205943	205911	12	20
IS	271	211888	211873	5	10
IS	272	217750	217728	7	15
IS	273	223986	223953	4	29
IS	274	229508	229482	14	12
IS	275	236026	236004	8	14
IS	276	242801	242762	15	24
IS	277	247741	247718	7	16
IS	278	255068	255030	10	28
IS	279	261423	261396	9	18
IS	280	269827	269794	11	22
IS	281	277759	277733	13	13
IS	282	285999	285972	12	15
IS	283	292387	292355	13	19
IS	284	299845	299820	9	16
IS	285	308422	308400	5	17
IS	286	315082	315044	9	29
IS	287	321610	321580	3	27
IS	288	329939	329911	8	20
IS	289	338959	338943	10	6
IS	290	349468	349434	14	20
IS	291	357596	357572	8	16
IS	292	366955	366916	10	29
IS	293	376320	376286	13	21
IS	294	384608	384577	6	25
IS	295	395790	395768	8	14
IS	296	401722	401694	7	21
IS	297	412068	412036	5	27
IS	298	422285	422264	4	17
IS	299	431328	431295	11	22
IS	300	440043	440013	9	21
IS	301	452722	452691	9	22
IS	302	464290	464247	11	32
IS	303	476433	476403	10	20
IS	304	487603	487575	5	23
IS	305	495986	495953	11	22
IS	306	505783	505755	9	19
IS	307	514756	514735	5	16
IS	308	525579	525545	9	25
IS	309	536901	536876	6	19
IS	310	549884	549863	6	15
IS	311	561405	561385	8	12
IS	312	575591	575547	13	31
IS	313	589036	589014	6	16
IS	314	600084	600047	10	27
IS	315	609700	609670	14	16
IS	316	621266	621231	9	26
IS	317	631293	631275	5	13
IS	318	643247	643221	9	17
IS	319	652710	652686	9	15
IS	320	665658	665636	10	12
IS	321	680393	680368	6	19
IS	322	693224	693204	5	15
IS	323	706611	706595	6	10
IS	324	720172	720142	5	25
IS	325	735037	735013	12	12
IS	326	745987	745955	11	21
IS	327	756981	756962	6	13
IS	328	768665	768642	11	12
IS	329	781078	781052	6	20
IS	330	792221	792195	4	22
IS	331	805391	805371	10	10
IS	332	818549	818535	11	3
IS	333	836218	836199	4	15
IS	334	847896	847878	4	14
IS	335	860899	860883	2	14
IS	336	874665	874634	9	22
IS	337	884138	884109	8	21
IS	338	893585	893565	8	12
IS	339	902294	902273	6	15
IS	340	912874	912845	11	18
IS	341	926049	926018	9	22
IS	342	939764	939745	4	15
IS	343	953406	953373	12	21
IS	344	967537	967510	7	20
IS	345	979443	979411	7	25
IS	346	991139	991124	3	12
IS	347	1003550	1003528	5	17
IS	348	1010542	1010520	9	13
IS	349	1016984	1016960	4	20
IS	350	1028253	1028227	4	22
IS	351	1037516	1037491	8	17
IS	352	1049655	1049632	7	16
IS	353	1062664	1062631	14	19
IS	354	1075107	1075080	4	23
IS	355	1085608	1085543	12	53
IS	356	1096647	1096583	9	55
IS	357	1105488	1105452	5	31
IS	358	1111801	1111780	5	16
IS	359	1115323	1115288	14	21
IS	360	1123988	1123958	5	25
IS	361	1130597	1130568	8	21
IS	362	1139630	1139601	11	18
IS	363	1152961	1152934	9	18
IS	364	1162726	1162698	4	24
IS	365	1170945	1170914	10	21
IS	366	1179792	1179763	14	15
IS	367	1188079	1188059	8	12
IS	368	1193698	1193673	12	13
IS	369	1196698	1196653	17	28
IS	370	1200530	1200492	19	19
IS	371	1204349	1204327	8	14
IS	372	1211797	1211763	18	16
IS	373	1219597	1219541	40	16
IS	374	1224792	1224763	19	10
IS	375	1233198	1233162	14	22
IS	376	1239764	1239735	12	17
IS	377	1246858	1246838	6	14
IS	378	1250592	1250570	7	15
IS	379	1251107	1251073	13	21
IS	380	1252695	1252668	13	14
IS	381	1254207	1254181	12	14
IS	382	1256568	1256541	13	14
IS	383	1263191	1263162	13	16
IS	384	1265739	1265701	16	22
IS	385	1273941	1273908	11	22
IS	386	1278032	1277996	23	13
IS	387	1281017	1280960	45	12
IS	388	1283119	1283076	28	15
IS	389	1282017	1281982	20	15
IS	390	1281707	1281674	14	19
IS	391	1281306	1281262	26	18
IS	392	1280933	1280900	16	17
IS	393	1284200	1284164	19	17
IS	394	1284247	1284209	24	14
IS	395	1288686	1288646	25	15
IS	396	1288075	1288056	9	10
IS	397	1293872	1293842	16	14
IS	398	1291484	1291458	10	16
IS	399	1294804	1294779	9	16
IS	400	1290299	1290277	13	9
IS	401	1287156	1287133	11	12
IS	402	1283378	1283363	6	9
IS	403	1283093	1283064	9	20
IS	404	1283278	1283246	7	25
IS	405	1283410	1283389	8	13
IS	406	1283580	1283556	7	17
IS	407	1286243	1286220	12	11
IS	408	1285978	1285950	11	17
IS	409	1283860	1283841	10	9
IS	410	1280285	1280253	9	23
IS	411	1275034	1275012	9	13
IS	412	1267910	1267881	12	17
IS	413	1264783	1264749	18	16
IS	414	1260148	1260130	11	7
IS	415	1263042	1263023	6	13
IS	416	1262165	1262130	12	23
IS	417	1258447	1258410	21	16
IS	418	1258834	1258794	8	32
IS	419	1254825	1254770	6	49
IS	420	1251291	1251234	3	54
IS	421	1247288	1247245	7	36
IS	422	1237728	1237692	6	30
IS	423	1234391	1234364	6	21
IS	424	1228719	1228689	10	20
IS	425	1223244	1223205	6	33
IS	426	1223328	1223297	10	21
IS	427	1219251	1219226	6	19
IS	428	1217917	1217893	7	17
IS	429	1214032	1213998	25	9
IS	430	1209766	1209732	24	10
IS	431	1205047	1205000	26	21
IS	432	1195975	1195934	22	19
IS	433	1189508	1189480	9	19
IS	434	1183487	1183452	18	17
IS	435	1173669	1173635	12	22
IS	436	1171768	1171754	7	7
IS	437	1172331	1172307	10	14
IS	438	1165826	1165812	9	5
IS	439	1160853	1160837	4	12
IS	440	1154694	1154676	6	12
IS	441	1147204	1147166	14	24
IS	442	1142507	1142482	9	16
IS	443	1132758	1132742	7	9
IS	444	1124330	1124311	8	11
IS	445	1119201	1119185	4	12
IS	446	1111679	1111663	7	9
IS	447	1110722	1110699	10	13
IS	448	1104159	1104140	13	6
IS	449	1101572	1101556	8	8
IS	450	1094684	1094663	7	14
IS	451	1087363	1087346	12	5
IS	452	1080003	1079982	10	11
IS	453	1071961	1071938	7	16
IS	454	1064087	1064079	3	5
IS	455	1055558	1055542	5	11
IS	456	1048045	1048030	5	10
IS	457	1040603	1040585	8	10
IS	458	1035241	1035221	10	10
IS	459	1032569	1032552	9	8
IS	460	1026578	1026565	5	8
IS	461	1019450	1019437	6	7
IS	462	1011661	1011646	10	5
IS	463	1003048	1003031	4	13
IS	464	996127	996109	7	11
IS	465	987003	986992	5	6
IS	466	977971	977954	11	6
IS	467	970789	970772	11	6
IS	468	966911	966892	5	14
IS	469	957914	957893	6	15
IS	470	954101	954088	6	7
IS	471	946998	946978	6	14
IS	472	939722	939702	8	12
IS	473	934804	934793	6	5
IS	474	921793	921777	9	7
IS	475	913371	913351	12	8
IS	476	904249	904235	4	10
IS	477	898933	898910	10	13
IS	478	891924	891906	10	8
IS	479	883755	883743	3	9
IS	480	880206	880195	4	7
IS	481	870434	870410	10	14
IS	482	865732	865709	7	16
IS	483	858849	858833	5	11
IS	484	847402	847382	8	12
IS	485	841222	841195	8	19
IS	486	830215	830171	7	37
IS	487	824655	824598	9	48
IS	488	818119	818088	8	23
IS	489	809642	809625	4	13
IS	490	804362	804339	8	15
IS	491	796121	796094	4	23
IS	492	789740	789719	4	17
IS	493	783872	783847	9	16
IS	494	776235	776221	4	10
IS	495	767276	767260	6	10
IS	496	756713	756700	5	8
IS	497	749560	749536	5	19
IS	498	742260	742241	8	11
IS	499	735569	735555	8	6
IS	500	730806	730789	7	10
IS	501	723689	723665	7	17
IS	502	716224	716211	10	3
IS	503	707933	707916	5	12
IS	504	701416	701410	2	4
IS	505	692491	692471	3	17
IS	506	685077	685060	6	11
IS	507	676353	676335	8	10
IS	508	668515	668503	5	7
IS	509	661837	661821	9	7
IS	510	655781	655768	8	5
IS	511	649378	649357	10	11
IS	512	642469	642447	11	11
IS	513	636100	636091	3	6
IS	514	628373	628358	5	10
IS	515	622221	622208	6	7
IS	516	612814	612801	7	6
IS	517	604652	604632	9	11
IS	518	595806	595791	7	8
IS	519	589672	589653	10	9
IS	520	583668	583659	4	5
IS	521	574642	574635	2	5
IS	522	569220	569204	8	8
IS	523	562762	562751	7	4
IS	524	556268	556251	9	8
IS	525	547705	547692	1	12
IS	526	539846	539835	6	5
IS	527	531418	531407	5	6
IS	528	524550	524543	5	2
IS	529	518835	518822	7	6
IS	530	510154	510144	3	7
IS	531	503952	503938	5	9
IS	532	497879	497871	5	3
IS	533	491808	491797	6	5
IS	534	488120	488106	5	9
IS	535	480904	480894	5	5
IS	536	472491	472474	6	11
IS	537	467328	467315	4	9
IS	538	459561	459546	7	8
IS	539	454501	454492	4	5
IS	540	447381	447374	5	2
IS	541	441824	441813	4	7
IS	542	435772	435755	7	10
IS	543	430739	430721	9	9
IS	544	423374	423359	5	10
IS	545	419722	419712	3	7
IS	546	413726	413716	5	5
IS	547	408333	408322	5	6
IS	548	401418	401410	2	6
IS	549	396345	396333	2	10
IS	550	390688	390674	7	7
IS	551	384945	384930	5	10
IS	552	379796	379787	2	7
IS	553	376651	376640	5	6
IS	554	370976	370966	4	6
IS	555	364900	364890	5	5
IS	556	360974	360957	6	11
IS	557	354060	354050	4	6
IS	558	349939	349931	2	6
IS	559	344022	344007	10	5
IS	560	338137	338128	3	6
IS	561	333566	333549	13	4
IS	562	328852	328840	3	9
IS	563	324134	324122	6	6
IS	564	319803	319793	5	5
IS	565	315426	315409	6	11
IS	566	310418	310409	3	6
IS	567	306187	306178	3	6
IS	568	301993	301975	7	11
IS	569	297195	297184	7	4
IS	570	291900	291882	8	10
IS	571	287004	286996	2	6
IS	572	282864	282852	4	8
IS	573	279598	279587	3	8
IS	574	275397	275393	2	2
IS	575	272029	272012	4	13
IS	576	266707	266697	3	7
IS	577	262736	262726	6	4
IS	578	258571	258559	5	7
IS	579	254291	254282	6	3
IS	580	249814	249810	1	3
IS	581	245523	245516	2	5
IS	582	242149	242140	6	3
IS	583	237424	237419	1	4
IS	584	233785	233777	6	2
IS	585	230202	230196	5	1
IS	586	226939	226930	1	8
IS	587	222942	222932	5	5
IS	588	219343	219333	3	7
IS	589	215892	215882	4	6
IS	590	211860	211850	4	6
IS	591	208508	208499	2	7
IS	592	204455	204437	6	12
IS	593	200824	200811	5	8
IS	594	198154	198145	3	6
IS	595	195707	195706	0	1
IS	596	191552	191539	3	10
IS	597	187728	187715	2	11
IS	598	185789	185777	5	7
IS	599	182178	182169	3	6
IS	600	178648	178641	4	3
IS	601	175037	175025	4	8
IS	602	172479	172470	3	6
IS	603	169954	169946	2	6
IS	604	166924	166908	7	9
IS	605	165222	165212	6	4
IS	606	161412	161407	3	2
IS	607	159841	159838	1	2
IS	608	156395	156385	2	8
IS	609	153819	153807	5	7
IS	610	152248	152226	8	14
IS	611	148401	148397	1	3
IS	612	146328	146319	4	5
IS	613	143473	143469	2	2
IS	614	140790	140781	2	7
IS	615	138052	138044	1	7
IS	616	136640	136636	1	3
IS	617	134888	134880	2	6
IS	618	132797	132784	5	8
IS	619	129294	129282	8	4
IS	620	127807	127794	6	7
IS	621	125534	125530	0	4
IS	622	123592	123584	1	7
IS	623	121286	121281	2	3
IS	624	118952	118945	3	4
IS	625	117605	117591	5	9
IS	626	114208	114197	7	4
IS	627	112975	112967	5	3
IS	628	110981	110973	4	4
IS	629	109335	109323	3	9
IS	630	107325	107314	7	4
IS	631	104694	104680	7	7
IS	632	103278	103273	4	1
IS	633	101471	101467	2	2
IS	634	99147	99138	5	4
IS	635	98212	98201	5	6
IS	636	95669	95657	6	6
IS	637	94259	94249	4	6
IS	638	92681	92671	6	4
IS	639	91009	91001	5	3
IS	640	90118	90108	4	6
IS	641	87602	87596	3	3
IS	642	86467	86457	4	6
IS	643	84666	84658	5	3
IS	644	83187	83180	1	6
IS	645	81516	81501	6	9
IS	646	80240	80231	6	3
IS	647	79301	79294	1	6
IS	648	78040	78033	4	3
IS	649	76495	76490	1	4
IS	650	74928	74916	5	7
IS	651	73415	73411	2	2
IS	652	72306	72296	4	6
IS	653	71515	71503	5	7
IS	654	70348	70337	3	8
IS	655	69127	69115	6	6
IS	656	67537	67529	4	4
IS	657	66574	66566	4	4
IS	658	65065	65056	4	5
IS	659	64368	64357	2	9
IS	660	63254	63242	5	7
IS	661	61699	61689	4	6
IS	662	61041	61034	3	4
IS	663	60098	60089	1	8
IS	664	58252	58251	1	0
IS	665	57654	57644	5	5
IS	666	56533	56524	2	7
IS	667	55899	55895	1	3
IS	668	55444	55440	4	0
IS	669	53432	53420	3	9
IS	670	53208	53202	4	2
IS	671	52003	51995	2	6
IS	672	50978	50968	1	9
IS	673	50298	50282	5	11
IS	674	49141	49135	3	3
IS	675	48409	48399	4	6
IS	676	47413	47400	6	7
IS	677	46670	46657	7	6
IS	678	45994	45986	3	5
IS	679	45549	45536	6	7
IS	680	44882	44871	4	7
IS	681	43527	43522	0	5
IS	682	42966	42955	6	5
IS	683	42095	42078	8	9
IS	684	41675	41665	2	8
IS	685	41119	41111	5	3
IS	686	39343	39337	3	3
IS	687	39193	39183	3	7
IS	688	38260	38251	2	7
IS	689	37760	37754	3	3
IS	690	37111	37104	6	1
IS	691	36485	36476	5	4
IS	692	35811	35795	3	13
IS	693	35356	35341	10	5
# Read lengths. Use `grep ^RL | cut -f 2-` to extract this part. The columns are: read length, count
RL	141	118122002
RL	150	438203852
# Read lengths - first fragments. Use `grep ^FRL | cut -f 2-` to extract this part. The columns are: read length, count
FRL	150	278160313
# Read lengths - last fragments. Use `grep ^LRL | cut -f 2-` to extract this part. The columns are: read length, count
LRL	141	118122002
LRL	150	160043539
# Mapping qualities for reads !(UNMAP|SECOND|SUPPL|QCFAIL|DUP). Use `grep ^MAPQ | cut -f 2-` to extract this part. The columns are: mapq, count
MAPQ	0	53088634
MAPQ	1	415726
MAPQ	2	312282
MAPQ	3	409176
MAPQ	4	327991
MAPQ	5	313826
MAPQ	6	384416
MAPQ	7	414129
MAPQ	8	475471
MAPQ	9	471156
MAPQ	10	386893
MAPQ	11	385858
MAPQ	12	755591
MAPQ	13	738053
MAPQ	14	644904
MAPQ	15	557773
MAPQ	16	358094
MAPQ	17	388362
MAPQ	18	304086
MAPQ	19	353223
MAPQ	20	343219
MAPQ	21	319579
MAPQ	22	372237
MAPQ	23	225246
MAPQ	24	394033
MAPQ	25	505086
MAPQ	26	97920
MAPQ	27	1073506
MAPQ	28	105388
MAPQ	29	96189
MAPQ	30	278221
MAPQ	31	156708
MAPQ	32	169713
MAPQ	33	213049
MAPQ	34	121803
MAPQ	35	121210
MAPQ	36	162988
MAPQ	37	192700
MAPQ	38	103988
MAPQ	39	397521
MAPQ	40	8490469
MAPQ	41	439830
MAPQ	42	300102
MAPQ	43	617403
MAPQ	44	471715
MAPQ	45	774377
MAPQ	46	899012
MAPQ	47	432459
MAPQ	48	2063751
MAPQ	49	184840
MAPQ	50	362270
MAPQ	51	195034
MAPQ	52	442261
MAPQ	53	128445
MAPQ	54	196336
MAPQ	55	178951
MAPQ	56	171795
MAPQ	57	683545
MAPQ	58	247561
MAPQ	59	449142
MAPQ	60	470429696
# Indel distribution. Use `grep ^ID | cut -f 2-` to extract this part. The columns are: length, number of insertions, number of deletions
ID	1	6615173	6596001
ID	2	1956016	1881589
ID	3	845329	816043
ID	4	710542	676429
ID	5	304327	289681
ID	6	269356	274213
ID	7	122676	123929
ID	8	129926	133705
ID	9	81896	84831
ID	10	78666	94233
ID	11	40665	69673
ID	12	63637	65067
ID	13	29686	31802
ID	14	32153	37218
ID	15	19141	23463
ID	16	24746	28003
ID	17	13571	14712
ID	18	15596	19170
ID	19	9730	11024
ID	20	10255	13948
ID	21	7170	8876
ID	22	8354	20584
ID	23	6788	30124
ID	24	5561	8861
ID	25	3847	5407
ID	26	3643	5257
ID	27	2374	3954
ID	28	2693	4521
ID	29	1957	3141
ID	30	1650	3223
ID	31	1119	2334
ID	32	1087	2226
ID	33	857	1652
ID	34	1186	2023
ID	35	561	1211
ID	36	582	1124
ID	37	359	921
ID	38	293	847
ID	39	226	670
ID	40	228	946
ID	41	143	483
ID	42	92	510
ID	43	26	509
ID	44	60	587
ID	45	23	1244
ID	46	7	1270
ID	47	3	256
ID	48	0	269
ID	49	0	214
ID	50	0	199
ID	51	0	178
ID	52	0	135
ID	53	0	137
ID	54	0	128
ID	55	0	108
ID	56	0	76
ID	57	0	113
ID	58	0	73
ID	59	0	45
ID	60	0	47
ID	61	0	44
ID	62	0	30
ID	63	0	30
ID	64	0	18
ID	65	0	11
ID	66	0	7
ID	67	0	6
ID	68	0	3
ID	69	0	1
ID	70	0	2
# Indels per cycle. Use `grep ^IC | cut -f 2-` to extract this part. The columns are: cycle, number of insertions (fwd), .. (rev) , number of deletions (fwd), .. (rev)
IC	1	3	9	2	3
IC	2	0	3	5	4
IC	3	3	2	14189	14524
IC	4	14718	15741	17979	18867
IC	5	19313	19764	20269	20869
IC	6	21759	21786	22348	22512
IC	7	23627	24094	24351	24855
IC	8	25117	25018	28213	28276
IC	9	27855	28210	29835	30562
IC	10	29412	29849	31127	32047
IC	11	31281	31328	32687	32994
IC	12	32748	32905	33565	33894
IC	13	33718	33804	35339	35222
IC	14	35028	35108	36501	36424
IC	15	36468	36718	37029	37141
IC	16	39704	38622	37857	38646
IC	17	41840	40388	38277	38694
IC	18	40182	39784	39140	39981
IC	19	40106	41061	40563	40664
IC	20	41527	42012	41060	41718
IC	21	41909	42997	41681	41519
IC	22	42253	43186	42048	42790
IC	23	42225	44274	42601	42522
IC	24	42943	44400	42616	42918
IC	25	43397	44210	43213	43547
IC	26	43356	44691	43176	43338
IC	27	43336	45246	43119	43432
IC	28	44102	45901	43265	43945
IC	29	43865	46234	44034	43976
IC	30	44688	46470	43292	43576
IC	31	43995	46609	43752	44055
IC	32	43869	46366	43610	44022
IC	33	43999	46803	43531	44139
IC	34	43858	46603	43804	43829
IC	35	43900	46860	43582	43152
IC	36	44019	46675	44405	44123
IC	37	43488	47001	44122	44127
IC	38	43902	46956	44176	43756
IC	39	43810	46730	44623	44422
IC	40	43848	47147	44547	43937
IC	41	44414	47318	44167	44305
IC	42	44115	47153	44378	44178
IC	43	44734	47054	44235	44190
IC	44	44091	47281	43379	43517
IC	45	43978	47287	44135	43846
IC	46	44436	47461	43881	44021
IC	47	44094	47220	44321	44293
IC	48	44467	47605	44787	43864
IC	49	43982	47063	44278	43902
IC	50	44151	47399	44618	44473
IC	51	43878	47534	44423	44064
IC	52	43808	47414	44108	43767
IC	53	44236	47608	44900	44300
IC	54	44380	48147	44207	43930
IC	55	44100	47366	44343	44132
IC	56	43842	47251	44483	43831
IC	57	43874	47348	44449	44168
IC	58	44451	47416	44633	43991
IC	59	43634	47773	44422	43951
IC	60	44516	47137	44714	43780
IC	61	43732	47540	44573	44229
IC	62	44306	47781	44680	43724
IC	63	43693	47979	44758	43887
IC	64	44220	48002	44333	43962
IC	65	43809	47442	44042	43993
IC	66	43710	47560	43924	44155
IC	67	43828	47407	43764	43629
IC	68	43491	47524	43710	43952
IC	69	43635	46958	44500	43671
IC	70	43478	47689	44075	43686
IC	71	43509	47827	44310	43603
IC	72	43620	47766	44064	44062
IC	73	43195	47473	44181	43724
IC	74	43177	47442	44097	44095
IC	75	43660	47024	44163	43479
IC	76	43410	47253	44102	43557
IC	77	43655	47390	44579	43922
IC	78	43038	47261	44318	43761
IC	79	43087	47306	43919	43517
IC	80	43270	47253	43858	43877
IC	81	43778	47684	43887	43536
IC	82	43550	47697	44079	43248
IC	83	42539	47169	44409	43913
IC	84	43067	47172	44071	43375
IC	85	42775	47401	44420	43495
IC	86	42915	47250	43939	43222
IC	87	42901	46338	44028	43565
IC	88	42726	46964	44009	43399
IC	89	42865	46346	44178	43416
IC	90	42171	46715	43856	43429
IC	91	43365	46577	43622	42782
IC	92	42638	46051	44274	43115
IC	93	42314	46140	43613	43299
IC	94	42546	46056	43422	42824
IC	95	42043	44937	43851	43013
IC	96	42460	45688	43626	42635
IC	97	42097	45705	43277	42975
IC	98	42050	45843	43386	43010
IC	99	42274	45657	43028	42481
IC	100	41920	45013	43392	42727
IC	101	41861	45346	43619	42581
IC	102	41582	45059	43414	42618
IC	103	41834	44841	43208	41950
IC	104	41576	44370	43032	42049
IC	105	41888	44056	42900	41702
IC	106	41429	43724	42563	41791
IC	107	41007	43264	43015	41752
IC	108	41307	43579	42927	41550
IC	109	41265	43190	42500	41327
IC	110	40415	42510	42855	41094
IC	111	40759	42229	42600	41347
IC	112	40897	42151	42078	41626
IC	113	40548	41757	42823	40921
IC	114	40589	41722	41933	40358
IC	115	40387	41247	41931	40427
IC	116	39753	40316	41604	40096
IC	117	39780	39760	41434	39508
IC	118	39086	39729	41139	39330
IC	119	39219	39413	41024	39355
IC	120	39273	38803	41159	39235
IC	121	38914	38356	40710	38657
IC	122	38510	37855	41005	38320
IC	123	38141	37038	40259	38291
IC	124	37570	36313	40112	37387
IC	125	37428	35359	39951	36477
IC	126	37101	35032	39619	36325
IC	127	36534	34525	39381	36108
IC	128	36399	34022	38784	35238
IC	129	35891	32695	38133	34587
IC	130	35496	31618	37610	33189
IC	131	34616	30766	37355	32737
IC	132	34074	29973	36205	31767
IC	133	32801	28503	35554	30505
IC	134	32215	26855	35146	29146
IC	135	30868	25336	33991	28398
IC	136	29747	24755	33189	27163
IC	137	29137	23314	32011	25687
IC	138	27675	22117	30984	22905
IC	139	26453	14954	29854	17015
IC	140	24810	14495	28942	16393
IC	141	23573	13736	27790	15584
IC	142	21918	12713	25885	14521
IC	143	20149	11508	23668	13147
IC	144	17879	10105	22708	12829
IC	145	17169	9738	20970	11900
IC	146	14018	8191	18505	11020
IC	147	14240	8706	13156	8040
IC	149	0	1	0	1
IC	150	0	1	0	0
# Coverage distribution. Use `grep ^COV | cut -f 2-` to extract this part.
COV	[1-1]	1	6721638
COV	[2-2]	2	5464831
COV	[3-3]	3	5510229
COV	[4-4]	4	6348299
COV	[5-5]	5	7706508
COV	[6-6]	6	9515991
COV	[7-7]	7	11638235
COV	[8-8]	8	13881065
COV	[9-9]	9	16143299
COV	[10-10]	10	18284348
COV	[11-11]	11	20382691
COV	[12-12]	12	22546285
COV	[13-13]	13	25183640
COV	[14-14]	14	28736696
COV	[15-15]	15	33509488
COV	[16-16]	16	39890057
COV	[17-17]	17	48106120
COV	[18-18]	18	58104766
COV	[19-19]	19	69549919
COV	[20-20]	20	82009528
COV	[21-21]	21	94872905
COV	[22-22]	22	107407401
COV	[23-23]	23	118842391
COV	[24-24]	24	128454325
COV	[25-25]	25	135753493
COV	[26-26]	26	140336797
COV	[27-27]	27	142009727
COV	[28-28]	28	140785259
COV	[29-29]	29	136849097
COV	[30-30]	30	130484224
COV	[31-31]	31	122294902
COV	[32-32]	32	112650954
COV	[33-33]	33	102151168
COV	[34-34]	34	91148544
COV	[35-35]	35	80167730
COV	[36-36]	36	69480839
COV	[37-37]	37	59517266
COV	[38-38]	38	50301794
COV	[39-39]	39	42033151
COV	[40-40]	40	34708099
COV	[41-41]	41	28381286
COV	[42-42]	42	22990683
COV	[43-43]	43	18456033
COV	[44-44]	44	14683892
COV	[45-45]	45	11605558
COV	[46-46]	46	9111970
COV	[47-47]	47	7121775
COV	[48-48]	48	5559772
COV	[49-49]	49	4320045
COV	[50-50]	50	3369232
COV	[51-51]	51	2636616
COV	[52-52]	52	2075395
COV	[53-53]	53	1640736
COV	[54-54]	54	1315501
COV	[55-55]	55	1065215
COV	[56-56]	56	876853
COV	[57-57]	57	736360
COV	[58-58]	58	626144
COV	[59-59]	59	543472
COV	[60-60]	60	475531
COV	[61-61]	61	424052
COV	[62-62]	62	385153
COV	[63-63]	63	349429
COV	[64-64]	64	324099
COV	[65-65]	65	299952
COV	[66-66]	66	278715
COV	[67-67]	67	263659
COV	[68-68]	68	248713
COV	[69-69]	69	234732
COV	[70-70]	70	222923
COV	[71-71]	71	212494
COV	[72-72]	72	201370
COV	[73-73]	73	193369
COV	[74-74]	74	185042
COV	[75-75]	75	176041
COV	[76-76]	76	169052
COV	[77-77]	77	160548
COV	[78-78]	78	153557
COV	[79-79]	79	147324
COV	[80-80]	80	141571
COV	[81-81]	81	135026
COV	[82-82]	82	129467
COV	[83-83]	83	125350
COV	[84-84]	84	121038
COV	[85-85]	85	115694
COV	[86-86]	86	112361
COV	[87-87]	87	107296
COV	[88-88]	88	104211
COV	[89-89]	89	99862
COV	[90-90]	90	96452
COV	[91-91]	91	92823
COV	[92-92]	92	89752
COV	[93-93]	93	86049
COV	[94-94]	94	82981
COV	[95-95]	95	80230
COV	[96-96]	96	77523
COV	[97-97]	97	75098
COV	[98-98]	98	72355
COV	[99-99]	99	70383
COV	[100-100]	100	67954
COV	[101-101]	101	66402
COV	[102-102]	102	64492
COV	[103-103]	103	62727
COV	[104-104]	104	60916
COV	[105-105]	105	59456
COV	[106-106]	106	58121
COV	[107-107]	107	56375
COV	[108-108]	108	54864
COV	[109-109]	109	53588
COV	[110-110]	110	52059
COV	[111-111]	111	50949
COV	[112-112]	112	49673
COV	[113-113]	113	48385
COV	[114-114]	114	46952
COV	[115-115]	115	46118
COV	[116-116]	116	44842
COV	[117-117]	117	43962
COV	[118-118]	118	43074
COV	[119-119]	119	42210
COV	[120-120]	120	41593
COV	[121-121]	121	40555
COV	[122-122]	122	39179
COV	[123-123]	123	38577
COV	[124-124]	124	37660
COV	[125-125]	125	36738
COV	[126-126]	126	36289
COV	[127-127]	127	35531
COV	[128-128]	128	34753
COV	[129-129]	129	34065
COV	[130-130]	130	33270
COV	[131-131]	131	32436
COV	[132-132]	132	31809
COV	[133-133]	133	31408
COV	[134-134]	134	30780
COV	[135-135]	135	30340
COV	[136-136]	136	29594
COV	[137-137]	137	29187
COV	[138-138]	138	29139
COV	[139-139]	139	29127
COV	[140-140]	140	28846
COV	[141-141]	141	28106
COV	[142-142]	142	27351
COV	[143-143]	143	26652
COV	[144-144]	144	26309
COV	[145-145]	145	25935
COV	[146-146]	146	25627
COV	[147-147]	147	25536
COV	[148-148]	148	25298
COV	[149-149]	149	24572
COV	[150-150]	150	24510
COV	[151-151]	151	23707
COV	[152-152]	152	23279
COV	[153-153]	153	23214
COV	[154-154]	154	22596
COV	[155-155]	155	22387
COV	[156-156]	156	21716
COV	[157-157]	157	21197
COV	[158-158]	158	20383
COV	[159-159]	159	20190
COV	[160-160]	160	20211
COV	[161-161]	161	19686
COV	[162-162]	162	19289
COV	[163-163]	163	18920
COV	[164-164]	164	18618
COV	[165-165]	165	18714
COV	[166-166]	166	18011
COV	[167-167]	167	17983
COV	[168-168]	168	18043
COV	[169-169]	169	17373
COV	[170-170]	170	17494
COV	[171-171]	171	17407
COV	[172-172]	172	16903
COV	[173-173]	173	16911
COV	[174-174]	174	16646
COV	[175-175]	175	16329
COV	[176-176]	176	16254
COV	[177-177]	177	15972
COV	[178-178]	178	15828
COV	[179-179]	179	15591
COV	[180-180]	180	15442
COV	[181-181]	181	15390
COV	[182-182]	182	15254
COV	[183-183]	183	15247
COV	[184-184]	184	14832
COV	[185-185]	185	14829
COV	[186-186]	186	14780
COV	[187-187]	187	14443
COV	[188-188]	188	14256
COV	[189-189]	189	14513
COV	[190-190]	190	14371
COV	[191-191]	191	14203
COV	[192-192]	192	14528
COV	[193-193]	193	14209
COV	[194-194]	194	14373
COV	[195-195]	195	14288
COV	[196-196]	196	14306
COV	[197-197]	197	14220
COV	[198-198]	198	14217
COV	[199-199]	199	14307
COV	[200-200]	200	13950
COV	[201-201]	201	13951
COV	[202-202]	202	13767
COV	[203-203]	203	13622
COV	[204-204]	204	13456
COV	[205-205]	205	13356
COV	[206-206]	206	13236
COV	[207-207]	207	13189
COV	[208-208]	208	13434
COV	[209-209]	209	13003
COV	[210-210]	210	13233
COV	[211-211]	211	13163
COV	[212-212]	212	13076
COV	[213-213]	213	13260
COV	[214-214]	214	13036
COV	[215-215]	215	12869
COV	[216-216]	216	12358
COV	[217-217]	217	12557
COV	[218-218]	218	12620
COV	[219-219]	219	12216
COV	[220-220]	220	12257
COV	[221-221]	221	12107
COV	[222-222]	222	11950
COV	[223-223]	223	11913
COV	[224-224]	224	11806
COV	[225-225]	225	11632
COV	[226-226]	226	11444
COV	[227-227]	227	11452
COV	[228-228]	228	11374
COV	[229-229]	229	11134
COV	[230-230]	230	10990
COV	[231-231]	231	10718
COV	[232-232]	232	10888
COV	[233-233]	233	10723
COV	[234-234]	234	10460
COV	[235-235]	235	10310
COV	[236-236]	236	10212
COV	[237-237]	237	10241
COV	[238-238]	238	10136
COV	[239-239]	239	10024
COV	[240-240]	240	10044
COV	[241-241]	241	9651
COV	[242-242]	242	9849
COV	[243-243]	243	9807
COV	[244-244]	244	9408
COV	[245-245]	245	9417
COV	[246-246]	246	9309
COV	[247-247]	247	9275
COV	[248-248]	248	9146
COV	[249-249]	249	8941
COV	[250-250]	250	9056
COV	[251-251]	251	8840
COV	[252-252]	252	8663
COV	[253-253]	253	8722
COV	[254-254]	254	8609
COV	[255-255]	255	8561
COV	[256-256]	256	8498
COV	[257-257]	257	8157
COV	[258-258]	258	8253
COV	[259-259]	259	7886
COV	[260-260]	260	8039
COV	[261-261]	261	7893
COV	[262-262]	262	7810
COV	[263-263]	263	7994
COV	[264-264]	264	7973
COV	[265-265]	265	7818
COV	[266-266]	266	7909
COV	[267-267]	267	7757
COV	[268-268]	268	7708
COV	[269-269]	269	7739
COV	[270-270]	270	7539
COV	[271-271]	271	7615
COV	[272-272]	272	7628
COV	[273-273]	273	7457
COV	[274-274]	274	7604
COV	[275-275]	275	7344
COV	[276-276]	276	7380
COV	[277-277]	277	7123
COV	[278-278]	278	7140
COV	[279-279]	279	7160
COV	[280-280]	280	7170
COV	[281-281]	281	6997
COV	[282-282]	282	7031
COV	[283-283]	283	6909
COV	[284-284]	284	7032
COV	[285-285]	285	6909
COV	[286-286]	286	6834
COV	[287-287]	287	6878
COV	[288-288]	288	6754
COV	[289-289]	289	6749
COV	[290-290]	290	6531
COV	[291-291]	291	6497
COV	[292-292]	292	6745
COV	[293-293]	293	6588
COV	[294-294]	294	6585
COV	[295-295]	295	6442
COV	[296-296]	296	6456
COV	[297-297]	297	6324
COV	[298-298]	298	6458
COV	[299-299]	299	6454
COV	[300-300]	300	6316
COV	[301-301]	301	6302
COV	[302-302]	302	6382
COV	[303-303]	303	6377
COV	[304-304]	304	6318
COV	[305-305]	305	6286
COV	[306-306]	306	6333
COV	[307-307]	307	6299
COV	[308-308]	308	6011
COV	[309-309]	309	6066
COV	[310-310]	310	5982
COV	[311-311]	311	5844
COV	[312-312]	312	5955
COV	[313-313]	313	5771
COV	[314-314]	314	5741
COV	[315-315]	315	5839
COV	[316-316]	316	5815
COV	[317-317]	317	5985
COV	[318-318]	318	5847
COV	[319-319]	319	5868
COV	[320-320]	320	5891
COV	[321-321]	321	5650
COV	[322-322]	322	5751
COV	[323-323]	323	5563
COV	[324-324]	324	5663
COV	[325-325]	325	5672
COV	[326-326]	326	5668
COV	[327-327]	327	5704
COV	[328-328]	328	5675
COV	[329-329]	329	5768
COV	[330-330]	330	5576
COV	[331-331]	331	5620
COV	[332-332]	332	5628
COV	[333-333]	333	5511
COV	[334-334]	334	5497
COV	[335-335]	335	5619
COV	[336-336]	336	5620
COV	[337-337]	337	5526
COV	[338-338]	338	5464
COV	[339-339]	339	5366
COV	[340-340]	340	5371
COV	[341-341]	341	5423
COV	[342-342]	342	5503
COV	[343-343]	343	5228
COV	[344-344]	344	5336
COV	[345-345]	345	5290
COV	[346-346]	346	5211
COV	[347-347]	347	5342
COV	[348-348]	348	5284
COV	[349-349]	349	5229
COV	[350-350]	350	5178
COV	[351-351]	351	5244
COV	[352-352]	352	5184
COV	[353-353]	353	5296
COV	[354-354]	354	5241
COV	[355-355]	355	5111
COV	[356-356]	356	5058
COV	[357-357]	357	5142
COV	[358-358]	358	5017
COV	[359-359]	359	5110
COV	[360-360]	360	4949
COV	[361-361]	361	5146
COV	[362-362]	362	4927
COV	[363-363]	363	4921
COV	[364-364]	364	5033
COV	[365-365]	365	4905
COV	[366-366]	366	4934
COV	[367-367]	367	4762
COV	[368-368]	368	4880
COV	[369-369]	369	5008
COV	[370-370]	370	4845
COV	[371-371]	371	4893
COV	[372-372]	372	4954
COV	[373-373]	373	4917
COV	[374-374]	374	4954
COV	[375-375]	375	4898
COV	[376-376]	376	4892
COV	[377-377]	377	4848
COV	[378-378]	378	4797
COV	[379-379]	379	4797
COV	[380-380]	380	4748
COV	[381-381]	381	4752
COV	[382-382]	382	4891
COV	[383-383]	383	4812
COV	[384-384]	384	4558
COV	[385-385]	385	4664
COV	[386-386]	386	4470
COV	[387-387]	387	4564
COV	[388-388]	388	4541
COV	[389-389]	389	4515
COV	[390-390]	390	4528
COV	[391-391]	391	4527
COV	[392-392]	392	4540
COV	[393-393]	393	4356
COV	[394-394]	394	4451
COV	[395-395]	395	4484
COV	[396-396]	396	4356
COV	[397-397]	397	4473
COV	[398-398]	398	4522
COV	[399-399]	399	4574
COV	[400-400]	400	4552
COV	[401-401]	401	4629
COV	[402-402]	402	4595
COV	[403-403]	403	4524
COV	[404-404]	404	4437
COV	[405-405]	405	4495
COV	[406-406]	406	4483
COV	[407-407]	407	4459
COV	[408-408]	408	4440
COV	[409-409]	409	4489
COV	[410-410]	410	4360
COV	[411-411]	411	4521
COV	[412-412]	412	4411
COV	[413-413]	413	4369
COV	[414-414]	414	4398
COV	[415-415]	415	4433
COV	[416-416]	416	4384
COV	[417-417]	417	4331
COV	[418-418]	418	4325
COV	[419-419]	419	4310
COV	[420-420]	420	4135
COV	[421-421]	421	4134
COV	[422-422]	422	4236
COV	[423-423]	423	4201
COV	[424-424]	424	4195
COV	[425-425]	425	4272
COV	[426-426]	426	4249
COV	[427-427]	427	4192
COV	[428-428]	428	4150
COV	[429-429]	429	4200
COV	[430-430]	430	4255
COV	[431-431]	431	4147
COV	[432-432]	432	4224
COV	[433-433]	433	4115
COV	[434-434]	434	4032
COV	[435-435]	435	4268
COV	[436-436]	436	4059
COV	[437-437]	437	4097
COV	[438-438]	438	4022
COV	[439-439]	439	3970
COV	[440-440]	440	3999
COV	[441-441]	441	3915
COV	[442-442]	442	4162
COV	[443-443]	443	4041
COV	[444-444]	444	4016
COV	[445-445]	445	3984
COV	[446-446]	446	4038
COV	[447-447]	447	3997
COV	[448-448]	448	3973
COV	[449-449]	449	3935
COV	[450-450]	450	3894
COV	[451-451]	451	3875
COV	[452-452]	452	3795
COV	[453-453]	453	3719
COV	[454-454]	454	3861
COV	[455-455]	455	3721
COV	[456-456]	456	3811
COV	[457-457]	457	3679
COV	[458-458]	458	3827
COV	[459-459]	459	3648
COV	[460-460]	460	3665
COV	[461-461]	461	3716
COV	[462-462]	462	3582
COV	[463-463]	463	3652
COV	[464-464]	464	3516
COV	[465-465]	465	3536
COV	[466-466]	466	3513
COV	[467-467]	467	3565
COV	[468-468]	468	3523
COV	[469-469]	469	3577
COV	[470-470]	470	3602
COV	[471-471]	471	3393
COV	[472-472]	472	3431
COV	[473-473]	473	3319
COV	[474-474]	474	3401
COV	[475-475]	475	3359
COV	[476-476]	476	3412
COV	[477-477]	477	3381
COV	[478-478]	478	3371
COV	[479-479]	479	3268
COV	[480-480]	480	3335
COV	[481-481]	481	3340
COV	[482-482]	482	3261
COV	[483-483]	483	3188
COV	[484-484]	484	3330
COV	[485-485]	485	3229
COV	[486-486]	486	3225
COV	[487-487]	487	3153
COV	[488-488]	488	3175
COV	[489-489]	489	3149
COV	[490-490]	490	2972
COV	[491-491]	491	3127
COV	[492-492]	492	3075
COV	[493-493]	493	3078
COV	[494-494]	494	3139
COV	[495-495]	495	3096
COV	[496-496]	496	3086
COV	[497-497]	497	2951
COV	[498-498]	498	2961
COV	[499-499]	499	2918
COV	[500-500]	500	2971
COV	[501-501]	501	2964
COV	[502-502]	502	2923
COV	[503-503]	503	2907
COV	[504-504]	504	2889
COV	[505-505]	505	2918
COV	[506-506]	506	2787
COV	[507-507]	507	2852
COV	[508-508]	508	2786
COV	[509-509]	509	2888
COV	[510-510]	510	2800
COV	[511-511]	511	2872
COV	[512-512]	512	2799
COV	[513-513]	513	2869
COV	[514-514]	514	2908
COV	[515-515]	515	2786
COV	[516-516]	516	2694
COV	[517-517]	517	2786
COV	[518-518]	518	2717
COV	[519-519]	519	2792
COV	[520-520]	520	2792
COV	[521-521]	521	2805
COV	[522-522]	522	2683
COV	[523-523]	523	2735
COV	[524-524]	524	2742
COV	[525-525]	525	2778
COV	[526-526]	526	2721
COV	[527-527]	527	2705
COV	[528-528]	528	2674
COV	[529-529]	529	2702
COV	[530-530]	530	2685
COV	[531-531]	531	2704
COV	[532-532]	532	2588
COV	[533-533]	533	2596
COV	[534-534]	534	2591
COV	[535-535]	535	2565
COV	[536-536]	536	2538
COV	[537-537]	537	2558
COV	[538-538]	538	2585
COV	[539-539]	539	2529
COV	[540-540]	540	2506
COV	[541-541]	541	2545
COV	[542-542]	542	2540
COV	[543-543]	543	2564
COV	[544-544]	544	2558
COV	[545-545]	545	2620
COV	[546-546]	546	2539
COV	[547-547]	547	2591
COV	[548-548]	548	2423
COV	[549-549]	549	2592
COV	[550-550]	550	2504
COV	[551-551]	551	2531
COV	[552-552]	552	2529
COV	[553-553]	553	2556
COV	[554-554]	554	2511
COV	[555-555]	555	2448
COV	[556-556]	556	2564
COV	[557-557]	557	2580
COV	[558-558]	558	2477
COV	[559-559]	559	2522
COV	[560-560]	560	2533
COV	[561-561]	561	2618
COV	[562-562]	562	2444
COV	[563-563]	563	2480
COV	[564-564]	564	2453
COV	[565-565]	565	2461
COV	[566-566]	566	2384
COV	[567-567]	567	2416
COV	[568-568]	568	2456
COV	[569-569]	569	2386
COV	[570-570]	570	2435
COV	[571-571]	571	2427
COV	[572-572]	572	2500
COV	[573-573]	573	2458
COV	[574-574]	574	2451
COV	[575-575]	575	2377
COV	[576-576]	576	2463
COV	[577-577]	577	2352
COV	[578-578]	578	2351
COV	[579-579]	579	2345
COV	[580-580]	580	2307
COV	[581-581]	581	2305
COV	[582-582]	582	2351
COV	[583-583]	583	2377
COV	[584-584]	584	2343
COV	[585-585]	585	2276
COV	[586-586]	586	2214
COV	[587-587]	587	2294
COV	[588-588]	588	2303
COV	[589-589]	589	2295
COV	[590-590]	590	2298
COV	[591-591]	591	2258
COV	[592-592]	592	2223
COV	[593-593]	593	2250
COV	[594-594]	594	2184
COV	[595-595]	595	2266
COV	[596-596]	596	2268
COV	[597-597]	597	2334
COV	[598-598]	598	2321
COV	[599-599]	599	2241
COV	[600-600]	600	2229
COV	[601-601]	601	2158
COV	[602-602]	602	2153
COV	[603-603]	603	2201
COV	[604-604]	604	2232
COV	[605-605]	605	2206
COV	[606-606]	606	2158
COV	[607-607]	607	2171
COV	[608-608]	608	2230
COV	[609-609]	609	2049
COV	[610-610]	610	2113
COV	[611-611]	611	2225
COV	[612-612]	612	2177
COV	[613-613]	613	2174
COV	[614-614]	614	2181
COV	[615-615]	615	2172
COV	[616-616]	616	2134
COV	[617-617]	617	2058
COV	[618-618]	618	2153
COV	[619-619]	619	2064
COV	[620-620]	620	2093
COV	[621-621]	621	2152
COV	[622-622]	622	2065
COV	[623-623]	623	2054
COV	[624-624]	624	2094
COV	[625-625]	625	2061
COV	[626-626]	626	2032
COV	[627-627]	627	2009
COV	[628-628]	628	2042
COV	[629-629]	629	2032
COV	[630-630]	630	2170
COV	[631-631]	631	2053
COV	[632-632]	632	2048
COV	[633-633]	633	2026
COV	[634-634]	634	1960
COV	[635-635]	635	2069
COV	[636-636]	636	2036
COV	[637-637]	637	1998
COV	[638-638]	638	1984
COV	[639-639]	639	1983
COV	[640-640]	640	2031
COV	[641-641]	641	2056
COV	[642-642]	642	2023
COV	[643-643]	643	2064
COV	[644-644]	644	2038
COV	[645-645]	645	2019
COV	[646-646]	646	2094
COV	[647-647]	647	2094
COV	[648-648]	648	2064
COV	[649-649]	649	1953
COV	[650-650]	650	2012
COV	[651-651]	651	1998
COV	[652-652]	652	2069
COV	[653-653]	653	1982
COV	[654-654]	654	2001
COV	[655-655]	655	1938
COV	[656-656]	656	1969
COV	[657-657]	657	1899
COV	[658-658]	658	1847
COV	[659-659]	659	1910
COV	[660-660]	660	1841
COV	[661-661]	661	1818
COV	[662-662]	662	1954
COV	[663-663]	663	1799
COV	[664-664]	664	1936
COV	[665-665]	665	1842
COV	[666-666]	666	1828
COV	[667-667]	667	1854
COV	[668-668]	668	1864
COV	[669-669]	669	1852
COV	[670-670]	670	1823
COV	[671-671]	671	1855
COV	[672-672]	672	1841
COV	[673-673]	673	1782
COV	[674-674]	674	1785
COV	[675-675]	675	1770
COV	[676-676]	676	1762
COV	[677-677]	677	1746
COV	[678-678]	678	1782
COV	[679-679]	679	1681
COV	[680-680]	680	1651
COV	[681-681]	681	1688
COV	[682-682]	682	1640
COV	[683-683]	683	1740
COV	[684-684]	684	1740
COV	[685-685]	685	1692
COV	[686-686]	686	1675
COV	[687-687]	687	1651
COV	[688-688]	688	1675
COV	[689-689]	689	1749
COV	[690-690]	690	1666
COV	[691-691]	691	1755
COV	[692-692]	692	1687
COV	[693-693]	693	1679
COV	[694-694]	694	1669
COV	[695-695]	695	1653
COV	[696-696]	696	1672
COV	[697-697]	697	1723
COV	[698-698]	698	1711
COV	[699-699]	699	1697
COV	[700-700]	700	1649
COV	[701-701]	701	1709
COV	[702-702]	702	1696
COV	[703-703]	703	1581
COV	[704-704]	704	1661
COV	[705-705]	705	1618
COV	[706-706]	706	1519
COV	[707-707]	707	1590
COV	[708-708]	708	1577
COV	[709-709]	709	1549
COV	[710-710]	710	1593
COV	[711-711]	711	1576
COV	[712-712]	712	1612
COV	[713-713]	713	1470
COV	[714-714]	714	1567
COV	[715-715]	715	1559
COV	[716-716]	716	1634
COV	[717-717]	717	1513
COV	[718-718]	718	1522
COV	[719-719]	719	1555
COV	[720-720]	720	1598
COV	[721-721]	721	1535
COV	[722-722]	722	1555
COV	[723-723]	723	1584
COV	[724-724]	724	1519
COV	[725-725]	725	1495
COV	[726-726]	726	1555
COV	[727-727]	727	1569
COV	[728-728]	728	1542
COV	[729-729]	729	1498
COV	[730-730]	730	1490
COV	[731-731]	731	1510
COV	[732-732]	732	1602
COV	[733-733]	733	1540
COV	[734-734]	734	1516
COV	[735-735]	735	1444
COV	[736-736]	736	1537
COV	[737-737]	737	1446
COV	[738-738]	738	1554
COV	[739-739]	739	1462
COV	[740-740]	740	1483
COV	[741-741]	741	1488
COV	[742-742]	742	1481
COV	[743-743]	743	1524
COV	[744-744]	744	1431
COV	[745-745]	745	1581
COV	[746-746]	746	1469
COV	[747-747]	747	1466
COV	[748-748]	748	1518
COV	[749-749]	749	1434
COV	[750-750]	750	1489
COV	[751-751]	751	1556
COV	[752-752]	752	1557
COV	[753-753]	753	1537
COV	[754-754]	754	1521
COV	[755-755]	755	1514
COV	[756-756]	756	1523
COV	[757-757]	757	1458
COV	[758-758]	758	1515
COV	[759-759]	759	1604
COV	[760-760]	760	1466
COV	[761-761]	761	1487
COV	[762-762]	762	1425
COV	[763-763]	763	1525
COV	[764-764]	764	1484
COV	[765-765]	765	1529
COV	[766-766]	766	1470
COV	[767-767]	767	1508
COV	[768-768]	768	1439
COV	[769-769]	769	1509
COV	[770-770]	770	1459
COV	[771-771]	771	1399
COV	[772-772]	772	1455
COV	[773-773]	773	1427
COV	[774-774]	774	1472
COV	[775-775]	775	1354
COV	[776-776]	776	1438
COV	[777-777]	777	1409
COV	[778-778]	778	1396
COV	[779-779]	779	1379
COV	[780-780]	780	1464
COV	[781-781]	781	1479
COV	[782-782]	782	1483
COV	[783-783]	783	1408
COV	[784-784]	784	1449
COV	[785-785]	785	1450
COV	[786-786]	786	1533
COV	[787-787]	787	1446
COV	[788-788]	788	1541
COV	[789-789]	789	1410
COV	[790-790]	790	1422
COV	[791-791]	791	1468
COV	[792-792]	792	1519
COV	[793-793]	793	1559
COV	[794-794]	794	1464
COV	[795-795]	795	1490
COV	[796-796]	796	1436
COV	[797-797]	797	1491
COV	[798-798]	798	1497
COV	[799-799]	799	1496
COV	[800-800]	800	1493
COV	[801-801]	801	1467
COV	[802-802]	802	1521
COV	[803-803]	803	1479
COV	[804-804]	804	1473
COV	[805-805]	805	1410
COV	[806-806]	806	1466
COV	[807-807]	807	1484
COV	[808-808]	808	1522
COV	[809-809]	809	1526
COV	[810-810]	810	1498
COV	[811-811]	811	1518
COV	[812-812]	812	1543
COV	[813-813]	813	1457
COV	[814-814]	814	1491
COV	[815-815]	815	1469
COV	[816-816]	816	1493
COV	[817-817]	817	1505
COV	[818-818]	818	1434
COV	[819-819]	819	1451
COV	[820-820]	820	1443
COV	[821-821]	821	1432
COV	[822-822]	822	1485
COV	[823-823]	823	1413
COV	[824-824]	824	1433
COV	[825-825]	825	1384
COV	[826-826]	826	1421
COV	[827-827]	827	1518
COV	[828-828]	828	1473
COV	[829-829]	829	1449
COV	[830-830]	830	1435
COV	[831-831]	831	1519
COV	[832-832]	832	1446
COV	[833-833]	833	1462
COV	[834-834]	834	1398
COV	[835-835]	835	1492
COV	[836-836]	836	1435
COV	[837-837]	837	1544
COV	[838-838]	838	1468
COV	[839-839]	839	1485
COV	[840-840]	840	1493
COV	[841-841]	841	1522
COV	[842-842]	842	1443
COV	[843-843]	843	1469
COV	[844-844]	844	1489
COV	[845-845]	845	1535
COV	[846-846]	846	1438
COV	[847-847]	847	1472
COV	[848-848]	848	1415
COV	[849-849]	849	1386
COV	[850-850]	850	1367
COV	[851-851]	851	1406
COV	[852-852]	852	1390
COV	[853-853]	853	1467
COV	[854-854]	854	1451
COV	[855-855]	855	1380
COV	[856-856]	856	1348
COV	[857-857]	857	1367
COV	[858-858]	858	1385
COV	[859-859]	859	1443
COV	[860-860]	860	1412
COV	[861-861]	861	1367
COV	[862-862]	862	1413
COV	[863-863]	863	1363
COV	[864-864]	864	1345
COV	[865-865]	865	1368
COV	[866-866]	866	1455
COV	[867-867]	867	1341
COV	[868-868]	868	1377
COV	[869-869]	869	1374
COV	[870-870]	870	1437
COV	[871-871]	871	1422
COV	[872-872]	872	1340
COV	[873-873]	873	1387
COV	[874-874]	874	1393
COV	[875-875]	875	1394
COV	[876-876]	876	1351
COV	[877-877]	877	1359
COV	[878-878]	878	1399
COV	[879-879]	879	1216
COV	[880-880]	880	1295
COV	[881-881]	881	1329
COV	[882-882]	882	1331
COV	[883-883]	883	1297
COV	[884-884]	884	1308
COV	[885-885]	885	1257
COV	[886-886]	886	1272
COV	[887-887]	887	1282
COV	[888-888]	888	1346
COV	[889-889]	889	1320
COV	[890-890]	890	1338
COV	[891-891]	891	1363
COV	[892-892]	892	1322
COV	[893-893]	893	1342
COV	[894-894]	894	1289
COV	[895-895]	895	1310
COV	[896-896]	896	1345
COV	[897-897]	897	1446
COV	[898-898]	898	1366
COV	[899-899]	899	1359
COV	[900-900]	900	1434
COV	[901-901]	901	1407
COV	[902-902]	902	1468
COV	[903-903]	903	1352
COV	[904-904]	904	1450
COV	[905-905]	905	1395
COV	[906-906]	906	1435
COV	[907-907]	907	1504
COV	[908-908]	908	1414
COV	[909-909]	909	1452
COV	[910-910]	910	1425
COV	[911-911]	911	1435
COV	[912-912]	912	1310
COV	[913-913]	913	1406
COV	[914-914]	914	1435
COV	[915-915]	915	1489
COV	[916-916]	916	1323
COV	[917-917]	917	1444
COV	[918-918]	918	1403
COV	[919-919]	919	1395
COV	[920-920]	920	1373
COV	[921-921]	921	1355
COV	[922-922]	922	1395
COV	[923-923]	923	1409
COV	[924-924]	924	1358
COV	[925-925]	925	1350
COV	[926-926]	926	1310
COV	[927-927]	927	1323
COV	[928-928]	928	1386
COV	[929-929]	929	1334
COV	[930-930]	930	1384
COV	[931-931]	931	1325
COV	[932-932]	932	1351
COV	[933-933]	933	1332
COV	[934-934]	934	1336
COV	[935-935]	935	1350
COV	[936-936]	936	1312
COV	[937-937]	937	1337
COV	[938-938]	938	1334
COV	[939-939]	939	1253
COV	[940-940]	940	1341
COV	[941-941]	941	1302
COV	[942-942]	942	1367
COV	[943-943]	943	1325
COV	[944-944]	944	1263
COV	[945-945]	945	1384
COV	[946-946]	946	1275
COV	[947-947]	947	1288
COV	[948-948]	948	1316
COV	[949-949]	949	1277
COV	[950-950]	950	1335
COV	[951-951]	951	1326
COV	[952-952]	952	1293
COV	[953-953]	953	1313
COV	[954-954]	954	1316
COV	[955-955]	955	1320
COV	[956-956]	956	1261
COV	[957-957]	957	1328
COV	[958-958]	958	1251
COV	[959-959]	959	1264
COV	[960-960]	960	1305
COV	[961-961]	961	1251
COV	[962-962]	962	1309
COV	[963-963]	963	1234
COV	[964-964]	964	1329
COV	[965-965]	965	1300
COV	[966-966]	966	1226
COV	[967-967]	967	1301
COV	[968-968]	968	1267
COV	[969-969]	969	1278
COV	[970-970]	970	1265
COV	[971-971]	971	1297
COV	[972-972]	972	1296
COV	[973-973]	973	1354
COV	[974-974]	974	1245
COV	[975-975]	975	1231
COV	[976-976]	976	1295
COV	[977-977]	977	1265
COV	[978-978]	978	1246
COV	[979-979]	979	1189
COV	[980-980]	980	1225
COV	[981-981]	981	1271
COV	[982-982]	982	1209
COV	[983-983]	983	1299
COV	[984-984]	984	1224
COV	[985-985]	985	1263
COV	[986-986]	986	1232
COV	[987-987]	987	1251
COV	[988-988]	988	1207
COV	[989-989]	989	1193
COV	[990-990]	990	1187
COV	[991-991]	991	1210
COV	[992-992]	992	1222
COV	[993-993]	993	1165
COV	[994-994]	994	1171
COV	[995-995]	995	1259
COV	[996-996]	996	1210
COV	[997-997]	997	1195
COV	[998-998]	998	1191
COV	[999-999]	999	1221
COV	[1000-1000]	1000	1135
COV	[1000<]	1000	1617360
# GC-depth. Use `grep ^GCD | cut -f 2-` to extract this part. The columns are: GC%, unique sequence percentiles, 10th, 25th, 50th, 75th and 90th depth percentile
GCD	0.0	0.025	0.007	0.007	0.007	0.022	0.041
GCD	0.3	0.026	0.007	0.007	0.007	0.007	0.007
GCD	1.0	0.027	0.096	0.096	0.096	0.096	0.096
GCD	2.0	0.027	0.074	0.074	0.074	0.074	0.074
GCD	3.0	0.028	0.259	0.259	0.259	0.259	0.259
GCD	4.0	0.030	0.044	0.044	0.126	0.281	0.281
GCD	5.0	0.033	0.015	0.020	0.063	0.205	0.244
GCD	6.0	0.035	0.022	0.022	0.059	0.067	0.067
GCD	7.0	0.038	0.111	0.111	0.304	0.326	0.326
GCD	8.0	0.040	0.015	0.015	0.044	0.970	0.970
GCD	9.0	0.042	0.022	0.022	0.030	0.067	0.067
GCD	10.0	0.049	0.044	0.056	0.081	0.170	0.883
GCD	11.0	0.054	0.022	0.037	0.059	2.903	7.168
GCD	12.0	0.059	0.052	0.052	0.111	0.148	1.821
GCD	13.0	0.064	0.022	0.028	0.093	661.092	2643.834
GCD	14.0	0.069	0.007	0.037	0.111	1.970	45.804
GCD	15.0	0.075	0.007	0.019	0.081	0.729	683.883
GCD	16.0	0.082	0.007	0.015	0.030	0.963	134.280
GCD	17.0	0.087	0.022	0.037	0.059	1.777	449.835
GCD	18.0	0.093	0.007	0.024	0.196	2.094	386.846
GCD	19.0	0.098	0.007	0.007	0.015	0.056	0.067
GCD	20.0	0.104	0.007	0.009	0.159	68.869	113.370
GCD	21.0	0.111	0.007	0.015	0.118	22.435	247.198
GCD	22.0	0.119	0.007	0.007	0.081	0.583	5.841
GCD	23.0	0.130	0.007	0.096	0.370	11.447	53.290
GCD	24.0	0.139	0.007	0.056	0.267	1.227	1.841
GCD	25.0	0.147	0.007	0.028	0.159	27.402	74.557
GCD	26.0	0.155	0.008	0.048	0.478	48.046	55.664
GCD	27.0	0.165	0.015	0.061	0.181	5.461	59.091
GCD	28.0	0.181	0.010	0.107	0.663	22.080	41.322
GCD	29.0	0.194	0.007	0.144	0.341	15.129	57.330
GCD	30.0	0.210	0.007	0.098	1.740	35.597	45.544
GCD	31.0	0.233	0.007	0.104	30.129	36.437	41.280
GCD	32.0	0.300	0.425	5.226	30.303	34.473	36.227
GCD	33.0	0.520	11.509	26.612	30.329	33.620	35.962
GCD	34.0	1.300	22.435	26.464	29.025	31.906	34.157
GCD	35.0	3.724	23.235	25.684	27.763	30.284	32.506
GCD	36.0	9.272	22.973	25.308	27.248	29.470	31.617
GCD	37.0	18.161	22.264	25.034	27.026	29.107	31.151
GCD	38.0	29.134	18.610	24.916	26.967	28.998	31.010
GCD	39.0	40.277	19.198	25.057	27.123	29.129	31.069
GCD	40.0	50.328	21.157	25.405	27.374	29.344	31.301
GCD	41.0	59.006	20.906	25.605	27.537	29.448	31.425
GCD	42.0	66.204	22.628	25.797	27.730	29.670	31.706
GCD	43.0	71.895	23.090	26.041	27.974	29.914	31.943
GCD	44.0	76.667	22.521	26.204	28.233	30.173	32.291
GCD	45.0	80.637	18.887	26.138	28.426	30.510	32.480
GCD	46.0	84.117	15.028	26.019	28.544	30.862	33.225
GCD	47.0	87.005	23.170	27.048	29.199	31.667	34.507
GCD	48.0	89.297	25.125	27.485	29.559	31.891	34.488
GCD	49.0	91.061	25.434	27.767	29.899	31.943	33.985
GCD	50.0	92.552	25.701	27.996	30.188	32.402	34.220
GCD	51.0	93.862	26.162	28.420	30.477	32.587	34.680
GCD	52.0	95.048	26.886	28.850	30.965	33.150	35.304
GCD	53.0	96.067	26.829	29.209	31.421	33.687	36.791
GCD	54.0	96.860	27.549	29.466	31.491	33.590	35.669
GCD	55.0	97.511	27.663	29.666	31.617	33.716	35.866
GCD	56.0	98.054	27.552	29.729	31.539	33.520	35.541
GCD	57.0	98.520	27.876	30.099	32.054	34.253	36.363
GCD	58.0	98.865	29.375	30.869	32.646	34.757	36.877
GCD	59.0	99.165	29.683	31.425	33.483	35.823	46.130
GCD	60.0	99.415	29.724	31.613	34.075	36.611	184.361
GCD	61.0	99.589	28.649	31.673	33.727	36.430	40.157
GCD	62.0	99.716	30.459	32.456	34.053	35.960	38.406
GCD	63.0	99.814	29.757	31.728	33.401	35.652	37.514
GCD	64.0	99.876	30.107	32.311	34.434	36.650	38.519
GCD	65.0	99.926	30.969	33.120	35.149	36.882	38.581
GCD	66.0	99.957	31.793	33.575	34.986	36.811	452.168
GCD	67.0	99.980	31.819	33.537	34.979	37.202	39.645
GCD	68.0	99.993	31.824	32.676	35.156	36.941	1323.472
GCD	69.0	99.996	32.550	33.757	37.485	38.325	38.570
GCD	70.0	99.999	0.541	8.506	34.368	232.583	298.000
GCD	71.0	100.000	12.003	12.003	12.003	12.003	12.003
