# This file was produced by samtools stats (1.19+htslib-1.19) and can be plotted using plot-bamstats
# This file contains statistics for all reads.
# The command line was:  stats bam_files/recal_ABOFRAM007493024415.bam
# CHK, Checksum	[2]Read Names	[3]Sequences	[4]Qualities
# CHK, CRC32 of reads which passed filtering followed by addition (32bit overflow)
CHK	6e453b25	ea7129a5	d89a28f1
# Summary Numbers. Use `grep ^SN | cut -f 2-` to extract this part.
SN	raw total sequences:	568880041	# excluding supplementary and secondary reads
SN	filtered sequences:	0
SN	sequences:	568880041
SN	is sorted:	1
SN	1st fragments:	284437555
SN	last fragments:	284442486
SN	reads mapped:	567556520
SN	reads mapped and paired:	566740878	# paired-end technology bit set + both mates mapped
SN	reads unmapped:	1323521
SN	reads properly paired:	555954622	# proper-pair bit set
SN	reads paired:	568880041	# paired-end technology bit set
SN	reads duplicated:	0	# PCR or optical duplicate bit set
SN	reads MQ0:	46971200	# mapped and MQ=0
SN	reads QC failed:	0
SN	non-primary alignments:	0
SN	supplementary alignments:	1685281
SN	total length:	84231352590	# ignores clipping
SN	total first fragment length:	42665633250	# ignores clipping
SN	total last fragment length:	41565719340	# ignores clipping
SN	bases mapped:	84036711162	# ignores clipping
SN	bases mapped (cigar):	83447178472	# more accurate
SN	bases trimmed:	0
SN	bases duplicated:	0
SN	mismatches:	456136667	# from NM fields
SN	error rate:	5.466172e-03	# mismatches / bases mapped (cigar)
SN	average length:	148
SN	average first fragment length:	150
SN	average last fragment length:	146
SN	maximum length:	150
SN	maximum first fragment length:	150
SN	maximum last fragment length:	150
SN	average quality:	30.8
SN	insert size average:	405.3
SN	insert size standard deviation:	85.3
SN	inward oriented pairs:	278617415
SN	outward oriented pairs:	430359
SN	pairs with other orientation:	132099
SN	pairs on different chromosomes:	4190347
SN	percentage of properly paired reads (%):	97.7
# First Fragment Qualities. Use `grep ^FFQ | cut -f 2-` to extract this part.
# Columns correspond to qualities and rows to cycles. First column is the cycle number.
FFQ	1	0	0	10625	0	0	0	0	0	0	0	0	0	0	0	5118099	0	0	0	0	0	0	0	0	0	0	0	0	8234238	0	0	271074593	0	0	0	0	0	0
FFQ	2	0	0	4486	0	0	0	0	0	0	42926	0	161611	788930	0	335535	887878	809593	534119	0	0	92000	220662	0	4025176	310539	410529	441051	1173788	1621691	2561828	14397411	110652205	120681803	24283794	0	0	0
FFQ	3	0	0	26226	0	0	0	0	0	0	36569	0	131221	637942	0	247758	760528	827233	488344	0	0	74808	241367	0	0	3611209	326401	569490	880516	1477757	2434720	626712	14685425	109786792	121109708	25456829	0	0
FFQ	4	0	0	4539	0	0	0	0	0	0	41328	0	131302	559562	0	283799	730890	836802	494542	0	0	0	348074	0	0	3625998	295864	337885	579972	815088	1713079	2345332	14467478	110476700	120434107	25915214	0	0
FFQ	5	0	0	125	0	0	0	0	0	0	42850	0	135701	522175	0	279225	710088	857836	470705	0	0	0	356428	0	0	3782853	280828	357830	550797	807651	1603886	2386418	13822827	111743986	120497045	25228301	0	0
FFQ	6	0	0	37	0	0	0	0	0	0	40877	0	133629	503003	0	290101	682461	848463	456444	0	0	83707	249699	0	3647977	300777	368282	538271	780404	1668164	2366863	14670910	111903587	120361063	24542836	0	0	0
FFQ	7	0	0	0	0	0	0	0	0	0	42755	0	129129	500846	0	281514	687185	826519	437816	0	0	88356	258812	0	3910361	292579	365446	585353	771271	1636152	2380349	14569838	112771061	119701462	24200751	0	0	0
FFQ	8	0	0	8465	0	0	0	0	0	0	39929	0	133030	497011	0	278665	672862	808868	439543	0	0	81830	250013	0	3592411	300848	380666	587834	775254	1653642	2351992	14797470	112257108	119839512	24690602	0	0	0
FFQ	9	0	0	0	0	0	0	0	0	0	41656	0	132405	494365	0	286958	695407	823491	450385	0	0	85473	271261	0	3689236	301893	379846	610975	763768	1688488	2394739	14801761	112211525	119505035	24808888	0	0	0
FFQ	10	0	0	0	0	0	0	0	0	0	42525	0	134045	494646	0	285934	669450	815799	442764	0	0	86990	261840	0	3733020	303258	387493	619491	776390	1695134	2354993	14780118	111933529	119760988	24859148	0	0	0
FFQ	11	0	0	0	0	0	0	0	0	0	44552	0	131115	484052	0	285358	681667	857831	444310	0	0	92710	264127	0	3737208	304011	383348	610795	768178	1711634	2445401	14913779	112229286	119446135	24602058	0	0	0
FFQ	12	0	0	0	0	0	0	0	0	0	44716	0	139820	471160	0	296051	681707	845920	457518	0	0	93411	255255	0	3706725	304804	410330	601198	764287	1745530	2434982	14951008	111913916	119579069	24740148	0	0	0
FFQ	13	0	0	0	0	0	0	0	0	0	46882	0	139778	478257	0	299197	681334	868914	455013	0	0	96123	252420	0	3734057	313827	411359	604480	783558	1773887	2472664	14908848	111771258	119547746	24797953	0	0	0
FFQ	14	0	0	0	0	0	0	0	0	0	45648	0	142127	473833	0	304766	683696	857293	452078	0	0	95034	251569	0	3708458	311360	420930	606877	784518	1783568	2482092	14862399	111652131	119639822	24879356	0	0	0
FFQ	15	0	0	0	0	0	0	0	0	0	0	46333	0	138086	466437	0	295817	679222	862861	448289	0	95259	0	249366	3674810	315339	412207	594571	784031	1781964	2487348	14819931	111763167	119630185	24892332	0	0	0
FFQ	16	0	0	1	0	0	0	0	0	0	46490	0	139329	466190	0	294966	685631	873693	451904	0	0	95761	256382	0	3688485	316192	417165	598705	778723	1785538	2509499	14847482	111549384	119752920	24883115	0	0	0
FFQ	17	0	0	0	0	0	0	0	0	0	47201	0	140390	468210	0	297588	693263	881457	458737	0	0	97171	254147	0	3682031	319225	421261	595322	779755	1794072	2527311	14951521	111644957	119498853	24885083	0	0	0
FFQ	18	0	0	29	0	0	0	0	0	0	48553	0	141345	472072	0	297512	698364	895357	458115	0	0	98770	260239	0	3687668	324071	423759	601756	788443	1805150	2548194	14979726	111725652	119490401	24692379	0	0	0
FFQ	19	0	0	0	0	0	0	0	0	0	50487	0	146649	485790	0	301647	717553	923783	465881	0	0	100462	269429	0	3721631	327018	427943	611147	795083	1817203	2586957	14850158	111941508	119369330	24527896	0	0	0
FFQ	20	0	0	0	0	0	0	0	0	0	50341	0	147748	491913	0	302202	722669	940768	468893	0	99669	0	269718	0	3985214	427005	604515	803679	1822777	2598832	733990	14088394	112483310	118968935	24426983	0	0	0
FFQ	21	0	0	0	0	0	0	0	0	0	52258	0	148611	499834	0	305601	726716	954806	473685	0	101939	0	274263	0	4035391	426385	610516	805016	1834819	2609160	743964	14109255	112603217	118775176	24346943	0	0	0
FFQ	22	0	0	0	0	0	0	0	0	0	54656	0	152603	504511	0	314749	741563	977815	484764	0	104679	0	278191	0	4025388	436035	615707	820753	1867721	2627388	765264	14182513	112624577	118528583	24330095	0	0	0
FFQ	23	0	0	0	0	0	0	0	0	0	57160	0	153874	510252	0	312602	749032	989320	488003	0	108195	0	283185	0	4069799	440908	616459	819107	1872903	2656616	771990	14225030	112509530	118475272	24328318	0	0	0
FFQ	24	0	0	0	0	0	0	0	0	0	58471	0	158088	509943	0	313809	757729	1000020	494124	0	110013	0	284701	0	4112061	446886	611051	830171	1882141	2677159	781743	14124713	112311803	118663451	24309478	0	0	0
FFQ	25	0	0	0	0	0	0	0	0	0	59777	0	162521	517779	0	319606	778995	1013861	504011	0	110530	0	287469	0	4081304	455581	605528	841272	1894776	2719175	794267	14163905	112287625	118602070	24237503	0	0	0
FFQ	26	0	0	0	0	0	0	0	68847	0	191507	591560	0	354126	878738	1129252	564985	0	0	0	432664	0	0	0	4077354	458497	608300	845340	1896385	2736941	796327	14127879	112054768	118422091	24201994	0	0	0
FFQ	27	0	0	1545	0	0	0	0	69437	0	188808	584729	0	349373	878898	1121446	566411	0	0	0	433589	0	0	0	4064007	456981	602525	841614	1893408	2740787	801059	14137856	112189202	118302700	24213180	0	0	0
FFQ	28	0	0	0	0	0	0	0	69348	0	189622	580158	0	349298	873700	1118172	564555	0	0	0	426599	0	0	0	4023008	457915	597928	841075	1894004	2731458	799317	14138009	112191592	118469810	24121987	0	0	0
FFQ	29	0	0	58	0	0	0	0	71209	0	194021	596377	0	357565	891140	1137876	572754	0	0	0	438076	0	0	0	4015168	461308	606911	853748	1911063	2756845	808043	14161048	112188316	118340548	24075481	0	0	0
FFQ	30	0	0	0	0	0	0	0	72264	0	192883	597593	0	357065	889988	1140392	569722	0	0	0	436680	0	0	0	4063482	457993	602336	853905	1908058	2755237	804902	14119906	112112601	118429479	24073069	0	0	0
FFQ	31	0	0	0	0	0	0	0	75277	0	197685	612002	0	365147	905791	1165641	583835	0	0	0	442374	0	0	0	4083126	463628	604996	865424	1924349	2782258	809950	14083853	112241824	118240943	23989452	0	0	0
FFQ	32	0	0	0	0	0	0	0	77269	0	203927	622682	0	372641	924108	1183277	594123	0	0	113733	330055	0	0	362516	4155630	607416	874612	1945065	2790990	814844	0	14819288	111510654	118207936	23926789	0	0	0
FFQ	33	0	0	41472	0	0	0	82025	0	211669	644679	0	385146	937344	1215393	599615	0	0	117266	337446	0	0	364352	475755	4308106	882995	1970620	2823280	823936	0	679488	14061059	111375280	118188502	23912127	0	0	0
FFQ	34	0	0	0	0	0	0	0	79280	0	208197	638303	0	382627	939156	1207303	601094	0	0	115548	334930	0	0	366762	4181659	613057	886831	1969747	2826689	822986	0	14765530	111505080	118079922	23912854	0	0	0
FFQ	35	0	0	0	0	0	0	0	80517	0	209879	646208	0	382668	946868	1212008	604570	0	0	0	455997	0	0	0	4079809	476273	617953	888218	1970038	2833927	825982	14064725	112294225	117977364	23870326	0	0	0
FFQ	36	0	0	231	0	0	0	0	81077	0	212772	645531	0	389904	950110	1211670	606276	0	0	0	453304	0	0	0	4085184	483003	612227	894522	1981506	2830926	827846	14104599	112108527	118124361	23833979	0	0	0
FFQ	37	0	0	0	0	0	0	0	81603	0	208885	642927	0	385665	944059	1206321	600358	0	0	0	456236	0	0	0	4089240	478037	610976	890251	1966819	2828081	823406	14090752	112156338	118130115	23847486	0	0	0
FFQ	38	0	0	0	0	0	0	0	83170	0	214087	650633	0	393611	960516	1216129	612326	0	0	0	455090	0	0	0	4076852	485585	613726	902573	1992339	2839383	831640	14071033	112136944	118070744	23831174	0	0	0
FFQ	39	0	0	0	0	0	0	0	83285	0	215377	663691	0	396697	966199	1232734	607940	0	0	0	463390	0	0	0	4032666	484476	627531	905355	1994516	2869859	831376	14116237	111988663	118156669	23800894	0	0	0
FFQ	40	0	0	0	0	0	0	0	84707	0	218697	672129	0	402990	973108	1238390	613620	0	0	0	464887	0	0	0	4042024	490605	633162	914826	2012661	2878243	836082	14121996	112123209	117963195	23753024	0	0	0
FFQ	41	0	0	127799	0	0	0	89600	0	227327	703414	0	417137	995466	1277054	625003	0	0	120639	360667	0	0	379522	493171	4356996	930704	2028639	2915340	839112	0	702555	14090403	111250533	117780593	23725881	0	0	0
FFQ	42	0	0	0	0	0	0	0	89534	0	224912	695227	0	417690	1004093	1269351	631049	0	0	0	480177	0	0	0	4099236	494773	635689	930890	2036406	2912363	846002	14089821	112021187	117823660	23735495	0	0	0
FFQ	43	0	0	0	0	0	0	0	89516	0	225733	695478	0	413799	999486	1269019	629331	0	0	119584	358743	0	0	377967	4184839	635676	932306	2027720	2906392	847561	0	14785182	111245435	117910062	23783726	0	0	0
FFQ	44	0	0	0	0	0	0	0	90443	0	224559	694954	0	414374	997869	1265214	629863	0	0	119312	354037	0	0	376825	4189132	633206	928765	2025547	2886329	843727	0	14778499	111278707	117948121	23758072	0	0	0
FFQ	45	0	0	0	0	0	0	0	93043	0	226063	697596	0	418944	1009880	1272395	636332	0	0	120735	355465	0	0	379090	4200059	629329	933082	2036270	2908253	851495	0	14819698	111215848	117842827	23791151	0	0	0
FFQ	46	0	0	0	0	0	0	93843	0	230780	710509	0	424427	1017645	1295850	644457	0	0	0	481594	0	0	0	384533	4210194	638687	943842	2054646	2929115	858916	0	14805753	111157088	117784245	23771431	0	0	0
FFQ	47	0	0	0	0	0	0	96665	0	232811	713924	0	430809	1026562	1295652	648671	0	0	0	357960	123884	0	0	0	4087749	508882	640269	945807	2062040	2934994	862982	14094632	111895483	117729086	23748693	0	0	0
FFQ	48	0	0	0	0	0	0	97146	0	236384	728544	0	436682	1043894	1320381	654752	0	0	0	365999	122909	0	0	0	4058222	511004	646894	957193	2075176	2969591	866023	14007118	111903696	117706088	23729859	0	0	0
FFQ	49	0	0	0	0	0	0	99280	0	242604	740967	0	445616	1053798	1338661	662789	0	0	0	367755	124106	0	0	0	4074937	518456	650213	970379	2100213	2985268	873013	14017189	111756235	117725871	23690205	0	0	0
FFQ	50	0	0	208	0	0	0	99619	0	241844	750677	0	450555	1057697	1335757	660480	0	0	0	374233	124744	0	0	0	4100952	515948	661718	971957	2100710	2998150	871193	13944700	111848488	117623412	23704513	0	0	0
FFQ	51	0	0	0	0	0	0	99245	0	243332	753220	0	453231	1061677	1340220	663694	0	0	0	373038	122599	0	0	0	4048464	519151	664847	976796	2113957	3008672	876516	14014581	111754994	117641324	23707997	0	0	0
FFQ	52	0	0	0	0	0	0	100048	0	242159	759043	0	450771	1061939	1345503	661671	0	0	0	377550	123145	0	0	0	4053292	516549	663071	975981	2102436	2998381	872277	14044617	111882306	117570618	23636198	0	0	0
FFQ	53	0	0	0	0	0	0	104023	0	249588	768334	0	461134	1081791	1360573	678417	0	0	0	499945	0	0	0	394148	4231811	656429	989466	2119874	3007629	879831	0	14727779	110882501	117711239	23633043	0	0	0
FFQ	54	0	0	0	0	0	0	105282	0	252361	780414	0	466072	1093649	1378095	682215	0	0	0	506695	0	0	0	396938	4225084	664749	994750	2131084	3034991	883940	0	14719181	110909704	117554869	23657482	0	0	0
FFQ	55	0	0	0	0	0	0	106277	0	255526	788994	0	474231	1101278	1381823	688159	0	0	0	508222	0	0	0	401172	4209085	668047	1003323	2151015	3043920	892604	0	14750234	110965969	117418891	23628785	0	0	0
FFQ	56	0	0	48	0	0	0	107956	0	258331	804017	0	481485	1110097	1398103	690545	0	0	0	517666	0	0	0	404363	4217219	679776	1011626	2164797	3075198	893998	0	14748491	110868345	117365249	23640245	0	0	0
FFQ	57	0	0	0	0	0	0	109678	0	259718	804104	0	482986	1114876	1405986	690883	0	0	0	519415	0	0	0	403671	4231816	675392	1009373	2163527	3077888	893775	0	14759925	110941572	117320197	23572773	0	0	0
FFQ	58	0	0	0	0	0	0	112061	0	264116	817151	0	489470	1124984	1422521	704363	0	0	0	521073	0	0	0	405232	4240818	680009	1019905	2180864	3087213	898986	0	14772974	110903692	117237005	23555118	0	0	0
FFQ	59	0	0	189	0	0	0	113471	0	262998	822477	0	491075	1132444	1429296	704556	0	0	0	524778	0	0	0	407958	4229232	682904	1022271	2174726	3099765	900508	0	14752650	110876098	117211024	23599135	0	0	0
FFQ	60	0	0	0	0	0	0	112883	0	264380	812265	0	487631	1128004	1415129	704857	0	0	0	517920	0	0	0	405203	4212936	672989	1018326	2169543	3074417	899952	0	14744576	110791918	117329431	23675195	0	0	0
FFQ	61	0	0	42725	0	0	0	116888	0	270771	835667	0	501234	1145280	1444594	711241	0	0	131170	398725	0	0	408327	549310	4361381	1034617	2201875	3110401	908394	0	738144	14015524	110695361	117230092	23585834	0	0	0
FFQ	62	0	0	52	0	0	0	115883	0	277354	860866	0	516000	1165320	1463658	721412	0	0	0	542274	0	0	0	417467	4223430	705481	1047967	2232106	3155032	914752	0	14729012	110644283	117129864	23575342	0	0	0
FFQ	63	0	0	0	0	0	0	118638	0	275568	862953	0	515757	1163670	1471735	721107	0	0	0	541847	0	0	0	417501	4233307	699131	1046168	2224551	3150872	916611	0	14734737	110521940	117216452	23605010	0	0	0
FFQ	64	0	0	0	0	0	0	120735	0	280207	860101	0	520421	1171013	1476445	731319	0	0	0	538265	0	0	0	415794	4273825	692755	1054507	2240807	3140687	920111	0	14723255	110537843	117200211	23539254	0	0	0
FFQ	65	0	0	0	0	0	0	121518	0	285472	878375	0	530763	1191176	1493457	736023	0	0	0	546128	0	0	0	420594	4246746	707409	1066735	2263031	3191964	928742	0	14670318	110603362	117032847	23522895	0	0	0
FFQ	66	0	0	0	0	0	0	121243	0	288063	889426	0	535934	1200504	1509656	742156	0	0	0	549248	0	0	0	422870	4239857	713834	1070672	2271646	3208104	932483	0	14714092	110502311	116973770	23551686	0	0	0
FFQ	67	0	0	0	0	0	0	124375	0	292062	902406	0	538789	1206990	1522848	744704	0	0	0	554454	0	0	0	426473	4256742	719702	1077075	2276380	3216283	935388	0	14741895	110487854	116902247	23510888	0	0	0
FFQ	68	0	0	0	0	0	0	126076	0	293933	911234	0	549264	1219091	1529015	749756	0	0	0	558655	0	0	0	430328	4272045	724899	1084822	2292834	3236821	938161	0	14752462	110449507	116806798	23511854	0	0	0
FFQ	69	0	0	0	0	0	0	127477	0	295047	918112	0	553116	1225267	1540194	754722	0	0	0	565754	0	0	0	432590	4268728	727973	1087710	2305393	3252882	942212	0	14745960	110492811	116678401	23523206	0	0	0
FFQ	70	0	0	45	0	0	0	129391	0	295935	918970	0	556203	1224422	1534967	752663	0	0	0	564510	0	0	0	431408	4263583	729221	1092150	2308629	3249330	944133	0	14754694	110405918	116776629	23504754	0	0	0
FFQ	71	0	0	85	0	0	0	132685	0	306378	945258	0	571207	1246759	1572202	766304	0	0	139500	436154	0	0	436520	588434	4424081	1107725	2331747	3287421	953619	0	779341	13967343	110212339	116734110	23498343	0	0	0
FFQ	72	0	0	1	0	0	0	131578	0	305104	947272	0	570477	1253866	1575737	771118	0	0	0	572555	0	0	0	436699	4241917	735764	1110993	2338069	3289682	955759	0	14713477	110208431	116772421	23506635	0	0	0
FFQ	73	0	0	0	0	0	0	133251	0	306767	945046	0	570914	1252656	1573710	771448	0	0	0	572537	0	0	0	433783	4261789	730844	1111488	2329775	3276540	952072	0	14701063	110302000	116762574	23449298	0	0	0
FFQ	74	0	0	6	0	0	0	131852	0	305508	936191	0	570390	1245601	1557697	772707	0	0	0	563103	0	0	0	431368	4249780	721436	1101126	2323618	3246886	951576	0	14713241	110351301	116801692	23462476	0	0	0
FFQ	75	0	0	0	0	0	0	133595	0	309462	943767	0	575534	1256328	1574786	778145	0	0	0	566012	0	0	0	434290	4253619	721707	1110387	2333802	3258734	956406	0	14757169	110300758	116705810	23467244	0	0	0
FFQ	76	0	0	0	0	0	0	136479	0	318048	962857	0	593660	1276211	1593197	791760	0	0	0	574622	0	0	0	440652	4277846	733936	1124257	2372958	3296305	968360	0	14724974	110114025	116701113	23436295	0	0	0
FFQ	77	0	0	0	0	0	0	139640	0	323149	993249	0	602157	1300461	1632815	802845	0	0	142460	445422	0	0	445964	609394	4421257	1140328	2390325	3357202	976993	0	787435	13921552	110070756	116503608	23430543	0	0	0
FFQ	78	0	0	9	0	0	0	140823	0	330405	1005449	0	611263	1315498	1643982	814439	0	0	0	589699	0	0	0	452128	4268515	758914	1150906	2417298	3368947	985802	0	14716352	110011915	116405421	23449790	0	0	0
FFQ	79	0	0	0	0	0	0	142314	0	327970	1009227	0	612340	1310957	1651505	808488	0	0	0	595848	0	0	0	450933	4287582	760572	1146247	2414248	3376179	982471	0	14682302	109987652	116455709	23435011	0	0	0
FFQ	80	0	0	0	0	0	0	143896	0	330653	1006173	0	614071	1315712	1659076	814916	0	0	0	591127	0	0	0	449790	614386	4430557	1148738	2414116	3362094	980791	0	786517	13899342	110006691	116454973	23413936	0	0
FFQ	81	0	0	0	0	0	0	144345	0	332521	1013001	0	617844	1317858	1664560	817522	0	0	0	594840	0	0	0	451425	4283877	755401	1152005	2417806	3371480	982111	0	14701151	109942545	116486666	23390597	0	0	0
FFQ	82	0	0	0	0	0	0	147503	0	340699	1034047	0	634351	1333905	1672922	828303	0	0	0	602943	0	0	0	456365	628233	4450358	1175562	2450432	3407294	993287	0	796604	13912318	109814228	116417633	23340568	0	0
FFQ	83	0	0	0	0	0	0	148196	0	347952	1065047	0	650358	1360190	1703601	836700	0	0	0	617074	0	0	0	466848	4307418	790599	1191246	2485060	3464351	1004663	0	14735358	109745773	116169613	23347508	0	0	0
FFQ	84	0	0	49	0	0	0	146528	0	335366	1040613	0	632695	1337383	1685960	822532	0	0	0	604934	0	0	0	459536	4285396	766723	1164842	2439496	3411525	991649	0	14750442	109940647	116229774	23391465	0	0	0
FFQ	85	0	0	0	0	0	0	148173	0	340019	1024752	0	631421	1334668	1671356	833686	0	0	0	592254	0	0	0	453649	4289114	747614	1167821	2436693	3363218	991099	0	14715506	109895263	116454569	23346680	0	0	0
FFQ	86	0	0	0	0	0	0	151218	0	352264	1066161	0	657622	1367261	1709672	850642	0	0	0	610641	0	0	0	465103	4305093	777410	1198960	2493840	3440553	1012426	0	14722220	109724748	116190191	23341530	0	0	0
FFQ	87	0	0	25	0	0	0	153489	0	352350	1074899	0	661054	1377700	1723943	850877	0	0	0	622031	0	0	0	469009	4329213	788600	1197883	2501304	3475729	1016294	0	14694230	109717866	116066316	23364743	0	0	0
FFQ	88	0	0	68	0	0	0	154721	0	362363	1087604	0	677090	1397026	1738275	863301	0	0	0	622516	0	0	0	471863	4330362	794989	1217824	2536159	3509219	1027019	0	14643385	109635246	116028574	23339951	0	0	0
FFQ	89	0	0	0	0	0	0	155660	0	362005	1101780	0	676021	1396765	1761444	862544	0	0	0	629293	0	0	0	473355	4291000	799642	1213030	2532088	3514036	1021572	0	14667068	109704358	115952086	23323808	0	0	0
FFQ	90	0	0	553	0	0	0	157197	0	367035	1105665	0	687929	1414246	1757449	877171	0	0	0	622745	0	0	0	477261	4303322	794491	1228079	2551914	3509581	1028898	0	14695214	109572745	115994044	23292016	0	0	0
FFQ	91	0	0	1	0	0	0	161761	0	381946	1156030	0	714882	1449707	1805660	892705	0	0	156003	497919	0	0	492870	676469	4519823	1260579	2610585	3618931	1050710	0	853052	13841736	109396960	115646227	23252999	0	0	0
FFQ	92	0	0	51	0	0	0	160853	0	368159	1133942	0	693623	1420754	1785274	874970	0	0	152630	492632	0	0	483526	657489	4496079	1228967	2563017	3563883	1032212	0	841920	13829771	109618702	115736512	23302589	0	0	0
FFQ	93	0	0	122	0	0	0	163386	0	371841	1118098	0	695849	1423006	1765274	886074	0	0	0	630287	0	0	0	474822	667260	4491184	1231756	2558980	3503528	1032326	0	810422	13853015	109550686	115910487	23299152	0	0
FFQ	94	0	0	0	0	0	0	162131	0	372482	1130007	0	700652	1425140	1797597	885241	0	0	0	633968	0	0	0	479462	661812	4483711	1233775	2557893	3529732	1032830	0	817672	13883725	109555383	115783024	23311318	0	0
FFQ	95	0	0	0	0	0	0	164286	0	384861	1143975	0	719546	1453876	1808146	907202	0	0	0	635643	0	0	0	483986	682167	4471799	1260712	2606653	3559115	1052610	0	820208	13855733	109332030	115829217	23265790	0	0
FFQ	96	0	0	0	0	0	0	167154	0	402459	1211280	0	753387	1505741	1878356	930357	0	0	156978	513827	0	0	504817	696944	851058	4945968	2677669	3681735	1072898	0	864912	0	13798440	109108517	115506256	23208802	0	0
FFQ	97	0	0	0	0	0	0	166390	0	392543	1186305	0	738061	1476814	1855390	913147	0	0	0	656336	0	0	0	497725	685956	4482136	1273200	2633134	3632806	1061312	0	848617	13844415	109241972	115613811	23237485	0	0
FFQ	98	0	0	0	0	0	0	167783	0	399058	1187539	0	748928	1491102	1848952	926470	0	0	0	651864	0	0	0	497255	698142	4480107	1290377	2660981	3625694	1068909	0	837995	13821235	109160871	115648420	23225873	0	0
FFQ	99	0	0	0	0	0	0	169624	0	404051	1212512	0	757858	1509268	1896240	931762	0	0	158357	510893	0	0	502940	697953	842320	4962876	2672623	3687738	1074204	0	859178	0	13796224	109073498	115456574	23260862	0	0
FFQ	100	0	0	0	0	0	0	169930	0	403004	1193526	0	753058	1501035	1873843	935391	0	0	0	651946	0	0	0	496474	698525	4441963	1289364	2665992	3639495	1071550	0	836411	13789520	109166181	115624013	23236334	0	0
FFQ	101	0	0	0	0	0	0	172929	0	409186	1219522	0	765454	1520738	1905473	946548	0	0	159199	504166	0	0	503200	702729	841569	4958091	2687764	3676551	1079988	0	847357	0	13812057	109068459	115471313	23185262	0	0
FFQ	102	0	0	4	0	0	178162	0	416529	1230103	0	776516	1525782	1923949	948230	0	0	162744	505823	0	0	504410	708493	844463	4973281	2698752	3687443	1078804	0	847800	0	13804547	109097887	115358859	23164974	0	0	0
FFQ	103	0	0	3	0	0	0	175819	0	414167	1226331	0	776891	1534155	1899121	948774	0	0	0	669059	0	0	0	507590	713017	4497667	1318817	2716007	3702632	1089650	0	852076	13838200	109066442	115332430	23158707	0	0
FFQ	104	0	0	25	0	0	0	178496	0	431295	1278818	0	807005	1572991	1949539	973539	0	0	164295	532300	0	0	523168	734586	884443	5010109	2780187	3802805	1107483	0	884867	0	13777271	108879763	115049737	23114833	0	0
FFQ	105	0	0	0	0	0	0	179372	0	431230	1287749	0	806117	1572720	1967289	973309	0	0	164311	535744	0	0	524618	727555	881913	5013374	2770982	3811733	1105616	0	887818	0	13784315	108801113	115093991	23116686	0	0
FFQ	106	0	0	149	0	0	0	181554	0	435920	1282087	0	815367	1581492	1956290	979258	0	0	165367	525291	0	0	521363	739232	875890	5022606	2786502	3801982	1111344	0	874348	0	13787368	108814257	115091214	23088674	0	0
FFQ	107	0	0	0	0	0	182582	0	445130	1319129	0	833608	1613832	2011558	999323	0	0	0	706746	0	0	0	529938	743983	4550231	1370909	2818980	3850385	1123764	0	891761	13749373	108691022	114891058	23114243	0	0	0
FFQ	108	0	0	28	0	0	183000	0	440970	1295975	0	824482	1595942	1992133	994712	0	0	0	691359	0	0	0	526390	741101	871710	5009035	2799535	3800677	1116187	0	869753	0	13792607	108631630	115108078	23152251	0	0
FFQ	109	0	0	0	0	0	185301	0	450287	1318227	0	839754	1618743	2012232	1006240	0	0	0	702940	0	0	0	531149	753244	886480	5032554	2830477	3841955	1128011	0	881291	0	13754746	108577760	114971905	23114259	0	0
FFQ	110	0	0	49	0	0	187309	0	459798	1343810	0	859724	1644475	2047058	1017274	0	0	0	714243	0	0	0	540482	761084	904479	5046975	2868470	3903378	1138491	0	897144	0	13718735	108486595	114843035	23054947	0	0
FFQ	111	0	0	0	0	0	189650	0	472471	1367299	0	877681	1665906	2075545	1032686	0	0	0	721895	0	0	0	547118	774151	915296	5049580	2904257	3943834	1147506	0	903690	0	13728216	108355675	114730134	23034965	0	0
FFQ	112	0	0	56	0	0	189739	0	471271	1383409	0	885314	1673784	2088308	1037953	0	0	0	723801	0	0	0	548507	772409	919769	5056592	2910464	3948038	1147845	0	907498	0	13729433	108396987	114625223	23021155	0	0
FFQ	113	0	0	0	0	0	191989	0	465854	1365618	0	880390	1653697	2066473	1034011	0	0	0	714063	0	0	0	545533	764112	908178	5050311	2900536	3909546	1145572	0	894079	0	13779100	108442653	114700242	23025598	0	0
FFQ	114	0	0	58	0	0	192070	0	465013	1360123	0	876337	1659410	2060925	1034146	0	0	0	710176	0	0	0	546190	769036	900031	5060950	2895638	3893663	1142570	0	884934	0	13805698	108407729	114742610	23030248	0	0
FFQ	115	0	0	0	0	0	196555	0	483360	1400496	0	906042	1698601	2103488	1060095	0	0	0	732069	0	0	0	555395	790266	932078	5088329	2953317	3977598	1165996	0	907761	0	13726844	108240060	114529885	22989320	0	0
FFQ	116	0	0	0	0	0	196668	0	486801	1413985	0	909893	1700210	2118106	1057456	0	0	0	738679	0	0	0	558043	789347	934215	5096326	2954209	3989642	1164278	0	917779	0	13711346	108221218	114502105	22977249	0	0
FFQ	117	0	0	0	0	0	195778	0	481127	1389155	0	902547	1693330	2105333	1052873	0	0	0	725524	0	0	0	554454	787971	914728	5083421	2945258	3974901	1161944	0	899578	0	13735246	108186586	114646307	23001494	0	0
FFQ	118	0	0	5	0	0	197591	0	494705	1424040	0	925408	1725312	2143899	1077883	0	0	0	735493	0	0	0	563592	801190	935615	5109192	2998219	4027454	1179129	0	912779	0	13688129	108096360	114455712	22945848	0	0
FFQ	119	0	0	0	0	0	201746	0	513588	1477485	0	955148	1773609	2194361	1102845	0	0	0	758700	0	0	0	579457	818833	967111	5122791	3057635	4123710	1201262	0	941918	0	13669004	107885554	114179234	22913564	0	0
FFQ	120	0	0	119	0	0	203830	0	511459	1476987	0	958989	1766308	2202515	1101378	0	0	0	761412	0	0	0	580056	817249	968514	5128110	3056835	4124442	1201582	0	941344	0	13678345	107877976	114118620	22961485	0	0
FFQ	121	0	0	0	0	0	203951	0	516342	1476017	0	963670	1768927	2206975	1104740	0	0	0	752103	0	0	0	577194	820832	957541	5138075	3056723	4098228	1197019	0	926089	0	13658601	107915348	114175637	22923543	0	0
FFQ	122	0	0	0	0	0	205912	0	522094	1499259	0	979066	1797788	2235128	1120621	0	0	0	756660	0	0	0	582054	825616	963074	5151398	3083031	4132412	1205336	0	931338	0	13641323	107790247	114129065	22886133	0	0
FFQ	123	0	0	0	0	0	202670	0	504333	1455545	0	946993	1752849	2198321	1097815	0	0	0	740598	0	0	0	568025	804807	939070	5096244	3019331	4053390	1186612	0	912566	0	13698863	108051622	114240340	22967561	0	0
FFQ	124	0	0	0	0	0	203516	0	506621	1431765	0	945857	1740122	2159350	1097795	0	0	0	723632	0	0	0	560550	815380	924575	5113279	3015323	3983370	1184504	0	885174	0	13704226	108025198	114445616	22971702	0	0
FFQ	125	0	0	0	0	0	208229	0	525533	1493786	0	983399	1798879	2230619	1131929	0	0	0	752957	0	0	0	579080	833091	958782	5156899	3090810	4112700	1212226	0	919317	0	13673743	107789455	114079802	22906319	0	0
FFQ	126	0	0	0	0	0	210744	0	545601	1535647	0	1015069	1835962	2273432	1154011	0	0	0	771312	0	0	0	598649	855026	988169	5185661	3154806	4199009	1235028	0	941413	0	13675872	107558506	113798867	22904771	0	0
FFQ	127	0	0	0	0	0	212294	0	542344	1550115	0	1012717	1838778	2297346	1153771	0	0	0	777439	0	0	0	599226	850817	989982	5187256	3158079	4228461	1234775	0	954220	0	13643174	107557459	113761892	22887410	0	0
FFQ	128	0	0	46	0	0	213632	0	538639	1523860	0	1011803	1828766	2269022	1150565	0	0	0	764682	0	0	0	590200	850587	976259	5200975	3141335	4165290	1229586	0	929607	0	13625863	107615548	113935156	22876134	0	0
FFQ	129	0	0	46	0	0	215437	0	564529	1570950	0	1046582	1872337	2322832	1179186	0	0	0	780353	0	0	0	606821	872937	994579	5200528	3205399	4248417	1249231	0	949923	0	13642174	107368436	113689495	22857363	0	0
FFQ	130	0	0	3	0	0	218117	0	581595	1631073	0	1083417	1920641	2377871	1203557	0	0	0	805764	0	0	0	625905	891610	1036871	5244674	3285732	4368514	1278357	0	980917	0	13597435	107091551	113430735	22783216	0	0
FFQ	131	0	0	0	0	0	217641	0	565702	1609121	0	1064034	1891108	2367335	1183948	0	0	0	799440	0	0	0	618706	876279	1016883	5219848	3247937	4328456	1260828	0	973948	0	13631107	107274146	113493507	22797581	0	0
FFQ	132	0	0	0	0	0	217300	0	556691	1568486	0	1041972	1861172	2325032	1178220	0	0	188209	582652	0	0	599345	867637	984855	5201043	3193675	4206137	1241811	0	929559	0	13652602	107373604	113852492	22815061	0	0	0
FFQ	133	0	0	0	0	0	220549	0	581357	1616822	0	1086719	1921349	2376492	1216028	0	0	0	791784	0	0	0	617048	892150	1013179	5226240	3275650	4311193	1272090	0	956199	0	13598591	107120939	113578536	22764640	0	0
FFQ	134	0	0	0	0	0	224781	0	602336	1674162	0	1124397	1971711	2445745	1241461	0	0	0	815246	0	0	0	635832	916005	1050587	5259600	3356189	4436172	1297118	0	987003	0	13557630	106922477	113213595	22705508	0	0
FFQ	135	0	0	954	0	0	226557	0	603559	1687555	0	1130028	1974979	2462917	1246359	0	0	0	820143	0	0	0	640566	913633	1053617	5279243	3361067	4445284	1299800	0	991131	0	13578142	106896828	113126811	22698382	0	0
FFQ	136	0	0	100	0	0	226659	0	608765	1684529	0	1137953	1969354	2442736	1248405	0	0	0	812248	0	0	0	642352	921179	1050647	5314447	3368825	4425796	1299667	0	981712	0	13593655	106891094	113145676	22671756	0	0
FFQ	137	0	0	0	0	0	230199	0	613855	1710640	0	1152985	1994200	2478250	1258794	0	0	0	827255	0	0	0	649236	926380	1063118	5328140	3394894	4481449	1308596	0	997843	0	13558642	106841309	112927561	22694209	0	0
FFQ	138	0	0	0	0	0	228665	0	609677	1692361	0	1144305	1982176	2463074	1260751	0	0	0	815660	0	0	0	641717	921070	1045759	5309741	3380716	4428505	1301268	0	977526	0	13562856	106920017	113032885	22718826	0	0
FFQ	139	0	0	16	0	0	234406	0	630818	1724908	0	1173315	2013370	2488105	1278582	0	0	0	828956	0	0	0	651545	948228	1066447	5327379	3431053	4482898	1321840	0	989065	0	13547367	106663269	112991146	22644842	0	0
FFQ	140	0	0	0	0	0	234037	0	638842	1762037	0	1200056	2042941	2536572	1290049	0	0	0	845034	0	0	0	663865	950263	1088596	5351797	3478122	4571829	1333219	0	1013859	0	13519871	106538134	112734293	22644139	0	0
FFQ	141	0	0	0	0	0	230967	0	634447	1741030	0	1191071	2033599	2527659	1291438	0	0	0	829984	0	0	0	657401	950057	1066466	5311391	3458568	4525673	1331424	0	997285	0	13529648	106575340	112876638	22677469	0	0
FFQ	142	0	0	19	0	0	238568	0	663016	1798252	0	1238695	2093627	2576390	1330516	0	0	0	851210	0	0	0	676717	980410	1107196	5347973	3555271	4631139	1365470	0	1017612	0	13497004	106291818	112571008	22605644	0	0
FFQ	143	0	0	0	0	0	235595	0	645759	1787375	0	1217177	2058211	2569645	1303383	0	0	0	846979	0	0	0	672476	955862	1096026	5337348	3507883	4596590	1341321	0	1017438	0	13530098	106500163	112603294	22614932	0	0
FFQ	144	0	0	0	0	0	237294	0	649952	1760136	0	1226579	2060316	2523033	1312091	0	0	0	828541	0	0	0	662149	971984	1078139	5369839	3516577	4528564	1343563	0	984124	0	13536395	106397650	112852809	22597820	0	0
FFQ	145	0	0	0	0	0	240836	0	668955	1835744	0	1260511	2106470	2629484	1335790	0	0	0	862393	0	0	0	684524	980401	1113878	5381619	3579487	4666762	1361062	0	1029763	0	13475501	106230749	112443443	22550183	0	0
FFQ	146	0	0	18	0	0	0	241212	0	674913	1827711	0	1272721	2117179	2610714	1352002	0	0	0	854974	0	0	0	683642	993845	1109295	5385600	3599217	4644575	1373846	0	1011021	0	13500132	106148505	112469028	22567405	0
FFQ	147	0	0	0	0	0	0	243358	0	684282	1860123	0	1284114	2133373	2652610	1358722	0	0	206339	656780	0	0	691524	995628	1119343	1786019	7232180	4682958	1377823	0	1024543	0	0	13499297	106105717	112313997	22528825	0
FFQ	148	0	0	0	0	0	0	248895	0	716069	1910533	0	1334351	2196921	2699786	1402008	0	0	215119	667544	0	0	710024	1032979	1147534	5449618	3704993	4777261	1404451	0	1039468	0	13424169	105798353	112093342	22464137	0	0
FFQ	149	0	0	0	0	0	0	253991	0	729067	1977703	0	1369602	2234640	2777961	1422050	0	0	214045	700364	0	0	734315	1038792	1189583	5465444	3782410	4938653	1431407	0	1087411	0	13362236	105684612	111588317	22454952	0	0
FFQ	150	0	0	1004	0	0	0	250691	0	715323	1924473	0	1344642	2196495	2721832	1404128	0	0	213260	675849	0	0	715946	1034724	4777974	1844160	3734653	4834889	1412713	0	1052002	13406250	105785618	111918775	22472154	0	0	0
# Last Fragment Qualities. Use `grep ^LFQ | cut -f 2-` to extract this part.
# Columns correspond to qualities and rows to cycles. First column is the cycle number.
LFQ	1	0	0	0	0	0	0	0	0	0	0	0	4567145	0	0	0	0	0	0	0	0	0	0	0	0	0	7991340	0	0	0	271884001	0	0	0	0	0	0	0
LFQ	2	0	0	456	0	0	0	0	0	103755	0	304043	825528	0	641833	882214	945697	483810	0	0	0	376506	0	0	4081628	319518	719174	825038	1075491	2235105	2579995	14092256	108654563	121476991	23818885	0	0	0
LFQ	3	0	0	200	0	0	0	0	0	58904	0	243808	819471	0	453915	923663	1059033	553578	0	0	0	367043	0	0	3206016	288690	525370	892369	920788	1945393	2610908	15587183	108368203	121204500	24413451	0	0	0
LFQ	4	0	0	3260	0	0	0	0	0	58800	0	244403	790576	0	478875	885735	1048679	580550	0	0	0	395896	0	0	0	3843485	527623	922563	827667	2137457	2453990	817267	14041443	110433910	118742121	25208186	0	0
LFQ	5	0	0	136	0	0	0	0	0	65189	0	234797	742260	0	463966	857708	1042406	529967	0	0	0	399039	0	0	0	3986975	518756	833711	881041	2013928	2425720	753374	13091985	112297232	118621030	24683266	0	0
LFQ	6	0	0	62	0	0	0	61430	0	239829	709059	0	469736	827271	1119893	538072	0	0	0	368749	0	0	0	3897687	515583	754868	835344	2063552	2407648	730782	14090795	112025427	118602550	24184149	0	0	0	0
LFQ	7	0	0	0	0	0	0	68248	0	236927	722264	0	474392	861526	1145409	534538	0	0	0	391250	0	0	0	271930	4437214	793558	831083	2057609	2461072	735692	0	14541664	112436892	117724769	23716449	0	0	0
LFQ	8	0	0	0	0	0	0	66447	0	238876	721793	0	464003	855768	1181703	553029	0	0	0	371656	0	0	0	285197	4097766	762440	844360	2071413	2412310	730831	0	14619570	111770052	117951083	24444189	0	0	0
LFQ	9	0	0	0	0	0	0	68243	0	243521	739028	0	492183	878526	1194470	560705	0	0	0	392964	0	0	0	284166	4179485	791670	843641	2108936	2433608	761989	0	14672015	111567016	117636522	24593798	0	0	0
LFQ	10	0	0	0	0	0	0	71475	0	243700	742042	0	489681	859393	1258272	562315	0	0	0	386770	0	0	0	294662	4200148	776430	855390	2116761	2412028	750434	0	14581697	111257587	117860133	24723568	0	0	0
LFQ	11	0	0	0	0	0	0	71842	0	253338	751065	0	515036	902544	1270903	586086	0	0	0	398646	0	0	0	290949	4218986	780086	838352	2129450	2456735	784133	0	14748435	111432901	117553651	24459348	0	0	0
LFQ	12	0	0	0	0	0	0	73338	0	241825	726768	0	504609	880980	1275858	576616	0	0	0	385827	0	0	0	293214	4178665	745374	836199	2106358	2411838	765451	0	14720544	111382183	117692213	24644626	0	0	0
LFQ	13	0	0	0	0	0	0	75423	0	248982	742417	0	529205	898462	1296929	581760	0	0	0	388922	0	0	0	299067	4220625	754538	850875	2135660	2446649	777314	0	14693903	111117406	117679279	24705070	0	0	0
LFQ	14	0	0	2	0	0	0	76581	0	262528	766460	0	558780	917668	1304756	586463	0	0	0	394060	0	0	0	302699	4219493	778287	879097	2181910	2497265	796973	0	14652054	110904364	117604520	24758526	0	0	0
LFQ	15	0	0	0	0	0	0	75997	0	250718	741087	0	536333	918685	1323562	585119	0	0	0	389716	0	0	0	302931	4159573	730343	855548	2124799	2485092	788066	0	14616550	111222571	117614104	24721692	0	0	0
LFQ	16	0	0	0	0	0	0	78099	0	261493	753659	0	553535	934134	1331096	595811	0	0	84330	316792	0	0	299994	530661	4402296	854753	2130040	2506339	805717	0	662083	13990952	110869201	117773967	24707534	0	0	0
LFQ	17	0	0	58	0	0	0	79008	0	261268	756627	0	555686	934112	1332798	596105	0	0	84663	308171	0	0	304512	524278	4377363	861170	2119647	2489049	796528	0	646161	14064386	111063184	117554544	24733168	0	0	0
LFQ	18	0	0	0	0	0	0	80893	0	259328	770928	0	560538	934910	1357129	591580	0	0	87264	304376	0	0	317450	515270	4376846	891232	2139621	2502853	774741	0	638772	14114492	111214671	117448757	24560835	0	0	0
LFQ	19	0	0	0	0	0	0	81829	0	271533	786723	0	579881	956639	1370105	599110	0	0	88538	316042	0	0	317437	529954	4438083	893031	2151287	2541095	790574	0	657201	13955884	111270013	117420977	24426550	0	0	0
LFQ	20	0	0	0	0	0	0	82570	0	269958	782975	0	584565	958652	1393282	610328	0	0	87872	311681	0	0	318505	522174	4342282	883568	2143801	2526009	781084	0	644102	13948072	111187928	117755061	24308017	0	0	0
LFQ	21	0	0	0	0	0	0	85784	0	280520	807943	0	606632	979594	1397731	619603	0	0	89350	317395	0	0	320353	538436	4413324	897021	2171703	2546679	793266	0	656086	13979576	111236375	117503864	24201251	0	0	0
LFQ	22	0	0	0	0	0	0	89631	0	281869	821460	0	626280	994400	1427816	632029	0	0	93353	320077	0	0	330519	536519	4397616	923307	2213473	2568457	810554	0	661515	14042842	111182518	117252451	24235800	0	0	0
LFQ	23	0	0	710	0	0	0	91377	0	286931	832054	0	626018	1004957	1433949	637699	0	0	94598	327941	0	0	334838	539152	4436494	915869	2198267	2588379	822696	0	672687	14112853	111046907	117171108	24267002	0	0	0
LFQ	24	0	0	0	0	0	0	95303	0	301510	860280	0	653837	1033367	1452958	651154	0	0	97757	342549	0	0	335318	570285	4518988	929800	2241112	2656752	854642	0	700417	13987726	110740978	117243019	24174734	0	0	0
LFQ	25	0	0	3	0	0	0	96723	0	304319	868221	0	666065	1053949	1483527	659707	0	0	100046	340660	0	0	344900	571887	4469585	952501	2257844	2711855	858610	0	696002	14031132	110663636	117199558	24111756	0	0	0
LFQ	26	0	0	14	0	0	0	97349	0	303841	873037	0	660556	1061741	1475433	663009	0	0	99002	346344	0	0	342941	566118	4463491	952258	2226327	2705699	858520	0	701192	14029358	110666395	117228892	24120969	0	0	0
LFQ	27	0	0	16	0	0	0	99060	0	299530	852036	0	655913	1055399	1470486	665771	0	0	100447	335493	0	0	342270	559649	4436829	951220	2213235	2685300	854236	0	682465	14019834	110868251	117194344	24100702	0	0	0
LFQ	28	0	0	0	0	0	0	100138	0	306304	873350	0	672322	1069805	1497214	674784	0	0	100698	333909	0	0	349530	565328	4379576	978404	2253320	2706012	853193	0	677459	13988907	110760490	117308773	23992970	0	0	0
LFQ	29	0	0	0	0	0	0	102052	0	316748	898358	0	694345	1094660	1514781	686370	0	0	100780	345685	0	0	352355	581027	4384253	981298	2279533	2737735	870702	0	696121	14044333	110699028	117142610	23919712	0	0	0
LFQ	30	0	0	0	0	0	0	104162	0	316642	892369	0	701512	1091939	1519272	684079	0	0	104485	336069	0	0	355450	582820	4428251	990208	2293493	2745251	868243	0	681788	13998407	110581810	117253630	23912606	0	0	0
LFQ	31	0	0	0	0	0	0	105488	0	325473	924310	0	716672	1115557	1530365	692610	0	0	104197	351365	0	0	356371	593127	4481541	990820	2305713	2792742	877086	0	701486	13951227	110675610	117015771	23834955	0	0	0
LFQ	32	0	0	0	0	0	0	107901	0	334412	951257	0	736130	1137864	1541247	701631	0	0	104437	360618	0	0	363094	605457	4454899	1005764	2336894	2831646	884630	0	715737	14032680	110571998	116917026	23747164	0	0	0
LFQ	33	0	0	0	0	0	0	109546	0	328514	962586	0	738478	1136692	1571181	697308	0	0	105733	361503	0	0	367421	588372	4455927	1017330	2342689	2832436	871457	0	712996	13939839	110616720	116939837	23745921	0	0	0
LFQ	34	0	0	0	0	0	113137	0	343531	971492	0	762940	1157873	1599780	721161	0	0	0	465777	0	0	0	373451	612542	4459841	1041955	2392590	2862104	887990	0	704227	13934453	110541556	116790863	23705223	0	0	0
LFQ	35	0	0	0	0	0	111858	0	341750	976607	0	758853	1159406	1590987	722018	0	0	0	465402	0	0	0	373193	603902	4467089	1032749	2363885	2849267	883683	0	702548	13960891	110728263	116689375	23660760	0	0	0
LFQ	36	0	0	23	0	0	115604	0	345882	992664	0	770090	1174375	1589835	720305	0	0	0	474975	0	0	0	376397	614225	4485345	1046739	2384445	2887001	894468	0	720970	13966642	110526413	116752719	23603369	0	0	0
LFQ	37	0	0	47	0	0	116309	0	347706	1000318	0	775559	1191561	1607519	729624	0	0	109172	372905	0	0	375993	614738	790027	4751620	2382491	2905916	904039	0	728534	0	13950088	110442416	116743573	23602331	0	0	0
LFQ	38	0	0	0	0	0	119340	0	355781	1020812	0	788009	1207494	1631574	740488	0	0	112166	373560	0	0	381997	622649	791019	4762120	2416274	2942899	909004	0	727278	0	13933136	110404197	116613185	23589504	0	0	0
LFQ	39	0	0	2	0	0	118881	0	361251	1028514	0	799574	1211678	1632726	742986	0	0	110703	375818	0	0	382959	630269	798116	4709694	2422844	2946438	916211	0	731207	0	13972934	110231483	116774848	23543350	0	0	0
LFQ	40	0	0	2	0	0	122135	0	365651	1046804	0	814191	1228399	1653527	750367	0	0	112860	381907	0	0	386583	638547	814568	4724428	2452874	2979502	923613	0	739487	0	13981358	110242330	116555508	23527845	0	0	0
LFQ	41	0	0	10	0	0	125451	0	373616	1060903	0	837659	1243779	1665487	764004	0	0	116040	381050	0	0	392059	652848	819894	4779620	2484143	3013937	932736	0	739772	0	13964827	110100324	116475839	23518488	0	0	0
LFQ	42	0	0	0	0	0	124746	0	366434	1069769	0	819043	1247348	1672501	753877	0	0	113109	391469	0	0	392124	631356	817296	4791975	2447607	2990987	914412	0	749485	0	13944680	110188588	116462876	23552804	0	0	0
LFQ	43	0	0	0	0	0	128599	0	383732	1067588	0	841413	1260737	1679062	784495	0	0	115489	382904	0	0	392335	651742	809120	4768099	2490436	2982477	932474	0	730736	0	13920555	110023048	116535791	23561654	0	0	0
LFQ	44	0	0	0	0	0	131976	0	392202	1135821	0	870471	1296653	1734841	790666	0	0	118446	406974	0	0	406648	661826	864506	4798721	2555432	3104947	953697	0	772073	0	13906557	109845840	116182453	23511736	0	0	0
LFQ	45	0	0	395	0	0	130273	0	388146	1108186	0	870027	1291654	1718137	791419	0	0	118851	392059	0	0	405485	657993	834475	4808047	2530469	3053793	944344	0	747725	0	13972107	109928684	116219682	23530535	0	0	0
LFQ	46	0	0	2	0	0	134377	0	393114	1119636	0	869853	1292808	1731031	797566	0	0	120134	395696	0	0	406930	660169	837252	4822511	2540019	3073705	951269	0	754149	0	13937732	109872465	116220737	23511331	0	0	0
LFQ	47	0	0	81	0	0	135579	0	388773	1109028	0	874312	1295981	1718955	801580	0	0	120415	391362	0	0	404881	659566	829478	4815027	2537850	3056647	955774	0	743346	0	13940645	109932128	116231814	23499264	0	0	0
LFQ	48	0	0	0	0	0	138284	0	405574	1155871	0	892229	1336834	1767325	817507	0	0	121761	407618	0	0	415626	672754	850266	4811295	2579168	3141996	965951	0	765154	0	13850202	109842672	116067818	23436581	0	0	0
LFQ	49	0	0	0	0	0	139240	0	404961	1174089	0	894573	1344011	1790987	817286	0	0	122381	413884	0	0	419852	668968	850194	4846502	2592089	3162746	963395	0	771845	0	13857221	109714502	116086089	23407671	0	0	0
LFQ	50	0	0	53	0	0	141137	0	408343	1170516	0	905925	1351416	1796638	825175	0	0	124848	408728	0	0	416197	678095	853975	4870144	2604557	3169434	970224	0	765939	0	13783207	109727872	116057485	23412578	0	0	0
LFQ	51	0	0	0	0	0	139995	0	410169	1167581	0	906599	1351280	1799895	833199	0	0	121661	401450	0	0	417148	676893	841716	4805391	2592161	3133100	965161	0	750993	0	13847431	109735960	116118413	23426290	0	0	0
LFQ	52	0	0	0	0	0	144883	0	419492	1185889	0	924499	1367670	1809090	842015	0	0	124010	409551	0	0	422467	689570	855595	4813184	2629414	3164922	975961	0	761055	0	13882292	109688698	116002121	23330108	0	0	0
LFQ	53	0	0	0	0	0	147640	0	425896	1210332	0	944715	1382444	1829773	842867	0	0	127853	419056	0	0	426879	701451	871762	4875827	2655299	3223149	983443	0	777274	0	13860392	109420410	115998997	23317027	0	0	0
LFQ	54	0	0	111	0	0	146821	0	428339	1213343	0	952575	1391843	1832684	850547	0	0	127798	415857	0	0	426473	702836	869822	4871305	2659853	3218518	982679	0	771251	0	13824841	109491286	115903791	23359913	0	0	0
LFQ	55	0	0	0	0	0	148487	0	427253	1227799	0	951693	1394629	1836791	851248	0	0	126630	420663	0	0	430680	698623	876283	4858729	2665010	3219021	983762	0	778514	0	13862146	109558661	115776155	23349709	0	0	0
LFQ	56	0	0	670	0	0	151281	0	431855	1225519	0	957888	1395078	1838306	852193	0	0	128340	419030	0	0	430189	704040	876236	4869332	2675499	3228508	989459	0	777467	0	13854721	109471946	115796419	23368510	0	0	0
LFQ	57	0	0	103	0	0	152415	0	430602	1222639	0	958247	1401301	1835995	857715	0	0	128523	416065	0	0	432616	701626	866619	4886484	2670680	3215131	987603	0	770422	0	13844539	109541011	115814959	23307191	0	0	0
LFQ	58	0	0	0	0	0	156684	0	445142	1274282	0	978595	1438399	1892695	881659	0	0	132161	434704	0	0	443742	711833	893269	4919824	2719564	3299736	1004243	0	791749	0	13861760	109367485	115539807	23255153	0	0	0
LFQ	59	0	0	0	0	0	160297	0	457347	1302629	0	1000024	1469789	1925452	895560	0	0	135557	441389	0	0	452400	726797	907323	4928119	2755986	3359989	1018083	0	805677	0	13835742	109228380	115361929	23274017	0	0	0
LFQ	60	0	0	0	0	0	157588	0	448454	1296211	0	984862	1457537	1920005	887551	0	0	132003	439286	0	0	450392	712099	900224	4912135	2724266	3331735	1008875	0	799214	0	13824858	109240309	115458246	23356636	0	0	0
LFQ	61	0	0	0	0	0	161451	0	460303	1300862	0	1006958	1469124	1929364	898638	0	0	135476	439551	0	0	450392	732453	904374	4923315	2770408	3350177	1020776	0	798178	0	13824127	109108548	115499835	23258176	0	0	0
LFQ	62	0	0	0	0	0	162185	0	468859	1328512	0	1025341	1489880	1968845	905497	0	0	136313	450323	0	0	457879	744086	922853	4911851	2801188	3402859	1029408	0	819816	0	13793164	108994105	115376448	23253074	0	0	0
LFQ	63	0	0	25	0	0	162821	0	462265	1312560	0	1022273	1478628	1949165	905292	0	0	135314	436544	0	0	452292	735684	899587	4921360	2776205	3340595	1019369	0	791542	0	13810527	108953249	115587493	23289696	0	0	0
LFQ	64	0	0	0	0	0	168206	0	478367	1357506	0	1043599	1511526	1985995	924532	0	0	139250	453908	0	0	459259	750583	930473	4977778	2823196	3411088	1036420	0	814317	0	13783276	108885793	115301877	23205537	0	0	0
LFQ	65	0	0	0	0	0	169244	0	477382	1355415	0	1048260	1519619	1984493	923235	0	0	138268	452573	0	0	461648	746197	924405	4946843	2819994	3407830	1034492	0	815513	0	13745356	108999131	115266652	23205936	0	0	0
LFQ	66	0	0	0	0	0	171155	0	487019	1368612	0	1057598	1531346	2003331	938405	0	0	138643	451052	0	0	462674	753438	929372	4948599	2836310	3411078	1036274	0	805650	0	13753248	108912416	115227623	23218643	0	0	0
LFQ	67	0	0	0	0	0	175178	0	499579	1421439	0	1079824	1562623	2047851	953729	0	0	141870	467930	0	0	474358	766292	959380	4985509	2885646	3492035	1059121	0	832072	0	13776149	108730759	114976596	23154546	0	0	0
LFQ	68	0	0	0	0	0	174595	0	488498	1383820	0	1072061	1542738	2021414	941613	0	0	142611	456378	0	0	469573	757393	932789	4986380	2856437	3454594	1051901	0	816442	0	13805361	108821930	115079909	23186049	0	0	0
LFQ	69	0	0	138	0	0	175797	0	490343	1365450	0	1072298	1540310	2017772	948566	0	0	144092	449172	0	0	466602	764345	919452	4986953	2860163	3436486	1053823	0	805059	0	13785998	108915556	115071913	23172198	0	0	0
LFQ	70	0	0	0	0	0	179448	0	497999	1394521	0	1087716	1562794	2042883	955512	0	0	145338	460200	0	0	472345	773350	937901	4987312	2886621	3488336	1062421	0	822840	0	13785530	108714140	115040974	23144305	0	0	0
LFQ	71	0	0	0	0	0	179494	0	502467	1407190	0	1096039	1574925	2069686	960576	0	0	145705	460602	0	0	476403	774698	938185	5001916	2894319	3505275	1066988	0	822945	0	13788067	108554905	115055996	23166105	0	0	0
LFQ	72	0	0	828	0	0	183251	0	515365	1435741	0	1112284	1606694	2099759	987542	0	0	147529	465542	0	0	480659	786889	939565	4991990	2925363	3527802	1072933	0	823338	0	13726279	108476163	114980460	23156510	0	0	0
LFQ	73	0	0	0	0	0	187228	0	527753	1482037	0	1132056	1636308	2134694	998978	0	0	148739	485576	0	0	493196	795407	975769	5022693	2963130	3592350	1080296	0	846226	0	13702753	108390935	114764431	23081931	0	0	0
LFQ	74	0	0	0	0	0	186240	0	529711	1479948	0	1135604	1633807	2139481	1001474	0	0	148380	481733	0	0	490955	798284	972926	5001839	2964649	3581460	1082185	0	839988	0	13737986	108405817	114746548	23083471	0	0	0
LFQ	75	0	0	0	0	0	188262	0	527019	1474627	0	1140200	1630843	2130287	1001205	0	0	147412	474396	0	0	489075	799070	965031	5004856	2956331	3549724	1082366	0	830024	0	13760482	108436090	114755894	23099292	0	0	0
LFQ	76	0	0	0	0	0	191419	0	533483	1490484	0	1149728	1648732	2149268	1010626	0	0	150420	483131	0	0	490889	802675	967833	5027539	2971429	3581002	1087809	0	838249	0	13738668	108292263	114752972	23083867	0	0	0
LFQ	77	0	0	0	0	0	192475	0	541214	1501019	0	1159501	1664483	2169596	1023098	0	0	152878	482682	0	0	492716	813591	973590	5032264	2995046	3611576	1102653	0	839365	0	13702611	108245365	114672663	23074100	0	0	0
LFQ	78	0	0	0	0	0	195834	0	554277	1533032	0	1183226	1690231	2200417	1036705	0	0	155372	492208	0	0	504975	823656	993403	5039999	3040360	3665923	1118114	0	853020	0	13689927	108132479	114467796	23071532	0	0	0
LFQ	79	0	0	0	0	0	197103	0	557329	1553653	0	1193319	1701527	2220489	1036514	0	0	156118	498971	0	0	508249	827622	1006886	5068268	3058278	3706701	1120696	0	865143	0	13650323	108041827	114428767	23044703	0	0	0
LFQ	80	0	0	0	0	0	196932	0	545284	1522668	0	1179619	1684308	2203673	1027798	0	0	155843	487548	0	0	502317	818882	982601	5067445	3031322	3667333	1112397	0	848734	0	13687815	108157396	114521780	23040791	0	0	0
LFQ	81	0	0	1328	0	0	199126	0	548532	1526686	0	1182583	1685495	2206686	1036624	0	0	156101	489754	0	0	504874	820900	985046	5065140	3040087	3672112	1111180	0	849601	0	13675243	108098878	114565605	23020905	0	0	0
LFQ	82	0	0	0	0	0	203973	0	561799	1557499	0	1199529	1707304	2232991	1049685	0	0	159092	499414	0	0	512936	835697	998894	5095702	3071339	3725705	1123128	0	862890	0	13685678	107951870	114433266	22974095	0	0	0
LFQ	83	0	0	0	0	0	203104	0	565132	1572436	0	1205750	1721680	2251179	1054984	0	0	157991	502073	0	0	514281	836186	1001778	5100121	3081025	3727537	1126452	0	864281	0	13704735	107910249	114353381	22988131	0	0	0
LFQ	84	0	0	1592	0	0	204710	0	571736	1574414	0	1216426	1733627	2252109	1065334	0	0	158815	501480	0	0	513261	843550	1001036	5095530	3093929	3724252	1130858	0	860854	0	13712604	107937085	114270112	22979172	0	0	0
LFQ	85	0	0	2	0	0	207985	0	588223	1614942	0	1241636	1756814	2295022	1076223	0	0	162108	514360	0	0	523447	862711	1027263	5098964	3138003	3790396	1145904	0	878816	0	13664844	107745278	114172113	22937432	0	0	0
LFQ	86	0	0	0	0	0	208185	0	593613	1627853	0	1265089	1772904	2311893	1090750	0	0	163850	513774	0	0	528882	870587	1030758	5116062	3164808	3816830	1155721	0	876618	0	13670458	107655590	114078485	22929776	0	0	0
LFQ	87	0	0	4	0	0	215240	0	612583	1684870	0	1300771	1822154	2359981	1117079	0	168961	0	534352	0	543654	889468	1065854	1503494	6907114	3920653	1179738	0	908632	0	0	13623156	107393299	113781276	22910153	0	0	0
LFQ	88	0	0	0	0	0	212401	0	602013	1681962	0	1278133	1817225	2361974	1106943	0	0	164243	531691	0	0	536434	868832	1050084	5155137	3190445	3868866	1163265	0	898885	0	13565741	107584253	113855114	22948845	0	0	0
LFQ	89	0	0	24	0	0	216543	0	611745	1666464	0	1286591	1821471	2361623	1122007	0	166814	0	519449	0	535276	879699	1036374	1500571	6823125	3849981	1170881	0	879774	0	0	13595658	107550602	113940409	22907405	0	0	0
LFQ	90	0	0	0	0	0	217424	0	604225	1676617	0	1276852	1814356	2367504	1115689	0	165266	0	524636	0	538293	868400	1036845	1497921	6814501	3853903	1162121	0	886164	0	0	13642438	107589828	113918156	22871347	0	0	0
LFQ	91	0	0	683	0	0	220394	0	600939	1657645	0	1278095	1814145	2351138	1119336	0	0	168888	518057	0	0	532818	870994	1026061	5172089	3183254	3842437	1166998	0	879134	0	13633136	107574069	113948324	22883852	0	0	0
LFQ	92	0	0	0	0	0	221855	0	611735	1673194	0	1289464	1830679	2368703	1130545	0	170538	0	524155	0	540244	881350	1038416	1514155	6876444	3874598	1177353	0	886092	0	0	13596313	107522101	113826185	22888367	0	0	0
LFQ	93	0	0	0	0	0	229533	0	639326	1749567	0	1331970	1880349	2428608	1155660	0	177112	0	543867	0	559663	909975	1085109	1558029	6971021	3995324	1202866	0	914087	0	0	13574975	107194559	113498194	22842692	0	0	0
LFQ	94	0	0	0	0	0	228788	0	645734	1791072	0	1349175	1905353	2477686	1156758	0	174939	0	556831	0	568837	912268	1099901	1560690	6988490	4054117	1205874	0	933013	0	0	13606820	107105557	113255834	22864749	0	0	0
LFQ	95	0	0	251	0	0	230006	0	653453	1771019	0	1367903	1906451	2465526	1172290	0	177692	0	547359	0	565516	925821	1080627	1572516	6993511	4033546	1211368	0	918555	0	0	13580189	107010068	113424796	22834023	0	0	0
LFQ	96	0	0	0	0	0	228998	0	650121	1798242	0	1368581	1914871	2482277	1172687	0	0	174668	562283	0	0	568898	923092	1103612	5207005	3335456	4056348	1211922	0	936842	0	13543721	107005041	113410827	22786994	0	0	0
LFQ	97	0	0	0	0	0	228586	0	648443	1768646	0	1365277	1896116	2461773	1170451	0	0	175122	544482	0	0	558624	922142	1082834	5196809	3312046	3987295	1208043	0	912200	0	13597910	107058203	113539695	22807789	0	0	0
LFQ	98	0	0	0	0	0	233555	0	662486	1790189	0	1395637	1934494	2488308	1199071	0	179258	0	548654	0	566768	937248	1086215	1585880	6994814	4027765	1227938	0	913861	0	0	13557331	106897736	113420625	22794653	0	0	0
LFQ	99	0	0	0	0	0	238695	0	676616	1842278	0	1410985	1971977	2542354	1207928	0	179803	0	568051	0	582081	941930	1111689	1609016	7053072	4118001	1237061	0	943299	0	0	13517906	106735649	113155454	22798641	0	0	0
LFQ	100	0	0	1	0	0	238187	0	678208	1860497	0	1419402	1986746	2560698	1220596	0	180559	0	573603	0	583131	945400	1119210	1620462	7025376	4140990	1247299	0	946761	0	0	13493466	106744867	113103049	22753978	0	0	0
LFQ	101	0	0	1	0	0	243124	0	695007	1887101	0	1439784	2009161	2595574	1234575	0	186086	0	578541	0	591290	964025	1134121	1643699	7085606	4201307	1262367	0	954264	0	0	13518347	106560326	112966938	22691242	0	0	0
LFQ	102	0	0	0	0	0	242932	0	700727	1906161	0	1456704	2026761	2610641	1242003	0	187114	0	579294	0	597902	966065	1139277	1653669	7118032	4215261	1260597	0	951788	0	0	13510059	106588192	112818251	22671056	0	0	0
LFQ	103	0	0	58	0	0	244902	0	702682	1910844	0	1453003	2023965	2625039	1238861	0	186214	0	584191	0	599944	966119	1144071	1653703	7110680	4227701	1258074	0	958789	0	0	13527838	106588946	112749664	22687198	0	0	0
LFQ	104	0	0	0	0	0	249288	0	717552	1934302	0	1478674	2054623	2648114	1262053	0	191889	0	590986	0	606831	990346	1158276	1676825	7159798	4284308	1276680	0	969426	0	0	13494433	106392461	112651546	22654075	0	0	0
LFQ	105	0	0	3	0	0	252267	0	728562	1993279	0	1502407	2086817	2703633	1277399	0	191999	0	605033	0	623355	991958	1179485	1694880	7210953	4355459	1282826	0	987405	0	0	13472177	106182434	112493663	22626492	0	0	0
LFQ	106	0	0	0	0	0	254920	0	741919	2010067	0	1517994	2104035	2719705	1285265	0	195255	0	611534	0	622969	1007404	1186987	1708993	7227240	4378217	1290061	0	990384	0	0	13462894	106155112	112375967	22595564	0	0	0
LFQ	107	0	0	0	0	0	249901	0	729041	1994745	0	1510893	2097324	2707019	1282185	0	189340	0	603144	0	616921	993202	1177981	1690650	7197455	4330129	1283010	0	982602	0	0	13460352	106253506	112442882	22650204	0	0	0
LFQ	108	0	0	0	0	0	254257	0	731161	1963967	0	1512366	2084899	2689686	1291724	0	191001	0	589663	0	610801	994578	1148664	1685066	7174859	4263301	1285298	0	957686	0	0	13493682	106194699	112653416	22671712	0	0	0
LFQ	109	0	0	0	0	0	260440	0	752693	2013291	0	1538709	2117887	2721876	1312081	0	196771	0	601543	0	624515	1017076	1181480	1721834	7236517	4341102	1303407	0	973899	0	0	13442600	105991774	112468438	22624553	0	0	0
LFQ	110	0	0	0	0	0	255530	0	734189	1998070	0	1520842	2101251	2713151	1289093	0	192448	0	601699	0	619418	999024	1173376	1705899	7207455	4329836	1288517	0	976025	0	0	13446551	106180000	112491265	22618847	0	0	0
LFQ	111	0	0	541	0	0	259156	0	745961	1974974	0	1537468	2110450	2705099	1308451	0	196770	0	593526	0	616372	1017466	1168468	1723078	7219173	4335707	1307875	0	965224	0	0	13458455	106062910	112547726	22587636	0	0	0
LFQ	112	0	0	2	0	0	262659	0	768125	2067839	0	1569815	2162144	2791901	1328787	0	197964	0	619260	0	641150	1022234	1205029	1764089	7280440	4447465	1316587	0	1000044	0	0	13429980	105889081	112124774	22553117	0	0	0
LFQ	113	0	0	0	0	0	264126	0	762336	2069208	0	1571443	2161533	2785354	1335933	0	198705	0	615266	0	640932	1020163	1200178	1761418	7284301	4421795	1315059	0	988979	0	0	13471241	105879390	112160751	22534375	0	0	0
LFQ	114	0	0	0	0	0	270941	0	779625	2095948	0	1597271	2198921	2817822	1357496	0	203293	0	622931	0	652646	1038986	1210682	1782685	7328538	4479009	1329677	0	999086	0	0	13465600	105698643	112014808	22497878	0	0	0
LFQ	115	0	0	232	0	0	271952	0	787801	2130069	0	1606112	2217951	2861354	1368462	0	203194	0	635511	0	658446	1041430	1228180	1787591	7355512	4515168	1333752	0	1011697	0	0	13409801	105685087	111847282	22485902	0	0	0
LFQ	116	0	0	0	0	0	276014	0	787869	2108224	0	1607137	2206892	2837739	1360315	0	204133	0	625665	0	648432	1048426	1213437	1781137	7337731	4478949	1329215	0	997188	0	0	13403523	105671735	112018047	22500678	0	0	0
LFQ	117	0	0	0	0	0	274302	0	798479	2122631	0	1622758	2228558	2863887	1378510	0	205571	0	626396	0	655443	1059281	1217312	1801392	7357697	4508972	1343151	0	997199	0	0	13419723	105527057	111954626	22479541	0	0	0
LFQ	118	0	0	0	0	0	276565	0	814603	2158237	0	1656106	2260758	2894551	1401573	0	208087	0	636052	0	662574	1071444	1237615	1826241	7407732	4561693	1360987	0	1011683	0	0	13376733	105427374	111763037	22428841	0	0	0
LFQ	119	0	0	0	0	0	278611	0	824658	2195230	0	1680945	2286504	2930401	1417240	0	209029	0	643465	0	671299	1080847	1250775	1838836	7429621	4614712	1371708	0	1023225	0	0	13350748	105268244	111658637	22417751	0	0	0
LFQ	120	0	0	0	0	0	279003	0	831879	2211421	0	1694211	2304177	2953232	1428611	0	211539	0	649877	0	679222	1087852	1260851	1852377	7458032	4643871	1383693	0	1031296	0	0	13351085	105194826	111512189	22423242	0	0	0
LFQ	121	0	0	0	0	0	283363	0	840051	2242179	0	1703740	2324928	2979058	1440033	0	212852	0	657038	0	688146	1092168	1271821	1873934	7485235	4683306	1392026	0	1037222	0	0	13316509	105126169	111387492	22405216	0	0	0
LFQ	122	0	0	0	0	0	286855	0	847183	2247577	0	1717253	2347094	3017650	1451685	0	215634	0	657895	0	687663	1096365	1271397	1876977	7505727	4708877	1390825	0	1039842	0	0	13298647	105043347	111372539	22361454	0	0	0
LFQ	123	0	0	86	0	0	283124	0	845119	2216278	0	1711619	2324423	2977401	1448725	0	212876	0	642145	0	677349	1099506	1254264	1869462	7458111	4647438	1391118	0	1018719	0	0	13357898	105162101	111451281	22393443	0	0	0
LFQ	124	0	0	0	0	0	284599	0	843267	2213483	0	1708956	2320008	2979629	1445551	0	214742	0	638262	0	681627	1101526	1253450	1869707	7473809	4645198	1389406	0	1015519	0	0	13348613	105091340	111513428	22410366	0	0	0
LFQ	125	0	0	0	0	0	289980	0	862769	2250547	0	1739106	2354540	3019158	1466421	0	220151	0	649093	0	692552	1117174	1266218	1898016	7523859	4696661	1404572	0	1028625	0	0	13337721	104977364	111290958	22357001	0	0	0
LFQ	126	0	0	0	0	0	295266	0	890199	2341098	0	1786433	2425968	3102724	1511903	0	224677	0	674837	0	718566	1138986	1307993	1946609	7609483	4833590	1431764	0	1057167	0	0	13309419	104623266	110873382	22339156	0	0	0
LFQ	127	0	0	616	0	0	298344	0	893710	2390506	0	1797211	2445904	3149478	1516014	0	222494	0	694313	0	730580	1136814	1330624	1952808	7645021	4910852	1436412	0	1080870	0	0	13275987	104555299	110674967	22303662	0	0	0
LFQ	128	0	0	0	0	0	300517	0	901163	2364263	0	1806824	2439780	3119093	1520746	0	227096	0	683047	0	720082	1151358	1324036	1954239	7667806	4874609	1440543	0	1067155	0	0	13260569	104554369	110784979	22280212	0	0	0
LFQ	129	0	0	0	0	0	301374	0	926317	2430099	0	1855876	2493867	3186832	1552769	0	230599	0	698849	0	740560	1176640	1354150	2001777	7710208	4981975	1469379	0	1090411	0	0	13254599	104258656	110490172	22237377	0	0	0
LFQ	130	0	0	1	0	0	302869	0	935067	2475719	0	1883316	2524202	3227198	1569062	0	229672	0	709584	0	753387	1173651	1370351	2019734	7757035	5021717	1474665	0	1103094	0	0	13212069	104093735	110406601	22199757	0	0	0
LFQ	131	0	0	0	0	0	313518	0	966919	2562190	0	1929002	2586984	3311838	1606791	0	237838	0	735658	0	783851	1201183	1408364	2072143	7847687	5167165	1502813	0	1134357	0	0	13204099	103750398	110001474	22118214	0	0	0
LFQ	132	0	0	12059	0	0	314521	0	956399	2585234	0	1915536	2591542	3337544	1603523	0	235257	0	742333	0	781524	1184328	1413392	2066978	7839394	5175705	1497881	0	1144286	0	0	13195590	103855617	109880241	22113602	0	0	0
LFQ	133	0	0	0	0	0	313689	0	956177	2523821	0	1913681	2584670	3288590	1610128	0	236810	0	718158	0	767684	1191184	1373836	2064641	7794920	5087152	1494794	0	1110395	0	0	13184393	103921396	110189935	22116432	0	0	0
LFQ	134	0	0	0	0	0	314511	0	963261	2548027	0	1922697	2602668	3326005	1614812	0	237028	0	730083	0	777875	1199187	1396782	2075174	7828829	5164174	1507668	0	1132324	0	0	13166327	103847256	109983458	22104340	0	0	0
LFQ	135	0	0	11	0	0	314621	0	968251	2535478	0	1922934	2584140	3310288	1610379	0	239123	0	720725	0	771734	1204641	1392027	2076612	7851142	5142248	1510490	0	1122231	0	0	13194178	103831379	110030662	22109192	0	0	0
LFQ	136	0	0	0	0	0	320643	0	986454	2564421	0	1960467	2610164	3325205	1628452	0	245123	0	720530	0	786153	1225602	1407128	2104859	7916485	5176370	1520551	0	1124242	0	0	13189912	103683061	109890437	22056227	0	0	0
LFQ	137	0	0	0	0	0	328210	0	1012335	2680517	0	2010542	2679386	3443671	1667372	0	250857	0	759314	0	817472	1246734	1461719	2155739	4391804	9015011	1552244	0	1175190	0	0	0	13113196	103393338	109260993	22026842	0	0
LFQ	138	0	0	0	0	0	325239	0	1003268	2664358	0	2010351	2683517	3425897	1676296	0	246766	0	752855	0	809414	1241091	1446591	2142916	4360732	8949156	1543890	0	1157493	0	0	0	13126728	103488774	109335411	22051743	0	0
LFQ	139	0	0	0	0	0	323881	0	998998	2628104	0	1997056	2654074	3391302	1661730	0	244099	0	737207	0	793727	1236359	1423276	2123111	4324966	8849559	1534369	0	1133274	0	0	0	13138854	103567623	109634650	22046267	0	0
LFQ	140	0	0	108	0	0	333622	0	1033496	2667884	0	2046533	2709509	3431426	1700121	0	253934	0	742747	0	810828	1264115	1436176	2173756	8007128	5298746	1556547	0	1146011	0	0	13105244	103215967	109502227	22006361	0	0	0
LFQ	141	0	0	0	0	0	335228	0	1059592	2787109	0	2100247	2786094	3565309	1742762	0	255126	0	784319	0	843253	1279340	1491822	2222058	8091840	5496068	1594985	0	1196575	0	0	13058771	102872437	108924305	21955246	0	0	0
LFQ	142	0	0	0	0	195198	0	627696	1656939	0	1244019	1631532	2065582	1020948	149938	0	0	453111	498923	748630	877981	1323245	4686255	3190221	918869	0	690069	0	0	7404041	58477284	61839200	12447965	0	0	0	0	0
LFQ	143	0	0	0	0	0	193402	0	617209	1642518	0	1221888	1611685	2050562	1009821	146886	0	0	448734	493596	733112	862935	1300471	2591376	5214251	908159	0	678998	0	0	0	7438362	58589707	61941771	12452203	0	0	0
LFQ	144	0	0	0	0	0	188619	0	587145	1540876	0	1173010	1543127	1960609	976117	0	141681	0	416979	0	459644	711142	817392	1248568	4590841	2978222	879269	0	638415	0	0	7476872	58921659	62399470	12497989	0	0	0
LFQ	145	0	0	0	0	0	193572	0	601626	1528112	0	1190940	1545530	1951674	987823	0	147128	0	407830	0	458979	733787	815616	1271027	4595994	2973917	888351	0	627882	0	0	7466097	58778661	62498494	12484606	0	0	0
LFQ	146	0	0	0	0	0	191504	0	599978	1551796	0	1190895	1559016	1973393	990840	0	0	143526	415761	0	0	466229	724775	820577	1272695	4600811	2991456	888659	0	638831	0	0	7476061	58799221	62340431	12511191	0	0
LFQ	147	0	0	0	0	0	193879	0	600587	1525893	0	1187005	1541660	1943592	985822	0	0	146052	405452	0	0	458552	729243	812764	1268893	4594418	2962269	887267	0	628155	0	0	7486962	58832402	62461631	12495148	0	0
LFQ	148	0	0	0	0	0	203254	0	650847	1656959	0	1262979	1649520	2073345	1052168	0	157470	0	440256	0	497028	771432	867455	1350567	2648455	5230703	926421	0	669512	0	0	0	7403290	58324335	61918288	12393362	0	0
LFQ	149	0	0	2	0	0	209514	0	673389	1763217	0	1311932	1712054	2181651	1082773	158679	0	0	473438	524157	779237	907625	1380707	2722361	5364891	947120	0	707955	0	0	0	7341432	58118913	61432394	12354205	0	0	0
LFQ	150	0	0	132261	0	0	209133	0	685721	1787452	0	1330041	1729255	2211167	1100292	164925	0	0	477017	528999	785179	916737	1393845	4816829	3356703	963132	0	716549	0	0	7329013	57953183	61257531	12302682	0	0	0	0
# GC Content of first fragments. Use `grep ^GCF | cut -f 2-` to extract this part.
GCF	0.25	303
GCF	0.75	364
GCF	1.26	413
GCF	2.01	579
GCF	2.76	685
GCF	3.27	857
GCF	4.02	1003
GCF	4.77	1129
GCF	5.28	1336
GCF	6.03	1587
GCF	6.78	1801
GCF	7.29	2038
GCF	8.04	2332
GCF	8.79	2661
GCF	9.30	3111
GCF	10.05	3681
GCF	10.80	4571
GCF	11.31	5799
GCF	12.06	7359
GCF	12.81	9402
GCF	13.32	11989
GCF	14.07	16191
GCF	14.82	20945
GCF	15.33	27865
GCF	16.08	38204
GCF	16.83	52548
GCF	17.34	72300
GCF	18.09	99903
GCF	18.84	135604
GCF	19.35	185384
GCF	20.10	250278
GCF	20.85	334258
GCF	21.36	439981
GCF	22.11	572016
GCF	22.86	732364
GCF	23.37	923038
GCF	24.12	1141162
GCF	24.87	1392271
GCF	25.38	1670202
GCF	26.13	1972006
GCF	26.88	2291850
GCF	27.39	2635979
GCF	28.14	2985314
GCF	28.89	3339520
GCF	29.40	3689371
GCF	30.15	4028136
GCF	30.90	4355762
GCF	31.41	4661701
GCF	32.16	4953976
GCF	32.91	5218448
GCF	33.42	5450255
GCF	33.92	5672034
GCF	34.67	5880340
GCF	35.43	6078182
GCF	35.93	6276621
GCF	36.68	6501596
GCF	37.44	6746336
GCF	37.94	6989202
GCF	38.69	7239571
GCF	39.45	7466022
GCF	39.95	7611354
GCF	40.70	7667170
GCF	41.46	7618630
GCF	41.96	7451675
GCF	42.71	7182935
GCF	43.47	6886999
GCF	43.97	6608155
GCF	44.72	6385771
GCF	45.48	6268318
GCF	45.98	6160949
GCF	46.73	6060373
GCF	47.49	5920227
GCF	47.99	5750302
GCF	48.74	5527492
GCF	49.50	5284165
GCF	50.00	5040683
GCF	50.75	4838232
GCF	51.51	4669238
GCF	52.01	4500686
GCF	52.76	4326745
GCF	53.52	4114889
GCF	54.02	3865594
GCF	54.77	3597252
GCF	55.53	3332367
GCF	56.03	3055178
GCF	56.78	2783903
GCF	57.54	2586408
GCF	58.04	2434457
GCF	58.79	2310654
GCF	59.55	2159344
GCF	60.05	2028364
GCF	60.80	1931614
GCF	61.56	1804146
GCF	62.06	1591598
GCF	62.81	1366368
GCF	63.57	1178136
GCF	64.07	1085570
GCF	64.82	1036481
GCF	65.58	971597
GCF	66.08	905725
GCF	66.58	892530
GCF	67.34	799049
GCF	68.09	659628
GCF	68.59	523213
GCF	69.35	436054
GCF	70.10	373967
GCF	70.60	324216
GCF	71.36	273379
GCF	72.11	228159
GCF	72.61	190311
GCF	73.37	160404
GCF	74.12	136316
GCF	74.62	118640
GCF	75.38	104760
GCF	76.13	92905
GCF	76.63	86253
GCF	77.39	79271
GCF	78.14	73438
GCF	78.64	64838
GCF	79.40	57991
GCF	80.15	48782
GCF	80.65	38117
GCF	81.41	28728
GCF	82.16	22325
GCF	82.66	17729
GCF	83.42	13992
GCF	84.17	11140
GCF	84.67	9667
GCF	85.43	8493
GCF	86.18	7631
GCF	86.68	6903
GCF	87.44	6411
GCF	88.19	6016
GCF	88.69	5584
GCF	89.45	5197
GCF	90.20	4670
GCF	90.70	4327
GCF	91.46	3786
GCF	92.21	3217
GCF	92.71	2702
GCF	93.47	2138
GCF	94.22	1579
GCF	94.72	1067
GCF	95.48	830
GCF	96.23	562
GCF	96.73	402
GCF	97.49	267
GCF	98.24	212
GCF	98.74	197
GCF	99.50	66
# GC Content of last fragments. Use `grep ^GCL | cut -f 2-` to extract this part.
GCL	0.25	622
GCL	0.75	1085
GCL	1.26	2292
GCL	1.76	3308
GCL	2.26	4107
GCL	2.76	6041
GCL	3.27	7105
GCL	3.77	9055
GCL	4.27	9816
GCL	4.77	11523
GCL	5.28	12412
GCL	5.78	14017
GCL	6.28	14678
GCL	6.78	15648
GCL	7.29	16977
GCL	7.79	18193
GCL	8.29	18736
GCL	8.79	19559
GCL	9.30	20487
GCL	10.05	21825
GCL	10.80	22962
GCL	11.31	24867
GCL	12.06	27004
GCL	12.81	29208
GCL	13.32	32936
GCL	13.82	35194
GCL	14.32	37599
GCL	14.82	44432
GCL	15.33	48754
GCL	15.83	59728
GCL	16.33	66301
GCL	16.83	84819
GCL	17.34	96090
GCL	17.84	125032
GCL	18.34	143609
GCL	18.84	164606
GCL	19.35	217085
GCL	19.85	286769
GCL	20.35	329708
GCL	20.85	377916
GCL	21.36	490812
GCL	22.11	631330
GCL	22.86	800461
GCL	23.37	1002153
GCL	24.12	1234694
GCL	24.87	1500165
GCL	25.38	1795159
GCL	25.88	1963108
GCL	26.38	2111722
GCL	26.88	2451011
GCL	27.39	2640533
GCL	27.89	2999319
GCL	28.39	3167734
GCL	28.89	3533549
GCL	29.40	3727339
GCL	29.90	4082104
GCL	30.40	4241123
GCL	30.90	4421405
GCL	31.41	4739708
GCL	31.91	5035581
GCL	32.41	5163111
GCL	32.91	5310447
GCL	33.42	5559734
GCL	33.92	5787573
GCL	34.42	5908094
GCL	34.92	6004398
GCL	35.43	6200763
GCL	35.93	6423980
GCL	36.43	6554604
GCL	36.93	6663713
GCL	37.44	6902194
GCL	37.94	7036547
GCL	38.44	7292312
GCL	38.94	7394271
GCL	39.45	7524087
GCL	39.95	7691144
GCL	40.45	7768871
GCL	40.95	7749874
GCL	41.46	7726578
GCL	41.96	7561970
GCL	42.71	7312993
GCL	43.47	7022599
GCL	43.97	6735798
GCL	44.72	6489409
GCL	45.48	6347898
GCL	45.98	6230978
GCL	46.48	6169474
GCL	46.98	6107068
GCL	47.49	5962383
GCL	47.99	5789620
GCL	48.49	5673062
GCL	48.99	5558672
GCL	49.50	5328606
GCL	50.00	5198417
GCL	50.50	4990254
GCL	51.01	4905984
GCL	51.51	4813592
GCL	52.01	4655110
GCL	52.51	4479565
GCL	53.02	4375595
GCL	53.52	4247719
GCL	54.02	4009718
GCL	54.77	3734301
GCL	55.53	3441238
GCL	56.03	3132358
GCL	56.78	2863360
GCL	57.54	2684156
GCL	58.04	2520447
GCL	58.54	2449022
GCL	59.05	2371061
GCL	59.55	2217221
GCL	60.05	2056907
GCL	60.55	2001544
GCL	61.06	1935869
GCL	61.56	1810841
GCL	62.06	1694410
GCL	62.56	1475866
GCL	63.07	1363677
GCL	63.57	1255960
GCL	64.07	1120987
GCL	64.57	1065345
GCL	65.08	1048212
GCL	65.58	1013657
GCL	66.08	947880
GCL	66.58	905319
GCL	67.09	853173
GCL	67.59	819953
GCL	68.09	690479
GCL	68.59	553923
GCL	69.10	503416
GCL	69.60	456538
GCL	70.10	391390
GCL	70.60	360518
GCL	71.11	306963
GCL	71.61	285694
GCL	72.11	241158
GCL	72.61	218639
GCL	73.12	184601
GCL	73.62	172450
GCL	74.12	158081
GCL	74.62	136910
GCL	75.38	121781
GCL	76.13	108010
GCL	76.63	99469
GCL	77.39	91767
GCL	78.14	85504
GCL	78.64	78483
GCL	79.15	74474
GCL	79.65	71402
GCL	80.15	62432
GCL	80.65	50770
GCL	81.16	44768
GCL	81.66	40948
GCL	82.16	34009
GCL	82.66	31116
GCL	83.17	26817
GCL	83.67	25470
GCL	84.17	23074
GCL	84.67	21728
GCL	85.18	20641
GCL	85.68	20062
GCL	86.18	19492
GCL	86.68	18653
GCL	87.44	18587
GCL	88.19	17801
GCL	88.69	17710
GCL	89.45	17384
GCL	90.20	17367
GCL	90.70	17113
GCL	91.21	17117
GCL	91.71	16839
GCL	92.21	16790
GCL	92.71	16885
GCL	93.22	16962
GCL	93.72	17098
GCL	94.22	17086
GCL	94.72	16874
GCL	95.23	17450
GCL	95.73	17898
GCL	96.23	18815
GCL	96.73	19539
GCL	97.24	21813
GCL	97.74	23570
GCL	98.24	25647
GCL	98.74	31644
GCL	99.50	47803
# ACGT content per cycle. Use `grep ^GCC | cut -f 2-` to extract this part. The columns are: cycle; A,C,G,T base counts as a percentage of all A/C/G/T bases [%]; and N and O counts as a percentage of all A/C/G/T bases [%]
GCC	1	29.53	20.45	20.44	29.57	0.00	0.00
GCC	2	29.31	20.66	20.67	29.36	0.00	0.00
GCC	3	28.97	21.00	21.01	29.02	0.00	0.00
GCC	4	28.55	21.42	21.42	28.60	0.00	0.00
GCC	5	28.78	21.19	21.20	28.83	0.00	0.00
GCC	6	28.41	21.57	21.57	28.45	0.00	0.00
GCC	7	28.57	21.41	21.40	28.61	0.00	0.00
GCC	8	28.59	21.39	21.39	28.63	0.00	0.00
GCC	9	28.61	21.38	21.37	28.64	0.00	0.00
GCC	10	28.51	21.47	21.47	28.56	0.00	0.00
GCC	11	28.59	21.40	21.39	28.63	0.00	0.00
GCC	12	28.65	21.34	21.33	28.69	0.00	0.00
GCC	13	28.73	21.26	21.25	28.76	0.00	0.00
GCC	14	28.74	21.25	21.24	28.77	0.00	0.00
GCC	15	28.72	21.27	21.26	28.75	0.00	0.00
GCC	16	28.69	21.30	21.29	28.72	0.00	0.00
GCC	17	28.66	21.34	21.32	28.68	0.00	0.00
GCC	18	28.60	21.40	21.37	28.63	0.00	0.00
GCC	19	28.62	21.38	21.36	28.65	0.00	0.00
GCC	20	28.54	21.46	21.44	28.56	0.00	0.00
GCC	21	28.52	21.47	21.45	28.55	0.00	0.00
GCC	22	28.53	21.47	21.44	28.55	0.00	0.00
GCC	23	28.50	21.50	21.48	28.53	0.00	0.00
GCC	24	28.51	21.48	21.46	28.54	0.00	0.00
GCC	25	28.49	21.52	21.50	28.50	0.00	0.00
GCC	26	28.46	21.54	21.52	28.48	0.00	0.00
GCC	27	28.47	21.54	21.51	28.49	0.00	0.00
GCC	28	28.42	21.57	21.56	28.45	0.00	0.00
GCC	29	28.44	21.56	21.54	28.46	0.00	0.00
GCC	30	28.40	21.60	21.58	28.42	0.00	0.00
GCC	31	28.40	21.59	21.58	28.43	0.00	0.00
GCC	32	28.40	21.60	21.58	28.42	0.00	0.00
GCC	33	28.40	21.59	21.57	28.43	0.01	0.00
GCC	34	28.38	21.62	21.59	28.40	0.00	0.00
GCC	35	28.40	21.60	21.57	28.42	0.00	0.00
GCC	36	28.40	21.60	21.58	28.42	0.00	0.00
GCC	37	28.38	21.62	21.60	28.40	0.00	0.00
GCC	38	28.42	21.59	21.56	28.43	0.00	0.00
GCC	39	28.39	21.62	21.59	28.40	0.00	0.00
GCC	40	28.39	21.62	21.59	28.40	0.00	0.00
GCC	41	28.37	21.64	21.61	28.38	0.02	0.00
GCC	42	28.37	21.62	21.61	28.39	0.00	0.00
GCC	43	28.37	21.64	21.61	28.38	0.00	0.00
GCC	44	28.40	21.60	21.57	28.42	0.00	0.00
GCC	45	28.38	21.63	21.61	28.39	0.00	0.00
GCC	46	28.36	21.65	21.62	28.38	0.00	0.00
GCC	47	28.37	21.63	21.61	28.39	0.00	0.00
GCC	48	28.38	21.63	21.60	28.39	0.00	0.00
GCC	49	28.36	21.65	21.62	28.38	0.00	0.00
GCC	50	28.39	21.61	21.59	28.41	0.00	0.00
GCC	51	28.36	21.65	21.63	28.36	0.00	0.00
GCC	52	28.36	21.65	21.62	28.37	0.00	0.00
GCC	53	28.37	21.63	21.62	28.38	0.00	0.00
GCC	54	28.36	21.64	21.62	28.38	0.00	0.00
GCC	55	28.38	21.63	21.60	28.39	0.00	0.00
GCC	56	28.37	21.63	21.61	28.38	0.00	0.00
GCC	57	28.35	21.66	21.63	28.36	0.00	0.00
GCC	58	28.34	21.67	21.64	28.35	0.00	0.00
GCC	59	28.37	21.64	21.61	28.38	0.00	0.00
GCC	60	28.36	21.65	21.63	28.36	0.00	0.00
GCC	61	28.35	21.66	21.64	28.36	0.01	0.00
GCC	62	28.37	21.64	21.61	28.38	0.00	0.00
GCC	63	28.34	21.66	21.64	28.35	0.00	0.00
GCC	64	28.34	21.67	21.65	28.34	0.00	0.00
GCC	65	28.36	21.65	21.62	28.37	0.00	0.00
GCC	66	28.34	21.67	21.64	28.35	0.00	0.00
GCC	67	28.35	21.66	21.63	28.36	0.00	0.00
GCC	68	28.34	21.66	21.64	28.35	0.00	0.00
GCC	69	28.33	21.68	21.65	28.34	0.00	0.00
GCC	70	28.35	21.65	21.63	28.36	0.00	0.00
GCC	71	28.34	21.66	21.64	28.36	0.00	0.00
GCC	72	28.34	21.67	21.65	28.35	0.00	0.00
GCC	73	28.34	21.67	21.64	28.35	0.00	0.00
GCC	74	28.35	21.67	21.64	28.35	0.00	0.00
GCC	75	28.35	21.66	21.64	28.36	0.00	0.00
GCC	76	28.34	21.67	21.64	28.35	0.00	0.00
GCC	77	28.34	21.67	21.64	28.35	0.00	0.00
GCC	78	28.34	21.66	21.64	28.35	0.00	0.00
GCC	79	28.33	21.67	21.65	28.35	0.00	0.00
GCC	80	28.32	21.68	21.66	28.33	0.00	0.00
GCC	81	28.33	21.68	21.66	28.34	0.00	0.00
GCC	82	28.33	21.68	21.65	28.34	0.00	0.00
GCC	83	28.33	21.68	21.66	28.34	0.00	0.00
GCC	84	28.32	21.69	21.67	28.33	0.00	0.00
GCC	85	28.32	21.69	21.66	28.33	0.00	0.00
GCC	86	28.33	21.68	21.65	28.34	0.00	0.00
GCC	87	28.32	21.68	21.66	28.34	0.00	0.00
GCC	88	28.31	21.70	21.66	28.33	0.00	0.00
GCC	89	28.31	21.69	21.67	28.33	0.00	0.00
GCC	90	28.31	21.70	21.67	28.32	0.00	0.00
GCC	91	28.30	21.70	21.68	28.31	0.00	0.00
GCC	92	28.31	21.70	21.68	28.32	0.00	0.00
GCC	93	28.33	21.68	21.65	28.34	0.00	0.00
GCC	94	28.32	21.69	21.66	28.33	0.00	0.00
GCC	95	28.31	21.70	21.67	28.32	0.00	0.00
GCC	96	28.31	21.69	21.67	28.33	0.00	0.00
GCC	97	28.32	21.69	21.66	28.33	0.00	0.00
GCC	98	28.33	21.67	21.65	28.34	0.00	0.00
GCC	99	28.32	21.69	21.67	28.33	0.00	0.00
GCC	100	28.31	21.70	21.67	28.32	0.00	0.00
GCC	101	28.31	21.70	21.68	28.31	0.00	0.00
GCC	102	28.32	21.69	21.67	28.32	0.00	0.00
GCC	103	28.30	21.71	21.69	28.30	0.00	0.00
GCC	104	28.31	21.70	21.67	28.32	0.00	0.00
GCC	105	28.30	21.71	21.68	28.31	0.00	0.00
GCC	106	28.31	21.70	21.67	28.31	0.00	0.00
GCC	107	28.33	21.68	21.65	28.34	0.00	0.00
GCC	108	28.31	21.70	21.67	28.32	0.00	0.00
GCC	109	28.31	21.70	21.67	28.32	0.00	0.00
GCC	110	28.31	21.70	21.67	28.32	0.00	0.00
GCC	111	28.30	21.71	21.68	28.31	0.00	0.00
GCC	112	28.30	21.71	21.68	28.31	0.00	0.00
GCC	113	28.30	21.72	21.68	28.30	0.00	0.00
GCC	114	28.29	21.72	21.69	28.30	0.00	0.00
GCC	115	28.30	21.71	21.68	28.31	0.00	0.00
GCC	116	28.31	21.70	21.67	28.32	0.00	0.00
GCC	117	28.29	21.72	21.70	28.29	0.00	0.00
GCC	118	28.29	21.72	21.68	28.31	0.00	0.00
GCC	119	28.31	21.71	21.67	28.32	0.00	0.00
GCC	120	28.31	21.71	21.67	28.31	0.00	0.00
GCC	121	28.29	21.72	21.69	28.30	0.00	0.00
GCC	122	28.30	21.71	21.68	28.31	0.00	0.00
GCC	123	28.30	21.71	21.67	28.31	0.00	0.00
GCC	124	28.29	21.72	21.69	28.30	0.00	0.00
GCC	125	28.30	21.72	21.68	28.31	0.00	0.00
GCC	126	28.29	21.72	21.69	28.30	0.00	0.00
GCC	127	28.27	21.74	21.70	28.28	0.00	0.00
GCC	128	28.29	21.72	21.68	28.30	0.00	0.00
GCC	129	28.28	21.72	21.70	28.30	0.00	0.00
GCC	130	28.29	21.73	21.69	28.30	0.00	0.00
GCC	131	28.28	21.74	21.70	28.28	0.00	0.00
GCC	132	28.28	21.74	21.70	28.28	0.00	0.00
GCC	133	28.28	21.73	21.70	28.29	0.00	0.00
GCC	134	28.27	21.74	21.70	28.29	0.00	0.00
GCC	135	28.27	21.74	21.71	28.28	0.00	0.00
GCC	136	28.26	21.75	21.71	28.27	0.00	0.00
GCC	137	28.26	21.75	21.72	28.27	0.00	0.00
GCC	138	28.26	21.75	21.72	28.27	0.00	0.00
GCC	139	28.27	21.75	21.71	28.28	0.00	0.00
GCC	140	28.27	21.75	21.70	28.28	0.00	0.00
GCC	141	28.27	21.75	21.71	28.27	0.00	0.00
GCC	142	28.25	21.75	21.73	28.27	0.00	0.00
GCC	143	28.25	21.75	21.73	28.27	0.00	0.00
GCC	144	28.25	21.75	21.73	28.27	0.00	0.00
GCC	145	28.25	21.75	21.74	28.26	0.00	0.00
GCC	146	28.25	21.75	21.73	28.27	0.00	0.00
GCC	147	28.24	21.76	21.75	28.25	0.00	0.00
GCC	148	28.23	21.77	21.75	28.24	0.00	0.00
GCC	149	28.23	21.77	21.75	28.25	0.00	0.00
GCC	150	28.23	21.77	21.75	28.25	0.03	0.00
# ACGT content per cycle, read oriented. Use `grep ^GCT | cut -f 2-` to extract this part. The columns are: cycle; A,C,G,T base counts as a percentage of all A/C/G/T bases [%]
GCT	1	30.46	22.58	18.32	28.64
GCT	2	30.40	20.14	21.19	28.27
GCT	3	29.11	21.01	20.99	28.88
GCT	4	28.28	21.42	21.42	28.88
GCT	5	28.63	20.54	21.86	28.98
GCT	6	28.80	21.18	21.96	28.06
GCT	7	28.61	20.71	22.10	28.58
GCT	8	28.57	21.25	21.53	28.65
GCT	9	28.31	21.37	21.38	28.94
GCT	10	28.54	21.41	21.52	28.53
GCT	11	28.54	21.40	21.38	28.68
GCT	12	28.72	21.35	21.31	28.62
GCT	13	28.83	21.19	21.32	28.66
GCT	14	28.81	21.16	21.33	28.70
GCT	15	28.73	21.25	21.28	28.73
GCT	16	28.67	21.16	21.43	28.75
GCT	17	28.66	21.25	21.41	28.68
GCT	18	28.60	21.40	21.37	28.63
GCT	19	28.54	21.30	21.44	28.72
GCT	20	28.52	21.40	21.50	28.58
GCT	21	28.60	21.42	21.51	28.48
GCT	22	28.56	21.44	21.47	28.53
GCT	23	28.46	21.53	21.44	28.57
GCT	24	28.52	21.45	21.50	28.53
GCT	25	28.47	21.44	21.57	28.52
GCT	26	28.44	21.49	21.57	28.50
GCT	27	28.43	21.50	21.54	28.52
GCT	28	28.44	21.56	21.58	28.43
GCT	29	28.47	21.52	21.58	28.44
GCT	30	28.41	21.53	21.65	28.41
GCT	31	28.44	21.53	21.64	28.39
GCT	32	28.46	21.57	21.60	28.36
GCT	33	28.45	21.50	21.66	28.38
GCT	34	28.44	21.52	21.69	28.35
GCT	35	28.47	21.51	21.67	28.36
GCT	36	28.44	21.49	21.69	28.38
GCT	37	28.44	21.51	21.71	28.34
GCT	38	28.50	21.49	21.66	28.35
GCT	39	28.47	21.53	21.67	28.33
GCT	40	28.50	21.54	21.67	28.29
GCT	41	28.45	21.56	21.69	28.30
GCT	42	28.40	21.58	21.65	28.37
GCT	43	28.45	21.61	21.64	28.30
GCT	44	28.52	21.55	21.63	28.30
GCT	45	28.43	21.56	21.67	28.33
GCT	46	28.46	21.61	21.65	28.28
GCT	47	28.47	21.56	21.68	28.29
GCT	48	28.45	21.52	21.71	28.32
GCT	49	28.44	21.55	21.71	28.29
GCT	50	28.48	21.50	21.70	28.32
GCT	51	28.46	21.59	21.69	28.26
GCT	52	28.47	21.58	21.69	28.26
GCT	53	28.47	21.55	21.70	28.28
GCT	54	28.45	21.55	21.71	28.29
GCT	55	28.51	21.54	21.69	28.26
GCT	56	28.50	21.54	21.71	28.26
GCT	57	28.45	21.57	21.72	28.26
GCT	58	28.47	21.59	21.71	28.23
GCT	59	28.47	21.55	21.70	28.28
GCT	60	28.46	21.58	21.70	28.27
GCT	61	28.46	21.59	21.71	28.25
GCT	62	28.47	21.53	21.72	28.28
GCT	63	28.45	21.56	21.75	28.24
GCT	64	28.48	21.56	21.76	28.20
GCT	65	28.47	21.54	21.73	28.26
GCT	66	28.46	21.55	21.75	28.24
GCT	67	28.49	21.56	21.74	28.22
GCT	68	28.47	21.56	21.75	28.23
GCT	69	28.44	21.62	21.71	28.23
GCT	70	28.48	21.57	21.72	28.23
GCT	71	28.46	21.53	21.77	28.24
GCT	72	28.45	21.58	21.74	28.23
GCT	73	28.48	21.58	21.73	28.22
GCT	74	28.50	21.57	21.73	28.19
GCT	75	28.50	21.57	21.72	28.21
GCT	76	28.47	21.55	21.76	28.23
GCT	77	28.45	21.54	21.76	28.24
GCT	78	28.45	21.57	21.73	28.24
GCT	79	28.47	21.54	21.78	28.21
GCT	80	28.45	21.54	21.80	28.21
GCT	81	28.47	21.54	21.79	28.19
GCT	82	28.48	21.54	21.80	28.18
GCT	83	28.47	21.55	21.78	28.19
GCT	84	28.44	21.57	21.78	28.21
GCT	85	28.47	21.56	21.79	28.19
GCT	86	28.48	21.58	21.76	28.19
GCT	87	28.44	21.56	21.78	28.22
GCT	88	28.43	21.54	21.81	28.21
GCT	89	28.47	21.55	21.81	28.18
GCT	90	28.45	21.58	21.79	28.18
GCT	91	28.43	21.59	21.80	28.19
GCT	92	28.43	21.59	21.79	28.19
GCT	93	28.46	21.52	21.81	28.20
GCT	94	28.46	21.53	21.82	28.19
GCT	95	28.43	21.58	21.79	28.20
GCT	96	28.46	21.58	21.78	28.18
GCT	97	28.47	21.57	21.79	28.17
GCT	98	28.48	21.55	21.78	28.20
GCT	99	28.42	21.54	21.82	28.22
GCT	100	28.44	21.57	21.80	28.18
GCT	101	28.46	21.57	21.81	28.16
GCT	102	28.46	21.58	21.79	28.18
GCT	103	28.43	21.60	21.80	28.17
GCT	104	28.45	21.56	21.80	28.18
GCT	105	28.45	21.55	21.84	28.16
GCT	106	28.46	21.55	21.83	28.16
GCT	107	28.47	21.51	21.83	28.20
GCT	108	28.46	21.54	21.83	28.18
GCT	109	28.47	21.53	21.84	28.16
GCT	110	28.46	21.53	21.83	28.17
GCT	111	28.45	21.55	21.83	28.17
GCT	112	28.47	21.56	21.83	28.13
GCT	113	28.49	21.58	21.81	28.12
GCT	114	28.46	21.61	21.80	28.14
GCT	115	28.46	21.57	21.82	28.15
GCT	116	28.48	21.51	21.85	28.16
GCT	117	28.44	21.55	21.87	28.14
GCT	118	28.46	21.56	21.85	28.14
GCT	119	28.46	21.55	21.83	28.16
GCT	120	28.45	21.54	21.85	28.16
GCT	121	28.46	21.55	21.86	28.14
GCT	122	28.46	21.54	21.85	28.15
GCT	123	28.44	21.56	21.83	28.17
GCT	124	28.46	21.56	21.85	28.13
GCT	125	28.45	21.55	21.84	28.15
GCT	126	28.43	21.57	21.84	28.16
GCT	127	28.43	21.58	21.86	28.13
GCT	128	28.45	21.54	21.87	28.15
GCT	129	28.44	21.55	21.87	28.14
GCT	130	28.46	21.52	21.89	28.13
GCT	131	28.45	21.55	21.90	28.10
GCT	132	28.45	21.55	21.89	28.11
GCT	133	28.43	21.55	21.88	28.14
GCT	134	28.44	21.57	21.87	28.12
GCT	135	28.45	21.57	21.88	28.10
GCT	136	28.44	21.57	21.90	28.10
GCT	137	28.42	21.56	21.91	28.11
GCT	138	28.43	21.56	21.90	28.11
GCT	139	28.45	21.54	21.91	28.10
GCT	140	28.44	21.50	21.94	28.11
GCT	141	28.42	21.53	21.93	28.12
GCT	142	28.41	21.59	21.89	28.11
GCT	143	28.42	21.60	21.88	28.10
GCT	144	28.41	21.58	21.89	28.12
GCT	145	28.41	21.58	21.91	28.10
GCT	146	28.41	21.59	21.89	28.11
GCT	147	28.39	21.60	21.91	28.10
GCT	148	28.38	21.61	21.92	28.09
GCT	149	28.39	21.57	21.95	28.10
GCT	150	28.41	21.55	21.97	28.07
# ACGT content per cycle for first fragments. Use `grep ^FBC | cut -f 2-` to extract this part. The columns are: cycle; A,C,G,T base counts as a percentage of all A/C/G/T bases [%]; and N and O counts as a percentage of all A/C/G/T bases [%]
FBC	1	29.48	20.49	20.50	29.53	0.00	0.00
FBC	2	29.35	20.62	20.62	29.40	0.00	0.00
FBC	3	29.06	20.91	20.92	29.12	0.01	0.00
FBC	4	28.70	21.28	21.28	28.74	0.00	0.00
FBC	5	28.84	21.13	21.14	28.89	0.00	0.00
FBC	6	28.52	21.46	21.47	28.56	0.00	0.00
FBC	7	28.67	21.31	21.31	28.71	0.00	0.00
FBC	8	28.65	21.33	21.34	28.69	0.00	0.00
FBC	9	28.66	21.31	21.32	28.70	0.00	0.00
FBC	10	28.55	21.42	21.43	28.60	0.00	0.00
FBC	11	28.64	21.33	21.34	28.69	0.00	0.00
FBC	12	28.69	21.28	21.29	28.74	0.00	0.00
FBC	13	28.76	21.22	21.22	28.80	0.00	0.00
FBC	14	28.77	21.20	21.21	28.82	0.00	0.00
FBC	15	28.74	21.23	21.24	28.79	0.00	0.00
FBC	16	28.73	21.24	21.25	28.77	0.00	0.00
FBC	17	28.69	21.29	21.29	28.73	0.00	0.00
FBC	18	28.62	21.36	21.35	28.67	0.00	0.00
FBC	19	28.63	21.34	21.35	28.68	0.00	0.00
FBC	20	28.55	21.42	21.42	28.60	0.00	0.00
FBC	21	28.54	21.43	21.44	28.59	0.00	0.00
FBC	22	28.55	21.43	21.44	28.58	0.00	0.00
FBC	23	28.52	21.45	21.46	28.56	0.00	0.00
FBC	24	28.53	21.44	21.45	28.58	0.00	0.00
FBC	25	28.50	21.47	21.49	28.54	0.00	0.00
FBC	26	28.48	21.49	21.50	28.53	0.00	0.00
FBC	27	28.48	21.49	21.50	28.53	0.00	0.00
FBC	28	28.43	21.53	21.55	28.48	0.00	0.00
FBC	29	28.46	21.52	21.53	28.50	0.00	0.00
FBC	30	28.41	21.56	21.57	28.46	0.00	0.00
FBC	31	28.41	21.56	21.57	28.46	0.00	0.00
FBC	32	28.42	21.55	21.57	28.46	0.00	0.00
FBC	33	28.42	21.55	21.56	28.47	0.01	0.00
FBC	34	28.39	21.58	21.59	28.44	0.00	0.00
FBC	35	28.42	21.56	21.56	28.46	0.00	0.00
FBC	36	28.41	21.56	21.58	28.46	0.00	0.00
FBC	37	28.38	21.58	21.59	28.44	0.00	0.00
FBC	38	28.42	21.54	21.56	28.48	0.00	0.00
FBC	39	28.40	21.58	21.58	28.43	0.00	0.00
FBC	40	28.39	21.58	21.59	28.43	0.00	0.00
FBC	41	28.38	21.60	21.61	28.42	0.04	0.00
FBC	42	28.38	21.59	21.61	28.42	0.00	0.00
FBC	43	28.37	21.60	21.61	28.41	0.00	0.00
FBC	44	28.41	21.56	21.58	28.45	0.00	0.00
FBC	45	28.38	21.59	21.60	28.42	0.00	0.00
FBC	46	28.36	21.61	21.61	28.41	0.00	0.00
FBC	47	28.38	21.59	21.60	28.43	0.00	0.00
FBC	48	28.38	21.59	21.60	28.43	0.00	0.00
FBC	49	28.36	21.61	21.62	28.41	0.00	0.00
FBC	50	28.40	21.58	21.59	28.44	0.00	0.00
FBC	51	28.36	21.61	21.63	28.40	0.00	0.00
FBC	52	28.36	21.61	21.63	28.41	0.00	0.00
FBC	53	28.37	21.60	21.61	28.42	0.00	0.00
FBC	54	28.36	21.61	21.62	28.41	0.00	0.00
FBC	55	28.38	21.59	21.60	28.42	0.00	0.00
FBC	56	28.38	21.60	21.61	28.42	0.00	0.00
FBC	57	28.35	21.62	21.63	28.40	0.00	0.00
FBC	58	28.34	21.63	21.64	28.39	0.00	0.00
FBC	59	28.37	21.60	21.61	28.42	0.00	0.00
FBC	60	28.36	21.62	21.63	28.39	0.00	0.00
FBC	61	28.34	21.63	21.64	28.39	0.02	0.00
FBC	62	28.37	21.61	21.61	28.41	0.00	0.00
FBC	63	28.34	21.63	21.64	28.39	0.00	0.00
FBC	64	28.33	21.64	21.65	28.37	0.00	0.00
FBC	65	28.37	21.61	21.62	28.40	0.00	0.00
FBC	66	28.34	21.63	21.64	28.39	0.00	0.00
FBC	67	28.35	21.63	21.64	28.39	0.00	0.00
FBC	68	28.34	21.63	21.64	28.39	0.00	0.00
FBC	69	28.33	21.64	21.65	28.37	0.00	0.00
FBC	70	28.35	21.62	21.64	28.39	0.00	0.00
FBC	71	28.34	21.62	21.65	28.39	0.00	0.00
FBC	72	28.34	21.63	21.65	28.38	0.00	0.00
FBC	73	28.34	21.64	21.64	28.38	0.00	0.00
FBC	74	28.35	21.63	21.64	28.39	0.00	0.00
FBC	75	28.34	21.62	21.64	28.40	0.00	0.00
FBC	76	28.34	21.63	21.64	28.39	0.00	0.00
FBC	77	28.34	21.63	21.64	28.38	0.00	0.00
FBC	78	28.34	21.63	21.64	28.39	0.00	0.00
FBC	79	28.33	21.64	21.65	28.38	0.00	0.00
FBC	80	28.32	21.65	21.66	28.37	0.00	0.00
FBC	81	28.33	21.64	21.66	28.37	0.00	0.00
FBC	82	28.33	21.65	21.66	28.37	0.00	0.00
FBC	83	28.33	21.64	21.66	28.38	0.00	0.00
FBC	84	28.32	21.65	21.67	28.37	0.00	0.00
FBC	85	28.32	21.66	21.66	28.36	0.00	0.00
FBC	86	28.32	21.64	21.66	28.37	0.00	0.00
FBC	87	28.32	21.65	21.66	28.37	0.00	0.00
FBC	88	28.30	21.66	21.67	28.36	0.00	0.00
FBC	89	28.31	21.65	21.67	28.36	0.00	0.00
FBC	90	28.31	21.66	21.67	28.36	0.00	0.00
FBC	91	28.30	21.67	21.69	28.34	0.00	0.00
FBC	92	28.31	21.66	21.68	28.35	0.00	0.00
FBC	93	28.32	21.64	21.66	28.37	0.00	0.00
FBC	94	28.32	21.65	21.67	28.36	0.00	0.00
FBC	95	28.31	21.66	21.68	28.35	0.00	0.00
FBC	96	28.31	21.65	21.67	28.36	0.00	0.00
FBC	97	28.31	21.66	21.67	28.36	0.00	0.00
FBC	98	28.33	21.63	21.66	28.38	0.00	0.00
FBC	99	28.32	21.65	21.67	28.37	0.00	0.00
FBC	100	28.31	21.66	21.68	28.35	0.00	0.00
FBC	101	28.31	21.67	21.68	28.34	0.00	0.00
FBC	102	28.32	21.65	21.67	28.35	0.00	0.00
FBC	103	28.29	21.67	21.69	28.34	0.00	0.00
FBC	104	28.31	21.66	21.68	28.35	0.00	0.00
FBC	105	28.30	21.67	21.68	28.34	0.00	0.00
FBC	106	28.31	21.67	21.68	28.35	0.00	0.00
FBC	107	28.33	21.64	21.65	28.38	0.00	0.00
FBC	108	28.31	21.66	21.67	28.36	0.00	0.00
FBC	109	28.31	21.66	21.68	28.35	0.00	0.00
FBC	110	28.31	21.66	21.67	28.37	0.00	0.00
FBC	111	28.30	21.67	21.68	28.35	0.00	0.00
FBC	112	28.30	21.67	21.68	28.35	0.00	0.00
FBC	113	28.31	21.67	21.68	28.34	0.00	0.00
FBC	114	28.30	21.67	21.69	28.34	0.00	0.00
FBC	115	28.30	21.67	21.68	28.34	0.00	0.00
FBC	116	28.32	21.65	21.67	28.36	0.00	0.00
FBC	117	28.29	21.68	21.70	28.34	0.00	0.00
FBC	118	28.29	21.68	21.69	28.34	0.00	0.00
FBC	119	28.31	21.66	21.67	28.36	0.00	0.00
FBC	120	28.31	21.67	21.68	28.35	0.00	0.00
FBC	121	28.29	21.68	21.69	28.34	0.00	0.00
FBC	122	28.30	21.67	21.68	28.34	0.00	0.00
FBC	123	28.30	21.67	21.68	28.34	0.00	0.00
FBC	124	28.29	21.68	21.69	28.34	0.00	0.00
FBC	125	28.30	21.67	21.68	28.35	0.00	0.00
FBC	126	28.29	21.68	21.69	28.34	0.00	0.00
FBC	127	28.28	21.69	21.70	28.32	0.00	0.00
FBC	128	28.30	21.67	21.68	28.35	0.00	0.00
FBC	129	28.29	21.68	21.69	28.34	0.00	0.00
FBC	130	28.29	21.68	21.69	28.34	0.00	0.00
FBC	131	28.29	21.69	21.69	28.33	0.00	0.00
FBC	132	28.28	21.69	21.70	28.33	0.00	0.00
FBC	133	28.29	21.69	21.69	28.34	0.00	0.00
FBC	134	28.28	21.69	21.69	28.33	0.00	0.00
FBC	135	28.28	21.69	21.71	28.32	0.00	0.00
FBC	136	28.27	21.70	21.70	28.32	0.00	0.00
FBC	137	28.27	21.70	21.71	28.32	0.00	0.00
FBC	138	28.28	21.70	21.71	28.32	0.00	0.00
FBC	139	28.27	21.70	21.70	28.33	0.00	0.00
FBC	140	28.28	21.69	21.69	28.33	0.00	0.00
FBC	141	28.28	21.70	21.70	28.32	0.00	0.00
FBC	142	28.28	21.69	21.70	28.33	0.00	0.00
FBC	143	28.28	21.69	21.70	28.32	0.00	0.00
FBC	144	28.28	21.70	21.70	28.33	0.00	0.00
FBC	145	28.27	21.70	21.71	28.31	0.00	0.00
FBC	146	28.28	21.69	21.70	28.32	0.00	0.00
FBC	147	28.26	21.71	21.72	28.31	0.00	0.00
FBC	148	28.26	21.72	21.72	28.30	0.00	0.00
FBC	149	28.27	21.71	21.72	28.31	0.00	0.00
FBC	150	28.26	21.71	21.72	28.30	0.00	0.00
# ACGT raw counters for first fragments. Use `grep ^FTC | cut -f 2-` to extract this part. The columns are: A,C,G,T,N base counters
FTC	12115408663	9205241922	9210058830	12134651258	272577
# ACGT content per cycle for last fragments. Use `grep ^LBC | cut -f 2-` to extract this part. The columns are: cycle; A,C,G,T base counts as a percentage of all A/C/G/T bases [%]; and N and O counts as a percentage of all A/C/G/T bases [%]
LBC	1	29.58	20.42	20.39	29.62	0.00	0.00
LBC	2	29.27	20.70	20.71	29.31	0.00	0.00
LBC	3	28.88	21.09	21.10	28.93	0.00	0.00
LBC	4	28.41	21.57	21.56	28.46	0.00	0.00
LBC	5	28.72	21.26	21.26	28.76	0.00	0.00
LBC	6	28.31	21.68	21.67	28.35	0.00	0.00
LBC	7	28.47	21.51	21.49	28.52	0.00	0.00
LBC	8	28.54	21.45	21.43	28.57	0.00	0.00
LBC	9	28.56	21.44	21.42	28.59	0.00	0.00
LBC	10	28.47	21.52	21.50	28.51	0.00	0.00
LBC	11	28.54	21.46	21.43	28.57	0.00	0.00
LBC	12	28.61	21.39	21.36	28.64	0.00	0.00
LBC	13	28.70	21.31	21.27	28.72	0.00	0.00
LBC	14	28.71	21.30	21.27	28.72	0.00	0.00
LBC	15	28.69	21.32	21.28	28.71	0.00	0.00
LBC	16	28.66	21.35	21.32	28.67	0.00	0.00
LBC	17	28.63	21.39	21.35	28.64	0.00	0.00
LBC	18	28.58	21.44	21.38	28.60	0.00	0.00
LBC	19	28.60	21.42	21.37	28.61	0.00	0.00
LBC	20	28.52	21.50	21.45	28.52	0.00	0.00
LBC	21	28.51	21.51	21.47	28.51	0.00	0.00
LBC	22	28.52	21.50	21.45	28.53	0.00	0.00
LBC	23	28.48	21.54	21.49	28.49	0.00	0.00
LBC	24	28.50	21.53	21.47	28.50	0.00	0.00
LBC	25	28.47	21.56	21.50	28.46	0.00	0.00
LBC	26	28.44	21.59	21.53	28.44	0.00	0.00
LBC	27	28.45	21.58	21.52	28.45	0.00	0.00
LBC	28	28.41	21.61	21.57	28.41	0.00	0.00
LBC	29	28.43	21.60	21.55	28.42	0.00	0.00
LBC	30	28.38	21.64	21.59	28.39	0.00	0.00
LBC	31	28.39	21.63	21.58	28.40	0.00	0.00
LBC	32	28.39	21.65	21.59	28.38	0.00	0.00
LBC	33	28.39	21.64	21.58	28.39	0.00	0.00
LBC	34	28.38	21.66	21.59	28.37	0.00	0.00
LBC	35	28.39	21.65	21.58	28.38	0.00	0.00
LBC	36	28.39	21.64	21.58	28.38	0.00	0.00
LBC	37	28.38	21.66	21.60	28.36	0.00	0.00
LBC	38	28.41	21.63	21.57	28.39	0.00	0.00
LBC	39	28.38	21.65	21.59	28.37	0.00	0.00
LBC	40	28.39	21.65	21.60	28.37	0.00	0.00
LBC	41	28.36	21.67	21.62	28.34	0.00	0.00
LBC	42	28.37	21.66	21.61	28.35	0.00	0.00
LBC	43	28.37	21.67	21.61	28.35	0.00	0.00
LBC	44	28.40	21.64	21.57	28.38	0.00	0.00
LBC	45	28.37	21.67	21.61	28.35	0.00	0.00
LBC	46	28.36	21.68	21.62	28.34	0.00	0.00
LBC	47	28.37	21.67	21.61	28.35	0.00	0.00
LBC	48	28.38	21.66	21.60	28.36	0.00	0.00
LBC	49	28.36	21.68	21.62	28.34	0.00	0.00
LBC	50	28.39	21.65	21.59	28.37	0.00	0.00
LBC	51	28.36	21.68	21.63	28.33	0.00	0.00
LBC	52	28.36	21.68	21.62	28.34	0.00	0.00
LBC	53	28.37	21.67	21.62	28.34	0.00	0.00
LBC	54	28.36	21.68	21.62	28.35	0.00	0.00
LBC	55	28.38	21.67	21.60	28.36	0.00	0.00
LBC	56	28.37	21.67	21.61	28.35	0.00	0.00
LBC	57	28.35	21.70	21.63	28.33	0.00	0.00
LBC	58	28.35	21.70	21.63	28.32	0.00	0.00
LBC	59	28.37	21.68	21.61	28.35	0.00	0.00
LBC	60	28.36	21.68	21.63	28.33	0.00	0.00
LBC	61	28.35	21.69	21.63	28.33	0.00	0.00
LBC	62	28.37	21.67	21.61	28.35	0.00	0.00
LBC	63	28.34	21.70	21.64	28.32	0.00	0.00
LBC	64	28.34	21.70	21.64	28.32	0.00	0.00
LBC	65	28.36	21.68	21.63	28.33	0.00	0.00
LBC	66	28.34	21.70	21.64	28.32	0.00	0.00
LBC	67	28.35	21.69	21.63	28.33	0.00	0.00
LBC	68	28.34	21.70	21.64	28.32	0.00	0.00
LBC	69	28.33	21.72	21.65	28.30	0.00	0.00
LBC	70	28.36	21.69	21.62	28.33	0.00	0.00
LBC	71	28.35	21.70	21.64	28.32	0.00	0.00
LBC	72	28.34	21.70	21.64	28.32	0.00	0.00
LBC	73	28.35	21.70	21.63	28.32	0.00	0.00
LBC	74	28.35	21.70	21.63	28.32	0.00	0.00
LBC	75	28.35	21.69	21.63	28.33	0.00	0.00
LBC	76	28.35	21.70	21.63	28.32	0.00	0.00
LBC	77	28.34	21.70	21.64	28.31	0.00	0.00
LBC	78	28.34	21.70	21.64	28.32	0.00	0.00
LBC	79	28.34	21.70	21.64	28.31	0.00	0.00
LBC	80	28.32	21.72	21.66	28.29	0.00	0.00
LBC	81	28.33	21.72	21.65	28.30	0.00	0.00
LBC	82	28.33	21.72	21.65	28.30	0.00	0.00
LBC	83	28.32	21.72	21.66	28.30	0.00	0.00
LBC	84	28.31	21.73	21.66	28.30	0.00	0.00
LBC	85	28.33	21.72	21.65	28.30	0.00	0.00
LBC	86	28.33	21.72	21.65	28.30	0.00	0.00
LBC	87	28.33	21.71	21.66	28.30	0.00	0.00
LBC	88	28.32	21.73	21.66	28.29	0.00	0.00
LBC	89	28.31	21.73	21.66	28.30	0.00	0.00
LBC	90	28.31	21.73	21.67	28.29	0.00	0.00
LBC	91	28.31	21.74	21.67	28.28	0.00	0.00
LBC	92	28.31	21.74	21.67	28.28	0.00	0.00
LBC	93	28.34	21.72	21.65	28.30	0.00	0.00
LBC	94	28.32	21.72	21.66	28.29	0.00	0.00
LBC	95	28.31	21.74	21.67	28.28	0.00	0.00
LBC	96	28.31	21.73	21.67	28.29	0.00	0.00
LBC	97	28.32	21.73	21.66	28.30	0.00	0.00
LBC	98	28.33	21.71	21.65	28.31	0.00	0.00
LBC	99	28.31	21.73	21.67	28.29	0.00	0.00
LBC	100	28.31	21.73	21.67	28.29	0.00	0.00
LBC	101	28.31	21.74	21.67	28.28	0.00	0.00
LBC	102	28.32	21.73	21.67	28.28	0.00	0.00
LBC	103	28.30	21.75	21.68	28.27	0.00	0.00
LBC	104	28.32	21.74	21.66	28.28	0.00	0.00
LBC	105	28.29	21.75	21.68	28.28	0.00	0.00
LBC	106	28.31	21.74	21.67	28.28	0.00	0.00
LBC	107	28.32	21.72	21.65	28.30	0.00	0.00
LBC	108	28.31	21.74	21.66	28.29	0.00	0.00
LBC	109	28.31	21.74	21.67	28.28	0.00	0.00
LBC	110	28.31	21.74	21.67	28.28	0.00	0.00
LBC	111	28.30	21.74	21.67	28.28	0.00	0.00
LBC	112	28.30	21.76	21.68	28.27	0.00	0.00
LBC	113	28.30	21.76	21.68	28.27	0.00	0.00
LBC	114	28.29	21.76	21.68	28.26	0.00	0.00
LBC	115	28.30	21.75	21.67	28.27	0.00	0.00
LBC	116	28.31	21.74	21.67	28.29	0.00	0.00
LBC	117	28.29	21.77	21.69	28.25	0.00	0.00
LBC	118	28.29	21.76	21.68	28.27	0.00	0.00
LBC	119	28.30	21.76	21.67	28.27	0.00	0.00
LBC	120	28.30	21.75	21.67	28.27	0.00	0.00
LBC	121	28.29	21.76	21.68	28.26	0.00	0.00
LBC	122	28.30	21.75	21.67	28.27	0.00	0.00
LBC	123	28.30	21.76	21.67	28.27	0.00	0.00
LBC	124	28.30	21.76	21.68	28.26	0.00	0.00
LBC	125	28.30	21.76	21.68	28.26	0.00	0.00
LBC	126	28.29	21.77	21.69	28.26	0.00	0.00
LBC	127	28.27	21.79	21.70	28.24	0.00	0.00
LBC	128	28.28	21.77	21.69	28.26	0.00	0.00
LBC	129	28.28	21.77	21.70	28.26	0.00	0.00
LBC	130	28.28	21.77	21.69	28.25	0.00	0.00
LBC	131	28.27	21.79	21.71	28.23	0.00	0.00
LBC	132	28.27	21.79	21.71	28.23	0.00	0.00
LBC	133	28.27	21.78	21.70	28.25	0.00	0.00
LBC	134	28.26	21.79	21.70	28.24	0.00	0.00
LBC	135	28.27	21.79	21.71	28.24	0.00	0.00
LBC	136	28.25	21.80	21.72	28.23	0.00	0.00
LBC	137	28.25	21.80	21.73	28.22	0.00	0.00
LBC	138	28.25	21.80	21.72	28.23	0.00	0.00
LBC	139	28.26	21.79	21.71	28.24	0.00	0.00
LBC	140	28.25	21.80	21.71	28.24	0.00	0.00
LBC	141	28.25	21.80	21.72	28.22	0.00	0.00
LBC	142	28.21	21.85	21.77	28.17	0.00	0.00
LBC	143	28.19	21.85	21.79	28.17	0.00	0.00
LBC	144	28.21	21.84	21.77	28.18	0.00	0.00
LBC	145	28.20	21.85	21.77	28.17	0.00	0.00
LBC	146	28.20	21.86	21.77	28.17	0.00	0.00
LBC	147	28.19	21.86	21.79	28.16	0.00	0.00
LBC	148	28.18	21.88	21.80	28.15	0.00	0.00
LBC	149	28.17	21.88	21.80	28.15	0.00	0.00
LBC	150	28.18	21.88	21.80	28.15	0.08	0.00
# ACGT raw counters for last fragments. Use `grep ^LTC | cut -f 2-` to extract this part. The columns are: A,C,G,T,N base counters
LTC	11795821122	9002706731	8977389828	11789644386	157273
# Insert sizes. Use `grep ^IS | cut -f 2-` to extract this part. The columns are: insert size, pairs total, inward oriented pairs, outward oriented pairs, other pairs
IS	0	1601	0	38	1563
IS	1	489	0	57	432
IS	2	259	0	96	163
IS	3	179	0	101	78
IS	4	156	0	105	51
IS	5	165	0	113	52
IS	6	172	0	137	35
IS	7	195	0	165	30
IS	8	212	0	180	32
IS	9	240	0	208	32
IS	10	247	0	221	26
IS	11	238	0	218	20
IS	12	299	0	279	20
IS	13	268	0	245	23
IS	14	316	0	294	22
IS	15	356	0	334	22
IS	16	346	0	323	23
IS	17	368	0	352	16
IS	18	375	0	359	16
IS	19	3082	1217	1852	13
IS	20	2417	954	1445	18
IS	21	1561	560	993	8
IS	22	1105	384	704	17
IS	23	777	194	576	7
IS	24	740	156	572	12
IS	25	806	197	601	8
IS	26	781	182	585	14
IS	27	879	198	668	13
IS	28	885	245	625	15
IS	29	922	246	666	10
IS	30	1015	288	709	18
IS	31	1002	219	766	17
IS	32	957	255	697	5
IS	33	890	258	622	10
IS	34	946	288	647	11
IS	35	970	273	687	10
IS	36	1059	322	727	10
IS	37	1056	303	744	9
IS	38	1160	348	795	17
IS	39	1456	412	1025	19
IS	40	1408	495	894	19
IS	41	1537	540	980	17
IS	42	1851	639	1192	20
IS	43	1742	615	1116	11
IS	44	1919	708	1193	18
IS	45	1946	757	1175	14
IS	46	1949	736	1198	15
IS	47	2057	844	1200	13
IS	48	2119	815	1292	12
IS	49	2397	952	1427	18
IS	50	2608	1059	1519	30
IS	51	2635	1047	1575	13
IS	52	2903	1184	1707	12
IS	53	2853	1122	1714	17
IS	54	2921	1165	1732	24
IS	55	3231	1306	1876	49
IS	56	3263	1378	1860	25
IS	57	3161	1259	1896	6
IS	58	3289	1389	1889	11
IS	59	3355	1413	1934	8
IS	60	3618	1514	2093	11
IS	61	3453	1447	2002	4
IS	62	3677	1517	2148	12
IS	63	3643	1509	2123	11
IS	64	3766	1620	2133	13
IS	65	4239	1842	2389	8
IS	66	4191	1740	2440	11
IS	67	4208	1765	2428	15
IS	68	4206	1863	2332	11
IS	69	5003	2001	2995	7
IS	70	4671	1982	2680	9
IS	71	4917	2106	2809	2
IS	72	4612	2000	2605	7
IS	73	5006	2197	2800	9
IS	74	4914	2218	2688	8
IS	75	4986	2170	2809	7
IS	76	5184	2308	2871	5
IS	77	5278	2269	3002	7
IS	78	5687	2439	3242	6
IS	79	4930	2202	2719	9
IS	80	5086	2280	2797	9
IS	81	4951	2287	2658	6
IS	82	5356	2428	2915	13
IS	83	5296	2457	2829	10
IS	84	5352	2429	2916	7
IS	85	5681	2562	3110	9
IS	86	5444	2459	2973	12
IS	87	6227	2823	3395	9
IS	88	5771	2600	3163	8
IS	89	5698	2558	3135	5
IS	90	5348	2494	2848	6
IS	91	5154	2415	2729	10
IS	92	5118	2524	2585	9
IS	93	4660	2257	2394	9
IS	94	5078	2443	2630	5
IS	95	5017	2427	2586	4
IS	96	5240	2423	2807	10
IS	97	5468	2656	2808	4
IS	98	5531	2665	2859	7
IS	99	5969	2815	3149	5
IS	100	5923	2901	3016	6
IS	101	5835	2785	3045	5
IS	102	5945	2903	3034	8
IS	103	6096	2881	3208	7
IS	104	6755	3139	3611	5
IS	105	6378	3019	3350	9
IS	106	6699	3283	3413	3
IS	107	6299	3094	3203	2
IS	108	7143	3604	3529	10
IS	109	6314	3080	3228	6
IS	110	6550	3344	3205	1
IS	111	6417	3207	3201	9
IS	112	8017	4304	3706	7
IS	113	7425	3853	3568	4
IS	114	6859	3648	3196	15
IS	115	6206	3052	3147	7
IS	116	6246	3087	3153	6
IS	117	6107	3077	3019	11
IS	118	6299	3121	3170	8
IS	119	6970	3515	3451	4
IS	120	6854	3491	3354	9
IS	121	7424	3856	3565	3
IS	122	6570	3301	3258	11
IS	123	6119	3046	3068	5
IS	124	6042	3031	3005	6
IS	125	5907	3064	2839	4
IS	126	6318	3331	2981	6
IS	127	6317	3326	2983	8
IS	128	6331	3290	3032	9
IS	129	6377	3298	3074	5
IS	130	6615	3488	3124	3
IS	131	6645	3562	3074	9
IS	132	6697	3509	3185	3
IS	133	6676	3479	3192	5
IS	134	7160	3751	3405	4
IS	135	7427	4143	3276	8
IS	136	7095	3697	3392	6
IS	137	7046	3808	3234	4
IS	138	6947	3618	3319	10
IS	139	6691	3308	3376	7
IS	140	6821	3073	3740	8
IS	141	7015	4055	2954	6
IS	142	7110	4041	3067	2
IS	143	7787	4524	3257	6
IS	144	7344	4220	3116	8
IS	145	7644	4520	3118	6
IS	146	7811	4543	3260	8
IS	147	7715	4367	3345	3
IS	148	7824	4322	3497	5
IS	149	8488	4174	4306	8
IS	150	8422	5472	2944	6
IS	151	8315	8192	116	7
IS	152	8556	8493	58	5
IS	153	8288	8244	42	2
IS	154	8210	8168	39	3
IS	155	8367	8338	24	5
IS	156	8595	8570	20	5
IS	157	8770	8746	19	5
IS	158	8745	8724	16	5
IS	159	9363	9331	24	8
IS	160	9099	9081	14	4
IS	161	9409	9381	22	6
IS	162	9527	9500	18	9
IS	163	9711	9688	18	5
IS	164	9994	9974	15	5
IS	165	10405	10385	15	5
IS	166	10744	10718	23	3
IS	167	10751	10728	17	6
IS	168	11119	11103	13	3
IS	169	11430	11418	8	4
IS	170	11583	11561	13	9
IS	171	12034	12019	10	5
IS	172	12557	12541	12	4
IS	173	12810	12782	16	12
IS	174	13210	13191	9	10
IS	175	13507	13494	10	3
IS	176	14087	14066	10	11
IS	177	14156	14139	10	7
IS	178	14495	14479	9	7
IS	179	15164	15149	12	3
IS	180	15477	15463	8	6
IS	181	16308	16285	12	11
IS	182	16536	16518	10	8
IS	183	17228	17210	11	7
IS	184	17747	17721	17	9
IS	185	18101	18076	17	8
IS	186	18683	18656	15	12
IS	187	19994	19968	18	8
IS	188	20227	20207	13	7
IS	189	20810	20802	4	4
IS	190	21540	21524	6	10
IS	191	22254	22232	14	8
IS	192	23172	23158	7	7
IS	193	23917	23896	6	15
IS	194	24892	24868	11	13
IS	195	25421	25403	12	6
IS	196	26795	26777	11	7
IS	197	27576	27566	7	3
IS	198	28454	28434	11	9
IS	199	29509	29490	11	8
IS	200	30566	30539	12	15
IS	201	31645	31626	11	8
IS	202	32477	32460	8	9
IS	203	34412	34395	13	4
IS	204	35413	35398	9	6
IS	205	37176	37163	7	6
IS	206	38141	38127	8	6
IS	207	39907	39891	7	9
IS	208	41086	41055	12	19
IS	209	42850	42834	12	4
IS	210	44723	44696	15	12
IS	211	45631	45607	12	12
IS	212	47702	47683	15	4
IS	213	48896	48873	12	11
IS	214	51173	51157	8	8
IS	215	52576	52560	8	8
IS	216	54329	54300	15	14
IS	217	56918	56908	4	6
IS	218	58974	58947	14	13
IS	219	61266	61249	11	6
IS	220	62636	62620	9	7
IS	221	65051	65038	8	5
IS	222	67702	67683	13	6
IS	223	70152	70139	8	5
IS	224	72879	72864	13	2
IS	225	75219	75192	14	13
IS	226	77639	77621	10	8
IS	227	79848	79817	20	11
IS	228	83326	83308	12	6
IS	229	86238	86224	6	8
IS	230	90045	90027	8	10
IS	231	92264	92251	8	5
IS	232	95862	95846	9	7
IS	233	98391	98373	10	8
IS	234	102508	102484	17	7
IS	235	105947	105928	12	7
IS	236	109531	109509	15	7
IS	237	113739	113722	8	9
IS	238	117679	117657	7	15
IS	239	121765	121743	11	11
IS	240	125457	125444	9	4
IS	241	129701	129693	5	3
IS	242	134377	134353	10	14
IS	243	138091	138070	18	3
IS	244	142020	142003	7	10
IS	245	146788	146763	7	18
IS	246	151891	151873	11	7
IS	247	156863	156839	13	11
IS	248	161906	161888	11	7
IS	249	168157	168130	11	16
IS	250	173453	173440	4	9
IS	251	178393	178379	5	9
IS	252	184729	184704	13	12
IS	253	190019	189999	11	9
IS	254	196913	196904	3	6
IS	255	202684	202667	6	11
IS	256	208909	208885	7	17
IS	257	214821	214810	7	4
IS	258	221737	221721	7	9
IS	259	228940	228929	7	4
IS	260	236765	236741	8	16
IS	261	243503	243487	4	12
IS	262	251468	251449	10	9
IS	263	258082	258063	11	8
IS	264	265627	265608	7	12
IS	265	273485	273462	13	10
IS	266	280778	280756	12	10
IS	267	288233	288211	11	11
IS	268	296717	296706	6	5
IS	269	305057	305029	17	11
IS	270	314697	314669	12	16
IS	271	323608	323591	11	6
IS	272	334626	334610	7	9
IS	273	343328	343312	7	9
IS	274	352037	352017	12	8
IS	275	360912	360895	9	8
IS	276	369938	369917	13	8
IS	277	379968	379945	9	14
IS	278	389063	389048	7	8
IS	279	400729	400714	5	10
IS	280	410968	410946	11	11
IS	281	423058	423040	6	12
IS	282	432715	432699	8	8
IS	283	445399	445377	11	11
IS	284	456171	456155	8	8
IS	285	466125	466107	10	8
IS	286	477503	477483	8	12
IS	287	487504	487489	6	9
IS	288	500997	500974	8	15
IS	289	513293	513272	15	6
IS	290	523710	523688	11	11
IS	291	537784	537768	11	5
IS	292	551789	551763	11	15
IS	293	563222	563198	12	12
IS	294	577087	577073	6	8
IS	295	588520	588509	6	5
IS	296	602412	602392	4	16
IS	297	612971	612955	7	9
IS	298	626888	626872	2	14
IS	299	640388	640376	6	6
IS	300	652667	652647	10	10
IS	301	668761	668740	11	10
IS	302	681979	681956	9	14
IS	303	697649	697630	10	9
IS	304	709439	709418	12	9
IS	305	724076	724048	10	18
IS	306	736580	736566	7	7
IS	307	747850	747830	7	13
IS	308	762773	762763	5	5
IS	309	775350	775330	7	13
IS	310	789014	788996	7	11
IS	311	805976	805956	14	6
IS	312	821791	821770	11	10
IS	313	836935	836919	9	7
IS	314	851501	851475	6	20
IS	315	865182	865158	13	11
IS	316	876981	876966	5	10
IS	317	891675	891658	6	11
IS	318	903016	902997	8	11
IS	319	915333	915326	3	4
IS	320	929174	929156	8	10
IS	321	942219	942192	14	13
IS	322	957346	957336	7	3
IS	323	973285	973261	11	13
IS	324	984916	984895	8	13
IS	325	998492	998473	13	6
IS	326	1011641	1011618	13	10
IS	327	1023328	1023307	9	12
IS	328	1031483	1031458	11	14
IS	329	1044165	1044152	4	9
IS	330	1055620	1055610	6	4
IS	331	1068669	1068648	7	14
IS	332	1082761	1082738	6	17
IS	333	1094036	1094013	9	14
IS	334	1105941	1105916	13	12
IS	335	1120287	1120272	9	6
IS	336	1130301	1130283	11	7
IS	337	1137722	1137701	13	8
IS	338	1147162	1147142	8	12
IS	339	1155917	1155902	8	7
IS	340	1163800	1163778	11	11
IS	341	1176623	1176607	6	10
IS	342	1185771	1185759	10	2
IS	343	1198800	1198781	11	8
IS	344	1209381	1209368	5	8
IS	345	1218775	1218750	8	17
IS	346	1226559	1226546	5	8
IS	347	1230747	1230728	6	13
IS	348	1238979	1238966	8	5
IS	349	1243124	1243107	8	9
IS	350	1252906	1252874	10	22
IS	351	1259632	1259599	22	11
IS	352	1269709	1269688	10	11
IS	353	1273676	1273653	12	11
IS	354	1282738	1282720	8	10
IS	355	1290534	1290506	4	24
IS	356	1295937	1295882	12	43
IS	357	1302448	1302432	6	10
IS	358	1307316	1307276	14	26
IS	359	1310936	1310918	11	7
IS	360	1313536	1313510	13	13
IS	361	1314876	1314853	10	13
IS	362	1321994	1321970	8	16
IS	363	1325993	1325974	5	14
IS	364	1330104	1330088	9	7
IS	365	1338191	1338171	8	12
IS	366	1341239	1341220	11	8
IS	367	1342774	1342760	5	9
IS	368	1347797	1347778	8	11
IS	369	1346466	1346449	10	7
IS	370	1347215	1347188	21	6
IS	371	1347107	1347085	13	9
IS	372	1352199	1352168	21	10
IS	373	1354071	1353987	79	5
IS	374	1354517	1354491	15	11
IS	375	1361642	1361627	8	7
IS	376	1362575	1362552	17	6
IS	377	1361280	1361252	17	11
IS	378	1362845	1362830	6	9
IS	379	1360224	1360210	10	4
IS	380	1356437	1356410	13	14
IS	381	1357028	1357010	14	4
IS	382	1354631	1354615	7	9
IS	383	1355941	1355920	12	9
IS	384	1356284	1356269	11	4
IS	385	1352417	1352393	14	10
IS	386	1357377	1357339	33	5
IS	387	1356638	1356526	106	6
IS	388	1354735	1354697	30	8
IS	389	1352715	1352669	34	12
IS	390	1346657	1346628	24	5
IS	391	1343878	1343796	63	19
IS	392	1340166	1340129	14	23
IS	393	1338094	1338056	18	20
IS	394	1333843	1333769	38	36
IS	395	1335581	1335519	41	21
IS	396	1335193	1335151	30	12
IS	397	1331668	1331649	15	4
IS	398	1330980	1330956	13	11
IS	399	1323887	1323866	11	10
IS	400	1320567	1320535	16	16
IS	401	1315866	1315839	9	18
IS	402	1309246	1309211	11	24
IS	403	1302583	1302551	18	14
IS	404	1302188	1302161	8	19
IS	405	1299696	1299650	10	36
IS	406	1296891	1296863	14	14
IS	407	1293960	1293933	9	18
IS	408	1288134	1288089	7	38
IS	409	1281765	1281742	11	12
IS	410	1276916	1276897	7	12
IS	411	1270263	1270242	8	13
IS	412	1261630	1261610	11	9
IS	413	1256097	1256085	6	6
IS	414	1251096	1251080	9	7
IS	415	1247631	1247601	13	17
IS	416	1245116	1245084	11	21
IS	417	1238753	1238713	18	22
IS	418	1233374	1233336	14	24
IS	419	1227707	1227650	17	40
IS	420	1222695	1222641	4	50
IS	421	1214780	1214745	18	17
IS	422	1206369	1206343	8	18
IS	423	1197468	1197448	11	9
IS	424	1191661	1191643	4	14
IS	425	1185835	1185811	11	13
IS	426	1183312	1183290	11	11
IS	427	1175768	1175748	12	8
IS	428	1170225	1170202	11	12
IS	429	1162867	1162819	31	17
IS	430	1156928	1156876	43	9
IS	431	1147894	1147861	20	13
IS	432	1137802	1137772	18	12
IS	433	1132105	1132078	11	16
IS	434	1124053	1124021	19	13
IS	435	1115006	1114989	13	4
IS	436	1110672	1110644	17	11
IS	437	1102586	1102563	14	9
IS	438	1096592	1096575	9	8
IS	439	1090600	1090589	7	4
IS	440	1083203	1083190	5	8
IS	441	1075756	1075740	7	9
IS	442	1067334	1067317	9	8
IS	443	1055464	1055446	7	11
IS	444	1047034	1047021	6	7
IS	445	1036506	1036496	4	6
IS	446	1033848	1033838	6	4
IS	447	1027656	1027649	4	3
IS	448	1021090	1021075	5	10
IS	449	1013849	1013836	10	3
IS	450	1003697	1003681	6	10
IS	451	997057	997041	9	7
IS	452	987997	987983	7	7
IS	453	978136	978118	5	13
IS	454	966870	966853	6	11
IS	455	960774	960759	5	10
IS	456	953329	953319	5	5
IS	457	942352	942340	5	7
IS	458	939040	939018	7	15
IS	459	928982	928968	6	8
IS	460	922025	922005	6	14
IS	461	914496	914487	3	6
IS	462	905616	905604	8	4
IS	463	897907	897893	3	11
IS	464	888997	888977	15	5
IS	465	879277	879264	10	3
IS	466	870671	870661	3	7
IS	467	865536	865524	7	5
IS	468	856186	856178	3	5
IS	469	849029	849019	5	5
IS	470	841178	841163	5	10
IS	471	832909	832901	3	5
IS	472	824240	824228	11	1
IS	473	813722	813713	5	4
IS	474	805285	805270	5	10
IS	475	797443	797428	7	8
IS	476	788044	788028	5	11
IS	477	780873	780860	8	5
IS	478	773811	773794	8	9
IS	479	765680	765665	4	11
IS	480	758118	758097	11	10
IS	481	752345	752337	2	6
IS	482	741003	740992	5	6
IS	483	733280	733267	3	10
IS	484	724724	724707	9	8
IS	485	718555	718533	4	18
IS	486	708166	708137	3	26
IS	487	699606	699557	6	43
IS	488	693313	693280	11	22
IS	489	685102	685064	15	23
IS	490	679804	679786	5	13
IS	491	670588	670570	6	12
IS	492	664849	664840	4	5
IS	493	655017	654995	9	13
IS	494	645611	645598	3	10
IS	495	639373	639353	4	16
IS	496	629284	629273	2	9
IS	497	619859	619842	9	8
IS	498	613784	613776	5	3
IS	499	602988	602981	4	3
IS	500	600020	600004	8	8
IS	501	591993	591984	4	5
IS	502	583197	583186	7	4
IS	503	575874	575864	1	9
IS	504	567795	567786	3	6
IS	505	558713	558699	4	10
IS	506	552090	552083	3	4
IS	507	542164	542158	5	1
IS	508	535431	535409	12	10
IS	509	527001	526988	7	6
IS	510	518325	518312	6	7
IS	511	515293	515279	10	4
IS	512	507894	507881	9	4
IS	513	500039	500027	9	3
IS	514	494147	494134	8	5
IS	515	486677	486676	1	0
IS	516	478827	478819	1	7
IS	517	471232	471211	8	13
IS	518	466141	466124	7	10
IS	519	459639	459625	6	8
IS	520	455241	455229	6	6
IS	521	446499	446486	8	5
IS	522	441719	441710	4	5
IS	523	436136	436117	11	8
IS	524	429191	429176	7	8
IS	525	421923	421915	6	2
IS	526	417908	417889	15	4
IS	527	411809	411797	7	5
IS	528	404873	404861	6	6
IS	529	398887	398876	7	4
IS	530	393025	393014	8	3
IS	531	387333	387318	7	8
IS	532	382171	382159	7	5
IS	533	375970	375960	7	3
IS	534	371466	371453	7	6
IS	535	365714	365698	9	7
IS	536	358766	358751	12	3
IS	537	354520	354514	4	2
IS	538	348728	348711	8	9
IS	539	343076	343065	6	5
IS	540	337234	337219	9	6
IS	541	333342	333329	7	6
IS	542	328208	328195	8	5
IS	543	324239	324227	9	3
IS	544	319352	319335	7	10
IS	545	313426	313417	4	5
IS	546	309008	309000	5	3
IS	547	303926	303910	9	7
IS	548	300206	300196	5	5
IS	549	294970	294955	10	5
IS	550	290021	290012	3	6
IS	551	286244	286227	9	8
IS	552	281534	281522	6	6
IS	553	277333	277321	9	3
IS	554	272659	272645	7	7
IS	555	268430	268418	7	5
IS	556	265194	265182	9	3
IS	557	259390	259375	6	9
IS	558	254642	254620	9	13
IS	559	249537	249524	7	6
IS	560	245741	245727	10	4
IS	561	242557	242543	7	7
IS	562	238127	238120	1	6
IS	563	235240	235229	7	4
IS	564	230633	230615	8	10
IS	565	225997	225991	4	2
IS	566	223561	223547	8	6
IS	567	218564	218551	8	5
IS	568	216096	216090	5	1
IS	569	211331	211315	8	8
IS	570	208409	208395	8	6
IS	571	204184	204171	6	7
IS	572	201784	201765	8	11
IS	573	198584	198575	7	2
IS	574	194235	194227	6	2
IS	575	191792	191781	2	9
IS	576	187723	187714	4	5
IS	577	185021	185009	6	6
IS	578	181238	181231	4	3
IS	579	178496	178489	2	5
IS	580	175241	175221	11	9
IS	581	172535	172520	9	6
IS	582	169300	169290	5	5
IS	583	165667	165658	4	5
IS	584	164402	164393	6	3
IS	585	161579	161567	8	4
IS	586	159748	159738	5	5
IS	587	156072	156063	3	6
IS	588	154227	154220	2	5
IS	589	150392	150387	3	2
IS	590	148387	148372	10	5
IS	591	145622	145613	5	4
IS	592	143229	143217	9	3
IS	593	141702	141689	6	7
IS	594	138718	138706	5	7
IS	595	136552	136540	6	6
IS	596	134404	134398	5	1
IS	597	131956	131948	3	5
IS	598	130597	130578	9	10
IS	599	127138	127131	7	0
IS	600	125176	125169	4	3
IS	601	122599	122591	5	3
IS	602	120074	120066	4	4
IS	603	118867	118858	5	4
IS	604	116658	116641	11	6
IS	605	114187	114177	7	3
IS	606	112231	112225	6	0
IS	607	110778	110768	7	3
IS	608	109199	109191	5	3
IS	609	106526	106515	5	6
IS	610	104792	104784	5	3
IS	611	104023	104018	4	1
IS	612	101116	101105	4	7
IS	613	99325	99313	6	6
IS	614	97909	97904	2	3
IS	615	96339	96334	4	1
IS	616	95202	95193	6	3
IS	617	92893	92888	1	4
IS	618	92154	92142	10	2
IS	619	89950	89944	4	2
IS	620	88202	88188	6	8
IS	621	86488	86475	5	8
IS	622	85310	85306	1	3
IS	623	84297	84286	8	3
IS	624	81869	81858	2	9
IS	625	81348	81336	6	6
IS	626	79480	79475	3	2
IS	627	78467	78456	4	7
IS	628	77720	77713	6	1
IS	629	75555	75546	3	6
IS	630	74852	74843	4	5
IS	631	73615	73608	5	2
IS	632	72283	72279	2	2
IS	633	70687	70676	2	9
IS	634	70017	70006	7	4
IS	635	68470	68455	6	9
IS	636	66772	66766	4	2
IS	637	65493	65476	7	10
IS	638	64892	64883	4	5
IS	639	64065	64046	7	12
IS	640	63493	63485	2	6
IS	641	61920	61914	6	0
IS	642	60700	60686	6	8
IS	643	59830	59823	3	4
IS	644	58863	58857	0	6
IS	645	57996	57987	4	5
IS	646	57297	57290	4	3
IS	647	56145	56142	1	2
IS	648	54814	54804	3	7
IS	649	54138	54129	5	4
IS	650	53984	53980	2	2
IS	651	52099	52085	9	5
IS	652	51704	51695	5	4
IS	653	50592	50588	1	3
IS	654	49708	49695	4	9
IS	655	48766	48755	4	7
IS	656	48426	48412	2	12
IS	657	47478	47465	4	9
IS	658	46778	46772	3	3
IS	659	45804	45797	5	2
IS	660	45376	45361	5	10
IS	661	44187	44175	5	7
IS	662	43341	43331	5	5
IS	663	42829	42819	6	4
IS	664	42365	42349	7	9
IS	665	41791	41784	5	2
IS	666	40718	40707	4	7
IS	667	39865	39861	0	4
IS	668	39272	39261	5	6
IS	669	39278	39271	2	5
IS	670	38956	38946	4	6
IS	671	38037	38035	1	1
IS	672	36933	36925	2	6
IS	673	36603	36589	6	8
IS	674	36633	36626	6	1
IS	675	35591	35584	2	5
IS	676	35129	35124	3	2
IS	677	34748	34740	4	4
IS	678	34161	34153	2	6
IS	679	33751	33737	8	6
IS	680	32950	32934	6	10
IS	681	32496	32484	5	7
IS	682	32169	32155	8	6
IS	683	31477	31472	1	4
IS	684	30979	30969	2	8
IS	685	30651	30636	5	10
IS	686	30006	29998	4	4
IS	687	30107	30095	4	8
IS	688	29257	29247	5	5
IS	689	28622	28613	3	6
IS	690	28472	28463	5	4
IS	691	28312	28304	2	6
IS	692	27341	27324	5	12
# Read lengths. Use `grep ^RL | cut -f 2-` to extract this part. The columns are: read length, count
RL	141	122294840
RL	150	446585201
# Read lengths - first fragments. Use `grep ^FRL | cut -f 2-` to extract this part. The columns are: read length, count
FRL	150	284437555
# Read lengths - last fragments. Use `grep ^LRL | cut -f 2-` to extract this part. The columns are: read length, count
LRL	141	122294840
LRL	150	162147646
# Mapping qualities for reads !(UNMAP|SECOND|SUPPL|QCFAIL|DUP). Use `grep ^MAPQ | cut -f 2-` to extract this part. The columns are: mapq, count
MAPQ	0	46971200
MAPQ	1	397004
MAPQ	2	298219
MAPQ	3	405023
MAPQ	4	320795
MAPQ	5	306177
MAPQ	6	373223
MAPQ	7	402422
MAPQ	8	466781
MAPQ	9	455743
MAPQ	10	352784
MAPQ	11	347793
MAPQ	12	631156
MAPQ	13	644706
MAPQ	14	531296
MAPQ	15	492239
MAPQ	16	329752
MAPQ	17	352198
MAPQ	18	282810
MAPQ	19	332799
MAPQ	20	319544
MAPQ	21	315327
MAPQ	22	360327
MAPQ	23	218970
MAPQ	24	352968
MAPQ	25	482066
MAPQ	26	96439
MAPQ	27	1082752
MAPQ	28	106950
MAPQ	29	96263
MAPQ	30	282667
MAPQ	31	156671
MAPQ	32	164058
MAPQ	33	217243
MAPQ	34	123708
MAPQ	35	120067
MAPQ	36	161928
MAPQ	37	190007
MAPQ	38	97818
MAPQ	39	407078
MAPQ	40	8635126
MAPQ	41	455112
MAPQ	42	305721
MAPQ	43	634283
MAPQ	44	483555
MAPQ	45	802512
MAPQ	46	937133
MAPQ	47	443896
MAPQ	48	2142486
MAPQ	49	188892
MAPQ	50	376963
MAPQ	51	203030
MAPQ	52	460813
MAPQ	53	130751
MAPQ	54	201161
MAPQ	55	181305
MAPQ	56	176136
MAPQ	57	712335
MAPQ	58	258670
MAPQ	59	466778
MAPQ	60	489312891
# Indel distribution. Use `grep ^ID | cut -f 2-` to extract this part. The columns are: length, number of insertions, number of deletions
ID	1	6858845	6761567
ID	2	1978429	1961564
ID	3	853401	843303
ID	4	705026	705194
ID	5	306728	302698
ID	6	272456	276181
ID	7	119142	124509
ID	8	132979	141152
ID	9	81187	90648
ID	10	80474	95680
ID	11	41065	61060
ID	12	62004	68054
ID	13	30391	33086
ID	14	32968	38378
ID	15	19441	23944
ID	16	28257	30071
ID	17	13694	14139
ID	18	17143	19984
ID	19	9999	11939
ID	20	10831	14984
ID	21	7210	9836
ID	22	8903	22660
ID	23	7675	35200
ID	24	5795	9125
ID	25	4178	5364
ID	26	3848	5498
ID	27	2579	3912
ID	28	2792	4968
ID	29	1997	2785
ID	30	1965	3808
ID	31	1209	2220
ID	32	1214	2679
ID	33	910	1676
ID	34	1105	2606
ID	35	650	1241
ID	36	584	1339
ID	37	386	986
ID	38	364	1021
ID	39	223	674
ID	40	231	980
ID	41	147	578
ID	42	120	536
ID	43	78	562
ID	44	57	684
ID	45	12	1382
ID	46	6	1553
ID	47	2	334
ID	48	0	288
ID	49	0	204
ID	50	0	163
ID	51	0	209
ID	52	0	137
ID	53	0	158
ID	54	0	174
ID	55	0	92
ID	56	0	73
ID	57	0	68
ID	58	0	67
ID	59	0	70
ID	60	0	49
ID	61	0	41
ID	62	0	38
ID	63	0	36
ID	64	0	20
ID	65	0	13
ID	66	0	12
ID	67	0	5
ID	68	0	3
ID	69	0	5
ID	70	0	2
# Indels per cycle. Use `grep ^IC | cut -f 2-` to extract this part. The columns are: cycle, number of insertions (fwd), .. (rev) , number of deletions (fwd), .. (rev)
IC	1	3	4	6	2
IC	2	0	2	6	7
IC	3	3	1	14395	14643
IC	4	15376	15182	18617	18789
IC	5	19925	19969	20596	21471
IC	6	22376	22530	22894	23010
IC	7	24585	24980	25246	25215
IC	8	25670	26009	28833	29120
IC	9	28632	28954	30598	30906
IC	10	30975	30664	32014	32251
IC	11	32253	32650	33217	33182
IC	12	33374	33696	34158	34663
IC	13	34767	34070	35532	35923
IC	14	35549	35967	36520	36784
IC	15	37828	37457	37541	38659
IC	16	40137	39389	38962	38821
IC	17	42021	40915	39341	39806
IC	18	41616	40736	40627	40405
IC	19	41254	41992	40938	41780
IC	20	42275	43301	42308	42290
IC	21	43355	44352	42299	42919
IC	22	43348	44441	43160	43368
IC	23	43846	44807	43905	43905
IC	24	44175	45235	43851	43724
IC	25	44551	45727	43801	43967
IC	26	44785	45655	44284	44530
IC	27	44939	46415	44649	44445
IC	28	45030	47041	44670	45010
IC	29	45449	46979	45205	44964
IC	30	45617	47342	44778	44820
IC	31	45371	47046	45067	44454
IC	32	44921	47033	44574	44693
IC	33	45311	47568	45065	44804
IC	34	45254	46994	44786	44879
IC	35	45565	47445	45368	45384
IC	36	45268	47551	45488	45062
IC	37	45298	47718	45291	44907
IC	38	45190	46820	45376	45310
IC	39	45447	47838	45986	45550
IC	40	45596	47481	45497	45254
IC	41	45624	47938	45423	45282
IC	42	45548	48163	45249	45277
IC	43	46172	47824	46163	45069
IC	44	45879	47964	45648	44803
IC	45	45622	47388	45454	45316
IC	46	45670	48143	45979	45426
IC	47	45966	47563	46049	45678
IC	48	45855	47986	45319	45188
IC	49	45485	48015	46049	45673
IC	50	45742	48153	45709	45251
IC	51	46304	47733	45864	45390
IC	52	45300	47925	45737	45724
IC	53	46029	48428	45988	45812
IC	54	45903	48040	46009	45084
IC	55	45781	48099	45596	45692
IC	56	45919	48141	46082	45304
IC	57	45523	48135	46020	45365
IC	58	45163	47998	45914	45650
IC	59	45790	47841	45756	45295
IC	60	45539	47868	45917	44913
IC	61	45605	47793	45856	45427
IC	62	45603	48423	45983	45448
IC	63	45377	48058	45783	44975
IC	64	45498	47871	46026	45927
IC	65	45605	47598	45686	45158
IC	66	45773	47961	45986	45270
IC	67	45410	47527	46085	45343
IC	68	44705	48177	46040	45022
IC	69	45264	47883	46184	45183
IC	70	45345	47961	46337	45322
IC	71	44792	47716	46204	45487
IC	72	45332	48087	45787	45518
IC	73	45577	48246	45867	44955
IC	74	45218	47925	46028	45218
IC	75	45389	47604	45867	45045
IC	76	44917	47388	45529	45025
IC	77	44631	47397	45845	45061
IC	78	45179	47686	45827	44874
IC	79	44982	47288	45640	44505
IC	80	45216	47747	45859	44683
IC	81	45138	47399	45668	44422
IC	82	45213	47072	45547	44514
IC	83	45271	47206	45585	44914
IC	84	44772	47317	45375	44365
IC	85	44790	46907	45439	45048
IC	86	45062	47413	45158	44545
IC	87	44115	46951	45652	44737
IC	88	44383	47147	45260	44850
IC	89	44219	47088	45464	44443
IC	90	44522	46372	45346	44400
IC	91	44587	46126	45282	44313
IC	92	44553	46366	45461	44043
IC	93	44480	46173	45112	43735
IC	94	43588	46122	45086	44194
IC	95	43984	45635	45114	44327
IC	96	43999	46108	45117	44441
IC	97	44037	45508	44749	44378
IC	98	43555	46045	44853	44063
IC	99	43673	45238	44804	43787
IC	100	43644	45140	45006	43645
IC	101	43873	45656	45228	44218
IC	102	43877	45169	44611	43735
IC	103	43277	45143	44167	43807
IC	104	43070	45085	44518	42810
IC	105	43199	44300	44725	43515
IC	106	43341	44364	44552	43488
IC	107	43182	44162	44197	43311
IC	108	42852	43983	44204	42694
IC	109	42465	43158	44007	42773
IC	110	42531	43092	44149	42844
IC	111	42193	42714	43533	42459
IC	112	42382	42830	43462	42536
IC	113	42017	42519	43744	42078
IC	114	41327	42176	43620	41945
IC	115	41829	41580	43588	41691
IC	116	41889	41372	43050	41466
IC	117	41410	41018	42937	41131
IC	118	41395	40877	42755	41282
IC	119	40753	40098	42466	41137
IC	120	40499	39633	42097	40287
IC	121	40372	39582	42579	40083
IC	122	40208	38637	42436	39528
IC	123	39568	38205	41397	39375
IC	124	39297	37464	41451	38536
IC	125	39527	36750	40814	37985
IC	126	38762	35749	40674	37603
IC	127	38183	35074	40795	37148
IC	128	37613	34534	39939	36108
IC	129	36801	33368	39436	35612
IC	130	36753	32460	39233	34519
IC	131	36134	31671	38732	34057
IC	132	34787	30632	37549	33092
IC	133	34047	29232	37034	31740
IC	134	33389	27526	35856	30486
IC	135	32541	26078	35632	29426
IC	136	31605	25696	34367	28208
IC	137	30273	24049	33501	26708
IC	138	28793	23009	31762	23656
IC	139	27357	15399	30914	17338
IC	140	26108	14547	29798	16715
IC	141	24758	14431	28269	15834
IC	142	22969	12935	26880	15101
IC	143	20776	11665	24071	13582
IC	144	18660	10421	23132	12872
IC	145	17893	10165	21583	12399
IC	146	14671	8325	19352	11006
IC	147	14678	8561	13181	8017
IC	148	0	0	1	0
IC	149	0	0	1	0
# Coverage distribution. Use `grep ^COV | cut -f 2-` to extract this part.
COV	[1-1]	1	6737492
COV	[2-2]	2	5191636
COV	[3-3]	3	5042653
COV	[4-4]	4	5572575
COV	[5-5]	5	6626670
COV	[6-6]	6	8129617
COV	[7-7]	7	10033728
COV	[8-8]	8	12168836
COV	[9-9]	9	14372614
COV	[10-10]	10	16438619
COV	[11-11]	11	18256004
COV	[12-12]	12	19869278
COV	[13-13]	13	21504455
COV	[14-14]	14	23473084
COV	[15-15]	15	26229432
COV	[16-16]	16	30334177
COV	[17-17]	17	36047881
COV	[18-18]	18	43636263
COV	[19-19]	19	53218955
COV	[20-20]	20	64494869
COV	[21-21]	21	77142361
COV	[22-22]	22	90546234
COV	[23-23]	23	103886377
COV	[24-24]	24	116486718
COV	[25-25]	25	127482021
COV	[26-26]	26	136138213
COV	[27-27]	27	142095651
COV	[28-28]	28	144899464
COV	[29-29]	29	144599569
COV	[30-30]	30	141274580
COV	[31-31]	31	135297211
COV	[32-32]	32	127048218
COV	[33-33]	33	117124097
COV	[34-34]	34	106078510
COV	[35-35]	35	94514768
COV	[36-36]	36	82829014
COV	[37-37]	37	71450947
COV	[38-38]	38	60796533
COV	[39-39]	39	51016069
COV	[40-40]	40	42237804
COV	[41-41]	41	34528964
COV	[42-42]	42	27942957
COV	[43-43]	43	22365268
COV	[44-44]	44	17743409
COV	[45-45]	45	13942637
COV	[46-46]	46	10878502
COV	[47-47]	47	8453705
COV	[48-48]	48	6522967
COV	[49-49]	49	5025235
COV	[50-50]	50	3877960
COV	[51-51]	51	2992575
COV	[52-52]	52	2333386
COV	[53-53]	53	1826590
COV	[54-54]	54	1452668
COV	[55-55]	55	1167854
COV	[56-56]	56	955351
COV	[57-57]	57	799919
COV	[58-58]	58	678860
COV	[59-59]	59	585652
COV	[60-60]	60	515580
COV	[61-61]	61	460421
COV	[62-62]	62	419339
COV	[63-63]	63	383558
COV	[64-64]	64	356201
COV	[65-65]	65	331993
COV	[66-66]	66	311266
COV	[67-67]	67	294317
COV	[68-68]	68	277350
COV	[69-69]	69	262991
COV	[70-70]	70	249145
COV	[71-71]	71	234174
COV	[72-72]	72	222063
COV	[73-73]	73	212631
COV	[74-74]	74	200986
COV	[75-75]	75	189585
COV	[76-76]	76	180211
COV	[77-77]	77	172825
COV	[78-78]	78	165271
COV	[79-79]	79	157004
COV	[80-80]	80	150625
COV	[81-81]	81	143213
COV	[82-82]	82	137646
COV	[83-83]	83	132244
COV	[84-84]	84	125657
COV	[85-85]	85	121318
COV	[86-86]	86	116642
COV	[87-87]	87	111343
COV	[88-88]	88	107763
COV	[89-89]	89	103168
COV	[90-90]	90	99849
COV	[91-91]	91	96367
COV	[92-92]	92	92382
COV	[93-93]	93	89195
COV	[94-94]	94	87355
COV	[95-95]	95	84222
COV	[96-96]	96	82357
COV	[97-97]	97	79844
COV	[98-98]	98	77179
COV	[99-99]	99	75138
COV	[100-100]	100	74078
COV	[101-101]	101	73011
COV	[102-102]	102	71599
COV	[103-103]	103	70076
COV	[104-104]	104	67911
COV	[105-105]	105	66676
COV	[106-106]	106	65136
COV	[107-107]	107	63427
COV	[108-108]	108	62806
COV	[109-109]	109	60766
COV	[110-110]	110	60288
COV	[111-111]	111	59563
COV	[112-112]	112	58285
COV	[113-113]	113	57504
COV	[114-114]	114	56003
COV	[115-115]	115	55095
COV	[116-116]	116	53984
COV	[117-117]	117	53499
COV	[118-118]	118	52148
COV	[119-119]	119	51561
COV	[120-120]	120	50751
COV	[121-121]	121	50534
COV	[122-122]	122	49597
COV	[123-123]	123	48656
COV	[124-124]	124	47379
COV	[125-125]	125	46757
COV	[126-126]	126	45288
COV	[127-127]	127	44098
COV	[128-128]	128	42865
COV	[129-129]	129	41858
COV	[130-130]	130	41020
COV	[131-131]	131	40103
COV	[132-132]	132	39643
COV	[133-133]	133	38832
COV	[134-134]	134	37889
COV	[135-135]	135	37295
COV	[136-136]	136	36677
COV	[137-137]	137	36010
COV	[138-138]	138	35162
COV	[139-139]	139	34297
COV	[140-140]	140	33337
COV	[141-141]	141	32687
COV	[142-142]	142	31358
COV	[143-143]	143	31001
COV	[144-144]	144	30619
COV	[145-145]	145	30073
COV	[146-146]	146	29445
COV	[147-147]	147	28819
COV	[148-148]	148	28382
COV	[149-149]	149	28072
COV	[150-150]	150	27421
COV	[151-151]	151	27069
COV	[152-152]	152	26604
COV	[153-153]	153	26415
COV	[154-154]	154	25654
COV	[155-155]	155	25347
COV	[156-156]	156	24737
COV	[157-157]	157	24365
COV	[158-158]	158	24145
COV	[159-159]	159	23645
COV	[160-160]	160	23307
COV	[161-161]	161	22630
COV	[162-162]	162	22226
COV	[163-163]	163	21759
COV	[164-164]	164	21512
COV	[165-165]	165	21286
COV	[166-166]	166	20970
COV	[167-167]	167	20512
COV	[168-168]	168	20324
COV	[169-169]	169	19746
COV	[170-170]	170	19756
COV	[171-171]	171	19646
COV	[172-172]	172	19276
COV	[173-173]	173	19096
COV	[174-174]	174	19023
COV	[175-175]	175	18514
COV	[176-176]	176	18377
COV	[177-177]	177	18069
COV	[178-178]	178	17858
COV	[179-179]	179	17863
COV	[180-180]	180	17441
COV	[181-181]	181	17252
COV	[182-182]	182	17590
COV	[183-183]	183	17200
COV	[184-184]	184	17020
COV	[185-185]	185	16986
COV	[186-186]	186	16788
COV	[187-187]	187	16574
COV	[188-188]	188	16334
COV	[189-189]	189	16402
COV	[190-190]	190	16170
COV	[191-191]	191	16046
COV	[192-192]	192	16192
COV	[193-193]	193	16032
COV	[194-194]	194	15751
COV	[195-195]	195	15605
COV	[196-196]	196	15560
COV	[197-197]	197	15115
COV	[198-198]	198	15368
COV	[199-199]	199	15038
COV	[200-200]	200	14692
COV	[201-201]	201	14625
COV	[202-202]	202	14569
COV	[203-203]	203	14487
COV	[204-204]	204	14265
COV	[205-205]	205	14322
COV	[206-206]	206	13734
COV	[207-207]	207	14118
COV	[208-208]	208	14054
COV	[209-209]	209	14075
COV	[210-210]	210	13879
COV	[211-211]	211	13649
COV	[212-212]	212	13605
COV	[213-213]	213	13733
COV	[214-214]	214	13375
COV	[215-215]	215	13382
COV	[216-216]	216	13215
COV	[217-217]	217	13300
COV	[218-218]	218	13212
COV	[219-219]	219	12947
COV	[220-220]	220	12884
COV	[221-221]	221	12857
COV	[222-222]	222	12805
COV	[223-223]	223	12714
COV	[224-224]	224	12588
COV	[225-225]	225	12502
COV	[226-226]	226	12454
COV	[227-227]	227	12509
COV	[228-228]	228	12408
COV	[229-229]	229	12504
COV	[230-230]	230	12420
COV	[231-231]	231	12295
COV	[232-232]	232	11890
COV	[233-233]	233	11863
COV	[234-234]	234	12121
COV	[235-235]	235	11813
COV	[236-236]	236	11417
COV	[237-237]	237	11592
COV	[238-238]	238	11662
COV	[239-239]	239	11469
COV	[240-240]	240	11378
COV	[241-241]	241	11461
COV	[242-242]	242	11122
COV	[243-243]	243	11118
COV	[244-244]	244	11244
COV	[245-245]	245	11079
COV	[246-246]	246	11177
COV	[247-247]	247	11189
COV	[248-248]	248	10986
COV	[249-249]	249	10954
COV	[250-250]	250	10852
COV	[251-251]	251	10881
COV	[252-252]	252	10533
COV	[253-253]	253	10512
COV	[254-254]	254	10451
COV	[255-255]	255	10599
COV	[256-256]	256	10318
COV	[257-257]	257	9853
COV	[258-258]	258	9934
COV	[259-259]	259	9875
COV	[260-260]	260	9611
COV	[261-261]	261	9584
COV	[262-262]	262	9313
COV	[263-263]	263	9302
COV	[264-264]	264	9048
COV	[265-265]	265	8923
COV	[266-266]	266	8919
COV	[267-267]	267	8919
COV	[268-268]	268	8628
COV	[269-269]	269	8601
COV	[270-270]	270	8454
COV	[271-271]	271	8496
COV	[272-272]	272	8280
COV	[273-273]	273	8517
COV	[274-274]	274	8542
COV	[275-275]	275	8376
COV	[276-276]	276	8129
COV	[277-277]	277	8266
COV	[278-278]	278	8123
COV	[279-279]	279	8018
COV	[280-280]	280	8081
COV	[281-281]	281	8022
COV	[282-282]	282	7956
COV	[283-283]	283	7893
COV	[284-284]	284	7986
COV	[285-285]	285	8036
COV	[286-286]	286	8019
COV	[287-287]	287	7802
COV	[288-288]	288	7800
COV	[289-289]	289	7789
COV	[290-290]	290	7686
COV	[291-291]	291	7602
COV	[292-292]	292	7755
COV	[293-293]	293	7638
COV	[294-294]	294	7607
COV	[295-295]	295	7393
COV	[296-296]	296	7477
COV	[297-297]	297	7484
COV	[298-298]	298	7341
COV	[299-299]	299	7381
COV	[300-300]	300	7382
COV	[301-301]	301	7212
COV	[302-302]	302	7152
COV	[303-303]	303	7009
COV	[304-304]	304	7032
COV	[305-305]	305	6895
COV	[306-306]	306	6979
COV	[307-307]	307	6833
COV	[308-308]	308	6834
COV	[309-309]	309	6971
COV	[310-310]	310	6917
COV	[311-311]	311	6923
COV	[312-312]	312	6766
COV	[313-313]	313	6921
COV	[314-314]	314	7133
COV	[315-315]	315	6880
COV	[316-316]	316	6807
COV	[317-317]	317	7081
COV	[318-318]	318	6918
COV	[319-319]	319	6998
COV	[320-320]	320	7026
COV	[321-321]	321	6898
COV	[322-322]	322	6694
COV	[323-323]	323	6615
COV	[324-324]	324	6515
COV	[325-325]	325	6664
COV	[326-326]	326	6615
COV	[327-327]	327	6381
COV	[328-328]	328	6588
COV	[329-329]	329	6669
COV	[330-330]	330	6604
COV	[331-331]	331	6696
COV	[332-332]	332	6509
COV	[333-333]	333	6389
COV	[334-334]	334	6489
COV	[335-335]	335	6379
COV	[336-336]	336	6506
COV	[337-337]	337	6275
COV	[338-338]	338	6327
COV	[339-339]	339	6413
COV	[340-340]	340	6295
COV	[341-341]	341	6224
COV	[342-342]	342	6306
COV	[343-343]	343	6232
COV	[344-344]	344	6044
COV	[345-345]	345	6103
COV	[346-346]	346	6090
COV	[347-347]	347	6035
COV	[348-348]	348	6098
COV	[349-349]	349	6067
COV	[350-350]	350	5837
COV	[351-351]	351	5665
COV	[352-352]	352	5864
COV	[353-353]	353	5883
COV	[354-354]	354	5773
COV	[355-355]	355	5732
COV	[356-356]	356	5817
COV	[357-357]	357	5471
COV	[358-358]	358	5572
COV	[359-359]	359	5432
COV	[360-360]	360	5601
COV	[361-361]	361	5606
COV	[362-362]	362	5417
COV	[363-363]	363	5397
COV	[364-364]	364	5483
COV	[365-365]	365	5595
COV	[366-366]	366	5425
COV	[367-367]	367	5521
COV	[368-368]	368	5530
COV	[369-369]	369	5324
COV	[370-370]	370	5230
COV	[371-371]	371	5448
COV	[372-372]	372	5418
COV	[373-373]	373	5326
COV	[374-374]	374	5239
COV	[375-375]	375	5243
COV	[376-376]	376	5206
COV	[377-377]	377	5205
COV	[378-378]	378	4969
COV	[379-379]	379	5112
COV	[380-380]	380	5017
COV	[381-381]	381	4838
COV	[382-382]	382	5018
COV	[383-383]	383	4947
COV	[384-384]	384	4845
COV	[385-385]	385	4740
COV	[386-386]	386	4595
COV	[387-387]	387	4606
COV	[388-388]	388	4546
COV	[389-389]	389	4590
COV	[390-390]	390	4423
COV	[391-391]	391	4529
COV	[392-392]	392	4592
COV	[393-393]	393	4455
COV	[394-394]	394	4536
COV	[395-395]	395	4666
COV	[396-396]	396	4494
COV	[397-397]	397	4577
COV	[398-398]	398	4556
COV	[399-399]	399	4458
COV	[400-400]	400	4425
COV	[401-401]	401	4485
COV	[402-402]	402	4327
COV	[403-403]	403	4505
COV	[404-404]	404	4447
COV	[405-405]	405	4432
COV	[406-406]	406	4374
COV	[407-407]	407	4320
COV	[408-408]	408	4105
COV	[409-409]	409	4115
COV	[410-410]	410	4166
COV	[411-411]	411	4138
COV	[412-412]	412	4021
COV	[413-413]	413	4016
COV	[414-414]	414	4102
COV	[415-415]	415	4078
COV	[416-416]	416	3999
COV	[417-417]	417	4046
COV	[418-418]	418	3948
COV	[419-419]	419	4011
COV	[420-420]	420	4102
COV	[421-421]	421	3977
COV	[422-422]	422	4009
COV	[423-423]	423	3940
COV	[424-424]	424	3963
COV	[425-425]	425	3877
COV	[426-426]	426	3883
COV	[427-427]	427	3812
COV	[428-428]	428	3878
COV	[429-429]	429	3802
COV	[430-430]	430	3849
COV	[431-431]	431	3766
COV	[432-432]	432	3830
COV	[433-433]	433	3789
COV	[434-434]	434	3671
COV	[435-435]	435	3635
COV	[436-436]	436	3552
COV	[437-437]	437	3675
COV	[438-438]	438	3596
COV	[439-439]	439	3601
COV	[440-440]	440	3535
COV	[441-441]	441	3577
COV	[442-442]	442	3443
COV	[443-443]	443	3690
COV	[444-444]	444	3572
COV	[445-445]	445	3598
COV	[446-446]	446	3649
COV	[447-447]	447	3607
COV	[448-448]	448	3665
COV	[449-449]	449	3533
COV	[450-450]	450	3534
COV	[451-451]	451	3544
COV	[452-452]	452	3537
COV	[453-453]	453	3558
COV	[454-454]	454	3542
COV	[455-455]	455	3494
COV	[456-456]	456	3416
COV	[457-457]	457	3398
COV	[458-458]	458	3382
COV	[459-459]	459	3401
COV	[460-460]	460	3347
COV	[461-461]	461	3265
COV	[462-462]	462	3257
COV	[463-463]	463	3358
COV	[464-464]	464	3490
COV	[465-465]	465	3415
COV	[466-466]	466	3531
COV	[467-467]	467	3312
COV	[468-468]	468	3410
COV	[469-469]	469	3332
COV	[470-470]	470	3386
COV	[471-471]	471	3381
COV	[472-472]	472	3398
COV	[473-473]	473	3416
COV	[474-474]	474	3345
COV	[475-475]	475	3384
COV	[476-476]	476	3437
COV	[477-477]	477	3359
COV	[478-478]	478	3346
COV	[479-479]	479	3318
COV	[480-480]	480	3393
COV	[481-481]	481	3271
COV	[482-482]	482	3308
COV	[483-483]	483	3341
COV	[484-484]	484	3367
COV	[485-485]	485	3403
COV	[486-486]	486	3372
COV	[487-487]	487	3443
COV	[488-488]	488	3353
COV	[489-489]	489	3253
COV	[490-490]	490	3397
COV	[491-491]	491	3249
COV	[492-492]	492	3279
COV	[493-493]	493	3190
COV	[494-494]	494	3361
COV	[495-495]	495	3323
COV	[496-496]	496	3221
COV	[497-497]	497	3048
COV	[498-498]	498	3280
COV	[499-499]	499	3315
COV	[500-500]	500	3339
COV	[501-501]	501	3277
COV	[502-502]	502	3141
COV	[503-503]	503	3144
COV	[504-504]	504	3212
COV	[505-505]	505	3191
COV	[506-506]	506	3337
COV	[507-507]	507	3250
COV	[508-508]	508	3185
COV	[509-509]	509	3365
COV	[510-510]	510	3289
COV	[511-511]	511	3280
COV	[512-512]	512	3230
COV	[513-513]	513	3310
COV	[514-514]	514	3239
COV	[515-515]	515	3299
COV	[516-516]	516	3151
COV	[517-517]	517	3132
COV	[518-518]	518	3147
COV	[519-519]	519	3112
COV	[520-520]	520	3108
COV	[521-521]	521	3127
COV	[522-522]	522	3028
COV	[523-523]	523	3021
COV	[524-524]	524	3017
COV	[525-525]	525	3049
COV	[526-526]	526	3035
COV	[527-527]	527	2950
COV	[528-528]	528	2829
COV	[529-529]	529	2928
COV	[530-530]	530	2890
COV	[531-531]	531	3024
COV	[532-532]	532	2997
COV	[533-533]	533	2926
COV	[534-534]	534	3021
COV	[535-535]	535	3015
COV	[536-536]	536	2975
COV	[537-537]	537	3043
COV	[538-538]	538	3052
COV	[539-539]	539	2802
COV	[540-540]	540	2917
COV	[541-541]	541	2922
COV	[542-542]	542	2883
COV	[543-543]	543	2844
COV	[544-544]	544	2870
COV	[545-545]	545	2905
COV	[546-546]	546	2913
COV	[547-547]	547	2816
COV	[548-548]	548	2855
COV	[549-549]	549	2820
COV	[550-550]	550	2804
COV	[551-551]	551	2773
COV	[552-552]	552	2789
COV	[553-553]	553	2798
COV	[554-554]	554	2807
COV	[555-555]	555	2699
COV	[556-556]	556	2657
COV	[557-557]	557	2634
COV	[558-558]	558	2730
COV	[559-559]	559	2667
COV	[560-560]	560	2723
COV	[561-561]	561	2670
COV	[562-562]	562	2705
COV	[563-563]	563	2781
COV	[564-564]	564	2763
COV	[565-565]	565	2688
COV	[566-566]	566	2615
COV	[567-567]	567	2666
COV	[568-568]	568	2758
COV	[569-569]	569	2558
COV	[570-570]	570	2670
COV	[571-571]	571	2655
COV	[572-572]	572	2587
COV	[573-573]	573	2681
COV	[574-574]	574	2659
COV	[575-575]	575	2701
COV	[576-576]	576	2652
COV	[577-577]	577	2618
COV	[578-578]	578	2595
COV	[579-579]	579	2608
COV	[580-580]	580	2580
COV	[581-581]	581	2657
COV	[582-582]	582	2592
COV	[583-583]	583	2555
COV	[584-584]	584	2650
COV	[585-585]	585	2588
COV	[586-586]	586	2617
COV	[587-587]	587	2658
COV	[588-588]	588	2570
COV	[589-589]	589	2495
COV	[590-590]	590	2577
COV	[591-591]	591	2520
COV	[592-592]	592	2557
COV	[593-593]	593	2672
COV	[594-594]	594	2750
COV	[595-595]	595	2609
COV	[596-596]	596	2621
COV	[597-597]	597	2626
COV	[598-598]	598	2706
COV	[599-599]	599	2631
COV	[600-600]	600	2654
COV	[601-601]	601	2595
COV	[602-602]	602	2605
COV	[603-603]	603	2677
COV	[604-604]	604	2664
COV	[605-605]	605	2585
COV	[606-606]	606	2672
COV	[607-607]	607	2644
COV	[608-608]	608	2703
COV	[609-609]	609	2619
COV	[610-610]	610	2700
COV	[611-611]	611	2617
COV	[612-612]	612	2650
COV	[613-613]	613	2536
COV	[614-614]	614	2698
COV	[615-615]	615	2674
COV	[616-616]	616	2593
COV	[617-617]	617	2558
COV	[618-618]	618	2595
COV	[619-619]	619	2583
COV	[620-620]	620	2503
COV	[621-621]	621	2589
COV	[622-622]	622	2475
COV	[623-623]	623	2604
COV	[624-624]	624	2585
COV	[625-625]	625	2610
COV	[626-626]	626	2727
COV	[627-627]	627	2596
COV	[628-628]	628	2635
COV	[629-629]	629	2665
COV	[630-630]	630	2686
COV	[631-631]	631	2621
COV	[632-632]	632	2759
COV	[633-633]	633	2708
COV	[634-634]	634	2636
COV	[635-635]	635	2608
COV	[636-636]	636	2575
COV	[637-637]	637	2696
COV	[638-638]	638	2703
COV	[639-639]	639	2686
COV	[640-640]	640	2645
COV	[641-641]	641	2652
COV	[642-642]	642	2528
COV	[643-643]	643	2609
COV	[644-644]	644	2696
COV	[645-645]	645	2606
COV	[646-646]	646	2611
COV	[647-647]	647	2633
COV	[648-648]	648	2699
COV	[649-649]	649	2625
COV	[650-650]	650	2582
COV	[651-651]	651	2560
COV	[652-652]	652	2718
COV	[653-653]	653	2604
COV	[654-654]	654	2664
COV	[655-655]	655	2721
COV	[656-656]	656	2612
COV	[657-657]	657	2681
COV	[658-658]	658	2697
COV	[659-659]	659	2671
COV	[660-660]	660	2698
COV	[661-661]	661	2714
COV	[662-662]	662	2672
COV	[663-663]	663	2618
COV	[664-664]	664	2711
COV	[665-665]	665	2678
COV	[666-666]	666	2559
COV	[667-667]	667	2574
COV	[668-668]	668	2638
COV	[669-669]	669	2592
COV	[670-670]	670	2585
COV	[671-671]	671	2539
COV	[672-672]	672	2498
COV	[673-673]	673	2583
COV	[674-674]	674	2545
COV	[675-675]	675	2456
COV	[676-676]	676	2578
COV	[677-677]	677	2548
COV	[678-678]	678	2448
COV	[679-679]	679	2457
COV	[680-680]	680	2459
COV	[681-681]	681	2426
COV	[682-682]	682	2405
COV	[683-683]	683	2426
COV	[684-684]	684	2353
COV	[685-685]	685	2419
COV	[686-686]	686	2302
COV	[687-687]	687	2239
COV	[688-688]	688	2415
COV	[689-689]	689	2235
COV	[690-690]	690	2295
COV	[691-691]	691	2277
COV	[692-692]	692	2346
COV	[693-693]	693	2283
COV	[694-694]	694	2296
COV	[695-695]	695	2261
COV	[696-696]	696	2324
COV	[697-697]	697	2278
COV	[698-698]	698	2237
COV	[699-699]	699	2243
COV	[700-700]	700	2199
COV	[701-701]	701	2166
COV	[702-702]	702	2099
COV	[703-703]	703	2196
COV	[704-704]	704	2264
COV	[705-705]	705	2201
COV	[706-706]	706	2111
COV	[707-707]	707	2092
COV	[708-708]	708	2124
COV	[709-709]	709	2168
COV	[710-710]	710	2093
COV	[711-711]	711	2090
COV	[712-712]	712	2172
COV	[713-713]	713	2130
COV	[714-714]	714	2133
COV	[715-715]	715	2132
COV	[716-716]	716	2103
COV	[717-717]	717	2145
COV	[718-718]	718	2112
COV	[719-719]	719	1964
COV	[720-720]	720	2100
COV	[721-721]	721	2029
COV	[722-722]	722	2029
COV	[723-723]	723	1955
COV	[724-724]	724	2018
COV	[725-725]	725	2027
COV	[726-726]	726	1981
COV	[727-727]	727	2006
COV	[728-728]	728	1944
COV	[729-729]	729	1946
COV	[730-730]	730	1925
COV	[731-731]	731	1898
COV	[732-732]	732	1844
COV	[733-733]	733	1784
COV	[734-734]	734	1908
COV	[735-735]	735	1836
COV	[736-736]	736	1818
COV	[737-737]	737	1837
COV	[738-738]	738	1788
COV	[739-739]	739	1883
COV	[740-740]	740	1819
COV	[741-741]	741	1868
COV	[742-742]	742	1845
COV	[743-743]	743	1721
COV	[744-744]	744	1778
COV	[745-745]	745	1669
COV	[746-746]	746	1727
COV	[747-747]	747	1708
COV	[748-748]	748	1698
COV	[749-749]	749	1764
COV	[750-750]	750	1676
COV	[751-751]	751	1731
COV	[752-752]	752	1720
COV	[753-753]	753	1697
COV	[754-754]	754	1716
COV	[755-755]	755	1684
COV	[756-756]	756	1656
COV	[757-757]	757	1661
COV	[758-758]	758	1706
COV	[759-759]	759	1688
COV	[760-760]	760	1634
COV	[761-761]	761	1668
COV	[762-762]	762	1546
COV	[763-763]	763	1671
COV	[764-764]	764	1631
COV	[765-765]	765	1628
COV	[766-766]	766	1636
COV	[767-767]	767	1631
COV	[768-768]	768	1632
COV	[769-769]	769	1615
COV	[770-770]	770	1561
COV	[771-771]	771	1602
COV	[772-772]	772	1677
COV	[773-773]	773	1563
COV	[774-774]	774	1657
COV	[775-775]	775	1549
COV	[776-776]	776	1515
COV	[777-777]	777	1572
COV	[778-778]	778	1500
COV	[779-779]	779	1561
COV	[780-780]	780	1491
COV	[781-781]	781	1483
COV	[782-782]	782	1524
COV	[783-783]	783	1440
COV	[784-784]	784	1451
COV	[785-785]	785	1557
COV	[786-786]	786	1492
COV	[787-787]	787	1425
COV	[788-788]	788	1413
COV	[789-789]	789	1415
COV	[790-790]	790	1457
COV	[791-791]	791	1358
COV	[792-792]	792	1499
COV	[793-793]	793	1419
COV	[794-794]	794	1409
COV	[795-795]	795	1469
COV	[796-796]	796	1397
COV	[797-797]	797	1404
COV	[798-798]	798	1352
COV	[799-799]	799	1324
COV	[800-800]	800	1362
COV	[801-801]	801	1344
COV	[802-802]	802	1350
COV	[803-803]	803	1453
COV	[804-804]	804	1362
COV	[805-805]	805	1373
COV	[806-806]	806	1397
COV	[807-807]	807	1438
COV	[808-808]	808	1386
COV	[809-809]	809	1388
COV	[810-810]	810	1332
COV	[811-811]	811	1393
COV	[812-812]	812	1362
COV	[813-813]	813	1378
COV	[814-814]	814	1367
COV	[815-815]	815	1447
COV	[816-816]	816	1346
COV	[817-817]	817	1335
COV	[818-818]	818	1374
COV	[819-819]	819	1322
COV	[820-820]	820	1291
COV	[821-821]	821	1362
COV	[822-822]	822	1300
COV	[823-823]	823	1208
COV	[824-824]	824	1279
COV	[825-825]	825	1377
COV	[826-826]	826	1277
COV	[827-827]	827	1281
COV	[828-828]	828	1342
COV	[829-829]	829	1306
COV	[830-830]	830	1261
COV	[831-831]	831	1346
COV	[832-832]	832	1309
COV	[833-833]	833	1273
COV	[834-834]	834	1311
COV	[835-835]	835	1351
COV	[836-836]	836	1357
COV	[837-837]	837	1338
COV	[838-838]	838	1296
COV	[839-839]	839	1291
COV	[840-840]	840	1304
COV	[841-841]	841	1339
COV	[842-842]	842	1278
COV	[843-843]	843	1413
COV	[844-844]	844	1276
COV	[845-845]	845	1381
COV	[846-846]	846	1315
COV	[847-847]	847	1301
COV	[848-848]	848	1345
COV	[849-849]	849	1336
COV	[850-850]	850	1334
COV	[851-851]	851	1292
COV	[852-852]	852	1332
COV	[853-853]	853	1270
COV	[854-854]	854	1297
COV	[855-855]	855	1324
COV	[856-856]	856	1314
COV	[857-857]	857	1278
COV	[858-858]	858	1316
COV	[859-859]	859	1342
COV	[860-860]	860	1314
COV	[861-861]	861	1301
COV	[862-862]	862	1243
COV	[863-863]	863	1267
COV	[864-864]	864	1257
COV	[865-865]	865	1242
COV	[866-866]	866	1304
COV	[867-867]	867	1252
COV	[868-868]	868	1304
COV	[869-869]	869	1284
COV	[870-870]	870	1226
COV	[871-871]	871	1279
COV	[872-872]	872	1262
COV	[873-873]	873	1284
COV	[874-874]	874	1231
COV	[875-875]	875	1233
COV	[876-876]	876	1196
COV	[877-877]	877	1175
COV	[878-878]	878	1231
COV	[879-879]	879	1205
COV	[880-880]	880	1217
COV	[881-881]	881	1200
COV	[882-882]	882	1141
COV	[883-883]	883	1165
COV	[884-884]	884	1168
COV	[885-885]	885	1146
COV	[886-886]	886	1187
COV	[887-887]	887	1205
COV	[888-888]	888	1193
COV	[889-889]	889	1194
COV	[890-890]	890	1206
COV	[891-891]	891	1280
COV	[892-892]	892	1287
COV	[893-893]	893	1194
COV	[894-894]	894	1203
COV	[895-895]	895	1160
COV	[896-896]	896	1212
COV	[897-897]	897	1199
COV	[898-898]	898	1188
COV	[899-899]	899	1159
COV	[900-900]	900	1215
COV	[901-901]	901	1177
COV	[902-902]	902	1169
COV	[903-903]	903	1209
COV	[904-904]	904	1185
COV	[905-905]	905	1224
COV	[906-906]	906	1197
COV	[907-907]	907	1196
COV	[908-908]	908	1251
COV	[909-909]	909	1164
COV	[910-910]	910	1124
COV	[911-911]	911	1111
COV	[912-912]	912	1115
COV	[913-913]	913	1226
COV	[914-914]	914	1246
COV	[915-915]	915	1150
COV	[916-916]	916	1172
COV	[917-917]	917	1187
COV	[918-918]	918	1194
COV	[919-919]	919	1229
COV	[920-920]	920	1233
COV	[921-921]	921	1249
COV	[922-922]	922	1171
COV	[923-923]	923	1184
COV	[924-924]	924	1236
COV	[925-925]	925	1200
COV	[926-926]	926	1213
COV	[927-927]	927	1151
COV	[928-928]	928	1243
COV	[929-929]	929	1202
COV	[930-930]	930	1240
COV	[931-931]	931	1187
COV	[932-932]	932	1189
COV	[933-933]	933	1176
COV	[934-934]	934	1189
COV	[935-935]	935	1202
COV	[936-936]	936	1244
COV	[937-937]	937	1243
COV	[938-938]	938	1157
COV	[939-939]	939	1172
COV	[940-940]	940	1118
COV	[941-941]	941	1219
COV	[942-942]	942	1069
COV	[943-943]	943	1182
COV	[944-944]	944	1131
COV	[945-945]	945	1177
COV	[946-946]	946	1218
COV	[947-947]	947	1175
COV	[948-948]	948	1179
COV	[949-949]	949	1164
COV	[950-950]	950	1190
COV	[951-951]	951	1203
COV	[952-952]	952	1238
COV	[953-953]	953	1146
COV	[954-954]	954	1174
COV	[955-955]	955	1181
COV	[956-956]	956	1199
COV	[957-957]	957	1170
COV	[958-958]	958	1176
COV	[959-959]	959	1227
COV	[960-960]	960	1158
COV	[961-961]	961	1148
COV	[962-962]	962	1143
COV	[963-963]	963	1146
COV	[964-964]	964	1147
COV	[965-965]	965	1135
COV	[966-966]	966	1206
COV	[967-967]	967	1110
COV	[968-968]	968	1128
COV	[969-969]	969	1197
COV	[970-970]	970	1146
COV	[971-971]	971	1156
COV	[972-972]	972	1102
COV	[973-973]	973	1163
COV	[974-974]	974	1099
COV	[975-975]	975	1133
COV	[976-976]	976	1060
COV	[977-977]	977	1062
COV	[978-978]	978	1034
COV	[979-979]	979	1080
COV	[980-980]	980	1025
COV	[981-981]	981	1097
COV	[982-982]	982	1007
COV	[983-983]	983	1011
COV	[984-984]	984	1038
COV	[985-985]	985	1094
COV	[986-986]	986	1034
COV	[987-987]	987	996
COV	[988-988]	988	966
COV	[989-989]	989	1034
COV	[990-990]	990	1075
COV	[991-991]	991	1004
COV	[992-992]	992	983
COV	[993-993]	993	971
COV	[994-994]	994	1052
COV	[995-995]	995	1096
COV	[996-996]	996	1035
COV	[997-997]	997	1047
COV	[998-998]	998	1075
COV	[999-999]	999	998
COV	[1000-1000]	1000	1050
COV	[1000<]	1000	1467942
# GC-depth. Use `grep ^GCD | cut -f 2-` to extract this part. The columns are: GC%, unique sequence percentiles, 10th, 25th, 50th, 75th and 90th depth percentile
GCD	0.0	0.022	0.007	0.007	0.015	0.022	0.037
GCD	2.0	0.022	0.081	0.081	0.081	0.081	0.081
GCD	3.0	0.025	0.111	0.111	0.141	0.170	0.170
GCD	4.0	0.027	0.037	0.048	0.104	0.126	0.126
GCD	5.0	0.030	0.022	0.022	0.037	0.044	0.044
GCD	6.0	0.032	0.141	0.141	0.141	0.318	0.318
GCD	7.0	0.034	0.015	0.015	0.030	0.037	0.037
GCD	8.0	0.038	0.015	0.037	0.100	0.335	0.785
GCD	9.0	0.041	0.007	0.011	0.100	0.228	0.244
GCD	10.0	0.044	0.015	0.015	0.063	0.267	0.318
GCD	11.0	0.049	0.015	0.015	0.030	0.200	6.278
GCD	12.0	0.055	0.030	0.091	0.122	0.228	0.378
GCD	13.0	0.058	0.118	0.376	1.706	1047.708	1396.188
GCD	14.0	0.064	0.037	0.078	0.133	1.247	33.329
GCD	15.0	0.068	0.030	0.044	0.067	195.183	389.486
GCD	16.0	0.073	0.007	0.007	0.007	0.074	0.289
GCD	17.0	0.079	0.007	0.007	0.026	0.370	1.718
GCD	18.0	0.086	0.008	0.020	0.230	1.142	205.655
GCD	19.0	0.093	0.022	0.067	0.263	48.021	185.944
GCD	20.0	0.099	0.007	0.007	0.037	1.035	66.370
GCD	21.0	0.103	0.007	0.007	0.015	40.118	80.118
GCD	22.0	0.110	0.024	0.037	0.596	10.514	152.445
GCD	23.0	0.116	0.007	0.009	0.022	0.044	43.805
GCD	24.0	0.125	0.010	0.048	0.104	0.300	2.017
GCD	25.0	0.137	0.007	0.072	1.310	3.254	39.319
GCD	26.0	0.147	0.011	0.054	0.130	7.899	56.298
GCD	27.0	0.160	0.007	0.022	0.415	11.669	49.620
GCD	28.0	0.171	0.007	0.015	0.089	1.073	19.817
GCD	29.0	0.179	0.074	0.192	0.726	43.346	49.646
GCD	30.0	0.194	0.024	0.063	0.600	29.628	42.447
GCD	31.0	0.225	0.128	0.594	13.241	32.835	35.922
GCD	32.0	0.283	0.159	1.734	29.754	32.822	36.234
GCD	33.0	0.474	1.795	26.748	29.546	31.753	33.335
GCD	34.0	1.208	24.540	27.096	28.991	30.997	32.497
GCD	35.0	3.481	24.566	26.596	28.221	30.024	31.778
GCD	36.0	8.768	24.557	26.489	28.088	29.791	31.449
GCD	37.0	17.428	24.003	26.474	28.066	29.702	31.271
GCD	38.0	28.375	20.933	26.533	28.214	29.843	31.286
GCD	39.0	39.489	20.387	26.807	28.517	30.050	31.590
GCD	40.0	49.721	20.507	27.192	28.847	30.368	31.849
GCD	41.0	58.432	23.246	27.518	29.132	30.596	32.041
GCD	42.0	65.649	24.253	27.792	29.369	30.872	32.286
GCD	43.0	71.430	24.976	27.997	29.613	31.131	32.716
GCD	44.0	76.275	24.491	28.081	29.798	31.353	32.885
GCD	45.0	80.341	20.830	28.147	29.968	31.642	33.174
GCD	46.0	83.811	15.614	27.940	30.072	31.819	33.581
GCD	47.0	86.790	22.454	28.584	30.590	32.441	34.934
GCD	48.0	89.093	27.123	29.310	30.983	32.783	35.116
GCD	49.0	90.872	27.459	29.432	31.183	32.759	34.438
GCD	50.0	92.419	27.525	29.717	31.349	32.996	34.610
GCD	51.0	93.753	27.849	29.885	31.545	33.255	34.923
GCD	52.0	94.948	28.124	30.061	31.775	33.559	35.266
GCD	53.0	95.941	28.708	30.420	32.226	34.051	36.548
GCD	54.0	96.770	28.631	30.557	32.278	34.098	35.795
GCD	55.0	97.458	28.704	30.598	32.404	34.092	35.727
GCD	56.0	98.027	28.677	30.622	32.204	33.966	35.758
GCD	57.0	98.465	29.073	31.238	32.759	34.510	36.326
GCD	58.0	98.837	29.286	31.220	33.011	34.899	36.825
GCD	59.0	99.130	30.496	31.936	33.533	35.650	40.312
GCD	60.0	99.377	30.738	32.511	34.292	36.572	180.366
GCD	61.0	99.561	30.061	32.169	34.262	36.071	38.704
GCD	62.0	99.706	31.009	32.848	34.277	35.839	37.774
GCD	63.0	99.804	30.209	31.928	33.822	35.541	37.689
GCD	64.0	99.873	24.786	32.278	33.996	35.987	38.743
GCD	65.0	99.922	30.906	32.919	34.451	36.106	37.630
GCD	66.0	99.953	31.230	33.396	34.929	36.402	39.412
GCD	67.0	99.982	31.261	33.187	35.062	36.300	37.827
GCD	68.0	99.991	32.748	33.448	35.225	36.417	1598.804
GCD	69.0	99.996	32.678	33.233	35.528	36.076	37.882
GCD	70.0	99.997	31.027	31.027	31.027	31.027	31.027
GCD	71.0	99.998	278.222	278.222	278.222	278.222	278.222
GCD	72.0	99.999	9.854	9.854	9.854	9.854	9.854
GCD	78.0	99.999	0.007	0.007	0.007	0.007	0.007
GCD	91.0	100.000	3034.375	3034.375	3034.375	3034.375	3034.375
