# This file was produced by samtools stats (1.19+htslib-1.19) and can be plotted using plot-bamstats
# This file contains statistics for all reads.
# The command line was:  stats bam_files/recal_ABOFRAM000709524730.bam
# CHK, Checksum	[2]Read Names	[3]Sequences	[4]Qualities
# CHK, CRC32 of reads which passed filtering followed by addition (32bit overflow)
CHK	6a288d6d	02094e4d	77268a17
# Summary Numbers. Use `grep ^SN | cut -f 2-` to extract this part.
SN	raw total sequences:	710082595	# excluding supplementary and secondary reads
SN	filtered sequences:	0
SN	sequences:	710082595
SN	is sorted:	1
SN	1st fragments:	355036037
SN	last fragments:	355046558
SN	reads mapped:	681454604
SN	reads mapped and paired:	680114050	# paired-end technology bit set + both mates mapped
SN	reads unmapped:	28627991
SN	reads properly paired:	663282701	# proper-pair bit set
SN	reads paired:	710082595	# paired-end technology bit set
SN	reads duplicated:	0	# PCR or optical duplicate bit set
SN	reads MQ0:	82613013	# mapped and MQ=0
SN	reads QC failed:	0
SN	non-primary alignments:	0
SN	supplementary alignments:	2630495
SN	total length:	105142413048	# ignores clipping
SN	total first fragment length:	53255405550	# ignores clipping
SN	total last fragment length:	51887007498	# ignores clipping
SN	bases mapped:	100904578428	# ignores clipping
SN	bases mapped (cigar):	99940996778	# more accurate
SN	bases trimmed:	0
SN	bases duplicated:	0
SN	mismatches:	578815221	# from NM fields
SN	error rate:	5.791570e-03	# mismatches / bases mapped (cigar)
SN	average length:	148
SN	average first fragment length:	150
SN	average last fragment length:	146
SN	maximum length:	150
SN	maximum first fragment length:	150
SN	maximum last fragment length:	150
SN	average quality:	30.1
SN	insert size average:	408.7
SN	insert size standard deviation:	92.2
SN	inward oriented pairs:	332228360
SN	outward oriented pairs:	777837
SN	pairs with other orientation:	192671
SN	pairs on different chromosomes:	6857897
SN	percentage of properly paired reads (%):	93.4
# First Fragment Qualities. Use `grep ^FFQ | cut -f 2-` to extract this part.
# Columns correspond to qualities and rows to cycles. First column is the cycle number.
FFQ	1	0	0	13013	0	0	0	0	0	0	0	0	0	0	0	6401283	0	0	0	0	0	0	0	0	0	0	0	0	10181457	0	0	338440284	0	0	0	0	0
FFQ	2	0	0	5725	0	0	0	0	0	0	65290	0	191011	780877	205903	391832	1069300	1322092	321763	0	0	0	267718	6880356	0	0	855227	0	1525621	17384939	99530911	82681881	107736725	33232946	585920	0	0
FFQ	3	0	0	33001	0	0	0	0	0	0	55252	0	152554	587671	204510	288527	923207	1370213	227249	0	0	0	284040	116894	5255235	0	773356	0	1366882	440353	21244268	95199480	90973957	102330328	33209060	0	0
FFQ	4	0	0	6044	0	0	0	0	0	0	62663	0	151276	505168	186595	342715	888616	1390617	193969	0	0	0	318487	135402	0	6019172	744805	0	1298902	446685	2644141	19408686	95270716	89689160	104085312	31246906	0
FFQ	5	0	0	143	0	0	0	0	0	0	65857	0	155834	452969	182832	335466	854012	1414367	174583	0	0	0	320397	141319	0	6241786	754734	0	1253444	412897	2531800	18971306	96787404	87161573	106560307	30263007	0
FFQ	6	0	0	41	0	0	0	0	0	0	61356	0	153104	419791	191203	340161	812810	1388453	180058	0	0	0	427360	0	5899115	787489	0	1219501	393503	2585366	20129820	96993815	88902443	103943509	30207139	0	0
FFQ	7	0	0	0	0	0	0	0	0	0	65911	0	145789	423611	182359	325088	817688	1344650	166892	0	0	0	452919	0	6559681	765395	0	1268294	397789	2525814	19816923	97201372	88399618	104659743	29516501	0	0
FFQ	8	0	0	10449	0	0	0	0	0	0	61355	0	150848	412450	187300	320473	805539	1332937	176802	0	0	0	429284	0	5910804	794824	0	1262782	406269	2555725	19988391	97716858	89063299	103664213	29785435	0	0
FFQ	9	0	0	0	0	0	0	0	0	0	63276	0	151373	414937	186436	336892	827598	1346527	167145	0	0	0	320089	138285	6132587	0	795443	0	1280560	413569	20271464	99380350	88782904	103759847	30266755	0	0
FFQ	10	0	0	0	0	0	0	0	0	0	65564	0	153766	409929	187721	331797	804703	1355632	170649	0	0	0	310908	142279	6215728	0	810213	0	1283962	417835	20235549	99614967	88568464	103975201	29981170	0	0
FFQ	11	0	0	0	0	0	0	0	0	0	69185	0	151053	402538	185265	334896	823362	1395992	169948	0	0	0	316042	150015	6206490	0	808952	0	1268250	421090	20507010	99913803	88753568	103073766	30084812	0	0
FFQ	12	0	0	0	0	0	0	0	0	0	71063	0	158472	386369	184749	342907	816139	1401673	174472	0	0	0	301287	153112	6218735	0	832002	0	1234258	437174	20442218	99857485	88511856	103340438	30171628	0	0
FFQ	13	0	0	0	0	0	0	0	0	0	72823	0	160519	387196	188479	348724	824256	1424866	174892	0	0	0	303566	156415	6252804	0	847328	0	1250737	438621	20493613	99729574	88290381	103196605	30494638	0	0
FFQ	14	0	0	0	0	0	0	0	0	0	71307	0	162146	386577	185117	354784	817007	1398647	173436	0	0	0	452919	0	6215289	850594	0	1257426	440470	2742290	20075688	97885554	87613172	103972717	29980897	0	0
FFQ	15	0	0	0	0	0	0	0	0	0	0	70321	0	159623	380103	183164	349302	822547	1389406	170950	0	0	0	455069	6118013	0	847811	0	1240349	440528	20465978	99405204	88944154	102977247	30616268	0	0
FFQ	16	0	0	0	0	0	0	0	0	0	72472	0	158918	374054	185651	346184	818649	1406476	172572	0	0	0	306539	155250	6178045	0	852043	0	1234663	445949	20420222	99213455	88693287	103614761	30386847	0	0
FFQ	17	0	0	0	0	0	0	0	0	0	73563	0	161108	374059	189095	346603	827444	1422105	175434	0	0	0	304977	155940	6127461	0	859272	0	1230960	449743	20539231	99392627	88816167	103288391	30301857	0	0
FFQ	18	0	0	22	0	0	0	0	0	0	74728	0	162151	378472	193634	348605	834097	1437134	178209	0	0	0	309543	158192	6145988	0	869452	0	1238585	460231	20622662	99428978	88906179	103073915	30215260	0	0
FFQ	19	0	0	0	0	0	0	0	0	0	78749	0	168015	391592	198820	354796	860086	1475962	181227	0	0	0	485680	0	6237393	880707	0	1258118	466704	2807915	20134989	97922232	87899088	103926349	29307615	0	0
FFQ	20	0	0	0	0	0	0	0	0	0	78100	0	170711	394866	200793	357651	866818	1500319	184883	0	0	0	483379	0	6099342	886847	0	1258574	472642	2821884	20114862	97940238	88023074	103920002	29261052	0	0
FFQ	21	0	0	0	0	0	0	0	0	0	80696	0	173202	401257	206523	361327	872908	1525232	188341	0	0	0	491116	0	6152258	893216	0	1268211	474111	2837845	20159345	97993476	88020960	103661961	29274052	0	0
FFQ	22	0	0	0	0	0	0	0	0	0	84743	0	176686	405998	209951	372491	891109	1561756	191136	0	0	0	501735	0	6149504	911110	0	1271870	494703	2873316	20291160	97920581	88100441	103439161	29188586	0	0
FFQ	23	0	0	0	0	0	0	0	0	0	87545	0	179465	406742	214834	371358	901854	1574542	193825	0	0	0	511103	0	6213345	923422	0	1263782	497210	2890317	20402194	98035125	87872143	103380878	29116353	0	0
FFQ	24	0	0	0	0	0	0	0	0	0	90183	0	183388	408242	215838	371045	911594	1591123	196883	0	0	0	517076	0	6247083	930963	0	1261996	504334	2903951	20264482	98041886	87794707	103571660	29029603	0	0
FFQ	25	0	0	0	0	0	0	0	0	0	92881	0	188292	412274	221362	377913	931117	1621452	200110	0	0	0	518776	0	6216472	946670	0	1257735	512125	2918708	20401149	97860076	87769032	103626677	28963216	0	0
FFQ	26	0	0	0	0	0	0	0	105395	0	220628	471122	250410	415464	1049512	1798459	223731	0	0	0	380394	0	178874	0	6214338	947090	0	1267189	512673	2930143	20355832	97778792	87750877	103297355	28887759	0	0
FFQ	27	0	0	1702	0	0	0	0	106403	0	217348	464882	249331	412389	1047838	1794621	223397	0	0	0	382050	0	178105	0	6193851	945693	0	1255020	515908	2922867	20333439	97916025	87697304	103332766	28845098	0	0
FFQ	28	0	0	0	0	0	0	0	106253	0	219907	463071	246654	414180	1045512	1791314	222029	0	0	0	377468	0	176386	0	6142857	945074	0	1248770	518097	2926004	20329296	98056736	87675885	103282691	28847853	0	0
FFQ	29	0	0	80	0	0	0	0	109231	0	225716	480359	253082	423499	1066527	1822804	223281	0	0	0	390575	0	176953	0	6114452	959783	0	1273578	521967	2957750	20413218	97998859	87565040	103177344	28881939	0	0
FFQ	30	0	0	0	0	0	0	0	110923	0	226758	481719	254626	426230	1069515	1826099	222844	0	0	0	389587	0	179335	0	6194274	956946	0	1268233	520564	2950973	20395219	97665902	87694361	103337740	28864189	0	0
FFQ	31	0	0	0	0	0	0	0	115647	0	231643	494600	259378	434461	1091703	1867640	234319	0	0	0	393103	0	183615	0	6252628	968635	0	1281320	529623	2984019	20312642	98024682	87498721	103123173	28754485	0	0
FFQ	32	0	0	0	0	0	0	0	118163	0	239797	505789	264883	445928	1112317	1901442	238517	0	0	0	395830	183620	0	0	7147550	0	1286107	536610	3013561	2716333	18630010	97043394	88283516	102181153	28791517	0	0
FFQ	33	0	0	52262	0	0	0	124335	0	249933	526517	270342	463231	1128408	1947020	240111	0	0	0	405182	187888	0	0	7144208	0	1307130	541029	3047812	2757521	18572288	96747495	88304437	102277832	28741056	0	0	0
FFQ	34	0	0	0	0	0	0	0	122431	0	245135	522165	271371	459056	1132028	1933698	243346	0	0	0	404230	187524	0	0	7183352	0	1306958	544045	3045788	2759374	18590018	96848311	88401572	102164785	28670850	0	0
FFQ	35	0	0	0	0	0	0	0	123450	0	247332	528931	273231	457708	1139982	1946678	245128	0	0	0	409153	0	187006	0	6182979	994043	0	1315520	538960	3050516	20396123	98012172	87458613	102877192	28651320	0	0
FFQ	36	0	0	274	0	0	0	0	125652	0	249355	531822	274205	466086	1145432	1948427	247450	0	0	0	406183	0	189051	0	6205480	1000447	0	1307450	548651	3055478	20397775	97700520	87584246	103015991	28636062	0	0
FFQ	37	0	0	0	0	0	0	0	126913	0	245273	532018	272741	461031	1140562	1942606	244516	0	0	0	408505	0	187056	0	6233582	991444	0	1307432	541885	3042737	20389204	97698941	87678026	102932317	28659248	0	0
FFQ	38	0	0	0	0	0	0	0	128151	0	252598	538605	277343	474400	1162750	1960366	251239	0	0	0	406258	0	189374	0	6192878	1005488	0	1315596	555953	3070606	20387359	97768411	87736112	102720129	28642421	0	0
FFQ	39	0	0	0	0	0	0	0	128601	0	255019	553442	280560	477569	1168936	1981110	245558	0	0	0	420885	0	186279	0	6111421	1011331	0	1343998	548635	3084779	20444325	97540157	87697873	102884289	28671270	0	0
FFQ	40	0	0	0	0	0	0	0	131935	0	258481	561201	284339	485016	1177397	1998533	250768	0	0	0	420268	0	188345	0	6136932	1021974	0	1356993	556906	3112610	20463145	97793376	87465355	102735539	28636924	0	0
FFQ	41	0	0	158962	0	0	0	138772	0	269313	594096	292258	503995	1210786	2047891	256586	0	0	0	438167	194050	0	0	1033835	6194397	1394654	556219	3145319	2850551	986015	17650449	97517488	87331734	101692212	28578288	0	0
FFQ	42	0	0	0	0	0	0	0	138573	0	268012	585344	292084	505811	1222560	2047403	257521	0	0	0	438136	0	193447	0	6215156	1034870	0	1376698	570443	3147867	20475870	97474778	87631849	102636036	28523579	0	0
FFQ	43	0	0	0	0	0	0	0	140417	0	268753	587254	291609	500905	1215848	2052941	259341	0	0	0	435422	0	191761	0	6181986	1034165	0	1372297	565828	3139502	20426335	97728783	87324954	102726393	28591543	0	0
FFQ	44	0	0	0	0	0	0	0	141375	0	268979	591051	292902	503106	1211623	2045229	260450	0	0	0	430424	0	192455	0	6161458	1033482	0	1367466	566611	3136695	20441488	97739833	87373529	102621144	28656737	0	0
FFQ	45	0	0	0	0	0	0	0	145757	0	269199	591856	297163	510714	1229493	2058638	264598	0	0	0	432947	0	195575	0	6180765	1041024	0	1361718	574057	3146905	20552160	97479907	87428187	102690556	28584818	0	0
FFQ	46	0	0	0	0	0	0	147283	0	276069	606511	302001	515218	1241659	2094153	273397	0	0	0	439927	0	197382	0	0	7253800	0	1386301	576425	3175054	2872096	18666676	96704446	88100692	101699273	28507674	0	0
FFQ	47	0	0	0	0	0	0	0	151804	0	277168	613249	301000	524272	1250645	2095639	272197	0	0	0	439677	0	200077	0	6191781	1057848	0	1385663	583577	3194928	20497129	97829318	87025969	102614354	28529742	0	0
FFQ	48	0	0	0	0	0	0	152137	0	284533	625608	308786	533844	1274260	2141248	272867	0	0	0	447884	0	198130	0	0	7197066	0	1406878	587554	3214024	2910061	18568850	96509330	87966480	101918482	28518015	0	0
FFQ	49	0	0	0	0	0	0	154081	0	290790	638655	312784	544242	1291337	2169292	278756	0	0	0	450473	0	200469	0	0	7243639	0	1426146	589973	3254001	2930352	18607336	96310251	88282337	101607094	28454029	0	0
FFQ	50	0	0	239	0	0	0	155518	0	290183	652277	310949	548920	1299270	2165359	277841	0	0	0	462082	0	199955	0	0	7271435	0	1448891	585361	3259752	2934812	18459798	96421481	88233545	101555349	28503020	0	0
FFQ	51	0	0	0	0	0	0	154731	0	293587	654915	317144	553886	1301144	2178079	279471	0	0	0	459428	0	197057	0	0	7169992	0	1456261	590069	3275706	2954315	18560365	96362437	88216572	101556309	28504569	0	0
FFQ	52	0	0	0	0	0	0	155852	0	292458	662828	318776	552801	1303492	2181297	278439	0	0	0	466690	0	196998	0	0	7178923	0	1457016	589858	3262767	2945578	18612312	96493624	88096948	101513818	28475562	0	0
FFQ	53	0	0	0	0	0	0	162359	0	300362	669861	323611	566241	1329346	2214762	288527	0	0	0	461613	0	203840	0	0	7285954	0	1446421	603681	3281117	2958602	18581720	96187604	88121541	101629444	28419431	0	0
FFQ	54	0	0	0	0	0	0	163129	0	304474	681961	326679	575543	1341792	2237903	289415	0	0	0	469098	0	203219	0	0	7254984	0	1462491	602037	3307545	2987419	18543149	96184596	88093525	101589507	28417571	0	0
FFQ	55	0	0	0	0	0	0	166637	0	310808	690978	329662	583994	1353744	2251538	293404	0	0	0	470570	0	203888	0	0	7248954	0	1477729	608172	3332020	2988120	18599210	96314467	88044115	101355092	28412935	0	0
FFQ	56	0	0	44	0	0	0	167975	0	313910	711353	335380	592634	1366717	2271623	293801	0	0	0	481637	0	204439	0	0	7258214	0	1506750	606710	3352987	3027629	18609124	96206327	87988113	101294672	28445998	0	0
FFQ	57	0	0	0	0	0	0	172116	0	314204	710210	338070	597828	1377632	2283610	294158	0	0	0	485956	0	205838	0	0	7279554	0	1495978	610188	3358960	3025166	18595475	96183872	88073063	101245933	28388226	0	0
FFQ	58	0	0	0	0	0	0	175222	0	321918	720124	341465	603894	1390501	2313259	302457	0	0	0	484483	0	209158	0	0	7300705	0	1505174	620015	3378383	3045211	18635264	96311816	87847435	101217611	28311942	0	0
FFQ	59	0	0	198	0	0	0	177638	0	321367	731958	346401	606279	1401751	2328233	303340	0	0	0	491702	0	208797	0	0	7283141	0	1518679	616255	3376552	3055943	18594297	96315448	87704835	101347615	28305608	0	0
FFQ	60	0	0	0	0	0	0	176957	0	321764	722836	342550	605607	1398647	2314205	304421	0	0	0	482902	0	208511	0	0	7238675	0	1492916	622349	3361785	3040939	18607674	96167329	87911722	101388924	28325324	0	0
FFQ	61	0	0	53142	0	0	0	180565	0	331562	747333	349678	622137	1419459	2357558	306822	0	0	0	495342	210065	0	0	1152490	6143459	1532156	626498	3412930	3071260	1070767	17516709	96874148	87082040	101187839	28292078	0	0
FFQ	62	0	0	55	0	0	0	181025	0	337220	768970	357617	639948	1440990	2387795	308271	0	0	0	512081	0	210798	0	0	7279659	0	1568933	628586	3459132	3111509	18561648	95869504	87901385	101204217	28306694	0	0
FFQ	63	0	0	0	0	0	0	185312	0	337468	771621	360805	638532	1441027	2406213	309576	0	0	0	508628	0	211798	0	0	7284272	0	1563307	622400	3448266	3113461	18604243	95786074	87900575	101236509	28305950	0	0
FFQ	64	0	0	0	0	0	0	187253	0	343365	771945	362598	647074	1452955	2409627	316965	0	0	0	501381	0	215496	0	0	7366457	0	1547680	637149	3457604	3101753	18604642	95813822	87939449	101116632	28242190	0	0
FFQ	65	0	0	0	0	0	0	188106	0	348326	789015	366592	660501	1477309	2442257	318724	0	0	0	515680	0	214839	0	0	7313427	0	1582227	639914	3506526	3148288	18501592	95884237	87856804	101020598	28261075	0	0
FFQ	66	0	0	0	0	0	0	188647	0	355195	800700	371570	667699	1487592	2471651	318788	0	0	0	518994	0	214424	0	0	7308738	0	1594900	640601	3519260	3166562	18548910	95778025	87760616	101103849	28219316	0	0
FFQ	67	0	0	0	0	0	0	193101	0	357953	815047	376384	673276	1499260	2488508	324361	0	0	0	522458	0	217098	0	0	7330384	0	1612773	644406	3530657	3175866	18611579	95782030	87866783	100839197	28174916	0	0
FFQ	68	0	0	0	0	0	0	197845	0	362242	824877	381090	688066	1514851	2501694	327988	0	0	0	528071	0	221101	0	0	7378718	0	1623401	650276	3547775	3202444	18632693	95710725	87634995	100889481	28217704	0	0
FFQ	69	0	0	0	0	0	0	198099	0	364085	833746	384549	693643	1524671	2517287	333034	0	0	0	536628	0	219288	0	0	7358704	0	1635128	647394	3578504	3220659	18603461	95833805	87638539	100704871	28209942	0	0
FFQ	70	0	0	40	0	0	0	199952	0	365002	835916	381002	695999	1524078	2509000	328712	0	0	0	539004	0	220323	0	0	7358535	0	1634852	655997	3579292	3212605	18601607	95852586	87536838	100848303	28156394	0	0
FFQ	71	0	0	107	0	0	0	206707	0	378215	861994	389454	716504	1555712	2585103	329648	0	0	0	548295	224437	0	0	1237032	6125600	1669569	655308	3616589	3264632	1128647	17482856	96454680	86502312	100975170	28127466	0	0
FFQ	72	0	0	1	0	0	0	204346	0	377314	862311	390729	712708	1563749	2586596	336924	0	0	0	545356	0	222421	0	0	7320396	0	1664916	655862	3618800	3258543	18584854	95460702	87715098	100806354	28148057	0	0
FFQ	73	0	0	0	0	0	0	206562	0	378862	864789	390914	715740	1564555	2582956	340200	0	0	0	545778	223023	0	0	1232716	6109432	1657853	659971	3610647	3248519	1125919	17420017	96575554	86752529	100704965	28124536	0	0
FFQ	74	0	0	8	0	0	0	206754	0	379328	851453	390739	714650	1555407	2565764	339459	0	0	0	534241	0	221300	0	0	7321520	0	1629137	664484	3588170	3227638	18592339	95678936	87660073	100772969	28141668	0	0
FFQ	75	0	0	0	0	0	0	209008	0	383829	862850	395168	723460	1564355	2590239	342694	0	0	0	536700	0	222253	0	0	7340336	0	1635698	669269	3605843	3238265	18657458	95562352	87596348	100728670	28171242	0	0
FFQ	76	0	0	0	0	0	0	214007	0	393839	879476	402164	747631	1597370	2633426	348668	0	0	0	543740	0	227783	0	0	7383161	0	1657474	678121	3664168	3275479	18627082	95332154	87617064	100754590	28058640	0	0
FFQ	77	0	0	0	0	0	0	217119	0	402502	910043	410130	756571	1625662	2687398	355704	0	0	0	561394	228630	0	0	1276508	6101003	1704615	676562	3703146	3329756	1153714	17413832	96366213	86508497	100646156	28000882	0	0
FFQ	78	0	0	6	0	0	0	219374	0	410058	923481	416297	769593	1644143	2709629	361829	0	0	0	562845	0	230084	0	0	7379593	0	1720944	689026	3741282	3344496	18606628	95302224	87485390	100549180	27969935	0	0
FFQ	79	0	0	0	0	0	0	221749	0	407944	928851	415853	774423	1642957	2718948	359110	0	0	0	571595	0	229533	0	0	7408576	0	1725036	682011	3739570	3354265	18553218	95328008	87462848	100546471	27965071	0	0
FFQ	80	0	0	0	0	0	0	225177	0	409785	928893	419310	774799	1651551	2731053	363627	0	0	0	566288	0	231363	0	0	7423719	0	1709546	687553	3735352	3344091	18574703	95233004	87478822	100572585	27974816	0	0
FFQ	81	0	0	0	0	0	0	225661	0	412842	933180	418841	779844	1654020	2747023	368319	0	0	0	569500	0	230720	0	0	7391979	0	1716463	688604	3747613	3354824	18570109	95215918	87410450	100576557	28023570	0	0
FFQ	82	0	0	0	0	0	0	231188	0	422450	957848	424095	800880	1675934	2764879	371070	0	0	0	577291	0	236703	0	0	7455388	0	1754430	695156	3788887	3394078	18589874	95107044	87360725	100468043	27960074	0	0
FFQ	83	0	0	0	0	0	0	231466	0	432795	987834	433744	819541	1709145	2814181	370642	0	0	0	597779	0	234359	0	0	7449188	0	1804459	693038	3848638	3447682	18620815	94995935	87332695	100280684	27931417	0	0
FFQ	84	0	0	51	0	0	0	226228	0	419041	958661	431634	799203	1681136	2778749	368822	0	0	0	583596	0	230255	0	0	7402546	0	1750498	685258	3775112	3395759	18640277	95156261	87433315	100386603	27933032	0	0
FFQ	85	0	0	0	0	0	0	228692	0	422087	946468	425047	798937	1676860	2763575	376415	0	0	0	567207	0	232101	0	0	7406819	0	1706730	705908	3759041	3358037	18602899	95147186	87475545	100566859	27869624	0	0
FFQ	86	0	0	0	0	0	0	235372	0	438850	989246	437683	829690	1717261	2835567	382139	0	0	0	584676	0	237328	0	0	7436423	0	1775542	713310	3846661	3424341	18614126	95052914	87355217	100246296	27883395	0	0
FFQ	87	0	0	41	0	0	0	236707	0	438053	995505	439486	837299	1732468	2850903	381659	0	0	0	598508	0	238996	0	0	7478046	0	1797723	705389	3865524	3462941	18590013	94971539	87224387	100298244	27892606	0	0
FFQ	88	0	0	81	0	0	0	239825	0	451534	1008935	443450	853675	1754987	2886476	387305	0	0	0	598608	0	239883	0	0	7500815	0	1812868	723219	3916388	3493983	18518520	94867248	87215671	100345190	27777376	0	0
FFQ	89	0	0	0	0	0	0	241199	0	451696	1026372	447362	856612	1764035	2915078	386783	0	0	0	610286	0	238144	0	0	7419492	0	1832130	708305	3911488	3502021	18509063	95040728	87221719	100150184	27803340	0	0
FFQ	90	0	0	756	0	0	0	245779	0	460385	1030299	451279	874614	1779008	2919980	397246	0	0	0	598747	0	241930	0	0	7423976	0	1817741	733431	3941524	3505430	18605136	94814531	87201656	100189982	27802607	0	0
FFQ	91	0	0	0	0	0	0	254556	0	475884	1077749	467860	904101	1827864	2998999	400931	0	0	0	633492	248830	0	0	1421065	6142125	1906094	735488	4030238	3606831	1246829	17340106	95727944	85994103	99923632	27671316	0	0
FFQ	92	0	0	46	0	0	0	249601	0	459794	1054507	461665	880679	1793484	2961214	401572	0	0	0	625840	0	244086	0	0	7504077	0	1868885	716043	3966170	3553765	18533642	94942155	87028582	100018530	27771700	0	0
FFQ	93	0	0	165	0	0	0	255899	0	465651	1046263	454363	880079	1796855	2934848	404567	0	0	0	608154	0	247796	0	0	7515405	0	1820221	740156	3941397	3500787	18566402	94790445	87090291	100220138	27756155	0	0
FFQ	94	0	0	0	0	0	0	252361	0	465792	1050250	461417	886886	1799027	2985895	398776	0	0	0	612435	0	245269	0	0	7528811	0	1838245	724519	3948438	3528469	18606810	94707111	87172994	100096457	27726075	0	0
FFQ	95	0	0	0	0	0	0	253009	0	481772	1063975	465433	911360	1833765	3011959	417359	0	0	0	610739	0	248236	0	0	7524795	0	1846814	752278	4012395	3554926	18597466	94538370	87168941	100006235	27736210	0	0
FFQ	96	0	0	0	0	0	0	256117	0	503057	1135944	484892	953973	1897598	3121111	423449	0	0	0	655956	248490	0	0	1460364	6043874	1953260	754356	4125329	3678817	1274162	17259486	95529489	85795971	99863792	27616550	0	0
FFQ	97	0	0	0	0	0	0	256588	0	492609	1107242	480728	934918	1862669	3088754	414670	0	0	0	639406	245790	0	0	1440007	6073112	1911690	743574	4059399	3630193	1259526	17318550	95622911	85899535	99902790	27651376	0	0
FFQ	98	0	0	0	0	0	0	258528	0	500414	1109875	480541	951613	1880656	3085412	424271	0	0	0	629322	249072	0	0	1457981	6067976	1902117	767830	4093195	3621205	1272636	17282658	95504883	85948325	99888783	27658744	0	0
FFQ	99	0	0	0	0	0	0	263867	0	505160	1132433	490395	960024	1907388	3155732	421530	0	0	0	652893	251477	0	0	1460764	6112132	1938961	753234	4120825	3687220	1278017	17265952	95289553	85879238	99907326	27601916	0	0
FFQ	100	0	0	0	0	0	0	260632	0	506010	1117400	483377	954085	1899348	3125751	432713	0	0	0	632548	249622	0	0	1454223	6029563	1896270	768473	4097533	3640886	1276653	17245523	95511703	85948058	99932481	27573185	0	0
FFQ	101	0	0	0	0	0	0	268382	0	513645	1142032	493284	972826	1923748	3176514	434561	0	0	0	647578	253004	0	0	1472825	6080857	1936244	771981	4145972	3685257	1284919	17274308	95438139	85845665	99739430	27534866	0	0
FFQ	102	0	0	4	0	0	274403	0	522466	1160735	492979	982963	1933588	3196316	438175	0	0	0	647896	257186	0	0	1480535	0	8034811	771100	4161943	3705641	1286689	0	18328439	94384177	85790362	99641469	27544160	0	0
FFQ	103	0	0	3	0	0	0	272415	0	519534	1149286	495531	987497	1945305	3175080	437326	0	0	0	649048	257240	0	0	1493403	6081987	1951239	783165	4174525	3716185	1295033	17308592	95457954	85714657	99680060	27490972	0	0
FFQ	104	0	0	30	0	0	0	276189	0	538714	1203534	505170	1022388	1989194	3256343	446113	0	0	0	680169	259398	0	0	1531741	6075883	2036285	793024	4274684	3809738	1319389	17236955	95356235	85438383	99518306	27468172	0	0
FFQ	105	0	0	0	0	0	276483	0	538474	1214056	512022	1021761	1994945	3282221	446536	0	0	0	684844	0	258256	0	0	1525462	6081467	2036472	774512	4267991	3818081	1318447	17256721	95173411	85531040	99537985	27484850	0	0
FFQ	106	0	0	181	0	0	0	280000	0	545742	1204580	506605	1031818	2000915	3274918	450380	0	0	0	670795	263178	0	0	1535558	6105729	2023668	797525	4282683	3808000	1321496	17249472	95116274	85675481	99488976	27402063	0	0
FFQ	107	0	0	0	0	0	278927	0	559220	1239368	521140	1053731	2042363	3361547	456345	0	0	0	691521	0	260875	0	0	1551226	6069342	2065772	790567	4341706	3857796	1335682	17189613	95010392	85586803	99358762	27413339	0	0
FFQ	108	0	0	22	0	0	280967	0	552814	1214413	518910	1046779	2021357	3329870	457380	0	0	0	674009	0	260257	0	0	1544634	6055448	2015035	794660	4300705	3811067	1327046	17261098	94905008	85669226	99544520	27450812	0	0
FFQ	109	0	0	0	0	0	286269	0	564888	1241434	522576	1061942	2045479	3364997	460418	0	0	0	683666	0	265223	0	0	1568468	6070769	2053201	809420	4346920	3854290	1341844	17203058	94930504	85563787	99414575	27382309	0	0
FFQ	110	0	0	52	0	0	287210	0	576356	1268741	530284	1086760	2081168	3422904	467266	0	0	0	696161	0	265618	0	0	1584896	6060815	2091392	813840	4406040	3917880	1358133	17162360	94861915	85510866	99243057	27342323	0	0
FFQ	111	0	0	0	0	0	289697	0	588505	1286420	539000	1110433	2112271	3473978	474825	0	0	0	706432	0	268016	0	0	1609072	6036375	2113876	822812	4458929	3963627	1369742	17179993	94794763	85318809	99223204	27295258	0	0
FFQ	112	0	0	60	0	0	289913	0	593265	1300566	542777	1117510	2118030	3495896	477899	0	0	0	709900	0	266987	0	0	1613797	6043872	2130290	826471	4472693	3960967	1372315	17155135	94858795	85286546	99111139	27291214	0	0
FFQ	113	0	0	0	0	0	292999	0	583573	1287012	540254	1115929	2096639	3460639	476337	0	0	0	699004	0	266614	0	0	1600961	6051367	2103739	824375	4452026	3925459	1367768	17239311	94838466	85402927	99071307	27339331	0	0
FFQ	114	0	0	61	0	0	294089	0	580376	1279806	541048	1112521	2104805	3452760	484354	0	0	0	691703	0	268318	0	0	1602950	6054566	2083613	835631	4441320	3918650	1365734	17256172	94826886	85321685	99152729	27366260	0	0
FFQ	115	0	0	0	0	0	301245	0	604258	1317132	549070	1146256	2151235	3532049	495658	0	0	0	712891	0	275288	0	0	1642351	6062915	2144083	850611	4534234	3998320	1390857	17187503	94729175	85100700	99065313	27244893	0	0
FFQ	116	0	0	0	0	0	302061	0	606600	1337420	550863	1147584	2154625	3550075	487786	0	0	0	725399	0	271874	0	0	1642063	6054787	2167334	837164	4535225	4009987	1387704	17146469	94702956	85069928	99089358	27258775	0	0
FFQ	117	0	0	0	0	0	300031	0	600337	1306340	550294	1138251	2143963	3531330	486463	0	0	0	704301	0	271906	0	0	1633903	6046738	2123814	847661	4515914	3992389	1386239	17189630	94534616	85338885	99154358	27238674	0	0
FFQ	118	0	0	8	0	0	301192	0	615807	1342256	555685	1169633	2188115	3595646	502808	0	0	0	715683	0	276033	0	0	1661274	6066343	2172071	862713	4594468	4045246	1404562	17126921	94553970	85239994	98881054	27164555	0	0
FFQ	119	0	0	0	0	0	306919	0	639505	1392341	571033	1207116	2242695	3683477	510087	0	0	0	746028	0	276619	0	0	1701005	6023992	2240124	870645	4682596	4140994	1430456	17084988	94434310	85007013	98747888	27096206	0	0
FFQ	120	0	0	144	0	0	307839	0	640013	1385640	575115	1211788	2238701	3691187	505975	0	0	0	746666	0	275742	0	0	1701603	6034998	2237166	861609	4682373	4147862	1432807	17128737	94345221	84962832	98836330	27085689	0	0
FFQ	121	0	0	0	0	0	311078	0	643678	1390211	574008	1213789	2243628	3700605	511766	0	0	0	736098	0	279599	0	0	1703658	6070302	2222526	873404	4676052	4122353	1429730	17078798	94335765	85071592	98770595	27076802	0	0
FFQ	122	0	0	0	0	0	312354	0	651438	1407196	582645	1234051	2277717	3746710	522414	0	0	0	738128	0	281089	0	0	1718005	6044173	2234733	887322	4718234	4157451	1437674	17055599	94278336	84949554	98739097	27062117	0	0
FFQ	123	0	0	0	0	0	307096	0	629193	1368202	567798	1195103	2226265	3680760	520285	0	0	0	723392	0	273073	0	0	1680052	6010689	2177063	864910	4629980	4078036	1417259	17144298	94476184	85076515	98860623	27129261	0	0
FFQ	124	0	0	0	0	0	311103	0	631785	1346635	560705	1195192	2207057	3631462	520705	0	0	0	698547	0	279064	0	0	1681043	6049924	2142983	889293	4607755	4012335	1412485	17150999	94440333	85129311	99055379	27081942	0	0
FFQ	125	0	0	0	0	0	315690	0	654299	1407096	581313	1240210	2278124	3753996	534272	0	0	0	732012	0	282154	0	0	1725591	6052097	2223811	899032	4722756	4137163	1449701	17102696	94262473	84968628	98695569	27017354	0	0
FFQ	126	0	0	0	0	0	319851	0	676674	1443559	594877	1279646	2323805	3827130	540852	0	0	0	753925	0	287387	0	0	1769999	6041368	2278193	913118	4821778	4228158	1473874	17118525	94038898	84769547	98589292	26945581	0	0
FFQ	127	0	0	0	0	0	320235	0	677282	1458418	596336	1279132	2326847	3855910	542162	0	0	0	759892	0	285191	0	0	1766384	6061976	2294832	905377	4832522	4257012	1475679	17070545	94144223	84672846	98531236	26922000	0	0
FFQ	128	0	0	42	0	0	322440	0	672136	1438408	588709	1271826	2316050	3813243	545012	0	0	0	742948	0	288820	0	0	1758281	6082942	2255698	913355	4800633	4193243	1467380	17041165	94117430	84801693	98671652	26932931	0	0
FFQ	129	0	0	57	0	0	324529	0	701807	1473757	605447	1312855	2369904	3904795	550944	0	0	0	758673	0	290459	0	0	1801041	6009805	2307491	928445	4890531	4275943	1490516	17069760	93865919	84787142	98464976	26851241	0	0
FFQ	130	0	0	2	0	0	328214	0	722352	1529014	622677	1360755	2425818	4001851	558537	0	0	0	785491	0	294334	0	0	1848152	6032028	2393288	945578	5010107	4399189	1527722	16994182	93661592	84550146	98286932	26758076	0	0
FFQ	131	0	0	0	0	0	327453	0	703824	1513831	617594	1335977	2394135	3965557	550724	0	0	0	781462	0	289297	0	0	1819650	6030703	2368636	917392	4955544	4356261	1502221	17056980	93801480	84641059	98264244	26842013	0	0
FFQ	132	0	0	0	0	0	328520	0	694317	1471448	604864	1313026	2353257	3911822	557485	0	0	0	744634	290973	0	0	1792092	0	8316495	929183	4868678	4232562	1481727	0	18262006	92697695	84756310	98558960	26869983	0	0
FFQ	133	0	0	0	0	0	332335	0	724535	1517243	618436	1364261	2434218	3999906	571735	0	0	0	767139	0	295026	0	0	1839736	6016771	2351062	960861	4992186	4343037	1519813	16996961	93662960	84619215	98353701	26754900	0	0
FFQ	134	0	0	0	0	0	334427	0	748657	1568797	638405	1413323	2492245	4113599	579059	0	0	0	798513	0	299447	0	0	1892199	5997909	2432487	969687	5109889	4472303	1552747	16942259	93591747	84365307	98033768	26689263	0	0
FFQ	135	0	0	1131	0	0	339945	0	750133	1578011	644585	1415124	2503364	4136155	583514	0	0	0	800216	0	299685	0	0	1894581	6020621	2439469	968030	5122569	4484096	1551574	16994643	93546768	84266427	98008133	26687263	0	0
FFQ	136	0	0	123	0	0	340765	0	754524	1576192	644500	1424901	2492536	4110868	587814	0	0	0	788613	0	304326	0	0	1908460	6082030	2431695	980347	5129510	4460125	1551328	16995677	93469409	84329699	98040962	26631633	0	0
FFQ	137	0	0	0	0	0	345680	0	760685	1596841	652349	1442957	2520453	4155532	591138	0	0	0	809238	0	307167	0	0	1919783	6086314	2458670	980866	5172502	4514556	1565630	16952903	93422539	84265848	97905769	26608617	0	0
FFQ	138	0	0	0	0	0	342940	0	757433	1574738	645714	1430453	2501707	4146348	604637	0	0	0	790531	0	302977	0	0	1902959	6048250	2420659	981881	5140606	4468684	1554422	16958245	93497387	84334001	98004717	26626748	0	0
FFQ	139	0	0	16	0	0	352886	0	783790	1615555	653104	1466013	2543557	4186300	602795	0	0	0	802149	0	311528	0	0	1948636	6033359	2469725	1010110	5212701	4517995	1582958	16937735	93319524	84242724	97897326	26545551	0	0
FFQ	140	0	0	0	0	0	350649	0	789670	1643585	668576	1501615	2580501	4260840	599266	0	0	0	822604	0	309508	0	0	1968444	6051479	2519948	1004635	5284678	4613374	1591392	16901930	93107869	84134757	97816650	26514067	0	0
FFQ	141	0	0	0	0	0	343468	0	784583	1625666	662434	1490195	2567511	4255664	610419	0	0	0	804840	0	303386	0	0	1955853	5983709	2478656	1005074	5261348	4562492	1591935	16927498	93074986	84324716	97908897	26512707	0	0
FFQ	142	0	0	14	0	0	351813	0	822034	1680344	677977	1548970	2639834	4344263	622247	0	0	0	830509	0	314003	0	0	2017439	5956820	2559937	1042523	5393377	4671545	1632978	16875912	93012753	84021743	97630124	26388878	0	0
FFQ	143	0	0	0	0	0	349757	0	799743	1664113	677404	1520777	2593901	4318966	610623	0	0	0	828221	0	305164	0	0	1984557	0	8544460	1002053	5330147	4635075	1603981	0	18183967	91892367	84102194	97618990	26469577	0
FFQ	144	0	0	0	0	0	351516	0	805220	1642711	668333	1531114	2599372	4261000	623582	0	0	0	799349	0	313828	0	0	1993119	0	8513961	1047021	5327695	4571012	1606961	0	18139753	91710891	84228820	97837578	26463201	0
FFQ	145	0	0	0	0	0	357390	0	827140	1708678	693771	1573504	2662072	4417500	624761	0	0	0	841334	0	314382	0	0	2025422	6034164	2586974	1032197	5434816	4716357	1630242	16841022	92876232	83958600	97493402	26386077	0	0
FFQ	146	0	0	13	0	0	0	358349	0	834899	1702249	691834	1589222	2674496	4402193	644440	0	0	0	828311	0	317684	0	0	2041122	5999161	2566897	1059935	5454460	4684732	1643861	16886146	92814418	83921708	97560321	26359586	0
FFQ	147	0	0	0	0	0	0	363203	0	846052	1723848	705220	1602275	2698385	4457608	642231	0	0	0	839679	316222	0	0	2054120	0	8619353	1053170	5477570	4732580	1646538	0	18152051	91521157	83859516	97426382	26298877	0
FFQ	148	0	0	0	0	0	0	368803	0	883246	1773420	720690	1661715	2767450	4551923	663338	0	0	0	854243	328818	0	0	2117641	0	8653810	1102929	5598569	4828956	1682189	0	18061516	91237114	83702916	97334790	26141961	0
FFQ	149	0	0	2	0	0	0	375457	0	898852	1832888	742997	1707551	2814772	4667421	659682	0	0	0	897431	329125	0	0	2155447	5988165	2743545	1089749	5718499	4991320	1711826	16704290	92457897	83453188	97021069	26074864	0	0
FFQ	150	0	0	1145	0	0	0	369673	0	880811	1788116	724340	1676515	2767723	4580901	661834	0	0	0	862245	327179	0	0	2125092	6013544	2681505	1082936	5652170	4885586	1688228	16767486	92448898	83650273	97243509	26156328	0	0
# Last Fragment Qualities. Use `grep ^LFQ | cut -f 2-` to extract this part.
# Columns correspond to qualities and rows to cycles. First column is the cycle number.
LFQ	1	0	0	0	0	0	0	0	0	0	0	0	6594423	0	0	0	0	0	0	0	0	0	0	0	0	10355723	0	0	0	0	338096412	0	0	0	0	0	0
LFQ	2	0	0	584	0	0	0	0	171797	0	326851	552985	367161	629707	969549	2015074	285282	0	0	0	300775	0	180965	6732615	0	1202054	0	1290411	583040	19420150	97116848	81691217	106199505	35009988	0	0	0
LFQ	3	0	0	254	0	0	0	0	0	103270	0	253226	634815	300855	434736	1060785	2244698	298886	0	0	0	298286	129653	0	5071768	978668	0	1499037	489153	3191773	21351755	90878451	91949485	100484028	33392976	0	0
LFQ	4	0	0	3824	0	0	0	0	0	103848	0	262111	629115	270749	504461	1088428	2329208	296655	0	0	0	344032	142699	0	5883431	936103	0	1455392	506613	3514119	19740647	92716916	91331048	101755090	31232069	0	0
LFQ	5	0	0	152	0	0	0	0	0	113564	0	272001	623926	256699	520591	1109895	2362607	263104	0	0	0	368387	0	145988	6094107	0	938796	0	1428871	468812	19760675	96968356	89080322	103617337	30652368	0	0
LFQ	6	0	0	61	0	0	0	105826	0	291393	626167	279447	576726	1080771	2374505	264651	0	0	0	337855	133962	0	0	6775586	0	1459087	437610	3450051	2538418	18624761	94378567	90045017	101511739	29754358	0	0	0
LFQ	7	0	0	0	0	0	0	118555	0	286373	664042	274987	595784	1142515	2396752	255374	0	0	0	365941	0	150191	0	6506724	964325	0	1529946	452249	3438160	19879953	95496939	88844310	102739200	28944238	0	0	0
LFQ	8	0	0	0	0	0	0	111799	0	301225	679769	281001	615365	1156030	2421362	269436	0	0	0	356852	0	136151	0	5833327	988065	0	1546435	460237	3463306	19873447	95962800	89428385	101904782	29256784	0	0	0
LFQ	9	0	0	0	0	0	0	117740	0	304971	685530	289778	642057	1205823	2509320	260463	0	0	0	383502	0	143316	0	6041176	983147	0	1519039	472696	3499121	19923727	96001374	88177257	102685793	29200728	0	0	0
LFQ	10	0	0	0	0	0	0	122966	0	318591	710641	295046	675891	1194683	2543713	259383	0	0	0	379687	144299	0	0	7116795	0	1572467	470533	3485434	2548919	18249929	95230914	88627157	102180668	28918842	0	0	0
LFQ	11	0	0	0	0	0	0	124947	0	313431	712530	303235	691432	1227583	2568908	265558	0	0	0	377691	148316	0	0	7104243	0	1551357	484974	3500003	2572305	18443488	95490005	88740931	101454353	28971268	0	0	0
LFQ	12	0	0	0	0	0	0	123249	0	315458	696402	300780	709116	1200377	2511263	259131	0	0	0	369547	145184	0	0	7138686	0	1531187	477731	3445067	2501423	18387422	95648195	88424684	101763711	29097945	0	0	0
LFQ	13	0	0	0	0	0	0	128426	0	321199	716415	303650	741836	1232324	2535145	259350	0	0	0	373846	148890	0	0	7176898	0	1552649	484546	3488420	2536633	18378819	95406973	88107303	101730092	29423144	0	0	0
LFQ	14	0	0	2	0	0	0	130049	0	334021	734711	313356	773911	1266424	2597294	262440	0	0	0	382099	152568	0	0	7151137	0	1566881	497109	3554698	2629304	18315410	95042161	88201871	101526893	29614219	0	0	0
LFQ	15	0	0	0	0	0	0	128000	0	329294	725903	315663	790264	1262950	2533631	253731	0	0	0	378414	145264	0	0	7047598	0	1558465	488127	3506114	2567177	18369137	95166509	88714333	101218773	29547211	0	0	0
LFQ	16	0	0	0	0	0	0	130999	0	340613	739209	316270	806174	1281249	2582015	256575	0	0	0	385703	150217	0	0	7117097	0	1558708	504047	3519108	2612813	18315979	94802374	88345409	102037840	29244159	0	0	0
LFQ	17	0	0	61	0	0	0	131360	0	345771	738309	326690	824707	1284123	2570315	259971	0	0	0	380353	149405	0	0	7078998	0	1551629	505017	3509883	2593924	18412994	95056178	88522865	101655665	29148340	0	0	0
LFQ	18	0	0	0	0	0	0	132269	0	356625	765703	329942	855589	1304666	2561315	261228	0	0	0	392400	149098	0	0	7117660	0	1580575	508187	3543360	2614613	18531415	95053263	88542922	101394076	29051652	0	0	0
LFQ	19	0	0	0	0	0	0	137755	0	359939	782203	336427	878262	1334452	2591729	260966	0	0	0	404023	155903	0	0	7223613	0	1598870	515519	3571903	2650902	18287037	95099013	88378131	101540441	28939470	0	0	0
LFQ	20	0	0	0	0	0	0	137556	0	365800	774177	342486	895929	1333817	2586761	264305	0	0	0	396751	151837	0	0	7067868	0	1574896	521244	3554609	2625038	18263395	95102641	88556609	101645977	28884862	0	0	0
LFQ	21	0	0	0	0	0	0	141645	0	378198	796924	348206	914504	1355688	2623586	271763	0	0	0	401550	156567	0	0	7142898	0	1596399	533609	3588204	2664332	18290863	95166010	88472914	101280372	28922326	0	0	0
LFQ	22	0	0	0	0	0	0	147345	0	382489	805891	359236	954331	1384677	2647534	272880	0	0	0	411952	160535	0	0	7154672	0	1608541	549048	3628548	2695209	18430247	94980135	88551232	101063099	28858957	0	0	0
LFQ	23	0	0	774	0	0	0	150407	0	382226	815157	364547	954093	1390679	2630517	271827	0	0	0	416059	162136	0	0	7242535	0	1610497	548159	3626137	2690995	18544271	95099953	88294243	101086427	28764919	0	0	0
LFQ	24	0	0	0	0	0	0	155686	0	398829	846630	367484	978997	1411389	2686245	272863	0	0	0	427356	169573	0	0	1142637	6155277	1659471	557062	3704570	2765946	1034395	17333350	95948889	87239416	101162809	28627684	0	0
LFQ	25	0	0	6	0	0	0	157158	0	407612	851709	377038	1017664	1439872	2715599	276061	0	0	0	427486	172421	0	0	1168278	6120707	1667678	568950	3746962	2812199	1050963	17424397	95674782	87191131	101195508	28582377	0	0
LFQ	26	0	0	16	0	0	0	158877	0	406819	858171	383373	1012619	1455814	2722953	281162	0	0	0	433964	172599	0	0	1158833	6144812	1658245	568009	3724335	2809309	1044721	17424768	95762914	87237940	101048530	28577775	0	0
LFQ	27	0	0	14	0	0	0	160623	0	408803	846100	378941	1020419	1455427	2703429	284215	0	0	0	426482	171347	0	0	7283562	0	1630849	574859	3709812	2789903	18433223	95068645	88117344	101055507	28527054	0	0	0
LFQ	28	0	0	0	0	0	0	162382	0	423659	873809	386062	1046645	1480466	2745686	290108	0	0	0	433105	172393	0	0	1177330	6061199	1652464	586366	3769423	2821663	1066683	17362380	95938258	87133207	100922528	28540742	0	0
LFQ	29	0	0	0	0	0	0	167884	0	427635	894285	395703	1073846	1513199	2781703	290156	0	0	0	620226	0	0	1194794	0	7702993	593627	3811995	2854610	1071058	0	18321160	94992319	86978134	100795583	28565648	0	0
LFQ	30	0	0	0	0	0	0	169893	0	433491	886002	399023	1093997	1513699	2786685	294761	0	0	0	615856	0	0	1204359	0	7767282	603837	3827278	2872647	1083253	0	18275602	94660036	87105701	100936337	28516819	0	0
LFQ	31	0	0	0	0	0	174500	0	434846	915302	404214	1104730	1541123	2804534	297564	0	0	0	449332	181780	0	0	1209812	0	7880095	600761	3855433	2919517	1081879	0	18169659	94972009	86905538	100711720	28432210	0	0
LFQ	32	0	0	0	0	0	175188	0	448465	947835	412907	1123069	1560660	2836015	300582	0	0	0	458094	181642	0	0	1233808	0	7819688	610145	3908137	2948414	1088978	0	18258555	94916018	86864311	100515376	28438671	0	0
LFQ	33	0	0	0	0	0	177274	0	448358	959562	420444	1134595	1567274	2854558	302791	0	0	0	467322	180712	0	0	1225585	0	7828484	601359	3903782	2949550	1087154	0	18202737	94761651	86908641	100657242	28407483	0	0
LFQ	34	0	0	0	0	0	185780	0	465385	966515	420027	1167919	1602023	2907344	314031	0	0	0	462474	188749	0	0	1257382	0	7845180	622050	3973258	2990466	1113021	0	18200937	94659703	86913920	100463294	28327100	0	0
LFQ	35	0	0	0	0	0	184045	0	459068	967945	426914	1166296	1604988	2880732	316579	0	0	0	461634	185874	0	0	1249078	0	7837330	618291	3937703	2972646	1096979	0	18202960	94932721	86819051	100411049	28314675	0	0
LFQ	36	0	0	33	0	0	188261	0	465629	992748	427132	1175815	1614103	2906042	315436	0	0	0	470439	188643	0	0	1265888	0	7889544	623635	3989513	3018872	1103772	0	18225694	94637991	86848587	100416527	28282254	0	0
LFQ	37	0	0	44	0	0	189633	0	466704	1002570	435230	1195140	1640833	2930688	320011	0	0	0	478278	189649	0	0	1268707	0	7930051	625270	4003340	3034960	1106154	0	18209422	94475518	86932827	100317011	28294518	0	0
LFQ	38	0	0	0	0	0	192938	0	488222	1026953	440679	1221333	1665456	2972838	326686	0	0	0	482798	192274	0	0	1296137	0	7917845	635101	4065914	3073756	1130287	0	18211108	94514173	86906500	100046619	28238941	0	0
LFQ	39	0	0	4	0	0	193941	0	487013	1030320	449932	1230252	1670966	2982072	327869	0	0	0	485013	190700	0	0	1298075	0	7852351	643637	4070093	3089917	1126176	0	18223857	94320188	86851784	100243050	28279348	0	0
LFQ	40	0	0	6	0	0	198958	0	494904	1059799	451433	1254193	1696477	3014984	330274	0	0	0	491811	193994	0	0	1316369	0	7900233	642800	4122198	3126701	1142189	0	18246081	94510732	86532188	100085269	28234965	0	0
LFQ	41	0	0	9	0	0	204341	0	503333	1068718	457195	1286092	1721110	3035280	339162	0	0	0	493103	198904	0	0	1335376	0	7968513	661346	4170880	3157776	1155996	0	18264076	94379516	86490289	99977182	28178361	0	0
LFQ	42	0	0	0	0	0	202056	0	496256	1073565	468210	1260854	1729207	3041225	338265	0	0	0	507938	194413	0	0	1312305	0	8006816	647258	4108438	3132521	1132506	0	18234860	94318560	86611238	100058554	28171513	0	0
LFQ	43	0	0	0	0	0	210170	0	517277	1076116	460480	1284337	1744064	3072916	351716	0	0	0	494245	198695	0	0	1332408	0	7943440	676992	4152784	3124079	1156153	0	18151151	94327430	86423739	100142974	28205392	0	0
LFQ	44	0	0	0	0	0	214073	0	526956	1154230	475391	1315794	1785437	3151419	348904	0	0	0	527417	202445	0	0	1365060	0	8024129	665794	4265962	3247170	1180066	0	18214591	94208431	86247005	99728807	28197477	0	0
LFQ	45	0	0	468	0	0	211596	0	520033	1112719	478964	1320870	1789314	3122994	353961	0	0	0	508744	202484	0	0	1357806	0	7995062	672163	4210511	3200557	1170674	0	18284175	94080975	86410866	99889743	28151879	0	0
LFQ	46	0	0	0	0	0	217260	0	530407	1125127	478700	1328441	1789898	3140571	359576	0	0	0	516123	204469	0	0	1370773	0	8027682	674893	4240747	3218700	1180085	0	18244475	94246437	86267667	99792990	28091537	0	0
LFQ	47	0	0	89	0	0	222776	0	530001	1123382	476249	1341905	1792979	3123552	361401	0	0	0	511739	206568	0	0	1365806	0	8003207	684756	4243322	3197073	1185341	0	18241668	94405878	86032655	99904859	28091352	0	0
LFQ	48	0	0	0	0	0	225660	0	549262	1175648	492978	1371025	1850286	3214302	364594	0	0	0	533511	207929	0	0	1405530	0	8010475	695705	4324515	3289320	1198102	0	18155050	94100059	85966516	99881765	28034326	0	0
LFQ	49	0	0	0	0	0	228109	0	553423	1198434	502065	1377366	1867298	3242221	369492	0	0	0	540373	208988	0	0	1410089	0	8075843	689916	4346153	3317052	1197612	0	18213636	93812323	86290563	99577353	28028249	0	0
LFQ	50	0	0	69	0	0	230037	0	556713	1200413	496154	1396481	1877676	3254827	376798	0	0	0	537823	211806	0	0	1410499	0	8107920	698993	4366688	3318108	1208470	0	18062949	93860674	86238197	99585086	28050177	0	0
LFQ	51	0	0	0	0	0	228084	0	557037	1187627	505496	1398074	1876554	3266317	383495	0	0	0	531186	207331	0	0	1406181	0	7971791	702136	4334583	3286250	1198580	0	18118154	93928021	86270089	99621335	28068237	0	0
LFQ	52	0	0	0	0	0	234887	0	569090	1214168	508199	1415198	1898102	3295492	384393	0	0	0	537468	211797	0	0	1431983	0	7999724	715355	4385863	3318801	1211511	0	18195358	93888095	86076077	99535549	28019448	0	0
LFQ	53	0	0	0	0	0	239053	0	575504	1239582	513419	1441075	1917050	3319316	380936	0	0	0	551028	217611	0	0	1445757	0	8134286	712674	4434014	3385041	1225538	0	18168134	93625318	86039105	99543778	27938339	0	0
LFQ	54	0	0	139	0	0	236440	0	577050	1229644	517414	1449747	1932628	3330585	390453	0	0	0	546526	215396	0	0	1445148	0	8085443	720630	4435681	3379906	1222620	0	18107903	93659514	86035136	99576918	27951637	0	0
LFQ	55	0	0	0	0	0	241515	0	581259	1250156	521381	1443629	1930086	3340866	390365	0	0	0	552416	214989	0	0	1447650	0	8093665	713928	4436329	3377404	1222795	0	18160408	93793878	86001717	99342729	27989393	0	0
LFQ	56	0	0	823	0	0	245028	0	581367	1252380	516058	1452614	1934283	3340035	389978	0	0	0	550492	217673	0	0	1454355	0	8078545	720487	4450551	3393110	1229099	0	18181879	93682609	85984323	99372268	28018601	0	0
LFQ	57	0	0	132	0	0	245050	0	583765	1239809	523415	1462540	1947738	3345378	397163	0	0	0	547367	219503	0	0	1457008	0	8102774	729056	4450441	3389116	1228038	0	18143245	93675587	86045013	99347305	27967115	0	0
LFQ	58	0	0	0	0	0	253266	0	603938	1305130	534322	1489345	1996115	3447968	408652	0	0	0	571075	224329	0	0	1494493	0	8160726	737052	4536133	3470860	1251014	0	18193007	93712248	85692805	99099316	27864764	0	0
LFQ	59	0	0	0	0	0	259962	0	621269	1337851	548427	1528073	2042479	3504548	416827	0	0	0	585813	229178	0	0	1522808	0	8196809	751465	4607992	3537114	1268796	0	18168289	93540230	85394574	99202450	27781604	0	0
LFQ	60	0	0	0	0	0	253790	0	610961	1332779	551157	1511726	2034310	3490924	417134	0	0	0	582284	222416	0	0	1503098	0	8144172	740875	4560085	3510699	1259308	0	18152139	93505426	85608613	99228379	27826283	0	0
LFQ	61	0	0	0	0	0	262063	0	627491	1342208	546443	1536494	2049408	3520255	418012	0	0	0	584746	230693	0	0	1526792	0	8181953	758048	4624038	3532014	1274742	0	18135606	93276783	85725440	99084983	27808346	0	0
LFQ	62	0	0	0	0	0	263041	0	635291	1367412	559997	1559200	2078755	3580857	419379	0	0	0	598833	230459	0	0	1545293	0	8182016	756062	4671828	3595222	1287334	0	18120338	93146009	85562605	99089026	27797601	0	0
LFQ	63	0	0	21	0	0	263588	0	625543	1346420	561854	1553474	2062541	3553362	429456	0	0	0	579061	229762	0	0	1526827	0	8156986	758266	4613200	3531005	1269867	0	18120615	93131565	85683579	99233080	27816486	0	0
LFQ	64	0	0	0	0	0	271424	0	643648	1400371	566720	1572341	2104060	3615149	434475	0	0	0	600225	236444	0	0	1556499	0	8289135	766976	4687647	3602362	1289672	0	18125802	93062140	85588573	98899567	27733328	0	0
LFQ	65	0	0	0	0	0	271923	0	642457	1382970	572391	1579929	2118509	3614857	435419	0	0	0	600413	231837	0	0	1547265	0	8196730	766235	4679923	3602469	1284840	0	18048680	93196609	85566429	98904560	27802113	0	0
LFQ	66	0	0	0	0	0	274279	0	655231	1394871	574333	1586843	2129095	3653624	442614	0	0	0	598079	233664	0	0	1558875	0	8188292	778310	4689676	3602614	1288399	0	18043320	93127277	85420578	99045415	27761169	0	0
LFQ	67	0	0	0	0	0	280717	0	672443	1458262	586753	1617922	2172579	3724317	448621	0	0	0	617981	239798	0	0	1589668	0	8274667	781669	4779559	3684381	1315192	0	18125690	92960856	85439798	98612465	27663220	0	0
LFQ	68	0	0	0	0	0	281291	0	659395	1412855	584907	1617330	2152892	3687797	447349	0	0	0	603619	241335	0	0	1582709	0	8267622	779122	4736412	3654031	1306416	0	18163720	92998818	85312295	98814337	27742306	0	0
LFQ	69	0	0	172	0	0	281930	0	664763	1403515	579006	1629802	2151190	3685900	457629	0	0	0	595070	242401	0	0	1588788	0	8220027	795266	4754317	3638296	1315578	0	18096642	93162444	85384178	98694336	27705308	0	0
LFQ	70	0	0	0	0	0	289242	0	676873	1445445	586681	1650784	2183782	3727219	455048	0	0	0	614431	245417	0	0	1607353	0	8252701	801632	4806790	3689111	1325262	0	18113029	93043033	85164572	98718034	27650119	0	0
LFQ	71	0	0	0	0	0	288747	0	683389	1456707	595034	1668252	2201230	3775035	452451	0	0	0	616496	245845	0	0	1617270	0	8269828	798234	4815774	3715544	1332661	0	18120319	92769758	85096818	98893637	27633529	0	0
LFQ	72	0	0	957	0	0	292816	0	696558	1479093	608032	1686628	2245835	3839334	475229	0	0	0	620497	247823	0	0	1628300	0	8238880	815650	4849618	3738270	1338382	0	18056159	92651858	85239883	98668830	27627926	0	0
LFQ	73	0	0	0	0	0	298800	0	712495	1529637	618664	1704697	2288558	3889968	481215	0	0	0	647087	248902	0	0	1650840	0	8318768	818524	4911446	3807082	1350932	0	18034391	92663613	85110102	98410031	27550806	0	0
LFQ	74	0	0	0	0	0	297718	0	712942	1526401	619032	1704176	2280410	3895540	482352	0	0	0	641925	248371	0	0	1655067	0	8297270	814905	4906047	3792564	1349069	0	18062233	92680315	85070968	98458891	27550362	0	0
LFQ	75	0	0	0	0	0	299635	0	711018	1515827	620114	1707856	2274221	3884477	481966	0	0	0	632069	248573	0	0	1651911	0	8288749	820997	4881617	3766844	1346265	0	18108812	92661657	85074381	98474097	27595472	0	0
LFQ	76	0	0	0	0	0	304524	0	715277	1527366	623439	1718823	2299308	3917129	485458	0	0	0	642939	250199	0	0	1657430	0	8329665	819048	4903370	3795158	1356081	0	18081337	92433022	85101951	98538334	27546700	0	0
LFQ	77	0	0	0	0	0	308568	0	727811	1542907	621193	1730954	2321098	3952881	495177	0	0	0	643104	255279	0	0	1669972	0	8298662	828637	4944375	3824775	1368653	0	18025524	92501091	85001536	98530864	27453497	0	0
LFQ	78	0	0	0	0	0	312135	0	745633	1574280	633464	1770272	2349753	4009861	498637	0	0	0	655127	257159	0	0	1705627	0	8325289	844601	5017485	3877540	1385796	0	18063951	92408466	84887672	98306722	27417088	0	0
LFQ	79	0	0	0	0	0	313620	0	750187	1606650	637965	1783179	2371003	4041546	496799	0	0	0	927154	0	0	1715648	0	2367201	6870258	5053506	3929714	1396625	0	1108269	16900096	92306179	84831563	98250506	27388890	0	0
LFQ	80	0	0	0	0	0	314425	0	739637	1569989	636037	1776234	2353372	4018779	497949	0	0	0	652306	260589	0	0	1699811	0	8374645	838076	5020202	3890180	1387359	0	18032208	92275908	84929537	98364032	27415283	0	0
LFQ	81	0	0	1583	0	0	317746	0	743905	1580932	637180	1784207	2364862	4030837	509439	0	0	0	656158	260456	0	0	1711491	0	8359771	845429	5034607	3895213	1389762	0	18020751	92291081	84825306	98354022	27431820	0	0
LFQ	82	0	0	0	0	0	325051	0	760276	1618300	644716	1803732	2390053	4071675	511378	0	0	0	669899	265117	0	0	1733352	0	8438251	849643	5086023	3954828	1408450	0	18036885	92151393	84727643	98208251	27391642	0	0
LFQ	83	0	0	0	0	0	321527	0	764017	1630113	653406	1810423	2417467	4105185	515333	0	0	0	935193	0	0	1737699	0	2387725	6892674	5094815	3953938	1404898	0	1110786	16963850	92102742	84737867	98128493	27378407	0	0
LFQ	84	0	0	1927	0	0	324956	0	768755	1630263	653176	1817229	2427877	4119857	522621	0	0	0	934494	0	0	1744117	0	2379011	6872538	5100624	3945970	1409837	0	1105818	16967120	92119014	84740330	98146526	27314498	0	0
LFQ	85	0	0	2	0	0	329885	0	788201	1676387	660022	1846121	2456209	4183130	524854	0	0	0	955888	0	0	1773199	0	2433847	6882950	5171656	4023664	1428194	0	1131516	16906205	91965326	84614254	98066348	27228700	0	0
LFQ	86	0	0	0	0	0	330322	0	792784	1679415	670549	1873151	2474949	4214688	532424	0	0	0	954944	0	0	1788252	0	2436928	6889587	5204055	4048090	1441296	0	1124746	16927837	91940427	84591735	97861834	27268545	0	0
LFQ	87	0	0	7	0	0	339312	0	818531	1739511	684886	1915270	2540681	4297722	540116	0	0	0	989945	0	0	1829738	0	2507382	6929762	5315629	4158788	1472093	0	1163071	16854469	91671287	84330617	97740886	27206855	0	0
LFQ	88	0	0	0	0	0	336297	0	807603	1722276	691946	1890771	2531812	4297173	538555	0	0	0	980233	0	0	1800827	0	2477203	6931079	5238376	4101156	1447687	0	1151775	16784895	91791460	84424719	97890611	27210104	0	0
LFQ	89	0	0	20	0	0	343384	0	821178	1715201	679217	1906859	2539079	4303212	550536	0	0	0	968728	0	0	1814450	0	2455144	6869218	5252283	4084692	1458722	0	1129982	16795514	91837052	84458857	97875433	27187797	0	0
LFQ	90	0	0	0	0	0	343672	0	814573	1730567	692729	1904756	2536488	4302305	551660	0	0	0	972303	0	0	1812985	0	2464793	6854112	5242675	4095370	1449488	0	1135229	16887702	91792413	84444114	97797016	27221608	0	0
LFQ	91	0	0	777	0	0	349410	0	815429	1714837	683270	1910045	2539991	4291675	556424	0	0	0	974715	0	0	1812051	0	2447279	6965202	5246939	4075227	1456112	0	1126393	16871980	91755177	84477051	97831049	27145525	0	0
LFQ	92	0	0	0	0	0	351647	0	825986	1730045	695451	1932561	2560240	4324156	567339	0	0	0	987897	0	0	1830419	0	2477225	6942694	5286009	4117324	1469849	0	1142202	16804209	91774639	84311022	97759596	27156048	0	0
LFQ	93	0	0	0	0	0	364065	0	858896	1820651	713058	1975198	2629337	4427541	571455	0	0	0	1028928	0	0	1889916	0	2573913	6972284	5414069	4240804	1501194	0	1179042	16794367	91422708	84059709	97562667	27046756	0	0
LFQ	94	0	0	0	0	0	361717	0	867982	1852727	729892	1994961	2659743	4498585	561824	0	0	0	1039384	0	0	1906179	0	2612191	6974445	5447076	4313086	1506162	0	1201692	16821136	91256079	84081843	97349227	27010627	0	0
LFQ	95	0	0	320	0	0	360333	0	876377	1825363	726849	2017748	2667134	4498325	578546	0	0	0	1026591	0	0	1910101	0	2584287	6970720	5471624	4288267	1513891	0	1179992	16797050	91187525	84155056	97370843	27039616	0	0
LFQ	96	0	0	0	0	0	358532	0	871940	1860462	727027	2014889	2678003	4510761	579710	0	0	0	1038085	0	0	1905681	0	2609043	6896978	5470726	4304596	1511668	0	1203556	16738898	91336679	83974087	97441784	27013453	0	0
LFQ	97	0	0	0	0	0	359291	0	870584	1826906	717844	2008151	2653246	4487067	576840	0	0	0	1018231	0	0	1895007	0	2566753	6910793	5416744	4238134	1504837	0	1170571	16807658	91392430	84067619	97538678	27019174	0	0
LFQ	98	0	0	0	0	0	363914	0	888242	1845512	727416	2050869	2698761	4541190	589365	0	0	0	1025839	0	0	1926126	0	2582623	6934583	5474720	4278256	1525285	0	1170110	16757812	91208116	84040469	97415754	27001596	0	0
LFQ	99	0	0	0	0	0	372163	0	904545	1887388	753316	2069443	2746958	4619646	589545	0	0	0	1058019	0	0	1949201	0	2633954	6993627	5541541	4375468	1538156	0	1208957	16720893	90900091	83909599	97377233	26896815	0	0
LFQ	100	0	0	0	0	0	369981	0	912954	1916095	747615	2079049	2771905	4657888	604319	0	0	0	1061184	0	0	1959481	0	2657657	6910059	5581847	4404560	1552923	0	1212538	16670738	91053596	83841172	97234015	26846982	0	0
LFQ	101	0	0	1	0	0	379667	0	934889	1951022	757431	2117584	2799886	4719972	602272	0	0	0	1078583	0	0	1993750	0	2698997	6958787	5649220	4464567	1572609	0	1224391	16709997	90901213	83728813	97008377	26794530	0	0
LFQ	102	0	0	1	0	0	378427	0	942319	1967399	771951	2150967	2830074	4742903	615096	0	0	0	1081876	0	0	2011880	0	2710062	6975479	5681910	4482569	1569615	0	1222643	16713993	90877282	83643721	96891732	26784659	0	0
LFQ	103	0	0	67	0	0	382375	0	941845	1971174	778329	2142820	2837757	4757831	611524	0	0	0	1086867	0	0	2013574	0	2717849	6973055	5682235	4505195	1567625	0	1234065	16724418	90914189	83518997	96932041	26752726	0	0
LFQ	104	0	0	0	0	0	389022	0	963208	2002762	778047	2174912	2869213	4812652	624121	0	0	0	1110862	0	0	2044676	0	2754672	6987586	5756354	4556338	1593579	0	1251129	16670701	90764850	83358033	96852426	26731415	0	0
LFQ	105	0	0	2	0	0	393486	0	973193	2050135	805943	2198490	2912130	4893550	631420	0	0	0	1126089	0	0	2063799	0	2804637	6989820	5807095	4634246	1605513	0	1270199	16653443	90486238	83325794	96731631	26689705	0	0
LFQ	106	0	0	0	0	0	397610	0	987534	2071201	802308	2214896	2934861	4921658	633614	0	0	0	1135386	0	0	2084987	0	2820257	7019869	5834742	4660017	1607247	0	1273264	16630553	90406850	83399946	96593186	26616572	0	0
LFQ	107	0	0	0	0	0	386816	0	973632	2052065	801335	2202724	2925811	4906994	631463	0	0	0	1117417	0	0	2056116	0	2796703	6975119	5794170	4603860	1598610	0	1263345	16615002	90475454	83490532	96682863	26696527	0	0
LFQ	108	0	0	0	0	0	395355	0	974660	2008789	795157	2205189	2910472	4884895	640964	0	0	0	1097989	0	0	2048978	0	2734675	6961284	5766729	4536414	1595810	0	1228834	16675440	90390415	83575062	96902610	26716837	0	0
LFQ	109	0	0	0	0	0	402946	0	1003803	2069213	799526	2237542	2947850	4942075	648284	0	0	0	1123252	0	0	2091355	0	2798684	7011996	5839041	4618537	1619907	0	1247024	16617183	90249932	83399475	96741927	26637006	0	0
LFQ	110	0	0	0	0	0	394896	0	980966	2051448	803041	2219027	2929938	4908700	638996	0	0	0	1114402	0	0	2066430	0	2789498	6985284	5800510	4607051	1602108	0	1250774	16607652	90448076	83515118	96673319	26659324	0	0
LFQ	111	0	0	591	0	0	400170	0	1001247	2037376	788506	2248876	2945844	4920346	650617	0	0	0	1114326	0	0	2089336	0	2774643	6991857	5857069	4608801	1627662	0	1240247	16631495	90353927	83383636	96757621	26622365	0	0
LFQ	112	0	0	1	0	0	405758	0	1026105	2121754	830031	2296287	3011646	5054409	655959	0	0	0	1149534	0	0	2137585	0	2872191	7005761	5953418	4730378	1638447	0	1283845	16578936	90172750	83150239	96415314	26556210	0	0
LFQ	113	0	0	0	0	0	408386	0	1018671	2130448	830417	2300048	3016666	5048048	666398	0	0	0	1147554	0	0	2129907	0	2865624	7008557	5940208	4703457	1640896	0	1271663	16641931	90125083	83237641	96322228	26592727	0	0
LFQ	114	0	0	0	0	0	417494	0	1042861	2152887	844056	2329875	3067478	5102755	678977	0	0	0	1164124	0	0	2162209	0	2879446	7032879	6007321	4766062	1656845	0	1287611	16628842	90013521	83020902	96256577	26533836	0	0
LFQ	115	0	0	280	0	0	418401	0	1050774	2180717	856384	2334928	3089960	5171054	690744	0	0	0	1180207	0	0	2171269	0	2913048	7052506	6037918	4806993	1659583	0	1304233	16550498	90041508	82880235	96187025	26468293	0	0
LFQ	116	0	0	0	0	0	424963	0	1048102	2167179	843905	2335128	3077168	5132581	683695	0	0	0	1171590	0	0	2161074	0	2887062	7044777	6005241	4755998	1656178	0	1283233	16551795	89982252	82942836	96386011	26505790	0	0
LFQ	117	0	0	0	0	0	421810	0	1059027	2177607	847352	2352115	3099810	5185050	686654	0	0	0	1165851	0	0	2179267	0	2906188	7032448	6046441	4788967	1670326	0	1280474	16574990	89766643	83052138	96324116	26429284	0	0
LFQ	118	0	0	0	0	0	424876	0	1077900	2208218	856379	2389583	3142847	5246144	701449	0	0	0	1183031	0	0	2206789	0	2939282	7064427	6120927	4851224	1689039	0	1296263	16513623	89759681	82977776	96031738	26365362	0	0
LFQ	119	0	0	0	0	0	426252	0	1089328	2237026	867206	2418160	3170378	5295764	706885	0	0	0	1198508	0	0	2226056	0	2966876	7030547	6169265	4900496	1706649	0	1315971	16491664	89659694	82827463	96027843	26314527	0	0
LFQ	120	0	0	0	0	0	427777	0	1104228	2248773	877654	2439607	3190667	5338761	710462	0	0	0	1206240	0	0	2249740	0	2982591	7045889	6198445	4936402	1719725	0	1315231	16500820	89505714	82739943	96030690	26277199	0	0
LFQ	121	0	0	0	0	0	434305	0	1115406	2283041	889412	2452447	3220418	5381758	715155	0	0	0	1218142	0	0	2265410	0	3019778	7090110	6248586	4981176	1726768	0	1329632	16442614	89397558	82739605	95839127	26256110	0	0
LFQ	122	0	0	0	0	0	437462	0	1123589	2289805	890729	2474028	3255841	5444931	719900	0	0	0	1223437	0	0	2275394	0	3021617	7062073	6281874	5006306	1734384	0	1330189	16416905	89385464	82646600	95781049	26244981	0	0
LFQ	123	0	0	110	0	0	432411	0	1123056	2257445	882656	2479820	3228787	5384622	726510	0	0	0	1200983	0	0	2268777	0	2982621	7034545	6253464	4938498	1731473	0	1308794	16506800	89407676	82743882	95895946	26257682	0	0
LFQ	124	0	0	1	0	0	437542	0	1124932	2259105	883329	2478133	3221023	5394567	723123	0	0	0	1201935	0	0	2273854	0	2980851	7071446	6238580	4944134	1730889	0	1304299	16486113	89446364	82709771	95908652	26227915	0	0
LFQ	125	0	0	0	0	0	444067	0	1145206	2289616	900819	2512731	3268229	5456987	736457	0	0	0	1221262	0	0	2307515	0	3016279	7097479	6310319	4993760	1749934	0	1321843	16478390	89276227	82648369	95699015	26172054	0	0
LFQ	126	0	0	0	0	0	451481	0	1175274	2372661	930487	2568939	3360528	5602273	756942	0	0	0	1264561	0	0	2363085	0	3099398	7105542	6447596	5142022	1782085	0	1357339	16440711	88913277	82355070	95493523	26063764	0	0
LFQ	127	0	0	716	0	0	453578	0	1178379	2424355	949941	2575534	3382010	5676880	761785	0	0	0	1283371	0	0	2373933	0	3146010	7114603	6485718	5217269	1786101	0	1384917	16386468	88961074	82170341	95318933	26014642	0	0
LFQ	128	0	0	0	0	0	456585	0	1181382	2400843	930536	2583772	3371251	5626955	763029	0	0	0	1274471	0	0	2370319	0	3130086	7144198	6483048	5173248	1789070	0	1369130	16359414	88921629	82287067	95408506	26022019	0	0
LFQ	129	0	0	0	0	0	456039	0	1216085	2458667	948565	2639209	3445103	5757227	764470	0	0	0	1294438	0	0	2429237	0	3200051	7090852	6605736	5288840	1827667	0	1393175	16374093	88615916	82216532	95131308	25893348	0	0
LFQ	130	0	0	3	0	0	456575	0	1227313	2489810	975013	2670008	3478759	5807493	782109	0	0	0	1308807	0	0	2445508	0	3233408	7124289	6655186	5331264	1826473	0	1410886	16303870	88451514	82081509	95140894	25845867	0	0
LFQ	131	0	0	0	0	0	474566	0	1266585	2579048	1007102	2728354	3561374	5946947	793818	0	0	376524	977049	0	2517357	0	3322544	1219074	12727668	5487123	1865787	0	1450229	0	16307208	88128528	81827128	94730019	25752526	0	0
LFQ	132	0	0	15000	0	0	471842	0	1256099	2598175	1014593	2717234	3562677	5976931	793193	0	0	0	1357614	0	0	2499148	0	3339675	7136219	6782463	5496010	1856422	0	1461173	16323919	88258934	81687707	94689116	25752414	0	0
LFQ	133	0	0	0	0	0	473314	0	1258768	2539953	994295	2724168	3556250	5913429	805152	0	0	0	1332917	0	0	2486611	0	3259304	7145870	6738874	5403952	1854681	0	1420557	16255871	88262137	81948244	94922790	25749421	0	0
LFQ	134	0	0	0	0	0	472811	0	1267224	2569177	1001896	2736880	3591241	5974907	805247	0	0	0	1350575	0	0	2510861	0	3307241	7123899	6802697	5480169	1870580	0	1446355	16235294	88256390	81795604	94707624	25739886	0	0
LFQ	135	0	0	15	0	0	475413	0	1273340	2564997	994321	2744492	3560152	5959209	805507	0	0	0	1341373	0	0	2511346	0	3300959	7155786	6806346	5461904	1878863	0	1436069	16296666	88226801	81779889	94754750	25718360	0	0
LFQ	136	0	0	0	0	0	485735	0	1292236	2584709	1015044	2787413	3596839	5980204	818118	0	0	0	1353334	0	0	2552207	0	3333579	7241573	6862831	5496335	1885631	0	1439865	16263718	87984635	81729837	94701911	25640804	0	0
LFQ	137	0	0	1	0	0	492268	0	1325633	2694723	1051543	2842069	3681727	6172628	827692	0	0	0	1415698	0	0	2614173	0	3453931	7231515	7035335	5708651	1927209	0	1506293	16179439	87742410	81414401	94224666	25504553	0	0
LFQ	138	0	0	0	0	0	485200	0	1314355	2673034	1049387	2833236	3680970	6150957	846812	0	0	0	1393553	0	0	2594676	0	3415870	7212781	6992398	5636078	1917911	0	1484894	16186009	87823121	81492230	94330287	25532799	0	0
LFQ	139	0	0	0	0	0	488920	0	1304051	2643094	1026502	2813718	3642342	6083537	835942	0	0	0	1367972	0	0	2562424	0	3377633	7192760	6928850	5539703	1906382	0	1452363	16209016	87960381	81634483	94512953	25563532	0	0
LFQ	140	0	0	132	0	0	500443	0	1344668	2660331	1047713	2877440	3713489	6160630	849071	0	0	0	1390586	0	0	2617834	0	3402809	7243229	7009960	5618623	1927844	0	1465703	16171646	87508640	81539527	94509017	25487223	0	0
LFQ	141	0	0	0	0	0	499640	0	1383093	2777104	1084644	2939651	3798319	6382809	862340	0	0	0	1439485	0	0	2684609	0	9396886	1296846	7196190	5832505	1975814	0	17649807	87226383	81268823	94006995	25344615	0	0	0
LFQ	142	0	0	0	0	289274	0	817882	1645944	646671	1735637	2227649	3685447	516064	0	237282	0	603314	1571904	0	5458543	779019	4176235	3369632	1136261	0	10040160	49723123	46286543	53579171	14301225	0	0	0	0	0	0
LFQ	143	0	0	0	0	0	288200	0	804427	1625043	647956	1714504	2200745	3651985	513183	0	0	229863	593687	0	1549222	0	2041359	763867	7545207	3319408	1121378	0	868364	0	9198576	49818400	46356893	53617484	14357229	0	0
LFQ	144	0	0	0	0	0	283420	0	765894	1539218	606485	1655038	2115004	3501545	505779	0	0	0	776234	0	0	1480062	0	1941550	4192438	3978503	3143497	1086549	0	814239	9264399	50063721	46647880	53991324	14474201	0	0
LFQ	145	0	0	0	0	0	291042	0	787873	1526871	598290	1685099	2126354	3504437	507433	0	0	0	776991	0	0	1503408	0	1936548	4210476	4011900	3139683	1099641	0	803677	9219389	49928488	46685994	54046774	14436612	0	0
LFQ	146	0	0	0	0	0	285540	0	781713	1542709	615734	1682956	2139191	3533308	515594	0	0	0	778739	0	0	1504341	0	1948970	4196937	4015997	3159579	1099375	0	815516	9248558	49960977	46590180	53980491	14430575	0	0
LFQ	147	0	0	0	0	0	289650	0	782308	1522117	603608	1675142	2116419	3490694	515648	0	0	0	770041	0	0	1503365	0	1928267	4208741	3997265	3129916	1096176	0	801220	9262688	49978378	46685116	54058252	14411969	0	0
LFQ	148	0	0	0	0	0	303312	0	841528	1643733	644801	1766265	2248967	3708425	538953	0	0	0	834155	0	0	1592731	0	2053657	4229933	4203162	3349830	1149976	0	856892	9133491	49522004	46299422	53665277	14240466	0	0
LFQ	149	0	0	3	0	0	310913	0	870686	1735485	692377	1824640	2330317	3876085	545781	0	0	248091	628006	0	1635696	0	2137000	817948	7719204	3487244	1168024	0	901017	0	9066422	49340025	46022814	53327181	14142021	0	0
LFQ	150	0	0	163991	0	0	309905	0	883630	1759810	690649	1839152	2346099	3923510	553108	0	0	257747	630577	0	1649133	0	2165121	4218511	4358274	3547086	1188208	0	916604	9058176	49224754	45917421	53092178	14133336	0	0	0
# GC Content of first fragments. Use `grep ^GCF | cut -f 2-` to extract this part.
GCF	0.25	471
GCF	0.75	521
GCF	1.26	654
GCF	2.01	859
GCF	2.76	1033
GCF	3.27	1197
GCF	4.02	1394
GCF	4.77	1572
GCF	5.28	1845
GCF	6.03	2131
GCF	6.78	2496
GCF	7.29	2487
GCF	8.04	2968
GCF	8.79	3429
GCF	9.30	3848
GCF	10.05	4474
GCF	10.80	5583
GCF	11.31	6808
GCF	12.06	8458
GCF	12.81	10807
GCF	13.32	14143
GCF	14.07	18335
GCF	14.82	24318
GCF	15.33	32581
GCF	16.08	44422
GCF	16.83	60886
GCF	17.34	84213
GCF	18.09	115474
GCF	18.84	159028
GCF	19.35	216045
GCF	20.10	292322
GCF	20.85	389916
GCF	21.36	515392
GCF	22.11	666856
GCF	22.86	854387
GCF	23.37	1075027
GCF	24.12	1329088
GCF	24.87	1623803
GCF	25.38	1940428
GCF	26.13	2293241
GCF	26.88	2668598
GCF	27.39	3060428
GCF	28.14	3470267
GCF	28.89	3875568
GCF	29.40	4283416
GCF	30.15	4677040
GCF	30.90	5051793
GCF	31.41	5412946
GCF	32.16	5748917
GCF	32.91	6051632
GCF	33.42	6325553
GCF	33.92	6576329
GCF	34.67	6828917
GCF	35.43	7052874
GCF	35.93	7292168
GCF	36.68	7562915
GCF	37.44	7851570
GCF	37.94	8133543
GCF	38.69	8435635
GCF	39.45	8728721
GCF	39.95	8897602
GCF	40.70	8961195
GCF	41.46	8898449
GCF	41.96	8720392
GCF	42.71	8413758
GCF	43.47	8097207
GCF	43.97	7831262
GCF	44.72	7647550
GCF	45.48	7606565
GCF	45.98	7544399
GCF	46.73	7466545
GCF	47.49	7319375
GCF	47.99	7143444
GCF	48.74	6894837
GCF	49.50	6586552
GCF	50.00	6260534
GCF	50.75	6010637
GCF	51.51	5821482
GCF	52.01	5658692
GCF	52.76	5515752
GCF	53.52	5310860
GCF	54.02	5100235
GCF	54.77	4843965
GCF	55.53	4620910
GCF	56.03	4347695
GCF	56.78	4087559
GCF	57.54	3932504
GCF	58.04	3838738
GCF	58.79	3765958
GCF	59.55	3631580
GCF	60.05	3476065
GCF	60.80	3372831
GCF	61.56	3187743
GCF	62.06	2812707
GCF	62.81	2394630
GCF	63.57	2045941
GCF	64.07	1879700
GCF	64.82	1792064
GCF	65.58	1678891
GCF	66.08	1565219
GCF	66.58	1542174
GCF	67.34	1359467
GCF	68.09	1085385
GCF	68.59	818660
GCF	69.35	656142
GCF	70.10	551609
GCF	70.60	468881
GCF	71.36	385036
GCF	72.11	314152
GCF	72.61	253523
GCF	73.37	207708
GCF	74.12	177973
GCF	74.62	155064
GCF	75.38	139434
GCF	76.13	125514
GCF	76.63	119575
GCF	77.39	114437
GCF	78.14	110270
GCF	78.64	96700
GCF	79.40	89178
GCF	80.15	74577
GCF	80.65	56219
GCF	81.41	40847
GCF	82.16	32376
GCF	82.66	26447
GCF	83.42	21227
GCF	84.17	16658
GCF	84.67	14263
GCF	85.43	12409
GCF	86.18	10451
GCF	86.68	9523
GCF	87.44	8826
GCF	88.19	8416
GCF	88.69	7862
GCF	89.45	7063
GCF	90.20	6567
GCF	90.70	5662
GCF	91.46	5140
GCF	92.21	4240
GCF	92.71	3415
GCF	93.47	2626
GCF	94.22	1896
GCF	94.72	1286
GCF	95.48	975
GCF	96.23	674
GCF	96.73	469
GCF	97.49	402
GCF	98.24	327
GCF	98.74	396
GCF	99.50	88
# GC Content of last fragments. Use `grep ^GCL | cut -f 2-` to extract this part.
GCL	0.25	1994
GCL	0.75	4142
GCL	1.26	8284
GCL	1.76	11220
GCL	2.26	13468
GCL	2.76	18969
GCL	3.27	21796
GCL	3.77	27038
GCL	4.27	29575
GCL	4.77	34637
GCL	5.28	36740
GCL	5.78	40759
GCL	6.28	42408
GCL	6.78	44147
GCL	7.29	47021
GCL	7.79	49181
GCL	8.29	49761
GCL	8.79	50790
GCL	9.30	52020
GCL	10.05	53162
GCL	10.80	54068
GCL	11.31	54486
GCL	12.06	56540
GCL	12.81	59119
GCL	13.32	62111
GCL	13.82	64548
GCL	14.32	67364
GCL	14.82	74398
GCL	15.33	79051
GCL	15.83	92088
GCL	16.33	99898
GCL	16.83	120814
GCL	17.34	134589
GCL	17.84	168285
GCL	18.34	190252
GCL	18.84	215066
GCL	19.35	275283
GCL	19.85	355368
GCL	20.35	405371
GCL	20.85	461872
GCL	21.36	594332
GCL	22.11	758909
GCL	22.86	958465
GCL	23.37	1192099
GCL	24.12	1462425
GCL	24.87	1770728
GCL	25.38	2109796
GCL	25.88	2304975
GCL	26.38	2475472
GCL	26.88	2866993
GCL	27.39	3088015
GCL	27.89	3501991
GCL	28.39	3697858
GCL	28.89	4111139
GCL	29.40	4341541
GCL	29.90	4746017
GCL	30.40	4924224
GCL	30.90	5137782
GCL	31.41	5509034
GCL	31.91	5847552
GCL	32.41	5988352
GCL	32.91	6160498
GCL	33.42	6452698
GCL	33.92	6715802
GCL	34.42	6855456
GCL	34.92	6965847
GCL	35.43	7199174
GCL	35.93	7456125
GCL	36.43	7603669
GCL	36.93	7727519
GCL	37.44	8014812
GCL	37.94	8170198
GCL	38.44	8482700
GCL	38.94	8613506
GCL	39.45	8769194
GCL	39.95	8960303
GCL	40.45	9042476
GCL	40.95	9019747
GCL	41.46	8982768
GCL	41.96	8803956
GCL	42.71	8510098
GCL	43.47	8222089
GCL	43.97	7934985
GCL	44.72	7722127
GCL	45.48	7633581
GCL	45.98	7568341
GCL	46.48	7523276
GCL	46.98	7467998
GCL	47.49	7329780
GCL	47.99	7141469
GCL	48.49	7020359
GCL	48.99	6887996
GCL	49.50	6604303
GCL	50.00	6434032
GCL	50.50	6187392
GCL	51.01	6091510
GCL	51.51	5986919
GCL	52.01	5832423
GCL	52.51	5672526
GCL	53.02	5574807
GCL	53.52	5464509
GCL	54.02	5259293
GCL	54.77	5022430
GCL	55.53	4747978
GCL	56.03	4429923
GCL	56.78	4182074
GCL	57.54	4054381
GCL	58.04	3954036
GCL	58.54	3910819
GCL	59.05	3840603
GCL	59.55	3698281
GCL	60.05	3494830
GCL	60.55	3432174
GCL	61.06	3340583
GCL	61.56	3165310
GCL	62.06	2955964
GCL	62.56	2565929
GCL	63.07	2358219
GCL	63.57	2162636
GCL	64.07	1911794
GCL	64.57	1817901
GCL	65.08	1790535
GCL	65.58	1728906
GCL	66.08	1625098
GCL	66.58	1551639
GCL	67.09	1454160
GCL	67.59	1387370
GCL	68.09	1133672
GCL	68.59	875143
GCL	69.10	778680
GCL	69.60	695656
GCL	70.10	583726
GCL	70.60	532190
GCL	71.11	441871
GCL	71.61	408504
GCL	72.11	334693
GCL	72.61	300375
GCL	73.12	247523
GCL	73.62	230801
GCL	74.12	210577
GCL	74.62	184320
GCL	75.38	164791
GCL	76.13	148931
GCL	76.63	139829
GCL	77.39	132162
GCL	78.14	126651
GCL	78.64	116615
GCL	79.15	112127
GCL	79.65	109015
GCL	80.15	94824
GCL	80.65	75894
GCL	81.16	66383
GCL	81.66	60163
GCL	82.16	49491
GCL	82.66	45882
GCL	83.17	39813
GCL	83.67	38177
GCL	84.17	34191
GCL	84.67	32688
GCL	85.18	30363
GCL	85.68	29549
GCL	86.18	28795
GCL	86.68	27479
GCL	87.44	26955
GCL	88.19	26381
GCL	88.69	25683
GCL	89.45	25501
GCL	90.20	25181
GCL	90.70	24947
GCL	91.21	24700
GCL	91.71	24711
GCL	92.21	24569
GCL	92.71	24394
GCL	93.22	24157
GCL	93.72	24423
GCL	94.22	24696
GCL	94.72	24817
GCL	95.23	25361
GCL	95.73	25663
GCL	96.23	27462
GCL	96.73	28635
GCL	97.24	31756
GCL	97.74	33833
GCL	98.24	36470
GCL	98.74	46094
GCL	99.50	69588
# ACGT content per cycle. Use `grep ^GCC | cut -f 2-` to extract this part. The columns are: cycle; A,C,G,T base counts as a percentage of all A/C/G/T bases [%]; and N and O counts as a percentage of all A/C/G/T bases [%]
GCC	1	29.21	20.93	20.72	29.13	0.00	0.00
GCC	2	28.84	21.10	21.29	28.77	0.00	0.00
GCC	3	28.30	21.69	21.65	28.36	0.00	0.00
GCC	4	28.25	21.74	21.72	28.29	0.00	0.00
GCC	5	28.48	21.45	21.55	28.52	0.00	0.00
GCC	6	27.96	22.05	22.02	27.97	0.00	0.00
GCC	7	28.12	21.83	21.90	28.15	0.00	0.00
GCC	8	28.15	21.86	21.82	28.17	0.00	0.00
GCC	9	28.17	21.82	21.79	28.22	0.00	0.00
GCC	10	28.03	21.97	21.97	28.04	0.00	0.00
GCC	11	28.09	21.92	21.89	28.10	0.00	0.00
GCC	12	28.11	21.89	21.87	28.12	0.00	0.00
GCC	13	28.19	21.83	21.80	28.18	0.00	0.00
GCC	14	28.21	21.81	21.78	28.20	0.00	0.00
GCC	15	28.19	21.83	21.79	28.19	0.00	0.00
GCC	16	28.19	21.83	21.80	28.18	0.00	0.00
GCC	17	28.18	21.85	21.81	28.16	0.00	0.00
GCC	18	28.12	21.92	21.86	28.10	0.00	0.00
GCC	19	28.15	21.88	21.83	28.14	0.00	0.00
GCC	20	28.07	21.96	21.92	28.05	0.00	0.00
GCC	21	28.06	21.98	21.93	28.03	0.00	0.00
GCC	22	28.07	21.97	21.93	28.03	0.00	0.00
GCC	23	28.01	22.03	21.98	27.98	0.00	0.00
GCC	24	28.05	22.00	21.93	28.03	0.00	0.00
GCC	25	28.00	22.05	21.99	27.96	0.00	0.00
GCC	26	27.98	22.05	22.01	27.95	0.00	0.00
GCC	27	28.00	22.05	21.98	27.97	0.00	0.00
GCC	28	27.96	22.08	22.04	27.92	0.00	0.00
GCC	29	28.01	22.04	21.99	27.97	0.00	0.00
GCC	30	27.94	22.10	22.05	27.92	0.00	0.00
GCC	31	27.94	22.10	22.05	27.91	0.00	0.00
GCC	32	27.96	22.08	22.05	27.91	0.00	0.00
GCC	33	27.94	22.10	22.04	27.91	0.01	0.00
GCC	34	27.92	22.13	22.08	27.88	0.00	0.00
GCC	35	27.93	22.12	22.06	27.89	0.00	0.00
GCC	36	27.93	22.12	22.06	27.90	0.00	0.00
GCC	37	27.91	22.14	22.09	27.86	0.00	0.00
GCC	38	27.97	22.09	22.03	27.91	0.00	0.00
GCC	39	27.93	22.12	22.05	27.89	0.00	0.00
GCC	40	27.92	22.13	22.08	27.87	0.00	0.00
GCC	41	27.92	22.13	22.08	27.88	0.02	0.00
GCC	42	27.92	22.13	22.07	27.88	0.00	0.00
GCC	43	27.91	22.15	22.09	27.86	0.00	0.00
GCC	44	27.95	22.11	22.05	27.89	0.00	0.00
GCC	45	27.91	22.14	22.09	27.86	0.00	0.00
GCC	46	27.89	22.17	22.11	27.84	0.00	0.00
GCC	47	27.92	22.14	22.08	27.87	0.00	0.00
GCC	48	27.91	22.14	22.08	27.86	0.00	0.00
GCC	49	27.89	22.17	22.11	27.84	0.00	0.00
GCC	50	27.94	22.11	22.05	27.89	0.00	0.00
GCC	51	27.89	22.16	22.10	27.84	0.00	0.00
GCC	52	27.90	22.15	22.10	27.85	0.00	0.00
GCC	53	27.92	22.13	22.08	27.86	0.00	0.00
GCC	54	27.90	22.16	22.09	27.85	0.00	0.00
GCC	55	27.92	22.14	22.08	27.86	0.00	0.00
GCC	56	27.92	22.14	22.08	27.86	0.00	0.00
GCC	57	27.89	22.18	22.10	27.83	0.00	0.00
GCC	58	27.87	22.18	22.13	27.82	0.00	0.00
GCC	59	27.92	22.14	22.09	27.85	0.00	0.00
GCC	60	27.90	22.16	22.09	27.85	0.00	0.00
GCC	61	27.90	22.16	22.11	27.83	0.01	0.00
GCC	62	27.92	22.13	22.07	27.87	0.00	0.00
GCC	63	27.89	22.17	22.11	27.83	0.00	0.00
GCC	64	27.88	22.18	22.12	27.82	0.00	0.00
GCC	65	27.91	22.14	22.09	27.85	0.00	0.00
GCC	66	27.88	22.18	22.11	27.82	0.00	0.00
GCC	67	27.90	22.16	22.11	27.83	0.00	0.00
GCC	68	27.89	22.17	22.12	27.82	0.00	0.00
GCC	69	27.86	22.20	22.13	27.81	0.00	0.00
GCC	70	27.91	22.15	22.09	27.84	0.00	0.00
GCC	71	27.89	22.16	22.11	27.84	0.00	0.00
GCC	72	27.88	22.18	22.12	27.82	0.00	0.00
GCC	73	27.90	22.17	22.11	27.82	0.00	0.00
GCC	74	27.90	22.16	22.10	27.83	0.00	0.00
GCC	75	27.89	22.17	22.10	27.84	0.00	0.00
GCC	76	27.89	22.17	22.11	27.83	0.00	0.00
GCC	77	27.90	22.16	22.10	27.83	0.00	0.00
GCC	78	27.88	22.18	22.12	27.82	0.00	0.00
GCC	79	27.89	22.18	22.11	27.82	0.00	0.00
GCC	80	27.88	22.19	22.13	27.81	0.00	0.00
GCC	81	27.87	22.19	22.12	27.82	0.00	0.00
GCC	82	27.88	22.19	22.13	27.81	0.00	0.00
GCC	83	27.88	22.18	22.13	27.82	0.00	0.00
GCC	84	27.86	22.20	22.13	27.81	0.00	0.00
GCC	85	27.87	22.20	22.13	27.80	0.00	0.00
GCC	86	27.88	22.18	22.12	27.82	0.00	0.00
GCC	87	27.87	22.19	22.12	27.82	0.00	0.00
GCC	88	27.86	22.21	22.14	27.80	0.00	0.00
GCC	89	27.87	22.19	22.13	27.81	0.00	0.00
GCC	90	27.86	22.20	22.13	27.81	0.00	0.00
GCC	91	27.85	22.21	22.15	27.79	0.00	0.00
GCC	92	27.86	22.20	22.14	27.79	0.00	0.00
GCC	93	27.87	22.19	22.11	27.83	0.00	0.00
GCC	94	27.87	22.19	22.14	27.80	0.00	0.00
GCC	95	27.86	22.20	22.14	27.80	0.00	0.00
GCC	96	27.86	22.20	22.13	27.81	0.00	0.00
GCC	97	27.87	22.20	22.13	27.80	0.00	0.00
GCC	98	27.89	22.17	22.11	27.83	0.00	0.00
GCC	99	27.86	22.21	22.13	27.81	0.00	0.00
GCC	100	27.86	22.21	22.14	27.79	0.00	0.00
GCC	101	27.86	22.20	22.14	27.80	0.00	0.00
GCC	102	27.86	22.21	22.14	27.80	0.00	0.00
GCC	103	27.84	22.22	22.17	27.77	0.00	0.00
GCC	104	27.86	22.20	22.13	27.80	0.00	0.00
GCC	105	27.84	22.22	22.15	27.79	0.00	0.00
GCC	106	27.86	22.22	22.14	27.78	0.00	0.00
GCC	107	27.88	22.18	22.12	27.82	0.00	0.00
GCC	108	27.86	22.21	22.13	27.80	0.00	0.00
GCC	109	27.86	22.21	22.14	27.79	0.00	0.00
GCC	110	27.86	22.20	22.13	27.80	0.00	0.00
GCC	111	27.85	22.22	22.13	27.80	0.00	0.00
GCC	112	27.85	22.23	22.14	27.78	0.00	0.00
GCC	113	27.85	22.22	22.15	27.78	0.00	0.00
GCC	114	27.83	22.23	22.16	27.78	0.00	0.00
GCC	115	27.84	22.23	22.16	27.78	0.00	0.00
GCC	116	27.87	22.21	22.13	27.79	0.00	0.00
GCC	117	27.82	22.25	22.17	27.76	0.00	0.00
GCC	118	27.82	22.25	22.16	27.76	0.00	0.00
GCC	119	27.86	22.22	22.13	27.79	0.00	0.00
GCC	120	27.84	22.23	22.14	27.78	0.00	0.00
GCC	121	27.83	22.24	22.16	27.76	0.00	0.00
GCC	122	27.85	22.22	22.14	27.79	0.00	0.00
GCC	123	27.84	22.24	22.15	27.78	0.00	0.00
GCC	124	27.83	22.25	22.17	27.76	0.00	0.00
GCC	125	27.84	22.23	22.15	27.78	0.00	0.00
GCC	126	27.82	22.26	22.16	27.76	0.00	0.00
GCC	127	27.80	22.27	22.19	27.74	0.00	0.00
GCC	128	27.83	22.25	22.16	27.76	0.00	0.00
GCC	129	27.81	22.26	22.17	27.76	0.00	0.00
GCC	130	27.82	22.25	22.17	27.76	0.00	0.00
GCC	131	27.82	22.26	22.17	27.75	0.00	0.00
GCC	132	27.80	22.27	22.18	27.75	0.00	0.00
GCC	133	27.81	22.27	22.18	27.74	0.00	0.00
GCC	134	27.81	22.26	22.18	27.75	0.00	0.00
GCC	135	27.80	22.27	22.19	27.74	0.00	0.00
GCC	136	27.79	22.29	22.21	27.72	0.00	0.00
GCC	137	27.79	22.28	22.21	27.72	0.00	0.00
GCC	138	27.78	22.30	22.21	27.72	0.00	0.00
GCC	139	27.80	22.28	22.19	27.73	0.00	0.00
GCC	140	27.80	22.27	22.18	27.74	0.00	0.00
GCC	141	27.78	22.29	22.20	27.73	0.00	0.00
GCC	142	27.76	22.29	22.22	27.73	0.00	0.00
GCC	143	27.77	22.29	22.22	27.72	0.00	0.00
GCC	144	27.76	22.30	22.23	27.72	0.00	0.00
GCC	145	27.75	22.31	22.23	27.71	0.00	0.00
GCC	146	27.75	22.30	22.23	27.71	0.00	0.00
GCC	147	27.74	22.32	22.24	27.70	0.00	0.00
GCC	148	27.73	22.33	22.26	27.69	0.00	0.00
GCC	149	27.74	22.32	22.25	27.69	0.00	0.00
GCC	150	27.72	22.33	22.25	27.69	0.03	0.00
# ACGT content per cycle, read oriented. Use `grep ^GCT | cut -f 2-` to extract this part. The columns are: cycle; A,C,G,T base counts as a percentage of all A/C/G/T bases [%]
GCT	1	30.02	23.39	18.26	28.33
GCT	2	30.02	20.28	22.11	27.58
GCT	3	28.68	21.67	21.67	27.98
GCT	4	28.13	21.83	21.63	28.41
GCT	5	28.31	20.87	22.13	28.69
GCT	6	28.33	21.82	22.25	27.60
GCT	7	28.09	21.14	22.58	28.18
GCT	8	28.14	21.76	21.92	28.18
GCT	9	27.82	21.81	21.80	28.57
GCT	10	28.08	21.88	22.05	27.99
GCT	11	27.98	21.89	21.92	28.21
GCT	12	28.15	21.83	21.93	28.09
GCT	13	28.27	21.69	21.94	28.10
GCT	14	28.29	21.63	21.96	28.12
GCT	15	28.20	21.79	21.83	28.18
GCT	16	28.15	21.67	21.97	28.21
GCT	17	28.18	21.74	21.92	28.15
GCT	18	28.13	21.88	21.90	28.08
GCT	19	28.07	21.75	21.96	28.22
GCT	20	28.06	21.85	22.03	28.07
GCT	21	28.15	21.84	22.07	27.94
GCT	22	28.11	21.86	22.04	27.99
GCT	23	27.97	22.00	22.01	28.02
GCT	24	28.07	21.90	22.03	28.00
GCT	25	28.01	21.89	22.14	27.95
GCT	26	27.99	21.96	22.10	27.94
GCT	27	27.97	21.97	22.06	28.00
GCT	28	27.99	22.04	22.08	27.89
GCT	29	28.07	21.97	22.06	27.90
GCT	30	27.97	21.99	22.15	27.88
GCT	31	27.98	22.00	22.15	27.87
GCT	32	28.04	22.01	22.12	27.83
GCT	33	28.02	21.96	22.19	27.84
GCT	34	28.00	21.98	22.22	27.80
GCT	35	28.00	21.99	22.20	27.82
GCT	36	27.99	21.96	22.22	27.83
GCT	37	28.00	21.98	22.25	27.78
GCT	38	28.05	21.96	22.16	27.82
GCT	39	28.03	22.00	22.18	27.80
GCT	40	28.06	22.01	22.19	27.73
GCT	41	28.03	22.03	22.18	27.76
GCT	42	27.94	22.04	22.16	27.86
GCT	43	27.99	22.06	22.17	27.77
GCT	44	28.09	22.01	22.16	27.74
GCT	45	27.98	22.03	22.20	27.79
GCT	46	27.99	22.10	22.17	27.73
GCT	47	28.04	22.04	22.17	27.75
GCT	48	27.99	21.98	22.25	27.78
GCT	49	27.99	22.04	22.23	27.74
GCT	50	28.04	21.96	22.20	27.80
GCT	51	28.01	22.06	22.20	27.72
GCT	52	28.04	22.05	22.20	27.71
GCT	53	28.04	21.99	22.22	27.75
GCT	54	27.99	22.02	22.23	27.76
GCT	55	28.07	22.02	22.20	27.71
GCT	56	28.07	22.01	22.21	27.70
GCT	57	28.00	22.05	22.23	27.72
GCT	58	28.02	22.08	22.23	27.68
GCT	59	28.03	22.01	22.22	27.74
GCT	60	28.01	22.05	22.20	27.74
GCT	61	28.02	22.06	22.21	27.71
GCT	62	28.04	21.99	22.22	27.75
GCT	63	28.03	22.03	22.25	27.69
GCT	64	28.05	22.03	22.27	27.66
GCT	65	28.03	22.01	22.23	27.73
GCT	66	28.02	22.02	22.28	27.69
GCT	67	28.07	22.02	22.24	27.66
GCT	68	28.03	22.02	22.27	27.68
GCT	69	27.99	22.11	22.22	27.68
GCT	70	28.06	22.03	22.22	27.69
GCT	71	28.04	21.98	22.29	27.69
GCT	72	28.02	22.05	22.25	27.68
GCT	73	28.04	22.05	22.23	27.68
GCT	74	28.08	22.04	22.23	27.65
GCT	75	28.08	22.04	22.23	27.65
GCT	76	28.03	22.01	22.27	27.69
GCT	77	28.03	22.00	22.26	27.70
GCT	78	28.02	22.05	22.24	27.68
GCT	79	28.04	22.02	22.28	27.67
GCT	80	28.02	22.00	22.32	27.67
GCT	81	28.03	22.00	22.31	27.65
GCT	82	28.06	22.00	22.32	27.62
GCT	83	28.04	22.01	22.29	27.65
GCT	84	28.00	22.05	22.28	27.67
GCT	85	28.03	22.04	22.29	27.64
GCT	86	28.06	22.05	22.25	27.64
GCT	87	28.01	22.03	22.28	27.68
GCT	88	27.98	22.01	22.33	27.67
GCT	89	28.05	22.01	22.30	27.64
GCT	90	28.03	22.05	22.29	27.64
GCT	91	28.00	22.06	22.30	27.64
GCT	92	28.00	22.07	22.28	27.66
GCT	93	28.04	22.00	22.30	27.66
GCT	94	28.04	21.98	22.35	27.63
GCT	95	28.00	22.04	22.30	27.66
GCT	96	28.02	22.05	22.28	27.65
GCT	97	28.04	22.04	22.30	27.62
GCT	98	28.07	22.00	22.28	27.65
GCT	99	27.99	22.00	22.34	27.68
GCT	100	28.00	22.04	22.31	27.65
GCT	101	28.04	22.03	22.31	27.61
GCT	102	28.03	22.04	22.30	27.63
GCT	103	27.99	22.08	22.31	27.62
GCT	104	28.04	22.02	22.32	27.63
GCT	105	28.02	22.01	22.35	27.61
GCT	106	28.03	22.00	22.36	27.61
GCT	107	28.05	21.95	22.35	27.66
GCT	108	28.02	21.99	22.35	27.64
GCT	109	28.04	21.99	22.37	27.61
GCT	110	28.03	21.99	22.35	27.63
GCT	111	28.01	22.01	22.34	27.64
GCT	112	28.05	22.01	22.36	27.58
GCT	113	28.06	22.03	22.34	27.57
GCT	114	28.02	22.07	22.33	27.59
GCT	115	28.02	22.04	22.35	27.60
GCT	116	28.05	21.96	22.38	27.61
GCT	117	28.00	22.00	22.42	27.58
GCT	118	28.01	22.02	22.39	27.58
GCT	119	28.03	22.00	22.36	27.61
GCT	120	28.01	22.00	22.38	27.61
GCT	121	28.02	22.00	22.41	27.58
GCT	122	28.02	21.98	22.39	27.61
GCT	123	28.00	22.02	22.37	27.61
GCT	124	28.02	22.02	22.40	27.57
GCT	125	28.02	22.00	22.38	27.59
GCT	126	27.98	22.02	22.40	27.60
GCT	127	27.98	22.04	22.42	27.56
GCT	128	28.01	21.98	22.43	27.58
GCT	129	27.99	22.00	22.43	27.58
GCT	130	28.01	21.97	22.45	27.57
GCT	131	28.02	21.99	22.44	27.54
GCT	132	27.99	22.01	22.44	27.56
GCT	133	27.97	22.01	22.44	27.58
GCT	134	28.00	22.01	22.43	27.56
GCT	135	27.99	22.02	22.44	27.55
GCT	136	27.98	22.01	22.48	27.52
GCT	137	27.96	22.00	22.49	27.55
GCT	138	27.95	22.01	22.49	27.55
GCT	139	27.99	21.99	22.48	27.53
GCT	140	27.98	21.94	22.52	27.56
GCT	141	27.96	21.98	22.51	27.55
GCT	142	27.93	22.04	22.47	27.56
GCT	143	27.94	22.05	22.46	27.55
GCT	144	27.92	22.04	22.48	27.56
GCT	145	27.91	22.03	22.51	27.55
GCT	146	27.91	22.05	22.48	27.56
GCT	147	27.89	22.07	22.49	27.55
GCT	148	27.88	22.06	22.53	27.53
GCT	149	27.89	22.02	22.55	27.54
GCT	150	27.91	22.00	22.59	27.50
# ACGT content per cycle for first fragments. Use `grep ^FBC | cut -f 2-` to extract this part. The columns are: cycle; A,C,G,T base counts as a percentage of all A/C/G/T bases [%]; and N and O counts as a percentage of all A/C/G/T bases [%]
FBC	1	29.16	20.98	20.76	29.10	0.00	0.00
FBC	2	28.90	21.05	21.19	28.86	0.00	0.00
FBC	3	28.42	21.58	21.50	28.49	0.01	0.00
FBC	4	28.42	21.58	21.52	28.47	0.00	0.00
FBC	5	28.57	21.37	21.44	28.62	0.00	0.00
FBC	6	28.09	21.93	21.88	28.11	0.00	0.00
FBC	7	28.24	21.71	21.77	28.28	0.00	0.00
FBC	8	28.23	21.77	21.73	28.27	0.00	0.00
FBC	9	28.25	21.73	21.71	28.32	0.00	0.00
FBC	10	28.09	21.89	21.90	28.12	0.00	0.00
FBC	11	28.15	21.84	21.83	28.18	0.00	0.00
FBC	12	28.16	21.82	21.81	28.20	0.00	0.00
FBC	13	28.22	21.77	21.77	28.24	0.00	0.00
FBC	14	28.25	21.74	21.75	28.27	0.00	0.00
FBC	15	28.21	21.77	21.77	28.25	0.00	0.00
FBC	16	28.21	21.77	21.77	28.24	0.00	0.00
FBC	17	28.20	21.79	21.79	28.22	0.00	0.00
FBC	18	28.13	21.87	21.84	28.16	0.00	0.00
FBC	19	28.16	21.83	21.82	28.19	0.00	0.00
FBC	20	28.08	21.90	21.90	28.11	0.00	0.00
FBC	21	28.06	21.93	21.93	28.09	0.00	0.00
FBC	22	28.06	21.92	21.93	28.08	0.00	0.00
FBC	23	28.01	21.98	21.98	28.03	0.00	0.00
FBC	24	28.04	21.95	21.93	28.08	0.00	0.00
FBC	25	27.99	22.00	22.00	28.01	0.00	0.00
FBC	26	27.98	22.00	22.01	28.01	0.00	0.00
FBC	27	27.99	22.00	21.99	28.03	0.00	0.00
FBC	28	27.94	22.04	22.04	27.98	0.00	0.00
FBC	29	27.99	21.99	21.99	28.02	0.00	0.00
FBC	30	27.92	22.06	22.05	27.97	0.00	0.00
FBC	31	27.92	22.06	22.07	27.96	0.00	0.00
FBC	32	27.94	22.04	22.05	27.97	0.00	0.00
FBC	33	27.92	22.07	22.05	27.96	0.01	0.00
FBC	34	27.90	22.09	22.09	27.92	0.00	0.00
FBC	35	27.91	22.08	22.07	27.94	0.00	0.00
FBC	36	27.90	22.07	22.07	27.95	0.00	0.00
FBC	37	27.88	22.10	22.10	27.91	0.00	0.00
FBC	38	27.94	22.05	22.05	27.96	0.00	0.00
FBC	39	27.91	22.08	22.07	27.94	0.00	0.00
FBC	40	27.89	22.10	22.09	27.91	0.00	0.00
FBC	41	27.89	22.09	22.10	27.92	0.04	0.00
FBC	42	27.89	22.10	22.09	27.92	0.00	0.00
FBC	43	27.87	22.11	22.11	27.90	0.00	0.00
FBC	44	27.92	22.07	22.07	27.94	0.00	0.00
FBC	45	27.87	22.11	22.11	27.91	0.00	0.00
FBC	46	27.85	22.14	22.14	27.88	0.00	0.00
FBC	47	27.89	22.09	22.09	27.92	0.00	0.00
FBC	48	27.88	22.11	22.11	27.91	0.00	0.00
FBC	49	27.85	22.13	22.13	27.88	0.00	0.00
FBC	50	27.91	22.08	22.07	27.94	0.00	0.00
FBC	51	27.86	22.13	22.12	27.89	0.00	0.00
FBC	52	27.86	22.12	22.13	27.89	0.00	0.00
FBC	53	27.89	22.10	22.11	27.91	0.00	0.00
FBC	54	27.86	22.13	22.11	27.90	0.00	0.00
FBC	55	27.88	22.11	22.11	27.90	0.00	0.00
FBC	56	27.88	22.11	22.11	27.90	0.00	0.00
FBC	57	27.85	22.14	22.13	27.88	0.00	0.00
FBC	58	27.83	22.15	22.16	27.86	0.00	0.00
FBC	59	27.88	22.11	22.12	27.90	0.00	0.00
FBC	60	27.86	22.13	22.12	27.89	0.00	0.00
FBC	61	27.85	22.13	22.14	27.87	0.01	0.00
FBC	62	27.88	22.10	22.10	27.91	0.00	0.00
FBC	63	27.85	22.14	22.14	27.88	0.00	0.00
FBC	64	27.84	22.15	22.15	27.86	0.00	0.00
FBC	65	27.87	22.11	22.12	27.90	0.00	0.00
FBC	66	27.84	22.15	22.14	27.87	0.00	0.00
FBC	67	27.85	22.13	22.14	27.87	0.00	0.00
FBC	68	27.85	22.13	22.15	27.87	0.00	0.00
FBC	69	27.82	22.17	22.16	27.86	0.00	0.00
FBC	70	27.86	22.13	22.13	27.89	0.00	0.00
FBC	71	27.85	22.13	22.14	27.89	0.00	0.00
FBC	72	27.83	22.15	22.15	27.87	0.00	0.00
FBC	73	27.85	22.14	22.14	27.87	0.00	0.00
FBC	74	27.85	22.13	22.13	27.88	0.00	0.00
FBC	75	27.85	22.13	22.14	27.88	0.00	0.00
FBC	76	27.85	22.14	22.15	27.87	0.00	0.00
FBC	77	27.85	22.14	22.14	27.87	0.00	0.00
FBC	78	27.84	22.15	22.15	27.87	0.00	0.00
FBC	79	27.84	22.15	22.15	27.86	0.00	0.00
FBC	80	27.83	22.16	22.16	27.86	0.00	0.00
FBC	81	27.83	22.16	22.15	27.86	0.00	0.00
FBC	82	27.83	22.16	22.16	27.85	0.00	0.00
FBC	83	27.84	22.14	22.15	27.87	0.00	0.00
FBC	84	27.81	22.16	22.17	27.86	0.00	0.00
FBC	85	27.82	22.17	22.17	27.84	0.00	0.00
FBC	86	27.84	22.15	22.15	27.87	0.00	0.00
FBC	87	27.83	22.16	22.16	27.86	0.00	0.00
FBC	88	27.81	22.18	22.17	27.84	0.00	0.00
FBC	89	27.83	22.16	22.16	27.85	0.00	0.00
FBC	90	27.81	22.17	22.17	27.85	0.00	0.00
FBC	91	27.80	22.18	22.19	27.83	0.00	0.00
FBC	92	27.82	22.17	22.18	27.84	0.00	0.00
FBC	93	27.83	22.16	22.15	27.87	0.00	0.00
FBC	94	27.82	22.16	22.17	27.84	0.00	0.00
FBC	95	27.81	22.16	22.17	27.85	0.00	0.00
FBC	96	27.82	22.17	22.16	27.86	0.00	0.00
FBC	97	27.81	22.18	22.17	27.84	0.00	0.00
FBC	98	27.85	22.14	22.15	27.87	0.00	0.00
FBC	99	27.82	22.17	22.16	27.85	0.00	0.00
FBC	100	27.81	22.18	22.18	27.83	0.00	0.00
FBC	101	27.82	22.17	22.18	27.84	0.00	0.00
FBC	102	27.81	22.17	22.17	27.84	0.00	0.00
FBC	103	27.79	22.19	22.21	27.81	0.00	0.00
FBC	104	27.82	22.17	22.17	27.84	0.00	0.00
FBC	105	27.80	22.19	22.18	27.83	0.00	0.00
FBC	106	27.81	22.19	22.18	27.82	0.00	0.00
FBC	107	27.84	22.14	22.15	27.86	0.00	0.00
FBC	108	27.81	22.18	22.17	27.84	0.00	0.00
FBC	109	27.81	22.18	22.18	27.83	0.00	0.00
FBC	110	27.82	22.17	22.16	27.85	0.00	0.00
FBC	111	27.80	22.19	22.17	27.84	0.00	0.00
FBC	112	27.81	22.19	22.18	27.82	0.00	0.00
FBC	113	27.80	22.19	22.18	27.83	0.00	0.00
FBC	114	27.79	22.19	22.19	27.83	0.00	0.00
FBC	115	27.80	22.19	22.19	27.82	0.00	0.00
FBC	116	27.82	22.17	22.16	27.84	0.00	0.00
FBC	117	27.77	22.21	22.20	27.81	0.00	0.00
FBC	118	27.78	22.21	22.20	27.81	0.00	0.00
FBC	119	27.82	22.18	22.17	27.84	0.00	0.00
FBC	120	27.80	22.20	22.18	27.82	0.00	0.00
FBC	121	27.79	22.20	22.20	27.81	0.00	0.00
FBC	122	27.80	22.19	22.19	27.83	0.00	0.00
FBC	123	27.79	22.20	22.19	27.82	0.00	0.00
FBC	124	27.78	22.21	22.21	27.80	0.00	0.00
FBC	125	27.80	22.20	22.18	27.82	0.00	0.00
FBC	126	27.78	22.21	22.20	27.81	0.00	0.00
FBC	127	27.76	22.24	22.22	27.79	0.00	0.00
FBC	128	27.79	22.20	22.19	27.82	0.00	0.00
FBC	129	27.77	22.22	22.20	27.81	0.00	0.00
FBC	130	27.78	22.21	22.21	27.81	0.00	0.00
FBC	131	27.78	22.22	22.20	27.80	0.00	0.00
FBC	132	27.76	22.23	22.21	27.80	0.00	0.00
FBC	133	27.78	22.22	22.21	27.79	0.00	0.00
FBC	134	27.78	22.22	22.21	27.80	0.00	0.00
FBC	135	27.76	22.23	22.22	27.79	0.00	0.00
FBC	136	27.75	22.24	22.23	27.77	0.00	0.00
FBC	137	27.76	22.23	22.23	27.78	0.00	0.00
FBC	138	27.74	22.25	22.23	27.78	0.00	0.00
FBC	139	27.77	22.24	22.22	27.78	0.00	0.00
FBC	140	27.77	22.23	22.21	27.79	0.00	0.00
FBC	141	27.75	22.24	22.22	27.79	0.00	0.00
FBC	142	27.76	22.24	22.21	27.79	0.00	0.00
FBC	143	27.77	22.22	22.21	27.79	0.00	0.00
FBC	144	27.75	22.24	22.22	27.78	0.00	0.00
FBC	145	27.75	22.25	22.23	27.76	0.00	0.00
FBC	146	27.75	22.24	22.23	27.78	0.00	0.00
FBC	147	27.73	22.26	22.24	27.77	0.00	0.00
FBC	148	27.73	22.26	22.25	27.75	0.00	0.00
FBC	149	27.74	22.25	22.25	27.76	0.00	0.00
FBC	150	27.72	22.27	22.25	27.76	0.00	0.00
# ACGT raw counters for first fragments. Use `grep ^FTC | cut -f 2-` to extract this part. The columns are: A,C,G,T,N base counters
FTC	14858784658	11762498043	11760231747	14873551294	339808
# ACGT content per cycle for last fragments. Use `grep ^LBC | cut -f 2-` to extract this part. The columns are: cycle; A,C,G,T base counts as a percentage of all A/C/G/T bases [%]; and N and O counts as a percentage of all A/C/G/T bases [%]
LBC	1	29.26	20.89	20.68	29.17	0.00	0.00
LBC	2	28.77	21.16	21.40	28.68	0.00	0.00
LBC	3	28.19	21.79	21.80	28.22	0.00	0.00
LBC	4	28.07	21.91	21.91	28.12	0.00	0.00
LBC	5	28.39	21.53	21.65	28.43	0.00	0.00
LBC	6	27.83	22.18	22.16	27.83	0.00	0.00
LBC	7	28.00	21.95	22.02	28.03	0.00	0.00
LBC	8	28.07	21.95	21.91	28.08	0.00	0.00
LBC	9	28.10	21.90	21.87	28.13	0.00	0.00
LBC	10	27.97	22.04	22.04	27.95	0.00	0.00
LBC	11	28.03	22.00	21.96	28.01	0.00	0.00
LBC	12	28.06	21.96	21.92	28.05	0.00	0.00
LBC	13	28.15	21.89	21.84	28.11	0.00	0.00
LBC	14	28.18	21.87	21.82	28.13	0.00	0.00
LBC	15	28.17	21.88	21.82	28.13	0.00	0.00
LBC	16	28.16	21.90	21.84	28.11	0.00	0.00
LBC	17	28.16	21.91	21.84	28.10	0.00	0.00
LBC	18	28.11	21.98	21.88	28.04	0.00	0.00
LBC	19	28.15	21.93	21.84	28.08	0.00	0.00
LBC	20	28.07	22.02	21.93	27.99	0.00	0.00
LBC	21	28.06	22.03	21.93	27.97	0.00	0.00
LBC	22	28.08	22.02	21.93	27.98	0.00	0.00
LBC	23	28.01	22.07	21.98	27.93	0.00	0.00
LBC	24	28.05	22.05	21.93	27.97	0.00	0.00
LBC	25	28.01	22.09	21.98	27.91	0.00	0.00
LBC	26	27.98	22.11	22.01	27.90	0.00	0.00
LBC	27	28.00	22.09	21.98	27.92	0.00	0.00
LBC	28	27.98	22.13	22.03	27.87	0.00	0.00
LBC	29	28.02	22.09	21.98	27.91	0.00	0.00
LBC	30	27.96	22.14	22.04	27.86	0.00	0.00
LBC	31	27.97	22.14	22.04	27.86	0.00	0.00
LBC	32	27.97	22.13	22.04	27.86	0.00	0.00
LBC	33	27.96	22.14	22.03	27.86	0.00	0.00
LBC	34	27.94	22.17	22.06	27.83	0.00	0.00
LBC	35	27.94	22.16	22.05	27.84	0.00	0.00
LBC	36	27.95	22.16	22.04	27.85	0.00	0.00
LBC	37	27.94	22.17	22.07	27.82	0.00	0.00
LBC	38	27.99	22.13	22.02	27.86	0.00	0.00
LBC	39	27.95	22.16	22.04	27.84	0.00	0.00
LBC	40	27.95	22.16	22.06	27.83	0.00	0.00
LBC	41	27.94	22.16	22.06	27.83	0.00	0.00
LBC	42	27.95	22.16	22.05	27.83	0.00	0.00
LBC	43	27.94	22.18	22.07	27.81	0.00	0.00
LBC	44	27.97	22.14	22.04	27.85	0.00	0.00
LBC	45	27.94	22.18	22.06	27.82	0.00	0.00
LBC	46	27.92	22.20	22.09	27.79	0.00	0.00
LBC	47	27.95	22.18	22.06	27.81	0.00	0.00
LBC	48	27.95	22.18	22.06	27.81	0.00	0.00
LBC	49	27.93	22.20	22.08	27.79	0.00	0.00
LBC	50	27.98	22.15	22.03	27.84	0.00	0.00
LBC	51	27.93	22.20	22.08	27.80	0.00	0.00
LBC	52	27.94	22.18	22.07	27.80	0.00	0.00
LBC	53	27.96	22.17	22.05	27.82	0.00	0.00
LBC	54	27.94	22.19	22.06	27.80	0.00	0.00
LBC	55	27.96	22.18	22.05	27.81	0.00	0.00
LBC	56	27.95	22.18	22.06	27.81	0.00	0.00
LBC	57	27.93	22.21	22.07	27.79	0.00	0.00
LBC	58	27.92	22.21	22.10	27.78	0.00	0.00
LBC	59	27.96	22.18	22.06	27.81	0.00	0.00
LBC	60	27.95	22.19	22.06	27.80	0.00	0.00
LBC	61	27.94	22.19	22.08	27.79	0.00	0.00
LBC	62	27.97	22.16	22.05	27.82	0.00	0.00
LBC	63	27.93	22.21	22.09	27.78	0.00	0.00
LBC	64	27.93	22.21	22.09	27.78	0.00	0.00
LBC	65	27.95	22.18	22.06	27.80	0.00	0.00
LBC	66	27.93	22.21	22.08	27.78	0.00	0.00
LBC	67	27.95	22.19	22.07	27.79	0.00	0.00
LBC	68	27.93	22.20	22.09	27.78	0.00	0.00
LBC	69	27.91	22.23	22.10	27.77	0.00	0.00
LBC	70	27.96	22.18	22.06	27.80	0.00	0.00
LBC	71	27.94	22.19	22.08	27.79	0.00	0.00
LBC	72	27.92	22.21	22.09	27.78	0.00	0.00
LBC	73	27.94	22.20	22.08	27.78	0.00	0.00
LBC	74	27.94	22.19	22.08	27.79	0.00	0.00
LBC	75	27.94	22.20	22.07	27.79	0.00	0.00
LBC	76	27.94	22.20	22.08	27.78	0.00	0.00
LBC	77	27.95	22.19	22.07	27.79	0.00	0.00
LBC	78	27.93	22.21	22.08	27.78	0.00	0.00
LBC	79	27.94	22.20	22.08	27.78	0.00	0.00
LBC	80	27.92	22.22	22.10	27.76	0.00	0.00
LBC	81	27.92	22.22	22.09	27.77	0.00	0.00
LBC	82	27.92	22.22	22.10	27.76	0.00	0.00
LBC	83	27.92	22.21	22.10	27.77	0.00	0.00
LBC	84	27.91	22.23	22.10	27.76	0.00	0.00
LBC	85	27.92	22.23	22.10	27.76	0.00	0.00
LBC	86	27.93	22.21	22.09	27.77	0.00	0.00
LBC	87	27.92	22.21	22.09	27.78	0.00	0.00
LBC	88	27.91	22.23	22.10	27.75	0.00	0.00
LBC	89	27.92	22.22	22.09	27.77	0.00	0.00
LBC	90	27.91	22.23	22.10	27.76	0.00	0.00
LBC	91	27.91	22.24	22.11	27.74	0.00	0.00
LBC	92	27.91	22.24	22.11	27.75	0.00	0.00
LBC	93	27.92	22.22	22.08	27.78	0.00	0.00
LBC	94	27.92	22.22	22.10	27.76	0.00	0.00
LBC	95	27.91	22.23	22.10	27.76	0.00	0.00
LBC	96	27.91	22.24	22.09	27.76	0.00	0.00
LBC	97	27.92	22.23	22.09	27.75	0.00	0.00
LBC	98	27.94	22.21	22.07	27.78	0.00	0.00
LBC	99	27.90	22.25	22.09	27.76	0.00	0.00
LBC	100	27.91	22.24	22.10	27.75	0.00	0.00
LBC	101	27.90	22.24	22.10	27.76	0.00	0.00
LBC	102	27.90	22.24	22.10	27.76	0.00	0.00
LBC	103	27.89	22.25	22.13	27.73	0.00	0.00
LBC	104	27.91	22.24	22.09	27.76	0.00	0.00
LBC	105	27.89	22.26	22.11	27.74	0.00	0.00
LBC	106	27.90	22.25	22.11	27.74	0.00	0.00
LBC	107	27.93	22.22	22.08	27.78	0.00	0.00
LBC	108	27.90	22.25	22.09	27.76	0.00	0.00
LBC	109	27.90	22.25	22.11	27.74	0.00	0.00
LBC	110	27.91	22.24	22.10	27.75	0.00	0.00
LBC	111	27.90	22.25	22.10	27.76	0.00	0.00
LBC	112	27.90	22.26	22.11	27.73	0.00	0.00
LBC	113	27.90	22.26	22.11	27.73	0.00	0.00
LBC	114	27.88	22.27	22.13	27.73	0.00	0.00
LBC	115	27.88	22.27	22.12	27.73	0.00	0.00
LBC	116	27.91	22.25	22.10	27.75	0.00	0.00
LBC	117	27.86	22.29	22.13	27.71	0.00	0.00
LBC	118	27.87	22.29	22.13	27.72	0.00	0.00
LBC	119	27.90	22.26	22.10	27.74	0.00	0.00
LBC	120	27.88	22.27	22.11	27.74	0.00	0.00
LBC	121	27.87	22.28	22.13	27.72	0.00	0.00
LBC	122	27.90	22.26	22.10	27.74	0.00	0.00
LBC	123	27.88	22.27	22.11	27.73	0.00	0.00
LBC	124	27.88	22.28	22.13	27.71	0.00	0.00
LBC	125	27.88	22.27	22.12	27.73	0.00	0.00
LBC	126	27.86	22.30	22.13	27.71	0.00	0.00
LBC	127	27.85	22.31	22.15	27.69	0.00	0.00
LBC	128	27.87	22.29	22.13	27.71	0.00	0.00
LBC	129	27.85	22.30	22.14	27.71	0.00	0.00
LBC	130	27.86	22.30	22.14	27.71	0.00	0.00
LBC	131	27.85	22.31	22.15	27.69	0.00	0.00
LBC	132	27.84	22.31	22.15	27.70	0.00	0.00
LBC	133	27.84	22.31	22.15	27.69	0.00	0.00
LBC	134	27.85	22.31	22.15	27.70	0.00	0.00
LBC	135	27.84	22.32	22.15	27.69	0.00	0.00
LBC	136	27.82	22.33	22.18	27.66	0.00	0.00
LBC	137	27.83	22.33	22.18	27.66	0.00	0.00
LBC	138	27.81	22.35	22.18	27.66	0.00	0.00
LBC	139	27.83	22.33	22.16	27.67	0.00	0.00
LBC	140	27.84	22.32	22.16	27.69	0.00	0.00
LBC	141	27.81	22.34	22.17	27.68	0.00	0.00
LBC	142	27.76	22.40	22.23	27.61	0.00	0.00
LBC	143	27.76	22.40	22.23	27.61	0.00	0.00
LBC	144	27.76	22.40	22.23	27.61	0.00	0.00
LBC	145	27.76	22.40	22.23	27.60	0.00	0.00
LBC	146	27.76	22.40	22.24	27.60	0.00	0.00
LBC	147	27.74	22.42	22.25	27.59	0.00	0.00
LBC	148	27.72	22.44	22.27	27.57	0.00	0.00
LBC	149	27.73	22.43	22.27	27.57	0.00	0.00
LBC	150	27.72	22.44	22.26	27.57	0.08	0.00
# ACGT raw counters for last fragments. Use `grep ^LTC | cut -f 2-` to extract this part. The columns are: A,C,G,T,N base counters
LTC	14503469387	11503082458	11441982331	14438279057	194265
# Insert sizes. Use `grep ^IS | cut -f 2-` to extract this part. The columns are: insert size, pairs total, inward oriented pairs, outward oriented pairs, other pairs
IS	0	4587	0	34	4553
IS	1	1367	0	73	1294
IS	2	1004	0	606	398
IS	3	746	0	554	192
IS	4	685	0	575	110
IS	5	682	0	582	100
IS	6	637	0	566	71
IS	7	689	0	619	70
IS	8	659	0	594	65
IS	9	742	0	673	69
IS	10	729	0	661	68
IS	11	683	0	614	69
IS	12	730	0	673	57
IS	13	678	0	637	41
IS	14	694	0	639	55
IS	15	647	0	609	38
IS	16	768	0	732	36
IS	17	760	0	709	51
IS	18	747	0	718	29
IS	19	95472	45088	50355	29
IS	20	40747	19802	20913	32
IS	21	15165	7357	7784	24
IS	22	5485	2440	3024	21
IS	23	2554	938	1584	32
IS	24	1603	393	1187	23
IS	25	1656	490	1147	19
IS	26	1722	470	1223	29
IS	27	1553	409	1122	22
IS	28	1653	479	1153	21
IS	29	1501	435	1044	22
IS	30	1531	418	1081	32
IS	31	1672	506	1143	23
IS	32	1723	497	1199	27
IS	33	1834	575	1236	23
IS	34	1823	552	1251	20
IS	35	1786	542	1217	27
IS	36	2058	734	1296	28
IS	37	1986	599	1356	31
IS	38	2249	703	1519	27
IS	39	2400	778	1596	26
IS	40	2693	892	1750	51
IS	41	2913	1037	1841	35
IS	42	3256	1138	2065	53
IS	43	3377	1248	2093	36
IS	44	3530	1404	2086	40
IS	45	3807	1556	2228	23
IS	46	3833	1554	2254	25
IS	47	4193	1601	2565	27
IS	48	4385	1733	2624	28
IS	49	4466	1761	2671	34
IS	50	4684	1924	2721	39
IS	51	5051	2132	2879	40
IS	52	5376	2235	3103	38
IS	53	5609	2305	3250	54
IS	54	5880	2423	3392	65
IS	55	6162	2531	3497	134
IS	56	6419	2688	3636	95
IS	57	6520	2754	3745	21
IS	58	6802	2950	3828	24
IS	59	6841	2868	3954	19
IS	60	6977	2991	3970	16
IS	61	7156	3086	4051	19
IS	62	7026	3069	3934	23
IS	63	7284	3103	4158	23
IS	64	7171	3124	4021	26
IS	65	7508	3251	4229	28
IS	66	7439	3283	4126	30
IS	67	7563	3289	4248	26
IS	68	7528	3351	4151	26
IS	69	7583	3315	4254	14
IS	70	7795	3447	4330	18
IS	71	8176	3707	4457	12
IS	72	8149	3611	4519	19
IS	73	8289	3768	4510	11
IS	74	8291	3821	4454	16
IS	75	8314	3791	4505	18
IS	76	8580	3978	4589	13
IS	77	8544	3970	4560	14
IS	78	8582	3859	4708	15
IS	79	8826	4070	4732	24
IS	80	8837	4065	4760	12
IS	81	8769	4013	4739	17
IS	82	9215	4341	4856	18
IS	83	9340	4362	4955	23
IS	84	9322	4368	4929	25
IS	85	9175	4320	4833	22
IS	86	9386	4370	4994	22
IS	87	9577	4542	5014	21
IS	88	9572	4597	4962	13
IS	89	9645	4608	5022	15
IS	90	9670	4565	5087	18
IS	91	9750	4580	5158	12
IS	92	9541	4672	4850	19
IS	93	9532	4548	4966	18
IS	94	9525	4584	4926	15
IS	95	9357	4557	4777	23
IS	96	9625	4578	5022	25
IS	97	9529	4523	4989	17
IS	98	9716	4690	5008	18
IS	99	9588	4616	4948	24
IS	100	9798	4815	4961	22
IS	101	9636	4713	4905	18
IS	102	9478	4717	4740	21
IS	103	9468	4599	4855	14
IS	104	9366	4532	4819	15
IS	105	9245	4500	4723	22
IS	106	9335	4577	4728	30
IS	107	9274	4524	4725	25
IS	108	9383	4617	4740	26
IS	109	9248	4582	4635	31
IS	110	9423	4610	4798	15
IS	111	9592	4806	4753	33
IS	112	9594	4813	4765	16
IS	113	9608	4728	4858	22
IS	114	9609	4784	4803	22
IS	115	9571	4728	4819	24
IS	116	9739	4893	4819	27
IS	117	9976	4947	5005	24
IS	118	9954	4979	4950	25
IS	119	9969	5026	4922	21
IS	120	10452	5367	5063	22
IS	121	10333	5345	4968	20
IS	122	10288	5301	4951	36
IS	123	10331	5217	5095	19
IS	124	10325	5182	5114	29
IS	125	10515	5267	5222	26
IS	126	10449	5271	5159	19
IS	127	10505	5381	5106	18
IS	128	10626	5452	5156	18
IS	129	10804	5474	5295	35
IS	130	10846	5590	5230	26
IS	131	10773	5525	5213	35
IS	132	10926	5488	5402	36
IS	133	10928	5581	5313	34
IS	134	10893	5723	5145	25
IS	135	11289	5683	5567	39
IS	136	11425	5806	5584	35
IS	137	11501	5804	5667	30
IS	138	11871	6086	5752	33
IS	139	11893	5835	6032	26
IS	140	11891	5166	6686	39
IS	141	11956	6651	5266	39
IS	142	12283	6872	5393	18
IS	143	12329	6830	5462	37
IS	144	12645	6959	5647	39
IS	145	13058	7226	5808	24
IS	146	13038	7145	5861	32
IS	147	13141	7152	5947	42
IS	148	13810	7264	6510	36
IS	149	13743	5819	7904	20
IS	150	13811	8481	5299	31
IS	151	13920	13699	190	31
IS	152	14297	14203	62	32
IS	153	14619	14541	40	38
IS	154	15163	15084	54	25
IS	155	15229	15154	41	34
IS	156	15631	15564	36	31
IS	157	16049	15964	43	42
IS	158	15949	15887	31	31
IS	159	16350	16290	25	35
IS	160	16532	16464	30	38
IS	161	16944	16874	34	36
IS	162	17250	17201	28	21
IS	163	17379	17325	30	24
IS	164	18302	18246	30	26
IS	165	18344	18295	19	30
IS	166	18866	18799	19	48
IS	167	19166	19113	20	33
IS	168	19837	19769	19	49
IS	169	20206	20149	15	42
IS	170	20489	20429	25	35
IS	171	21358	21305	22	31
IS	172	21620	21567	24	29
IS	173	22255	22184	23	48
IS	174	22809	22758	12	39
IS	175	23624	23555	18	51
IS	176	24259	24196	16	47
IS	177	25343	25295	14	34
IS	178	25538	25479	12	47
IS	179	26671	26637	12	22
IS	180	27320	27259	12	49
IS	181	28203	28150	11	42
IS	182	28413	28348	8	57
IS	183	29497	29436	12	49
IS	184	30571	30512	7	52
IS	185	31177	31114	14	49
IS	186	32463	32407	15	41
IS	187	33779	33731	12	36
IS	188	34701	34656	12	33
IS	189	35765	35705	18	42
IS	190	36596	36542	11	43
IS	191	38133	38077	9	47
IS	192	39322	39251	15	56
IS	193	39967	39909	13	45
IS	194	41243	41181	17	45
IS	195	42805	42745	9	51
IS	196	44092	44035	7	50
IS	197	46278	46218	13	47
IS	198	47868	47818	7	43
IS	199	49607	49546	12	49
IS	200	50916	50864	7	45
IS	201	52842	52780	14	48
IS	202	53284	53230	8	46
IS	203	55329	55276	12	41
IS	204	56875	56814	17	44
IS	205	58690	58618	15	57
IS	206	60958	60889	12	57
IS	207	63495	63439	9	47
IS	208	65119	65055	16	48
IS	209	67548	67488	6	54
IS	210	68771	68714	12	45
IS	211	72271	72187	15	69
IS	212	74385	74320	9	56
IS	213	76151	76091	8	52
IS	214	78510	78436	19	55
IS	215	80624	80558	11	55
IS	216	83296	83213	19	64
IS	217	86163	86095	17	51
IS	218	88426	88371	8	47
IS	219	92040	91957	15	68
IS	220	95416	95354	4	58
IS	221	98353	98280	9	64
IS	222	101473	101415	9	49
IS	223	104685	104587	17	81
IS	224	106933	106877	10	46
IS	225	110483	110406	19	58
IS	226	114256	114186	12	58
IS	227	118071	118000	12	59
IS	228	122155	122076	16	63
IS	229	126803	126757	8	38
IS	230	129505	129450	10	45
IS	231	133338	133245	13	80
IS	232	138383	138307	13	63
IS	233	142819	142762	11	46
IS	234	146046	145979	10	57
IS	235	150530	150448	11	71
IS	236	154007	153932	14	61
IS	237	159790	159736	9	45
IS	238	165653	165569	6	78
IS	239	170447	170385	15	47
IS	240	176246	176195	8	43
IS	241	181163	181095	8	60
IS	242	187082	186993	10	79
IS	243	192206	192125	9	72
IS	244	197016	196946	8	62
IS	245	203599	203526	13	60
IS	246	208579	208509	12	58
IS	247	215037	214958	14	65
IS	248	221404	221331	10	63
IS	249	228639	228572	9	58
IS	250	235687	235593	18	76
IS	251	243628	243563	13	52
IS	252	248954	248903	10	41
IS	253	256213	256128	11	74
IS	254	262699	262621	12	66
IS	255	269354	269281	16	57
IS	256	275800	275721	12	67
IS	257	284773	284693	12	68
IS	258	292160	292066	12	82
IS	259	301286	301229	8	49
IS	260	308821	308745	8	68
IS	261	318486	318417	13	56
IS	262	327930	327858	5	67
IS	263	337204	337137	16	51
IS	264	345955	345878	10	67
IS	265	352394	352323	11	60
IS	266	359996	359914	10	72
IS	267	368733	368677	10	46
IS	268	378719	378648	7	64
IS	269	388636	388540	21	75
IS	270	401874	401794	13	67
IS	271	411141	411065	17	59
IS	272	423568	423481	18	69
IS	273	434440	434370	14	56
IS	274	444685	444613	11	61
IS	275	453780	453693	21	66
IS	276	462829	462750	14	65
IS	277	472036	471954	13	69
IS	278	483747	483672	12	63
IS	279	495828	495766	6	56
IS	280	511186	511096	13	77
IS	281	522243	522171	11	61
IS	282	536006	535925	8	73
IS	283	549550	549467	13	70
IS	284	561673	561600	15	58
IS	285	573347	573265	8	74
IS	286	584212	584147	11	54
IS	287	595203	595122	11	70
IS	288	607234	607170	12	52
IS	289	619985	619910	16	59
IS	290	634908	634827	11	70
IS	291	649179	649102	10	67
IS	292	666936	666862	21	53
IS	293	680444	680380	10	54
IS	294	693979	693911	12	56
IS	295	708949	708859	14	76
IS	296	719621	719554	8	59
IS	297	730438	730363	10	65
IS	298	742151	742084	15	52
IS	299	757103	757036	8	59
IS	300	773849	773774	4	71
IS	301	790163	790104	10	49
IS	302	806469	806388	15	66
IS	303	823501	823435	8	58
IS	304	839703	839632	14	57
IS	305	853274	853200	15	59
IS	306	866413	866349	11	53
IS	307	880768	880701	16	51
IS	308	891548	891487	12	49
IS	309	907743	907680	8	55
IS	310	925006	924935	7	64
IS	311	940778	940716	10	52
IS	312	958583	958528	9	46
IS	313	975578	975504	13	61
IS	314	988414	988353	9	52
IS	315	1003979	1003902	12	65
IS	316	1018974	1018922	13	39
IS	317	1030196	1030115	13	68
IS	318	1041589	1041517	10	62
IS	319	1053830	1053750	19	61
IS	320	1065128	1065069	8	51
IS	321	1084852	1084786	17	49
IS	322	1100360	1100283	18	59
IS	323	1116530	1116461	12	57
IS	324	1130709	1130654	8	47
IS	325	1146515	1146450	10	55
IS	326	1159336	1159276	8	52
IS	327	1169830	1169766	17	47
IS	328	1180033	1179972	5	56
IS	329	1191018	1190972	5	41
IS	330	1202746	1202665	11	70
IS	331	1213759	1213692	6	61
IS	332	1230479	1230428	14	37
IS	333	1243421	1243346	14	61
IS	334	1258049	1257985	15	49
IS	335	1273284	1273227	11	46
IS	336	1282960	1282910	11	39
IS	337	1292910	1292852	5	53
IS	338	1299734	1299683	12	39
IS	339	1305432	1305370	6	56
IS	340	1315387	1315338	7	42
IS	341	1323414	1323358	12	44
IS	342	1337903	1337834	13	56
IS	343	1349259	1349197	6	56
IS	344	1363269	1363215	8	46
IS	345	1373663	1373608	10	45
IS	346	1385151	1385086	6	59
IS	347	1391333	1391293	5	35
IS	348	1397678	1397614	11	53
IS	349	1401011	1400942	9	60
IS	350	1405330	1405276	6	48
IS	351	1411097	1411030	9	58
IS	352	1419914	1419860	11	43
IS	353	1430685	1430617	19	49
IS	354	1439850	1439791	9	50
IS	355	1448587	1448467	6	114
IS	356	1457323	1457185	10	128
IS	357	1460935	1460852	5	78
IS	358	1466934	1466869	20	45
IS	359	1468238	1468181	9	48
IS	360	1467954	1467885	13	56
IS	361	1473443	1473381	13	49
IS	362	1477572	1477484	13	75
IS	363	1483505	1483448	8	49
IS	364	1491075	1491019	13	43
IS	365	1495750	1495689	10	51
IS	366	1503765	1503708	9	48
IS	367	1507992	1507921	9	62
IS	368	1509054	1509006	7	41
IS	369	1508666	1508616	6	44
IS	370	1507185	1507124	10	51
IS	371	1505931	1505872	7	52
IS	372	1504417	1504373	8	36
IS	373	1513069	1513020	7	42
IS	374	1516798	1516747	4	47
IS	375	1521179	1521134	7	38
IS	376	1522760	1522710	8	42
IS	377	1527699	1527649	10	40
IS	378	1525010	1524958	4	48
IS	379	1528438	1528389	12	37
IS	380	1526016	1525975	7	34
IS	381	1518151	1518073	17	61
IS	382	1518542	1518479	12	51
IS	383	1516985	1516929	6	50
IS	384	1518917	1518871	4	42
IS	385	1520180	1520132	11	37
IS	386	1520762	1520713	12	37
IS	387	1524606	1524543	18	45
IS	388	1521540	1521495	4	41
IS	389	1519513	1519480	7	26
IS	390	1515056	1514998	4	54
IS	391	1511602	1511563	6	33
IS	392	1507087	1507022	10	55
IS	393	1502038	1501988	8	42
IS	394	1501793	1501738	5	50
IS	395	1498982	1498928	13	41
IS	396	1498276	1498235	10	31
IS	397	1500839	1500782	9	48
IS	398	1498720	1498664	12	44
IS	399	1497122	1497088	3	31
IS	400	1488798	1488756	7	35
IS	401	1480130	1480084	12	34
IS	402	1474575	1474526	14	35
IS	403	1466880	1466837	12	31
IS	404	1466870	1466828	11	31
IS	405	1464103	1464053	9	41
IS	406	1462657	1462615	12	30
IS	407	1457230	1457187	7	36
IS	408	1459353	1459313	8	32
IS	409	1451700	1451657	12	31
IS	410	1448286	1448255	13	18
IS	411	1439440	1439393	18	29
IS	412	1431731	1431693	16	22
IS	413	1426324	1426270	16	38
IS	414	1420686	1420638	11	37
IS	415	1412152	1412111	8	33
IS	416	1411077	1411033	10	34
IS	417	1406515	1406461	12	42
IS	418	1404274	1404201	7	66
IS	419	1398322	1398163	18	141
IS	420	1393487	1393296	13	178
IS	421	1386127	1386010	12	105
IS	422	1377357	1377289	14	54
IS	423	1366291	1366230	13	48
IS	424	1359287	1359216	12	59
IS	425	1352484	1352423	12	49
IS	426	1350502	1350445	8	49
IS	427	1343119	1343076	7	36
IS	428	1339600	1339556	9	35
IS	429	1333003	1332953	10	40
IS	430	1326604	1326566	9	29
IS	431	1317138	1317096	9	33
IS	432	1309722	1309683	5	34
IS	433	1299710	1299665	10	35
IS	434	1290849	1290816	10	23
IS	435	1282335	1282294	17	24
IS	436	1274231	1274199	13	19
IS	437	1270885	1270857	9	19
IS	438	1268388	1268346	19	23
IS	439	1262302	1262271	8	23
IS	440	1251898	1251855	10	33
IS	441	1246703	1246656	16	31
IS	442	1235098	1235071	4	23
IS	443	1227812	1227783	11	18
IS	444	1217662	1217632	13	17
IS	445	1208023	1207983	10	30
IS	446	1201265	1201227	18	20
IS	447	1193271	1193228	10	33
IS	448	1188213	1188180	14	19
IS	449	1181794	1181761	13	20
IS	450	1173557	1173523	13	21
IS	451	1164918	1164869	22	27
IS	452	1156356	1156323	10	23
IS	453	1146255	1146220	15	20
IS	454	1136216	1136183	9	24
IS	455	1127554	1127521	10	23
IS	456	1117396	1117367	8	21
IS	457	1109468	1109451	6	11
IS	458	1105371	1105338	15	18
IS	459	1098309	1098273	9	27
IS	460	1089418	1089381	11	26
IS	461	1082882	1082854	10	18
IS	462	1071450	1071418	15	17
IS	463	1065633	1065602	15	16
IS	464	1055717	1055694	8	15
IS	465	1043786	1043759	11	16
IS	466	1035035	1035010	11	14
IS	467	1025674	1025640	20	14
IS	468	1018349	1018321	17	11
IS	469	1011266	1011232	15	19
IS	470	1004809	1004786	5	18
IS	471	996190	996173	11	6
IS	472	987627	987590	8	29
IS	473	979107	979084	8	15
IS	474	969014	968991	8	15
IS	475	959123	959086	13	24
IS	476	949048	949019	18	11
IS	477	938625	938594	12	19
IS	478	932583	932554	12	17
IS	479	923929	923904	8	17
IS	480	916656	916626	9	21
IS	481	909668	909635	12	21
IS	482	903385	903370	4	11
IS	483	892666	892644	10	12
IS	484	886297	886273	10	14
IS	485	874016	873966	7	43
IS	486	863682	863566	14	102
IS	487	854110	853986	11	113
IS	488	846417	846341	13	63
IS	489	837988	837939	14	35
IS	490	829397	829359	11	27
IS	491	822814	822776	10	28
IS	492	815698	815652	11	35
IS	493	809354	809315	19	20
IS	494	800698	800660	14	24
IS	495	790679	790644	8	27
IS	496	779570	779546	6	18
IS	497	771836	771807	15	14
IS	498	761479	761449	17	13
IS	499	755835	755804	16	15
IS	500	746566	746529	18	19
IS	501	738490	738468	11	11
IS	502	731423	731397	10	16
IS	503	724400	724364	18	18
IS	504	716062	716037	12	13
IS	505	705071	705041	14	16
IS	506	696472	696453	9	10
IS	507	686471	686441	9	21
IS	508	678905	678880	11	14
IS	509	669095	669061	18	16
IS	510	661573	661553	11	9
IS	511	654009	653989	10	10
IS	512	646700	646680	12	8
IS	513	640330	640308	13	9
IS	514	630347	630314	23	10
IS	515	622069	622059	3	7
IS	516	611977	611950	15	12
IS	517	604012	603987	15	10
IS	518	596191	596173	13	5
IS	519	587196	587174	14	8
IS	520	578727	578707	8	12
IS	521	572549	572522	16	11
IS	522	564853	564829	18	6
IS	523	556639	556615	13	11
IS	524	550707	550677	23	7
IS	525	543261	543231	19	11
IS	526	537480	537458	12	10
IS	527	528607	528581	17	9
IS	528	521912	521887	16	9
IS	529	512301	512273	19	9
IS	530	508557	508539	16	2
IS	531	501579	501562	13	4
IS	532	496817	496798	9	10
IS	533	489801	489774	14	13
IS	534	483220	483199	13	8
IS	535	475873	475848	14	11
IS	536	468508	468482	17	9
IS	537	464156	464141	10	5
IS	538	457185	457163	11	11
IS	539	450041	450013	13	15
IS	540	443253	443230	16	7
IS	541	437832	437803	17	12
IS	542	432749	432726	13	10
IS	543	425636	425613	17	6
IS	544	422048	422027	14	7
IS	545	415877	415846	24	7
IS	546	411681	411668	9	4
IS	547	404369	404344	14	11
IS	548	396155	396124	20	11
IS	549	392344	392324	16	4
IS	550	386084	386068	8	8
IS	551	380200	380168	19	13
IS	552	375184	375152	23	9
IS	553	372234	372211	13	10
IS	554	365538	365516	14	8
IS	555	361569	361555	12	2
IS	556	356719	356695	15	9
IS	557	351348	351312	27	9
IS	558	345395	345378	13	4
IS	559	339742	339715	14	13
IS	560	335464	335439	16	9
IS	561	329428	329406	19	3
IS	562	325065	325046	11	8
IS	563	319254	319228	21	5
IS	564	316396	316372	19	5
IS	565	311561	311545	12	4
IS	566	306863	306840	12	11
IS	567	303462	303437	19	6
IS	568	296312	296285	17	10
IS	569	291548	291530	12	6
IS	570	287915	287894	18	3
IS	571	283582	283561	14	7
IS	572	278396	278375	12	9
IS	573	274857	274836	17	4
IS	574	270273	270249	17	7
IS	575	266575	266560	10	5
IS	576	262231	262205	17	9
IS	577	258669	258649	11	9
IS	578	254589	254563	22	4
IS	579	250210	250191	12	7
IS	580	245444	245426	14	4
IS	581	241457	241437	14	6
IS	582	236879	236868	9	2
IS	583	233849	233830	10	9
IS	584	232175	232158	13	4
IS	585	225242	225226	14	2
IS	586	222835	222812	17	6
IS	587	220101	220081	12	8
IS	588	216164	216145	9	10
IS	589	211994	211979	11	4
IS	590	209154	209140	11	3
IS	591	205123	205109	9	5
IS	592	202300	202272	23	5
IS	593	199661	199643	12	6
IS	594	197364	197347	11	6
IS	595	193557	193542	14	1
IS	596	192356	192332	19	5
IS	597	187341	187330	8	3
IS	598	184503	184482	18	3
IS	599	181650	181626	15	9
IS	600	179535	179514	13	8
IS	601	176240	176230	4	6
IS	602	173599	173586	9	4
IS	603	170746	170730	13	3
IS	604	168102	168076	19	7
IS	605	165928	165906	11	11
IS	606	163876	163853	13	10
IS	607	160908	160899	6	3
IS	608	157748	157733	11	4
IS	609	156582	156573	6	3
IS	610	154254	154231	16	7
IS	611	151067	151054	8	5
IS	612	148923	148913	8	2
IS	613	145879	145864	11	4
IS	614	144231	144215	10	6
IS	615	141736	141718	12	6
IS	616	139038	139019	13	6
IS	617	138308	138285	19	4
IS	618	135486	135468	14	4
IS	619	133651	133640	6	5
IS	620	131092	131082	5	5
IS	621	129066	129048	10	8
IS	622	127970	127955	13	2
IS	623	125347	125335	10	2
IS	624	123202	123187	6	9
IS	625	121324	121304	12	8
IS	626	119121	119106	11	4
IS	627	117364	117351	7	6
IS	628	115595	115576	15	4
IS	629	113831	113810	15	6
IS	630	111796	111782	7	7
IS	631	110373	110361	7	5
IS	632	109346	109327	10	9
IS	633	107260	107246	11	3
IS	634	105113	105093	16	4
IS	635	103965	103955	6	4
IS	636	101853	101837	10	6
IS	637	100679	100666	9	4
IS	638	98759	98742	16	1
IS	639	97205	97196	8	1
IS	640	95532	95513	14	5
IS	641	94687	94675	8	4
IS	642	93497	93475	16	6
IS	643	91658	91646	9	3
IS	644	90142	90125	12	5
IS	645	88475	88465	7	3
IS	646	87293	87279	9	5
IS	647	86236	86217	14	5
IS	648	85001	84989	6	6
IS	649	83719	83703	14	2
IS	650	82243	82229	11	3
IS	651	80816	80802	11	3
IS	652	80032	80015	8	9
IS	653	78964	78953	8	3
IS	654	77909	77899	6	4
IS	655	75964	75949	8	7
IS	656	75258	75251	3	4
IS	657	74192	74181	6	5
IS	658	73137	73124	6	7
IS	659	72485	72481	3	1
IS	660	70884	70875	4	5
IS	661	70767	70757	4	6
IS	662	68945	68935	5	5
IS	663	67641	67627	12	2
IS	664	67524	67508	10	6
IS	665	65743	65738	3	2
IS	666	65029	65020	6	3
IS	667	63779	63762	10	7
IS	668	63342	63327	10	5
IS	669	61878	61864	8	6
IS	670	61612	61596	8	8
IS	671	60162	60143	12	7
IS	672	59498	59487	5	6
IS	673	58395	58375	10	10
IS	674	57652	57643	6	3
IS	675	57411	57402	7	2
IS	676	56094	56085	4	5
IS	677	55750	55737	9	4
IS	678	54792	54776	12	4
IS	679	53811	53792	11	8
IS	680	53297	53286	9	2
IS	681	52400	52388	6	6
IS	682	52045	52037	6	2
IS	683	50882	50868	8	6
IS	684	50662	50647	9	6
IS	685	49908	49891	6	11
IS	686	48782	48769	8	5
IS	687	48798	48786	8	4
IS	688	47670	47663	3	4
IS	689	46555	46540	4	11
IS	690	46115	46102	11	2
IS	691	45459	45448	10	1
IS	692	45168	45153	15	0
IS	693	44867	44853	7	7
IS	694	44290	44271	9	10
IS	695	43281	43268	10	3
IS	696	42752	42742	7	3
IS	697	42490	42479	6	5
IS	698	41546	41538	4	4
IS	699	40926	40914	6	6
IS	700	40576	40565	7	4
IS	701	40007	39993	11	3
IS	702	39345	39335	8	2
IS	703	39089	39079	8	2
IS	704	38240	38227	9	4
IS	705	37935	37919	13	3
IS	706	36849	36839	9	1
IS	707	36828	36815	7	6
IS	708	36509	36501	5	3
IS	709	36016	35999	9	8
IS	710	35254	35240	7	7
IS	711	35106	35097	5	4
IS	712	34588	34578	8	2
IS	713	34238	34224	10	4
IS	714	33977	33964	9	4
IS	715	33253	33247	5	1
IS	716	32965	32953	5	7
IS	717	32423	32409	3	11
IS	718	32184	32173	7	4
IS	719	31817	31808	6	3
IS	720	31828	31820	4	4
IS	721	31183	31166	9	8
IS	722	30418	30405	7	6
IS	723	30301	30285	12	4
IS	724	29436	29423	12	1
IS	725	29662	29652	6	4
IS	726	29249	29244	4	1
IS	727	28806	28792	9	5
IS	728	28066	28060	3	3
# Read lengths. Use `grep ^RL | cut -f 2-` to extract this part. The columns are: read length, count
RL	141	152219578
RL	150	557863017
# Read lengths - first fragments. Use `grep ^FRL | cut -f 2-` to extract this part. The columns are: read length, count
FRL	150	355036037
# Read lengths - last fragments. Use `grep ^LRL | cut -f 2-` to extract this part. The columns are: read length, count
LRL	141	152219578
LRL	150	202826980
# Mapping qualities for reads !(UNMAP|SECOND|SUPPL|QCFAIL|DUP). Use `grep ^MAPQ | cut -f 2-` to extract this part. The columns are: mapq, count
MAPQ	0	82613013
MAPQ	1	623590
MAPQ	2	477428
MAPQ	3	596230
MAPQ	4	495575
MAPQ	5	473103
MAPQ	6	574393
MAPQ	7	621888
MAPQ	8	781163
MAPQ	9	697560
MAPQ	10	566252
MAPQ	11	566028
MAPQ	12	1117874
MAPQ	13	1161743
MAPQ	14	967780
MAPQ	15	788577
MAPQ	16	517116
MAPQ	17	575682
MAPQ	18	428922
MAPQ	19	507226
MAPQ	20	492523
MAPQ	21	452588
MAPQ	22	559666
MAPQ	23	333137
MAPQ	24	557201
MAPQ	25	717878
MAPQ	26	144268
MAPQ	27	1393954
MAPQ	28	154307
MAPQ	29	139875
MAPQ	30	368903
MAPQ	31	219499
MAPQ	32	245982
MAPQ	33	290108
MAPQ	34	170869
MAPQ	35	166339
MAPQ	36	220877
MAPQ	37	262599
MAPQ	38	150410
MAPQ	39	520113
MAPQ	40	10705130
MAPQ	41	548644
MAPQ	42	383654
MAPQ	43	783515
MAPQ	44	587329
MAPQ	45	962267
MAPQ	46	1134602
MAPQ	47	546804
MAPQ	48	2520250
MAPQ	49	236678
MAPQ	50	447676
MAPQ	51	251066
MAPQ	52	558110
MAPQ	53	166227
MAPQ	54	266337
MAPQ	55	229901
MAPQ	56	216998
MAPQ	57	856815
MAPQ	58	312639
MAPQ	59	550128
MAPQ	60	556477595
# Indel distribution. Use `grep ^ID | cut -f 2-` to extract this part. The columns are: length, number of insertions, number of deletions
ID	1	8143312	8302245
ID	2	2437545	2328566
ID	3	1055907	1010363
ID	4	910258	822920
ID	5	387889	355235
ID	6	345085	330493
ID	7	159633	150930
ID	8	165906	164206
ID	9	103468	105999
ID	10	100961	114535
ID	11	52144	80222
ID	12	81865	80319
ID	13	37554	39267
ID	14	40340	44473
ID	15	24364	29022
ID	16	32653	35894
ID	17	16912	17303
ID	18	19871	24011
ID	19	12081	14839
ID	20	12705	17591
ID	21	8515	11460
ID	22	10634	32324
ID	23	9075	49813
ID	24	7286	11021
ID	25	4380	6149
ID	26	4472	6888
ID	27	3035	4922
ID	28	3277	5196
ID	29	2313	3435
ID	30	2196	4092
ID	31	1263	2661
ID	32	1364	3075
ID	33	1087	2028
ID	34	1339	2201
ID	35	685	1642
ID	36	659	1653
ID	37	417	1137
ID	38	391	1017
ID	39	260	756
ID	40	301	1294
ID	41	165	723
ID	42	102	536
ID	43	79	644
ID	44	49	916
ID	45	23	2037
ID	46	6	2164
ID	47	7	381
ID	48	0	330
ID	49	0	231
ID	50	0	216
ID	51	0	192
ID	52	0	197
ID	53	0	170
ID	54	0	187
ID	55	0	128
ID	56	0	101
ID	57	0	101
ID	58	0	70
ID	59	0	75
ID	60	0	55
ID	61	0	23
ID	62	0	36
ID	63	0	14
ID	64	0	34
ID	65	0	8
ID	66	0	11
ID	67	0	11
ID	68	0	9
ID	69	0	6
# Indels per cycle. Use `grep ^IC | cut -f 2-` to extract this part. The columns are: cycle, number of insertions (fwd), .. (rev) , number of deletions (fwd), .. (rev)
IC	1	3	12	0	6
IC	2	1	12	5	2
IC	3	0	3	17986	18799
IC	4	18908	19361	23409	24405
IC	5	24353	24650	25727	26863
IC	6	26398	27116	28144	28498
IC	7	29059	29779	31027	31408
IC	8	30736	31123	35589	36541
IC	9	34376	34845	37608	39012
IC	10	36261	36952	39361	40578
IC	11	38053	38685	40893	42143
IC	12	40580	40505	42017	43259
IC	13	40955	41828	43984	44488
IC	14	42774	43322	44911	45365
IC	15	45013	45000	45794	47660
IC	16	49093	48213	47528	48435
IC	17	51528	50417	47661	49076
IC	18	49809	49547	48984	50237
IC	19	49331	51035	50115	51057
IC	20	50988	52352	50918	52297
IC	21	51178	53449	51961	53059
IC	22	52124	53734	52618	53474
IC	23	52254	54706	52849	53588
IC	24	52587	55333	53203	54394
IC	25	53251	55507	53037	54388
IC	26	53319	56411	53899	54632
IC	27	53495	56754	54181	54730
IC	28	54519	57633	54501	54981
IC	29	54004	58805	54220	55852
IC	30	54236	59021	53618	54418
IC	31	54141	58529	54399	54821
IC	32	53586	58366	54487	54984
IC	33	54181	58752	54163	54697
IC	34	53671	58293	54334	54920
IC	35	53746	58460	54872	54933
IC	36	54034	58997	54585	55248
IC	37	54056	59125	55052	55317
IC	38	53812	58935	54653	55608
IC	39	53703	59041	55332	55363
IC	40	54327	59654	55185	54949
IC	41	54527	58883	55404	55264
IC	42	53757	59896	55646	55992
IC	43	54348	59557	55685	54998
IC	44	54076	60146	55043	55316
IC	45	54357	59635	55508	55393
IC	46	54155	59863	55481	54677
IC	47	54240	59761	55671	55393
IC	48	53784	60095	55070	55536
IC	49	53954	60152	55388	54769
IC	50	54021	59083	55732	55426
IC	51	54439	59761	55587	54772
IC	52	54192	60135	55098	54919
IC	53	54260	60633	55306	54926
IC	54	54529	59827	54959	55332
IC	55	54197	60366	55790	55114
IC	56	54078	59893	55779	54752
IC	57	53894	59855	55594	55273
IC	58	54209	60131	55628	55880
IC	59	54381	60199	55571	55041
IC	60	54398	60269	55258	55133
IC	61	54174	60358	55650	54547
IC	62	54275	60322	55690	54767
IC	63	53787	60513	55712	55323
IC	64	53478	60246	55723	55271
IC	65	53227	59968	55446	54907
IC	66	53940	59835	55424	54858
IC	67	54104	59439	55630	54779
IC	68	53812	60115	55383	54527
IC	69	53462	59909	55542	54866
IC	70	53654	60474	55378	54870
IC	71	53717	60261	55524	54819
IC	72	53721	60443	55734	54492
IC	73	53780	60116	55203	55065
IC	74	53582	60116	55156	53722
IC	75	53569	59840	55343	54244
IC	76	53470	59964	54925	54758
IC	77	53691	59635	55096	54448
IC	78	53253	60115	55009	54032
IC	79	53249	60338	55559	54417
IC	80	53218	59730	55143	54919
IC	81	53640	59952	54351	53849
IC	82	53110	59584	55168	54389
IC	83	53279	59546	55374	54348
IC	84	52996	59429	54867	54346
IC	85	52921	59731	54630	54136
IC	86	52713	59218	55134	53726
IC	87	52859	59127	54717	53773
IC	88	52944	59802	54841	53570
IC	89	52416	59020	54374	53754
IC	90	52751	58669	54360	53716
IC	91	52522	57874	54405	53564
IC	92	52327	58395	54561	53024
IC	93	52433	58126	54815	53245
IC	94	52224	58687	54921	53447
IC	95	52303	57633	54795	53058
IC	96	52120	57428	54178	53273
IC	97	52468	57650	54417	53523
IC	98	52012	57170	53817	53050
IC	99	52484	56934	54087	52934
IC	100	51954	56636	54288	52876
IC	101	51488	56884	53845	51965
IC	102	51517	56391	54287	52696
IC	103	51153	56369	53687	52391
IC	104	51026	55845	53312	52122
IC	105	51233	55636	53641	52413
IC	106	51046	54586	53631	52535
IC	107	50725	55532	53385	51591
IC	108	50449	55208	53003	51728
IC	109	50522	54010	53049	51211
IC	110	50667	53167	53208	51407
IC	111	50345	52884	53007	50895
IC	112	50287	52758	52781	50518
IC	113	49654	52218	52386	50404
IC	114	48967	52154	52387	50590
IC	115	49332	51363	51701	50263
IC	116	48899	49958	51768	49550
IC	117	48925	50605	51539	49973
IC	118	48571	49847	51156	49342
IC	119	48471	49383	50831	48751
IC	120	48047	48376	51302	48610
IC	121	47629	47924	50259	48413
IC	122	47302	47470	51045	47584
IC	123	46925	46397	50082	47109
IC	124	46598	45685	49692	46148
IC	125	45682	44052	48775	45671
IC	126	45325	43473	48804	44972
IC	127	45153	42397	48658	44100
IC	128	44703	41884	47779	43880
IC	129	43837	40192	47469	42923
IC	130	43048	39354	46954	41414
IC	131	42504	37981	46838	40382
IC	132	41415	36985	45510	39689
IC	133	40067	35073	44197	38435
IC	134	39696	33480	43551	36405
IC	135	38634	31513	42579	35276
IC	136	37290	30645	41316	34380
IC	137	35937	28447	39949	32601
IC	138	33678	27461	38185	29002
IC	139	32326	18480	37077	20772
IC	140	31010	17936	35915	19889
IC	141	29543	17026	34130	19248
IC	142	27189	15582	32711	17968
IC	143	24485	13932	29223	15994
IC	144	21651	12185	27811	15724
IC	145	21180	11986	26427	14945
IC	146	17358	10130	23715	13625
IC	147	18146	10724	16671	10065
IC	148	0	0	0	3
IC	149	1	1	1	1
# Coverage distribution. Use `grep ^COV | cut -f 2-` to extract this part.
COV	[1-1]	1	5531023
COV	[2-2]	2	4250441
COV	[3-3]	3	3824496
COV	[4-4]	4	3888869
COV	[5-5]	5	4223778
COV	[6-6]	6	4848290
COV	[7-7]	7	5745341
COV	[8-8]	8	6880872
COV	[9-9]	9	8294227
COV	[10-10]	10	9933517
COV	[11-11]	11	11722650
COV	[12-12]	12	13485316
COV	[13-13]	13	15124089
COV	[14-14]	14	16641275
COV	[15-15]	15	18012087
COV	[16-16]	16	19480494
COV	[17-17]	17	21248782
COV	[18-18]	18	23680896
COV	[19-19]	19	27069934
COV	[20-20]	20	31795017
COV	[21-21]	21	37967756
COV	[22-22]	22	45798959
COV	[23-23]	23	55165331
COV	[24-24]	24	65954196
COV	[25-25]	25	77631173
COV	[26-26]	26	89752573
COV	[27-27]	27	101659420
COV	[28-28]	28	112808280
COV	[29-29]	29	122541942
COV	[30-30]	30	130248589
COV	[31-31]	31	135563780
COV	[32-32]	32	138241767
COV	[33-33]	33	138221069
COV	[34-34]	34	135505355
COV	[35-35]	35	130363897
COV	[36-36]	36	123248355
COV	[37-37]	37	114535676
COV	[38-38]	38	104637387
COV	[39-39]	39	94047258
COV	[40-40]	40	83291907
COV	[41-41]	41	72624166
COV	[42-42]	42	62482455
COV	[43-43]	43	52976859
COV	[44-44]	44	44367575
COV	[45-45]	45	36657087
COV	[46-46]	46	29974777
COV	[47-47]	47	24229746
COV	[48-48]	48	19383476
COV	[49-49]	49	15390981
COV	[50-50]	50	12115072
COV	[51-51]	51	9473072
COV	[52-52]	52	7367834
COV	[53-53]	53	5726374
COV	[54-54]	54	4435243
COV	[55-55]	55	3444744
COV	[56-56]	56	2691880
COV	[57-57]	57	2107582
COV	[58-58]	58	1669892
COV	[59-59]	59	1346103
COV	[60-60]	60	1102980
COV	[61-61]	61	914720
COV	[62-62]	62	777642
COV	[63-63]	63	672978
COV	[64-64]	64	593165
COV	[65-65]	65	533175
COV	[66-66]	66	483030
COV	[67-67]	67	442151
COV	[68-68]	68	411021
COV	[69-69]	69	382569
COV	[70-70]	70	358442
COV	[71-71]	71	338489
COV	[72-72]	72	322458
COV	[73-73]	73	307440
COV	[74-74]	74	292371
COV	[75-75]	75	279403
COV	[76-76]	76	266179
COV	[77-77]	77	254474
COV	[78-78]	78	244224
COV	[79-79]	79	234707
COV	[80-80]	80	223204
COV	[81-81]	81	214698
COV	[82-82]	82	207397
COV	[83-83]	83	199480
COV	[84-84]	84	193372
COV	[85-85]	85	186734
COV	[86-86]	86	180088
COV	[87-87]	87	173295
COV	[88-88]	88	166565
COV	[89-89]	89	161239
COV	[90-90]	90	157070
COV	[91-91]	91	151730
COV	[92-92]	92	146872
COV	[93-93]	93	143334
COV	[94-94]	94	138133
COV	[95-95]	95	132213
COV	[96-96]	96	128182
COV	[97-97]	97	124645
COV	[98-98]	98	119877
COV	[99-99]	99	115615
COV	[100-100]	100	112978
COV	[101-101]	101	109379
COV	[102-102]	102	105919
COV	[103-103]	103	101825
COV	[104-104]	104	98139
COV	[105-105]	105	95621
COV	[106-106]	106	92812
COV	[107-107]	107	89702
COV	[108-108]	108	86921
COV	[109-109]	109	84965
COV	[110-110]	110	82198
COV	[111-111]	111	80152
COV	[112-112]	112	78084
COV	[113-113]	113	75185
COV	[114-114]	114	73180
COV	[115-115]	115	71274
COV	[116-116]	116	69188
COV	[117-117]	117	67179
COV	[118-118]	118	65937
COV	[119-119]	119	64024
COV	[120-120]	120	62176
COV	[121-121]	121	60827
COV	[122-122]	122	60475
COV	[123-123]	123	58638
COV	[124-124]	124	57704
COV	[125-125]	125	55933
COV	[126-126]	126	55350
COV	[127-127]	127	54644
COV	[128-128]	128	53908
COV	[129-129]	129	52718
COV	[130-130]	130	52025
COV	[131-131]	131	51243
COV	[132-132]	132	50149
COV	[133-133]	133	48544
COV	[134-134]	134	47953
COV	[135-135]	135	47270
COV	[136-136]	136	47200
COV	[137-137]	137	46469
COV	[138-138]	138	46294
COV	[139-139]	139	46196
COV	[140-140]	140	45779
COV	[141-141]	141	44936
COV	[142-142]	142	44335
COV	[143-143]	143	43861
COV	[144-144]	144	42462
COV	[145-145]	145	41943
COV	[146-146]	146	41859
COV	[147-147]	147	41115
COV	[148-148]	148	40569
COV	[149-149]	149	39817
COV	[150-150]	150	39649
COV	[151-151]	151	39552
COV	[152-152]	152	38873
COV	[153-153]	153	37915
COV	[154-154]	154	37363
COV	[155-155]	155	37177
COV	[156-156]	156	36611
COV	[157-157]	157	36341
COV	[158-158]	158	36152
COV	[159-159]	159	35826
COV	[160-160]	160	35325
COV	[161-161]	161	34666
COV	[162-162]	162	33991
COV	[163-163]	163	33803
COV	[164-164]	164	33147
COV	[165-165]	165	32573
COV	[166-166]	166	32150
COV	[167-167]	167	31576
COV	[168-168]	168	31166
COV	[169-169]	169	30902
COV	[170-170]	170	30436
COV	[171-171]	171	30168
COV	[172-172]	172	29788
COV	[173-173]	173	29691
COV	[174-174]	174	29050
COV	[175-175]	175	28460
COV	[176-176]	176	28342
COV	[177-177]	177	28164
COV	[178-178]	178	27598
COV	[179-179]	179	27613
COV	[180-180]	180	27335
COV	[181-181]	181	26757
COV	[182-182]	182	26292
COV	[183-183]	183	25722
COV	[184-184]	184	25470
COV	[185-185]	185	25720
COV	[186-186]	186	25271
COV	[187-187]	187	24877
COV	[188-188]	188	24643
COV	[189-189]	189	24137
COV	[190-190]	190	23876
COV	[191-191]	191	23669
COV	[192-192]	192	23042
COV	[193-193]	193	22916
COV	[194-194]	194	22329
COV	[195-195]	195	22053
COV	[196-196]	196	21982
COV	[197-197]	197	21397
COV	[198-198]	198	21460
COV	[199-199]	199	20842
COV	[200-200]	200	20586
COV	[201-201]	201	20466
COV	[202-202]	202	20084
COV	[203-203]	203	20039
COV	[204-204]	204	19590
COV	[205-205]	205	18992
COV	[206-206]	206	19197
COV	[207-207]	207	18450
COV	[208-208]	208	18574
COV	[209-209]	209	18299
COV	[210-210]	210	18337
COV	[211-211]	211	17672
COV	[212-212]	212	17629
COV	[213-213]	213	17291
COV	[214-214]	214	17114
COV	[215-215]	215	16942
COV	[216-216]	216	16975
COV	[217-217]	217	16602
COV	[218-218]	218	16194
COV	[219-219]	219	16164
COV	[220-220]	220	15961
COV	[221-221]	221	15707
COV	[222-222]	222	15514
COV	[223-223]	223	15500
COV	[224-224]	224	15435
COV	[225-225]	225	15506
COV	[226-226]	226	15343
COV	[227-227]	227	15191
COV	[228-228]	228	15150
COV	[229-229]	229	15111
COV	[230-230]	230	14854
COV	[231-231]	231	14336
COV	[232-232]	232	14244
COV	[233-233]	233	14067
COV	[234-234]	234	13930
COV	[235-235]	235	13615
COV	[236-236]	236	13796
COV	[237-237]	237	13627
COV	[238-238]	238	13309
COV	[239-239]	239	13259
COV	[240-240]	240	13024
COV	[241-241]	241	13138
COV	[242-242]	242	12775
COV	[243-243]	243	12835
COV	[244-244]	244	12824
COV	[245-245]	245	12549
COV	[246-246]	246	12561
COV	[247-247]	247	12281
COV	[248-248]	248	12274
COV	[249-249]	249	12542
COV	[250-250]	250	12361
COV	[251-251]	251	12024
COV	[252-252]	252	11963
COV	[253-253]	253	11833
COV	[254-254]	254	11897
COV	[255-255]	255	11759
COV	[256-256]	256	11672
COV	[257-257]	257	11514
COV	[258-258]	258	11547
COV	[259-259]	259	11522
COV	[260-260]	260	11764
COV	[261-261]	261	11618
COV	[262-262]	262	11431
COV	[263-263]	263	11580
COV	[264-264]	264	11223
COV	[265-265]	265	11087
COV	[266-266]	266	11197
COV	[267-267]	267	10813
COV	[268-268]	268	10880
COV	[269-269]	269	10692
COV	[270-270]	270	10797
COV	[271-271]	271	10609
COV	[272-272]	272	10867
COV	[273-273]	273	10796
COV	[274-274]	274	10779
COV	[275-275]	275	10687
COV	[276-276]	276	10486
COV	[277-277]	277	10461
COV	[278-278]	278	10530
COV	[279-279]	279	10715
COV	[280-280]	280	10388
COV	[281-281]	281	10509
COV	[282-282]	282	10309
COV	[283-283]	283	10109
COV	[284-284]	284	10353
COV	[285-285]	285	10398
COV	[286-286]	286	10224
COV	[287-287]	287	10124
COV	[288-288]	288	10105
COV	[289-289]	289	9901
COV	[290-290]	290	9925
COV	[291-291]	291	9914
COV	[292-292]	292	9648
COV	[293-293]	293	9656
COV	[294-294]	294	9688
COV	[295-295]	295	9708
COV	[296-296]	296	9278
COV	[297-297]	297	9386
COV	[298-298]	298	9363
COV	[299-299]	299	9298
COV	[300-300]	300	9415
COV	[301-301]	301	9068
COV	[302-302]	302	9134
COV	[303-303]	303	9190
COV	[304-304]	304	8911
COV	[305-305]	305	8877
COV	[306-306]	306	8820
COV	[307-307]	307	8659
COV	[308-308]	308	8749
COV	[309-309]	309	8511
COV	[310-310]	310	8704
COV	[311-311]	311	8525
COV	[312-312]	312	8624
COV	[313-313]	313	8475
COV	[314-314]	314	8301
COV	[315-315]	315	8250
COV	[316-316]	316	8145
COV	[317-317]	317	8392
COV	[318-318]	318	8189
COV	[319-319]	319	8114
COV	[320-320]	320	8288
COV	[321-321]	321	8029
COV	[322-322]	322	7982
COV	[323-323]	323	7979
COV	[324-324]	324	8004
COV	[325-325]	325	7790
COV	[326-326]	326	7976
COV	[327-327]	327	7763
COV	[328-328]	328	7628
COV	[329-329]	329	7776
COV	[330-330]	330	7635
COV	[331-331]	331	7563
COV	[332-332]	332	7636
COV	[333-333]	333	7599
COV	[334-334]	334	7538
COV	[335-335]	335	7424
COV	[336-336]	336	7399
COV	[337-337]	337	7445
COV	[338-338]	338	7136
COV	[339-339]	339	7162
COV	[340-340]	340	7185
COV	[341-341]	341	7375
COV	[342-342]	342	7225
COV	[343-343]	343	7184
COV	[344-344]	344	7229
COV	[345-345]	345	7286
COV	[346-346]	346	7348
COV	[347-347]	347	7272
COV	[348-348]	348	7111
COV	[349-349]	349	7032
COV	[350-350]	350	6987
COV	[351-351]	351	7054
COV	[352-352]	352	6907
COV	[353-353]	353	7062
COV	[354-354]	354	7067
COV	[355-355]	355	6833
COV	[356-356]	356	6870
COV	[357-357]	357	6715
COV	[358-358]	358	6650
COV	[359-359]	359	6677
COV	[360-360]	360	6509
COV	[361-361]	361	6632
COV	[362-362]	362	6381
COV	[363-363]	363	6382
COV	[364-364]	364	6448
COV	[365-365]	365	6258
COV	[366-366]	366	6161
COV	[367-367]	367	6417
COV	[368-368]	368	6261
COV	[369-369]	369	6118
COV	[370-370]	370	6307
COV	[371-371]	371	6244
COV	[372-372]	372	6173
COV	[373-373]	373	6217
COV	[374-374]	374	6305
COV	[375-375]	375	6140
COV	[376-376]	376	6298
COV	[377-377]	377	6113
COV	[378-378]	378	6145
COV	[379-379]	379	6118
COV	[380-380]	380	5986
COV	[381-381]	381	6204
COV	[382-382]	382	6123
COV	[383-383]	383	6264
COV	[384-384]	384	6084
COV	[385-385]	385	6176
COV	[386-386]	386	6195
COV	[387-387]	387	6188
COV	[388-388]	388	6003
COV	[389-389]	389	5980
COV	[390-390]	390	6076
COV	[391-391]	391	5951
COV	[392-392]	392	5979
COV	[393-393]	393	5800
COV	[394-394]	394	5845
COV	[395-395]	395	5811
COV	[396-396]	396	5813
COV	[397-397]	397	5610
COV	[398-398]	398	5769
COV	[399-399]	399	5821
COV	[400-400]	400	5829
COV	[401-401]	401	5767
COV	[402-402]	402	5877
COV	[403-403]	403	5709
COV	[404-404]	404	5725
COV	[405-405]	405	5584
COV	[406-406]	406	5683
COV	[407-407]	407	5574
COV	[408-408]	408	5642
COV	[409-409]	409	5693
COV	[410-410]	410	5618
COV	[411-411]	411	5610
COV	[412-412]	412	5650
COV	[413-413]	413	5625
COV	[414-414]	414	5618
COV	[415-415]	415	5590
COV	[416-416]	416	5638
COV	[417-417]	417	5649
COV	[418-418]	418	5738
COV	[419-419]	419	5631
COV	[420-420]	420	5543
COV	[421-421]	421	5549
COV	[422-422]	422	5522
COV	[423-423]	423	5502
COV	[424-424]	424	5458
COV	[425-425]	425	5350
COV	[426-426]	426	5368
COV	[427-427]	427	5406
COV	[428-428]	428	5367
COV	[429-429]	429	5381
COV	[430-430]	430	5268
COV	[431-431]	431	5344
COV	[432-432]	432	5339
COV	[433-433]	433	5541
COV	[434-434]	434	5343
COV	[435-435]	435	5305
COV	[436-436]	436	5430
COV	[437-437]	437	5311
COV	[438-438]	438	5185
COV	[439-439]	439	5289
COV	[440-440]	440	5343
COV	[441-441]	441	5197
COV	[442-442]	442	5177
COV	[443-443]	443	5134
COV	[444-444]	444	5123
COV	[445-445]	445	5076
COV	[446-446]	446	5015
COV	[447-447]	447	4861
COV	[448-448]	448	5063
COV	[449-449]	449	4945
COV	[450-450]	450	4941
COV	[451-451]	451	4936
COV	[452-452]	452	5005
COV	[453-453]	453	4889
COV	[454-454]	454	4816
COV	[455-455]	455	4823
COV	[456-456]	456	4839
COV	[457-457]	457	4767
COV	[458-458]	458	4804
COV	[459-459]	459	4741
COV	[460-460]	460	4613
COV	[461-461]	461	4718
COV	[462-462]	462	4576
COV	[463-463]	463	4680
COV	[464-464]	464	4482
COV	[465-465]	465	4609
COV	[466-466]	466	4507
COV	[467-467]	467	4381
COV	[468-468]	468	4395
COV	[469-469]	469	4401
COV	[470-470]	470	4408
COV	[471-471]	471	4397
COV	[472-472]	472	4482
COV	[473-473]	473	4453
COV	[474-474]	474	4358
COV	[475-475]	475	4298
COV	[476-476]	476	4244
COV	[477-477]	477	4171
COV	[478-478]	478	4265
COV	[479-479]	479	4272
COV	[480-480]	480	4144
COV	[481-481]	481	4247
COV	[482-482]	482	4142
COV	[483-483]	483	4339
COV	[484-484]	484	4205
COV	[485-485]	485	4234
COV	[486-486]	486	4071
COV	[487-487]	487	4192
COV	[488-488]	488	4227
COV	[489-489]	489	4168
COV	[490-490]	490	4177
COV	[491-491]	491	4169
COV	[492-492]	492	4230
COV	[493-493]	493	4177
COV	[494-494]	494	4042
COV	[495-495]	495	4026
COV	[496-496]	496	4048
COV	[497-497]	497	4059
COV	[498-498]	498	4101
COV	[499-499]	499	3916
COV	[500-500]	500	3906
COV	[501-501]	501	3852
COV	[502-502]	502	3843
COV	[503-503]	503	3815
COV	[504-504]	504	3833
COV	[505-505]	505	3976
COV	[506-506]	506	3866
COV	[507-507]	507	3901
COV	[508-508]	508	3846
COV	[509-509]	509	3847
COV	[510-510]	510	3737
COV	[511-511]	511	3832
COV	[512-512]	512	3797
COV	[513-513]	513	3676
COV	[514-514]	514	3670
COV	[515-515]	515	3619
COV	[516-516]	516	3637
COV	[517-517]	517	3663
COV	[518-518]	518	3557
COV	[519-519]	519	3662
COV	[520-520]	520	3606
COV	[521-521]	521	3641
COV	[522-522]	522	3575
COV	[523-523]	523	3456
COV	[524-524]	524	3587
COV	[525-525]	525	3474
COV	[526-526]	526	3499
COV	[527-527]	527	3523
COV	[528-528]	528	3454
COV	[529-529]	529	3409
COV	[530-530]	530	3360
COV	[531-531]	531	3315
COV	[532-532]	532	3342
COV	[533-533]	533	3339
COV	[534-534]	534	3350
COV	[535-535]	535	3389
COV	[536-536]	536	3327
COV	[537-537]	537	3422
COV	[538-538]	538	3319
COV	[539-539]	539	3187
COV	[540-540]	540	3274
COV	[541-541]	541	3173
COV	[542-542]	542	3202
COV	[543-543]	543	3299
COV	[544-544]	544	3400
COV	[545-545]	545	3261
COV	[546-546]	546	3308
COV	[547-547]	547	3262
COV	[548-548]	548	3167
COV	[549-549]	549	3266
COV	[550-550]	550	3232
COV	[551-551]	551	3310
COV	[552-552]	552	3253
COV	[553-553]	553	3285
COV	[554-554]	554	3250
COV	[555-555]	555	3211
COV	[556-556]	556	3275
COV	[557-557]	557	3168
COV	[558-558]	558	3145
COV	[559-559]	559	3150
COV	[560-560]	560	3193
COV	[561-561]	561	3194
COV	[562-562]	562	3101
COV	[563-563]	563	3218
COV	[564-564]	564	3118
COV	[565-565]	565	3071
COV	[566-566]	566	2965
COV	[567-567]	567	3155
COV	[568-568]	568	3031
COV	[569-569]	569	3015
COV	[570-570]	570	2920
COV	[571-571]	571	2901
COV	[572-572]	572	2945
COV	[573-573]	573	3003
COV	[574-574]	574	2951
COV	[575-575]	575	2984
COV	[576-576]	576	2910
COV	[577-577]	577	2960
COV	[578-578]	578	2916
COV	[579-579]	579	2918
COV	[580-580]	580	2871
COV	[581-581]	581	2964
COV	[582-582]	582	2976
COV	[583-583]	583	2942
COV	[584-584]	584	3015
COV	[585-585]	585	2952
COV	[586-586]	586	2938
COV	[587-587]	587	2945
COV	[588-588]	588	2885
COV	[589-589]	589	2947
COV	[590-590]	590	2924
COV	[591-591]	591	2936
COV	[592-592]	592	2866
COV	[593-593]	593	2931
COV	[594-594]	594	2899
COV	[595-595]	595	3000
COV	[596-596]	596	2883
COV	[597-597]	597	2802
COV	[598-598]	598	2857
COV	[599-599]	599	2840
COV	[600-600]	600	2840
COV	[601-601]	601	2864
COV	[602-602]	602	2713
COV	[603-603]	603	2772
COV	[604-604]	604	2771
COV	[605-605]	605	2840
COV	[606-606]	606	2873
COV	[607-607]	607	2870
COV	[608-608]	608	2978
COV	[609-609]	609	2921
COV	[610-610]	610	2860
COV	[611-611]	611	2867
COV	[612-612]	612	2848
COV	[613-613]	613	2893
COV	[614-614]	614	2904
COV	[615-615]	615	2849
COV	[616-616]	616	2829
COV	[617-617]	617	2865
COV	[618-618]	618	3005
COV	[619-619]	619	2816
COV	[620-620]	620	2913
COV	[621-621]	621	2782
COV	[622-622]	622	2861
COV	[623-623]	623	2858
COV	[624-624]	624	2741
COV	[625-625]	625	2769
COV	[626-626]	626	2849
COV	[627-627]	627	2684
COV	[628-628]	628	2788
COV	[629-629]	629	2707
COV	[630-630]	630	2644
COV	[631-631]	631	2718
COV	[632-632]	632	2619
COV	[633-633]	633	2707
COV	[634-634]	634	2682
COV	[635-635]	635	2649
COV	[636-636]	636	2638
COV	[637-637]	637	2631
COV	[638-638]	638	2675
COV	[639-639]	639	2602
COV	[640-640]	640	2648
COV	[641-641]	641	2750
COV	[642-642]	642	2737
COV	[643-643]	643	2671
COV	[644-644]	644	2648
COV	[645-645]	645	2726
COV	[646-646]	646	2717
COV	[647-647]	647	2579
COV	[648-648]	648	2620
COV	[649-649]	649	2615
COV	[650-650]	650	2605
COV	[651-651]	651	2585
COV	[652-652]	652	2649
COV	[653-653]	653	2651
COV	[654-654]	654	2673
COV	[655-655]	655	2608
COV	[656-656]	656	2551
COV	[657-657]	657	2577
COV	[658-658]	658	2575
COV	[659-659]	659	2513
COV	[660-660]	660	2588
COV	[661-661]	661	2497
COV	[662-662]	662	2562
COV	[663-663]	663	2457
COV	[664-664]	664	2561
COV	[665-665]	665	2586
COV	[666-666]	666	2618
COV	[667-667]	667	2646
COV	[668-668]	668	2561
COV	[669-669]	669	2617
COV	[670-670]	670	2676
COV	[671-671]	671	2559
COV	[672-672]	672	2546
COV	[673-673]	673	2582
COV	[674-674]	674	2450
COV	[675-675]	675	2513
COV	[676-676]	676	2573
COV	[677-677]	677	2564
COV	[678-678]	678	2591
COV	[679-679]	679	2573
COV	[680-680]	680	2621
COV	[681-681]	681	2565
COV	[682-682]	682	2527
COV	[683-683]	683	2569
COV	[684-684]	684	2564
COV	[685-685]	685	2544
COV	[686-686]	686	2578
COV	[687-687]	687	2582
COV	[688-688]	688	2694
COV	[689-689]	689	2550
COV	[690-690]	690	2631
COV	[691-691]	691	2599
COV	[692-692]	692	2556
COV	[693-693]	693	2634
COV	[694-694]	694	2526
COV	[695-695]	695	2565
COV	[696-696]	696	2621
COV	[697-697]	697	2654
COV	[698-698]	698	2585
COV	[699-699]	699	2652
COV	[700-700]	700	2608
COV	[701-701]	701	2632
COV	[702-702]	702	2713
COV	[703-703]	703	2685
COV	[704-704]	704	2699
COV	[705-705]	705	2744
COV	[706-706]	706	2705
COV	[707-707]	707	2696
COV	[708-708]	708	2721
COV	[709-709]	709	2799
COV	[710-710]	710	2682
COV	[711-711]	711	2678
COV	[712-712]	712	2650
COV	[713-713]	713	2815
COV	[714-714]	714	2645
COV	[715-715]	715	2674
COV	[716-716]	716	2737
COV	[717-717]	717	2764
COV	[718-718]	718	2784
COV	[719-719]	719	2740
COV	[720-720]	720	2736
COV	[721-721]	721	2727
COV	[722-722]	722	2783
COV	[723-723]	723	2707
COV	[724-724]	724	2692
COV	[725-725]	725	2711
COV	[726-726]	726	2709
COV	[727-727]	727	2772
COV	[728-728]	728	2693
COV	[729-729]	729	2744
COV	[730-730]	730	2612
COV	[731-731]	731	2604
COV	[732-732]	732	2729
COV	[733-733]	733	2582
COV	[734-734]	734	2689
COV	[735-735]	735	2607
COV	[736-736]	736	2723
COV	[737-737]	737	2768
COV	[738-738]	738	2714
COV	[739-739]	739	2611
COV	[740-740]	740	2661
COV	[741-741]	741	2690
COV	[742-742]	742	2592
COV	[743-743]	743	2576
COV	[744-744]	744	2650
COV	[745-745]	745	2522
COV	[746-746]	746	2453
COV	[747-747]	747	2701
COV	[748-748]	748	2626
COV	[749-749]	749	2512
COV	[750-750]	750	2542
COV	[751-751]	751	2509
COV	[752-752]	752	2563
COV	[753-753]	753	2504
COV	[754-754]	754	2514
COV	[755-755]	755	2570
COV	[756-756]	756	2529
COV	[757-757]	757	2493
COV	[758-758]	758	2506
COV	[759-759]	759	2427
COV	[760-760]	760	2549
COV	[761-761]	761	2452
COV	[762-762]	762	2424
COV	[763-763]	763	2423
COV	[764-764]	764	2397
COV	[765-765]	765	2364
COV	[766-766]	766	2357
COV	[767-767]	767	2463
COV	[768-768]	768	2417
COV	[769-769]	769	2391
COV	[770-770]	770	2318
COV	[771-771]	771	2386
COV	[772-772]	772	2370
COV	[773-773]	773	2370
COV	[774-774]	774	2394
COV	[775-775]	775	2347
COV	[776-776]	776	2382
COV	[777-777]	777	2345
COV	[778-778]	778	2292
COV	[779-779]	779	2222
COV	[780-780]	780	2250
COV	[781-781]	781	2249
COV	[782-782]	782	2268
COV	[783-783]	783	2149
COV	[784-784]	784	2231
COV	[785-785]	785	2195
COV	[786-786]	786	2157
COV	[787-787]	787	2173
COV	[788-788]	788	2216
COV	[789-789]	789	2263
COV	[790-790]	790	2185
COV	[791-791]	791	2110
COV	[792-792]	792	2123
COV	[793-793]	793	2028
COV	[794-794]	794	2103
COV	[795-795]	795	2035
COV	[796-796]	796	2124
COV	[797-797]	797	2053
COV	[798-798]	798	1986
COV	[799-799]	799	2039
COV	[800-800]	800	2013
COV	[801-801]	801	2036
COV	[802-802]	802	2070
COV	[803-803]	803	1900
COV	[804-804]	804	1995
COV	[805-805]	805	1980
COV	[806-806]	806	2044
COV	[807-807]	807	2001
COV	[808-808]	808	1981
COV	[809-809]	809	1992
COV	[810-810]	810	2032
COV	[811-811]	811	1975
COV	[812-812]	812	1995
COV	[813-813]	813	1928
COV	[814-814]	814	1953
COV	[815-815]	815	1891
COV	[816-816]	816	1986
COV	[817-817]	817	1989
COV	[818-818]	818	1962
COV	[819-819]	819	1944
COV	[820-820]	820	1900
COV	[821-821]	821	1912
COV	[822-822]	822	1827
COV	[823-823]	823	1901
COV	[824-824]	824	1900
COV	[825-825]	825	1884
COV	[826-826]	826	1884
COV	[827-827]	827	1840
COV	[828-828]	828	1830
COV	[829-829]	829	1781
COV	[830-830]	830	1785
COV	[831-831]	831	1894
COV	[832-832]	832	1787
COV	[833-833]	833	1806
COV	[834-834]	834	1778
COV	[835-835]	835	1812
COV	[836-836]	836	1737
COV	[837-837]	837	1739
COV	[838-838]	838	1754
COV	[839-839]	839	1736
COV	[840-840]	840	1676
COV	[841-841]	841	1739
COV	[842-842]	842	1679
COV	[843-843]	843	1723
COV	[844-844]	844	1684
COV	[845-845]	845	1611
COV	[846-846]	846	1789
COV	[847-847]	847	1627
COV	[848-848]	848	1715
COV	[849-849]	849	1672
COV	[850-850]	850	1613
COV	[851-851]	851	1700
COV	[852-852]	852	1721
COV	[853-853]	853	1651
COV	[854-854]	854	1712
COV	[855-855]	855	1655
COV	[856-856]	856	1634
COV	[857-857]	857	1665
COV	[858-858]	858	1629
COV	[859-859]	859	1646
COV	[860-860]	860	1659
COV	[861-861]	861	1766
COV	[862-862]	862	1660
COV	[863-863]	863	1658
COV	[864-864]	864	1707
COV	[865-865]	865	1715
COV	[866-866]	866	1658
COV	[867-867]	867	1614
COV	[868-868]	868	1610
COV	[869-869]	869	1624
COV	[870-870]	870	1626
COV	[871-871]	871	1633
COV	[872-872]	872	1588
COV	[873-873]	873	1563
COV	[874-874]	874	1629
COV	[875-875]	875	1623
COV	[876-876]	876	1582
COV	[877-877]	877	1601
COV	[878-878]	878	1586
COV	[879-879]	879	1680
COV	[880-880]	880	1614
COV	[881-881]	881	1595
COV	[882-882]	882	1621
COV	[883-883]	883	1661
COV	[884-884]	884	1636
COV	[885-885]	885	1609
COV	[886-886]	886	1593
COV	[887-887]	887	1638
COV	[888-888]	888	1575
COV	[889-889]	889	1599
COV	[890-890]	890	1585
COV	[891-891]	891	1613
COV	[892-892]	892	1583
COV	[893-893]	893	1604
COV	[894-894]	894	1612
COV	[895-895]	895	1613
COV	[896-896]	896	1556
COV	[897-897]	897	1626
COV	[898-898]	898	1647
COV	[899-899]	899	1566
COV	[900-900]	900	1553
COV	[901-901]	901	1534
COV	[902-902]	902	1510
COV	[903-903]	903	1624
COV	[904-904]	904	1476
COV	[905-905]	905	1524
COV	[906-906]	906	1538
COV	[907-907]	907	1542
COV	[908-908]	908	1536
COV	[909-909]	909	1510
COV	[910-910]	910	1505
COV	[911-911]	911	1597
COV	[912-912]	912	1472
COV	[913-913]	913	1544
COV	[914-914]	914	1453
COV	[915-915]	915	1574
COV	[916-916]	916	1515
COV	[917-917]	917	1500
COV	[918-918]	918	1562
COV	[919-919]	919	1532
COV	[920-920]	920	1433
COV	[921-921]	921	1471
COV	[922-922]	922	1479
COV	[923-923]	923	1467
COV	[924-924]	924	1518
COV	[925-925]	925	1526
COV	[926-926]	926	1419
COV	[927-927]	927	1492
COV	[928-928]	928	1478
COV	[929-929]	929	1461
COV	[930-930]	930	1402
COV	[931-931]	931	1386
COV	[932-932]	932	1352
COV	[933-933]	933	1477
COV	[934-934]	934	1430
COV	[935-935]	935	1342
COV	[936-936]	936	1372
COV	[937-937]	937	1467
COV	[938-938]	938	1347
COV	[939-939]	939	1368
COV	[940-940]	940	1341
COV	[941-941]	941	1373
COV	[942-942]	942	1385
COV	[943-943]	943	1440
COV	[944-944]	944	1385
COV	[945-945]	945	1383
COV	[946-946]	946	1492
COV	[947-947]	947	1413
COV	[948-948]	948	1366
COV	[949-949]	949	1460
COV	[950-950]	950	1498
COV	[951-951]	951	1454
COV	[952-952]	952	1475
COV	[953-953]	953	1436
COV	[954-954]	954	1430
COV	[955-955]	955	1363
COV	[956-956]	956	1368
COV	[957-957]	957	1390
COV	[958-958]	958	1390
COV	[959-959]	959	1472
COV	[960-960]	960	1439
COV	[961-961]	961	1320
COV	[962-962]	962	1437
COV	[963-963]	963	1389
COV	[964-964]	964	1390
COV	[965-965]	965	1380
COV	[966-966]	966	1435
COV	[967-967]	967	1448
COV	[968-968]	968	1401
COV	[969-969]	969	1381
COV	[970-970]	970	1443
COV	[971-971]	971	1433
COV	[972-972]	972	1393
COV	[973-973]	973	1378
COV	[974-974]	974	1505
COV	[975-975]	975	1387
COV	[976-976]	976	1456
COV	[977-977]	977	1418
COV	[978-978]	978	1413
COV	[979-979]	979	1322
COV	[980-980]	980	1341
COV	[981-981]	981	1348
COV	[982-982]	982	1366
COV	[983-983]	983	1301
COV	[984-984]	984	1309
COV	[985-985]	985	1303
COV	[986-986]	986	1284
COV	[987-987]	987	1239
COV	[988-988]	988	1271
COV	[989-989]	989	1250
COV	[990-990]	990	1284
COV	[991-991]	991	1296
COV	[992-992]	992	1302
COV	[993-993]	993	1336
COV	[994-994]	994	1228
COV	[995-995]	995	1333
COV	[996-996]	996	1288
COV	[997-997]	997	1217
COV	[998-998]	998	1295
COV	[999-999]	999	1239
COV	[1000-1000]	1000	1323
COV	[1000<]	1000	2137000
# GC-depth. Use `grep ^GCD | cut -f 2-` to extract this part. The columns are: GC%, unique sequence percentiles, 10th, 25th, 50th, 75th and 90th depth percentile
GCD	0.0	0.022	0.007	0.007	0.015	0.030	0.052
GCD	2.0	0.022	0.207	0.207	0.207	0.207	0.207
GCD	3.0	0.025	0.044	0.054	0.104	0.465	0.577
GCD	5.0	0.026	0.459	0.459	0.459	0.459	0.459
GCD	6.0	0.027	0.370	0.370	0.374	0.378	0.378
GCD	7.0	0.030	0.037	0.037	0.048	1.131	1.488
GCD	8.0	0.031	0.044	0.044	0.044	0.044	0.044
GCD	9.0	0.035	0.022	0.044	0.104	0.402	0.407
GCD	10.0	0.038	0.089	0.089	0.259	0.474	0.474
GCD	11.0	0.043	0.015	0.037	0.118	1.229	11.727
GCD	12.0	0.051	0.009	0.052	0.133	0.474	3298.786
GCD	13.0	0.056	0.015	0.067	0.215	2.658	68.075
GCD	14.0	0.059	0.126	0.130	0.437	524.522	1048.096
GCD	15.0	0.061	0.007	0.007	0.118	1.458	1.458
GCD	16.0	0.066	0.007	0.007	0.019	0.570	1.925
GCD	17.0	0.071	0.007	0.009	0.148	193.693	706.971
GCD	18.0	0.080	0.007	0.007	0.255	2.649	461.036
GCD	19.0	0.088	0.007	0.022	0.096	4.139	152.252
GCD	20.0	0.095	0.007	0.026	0.126	0.292	2.510
GCD	21.0	0.098	0.007	0.115	0.400	222.454	385.732
GCD	22.0	0.106	0.009	0.022	0.081	8.610	51.329
GCD	23.0	0.116	0.007	0.007	0.015	1.055	8.480
GCD	24.0	0.123	0.141	0.252	0.563	86.495	113.388
GCD	25.0	0.136	0.007	0.019	0.378	60.579	82.092
GCD	26.0	0.145	0.030	0.122	0.311	7.374	39.609
GCD	27.0	0.157	0.007	0.152	0.718	27.889	64.168
GCD	28.0	0.174	0.021	0.067	0.333	3.198	59.384
GCD	29.0	0.193	0.007	0.037	1.155	44.266	55.115
GCD	30.0	0.216	0.007	0.141	0.800	46.368	59.356
GCD	31.0	0.239	0.015	0.552	18.827	37.362	47.462
GCD	32.0	0.305	0.363	16.110	35.618	37.491	39.899
GCD	33.0	0.511	17.084	34.132	35.470	36.829	39.243
GCD	34.0	1.285	30.879	33.375	34.760	35.928	36.944
GCD	35.0	3.625	30.932	32.972	34.204	35.256	36.225
GCD	36.0	8.918	30.021	32.583	33.790	34.848	35.796
GCD	37.0	17.648	29.527	32.324	33.545	34.612	35.544
GCD	38.0	28.423	25.726	32.102	33.383	34.463	35.429
GCD	39.0	39.614	25.459	32.020	33.308	34.395	35.367
GCD	40.0	49.628	26.215	32.028	33.264	34.360	35.337
GCD	41.0	58.317	29.216	32.057	33.286	34.382	35.344
GCD	42.0	65.518	29.085	32.028	33.264	34.352	35.348
GCD	43.0	71.330	29.520	32.048	33.294	34.382	35.389
GCD	44.0	76.132	29.321	31.976	33.242	34.345	35.426
GCD	45.0	80.176	25.924	31.894	33.279	34.441	35.478
GCD	46.0	83.700	21.649	31.717	33.264	34.537	35.855
GCD	47.0	86.678	27.175	32.076	33.479	34.774	36.488
GCD	48.0	89.018	30.830	32.316	33.656	34.911	36.448
GCD	49.0	90.833	30.788	32.344	33.582	34.858	35.878
GCD	50.0	92.364	31.036	32.533	33.842	35.019	36.122
GCD	51.0	93.671	31.273	32.687	33.916	35.063	36.100
GCD	52.0	94.858	31.280	32.733	34.060	35.285	36.707
GCD	53.0	95.928	31.689	33.144	34.397	35.729	37.497
GCD	54.0	96.735	31.554	33.040	34.286	35.487	36.856
GCD	55.0	97.424	31.284	33.020	34.330	35.517	36.607
GCD	56.0	97.960	31.637	33.508	34.782	36.129	37.252
GCD	57.0	98.415	31.961	33.623	34.848	36.077	37.403
GCD	58.0	98.794	32.405	33.742	35.100	36.318	37.542
GCD	59.0	99.116	32.800	34.173	35.548	37.057	50.823
GCD	60.0	99.356	32.870	34.837	36.159	37.817	351.647
GCD	61.0	99.552	33.726	34.752	35.774	37.417	39.994
GCD	62.0	99.691	32.838	34.941	36.411	37.784	39.636
GCD	63.0	99.794	33.714	35.061	36.725	37.704	39.864
GCD	64.0	99.865	34.101	35.685	36.640	37.765	39.394
GCD	65.0	99.923	26.884	35.274	37.084	37.913	40.215
GCD	66.0	99.955	35.093	35.966	37.099	38.783	629.256
GCD	67.0	99.979	35.604	36.483	37.562	38.939	224.153
GCD	68.0	99.994	35.191	37.073	38.443	38.830	2162.329
GCD	69.0	99.997	36.033	36.422	38.439	40.323	40.860
GCD	70.0	99.999	33.960	33.960	232.719	431.478	431.478
GCD	72.0	99.999	19.027	19.027	19.027	19.027	19.027
GCD	92.0	100.000	5447.979	5447.979	5447.979	5447.979	5447.979
