# This file was produced by samtools stats (1.19+htslib-1.19) and can be plotted using plot-bamstats
# This file contains statistics for all reads.
# The command line was:  stats bam_files/recal_ABOFRAM000707401531.bam
# CHK, Checksum	[2]Read Names	[3]Sequences	[4]Qualities
# CHK, CRC32 of reads which passed filtering followed by addition (32bit overflow)
CHK	e61c2569	f8ecf632	47bf1dab
# Summary Numbers. Use `grep ^SN | cut -f 2-` to extract this part.
SN	raw total sequences:	573699483	# excluding supplementary and secondary reads
SN	filtered sequences:	0
SN	sequences:	573699483
SN	is sorted:	1
SN	1st fragments:	286848073
SN	last fragments:	286851410
SN	reads mapped:	572410537
SN	reads mapped and paired:	571623407	# paired-end technology bit set + both mates mapped
SN	reads unmapped:	1288946
SN	reads properly paired:	558670353	# proper-pair bit set
SN	reads paired:	573699483	# paired-end technology bit set
SN	reads duplicated:	0	# PCR or optical duplicate bit set
SN	reads MQ0:	66845895	# mapped and MQ=0
SN	reads QC failed:	0
SN	non-primary alignments:	0
SN	supplementary alignments:	2064791
SN	total length:	84956173875	# ignores clipping
SN	total first fragment length:	43027210950	# ignores clipping
SN	total last fragment length:	41928962925	# ignores clipping
SN	bases mapped:	84766561413	# ignores clipping
SN	bases mapped (cigar):	84081035549	# more accurate
SN	bases trimmed:	0
SN	bases duplicated:	0
SN	mismatches:	450100240	# from NM fields
SN	error rate:	5.353172e-03	# mismatches / bases mapped (cigar)
SN	average length:	148
SN	average first fragment length:	150
SN	average last fragment length:	146
SN	maximum length:	150
SN	maximum first fragment length:	150
SN	maximum last fragment length:	150
SN	average quality:	30.6
SN	insert size average:	392.8
SN	insert size standard deviation:	87.3
SN	inward oriented pairs:	279954137
SN	outward oriented pairs:	565551
SN	pairs with other orientation:	159975
SN	pairs on different chromosomes:	5131802
SN	percentage of properly paired reads (%):	97.4
# First Fragment Qualities. Use `grep ^FFQ | cut -f 2-` to extract this part.
# Columns correspond to qualities and rows to cycles. First column is the cycle number.
FFQ	1	0	0	10721	0	0	0	0	0	0	0	0	0	0	0	0	4584665	0	0	0	0	0	0	0	0	0	0	0	7548615	0	0	274704072	0	0	0	0	0
FFQ	2	0	0	4487	0	0	0	0	0	40186	0	141161	544162	152904	0	1045580	793961	214465	232459	0	0	185479	92475	4476551	0	0	663514	384142	1089432	15479598	27730250	84972388	95648031	52956848	0	0	0
FFQ	3	0	0	26377	0	0	0	0	0	0	37491	0	110718	423943	144760	0	869732	790939	221056	157529	0	0	289570	0	4053771	0	577742	541029	817619	1369960	17174721	26984828	84493131	96557412	51205745	0	0
FFQ	4	0	0	4381	0	0	0	0	0	0	39211	0	108081	360253	135599	0	897482	823565	202271	140405	0	0	233391	86804	0	4166906	0	567206	537212	767423	1592603	16124341	28746174	84683575	96353077	50278113	0
FFQ	5	0	0	134	0	0	0	0	0	0	41037	0	113914	328922	132210	0	874641	820715	216846	126400	0	0	232605	89602	0	4332349	0	580191	510009	754979	1496665	15654927	27785664	86473357	97111653	49171253	0
FFQ	6	0	0	32	0	0	0	0	0	38611	0	114978	311364	138004	0	867124	807166	212915	128503	0	0	222999	84731	0	4120726	0	611954	509526	731752	1569446	16471539	28137381	86074233	97005597	48689492	0	0
FFQ	7	0	0	1	0	0	0	0	0	40553	0	112304	317185	132512	0	869905	770742	221430	120130	0	0	233157	90315	0	4440436	0	606164	561760	729120	1529186	16365105	27998643	87182875	96520503	48006047	0	0
FFQ	8	0	0	8408	0	0	0	0	0	38731	0	118804	315412	135738	0	861735	778603	211177	123366	0	0	227505	85499	0	4111761	0	635230	566271	729972	1560430	16484900	28324759	86104207	96779096	48646469	0	0
FFQ	9	0	0	0	0	0	0	0	0	39842	0	116094	310645	137064	0	888787	790753	218133	120260	0	0	243996	87245	0	4151788	0	632132	580386	726716	1599531	16571179	28448546	85991862	96500701	48692413	0	0
FFQ	10	0	0	0	0	0	0	0	0	40114	0	119498	310827	134709	0	870408	783234	210334	116716	0	0	238200	88829	0	4205025	0	641875	595372	721279	1594871	16497391	28410846	85694874	96911398	48662273	0	0
FFQ	11	0	0	0	0	0	0	0	0	0	42271	0	116586	299800	133844	0	873835	802190	224218	116925	0	0	332655	0	4215291	0	634220	583873	710790	1606929	16721206	28502718	85966402	96470876	48493444	0	0
FFQ	12	0	0	0	0	0	0	0	0	0	43315	0	121562	286716	131382	0	865374	799000	217534	120045	0	0	317937	0	4222148	0	655157	567789	714086	1633043	16631891	28416160	85859933	96552083	48692918	0	0
FFQ	13	0	0	0	0	0	0	0	0	0	44317	0	124664	287748	133554	0	878714	809093	224150	118930	0	0	323717	0	4261617	0	666385	577450	717857	1652265	16657106	28354036	85870003	96245291	48901176	0	0
FFQ	14	0	0	0	0	0	0	0	0	0	43837	0	124399	285801	133835	0	873501	800288	222094	120778	0	0	319159	0	4222760	0	670147	573107	725219	1661040	16616714	28343190	85754789	96198590	49158825	0	0
FFQ	15	0	0	0	0	0	0	0	0	0	43522	0	122103	283841	132363	0	869516	789987	217764	119682	0	0	318044	0	4194246	0	668072	573697	725027	1659050	16623151	28398234	85866121	96087124	49156529	0	0
FFQ	16	0	0	1	0	0	0	0	0	0	44788	0	123822	282407	134572	0	877538	809089	222569	120956	0	0	326328	0	4192610	0	677723	575714	725372	1674545	16667592	28284690	85634026	96447453	49026278	0	0
FFQ	17	0	0	0	0	0	0	0	0	0	45948	0	125396	284302	138003	0	888770	821054	224844	122922	0	0	328036	0	4195071	0	686414	577764	729737	1686366	16713815	28379553	85596768	96334497	48968813	0	0
FFQ	18	0	0	19	0	0	0	0	0	0	46797	0	127853	289356	141300	0	903656	828013	230046	125239	0	0	336711	0	4198680	0	696876	588343	740510	1704604	16792873	28484221	85412246	96473009	48727721	0	0
FFQ	19	0	0	0	0	0	0	0	0	0	48937	0	131818	296498	145849	0	922276	855893	238383	129014	0	0	346838	0	4246586	0	701240	593689	750676	1717527	16683449	28458589	85632806	96432639	48515366	0	0
FFQ	20	0	0	0	0	0	0	0	0	49369	0	132734	298887	146651	0	930558	868699	242157	130636	0	0	246748	102192	0	4156980	0	704860	592692	750795	1721913	16663501	28543662	85433478	96762473	48369088	0	0
FFQ	21	0	0	0	0	0	0	0	0	50685	0	133687	301135	150687	0	928328	879928	247955	132510	0	0	351189	0	0	4195993	705857	589845	756253	1730397	2426793	14944963	27939153	86088639	96061178	48232898	0	0
FFQ	22	0	0	0	0	0	0	0	0	53480	0	136355	302280	153423	0	952105	898842	253782	134397	0	0	251309	108419	0	4198164	0	717201	595367	763524	1756069	16788777	28720133	85543229	96473656	48047561	0	0
FFQ	23	0	0	0	0	0	0	0	0	56403	0	136614	300083	157975	0	950935	908107	259477	139072	0	0	364359	0	0	4242784	724616	586915	765465	1758357	2464403	15132685	28149997	85970823	95811213	47967790	0	0
FFQ	24	0	0	0	0	0	0	0	0	58268	0	139968	302455	158569	0	958041	919116	260987	138980	0	0	369574	0	0	4282166	733563	584439	772388	1763136	2478481	15014785	27919253	86128637	96082483	47782784	0	0
FFQ	25	0	0	0	0	0	0	0	0	60079	0	143127	302576	163289	0	976371	937328	267173	142779	0	0	254037	114318	0	4243050	0	744470	575315	786853	1775759	16896186	28646148	85417701	96728683	47672831	0	0
FFQ	26	0	0	0	0	0	0	68687	0	167383	347653	183661	0	1093696	1042182	296585	159590	0	0	285828	0	116560	0	0	4259828	751430	581577	795036	1785487	2543008	15041029	28075947	85692883	95998657	47561366	0	0
FFQ	27	0	0	1387	0	0	0	69270	0	167775	346336	183075	0	1098807	1042093	292015	157917	0	0	286753	0	115691	0	0	4236047	752042	580289	794744	1780827	2551363	15057550	28143359	85829751	95841132	47519850	0	0
FFQ	28	0	0	0	0	0	0	68742	0	169570	348305	182156	0	1104082	1038829	290575	157313	0	0	286461	0	0	113503	0	4176156	0	755588	581102	793372	1788676	16850944	28904017	85136244	96677609	47424829	0	0
FFQ	29	0	0	56	0	0	0	71041	0	174335	361145	187827	0	1128962	1060158	296629	160237	0	0	296858	0	114435	0	0	4147714	766446	592878	806439	1810247	2578825	15114908	28047343	85815284	95908117	47408189	0	0
FFQ	30	0	0	0	0	0	0	72803	0	171970	358070	189352	0	1123438	1065200	302294	161479	0	0	293132	0	117380	0	0	4222672	760716	579619	809699	1802281	2578712	15056950	28076116	85673691	96009789	47422710	0	0
FFQ	31	0	0	0	0	0	0	75881	0	178041	368729	191480	0	1152247	1086471	305351	167813	0	0	298891	0	118836	0	0	4252312	766556	587052	815460	1820406	2600324	15003534	28169761	85704933	95919007	47264988	0	0
FFQ	32	0	0	0	0	0	0	78339	0	182799	377139	195472	0	1170552	1106355	308444	170563	0	0	299251	0	119631	0	0	4208908	775387	588171	824193	1840660	2611360	15078169	28119291	85710381	95847610	47235398	0	0
FFQ	33	0	0	41203	0	0	0	83363	0	188416	391273	199613	0	1194561	1131918	321838	173381	0	0	428629	0	0	0	780839	4801565	831655	1855412	2645749	755603	0	14896330	28058008	84976306	95909947	47182464	0	0
FFQ	34	0	0	0	0	0	0	81687	0	185883	387583	199938	0	1194829	1124626	318061	174604	0	0	304859	122218	0	0	0	4999949	593939	834079	1860074	2640424	754972	14271588	28758609	85112103	95800401	47127647	0	0
FFQ	35	0	0	0	0	0	0	82682	0	186573	391253	203312	0	1201417	1133394	321903	177392	0	0	306380	0	121433	0	0	4212217	784244	591637	839830	1858250	2649294	15018265	28162512	85818616	95697439	47090030	0	0
FFQ	36	0	0	194	0	0	0	84464	0	190073	394470	203859	0	1213719	1138864	319699	178739	0	0	305729	0	123557	0	0	4238023	791254	591801	843543	1867194	2648392	15047772	28028944	85712715	95893045	47032023	0	0
FFQ	37	0	0	0	0	0	0	84922	0	191158	396542	202291	0	1207087	1132198	319512	176525	0	0	308088	0	123331	0	0	4245782	788057	590576	842674	1860369	2645965	15006507	28118024	85713904	95821259	47073302	0	0
FFQ	38	0	0	0	0	0	0	86153	0	192902	402239	205842	0	1239719	1147688	319291	181385	0	0	309628	0	122659	0	0	4215404	797889	595834	851779	1885857	2663450	15034412	28035589	85743622	95797911	47018820	0	0
FFQ	39	0	0	0	0	0	0	86608	0	194639	414185	207737	0	1249509	1155729	328390	178756	0	0	320141	0	121976	0	0	4169949	802102	610683	858175	1886888	2697899	15051512	28055955	85531290	95925153	47000797	0	0
FFQ	40	0	0	0	0	0	0	89512	0	198233	422464	210461	0	1263878	1166592	330743	181814	0	0	321340	0	123224	0	0	4162734	812733	620206	867842	1909556	2710127	15067832	28115282	85546009	95821745	46905746	0	0
FFQ	41	0	0	126175	0	0	0	94794	0	203597	441594	217650	0	1295837	1192034	344820	186790	0	0	459118	0	0	0	815497	4858778	882669	1918454	2742634	773635	0	14973964	28191659	84705084	95580900	46842390	0	0
FFQ	42	0	0	0	0	0	0	94842	0	203566	436639	217691	0	1303552	1194185	340374	187407	0	0	332334	0	127417	0	0	4240746	815348	616221	883100	1921888	2737427	15017026	28193618	85522736	95650111	46811845	0	0
FFQ	43	0	0	0	0	0	0	94762	0	202616	434470	218092	0	1291522	1201261	341381	189087	0	0	327776	0	126656	0	0	4193814	810704	612728	884235	1911467	2728108	15022436	28238354	85353713	95727599	46937292	0	0
FFQ	44	0	0	0	0	0	0	96409	0	203294	437367	217396	0	1294066	1198767	339956	188984	0	0	325891	0	126020	0	0	4202554	811743	612871	877175	1914717	2711813	15036317	28131279	85505384	95694282	46921788	0	0
FFQ	45	0	0	0	0	0	0	102109	0	204243	440697	219605	0	1315686	1204418	341743	192210	0	0	335367	0	128517	0	0	4221006	823071	614567	884516	1928978	2730210	15108940	28116189	85488355	95572758	46874888	0	0
FFQ	46	0	0	0	0	0	0	100883	0	209696	449417	225712	0	1327326	1228956	347222	199868	0	0	331613	0	130356	0	0	4228644	828843	621159	895847	1946993	2757641	15089592	28221197	85320461	95560217	46826430	0	0
FFQ	47	0	0	0	0	0	0	105516	0	211249	456110	225784	0	1343135	1231541	348311	198523	0	0	332450	0	132159	0	0	4233812	833636	622589	899465	1952334	2760509	15066434	28113961	85463140	95517382	46800033	0	0
FFQ	48	0	0	0	0	0	0	104891	0	215802	465271	230048	0	1370559	1253630	357222	199725	0	0	339074	0	131041	0	0	4169199	841783	628481	910924	1968107	2796760	15024175	28125060	85409172	95532086	46775063	0	0
FFQ	49	0	0	0	0	0	0	107264	0	220347	476084	232959	0	1391207	1273925	359389	205267	0	0	343025	0	133114	0	0	4206748	852835	634145	924609	1991291	2821345	15028968	28097952	85273092	95558586	46715921	0	0
FFQ	50	0	0	187	0	0	0	107650	0	222262	487471	234303	0	1407185	1274594	361784	202506	0	0	351693	0	132267	0	0	4227447	851337	648066	924107	1996481	2834240	14929079	28048729	85375864	95467797	46763024	0	0
FFQ	51	0	0	0	0	0	0	108044	0	223584	489834	235426	0	1409407	1278074	363912	204372	0	0	350194	0	130739	0	0	4153112	856555	651908	927486	2007876	2842698	14984120	28139793	85212200	95514077	46764662	0	0
FFQ	52	0	0	0	0	0	0	108811	0	220593	490778	239144	0	1401559	1281661	368120	204512	0	0	351828	0	129939	0	0	4142115	850598	644703	930974	1995924	2831744	15035050	28172150	85316756	95457136	46673978	0	0
FFQ	53	0	0	0	0	0	0	113405	0	226564	495749	242400	0	1432042	1300127	370890	211202	0	0	350462	0	135106	0	0	4214841	859802	635390	942623	2008064	2835252	15002955	28059770	85150363	95632953	46628113	0	0
FFQ	54	0	0	0	0	0	113606	0	230037	505236	244659	0	1445643	1314141	376227	212379	0	0	353634	0	0	135085	0	0	4211409	861850	644451	945934	2017058	2859069	14979335	28079811	85154743	95504810	46658956	0	0
FFQ	55	0	0	0	0	0	115698	0	233794	513721	247392	0	1465126	1324363	374194	215540	0	0	356017	0	0	135906	0	0	4171274	875391	652288	955535	2039151	2875685	15030562	28038785	85273949	95337853	46615849	0	0
FFQ	56	0	0	42	0	0	117314	0	235698	525525	252463	0	1484390	1339208	385729	215284	0	0	363570	0	0	137498	0	0	4176026	878064	659754	966468	2054267	2904992	15009875	28060305	85185895	95245585	46650121	0	0
FFQ	57	0	0	0	0	0	119268	0	237691	526409	253953	0	1498083	1347105	386210	217900	0	0	366874	0	0	137496	0	0	4192718	881131	655523	963171	2053947	2908378	15011894	28109282	85216801	95222133	46542106	0	0
FFQ	58	0	0	0	0	0	123007	0	244325	539070	258247	0	1519601	1368494	386731	221230	0	0	367777	0	0	139660	0	0	4205063	895869	667442	976761	2071981	2928436	15055309	28129187	85051675	95224771	46473437	0	0
FFQ	59	0	0	162	0	0	124165	0	244321	546375	259648	0	1528164	1373987	393246	224039	0	0	373246	0	0	140442	0	0	4185882	894649	667548	979136	2074654	2943272	15028392	28106049	85110271	95147349	46503076	0	0
FFQ	60	0	0	0	0	0	124645	0	245269	540562	257562	0	1523775	1363232	388798	224370	0	0	369398	0	139486	0	0	0	5057837	658075	971285	2064705	2920018	834300	14207668	28789985	84356762	95222652	46587689	0	0
FFQ	61	0	0	42548	0	0	128377	0	250024	556420	264769	0	1553084	1391605	396930	226347	0	0	375298	0	140871	0	0	0	5082220	672868	992065	2098189	2950771	835695	14191398	28744854	84293506	95206268	46453966	0	0
FFQ	62	0	0	44	0	0	128947	0	257317	572124	270783	0	1582202	1409382	402173	227094	0	0	390341	0	0	141936	0	0	4170972	915530	690298	1000030	2123460	2999132	14995309	27992967	84980135	95128077	46469820	0	0
FFQ	63	0	0	0	0	0	131159	0	254745	574836	272171	0	1579265	1414330	407800	228432	0	0	389795	0	142615	0	0	0	5099506	685202	996368	2117885	2987942	844116	14173750	28700390	84162614	95181315	46503837	0	0
FFQ	64	0	0	0	0	0	132271	0	258080	574005	273015	0	1591326	1421803	406782	234159	0	0	380138	0	146001	0	0	0	5146121	675109	1006705	2123101	2976466	847248	14188887	28672541	84184173	95232714	46377428	0	0
FFQ	65	0	0	0	0	0	133655	0	262831	588185	276631	0	1619675	1440666	416228	234676	0	0	390405	0	144877	0	0	0	5113439	689133	1019774	2150926	3027656	850916	14097900	28722353	84238489	95064777	46364881	0	0
FFQ	66	0	0	0	0	0	133767	0	267232	598349	280321	0	1631499	1459658	421260	236250	0	0	392303	0	144470	0	0	0	5098945	695693	1027971	2156431	3044679	854754	14119424	28671079	84207476	95064770	46341742	0	0
FFQ	67	0	0	0	0	0	136802	0	271931	608742	284299	0	1656061	1471258	423353	238846	0	0	397912	0	146212	0	0	0	5120561	703630	1035235	2173719	3059741	861612	14174144	28633276	84204845	94960695	46285199	0	0
FFQ	68	0	0	0	0	0	139319	0	274745	617559	289662	0	1684334	1478447	428753	242021	0	0	400913	0	148625	0	0	0	5154739	712606	1041747	2191034	3078903	866963	14198932	28693556	84062291	94831872	46311052	0	0
FFQ	69	0	0	0	0	0	141665	0	278464	625283	291224	0	1697032	1489301	432323	245244	0	0	410546	0	149044	0	0	0	5155408	718342	1044028	2202955	3105518	872598	14170311	28852710	83976085	94686742	46303250	0	0
FFQ	70	0	0	43	0	0	144285	0	277831	624145	288454	0	1695728	1486916	435284	242562	0	0	409815	0	149541	0	0	0	5145081	720924	1047165	2202386	3096089	873094	14162555	28682836	84084497	94831327	46247515	0	0
FFQ	71	0	0	89	0	0	147994	0	288575	644124	295380	0	1735492	1531623	441713	244241	0	0	416208	0	151778	0	0	0	5154338	730306	1062387	2230669	3139763	885654	14175966	28644785	83833660	94870011	46223317	0	0
FFQ	72	0	0	2	0	0	147153	0	286308	646001	295554	0	1736785	1531733	438156	248529	0	0	415595	0	151042	0	0	0	5123991	723942	1064647	2233660	3131348	884997	14131080	28744245	83813638	94847270	46252397	0	0
FFQ	73	0	0	0	0	0	147718	0	288945	644613	296041	0	1738780	1523882	437677	250010	0	0	415826	0	149844	0	0	0	5128505	720734	1059320	2227097	3122705	879135	14098664	28745816	83913992	94868169	46190600	0	0
FFQ	74	0	0	8	0	0	147360	0	286381	634282	294744	0	1720529	1519435	435763	252386	0	0	404155	0	149800	0	0	0	5111833	704800	1053373	2214677	3090373	875738	14141251	28672752	84001011	94931819	46205603	0	0
FFQ	75	0	0	0	0	0	148986	0	287673	636657	300057	0	1737600	1534143	440875	255227	0	0	404846	0	151341	0	0	0	5113521	702809	1060975	2221350	3095980	873014	14170352	28657699	83992526	94825210	46237232	0	0
FFQ	76	0	0	0	0	0	153055	0	296097	650727	306008	0	1773720	1564115	447353	259315	0	0	411331	0	154133	0	0	0	5140556	709611	1077869	2263078	3137766	886106	14148299	28577749	83905662	94851089	46134434	0	0
FFQ	77	0	0	0	0	0	155847	0	305885	680657	310802	0	1815944	1593619	457399	261877	0	0	427865	0	155455	0	0	0	5171709	739072	1096554	2287258	3203507	903090	14101086	28583089	83815605	94715152	46066601	0	0
FFQ	78	0	0	4	0	0	157432	0	312742	689567	317253	0	1840932	1614687	459634	266371	0	0	428879	0	156367	0	0	0	5150524	747287	1105353	2311955	3218597	911553	14112001	28608293	83751835	94632867	46053940	0	0
FFQ	79	0	0	0	0	0	158581	0	307060	688227	317303	0	1836197	1615063	465935	265142	0	0	431164	0	156630	0	0	0	5158551	742174	1103252	2307688	3223298	904079	14066160	28588597	83822183	94637912	46052877	0	0
FFQ	80	0	0	0	0	0	160894	0	312138	690574	317695	0	1848900	1623611	464622	269194	0	0	426149	0	157710	0	0	0	5188102	739966	1104334	2309745	3219842	909271	14095749	28557454	83796355	94632178	46023590	0	0
FFQ	81	0	0	0	0	0	161987	0	313632	697538	320028	0	1860234	1630828	465986	271953	0	0	432457	0	157992	0	0	0	5177972	743325	1107622	2314616	3227107	910135	14085823	28579886	83718141	94639742	46031069	0	0
FFQ	82	0	0	0	0	0	165954	0	320287	713926	322079	0	1891337	1644134	470314	274466	0	0	439039	0	161263	0	0	0	5202929	757680	1124905	2340701	3260480	919539	14091659	28565293	83602050	94622716	45957322	0	0
FFQ	83	0	0	0	0	0	166234	0	327060	736104	330241	0	1922184	1671400	481892	274912	0	0	452471	0	159851	0	0	0	5210088	773177	1144261	2377307	3309420	925546	14106582	28601595	83538284	94410401	45929063	0	0
FFQ	84	0	0	34	0	0	163757	0	318848	715558	327405	0	1890408	1648751	475200	273520	0	0	444141	0	156553	0	0	0	5181269	754412	1117615	2331979	3256279	913239	14121471	28677838	83641862	94470348	45967586	0	0
FFQ	85	0	0	0	0	0	165826	0	321247	703075	323325	0	1884198	1646652	463606	277782	0	0	430057	0	159260	0	0	0	5168478	734237	1118655	2326416	3212645	913650	14121645	28590448	83643676	94744321	45898874	0	0
FFQ	86	0	0	0	0	0	169641	0	333502	734155	333818	0	1941324	1689887	476376	283261	0	0	445187	0	161806	0	0	0	5194135	761434	1150548	2379025	3288482	930420	14108160	28607111	83514474	94459731	45885596	0	0
FFQ	87	0	0	29	0	0	172199	0	330484	738659	336914	0	1952230	1694266	489571	283523	0	0	454460	0	164503	0	0	0	5232964	769692	1150572	2389658	3325300	935297	14074718	28611423	83492681	94320414	45928516	0	0
FFQ	88	0	0	58	0	0	173369	0	342081	752311	336849	0	1994793	1722858	488655	286927	0	0	457968	0	164821	0	0	0	5241323	777995	1169686	2424658	3360888	950574	13993615	28589944	83420305	94380246	45818149	0	0
FFQ	89	0	0	0	0	0	174477	0	343867	765604	342649	0	1997012	1743098	498360	287206	0	0	463632	0	162722	0	0	0	5185891	783726	1168398	2423985	3371109	946494	14006353	28641165	83460711	94263691	45817923	0	0
FFQ	90	0	0	584	0	0	177505	0	350193	769794	346053	0	2027315	1746792	490989	293904	0	0	458029	0	166276	0	0	0	5191342	782676	1181425	2447600	3370234	957741	14065576	28566753	83330105	94399912	45727275	0	0
FFQ	91	0	0	0	0	0	184748	0	365750	809477	357067	0	2095330	1785307	510628	296331	0	0	485385	0	170088	0	0	0	5303614	825836	1212747	2508290	3478804	978835	14035985	28646865	83128662	94056773	45611551	0	0
FFQ	92	0	0	43	0	0	181578	0	349002	785086	354325	0	2039243	1762794	508869	297844	0	0	474759	0	167349	0	0	0	5249567	799408	1183343	2460614	3417865	951797	13997703	28698799	83329314	94060709	45778062	0	0
FFQ	93	0	0	113	0	0	186718	0	353582	776303	347128	0	2039724	1760507	494275	298872	0	0	460476	0	172481	0	0	0	5281958	780399	1181370	2447369	3357884	953251	14039637	28417881	83475917	94292708	45729520	0	0
FFQ	94	0	0	0	0	0	182804	0	352608	782094	354734	0	2042930	1781182	506744	297316	0	0	464221	0	168772	0	0	0	5263994	783380	1185104	2452642	3383061	952195	14071196	28457692	83446876	94182652	45735876	0	0
FFQ	95	0	0	0	0	0	186929	0	363843	792436	354645	0	2086346	1804551	503323	309141	0	0	461544	0	173080	0	0	0	5284209	780932	1211472	2492473	3406756	966243	14047588	28510213	83167360	94212741	45732248	0	0
FFQ	96	0	0	0	0	0	186469	0	382723	845581	370251	0	2172961	1864437	530328	312736	0	0	497607	0	171353	0	0	0	5268264	835717	1245909	2566733	3536086	991835	13972594	28547265	82998726	93999635	45550863	0	0
FFQ	97	0	0	0	0	0	186448	0	370183	818279	368297	0	2119876	1839643	527537	308671	0	0	482990	0	169618	0	0	0	5233985	808339	1222244	2522477	3474709	972944	14018699	28525220	83173849	94064075	45639990	0	0
FFQ	98	0	0	0	0	0	187403	0	378674	820293	368110	0	2151565	1850383	520234	315977	0	0	476417	0	172026	0	0	0	5256478	804773	1240987	2546202	3474470	986727	13986771	28429053	83171638	94083780	45626112	0	0
FFQ	99	0	0	0	0	0	192503	0	386720	847033	375205	0	2192180	1883395	537168	312397	0	0	497930	0	172557	0	0	0	5305958	829689	1245959	2572709	3544483	1000418	13978160	28471082	83002321	93937660	45562546	0	0
FFQ	100	0	0	0	0	0	190489	0	382738	830923	369670	0	2173308	1875183	524896	321413	0	0	479616	0	171242	0	0	0	5231853	803428	1244783	2557603	3494845	989079	13956418	28500365	83107458	94094840	45547923	0	0
FFQ	101	0	0	0	0	0	194666	0	389097	847505	378621	0	2203090	1908078	537514	324257	0	0	489704	0	175127	0	0	0	5286784	821741	1259583	2584839	3537445	998256	13984857	28462905	83033928	93954577	45475499	0	0
FFQ	102	0	0	5	0	200161	0	397570	863407	378349	0	2230485	1914865	540729	323964	0	0	495147	176788	0	0	0	1157122	829352	5404806	2597712	3549589	1001024	0	816422	13968965	27658415	83010569	93884766	45447861	0	0
FFQ	103	0	0	3	0	0	198658	0	391229	851561	379730	0	2226880	1908360	536238	326015	0	0	492030	0	177008	0	0	0	5287685	823370	1267672	2604665	3558783	1002147	14018822	28520009	82969430	93886638	45421140	0	0
FFQ	104	0	0	20	0	0	202333	0	412515	897387	387961	0	2304574	1954645	547713	329876	0	0	519284	0	179119	0	0	0	5341738	871742	1306402	2669739	3657381	1028126	13968504	28531683	82774670	93637507	45325154	0	0
FFQ	105	0	0	0	0	0	202753	0	405924	898499	392602	0	2291997	1968241	558032	331443	0	0	519602	179623	0	0	0	1186427	5019894	1293514	2660655	3659314	1017744	0	14823860	27632787	82814065	93616667	45374430	0	0
FFQ	106	0	0	142	0	0	203891	0	412091	896188	389059	0	2303658	1965371	552012	336168	0	0	509262	0	182417	0	0	0	5347263	853583	1306760	2672680	3646717	1023046	13970929	28409756	82846351	93728480	45292249	0	0
FFQ	107	0	0	0	0	0	205689	0	425083	924373	400419	0	2363365	2015883	565578	337421	0	0	525938	180026	0	0	0	1213951	5014560	1323121	2710635	3705460	1040699	0	14790658	27466704	82834251	93534208	45270051	0	0
FFQ	108	0	0	19	0	0	206403	0	419567	905086	396570	0	2334454	2001393	555135	339788	0	0	512487	180689	0	0	0	1206795	4988615	1309504	2690983	3658855	1030459	0	14812719	27433133	82785846	93716296	45363277	0	0
FFQ	109	0	0	0	0	0	209013	0	428827	921312	401035	0	2366554	2027573	561957	343924	0	0	518682	183895	0	0	0	1224213	4991586	1330388	2722173	3700739	1046359	0	14780289	27464656	82730259	93597862	45296777	0	0
FFQ	110	0	0	38	0	0	210334	0	439617	946125	408159	0	2421936	2059317	575162	348698	0	0	532506	184827	0	0	0	1243849	5016034	1347769	2761649	3761749	1056843	0	14771280	27489927	82583967	93486942	45201345	0	0
FFQ	111	0	0	0	0	213356	0	449992	961919	413090	0	2463141	2091147	581045	353651	0	0	540119	0	186153	0	0	0	1264256	5018797	1365486	2803254	3807739	1069832	0	14769003	27481646	82453061	93411756	45149630	0	0
FFQ	112	0	0	46	0	213876	0	451898	970652	418190	0	2474772	2105704	583054	356337	0	0	544075	0	184176	0	0	0	1265055	5010630	1370345	2809338	3813230	1071717	0	14787150	27486760	82445330	93342903	45142835	0	0
FFQ	113	0	0	0	0	0	215250	0	443365	959994	414800	0	2453944	2092184	574978	355494	0	0	533892	185824	0	0	0	1251945	5004192	1359345	2797593	3769132	1063882	0	14820537	27501412	82488480	93397315	45164515	0	0
FFQ	114	0	0	46	0	0	216426	0	442975	952755	414741	0	2454166	2088497	574505	359241	0	0	528771	187654	0	0	0	1254181	5008277	1361161	2791221	3754325	1058124	0	14823360	27519656	82444892	93449098	45164001	0	0
FFQ	115	0	0	0	0	221118	0	460421	980733	422594	0	2510925	2137710	584230	369461	0	0	544162	0	192439	0	0	0	1284134	5046248	1391818	2847659	3831940	1079642	0	14791426	27462341	82378529	93231867	45078676	0	0
FFQ	116	0	0	0	0	222488	0	460221	996259	425273	0	2514371	2144932	591809	363084	0	0	550292	0	190561	0	0	0	1280127	5050648	1392735	2845289	3843586	1074001	0	14772910	27380526	82430591	93238767	45079603	0	0
FFQ	117	0	0	0	0	0	220885	0	455350	970064	421395	0	2498888	2133339	587689	364390	0	0	533078	190034	0	0	0	1278084	5011691	1392717	2835737	3824855	1072221	0	14784556	27414748	82402696	93390267	45065389	0	0
FFQ	118	0	0	5	0	223080	0	469735	1000773	426813	0	2560179	2180127	592405	373853	0	0	546679	0	192828	0	0	0	1299541	5043230	1419921	2887860	3886666	1091510	0	14753457	27459040	82294736	93192415	44953220	0	0
FFQ	119	0	0	0	0	225999	0	488264	1041498	438355	0	2639652	2228651	606831	381362	0	0	568804	0	193307	0	0	0	1335161	5044334	1452345	2950054	3984548	1116364	0	14763516	27380168	82108847	93026685	44873328	0	0
FFQ	120	0	0	103	0	228245	0	486152	1040768	442466	0	2630348	2237506	612134	378799	0	0	570942	0	194240	0	0	0	1334000	5065095	1444700	2949871	3985928	1113790	0	14766993	27347734	82103628	92997686	44916945	0	0
FFQ	121	0	0	0	0	228948	0	490728	1040074	441803	0	2645614	2245827	613289	382417	0	0	563314	0	194205	0	0	0	1336060	5052677	1447958	2952016	3961462	1115699	0	14729132	27357698	82135026	93036900	44877226	0	0
FFQ	122	0	0	0	0	230789	0	495854	1049874	449374	0	2674405	2277458	619341	391502	0	0	563374	0	196277	0	0	0	1346860	5065152	1464540	2981572	3992496	1118346	0	14710947	27297613	82068181	93011406	44842712	0	0
FFQ	123	0	0	0	0	227903	0	480036	1016828	438995	0	2611126	2243875	607160	387068	0	0	552998	0	189977	0	0	0	1312040	5015671	1423207	2919861	3918636	1106296	0	14752155	27375810	82232127	93091302	44945002	0	0
FFQ	124	0	0	0	0	229647	0	480016	1001949	432170	0	2592556	2220949	587520	390841	0	0	535172	0	194250	0	0	0	1312998	5021375	1424572	2908791	3851009	1098636	0	14728989	27300833	82284570	93317611	44933619	0	0
FFQ	125	0	0	0	0	232529	0	496213	1043750	448658	0	2679099	2288597	610891	401007	0	0	554838	0	197614	0	0	0	1344665	5044601	1462878	2984211	3964542	1120388	0	14732505	27265301	82157852	93003317	44814617	0	0
FFQ	126	0	0	0	0	238179	0	514992	1074017	459766	0	2740727	2333179	622411	405222	0	0	571129	0	200850	0	0	0	1384607	5087258	1496255	3045947	4054634	1144160	0	14760211	27211289	81950846	92807746	44744648	0	0
FFQ	127	0	0	0	0	237976	0	512971	1090976	460392	0	2751191	2353788	631868	405531	0	0	579455	0	199843	0	0	0	1380896	5091594	1493273	3056011	4084983	1148030	0	14733540	27307870	81850064	92763271	44714550	0	0
FFQ	128	0	0	45	0	239230	0	510654	1071192	453825	0	2735237	2333294	618452	407165	0	0	565318	0	201687	0	0	0	1371711	5094942	1481809	3030372	4028274	1141312	0	14717639	27255478	81995950	92883570	44710917	0	0
FFQ	129	0	0	35	0	240490	0	536521	1105906	466889	0	2817023	2384628	627962	410998	0	0	581726	0	203141	0	0	0	1412984	5066129	1524957	3098669	4108072	1164856	0	14744283	27211709	81796691	92741437	44602967	0	0
FFQ	130	0	0	1	0	244469	0	547455	1140545	480377	0	2893143	2448198	650364	419247	0	0	598893	0	207893	0	0	0	1447151	5105928	1563482	3174863	4221958	1183617	0	14705875	27102881	81618172	92585637	44507924	0	0
FFQ	131	0	0	0	0	242878	0	537458	1132490	477936	0	2849407	2422991	649841	412879	0	0	597817	0	202538	0	0	0	1427492	5104445	1539540	3146960	4186354	1172466	0	14775480	27169475	81651879	92586876	44560871	0	0
FFQ	132	0	0	0	0	243793	0	529823	1101688	467700	0	2814897	2398476	629850	420191	0	0	573887	204499	0	0	0	1404099	969153	5630851	3094915	4074047	1163879	0	898046	13866302	27185540	81770978	92843990	44561469	0	0
FFQ	133	0	0	0	0	246777	0	549340	1133279	478091	0	2900621	2461814	640382	431482	0	0	586824	0	208305	0	0	0	1440672	5074807	1567078	3168394	4179208	1185330	0	14682967	27131599	81634988	92689982	44456133	0	0
FFQ	134	0	0	0	0	249328	0	572519	1173561	493298	0	2995550	2526678	661540	436059	0	0	610687	0	210249	0	0	0	1484600	5112240	1596156	3248538	4298414	1213611	0	14684827	27128646	81406956	92397882	44346734	0	0
FFQ	135	0	0	874	0	253288	0	572144	1177486	497532	0	2991721	2541940	669143	438958	0	0	609918	0	211906	0	0	0	1482797	5130635	1598728	3256871	4303659	1210111	0	14694415	27117187	81417710	92319258	44351792	0	0
FFQ	136	0	0	78	0	254978	0	578366	1179201	498496	0	2996990	2526184	658972	440372	0	0	600896	0	214002	0	0	0	1492764	5167599	1602012	3269142	4284716	1208832	0	14712258	27067544	81405602	92407082	44281987	0	0
FFQ	137	0	0	0	0	257280	0	578693	1191760	503912	0	3024986	2551273	670242	446829	0	0	613635	0	217066	0	0	0	1498519	5186980	1617723	3288292	4333216	1214325	0	14698615	27065389	81437101	92171415	44280822	0	0
FFQ	138	0	0	0	0	255384	0	574290	1174696	499636	0	3000573	2551226	659682	453752	0	0	600025	0	214607	0	0	0	1486785	5152911	1605579	3270672	4283590	1206433	0	14682676	27065926	81525719	92246119	44337792	0	0
FFQ	139	0	0	12	0	262896	0	594608	1207075	503779	0	3063189	2581788	665463	452390	0	0	612318	0	220552	0	0	0	1521693	5158397	1643779	3323507	4335876	1231425	0	14680557	26984284	81337445	92257697	44209343	0	0
FFQ	140	0	0	0	0	260963	0	602002	1234156	518133	0	3124408	2627408	684365	455447	0	0	624328	0	219073	0	0	0	1546732	5191438	1666365	3374625	4429380	1241809	0	14667302	26931652	81229258	92049576	44169653	0	0
FFQ	141	0	0	0	0	0	257947	0	601679	1218677	513217	0	3104615	2625301	673883	459892	0	0	618016	215333	0	0	0	1535830	1046141	5733657	3356985	4380207	1242412	0	959805	13713331	26951899	81217901	92216848	44204497	0
FFQ	142	0	0	20	0	263969	0	627086	1258574	524997	0	3206343	2693565	686395	472235	0	0	632752	0	222126	0	0	0	1583097	1081297	5749873	3456060	4495829	1273301	0	980235	13669126	26918698	80994043	91995260	44063192	0
FFQ	143	0	0	0	0	0	260952	0	609346	1246215	523680	0	3154042	2664395	690695	461657	0	0	633335	215118	0	0	0	1555411	1072987	5748739	3408263	4456282	1254633	0	981416	13714422	26969434	81167647	91940304	44119100	0
FFQ	144	0	0	0	0	0	263559	0	615338	1228863	517098	0	3161761	2644014	667529	471516	0	0	610176	222263	0	0	0	1564915	1056033	5789831	3415061	4390568	1256335	0	945915	13709616	26839352	81166411	92229150	44082769	0
FFQ	145	0	0	0	0	267704	0	636378	1284582	536945	0	3255672	2729390	700650	472928	0	0	648135	0	220590	0	0	0	1595764	1098329	5805553	3490736	4538650	1281189	0	997163	13651599	26896633	80922996	91875536	43940951	0
FFQ	146	0	0	18	0	0	268812	0	637554	1271149	535269	0	3265942	2734857	689762	487278	0	0	632933	0	226357	0	0	0	1601223	5171692	1720146	3497342	4510742	1283689	0	14659182	26866955	80920661	91880793	43985717	0
FFQ	147	0	0	0	0	0	270646	0	641893	1288549	546357	0	3277889	2763380	704677	487325	0	0	638510	224546	0	0	0	1606103	1091767	5833797	3511635	4542525	1279866	0	982500	13667923	26869351	80935379	91765419	43918036	0
FFQ	148	0	0	0	0	0	276551	0	674499	1324118	558329	0	3387440	2825231	711693	502485	0	0	649514	233045	0	0	0	1659565	1121815	5856707	3595446	4634609	1309070	0	997595	13596170	26796595	80691824	91711858	43733914	0
FFQ	149	0	0	1	0	0	280233	0	688278	1372496	574162	0	3460519	2891693	741981	499973	0	0	683013	233496	0	0	0	1691921	1168365	5883230	3678972	4788316	1333678	0	1048180	13544085	26795925	80550268	91290121	43649167	0
FFQ	150	0	0	867	0	0	277974	0	670148	1333789	561171	0	3393485	2841635	721682	502188	0	0	654856	232277	0	0	0	1665868	5221776	1786437	3632421	4691190	1313453	0	14596764	26737554	80774919	91494412	43743207	0	0
# Last Fragment Qualities. Use `grep ^LFQ | cut -f 2-` to extract this part.
# Columns correspond to qualities and rows to cycles. First column is the cycle number.
LFQ	1	0	0	0	0	0	0	0	0	0	0	0	4075532	0	0	0	0	0	0	0	0	0	0	0	0	7061443	0	0	0	275714435	0	0	0	0	0	0	0
LFQ	2	0	0	487	0	0	0	0	96051	0	208649	334717	236222	0	991953	973767	309116	185629	0	0	178790	104705	0	4525912	0	843001	444966	844717	1956436	15590108	24637428	84298130	96321548	53769078	0	0	0
LFQ	3	0	0	194	0	0	0	0	57737	0	161892	405989	180492	0	959640	1118484	272179	177135	0	0	196273	0	80230	0	3892725	0	672896	601208	780284	1790592	17330389	26222133	85452227	95221825	51276886	0	0
LFQ	4	0	0	2998	0	0	0	0	53107	0	168332	435855	153495	0	1015444	1091885	215983	165675	0	0	216908	0	73616	0	4104295	0	654277	676265	769274	2034161	16223070	28672717	84753659	95250194	50120200	0	0
LFQ	5	0	0	132	0	0	0	0	60581	0	165020	408211	154495	0	995700	1145214	236242	160446	0	0	218442	0	81414	0	4237671	0	645467	585498	825670	1917390	15386749	27589354	87171283	96158047	48708384	0	0
LFQ	6	0	0	50	0	0	0	56319	0	183538	402918	164537	0	1033026	1177595	236931	159906	0	0	212182	75929	0	0	4056239	685546	597908	758617	1972794	2101538	14887951	27265877	86722620	95760432	48338957	0	0	0
LFQ	7	0	0	0	0	0	0	63190	0	184249	431798	160930	0	1094372	1179694	245826	152040	0	0	232456	82864	0	0	4447978	680430	660428	761027	1952780	2164645	14652413	27240232	87991853	95135430	47336775	0	0	0
LFQ	8	0	0	0	0	0	0	62373	0	190354	436428	167021	0	1102373	1231092	239542	161717	0	0	224711	78532	0	0	4090547	697743	648315	780554	1971353	2134568	14677053	27427145	86854880	95399764	48275345	0	0	0
LFQ	9	0	0	0	0	0	0	63677	0	194497	445041	171813	0	1162626	1269233	246207	156418	0	0	243198	79573	0	0	0	4812656	655684	772336	2008508	2172619	635590	14158108	28011312	86095193	95026974	48470147	0	0
LFQ	10	0	0	0	0	0	0	67602	0	202659	460127	176952	0	1177984	1307659	249015	157375	0	0	242823	81738	0	0	0	4873446	677631	779879	2019098	2163088	645178	14107777	27938231	85657864	95409887	48455397	0	0
LFQ	11	0	0	0	0	0	68503	0	204507	460457	179589	0	1220950	1326089	250564	159276	0	0	247162	0	82749	0	0	4185631	710661	664640	779009	2013554	2189581	14925585	27560957	86435671	94954707	48231568	0	0	0
LFQ	12	0	0	0	0	0	69232	0	201618	447711	179675	0	1205242	1315694	244161	157490	0	0	238467	0	82909	0	0	0	4904105	645915	772296	1982454	2141678	648306	14199031	28016374	85838698	95007984	48552370	0	0
LFQ	13	0	0	0	0	0	72539	0	205910	456222	183311	0	1243659	1326153	249675	158224	0	0	240031	0	86353	0	0	0	4937966	654195	781731	2004450	2174242	653050	14193863	27886770	85838628	94728570	48775868	0	0
LFQ	14	0	0	2	0	0	73235	0	219219	476938	187974	0	1299567	1345025	258699	156303	0	0	248265	0	86249	0	0	0	4934851	676310	800865	2047923	2239234	676827	14137049	27905785	85592524	94581986	48906580	0	0
LFQ	15	0	0	0	0	0	72508	0	213722	469217	188198	0	1301813	1331213	257481	156303	0	0	247844	0	83809	0	0	0	4879793	658962	789002	2010844	2215136	671784	14171870	27988363	85818259	94404059	48921230	0	0
LFQ	16	0	0	0	0	0	74354	0	225399	483076	190715	0	1335271	1349449	259591	156236	0	0	253754	0	85655	0	0	0	4897998	671574	794652	2023233	2242164	686256	14168869	27823907	85517156	94943992	48668109	0	0
LFQ	17	0	0	48	0	0	76311	0	225382	483234	196913	0	1346446	1345050	260473	157609	0	0	250467	0	84877	0	0	0	4881369	664855	799513	2014047	2229972	683282	14201152	27950722	85519648	94865644	48614396	0	0
LFQ	18	0	0	0	0	0	77001	0	229354	493262	200323	0	1369318	1348139	265353	160820	0	0	254910	0	87472	0	0	0	4910578	666734	813831	2032043	2252933	683782	14259020	28061252	85368562	94912512	48404211	0	0
LFQ	19	0	0	0	0	0	79273	0	234318	505433	205421	0	1405259	1363056	272709	161127	0	0	262242	0	89929	0	0	0	4981515	674276	822711	2042860	2286810	694245	14106788	28041540	85513751	94888364	48219783	0	0
LFQ	20	0	0	0	0	0	79968	0	236690	500090	208651	0	1419819	1365042	274955	164331	0	0	258812	0	87387	0	0	0	4875625	661722	817369	2032978	2263748	683003	14052288	28105933	85368172	95318617	48076210	0	0
LFQ	21	0	0	0	0	0	82911	0	242836	512093	213882	0	1446063	1381023	282327	169074	0	0	261481	91382	0	0	0	772064	4819991	837365	2055121	2289608	691310	0	14675979	27587931	85318560	95183666	47936743	0	0
LFQ	22	0	0	0	0	0	86317	0	247475	521439	220912	0	1490758	1391738	293065	170537	0	0	268614	93498	0	0	0	786613	4830689	853399	2093903	2315325	713811	0	14771664	27670571	85261439	94955581	47814062	0	0
LFQ	23	0	0	620	0	0	88900	0	249361	526157	226249	0	1502212	1384713	294134	170533	0	0	273786	94822	0	0	0	795292	4892264	849332	2077966	2332137	717367	0	14883444	27836539	85035286	94916986	47703310	0	0
LFQ	24	0	0	0	0	0	92586	0	266614	559083	226245	0	1551908	1410426	302468	168136	0	0	288727	98691	0	0	0	826575	4955362	870975	2130403	2409164	744062	0	14747034	27628149	85011782	95100862	47462158	0	0
LFQ	25	0	0	0	0	0	93830	0	268215	556989	233491	0	1587183	1427453	313632	172545	0	0	283842	102209	0	0	0	838934	4907192	886725	2144482	2448220	747497	0	14836886	27594341	84866136	95187700	47353908	0	0
LFQ	26	0	0	14	0	0	95591	0	272159	569023	237121	0	1607137	1427955	316356	175820	0	0	291864	100792	0	0	0	837813	4943420	895384	2135291	2452952	748673	0	14815860	27846090	84653179	95134482	47294434	0	0
LFQ	27	0	0	14	0	0	96636	0	268288	555699	234491	0	1597689	1421220	312733	178949	0	0	283036	101370	0	0	0	831670	4902960	885785	2118056	2428002	742182	0	14780496	27874501	84886184	95066119	47285330	0	0
LFQ	28	0	0	0	0	0	97226	0	279218	574457	240256	0	1638157	1445997	317262	183113	0	0	288187	101896	0	0	0	847463	4833195	904096	2158357	2461366	755982	0	14736055	27875777	84709967	95233719	47169664	0	0
LFQ	29	0	0	0	0	0	100498	0	282453	585656	248052	0	1675847	1464612	328822	183140	0	0	293686	103491	0	0	0	859444	4812084	917177	2180325	2490399	761009	0	14848467	27752838	84776499	95035874	47151037	0	0
LFQ	30	0	0	0	0	0	102728	0	286760	581631	250148	0	1692480	1465915	331711	186255	0	0	289845	107214	0	0	0	865782	4887335	922903	2193369	2506562	768087	0	14788467	27764724	84566377	95185078	47108039	0	0
LFQ	31	0	0	0	0	0	104735	0	292735	606274	252823	0	1730072	1474904	339367	189153	0	0	303124	107790	0	0	0	874388	4954151	935922	2211981	2554980	774087	0	14730410	27885635	84533629	95049173	46946077	0	0
LFQ	32	0	0	0	0	0	106793	0	299951	627385	259507	0	1761553	1488889	343809	190480	0	0	307916	107903	0	0	0	891588	4900196	954339	2236643	2588856	780099	0	14807872	27863793	84511450	94952000	46870388	0	0
LFQ	33	0	0	0	0	0	108533	0	297076	635697	264245	0	1767908	1499371	354180	193367	0	0	313626	107528	0	0	0	878762	4899814	954437	2239411	2589983	774114	0	14733657	27793560	84560355	95045348	46840438	0	0
LFQ	34	0	0	0	0	0	113577	0	313811	643795	266042	0	1820147	1529809	358486	199218	0	0	312610	112647	0	0	0	911255	4916357	968692	2291736	2631799	795749	0	14746584	27821820	84468753	94938444	46690079	0	0
LFQ	35	0	0	0	0	0	113184	0	305225	638389	269364	0	1812426	1517471	359065	204152	0	0	307644	111003	0	0	0	897449	4901622	963176	2257367	2605129	777624	0	14741667	27878407	84695438	94819236	46676372	0	0
LFQ	36	0	0	20	0	0	115817	0	314245	660011	270947	0	1836506	1525706	361074	202791	0	0	317548	112742	0	0	0	913928	4946290	976551	2291330	2650047	790880	0	14778884	27748203	84516660	94932427	46588803	0	0
LFQ	37	0	0	38	0	0	118328	0	313761	667293	278070	0	1861434	1534531	370894	206632	0	0	320614	113610	0	0	0	912973	4946470	988782	2295113	2668942	793281	0	14745837	27796367	84444862	94842098	46631480	0	0
LFQ	38	0	0	0	0	0	120974	0	325929	682193	280696	0	1897876	1568798	372910	210422	0	0	325856	116361	0	0	0	935297	4943045	1006281	2335591	2712404	804864	0	14747286	27743454	84452327	94726776	46542070	0	0
LFQ	39	0	0	5	0	0	120683	0	330273	689450	286863	0	1921837	1568432	378408	211443	0	0	329119	115135	0	0	0	943843	4891594	1013634	2350536	2720185	810953	0	14764065	27744068	84175921	94955863	46529100	0	0
LFQ	40	0	0	1	0	0	124351	0	334365	711091	288227	0	1956001	1583709	385529	214304	0	0	335392	116621	0	0	0	952848	4897105	1025730	2379759	2757814	819741	0	14799894	27813344	84097961	94786466	46471157	0	0
LFQ	41	0	0	11	0	0	127700	0	340288	717249	292939	0	1992981	1599150	389957	219640	0	0	336593	121761	0	0	0	970186	4980769	1043395	2410784	2790529	831937	0	14828874	27875335	83942297	94658559	46380476	0	0
LFQ	42	0	0	0	0	0	127675	0	330897	716544	298634	0	1972322	1593652	396067	218996	0	0	342631	117956	0	0	0	945384	4987531	1030147	2355534	2755549	807834	0	14748260	27894306	84085019	94664956	46461516	0	0
LFQ	43	0	0	0	0	0	131265	0	346343	715617	294670	0	2000194	1626702	385585	227439	0	0	334627	120044	0	0	0	964643	4928025	1044563	2395549	2754791	825016	0	14719279	27858269	83891260	94788201	46499328	0	0
LFQ	44	0	0	0	0	0	134606	0	357895	775086	305373	0	2065146	1660078	409213	225614	0	0	361197	123259	0	0	0	991640	4982274	1073683	2467559	2874410	845952	0	14745903	27777372	83835196	94449367	46390587	0	0
LFQ	45	0	0	368	0	0	134109	0	352167	744537	308098	0	2059661	1645360	407676	230931	0	0	345160	124016	0	0	0	984828	4986938	1058460	2435839	2824331	836385	0	14812904	27758877	83975460	94438911	46386394	0	0
LFQ	46	0	0	1	0	0	137150	0	359425	755719	309446	0	2077644	1660576	405235	234800	0	0	350510	124980	0	0	0	996408	4997567	1070515	2456222	2849499	844342	0	14807901	27879459	83728178	94484461	46321372	0	0
LFQ	47	0	0	71	0	0	141577	0	358715	754154	307513	0	2088761	1655803	401117	235889	0	0	348557	126180	0	0	0	993872	4989810	1066602	2455118	2829499	847583	0	14778758	27807065	83899108	94465373	46300285	0	0
LFQ	48	0	0	0	0	144076	0	370520	786377	319062	0	2141931	1700434	418925	239810	0	0	360245	0	128294	0	0	0	1016653	4953036	1096897	2496755	2908771	854628	0	14715008	27780277	83801861	94378631	46239219	0	0
LFQ	49	0	0	0	0	145561	0	378350	810351	325911	0	2167485	1717360	426938	241518	0	0	370929	0	128449	0	0	0	1026844	5016420	1109592	2516907	2946364	863876	0	14766992	27771520	83610407	94340491	46169145	0	0
LFQ	50	0	0	70	0	147013	0	378563	806499	322665	0	2185403	1728601	426857	247255	0	0	366696	0	130779	0	0	0	1023765	5039751	1106155	2529732	2944225	868109	0	14627851	27692610	83722513	94359850	46196448	0	0
LFQ	51	0	0	0	0	146724	0	380626	799060	326903	0	2179735	1733551	424362	252641	0	0	361763	0	128326	0	0	0	1020390	4941390	1105053	2515532	2907699	858469	0	14677131	27761636	83680078	94443388	46206953	0	0
LFQ	52	0	0	0	0	150635	0	385189	815346	329668	0	2211079	1753684	429835	254271	0	0	366207	0	130515	0	0	0	1037243	4928089	1127967	2547918	2935889	868595	0	14726579	27752032	83660895	94356962	46082812	0	0
LFQ	53	0	0	0	0	153893	0	392774	836656	333950	0	2249993	1764751	441920	250312	0	0	377941	0	134603	0	0	0	1054034	5033304	1137760	2580328	3003925	878590	0	14720853	27669772	83422069	94410664	46003318	0	0
LFQ	54	0	0	95	0	152326	0	395263	836728	336873	0	2272428	1771190	440304	257639	0	0	373805	0	133750	0	0	0	1055278	5013135	1138423	2579384	2998805	883307	0	14671197	27699971	83458063	94320810	46062636	0	0
LFQ	55	0	0	0	0	156271	0	392909	846985	340646	0	2262572	1777055	443281	257400	0	0	378698	0	133760	0	0	0	1053081	4984437	1143948	2576429	2994377	876366	0	14713376	27661901	83585825	94195224	46076869	0	0
LFQ	56	0	0	638	0	159883	0	397343	850053	337196	0	2274602	1782179	444988	257634	0	0	377221	0	135939	0	0	0	1059685	4997833	1147254	2594652	3010836	883000	0	14710613	27708694	83482214	94159246	46079707	0	0
LFQ	57	0	0	87	0	159566	0	401141	845640	340044	0	2292067	1781971	439807	263194	0	0	377271	0	136069	0	0	0	1063998	5021096	1146388	2589699	3006495	883619	0	14686400	27749257	83506528	94183025	45978048	0	0
LFQ	58	0	0	0	0	165688	0	411589	881676	351780	0	2346076	1845792	458486	269944	0	0	391629	0	139215	0	0	0	1086344	5040965	1178131	2641772	3085588	895305	0	14733361	27758709	83282833	93987107	45899420	0	0
LFQ	59	0	0	0	0	169667	0	425301	910725	361574	0	2404658	1875511	468343	277271	0	0	401780	143972	0	0	0	1112488	880662	5365794	2693706	3151797	915118	0	747059	13977081	27704144	83198512	93837773	45828474	0	0
LFQ	60	0	0	0	0	167327	0	413799	903399	362731	0	2377989	1863971	470569	277142	0	0	397984	0	139851	0	0	0	1092383	5015365	1192717	2653677	3116365	899554	0	14710115	27724115	83220248	93844769	46007340	0	0
LFQ	61	0	0	0	0	171380	0	431127	914546	360944	0	2424154	1893708	466958	279575	0	0	401822	144345	0	0	0	1117254	878636	5366172	2704316	3150260	920381	0	745794	13961446	27634687	83094920	93974440	45814545	0	0
LFQ	62	0	0	0	0	173989	0	436170	932471	370391	0	2456444	1916435	483789	280532	0	0	414103	145336	0	0	0	1130639	895690	5370944	2733123	3203717	929271	0	764532	13920568	27573825	83029320	93866214	45823907	0	0
LFQ	63	0	0	17	0	174699	0	428905	916138	369707	0	2441741	1907293	475963	286378	0	0	400345	0	144468	0	0	0	1114686	5033463	1206118	2704593	3136363	914988	0	14676781	27560660	83019917	94056808	45881379	0	0
LFQ	64	0	0	0	0	179652	0	442435	955899	374099	0	2486004	1947096	485582	291936	0	0	413573	148381	0	0	0	1138738	898507	5448123	2747755	3210192	930104	0	758106	13952278	27571626	82914078	93856536	45700710	0	0
LFQ	65	0	0	0	0	180479	0	439585	943970	378499	0	2493210	1942487	488114	292759	0	0	413137	147499	0	0	0	1130433	886268	5403567	2733718	3200208	922701	0	753366	13865805	27630007	83066883	93801735	45736980	0	0
LFQ	66	0	0	0	0	181828	0	451232	953187	379071	0	2510327	1971254	487277	298003	0	0	411826	148038	0	0	0	1141385	888220	5385334	2749009	3203385	926980	0	744542	13881978	27543085	83043952	93827792	45723705	0	0
LFQ	67	0	0	0	0	186248	0	462919	1001243	389559	0	2566862	2008650	500780	301288	0	0	427332	151275	0	0	0	1167164	923708	5419218	2802363	3284207	949903	0	770326	13924550	27487978	82866297	93658199	45601341	0	0
LFQ	68	0	0	0	0	187119	0	452240	968195	388829	0	2551954	1985054	500596	302032	0	0	415368	153042	0	0	0	1154636	896309	5440171	2779596	3247610	940350	0	755061	13960218	27570096	82885346	93642818	45674770	0	0
LFQ	69	0	0	111	0	189944	0	456616	960556	384688	0	2561145	1991534	493093	308146	0	0	411876	154347	0	0	0	1161263	885852	5435893	2792403	3237458	946523	0	747042	13928331	27687288	82867355	93587424	45662522	0	0
LFQ	70	0	0	0	0	194748	0	466092	991623	389850	0	2602332	2014826	503380	305364	0	0	423914	156169	0	0	0	1178648	915508	5428767	2823770	3291147	956207	0	766250	13919035	27506404	82835537	93610980	45570859	0	0
LFQ	71	0	0	0	0	194312	0	470066	1001643	394965	0	2634753	2038174	512289	306840	0	0	426458	157032	0	0	0	1187539	916937	5445050	2835922	3314780	966339	0	768175	13940684	27468070	82603189	93705193	45563000	0	0
LFQ	72	0	0	765	0	198019	0	480697	1016844	404776	0	2681740	2072413	516152	321479	0	0	430968	159059	0	0	0	1196288	914322	5445385	2859036	3338248	971408	0	768386	13872868	27531355	82506193	93587063	45577946	0	0
LFQ	73	0	0	0	0	200061	0	490764	1045116	411988	0	2717398	2107089	528726	326034	0	0	448013	158997	0	0	0	1211624	939384	5466293	2895453	3400780	978165	0	790699	13822788	27520963	82495553	93424189	45471333	0	0
LFQ	74	0	0	0	0	200132	0	488611	1045618	413886	0	2709254	2113367	528218	328744	0	0	442433	158503	0	0	0	1212995	939717	5447623	2887713	3387462	976480	0	780008	13867300	27464703	82558970	93436556	45463117	0	0
LFQ	75	0	0	0	0	202452	0	490913	1041873	414623	0	2718478	2111931	523129	327971	0	0	439663	159292	0	0	0	1215166	933437	5453080	2883957	3362347	976286	0	775321	13898090	27469467	82562170	93409033	45482731	0	0
LFQ	76	0	0	0	0	205796	0	492501	1046503	416538	0	2735193	2129509	530752	331355	0	0	443012	161929	0	0	0	1216008	927974	5476735	2890735	3381576	978640	0	780723	13876144	27404661	82511855	93482499	45430772	0	0
LFQ	77	0	0	0	0	208574	0	501732	1053712	415384	0	2762523	2151551	534895	335855	0	0	442404	164554	0	0	0	1226018	937326	5478232	2914142	3416135	988577	0	778188	13825292	27370904	82509451	93451143	45384818	0	0
LFQ	78	0	0	0	0	210861	0	512708	1080811	423904	0	2808982	2188955	541751	341567	0	0	452456	166017	0	0	0	1253634	955280	5472991	2957748	3468040	1005012	0	790330	13842629	27373583	82365181	93285801	45353169	0	0
LFQ	79	0	0	0	0	212665	0	520130	1107583	427088	0	2843013	2202589	554880	338067	0	0	464113	165973	0	0	0	1261141	979095	5505235	2986487	3511550	1012103	0	808030	13783181	27355898	82276179	93259621	45276789	0	0
LFQ	80	0	0	0	0	213818	0	511936	1080092	427664	0	2817451	2190242	551249	339918	0	0	450583	168366	0	0	0	1252039	951649	5509372	2964024	3478600	1003119	0	791307	13820664	27355420	82371316	93317418	45285163	0	0
LFQ	81	0	0	1197	0	215674	0	515269	1087884	428881	0	2833119	2207873	548530	347238	0	0	455255	168608	0	0	0	1256706	959124	5515823	2972328	3486908	1006463	0	793715	13802427	27355064	82310886	93277322	45305116	0	0
LFQ	82	0	0	0	0	221996	0	527991	1114924	434213	0	2869739	2234488	554418	350693	0	0	466558	172112	0	0	0	1279421	970890	5549823	3006402	3541095	1019531	0	807701	13822357	27339444	82135741	93211310	45220563	0	0
LFQ	83	0	0	0	0	220685	0	529772	1126216	439480	0	2898133	2249648	560503	354566	0	0	470071	170376	0	0	0	1282880	977792	5554274	3016291	3547025	1024695	0	811723	13843071	27374334	82088447	93130300	45181128	0	0
LFQ	84	0	0	1686	0	222261	0	533776	1126349	441577	0	2907066	2266250	556327	358630	0	0	468050	170865	0	0	0	1283813	970524	5541382	3025513	3544393	1027382	0	805303	13834359	27399473	82132721	93078960	45154750	0	0
LFQ	85	0	0	2	0	225155	0	552305	1164402	444779	0	2959900	2302511	567824	360323	0	0	482247	173318	0	0	0	1311442	1002172	5542723	3071385	3611962	1045040	0	831885	13800096	27347889	81922768	93107793	45023489	0	0
LFQ	86	0	0	0	0	227413	0	550511	1158329	452208	0	2978589	2317057	575007	367364	0	0	476971	176783	0	0	0	1319512	997262	5554752	3092270	3631136	1047569	0	821602	13812439	27334217	81896967	92983205	45080247	0	0
LFQ	87	0	0	5	0	235092	0	571938	1201147	461804	0	3063206	2359297	592972	372742	0	0	499514	182244	0	0	0	1354696	1032571	5622743	3162015	3731237	1071891	0	851281	13759975	27292354	81726056	92708575	44998055	0	0
LFQ	88	0	0	0	0	230089	0	559309	1184864	467034	0	3025066	2352155	600319	372570	0	0	493018	177679	0	0	0	1324336	1008367	5604880	3104318	3677967	1048351	0	836277	13696414	27316639	81885555	92810476	45075727	0	0
LFQ	89	0	0	16	0	234098	0	569237	1181441	461411	0	3050546	2374969	584473	380121	0	0	482418	178957	0	0	0	1338582	999898	5553518	3122190	3664012	1057981	0	818984	13715657	27268348	81887078	92918450	45009025	0	0
LFQ	90	0	0	0	0	237309	0	566606	1195794	467103	0	3047583	2370377	590138	380423	0	0	489971	178532	0	0	0	1337111	1007060	5552250	3116095	3673929	1054855	0	830231	13777134	27282062	81832801	92863122	45000924	0	0
LFQ	91	0	0	652	0	240245	0	567934	1183746	462874	0	3056076	2369720	583984	386063	0	0	485712	184069	0	0	0	1336585	997030	5624570	3121345	3659476	1058927	0	819709	13770901	27293775	81814335	92867437	44966245	0	0
LFQ	92	0	0	0	0	243655	0	576761	1196479	470294	0	3090192	2390729	589150	393889	0	0	491795	185687	0	0	0	1353744	1012921	5618913	3143600	3702310	1069666	0	832305	13718622	27322389	81749310	92753423	44945576	0	0
LFQ	93	0	0	0	0	253711	0	601461	1260402	484303	0	3178812	2450886	607412	394108	0	0	515871	193266	0	0	0	1400216	1060689	5689684	3225325	3819611	1097838	0	863363	13701552	27079803	81638231	92544699	44790167	0	0
LFQ	94	0	0	0	0	251122	0	606669	1282652	496359	0	3209511	2481387	629972	391058	0	0	524941	189312	0	0	0	1410043	1071325	5686509	3246571	3884672	1098928	0	879086	13741753	27100990	81512514	92378838	44777198	0	0
LFQ	95	0	0	220	0	251884	0	612402	1270403	494269	0	3240282	2484782	622048	403646	0	0	516892	193196	0	0	0	1415892	1052211	5706829	3267483	3864714	1107166	0	869533	13723633	27186452	81346984	92451418	44769071	0	0
LFQ	96	0	0	0	0	250497	0	605059	1287181	494446	0	3233054	2493838	628327	403050	0	0	524992	188789	0	0	0	1409683	1068229	5643797	3258758	3880482	1103267	0	878089	13672583	27217287	81380798	92487085	44742119	0	0
LFQ	97	0	0	0	0	249246	0	606047	1263206	489848	0	3208991	2486143	619359	403177	0	0	509925	188160	0	0	0	1402054	1043629	5622318	3235010	3810628	1097160	0	851494	13710197	27167891	81523430	92598408	44765089	0	0
LFQ	98	0	0	0	0	253770	0	620303	1274265	495567	0	3272224	2518885	623629	410269	0	0	513160	192249	0	0	0	1424657	1047466	5648774	3277663	3849378	1111284	0	853193	13689490	27089734	81448424	92503194	44733832	0	0
LFQ	99	0	0	0	0	258007	0	632667	1308522	512722	0	3327212	2558688	646510	411858	0	0	532337	194991	0	0	0	1445625	1072651	5711590	3311577	3938132	1123248	0	882615	13660064	27064289	81266568	92324185	44667352	0	0
LFQ	100	0	0	0	0	259012	0	634252	1331272	510371	0	3356660	2591665	645027	421401	0	0	537701	194133	0	0	0	1447778	1083414	5659580	3338798	3968530	1133308	0	886944	13607947	27141664	81220935	92290140	44590878	0	0
LFQ	101	0	0	0	0	264043	0	656611	1353916	517950	0	3407900	2622591	659261	423330	0	0	543288	200421	0	0	0	1479290	1106566	5713814	3387034	4028897	1151000	0	897562	13640903	27079493	81041840	92198935	44476765	0	0
LFQ	102	0	0	0	0	263516	0	659210	1365402	528615	0	3447738	2631170	666599	429142	0	0	544148	201987	0	0	0	1491256	1112186	5731775	3405150	4040490	1146131	0	892510	13637786	27074025	81076963	92058905	44446706	0	0
LFQ	103	0	0	44	0	265881	0	662381	1373183	535584	0	3453299	2635410	674705	427022	0	0	550947	200577	0	0	0	1494853	1114174	5731647	3407604	4062989	1147513	0	904826	13659721	27127436	80990486	92002119	44429009	0	0
LFQ	104	0	0	0	0	271863	0	674479	1394433	535514	0	3500222	2679856	676276	438185	0	0	558297	206695	0	0	0	1522102	1130826	5758879	3455448	4123137	1165676	0	917443	13616093	27064321	80889518	91909962	44362185	0	0
LFQ	105	0	0	1	0	275408	0	683557	1430848	552865	0	3547261	2715048	696472	443843	0	0	781147	0	0	0	1537875	1152476	1649731	7620887	4190599	1174087	0	932146	0	13608742	27000865	80780374	91774006	44303172	0	0
LFQ	106	0	0	0	0	278683	0	694305	1446712	551096	0	3580124	2737568	697960	446279	0	0	577242	210056	0	0	0	1552360	1160345	5813579	3510755	4210419	1180638	0	938103	13589149	26972453	80759459	91726043	44218082	0	0
LFQ	107	0	0	0	0	271792	0	682432	1427373	550927	0	3555466	2728915	695256	443452	0	0	567497	204407	0	0	0	1528124	1141219	5774343	3480467	4164240	1171811	0	925728	13571991	26899482	80958110	91765914	44342464	0	0
LFQ	108	0	0	0	0	276737	0	683364	1397532	543563	0	3544800	2730086	676063	451562	0	0	555430	206013	0	0	0	1522516	1113720	5750884	3468553	4095711	1169299	0	898111	13619916	26839191	80912905	91995386	44400068	0	0
LFQ	109	0	0	0	0	281928	0	706880	1441675	551368	0	3604377	2765310	687065	456448	0	0	777951	0	0	0	1557635	1140304	1676608	7626553	4170944	1189844	0	913052	0	13581596	26860362	80751223	91818062	44292225	0	0
LFQ	110	0	0	0	0	278614	0	687067	1426451	552275	0	3570252	2736142	696068	450902	0	0	565121	207639	0	0	0	1535899	1131839	5783892	3494185	4157649	1172423	0	914839	13570048	26937432	80851382	91808954	44322337	0	0
LFQ	111	0	0	536	0	281249	0	699839	1414558	541852	0	3600832	2757289	685057	457460	0	0	557461	213434	0	0	0	1556527	1127396	5785616	3524453	4165118	1189257	0	905534	13570771	26886446	80738460	91896491	44295774	0	0
LFQ	112	0	0	0	0	284434	0	721242	1477153	572216	0	3689641	2822676	715707	462673	0	0	582092	213127	0	0	0	1590088	1171887	5815444	3589576	4274053	1201943	0	940211	13546846	26853131	80540844	91589812	44196614	0	0
LFQ	113	0	0	0	0	286448	0	719277	1491250	570656	0	3704424	2827902	708854	468802	0	0	794690	0	0	0	1588950	1168515	1714107	7699336	4258259	1206675	0	933385	0	13589645	26886338	80500292	91586122	44147483	0	0
LFQ	114	0	0	0	0	292901	0	730568	1499167	582301	0	3754319	2863908	717164	480866	0	0	807633	0	0	0	1610889	1174514	1738033	7747574	4313497	1213085	0	939896	0	13576640	26868592	80401660	91448374	44089829	0	0
LFQ	115	0	0	196	0	293994	0	740869	1521768	591204	0	3786887	2905328	730440	486599	0	0	822922	0	0	0	1620980	1196561	1741292	7781839	4358473	1224221	0	959188	0	13536427	26824704	80384069	91293863	44049586	0	0
LFQ	116	0	0	0	0	299516	0	739235	1509329	584334	0	3770424	2887642	718231	482800	0	0	812453	0	0	0	1616146	1183254	1740115	7754016	4313236	1213250	0	940274	0	13526644	26718267	80515063	91454974	44072207	0	0
LFQ	117	0	0	0	0	296393	0	748489	1520886	588328	0	3804164	2921131	724112	487406	0	0	810923	0	0	0	1629415	1182168	1760476	7763852	4346856	1229937	0	940426	0	13546199	26754136	80348381	91461823	43985909	0	0
LFQ	118	0	0	0	0	299382	0	760595	1544637	594582	0	3862654	2962758	734317	497232	0	0	824163	0	0	0	1652663	1198582	1783128	7826589	4404926	1245195	0	954635	0	13498372	26807246	80213820	91296409	43889525	0	0
LFQ	119	0	0	0	0	300023	0	773134	1566030	601558	0	3918538	2987701	741589	502164	0	0	836389	0	0	0	1670149	1218412	1794859	7834696	4448332	1259150	0	970368	0	13476891	26738364	80143764	91243442	43825857	0	0
LFQ	120	0	0	0	0	301863	0	778075	1575331	607553	0	3932177	3010507	748364	506109	0	0	839538	0	0	0	1680828	1222529	1804872	7864784	4475755	1263820	0	967781	0	13468519	26660818	80118472	91157609	43866106	0	0
LFQ	121	0	0	0	0	307457	0	788047	1597006	618273	0	3972807	3039594	758826	506467	0	0	847054	0	0	0	1698673	1233141	1826798	7906238	4519789	1273011	0	976973	0	13444150	26644802	80028174	91056726	43807404	0	0
LFQ	122	0	0	0	0	309036	0	794669	1600814	619993	0	4013089	3077827	768438	514312	0	0	852943	0	0	0	1706988	1231554	1830918	7936403	4554119	1280993	0	981433	0	13415054	26628639	79951412	91018181	43764595	0	0
LFQ	123	0	0	98	0	305694	0	797157	1584507	612348	0	4004441	3056210	750167	516009	0	0	837529	0	0	0	1702059	1220294	1822477	7877148	4491985	1283046	0	963743	0	13472593	26646728	80022461	91113041	43771675	0	0
LFQ	124	0	0	1	0	307856	0	793829	1581464	615066	0	3986379	3053949	753468	515504	0	0	836920	0	0	0	1703578	1219854	1821362	7896509	4486892	1279890	0	958975	0	13467098	26598876	80059812	91145765	43768363	0	0
LFQ	125	0	0	0	0	312684	0	812316	1605870	626764	0	4053950	3098388	763103	522481	0	0	850540	0	0	0	1732105	1233196	1850594	7944223	4548752	1295234	0	972121	0	13462864	26572281	79975172	90970490	43648282	0	0
LFQ	126	0	0	0	0	318457	0	832136	1662346	647212	0	4148124	3184267	784683	540675	0	0	878971	0	0	0	1774526	1271908	1900392	8032317	4673150	1315075	0	998414	0	13426096	26481704	79725095	90689051	43566811	0	0
LFQ	127	0	0	558	0	322116	0	838579	1701215	662205	0	4187614	3218774	807934	541130	0	0	896766	0	0	0	1785241	1296032	1909246	8069418	4751656	1324133	0	1025103	0	13374709	26568659	79558067	90513524	43498731	0	0
LFQ	128	0	0	0	0	323944	0	840028	1687152	649682	0	4189733	3199414	788445	545915	0	0	888963	0	0	0	1786590	1287039	1910690	8083602	4716324	1327968	0	1009596	0	13385593	26520723	79673009	90573209	43463791	0	0
LFQ	129	0	0	0	0	323722	0	869023	1733618	663619	0	4282499	3272307	811042	549812	0	0	907861	0	0	0	1830272	1318019	1956123	8105627	4819692	1358263	0	1029244	0	13378007	26463686	79458488	90392430	43328056	0	0
LFQ	130	0	0	0	0	324568	0	874010	1752186	685670	0	4339980	3302366	823858	559275	0	0	916474	0	0	0	1839244	1328415	1972600	8154940	4863512	1358139	0	1044450	0	13338684	26376456	79337589	90372760	43286234	0	0
LFQ	131	0	0	0	0	336589	0	904781	1820243	706650	0	4437645	3385437	848180	570784	0	0	949176	0	0	0	1901619	1366945	2025893	8261073	5005176	1386774	0	1075071	0	13342796	26322685	79021568	90043545	43138780	0	0
LFQ	132	0	0	12266	0	334528	0	892822	1828573	710936	0	4423385	3393549	864767	568992	0	0	951076	0	0	0	1879533	1371684	2014274	8259922	5012705	1377912	0	1083204	0	13346258	26391592	79089232	89891159	43153041	0	0
LFQ	133	0	0	0	0	334880	0	897178	1783679	697092	0	4427820	3376876	835578	579456	0	0	931044	0	0	0	1873461	1337267	2012774	8208175	4924238	1377773	0	1049062	0	13287011	26352831	79202685	90210184	43152346	0	0
LFQ	134	0	0	0	0	334042	0	900035	1800710	702983	0	4448875	3410119	848141	577017	0	0	940306	0	0	0	1891626	1353139	2022917	8241405	5001922	1384874	0	1065145	0	13258299	26365063	79123742	90041634	43139416	0	0
LFQ	135	0	0	11	0	335796	0	909212	1800408	698161	0	4452066	3409472	841193	577803	0	0	937090	0	0	0	1894141	1360937	2028064	8267894	4986105	1395114	0	1060532	0	13302532	26360641	79079972	90048725	43105541	0	0
LFQ	136	0	0	0	0	342613	0	921067	1813785	712029	0	4499515	3420802	848013	589096	0	0	945015	0	0	0	1927724	1369141	2058267	8348012	5020923	1402390	0	1062685	0	13295641	26255614	79015708	89998683	43004687	0	0
LFQ	137	0	0	1	0	350874	0	952218	1903454	740619	0	4628948	3524890	895293	594258	0	0	993036	0	0	0	1980893	1429063	2109375	8465448	5224421	1438991	0	1119811	0	13233847	26263744	78715073	89466040	42821113	0	0
LFQ	138	0	0	0	0	344540	0	936665	1879700	737140	0	4601828	3510948	879751	610413	0	0	974102	0	0	0	1953912	1409603	2094545	8419637	5152796	1423595	0	1096122	0	13233173	26257258	78897147	89516669	42921866	0	0
LFQ	139	0	0	0	0	347935	0	929081	1857740	722074	0	4567423	3492338	857380	602028	0	0	958548	0	0	0	1935795	1384812	2078974	8368273	5067169	1419438	0	1072164	0	13247570	26228243	78994793	89758490	42961142	0	0
LFQ	140	0	0	87	0	354972	0	958783	1866880	738739	0	4650664	3542269	868295	616442	0	0	967950	0	0	0	1979693	1389587	2131260	8439605	5145834	1438312	0	1077847	0	13220735	26059997	78806902	89723404	42873153	0	0
LFQ	141	0	0	0	0	357061	0	993325	1964619	766865	0	4794351	3670219	907677	621926	0	0	1013500	0	0	0	2032576	1451318	2173684	8516413	5336402	1480015	0	1138567	0	13180942	26091198	78415918	89276709	42668125	0	0
LFQ	142	0	0	0	0	206991	0	590141	1167934	458335	0	2832069	2132705	526844	376478	160949	0	431595	0	1201188	857906	1293531	4956225	3107535	854480	0	658286	0	7538148	14993379	44904353	51193472	24325691	0	0	0	0
LFQ	143	0	0	0	0	205792	0	575721	1147512	460880	0	2784009	2115196	520689	373081	0	0	577984	0	0	0	1178692	840523	1278208	4939907	3060237	839870	0	645930	0	7554535	14997955	45051025	51238083	24382406	0	0
LFQ	144	0	0	0	0	201347	0	553327	1084961	429525	0	2695247	2041279	485041	366008	0	0	547056	0	0	0	1129026	799130	1224808	4874929	2904056	818290	0	608477	0	7601676	15034019	45281419	51585640	24502974	0	0
LFQ	145	0	0	0	0	207202	0	570445	1083266	424885	0	2719701	2049759	476602	371227	0	0	547796	0	0	0	1149684	796311	1248633	4882523	2900762	832020	0	598329	0	7591413	14978868	45188227	51700925	24449657	0	0
LFQ	146	0	0	0	0	0	204163	0	562073	1093415	434473	0	2717636	2066245	486397	375037	0	0	549341	0	0	0	1145343	800021	1253220	4885021	2920737	826724	0	606113	0	7600484	15014524	45193801	51547223	24486244	0
LFQ	147	0	0	0	0	0	205786	0	563528	1077123	427309	0	2703389	2046863	472218	374488	0	0	542715	0	0	0	1143394	790009	1247068	4881112	2892391	825607	0	597649	0	7602785	15001782	45236877	51692852	24443290	0
LFQ	148	0	0	0	0	216904	0	611088	1168274	457538	0	2879830	2176725	510810	392610	0	0	587888	0	0	0	1221150	849942	1329647	4994114	3095447	873772	0	641030	0	7506816	14913707	44837297	51301397	24202249	0	0
LFQ	149	0	0	3	0	221232	0	629345	1230609	493221	0	2970694	2262431	552298	399351	0	0	617147	0	0	0	1253891	884883	1356053	5068722	3219765	883010	0	673906	0	7451432	14866097	44717308	50894706	24122131	0	0
LFQ	150	0	0	125244	0	222042	0	642377	1254092	494798	0	3012853	2296354	561220	403727	0	0	629839	0	0	0	1265063	898096	3721867	2740434	3282793	901257	0	684135	7452103	14830625	44584351	50728605	24036360	0	0	0
# GC Content of first fragments. Use `grep ^GCF | cut -f 2-` to extract this part.
GCF	0.25	292
GCF	0.75	409
GCF	1.26	450
GCF	2.01	648
GCF	2.76	742
GCF	3.27	887
GCF	4.02	944
GCF	4.77	1108
GCF	5.28	1330
GCF	6.03	1541
GCF	6.78	1621
GCF	7.29	1885
GCF	8.04	2195
GCF	8.79	2505
GCF	9.30	2944
GCF	10.05	3435
GCF	10.80	4332
GCF	11.31	5385
GCF	12.06	6849
GCF	12.81	8813
GCF	13.32	11386
GCF	14.07	14897
GCF	14.82	19973
GCF	15.33	26466
GCF	16.08	36341
GCF	16.83	50070
GCF	17.34	69243
GCF	18.09	94658
GCF	18.84	131112
GCF	19.35	177568
GCF	20.10	240312
GCF	20.85	322449
GCF	21.36	424016
GCF	22.11	550486
GCF	22.86	703937
GCF	23.37	888632
GCF	24.12	1099021
GCF	24.87	1340998
GCF	25.38	1609309
GCF	26.13	1899743
GCF	26.88	2213547
GCF	27.39	2544918
GCF	28.14	2883811
GCF	28.89	3226809
GCF	29.40	3565661
GCF	30.15	3892111
GCF	30.90	4209019
GCF	31.41	4504358
GCF	32.16	4791843
GCF	32.91	5039475
GCF	33.42	5268448
GCF	33.92	5485584
GCF	34.67	5680641
GCF	35.43	5871348
GCF	35.93	6067290
GCF	36.68	6292959
GCF	37.44	6523269
GCF	37.94	6764399
GCF	38.69	7010177
GCF	39.45	7241112
GCF	39.95	7388723
GCF	40.70	7446618
GCF	41.46	7399766
GCF	41.96	7242983
GCF	42.71	6994139
GCF	43.47	6737054
GCF	43.97	6507248
GCF	44.72	6363791
GCF	45.48	6335335
GCF	45.98	6282734
GCF	46.73	6212034
GCF	47.49	6081678
GCF	47.99	5922683
GCF	48.74	5677234
GCF	49.50	5396402
GCF	50.00	5098163
GCF	50.75	4857237
GCF	51.51	4668216
GCF	52.01	4501630
GCF	52.76	4360910
GCF	53.52	4163784
GCF	54.02	3944588
GCF	54.77	3713764
GCF	55.53	3515756
GCF	56.03	3267495
GCF	56.78	3015744
GCF	57.54	2860044
GCF	58.04	2749650
GCF	58.79	2673922
GCF	59.55	2548386
GCF	60.05	2443534
GCF	60.80	2358571
GCF	61.56	2232178
GCF	62.06	1950157
GCF	62.81	1643701
GCF	63.57	1387081
GCF	64.07	1293403
GCF	64.82	1269505
GCF	65.58	1205226
GCF	66.08	1135683
GCF	66.58	1148530
GCF	67.34	1035174
GCF	68.09	836253
GCF	68.59	631282
GCF	69.35	505883
GCF	70.10	426703
GCF	70.60	365632
GCF	71.36	299899
GCF	72.11	246657
GCF	72.61	199804
GCF	73.37	166920
GCF	74.12	144140
GCF	74.62	127273
GCF	75.38	119823
GCF	76.13	106401
GCF	76.63	96374
GCF	77.39	90139
GCF	78.14	85840
GCF	78.64	78320
GCF	79.40	74321
GCF	80.15	65356
GCF	80.65	52501
GCF	81.41	40371
GCF	82.16	33138
GCF	82.66	27879
GCF	83.42	22649
GCF	84.17	18727
GCF	84.67	15717
GCF	85.43	13566
GCF	86.18	11479
GCF	86.68	10086
GCF	87.44	9076
GCF	88.19	8318
GCF	88.69	7739
GCF	89.45	7032
GCF	90.20	6512
GCF	90.70	5881
GCF	91.46	5194
GCF	92.21	4367
GCF	92.71	3741
GCF	93.47	2933
GCF	94.22	2219
GCF	94.72	1506
GCF	95.48	1208
GCF	96.23	857
GCF	96.73	636
GCF	97.49	501
GCF	98.24	424
GCF	98.74	485
GCF	99.50	119
# GC Content of last fragments. Use `grep ^GCL | cut -f 2-` to extract this part.
GCL	0.25	1074
GCL	0.75	2242
GCL	1.26	4494
GCL	1.76	6139
GCL	2.26	7326
GCL	2.76	10559
GCL	3.27	12007
GCL	3.77	14729
GCL	4.27	16151
GCL	4.77	19241
GCL	5.28	20779
GCL	5.78	23463
GCL	6.28	24607
GCL	6.78	25523
GCL	7.29	27710
GCL	7.79	29096
GCL	8.29	29672
GCL	8.79	30487
GCL	9.30	31891
GCL	10.05	32956
GCL	10.80	33078
GCL	11.31	34927
GCL	12.06	35908
GCL	12.81	38147
GCL	13.32	40973
GCL	13.82	42974
GCL	14.32	45108
GCL	14.82	50759
GCL	15.33	54997
GCL	15.83	65563
GCL	16.33	72102
GCL	16.83	88969
GCL	17.34	99724
GCL	17.84	127649
GCL	18.34	145239
GCL	18.84	165631
GCL	19.35	215930
GCL	19.85	283565
GCL	20.35	323941
GCL	20.85	371003
GCL	21.36	479681
GCL	22.11	616467
GCL	22.86	781522
GCL	23.37	976245
GCL	24.12	1203942
GCL	24.87	1461765
GCL	25.38	1743783
GCL	25.88	1911388
GCL	26.38	2054089
GCL	26.88	2381561
GCL	27.39	2568535
GCL	27.89	2916104
GCL	28.39	3076679
GCL	28.89	3428995
GCL	29.40	3619682
GCL	29.90	3961792
GCL	30.40	4109763
GCL	30.90	4287760
GCL	31.41	4598263
GCL	31.91	4884606
GCL	32.41	4998732
GCL	32.91	5141620
GCL	33.42	5383551
GCL	33.92	5603096
GCL	34.42	5711872
GCL	34.92	5802705
GCL	35.43	6006288
GCL	35.93	6210507
GCL	36.43	6333556
GCL	36.93	6438434
GCL	37.44	6674937
GCL	37.94	6814504
GCL	38.44	7064220
GCL	38.94	7169575
GCL	39.45	7297668
GCL	39.95	7454715
GCL	40.45	7527657
GCL	40.95	7509221
GCL	41.46	7487820
GCL	41.96	7334294
GCL	42.71	7088668
GCL	43.47	6839501
GCL	43.97	6600081
GCL	44.72	6415813
GCL	45.48	6353408
GCL	45.98	6296964
GCL	46.48	6256004
GCL	46.98	6207991
GCL	47.49	6083309
GCL	47.99	5914768
GCL	48.49	5796714
GCL	48.99	5668432
GCL	49.50	5410901
GCL	50.00	5248384
GCL	50.50	5018847
GCL	51.01	4923731
GCL	51.51	4820576
GCL	52.01	4661454
GCL	52.51	4509452
GCL	53.02	4414539
GCL	53.52	4303325
GCL	54.02	4096479
GCL	54.77	3871951
GCL	55.53	3628343
GCL	56.03	3334684
GCL	56.78	3092370
GCL	57.54	2959612
GCL	58.04	2854044
GCL	58.54	2806027
GCL	59.05	2735758
GCL	59.55	2601778
GCL	60.05	2454036
GCL	60.55	2405739
GCL	61.06	2338062
GCL	61.56	2214399
GCL	62.06	2060900
GCL	62.56	1778793
GCL	63.07	1623517
GCL	63.57	1479421
GCL	64.07	1316576
GCL	64.57	1293144
GCL	65.08	1287655
GCL	65.58	1250937
GCL	66.08	1194029
GCL	66.58	1165460
GCL	67.09	1104606
GCL	67.59	1062097
GCL	68.09	882314
GCL	68.59	676660
GCL	69.10	601810
GCL	69.60	537434
GCL	70.10	454598
GCL	70.60	416975
GCL	71.11	347846
GCL	71.61	323140
GCL	72.11	264280
GCL	72.61	236382
GCL	73.12	196739
GCL	73.62	184329
GCL	74.12	169122
GCL	74.62	148769
GCL	75.38	133132
GCL	76.13	119248
GCL	76.63	111505
GCL	77.39	103319
GCL	78.14	98746
GCL	78.64	93073
GCL	79.15	90491
GCL	79.65	88415
GCL	80.15	79638
GCL	80.65	65299
GCL	81.16	57588
GCL	81.66	52940
GCL	82.16	44258
GCL	82.66	40738
GCL	83.17	35637
GCL	83.67	33676
GCL	84.17	29962
GCL	84.67	28127
GCL	85.18	25357
GCL	85.68	24176
GCL	86.18	22929
GCL	86.68	21813
GCL	87.44	20929
GCL	88.19	20138
GCL	88.69	19510
GCL	89.45	19369
GCL	90.20	19053
GCL	90.70	18534
GCL	91.21	18661
GCL	91.71	18531
GCL	92.21	18006
GCL	92.71	18032
GCL	93.22	17787
GCL	93.72	17498
GCL	94.22	17358
GCL	94.72	17264
GCL	95.23	17538
GCL	95.73	17812
GCL	96.23	18436
GCL	96.73	19173
GCL	97.24	21026
GCL	97.74	22378
GCL	98.24	23942
GCL	98.74	30018
GCL	99.50	44233
# ACGT content per cycle. Use `grep ^GCC | cut -f 2-` to extract this part. The columns are: cycle; A,C,G,T base counts as a percentage of all A/C/G/T bases [%]; and N and O counts as a percentage of all A/C/G/T bases [%]
GCC	1	29.99	20.00	20.00	30.02	0.00	0.00
GCC	2	29.03	20.94	20.97	29.05	0.00	0.00
GCC	3	28.48	21.48	21.52	28.52	0.00	0.00
GCC	4	28.27	21.71	21.72	28.30	0.00	0.00
GCC	5	28.52	21.46	21.48	28.55	0.00	0.00
GCC	6	28.12	21.85	21.87	28.16	0.00	0.00
GCC	7	28.33	21.65	21.66	28.36	0.00	0.00
GCC	8	28.34	21.65	21.65	28.36	0.00	0.00
GCC	9	28.43	21.57	21.57	28.44	0.00	0.00
GCC	10	28.32	21.67	21.67	28.34	0.00	0.00
GCC	11	28.38	21.62	21.61	28.39	0.00	0.00
GCC	12	28.39	21.61	21.59	28.41	0.00	0.00
GCC	13	28.46	21.55	21.53	28.47	0.00	0.00
GCC	14	28.46	21.55	21.53	28.47	0.00	0.00
GCC	15	28.48	21.52	21.51	28.49	0.00	0.00
GCC	16	28.44	21.56	21.55	28.45	0.00	0.00
GCC	17	28.42	21.60	21.57	28.42	0.00	0.00
GCC	18	28.39	21.63	21.60	28.38	0.00	0.00
GCC	19	28.40	21.61	21.58	28.40	0.00	0.00
GCC	20	28.33	21.69	21.66	28.32	0.00	0.00
GCC	21	28.31	21.72	21.70	28.28	0.00	0.00
GCC	22	28.29	21.73	21.70	28.28	0.00	0.00
GCC	23	28.23	21.79	21.76	28.22	0.00	0.00
GCC	24	28.27	21.75	21.72	28.26	0.00	0.00
GCC	25	28.22	21.81	21.77	28.20	0.00	0.00
GCC	26	28.20	21.82	21.79	28.19	0.00	0.00
GCC	27	28.21	21.81	21.78	28.20	0.00	0.00
GCC	28	28.19	21.84	21.81	28.16	0.00	0.00
GCC	29	28.21	21.81	21.78	28.20	0.00	0.00
GCC	30	28.17	21.85	21.83	28.16	0.00	0.00
GCC	31	28.16	21.87	21.84	28.14	0.00	0.00
GCC	32	28.16	21.86	21.84	28.14	0.00	0.00
GCC	33	28.16	21.87	21.84	28.13	0.01	0.00
GCC	34	28.12	21.90	21.87	28.10	0.00	0.00
GCC	35	28.14	21.88	21.85	28.13	0.00	0.00
GCC	36	28.13	21.89	21.86	28.12	0.00	0.00
GCC	37	28.13	21.90	21.87	28.10	0.00	0.00
GCC	38	28.18	21.86	21.82	28.14	0.00	0.00
GCC	39	28.13	21.90	21.86	28.11	0.00	0.00
GCC	40	28.14	21.90	21.86	28.10	0.00	0.00
GCC	41	28.10	21.93	21.89	28.08	0.02	0.00
GCC	42	28.13	21.90	21.86	28.11	0.00	0.00
GCC	43	28.11	21.92	21.88	28.09	0.00	0.00
GCC	44	28.15	21.89	21.85	28.12	0.00	0.00
GCC	45	28.11	21.92	21.88	28.09	0.00	0.00
GCC	46	28.10	21.94	21.89	28.07	0.00	0.00
GCC	47	28.13	21.91	21.87	28.09	0.00	0.00
GCC	48	28.11	21.92	21.88	28.09	0.00	0.00
GCC	49	28.10	21.93	21.89	28.08	0.00	0.00
GCC	50	28.13	21.91	21.86	28.11	0.00	0.00
GCC	51	28.09	21.95	21.91	28.06	0.00	0.00
GCC	52	28.10	21.93	21.90	28.07	0.00	0.00
GCC	53	28.11	21.92	21.89	28.08	0.00	0.00
GCC	54	28.10	21.93	21.89	28.07	0.00	0.00
GCC	55	28.11	21.92	21.88	28.08	0.00	0.00
GCC	56	28.10	21.94	21.89	28.07	0.00	0.00
GCC	57	28.09	21.95	21.91	28.05	0.00	0.00
GCC	58	28.08	21.96	21.92	28.05	0.00	0.00
GCC	59	28.11	21.93	21.89	28.08	0.00	0.00
GCC	60	28.10	21.94	21.90	28.07	0.00	0.00
GCC	61	28.09	21.94	21.91	28.06	0.01	0.00
GCC	62	28.11	21.93	21.89	28.08	0.00	0.00
GCC	63	28.08	21.95	21.92	28.05	0.00	0.00
GCC	64	28.07	21.96	21.93	28.04	0.00	0.00
GCC	65	28.09	21.94	21.90	28.06	0.00	0.00
GCC	66	28.08	21.96	21.92	28.04	0.00	0.00
GCC	67	28.09	21.95	21.91	28.05	0.00	0.00
GCC	68	28.07	21.96	21.93	28.03	0.00	0.00
GCC	69	28.06	21.98	21.94	28.02	0.00	0.00
GCC	70	28.10	21.94	21.90	28.06	0.00	0.00
GCC	71	28.08	21.96	21.92	28.04	0.00	0.00
GCC	72	28.08	21.96	21.92	28.04	0.00	0.00
GCC	73	28.08	21.96	21.92	28.05	0.00	0.00
GCC	74	28.08	21.96	21.92	28.04	0.00	0.00
GCC	75	28.09	21.95	21.91	28.05	0.00	0.00
GCC	76	28.08	21.96	21.92	28.04	0.00	0.00
GCC	77	28.08	21.96	21.91	28.04	0.00	0.00
GCC	78	28.08	21.96	21.92	28.04	0.00	0.00
GCC	79	28.08	21.96	21.92	28.04	0.00	0.00
GCC	80	28.06	21.98	21.94	28.02	0.00	0.00
GCC	81	28.07	21.97	21.93	28.03	0.00	0.00
GCC	82	28.06	21.98	21.94	28.02	0.00	0.00
GCC	83	28.06	21.98	21.94	28.02	0.00	0.00
GCC	84	28.05	21.99	21.95	28.02	0.00	0.00
GCC	85	28.05	21.99	21.94	28.01	0.00	0.00
GCC	86	28.07	21.98	21.93	28.03	0.00	0.00
GCC	87	28.06	21.98	21.94	28.03	0.00	0.00
GCC	88	28.05	22.00	21.95	28.01	0.00	0.00
GCC	89	28.05	21.99	21.94	28.01	0.00	0.00
GCC	90	28.05	21.99	21.95	28.01	0.00	0.00
GCC	91	28.04	22.00	21.96	28.00	0.00	0.00
GCC	92	28.04	22.00	21.95	28.00	0.00	0.00
GCC	93	28.07	21.98	21.93	28.03	0.00	0.00
GCC	94	28.05	21.98	21.95	28.01	0.00	0.00
GCC	95	28.03	22.00	21.96	28.00	0.00	0.00
GCC	96	28.05	21.99	21.94	28.02	0.00	0.00
GCC	97	28.05	21.99	21.94	28.02	0.00	0.00
GCC	98	28.07	21.97	21.93	28.03	0.00	0.00
GCC	99	28.04	22.00	21.95	28.01	0.00	0.00
GCC	100	28.04	22.00	21.96	28.01	0.00	0.00
GCC	101	28.04	22.00	21.96	28.00	0.00	0.00
GCC	102	28.05	21.99	21.95	28.01	0.00	0.00
GCC	103	28.03	22.01	21.97	27.99	0.00	0.00
GCC	104	28.04	22.00	21.95	28.00	0.00	0.00
GCC	105	28.03	22.01	21.96	27.99	0.00	0.00
GCC	106	28.03	22.01	21.96	28.00	0.00	0.00
GCC	107	28.06	21.98	21.93	28.02	0.00	0.00
GCC	108	28.04	22.00	21.95	28.01	0.00	0.00
GCC	109	28.04	22.00	21.95	28.01	0.00	0.00
GCC	110	28.05	22.00	21.95	28.00	0.00	0.00
GCC	111	28.05	22.00	21.94	28.01	0.00	0.00
GCC	112	28.04	22.01	21.95	27.99	0.00	0.00
GCC	113	28.03	22.02	21.96	27.99	0.00	0.00
GCC	114	28.02	22.02	21.97	27.99	0.00	0.00
GCC	115	28.03	22.01	21.96	27.99	0.00	0.00
GCC	116	28.05	22.00	21.94	28.01	0.00	0.00
GCC	117	28.01	22.04	21.98	27.97	0.00	0.00
GCC	118	28.01	22.03	21.97	27.98	0.00	0.00
GCC	119	28.04	22.01	21.95	28.00	0.00	0.00
GCC	120	28.04	22.01	21.96	27.99	0.00	0.00
GCC	121	28.02	22.02	21.97	27.99	0.00	0.00
GCC	122	28.03	22.01	21.96	27.99	0.00	0.00
GCC	123	28.03	22.02	21.96	27.99	0.00	0.00
GCC	124	28.02	22.03	21.97	27.98	0.00	0.00
GCC	125	28.03	22.02	21.96	27.99	0.00	0.00
GCC	126	28.02	22.03	21.97	27.97	0.00	0.00
GCC	127	28.00	22.05	21.99	27.96	0.00	0.00
GCC	128	28.02	22.04	21.97	27.97	0.00	0.00
GCC	129	28.01	22.04	21.98	27.97	0.00	0.00
GCC	130	28.02	22.03	21.97	27.98	0.00	0.00
GCC	131	28.00	22.05	21.99	27.96	0.00	0.00
GCC	132	27.99	22.06	22.00	27.95	0.00	0.00
GCC	133	28.00	22.05	21.98	27.97	0.00	0.00
GCC	134	28.00	22.05	21.99	27.96	0.00	0.00
GCC	135	28.00	22.05	21.99	27.96	0.00	0.00
GCC	136	27.98	22.07	22.01	27.94	0.00	0.00
GCC	137	27.98	22.07	22.01	27.94	0.00	0.00
GCC	138	27.98	22.07	22.01	27.95	0.00	0.00
GCC	139	27.99	22.05	21.99	27.96	0.00	0.00
GCC	140	27.99	22.06	21.99	27.96	0.00	0.00
GCC	141	27.98	22.06	22.00	27.95	0.00	0.00
GCC	142	27.97	22.07	22.02	27.95	0.00	0.00
GCC	143	27.97	22.06	22.02	27.95	0.00	0.00
GCC	144	27.96	22.07	22.02	27.95	0.00	0.00
GCC	145	27.95	22.08	22.03	27.93	0.00	0.00
GCC	146	27.95	22.08	22.03	27.94	0.00	0.00
GCC	147	27.95	22.09	22.04	27.92	0.00	0.00
GCC	148	27.94	22.10	22.05	27.92	0.00	0.00
GCC	149	27.94	22.10	22.05	27.91	0.00	0.00
GCC	150	27.94	22.10	22.04	27.92	0.03	0.00
# ACGT content per cycle, read oriented. Use `grep ^GCT | cut -f 2-` to extract this part. The columns are: cycle; A,C,G,T base counts as a percentage of all A/C/G/T bases [%]
GCT	1	30.08	21.95	18.04	29.93
GCT	2	30.11	20.37	21.55	27.98
GCT	3	29.02	21.31	21.68	27.98
GCT	4	28.08	21.67	21.76	28.49
GCT	5	28.31	20.87	22.06	28.75
GCT	6	28.51	21.57	22.15	27.77
GCT	7	28.29	20.98	22.34	28.40
GCT	8	28.44	21.43	21.87	28.27
GCT	9	28.20	21.55	21.59	28.67
GCT	10	28.39	21.57	21.77	28.27
GCT	11	28.29	21.59	21.64	28.48
GCT	12	28.42	21.57	21.63	28.38
GCT	13	28.51	21.44	21.63	28.42
GCT	14	28.54	21.42	21.66	28.39
GCT	15	28.45	21.50	21.53	28.52
GCT	16	28.37	21.46	21.64	28.52
GCT	17	28.39	21.53	21.63	28.44
GCT	18	28.34	21.62	21.61	28.43
GCT	19	28.28	21.55	21.64	28.52
GCT	20	28.26	21.62	21.74	28.39
GCT	21	28.35	21.63	21.78	28.24
GCT	22	28.29	21.66	21.77	28.28
GCT	23	28.16	21.82	21.72	28.30
GCT	24	28.24	21.71	21.75	28.29
GCT	25	28.18	21.70	21.88	28.24
GCT	26	28.17	21.76	21.85	28.21
GCT	27	28.14	21.77	21.82	28.27
GCT	28	28.18	21.83	21.82	28.17
GCT	29	28.24	21.77	21.82	28.17
GCT	30	28.16	21.78	21.90	28.16
GCT	31	28.16	21.79	21.91	28.13
GCT	32	28.21	21.82	21.88	28.10
GCT	33	28.20	21.75	21.96	28.10
GCT	34	28.16	21.79	21.99	28.06
GCT	35	28.19	21.80	21.93	28.08
GCT	36	28.17	21.77	21.98	28.08
GCT	37	28.18	21.78	21.99	28.05
GCT	38	28.22	21.76	21.92	28.10
GCT	39	28.20	21.80	21.96	28.04
GCT	40	28.24	21.82	21.94	27.99
GCT	41	28.18	21.86	21.97	28.00
GCT	42	28.14	21.85	21.90	28.11
GCT	43	28.17	21.88	21.92	28.02
GCT	44	28.27	21.82	21.92	27.99
GCT	45	28.17	21.83	21.98	28.02
GCT	46	28.19	21.91	21.92	27.98
GCT	47	28.21	21.84	21.94	28.01
GCT	48	28.17	21.80	22.00	28.03
GCT	49	28.17	21.84	21.98	28.01
GCT	50	28.19	21.79	21.98	28.04
GCT	51	28.18	21.88	21.98	27.97
GCT	52	28.22	21.86	21.97	27.95
GCT	53	28.20	21.82	21.99	27.99
GCT	54	28.18	21.83	22.00	28.00
GCT	55	28.23	21.83	21.98	27.96
GCT	56	28.22	21.83	22.01	27.95
GCT	57	28.18	21.86	22.00	27.96
GCT	58	28.20	21.88	21.99	27.92
GCT	59	28.20	21.84	21.98	27.98
GCT	60	28.19	21.86	21.97	27.98
GCT	61	28.18	21.88	21.98	27.96
GCT	62	28.20	21.82	22.00	27.99
GCT	63	28.20	21.84	22.03	27.93
GCT	64	28.21	21.84	22.04	27.90
GCT	65	28.20	21.82	22.02	27.95
GCT	66	28.20	21.83	22.05	27.92
GCT	67	28.25	21.82	22.03	27.90
GCT	68	28.20	21.84	22.05	27.91
GCT	69	28.17	21.92	21.99	27.92
GCT	70	28.23	21.84	22.00	27.93
GCT	71	28.20	21.81	22.07	27.92
GCT	72	28.20	21.85	22.03	27.92
GCT	73	28.20	21.86	22.01	27.93
GCT	74	28.23	21.86	22.02	27.88
GCT	75	28.25	21.85	22.02	27.88
GCT	76	28.20	21.83	22.05	27.92
GCT	77	28.19	21.82	22.05	27.94
GCT	78	28.20	21.86	22.02	27.92
GCT	79	28.20	21.82	22.06	27.91
GCT	80	28.18	21.82	22.10	27.90
GCT	81	28.21	21.81	22.09	27.88
GCT	82	28.22	21.81	22.11	27.86
GCT	83	28.20	21.84	22.08	27.88
GCT	84	28.16	21.86	22.07	27.90
GCT	85	28.18	21.86	22.07	27.88
GCT	86	28.21	21.86	22.05	27.88
GCT	87	28.16	21.85	22.07	27.92
GCT	88	28.15	21.84	22.11	27.91
GCT	89	28.20	21.84	22.10	27.86
GCT	90	28.20	21.86	22.08	27.86
GCT	91	28.16	21.88	22.08	27.88
GCT	92	28.16	21.89	22.06	27.89
GCT	93	28.21	21.79	22.11	27.89
GCT	94	28.21	21.81	22.13	27.85
GCT	95	28.16	21.86	22.11	27.88
GCT	96	28.19	21.86	22.07	27.88
GCT	97	28.21	21.85	22.09	27.86
GCT	98	28.22	21.82	22.08	27.88
GCT	99	28.15	21.82	22.13	27.90
GCT	100	28.16	21.86	22.10	27.88
GCT	101	28.20	21.86	22.10	27.84
GCT	102	28.20	21.85	22.08	27.86
GCT	103	28.16	21.89	22.09	27.86
GCT	104	28.19	21.86	22.10	27.86
GCT	105	28.18	21.84	22.14	27.84
GCT	106	28.19	21.83	22.14	27.84
GCT	107	28.21	21.78	22.13	27.88
GCT	108	28.20	21.80	22.15	27.85
GCT	109	28.21	21.80	22.15	27.84
GCT	110	28.19	21.82	22.13	27.86
GCT	111	28.19	21.83	22.11	27.87
GCT	112	28.21	21.83	22.13	27.82
GCT	113	28.22	21.86	22.12	27.80
GCT	114	28.19	21.88	22.11	27.82
GCT	115	28.19	21.86	22.11	27.84
GCT	116	28.22	21.79	22.16	27.84
GCT	117	28.18	21.82	22.20	27.80
GCT	118	28.18	21.85	22.16	27.82
GCT	119	28.19	21.83	22.13	27.85
GCT	120	28.19	21.81	22.16	27.84
GCT	121	28.19	21.82	22.17	27.82
GCT	122	28.19	21.81	22.17	27.84
GCT	123	28.17	21.84	22.14	27.85
GCT	124	28.19	21.83	22.17	27.81
GCT	125	28.18	21.83	22.15	27.83
GCT	126	28.16	21.84	22.17	27.83
GCT	127	28.16	21.85	22.19	27.79
GCT	128	28.17	21.81	22.20	27.81
GCT	129	28.17	21.83	22.19	27.81
GCT	130	28.19	21.79	22.21	27.81
GCT	131	28.18	21.82	22.22	27.78
GCT	132	28.15	21.84	22.22	27.79
GCT	133	28.15	21.83	22.20	27.82
GCT	134	28.17	21.84	22.19	27.79
GCT	135	28.18	21.84	22.20	27.78
GCT	136	28.16	21.83	22.24	27.76
GCT	137	28.13	21.83	22.25	27.78
GCT	138	28.14	21.84	22.23	27.79
GCT	139	28.17	21.81	22.24	27.78
GCT	140	28.16	21.76	22.29	27.78
GCT	141	28.14	21.80	22.27	27.79
GCT	142	28.13	21.86	22.23	27.79
GCT	143	28.13	21.86	22.22	27.78
GCT	144	28.12	21.85	22.24	27.79
GCT	145	28.11	21.85	22.27	27.77
GCT	146	28.10	21.86	22.25	27.78
GCT	147	28.09	21.88	22.25	27.78
GCT	148	28.09	21.87	22.27	27.77
GCT	149	28.09	21.84	22.30	27.77
GCT	150	28.12	21.81	22.33	27.74
# ACGT content per cycle for first fragments. Use `grep ^FBC | cut -f 2-` to extract this part. The columns are: cycle; A,C,G,T base counts as a percentage of all A/C/G/T bases [%]; and N and O counts as a percentage of all A/C/G/T bases [%]
FBC	1	29.93	20.06	20.04	29.96	0.00	0.00
FBC	2	29.08	20.92	20.91	29.10	0.00	0.00
FBC	3	28.55	21.43	21.43	28.59	0.01	0.00
FBC	4	28.42	21.58	21.56	28.44	0.00	0.00
FBC	5	28.56	21.43	21.42	28.60	0.00	0.00
FBC	6	28.22	21.76	21.76	28.25	0.00	0.00
FBC	7	28.42	21.57	21.56	28.46	0.00	0.00
FBC	8	28.39	21.60	21.59	28.42	0.00	0.00
FBC	9	28.48	21.52	21.51	28.49	0.00	0.00
FBC	10	28.37	21.62	21.62	28.40	0.00	0.00
FBC	11	28.42	21.57	21.56	28.45	0.00	0.00
FBC	12	28.43	21.57	21.55	28.46	0.00	0.00
FBC	13	28.48	21.51	21.50	28.51	0.00	0.00
FBC	14	28.48	21.51	21.50	28.51	0.00	0.00
FBC	15	28.49	21.50	21.49	28.52	0.00	0.00
FBC	16	28.46	21.52	21.52	28.50	0.00	0.00
FBC	17	28.44	21.56	21.54	28.46	0.00	0.00
FBC	18	28.39	21.60	21.58	28.42	0.00	0.00
FBC	19	28.41	21.58	21.57	28.44	0.00	0.00
FBC	20	28.33	21.66	21.65	28.36	0.00	0.00
FBC	21	28.30	21.69	21.69	28.32	0.00	0.00
FBC	22	28.28	21.71	21.70	28.31	0.00	0.00
FBC	23	28.23	21.76	21.76	28.25	0.00	0.00
FBC	24	28.26	21.73	21.72	28.29	0.00	0.00
FBC	25	28.21	21.78	21.77	28.24	0.00	0.00
FBC	26	28.19	21.79	21.79	28.23	0.00	0.00
FBC	27	28.20	21.79	21.78	28.23	0.00	0.00
FBC	28	28.18	21.82	21.81	28.20	0.00	0.00
FBC	29	28.20	21.79	21.77	28.24	0.00	0.00
FBC	30	28.15	21.83	21.83	28.19	0.00	0.00
FBC	31	28.14	21.84	21.84	28.18	0.00	0.00
FBC	32	28.15	21.83	21.84	28.18	0.00	0.00
FBC	33	28.14	21.85	21.84	28.17	0.01	0.00
FBC	34	28.11	21.88	21.88	28.14	0.00	0.00
FBC	35	28.13	21.86	21.85	28.16	0.00	0.00
FBC	36	28.11	21.87	21.87	28.16	0.00	0.00
FBC	37	28.11	21.88	21.87	28.13	0.00	0.00
FBC	38	28.16	21.84	21.83	28.18	0.00	0.00
FBC	39	28.11	21.87	21.87	28.15	0.00	0.00
FBC	40	28.11	21.88	21.87	28.14	0.00	0.00
FBC	41	28.08	21.91	21.90	28.11	0.04	0.00
FBC	42	28.10	21.88	21.88	28.14	0.00	0.00
FBC	43	28.08	21.90	21.89	28.12	0.00	0.00
FBC	44	28.12	21.87	21.86	28.15	0.00	0.00
FBC	45	28.08	21.90	21.90	28.12	0.00	0.00
FBC	46	28.07	21.92	21.90	28.11	0.00	0.00
FBC	47	28.11	21.89	21.88	28.13	0.00	0.00
FBC	48	28.08	21.90	21.90	28.12	0.00	0.00
FBC	49	28.08	21.91	21.89	28.12	0.00	0.00
FBC	50	28.11	21.89	21.86	28.14	0.00	0.00
FBC	51	28.07	21.93	21.92	28.09	0.00	0.00
FBC	52	28.07	21.92	21.91	28.10	0.00	0.00
FBC	53	28.08	21.91	21.90	28.12	0.00	0.00
FBC	54	28.07	21.92	21.91	28.10	0.00	0.00
FBC	55	28.09	21.90	21.89	28.12	0.00	0.00
FBC	56	28.07	21.92	21.90	28.10	0.00	0.00
FBC	57	28.06	21.93	21.93	28.09	0.00	0.00
FBC	58	28.05	21.94	21.93	28.08	0.00	0.00
FBC	59	28.08	21.91	21.90	28.11	0.00	0.00
FBC	60	28.07	21.92	21.91	28.10	0.00	0.00
FBC	61	28.06	21.93	21.92	28.08	0.01	0.00
FBC	62	28.08	21.91	21.90	28.11	0.00	0.00
FBC	63	28.06	21.93	21.93	28.08	0.00	0.00
FBC	64	28.05	21.94	21.94	28.07	0.00	0.00
FBC	65	28.07	21.92	21.92	28.09	0.00	0.00
FBC	66	28.05	21.94	21.94	28.07	0.00	0.00
FBC	67	28.07	21.92	21.92	28.09	0.00	0.00
FBC	68	28.05	21.94	21.95	28.07	0.00	0.00
FBC	69	28.03	21.96	21.95	28.06	0.00	0.00
FBC	70	28.06	21.92	21.92	28.10	0.00	0.00
FBC	71	28.05	21.94	21.94	28.07	0.00	0.00
FBC	72	28.05	21.94	21.94	28.07	0.00	0.00
FBC	73	28.05	21.94	21.93	28.08	0.00	0.00
FBC	74	28.04	21.94	21.94	28.07	0.00	0.00
FBC	75	28.05	21.93	21.93	28.09	0.00	0.00
FBC	76	28.05	21.94	21.94	28.07	0.00	0.00
FBC	77	28.05	21.94	21.93	28.07	0.00	0.00
FBC	78	28.04	21.94	21.95	28.07	0.00	0.00
FBC	79	28.05	21.94	21.95	28.07	0.00	0.00
FBC	80	28.03	21.96	21.95	28.06	0.00	0.00
FBC	81	28.03	21.95	21.95	28.07	0.00	0.00
FBC	82	28.03	21.96	21.95	28.06	0.00	0.00
FBC	83	28.04	21.96	21.95	28.06	0.00	0.00
FBC	84	28.02	21.96	21.96	28.05	0.00	0.00
FBC	85	28.02	21.97	21.97	28.05	0.00	0.00
FBC	86	28.04	21.96	21.94	28.06	0.00	0.00
FBC	87	28.02	21.96	21.95	28.06	0.00	0.00
FBC	88	28.01	21.98	21.97	28.04	0.00	0.00
FBC	89	28.02	21.97	21.96	28.05	0.00	0.00
FBC	90	28.02	21.97	21.97	28.04	0.00	0.00
FBC	91	28.01	21.99	21.98	28.03	0.00	0.00
FBC	92	28.02	21.97	21.97	28.04	0.00	0.00
FBC	93	28.04	21.95	21.95	28.06	0.00	0.00
FBC	94	28.02	21.96	21.97	28.05	0.00	0.00
FBC	95	28.01	21.97	21.98	28.04	0.00	0.00
FBC	96	28.02	21.96	21.96	28.06	0.00	0.00
FBC	97	28.02	21.97	21.96	28.05	0.00	0.00
FBC	98	28.04	21.95	21.94	28.07	0.00	0.00
FBC	99	28.02	21.98	21.97	28.04	0.00	0.00
FBC	100	28.01	21.98	21.97	28.04	0.00	0.00
FBC	101	28.01	21.97	21.98	28.04	0.00	0.00
FBC	102	28.02	21.96	21.97	28.05	0.00	0.00
FBC	103	28.00	21.99	21.99	28.02	0.00	0.00
FBC	104	28.01	21.98	21.97	28.04	0.00	0.00
FBC	105	28.00	21.98	21.98	28.04	0.00	0.00
FBC	106	28.00	21.98	21.98	28.04	0.00	0.00
FBC	107	28.03	21.95	21.95	28.07	0.00	0.00
FBC	108	28.01	21.98	21.96	28.04	0.00	0.00
FBC	109	28.01	21.97	21.97	28.05	0.00	0.00
FBC	110	28.02	21.98	21.97	28.04	0.00	0.00
FBC	111	28.02	21.98	21.96	28.04	0.00	0.00
FBC	112	28.01	21.99	21.97	28.03	0.00	0.00
FBC	113	28.00	21.99	21.98	28.03	0.00	0.00
FBC	114	27.99	21.99	21.99	28.03	0.00	0.00
FBC	115	28.00	21.98	21.98	28.03	0.00	0.00
FBC	116	28.02	21.97	21.96	28.05	0.00	0.00
FBC	117	27.98	22.01	22.00	28.01	0.00	0.00
FBC	118	27.99	22.00	21.99	28.02	0.00	0.00
FBC	119	28.01	21.98	21.96	28.04	0.00	0.00
FBC	120	28.01	21.99	21.98	28.02	0.00	0.00
FBC	121	27.99	21.99	21.99	28.02	0.00	0.00
FBC	122	28.00	21.99	21.98	28.03	0.00	0.00
FBC	123	28.00	21.99	21.98	28.03	0.00	0.00
FBC	124	27.99	22.01	21.98	28.01	0.00	0.00
FBC	125	28.00	21.99	21.97	28.03	0.00	0.00
FBC	126	27.99	22.00	21.99	28.01	0.00	0.00
FBC	127	27.98	22.02	22.00	28.00	0.00	0.00
FBC	128	27.99	22.01	21.99	28.02	0.00	0.00
FBC	129	27.98	22.01	21.99	28.01	0.00	0.00
FBC	130	28.00	22.00	21.98	28.02	0.00	0.00
FBC	131	27.98	22.02	22.00	28.01	0.00	0.00
FBC	132	27.97	22.03	22.01	27.99	0.00	0.00
FBC	133	27.98	22.01	21.99	28.01	0.00	0.00
FBC	134	27.98	22.01	22.00	28.00	0.00	0.00
FBC	135	27.97	22.01	22.00	28.01	0.00	0.00
FBC	136	27.96	22.04	22.02	27.99	0.00	0.00
FBC	137	27.96	22.03	22.02	27.99	0.00	0.00
FBC	138	27.96	22.03	22.02	27.99	0.00	0.00
FBC	139	27.97	22.02	22.01	28.00	0.00	0.00
FBC	140	27.97	22.03	22.00	28.00	0.00	0.00
FBC	141	27.97	22.03	22.01	28.00	0.00	0.00
FBC	142	27.97	22.02	22.00	28.00	0.00	0.00
FBC	143	27.97	22.02	22.01	28.00	0.00	0.00
FBC	144	27.96	22.03	22.01	28.00	0.00	0.00
FBC	145	27.96	22.04	22.02	27.98	0.00	0.00
FBC	146	27.96	22.03	22.02	27.99	0.00	0.00
FBC	147	27.95	22.04	22.03	27.98	0.00	0.00
FBC	148	27.95	22.05	22.03	27.97	0.00	0.00
FBC	149	27.95	22.05	22.03	27.97	0.00	0.00
FBC	150	27.95	22.05	22.03	27.97	0.00	0.00
# ACGT raw counters for first fragments. Use `grep ^FTC | cut -f 2-` to extract this part. The columns are: A,C,G,T,N base counters
FTC	12095553672	9413637096	9409915098	12107835140	269944
# ACGT content per cycle for last fragments. Use `grep ^LBC | cut -f 2-` to extract this part. The columns are: cycle; A,C,G,T base counts as a percentage of all A/C/G/T bases [%]; and N and O counts as a percentage of all A/C/G/T bases [%]
LBC	1	30.05	19.93	19.95	30.07	0.00	0.00
LBC	2	28.98	20.97	21.04	29.01	0.00	0.00
LBC	3	28.41	21.53	21.60	28.45	0.00	0.00
LBC	4	28.12	21.83	21.89	28.15	0.00	0.00
LBC	5	28.48	21.49	21.54	28.50	0.00	0.00
LBC	6	28.03	21.94	21.98	28.06	0.00	0.00
LBC	7	28.24	21.74	21.77	28.26	0.00	0.00
LBC	8	28.29	21.69	21.71	28.31	0.00	0.00
LBC	9	28.38	21.61	21.63	28.38	0.00	0.00
LBC	10	28.27	21.73	21.73	28.28	0.00	0.00
LBC	11	28.33	21.67	21.67	28.33	0.00	0.00
LBC	12	28.36	21.64	21.64	28.36	0.00	0.00
LBC	13	28.43	21.58	21.56	28.43	0.00	0.00
LBC	14	28.44	21.58	21.56	28.42	0.00	0.00
LBC	15	28.47	21.55	21.53	28.45	0.00	0.00
LBC	16	28.43	21.60	21.57	28.40	0.00	0.00
LBC	17	28.40	21.63	21.59	28.37	0.00	0.00
LBC	18	28.38	21.66	21.61	28.34	0.00	0.00
LBC	19	28.40	21.65	21.59	28.36	0.00	0.00
LBC	20	28.33	21.72	21.67	28.28	0.00	0.00
LBC	21	28.31	21.75	21.70	28.25	0.00	0.00
LBC	22	28.29	21.75	21.71	28.25	0.00	0.00
LBC	23	28.24	21.81	21.76	28.19	0.00	0.00
LBC	24	28.28	21.77	21.71	28.24	0.00	0.00
LBC	25	28.22	21.84	21.78	28.16	0.00	0.00
LBC	26	28.20	21.85	21.80	28.15	0.00	0.00
LBC	27	28.22	21.84	21.78	28.16	0.00	0.00
LBC	28	28.20	21.86	21.81	28.13	0.00	0.00
LBC	29	28.23	21.84	21.78	28.16	0.00	0.00
LBC	30	28.18	21.87	21.82	28.12	0.00	0.00
LBC	31	28.17	21.89	21.83	28.11	0.00	0.00
LBC	32	28.17	21.89	21.83	28.11	0.00	0.00
LBC	33	28.17	21.89	21.83	28.10	0.00	0.00
LBC	34	28.14	21.92	21.87	28.07	0.00	0.00
LBC	35	28.15	21.91	21.85	28.09	0.00	0.00
LBC	36	28.15	21.91	21.85	28.09	0.00	0.00
LBC	37	28.14	21.93	21.86	28.07	0.00	0.00
LBC	38	28.19	21.88	21.82	28.11	0.00	0.00
LBC	39	28.15	21.92	21.85	28.07	0.00	0.00
LBC	40	28.16	21.92	21.85	28.07	0.00	0.00
LBC	41	28.12	21.95	21.89	28.04	0.00	0.00
LBC	42	28.16	21.92	21.84	28.08	0.00	0.00
LBC	43	28.14	21.94	21.87	28.05	0.00	0.00
LBC	44	28.17	21.91	21.84	28.08	0.00	0.00
LBC	45	28.14	21.94	21.87	28.05	0.00	0.00
LBC	46	28.12	21.96	21.89	28.04	0.00	0.00
LBC	47	28.15	21.93	21.87	28.05	0.00	0.00
LBC	48	28.14	21.94	21.86	28.06	0.00	0.00
LBC	49	28.13	21.95	21.88	28.04	0.00	0.00
LBC	50	28.16	21.93	21.85	28.07	0.00	0.00
LBC	51	28.12	21.96	21.90	28.03	0.00	0.00
LBC	52	28.12	21.94	21.89	28.04	0.00	0.00
LBC	53	28.14	21.94	21.87	28.05	0.00	0.00
LBC	54	28.14	21.95	21.87	28.04	0.00	0.00
LBC	55	28.14	21.94	21.87	28.04	0.00	0.00
LBC	56	28.13	21.96	21.88	28.03	0.00	0.00
LBC	57	28.12	21.97	21.89	28.02	0.00	0.00
LBC	58	28.11	21.98	21.90	28.02	0.00	0.00
LBC	59	28.14	21.94	21.88	28.04	0.00	0.00
LBC	60	28.13	21.95	21.88	28.03	0.00	0.00
LBC	61	28.12	21.96	21.90	28.03	0.00	0.00
LBC	62	28.14	21.95	21.87	28.05	0.00	0.00
LBC	63	28.11	21.98	21.90	28.01	0.00	0.00
LBC	64	28.10	21.98	21.91	28.00	0.00	0.00
LBC	65	28.12	21.97	21.89	28.02	0.00	0.00
LBC	66	28.11	21.98	21.90	28.00	0.00	0.00
LBC	67	28.12	21.97	21.89	28.02	0.00	0.00
LBC	68	28.10	21.99	21.92	28.00	0.00	0.00
LBC	69	28.09	22.00	21.92	27.99	0.00	0.00
LBC	70	28.13	21.96	21.88	28.03	0.00	0.00
LBC	71	28.11	21.98	21.90	28.01	0.00	0.00
LBC	72	28.11	21.98	21.90	28.01	0.00	0.00
LBC	73	28.12	21.97	21.90	28.01	0.00	0.00
LBC	74	28.11	21.98	21.91	28.01	0.00	0.00
LBC	75	28.12	21.97	21.90	28.02	0.00	0.00
LBC	76	28.12	21.98	21.91	28.00	0.00	0.00
LBC	77	28.12	21.97	21.90	28.01	0.00	0.00
LBC	78	28.11	21.98	21.90	28.00	0.00	0.00
LBC	79	28.11	21.98	21.90	28.01	0.00	0.00
LBC	80	28.09	22.01	21.92	27.98	0.00	0.00
LBC	81	28.10	21.99	21.91	27.99	0.00	0.00
LBC	82	28.09	22.00	21.92	27.99	0.00	0.00
LBC	83	28.09	22.01	21.93	27.98	0.00	0.00
LBC	84	28.08	22.01	21.93	27.98	0.00	0.00
LBC	85	28.09	22.01	21.92	27.98	0.00	0.00
LBC	86	28.09	22.00	21.92	27.99	0.00	0.00
LBC	87	28.09	22.00	21.92	27.99	0.00	0.00
LBC	88	28.08	22.02	21.93	27.97	0.00	0.00
LBC	89	28.08	22.02	21.92	27.98	0.00	0.00
LBC	90	28.09	22.00	21.93	27.98	0.00	0.00
LBC	91	28.07	22.02	21.94	27.97	0.00	0.00
LBC	92	28.07	22.03	21.94	27.96	0.00	0.00
LBC	93	28.10	22.00	21.91	28.00	0.00	0.00
LBC	94	28.08	22.01	21.94	27.97	0.00	0.00
LBC	95	28.06	22.03	21.94	27.97	0.00	0.00
LBC	96	28.08	22.02	21.92	27.98	0.00	0.00
LBC	97	28.09	22.02	21.92	27.98	0.00	0.00
LBC	98	28.10	21.99	21.91	28.00	0.00	0.00
LBC	99	28.07	22.02	21.94	27.97	0.00	0.00
LBC	100	28.07	22.02	21.94	27.97	0.00	0.00
LBC	101	28.07	22.02	21.94	27.97	0.00	0.00
LBC	102	28.09	22.01	21.93	27.98	0.00	0.00
LBC	103	28.06	22.04	21.95	27.95	0.00	0.00
LBC	104	28.07	22.03	21.94	27.96	0.00	0.00
LBC	105	28.06	22.04	21.95	27.95	0.00	0.00
LBC	106	28.07	22.03	21.94	27.95	0.00	0.00
LBC	107	28.09	22.01	21.92	27.98	0.00	0.00
LBC	108	28.08	22.03	21.93	27.97	0.00	0.00
LBC	109	28.07	22.03	21.93	27.97	0.00	0.00
LBC	110	28.08	22.03	21.93	27.97	0.00	0.00
LBC	111	28.08	22.02	21.92	27.97	0.00	0.00
LBC	112	28.07	22.04	21.94	27.96	0.00	0.00
LBC	113	28.06	22.05	21.95	27.95	0.00	0.00
LBC	114	28.06	22.04	21.95	27.95	0.00	0.00
LBC	115	28.06	22.05	21.94	27.95	0.00	0.00
LBC	116	28.07	22.03	21.92	27.97	0.00	0.00
LBC	117	28.04	22.07	21.96	27.93	0.00	0.00
LBC	118	28.04	22.06	21.96	27.94	0.00	0.00
LBC	119	28.07	22.04	21.93	27.95	0.00	0.00
LBC	120	28.07	22.04	21.93	27.96	0.00	0.00
LBC	121	28.05	22.05	21.95	27.95	0.00	0.00
LBC	122	28.06	22.04	21.94	27.96	0.00	0.00
LBC	123	28.05	22.05	21.94	27.95	0.00	0.00
LBC	124	28.05	22.06	21.95	27.94	0.00	0.00
LBC	125	28.05	22.06	21.95	27.95	0.00	0.00
LBC	126	28.04	22.06	21.96	27.93	0.00	0.00
LBC	127	28.03	22.09	21.97	27.91	0.00	0.00
LBC	128	28.04	22.07	21.96	27.93	0.00	0.00
LBC	129	28.04	22.07	21.96	27.93	0.00	0.00
LBC	130	28.03	22.07	21.96	27.93	0.00	0.00
LBC	131	28.02	22.08	21.98	27.91	0.00	0.00
LBC	132	28.02	22.09	21.98	27.91	0.00	0.00
LBC	133	28.03	22.08	21.97	27.92	0.00	0.00
LBC	134	28.02	22.08	21.98	27.92	0.00	0.00
LBC	135	28.02	22.08	21.98	27.92	0.00	0.00
LBC	136	28.01	22.10	22.00	27.90	0.00	0.00
LBC	137	27.99	22.11	22.01	27.89	0.00	0.00
LBC	138	28.00	22.10	22.00	27.90	0.00	0.00
LBC	139	28.02	22.09	21.98	27.91	0.00	0.00
LBC	140	28.01	22.10	21.98	27.91	0.00	0.00
LBC	141	28.00	22.10	22.00	27.90	0.00	0.00
LBC	142	27.95	22.15	22.04	27.85	0.00	0.00
LBC	143	27.96	22.15	22.04	27.86	0.00	0.00
LBC	144	27.96	22.15	22.03	27.86	0.00	0.00
LBC	145	27.94	22.16	22.05	27.85	0.00	0.00
LBC	146	27.94	22.16	22.06	27.84	0.00	0.00
LBC	147	27.94	22.17	22.06	27.83	0.00	0.00
LBC	148	27.93	22.18	22.07	27.82	0.00	0.00
LBC	149	27.93	22.18	22.07	27.81	0.00	0.00
LBC	150	27.92	22.19	22.07	27.83	0.08	0.00
# ACGT raw counters for last fragments. Use `grep ^LTC | cut -f 2-` to extract this part. The columns are: A,C,G,T,N base counters
LTC	11801452605	9195127438	9165355764	11766877437	149681
# Insert sizes. Use `grep ^IS | cut -f 2-` to extract this part. The columns are: insert size, pairs total, inward oriented pairs, outward oriented pairs, other pairs
IS	0	3711	0	32	3679
IS	1	1043	0	53	990
IS	2	825	0	478	347
IS	3	643	0	467	176
IS	4	565	0	480	85
IS	5	512	0	434	78
IS	6	531	0	473	58
IS	7	576	0	520	56
IS	8	502	0	468	34
IS	9	572	0	521	51
IS	10	544	0	506	38
IS	11	496	0	451	45
IS	12	552	0	509	43
IS	13	553	0	510	43
IS	14	587	0	548	39
IS	15	561	0	524	37
IS	16	631	0	598	33
IS	17	560	0	520	40
IS	18	614	0	582	32
IS	19	4788	2027	2730	31
IS	20	4044	1668	2345	31
IS	21	2607	976	1607	24
IS	22	1612	504	1080	28
IS	23	1120	306	796	18
IS	24	1015	242	742	31
IS	25	1146	272	847	27
IS	26	1105	267	815	23
IS	27	1103	261	820	22
IS	28	1290	374	889	27
IS	29	1198	282	903	13
IS	30	1162	286	860	16
IS	31	1246	348	879	19
IS	32	1384	338	1025	21
IS	33	1431	401	1002	28
IS	34	1395	425	951	19
IS	35	1339	389	922	28
IS	36	1500	444	1033	23
IS	37	1533	462	1048	23
IS	38	1577	504	1045	28
IS	39	1805	585	1194	26
IS	40	1884	623	1218	43
IS	41	2215	771	1404	40
IS	42	2427	850	1451	126
IS	43	2380	847	1482	51
IS	44	2530	907	1580	43
IS	45	2720	1083	1615	22
IS	46	2775	1075	1671	29
IS	47	2876	1073	1771	32
IS	48	3098	1243	1827	28
IS	49	3268	1349	1894	25
IS	50	3568	1385	2158	25
IS	51	3642	1415	2198	29
IS	52	3870	1540	2302	28
IS	53	4064	1574	2450	40
IS	54	4407	1813	2532	62
IS	55	4842	1931	2815	96
IS	56	4720	1963	2692	65
IS	57	4795	1991	2759	45
IS	58	5054	2217	2815	22
IS	59	4988	2090	2885	13
IS	60	5160	2237	2914	9
IS	61	5138	2211	2906	21
IS	62	5296	2316	2966	14
IS	63	5266	2282	2969	15
IS	64	5379	2457	2905	17
IS	65	5678	2481	3179	18
IS	66	5700	2474	3204	22
IS	67	5541	2450	3061	30
IS	68	5605	2494	3091	20
IS	69	5647	2509	3115	23
IS	70	5722	2551	3150	21
IS	71	5828	2547	3270	11
IS	72	5755	2486	3254	15
IS	73	5939	2672	3251	16
IS	74	6045	2716	3311	18
IS	75	5783	2652	3117	14
IS	76	6170	2854	3306	10
IS	77	6143	2785	3338	20
IS	78	6005	2744	3245	16
IS	79	6367	2947	3408	12
IS	80	6607	3027	3567	13
IS	81	6474	3038	3414	22
IS	82	6688	3201	3466	21
IS	83	6623	3180	3428	15
IS	84	6492	3045	3436	11
IS	85	6833	3208	3608	17
IS	86	7063	3287	3756	20
IS	87	7134	3462	3661	11
IS	88	6998	3340	3643	15
IS	89	6841	3193	3635	13
IS	90	6908	3297	3597	14
IS	91	6869	3369	3489	11
IS	92	7160	3510	3638	12
IS	93	6856	3317	3521	18
IS	94	7056	3371	3667	18
IS	95	6902	3274	3615	13
IS	96	6865	3245	3602	18
IS	97	7006	3365	3623	18
IS	98	7156	3461	3673	22
IS	99	6867	3332	3522	13
IS	100	6925	3403	3510	12
IS	101	6925	3396	3510	19
IS	102	6949	3409	3514	26
IS	103	6783	3376	3387	20
IS	104	6845	3423	3409	13
IS	105	6899	3421	3460	18
IS	106	6961	3388	3555	18
IS	107	6862	3441	3401	20
IS	108	7041	3517	3506	18
IS	109	7176	3502	3656	18
IS	110	7063	3514	3529	20
IS	111	7236	3554	3657	25
IS	112	7140	3512	3602	26
IS	113	7368	3666	3687	15
IS	114	7374	3634	3719	21
IS	115	7354	3570	3765	19
IS	116	7561	3626	3920	15
IS	117	7853	3949	3886	18
IS	118	7844	3948	3883	13
IS	119	7854	3905	3929	20
IS	120	7878	3892	3971	15
IS	121	8235	4164	4047	24
IS	122	8150	4052	4077	21
IS	123	8190	4028	4145	17
IS	124	8241	4013	4205	23
IS	125	8657	4350	4291	16
IS	126	8545	4284	4243	18
IS	127	8498	4204	4269	25
IS	128	8854	4466	4374	14
IS	129	8790	4417	4353	20
IS	130	9095	4418	4648	29
IS	131	9078	4457	4592	29
IS	132	9182	4455	4704	23
IS	133	9437	4602	4803	32
IS	134	9701	4787	4897	17
IS	135	9777	4825	4930	22
IS	136	9789	4870	4904	15
IS	137	10139	4970	5151	18
IS	138	10159	4783	5356	20
IS	139	10158	4628	5505	25
IS	140	10795	4389	6388	18
IS	141	10835	5854	4956	25
IS	142	11175	5978	5168	29
IS	143	11246	5960	5256	30
IS	144	11339	6074	5236	29
IS	145	11859	6311	5530	18
IS	146	12093	6382	5688	23
IS	147	12557	6530	5997	30
IS	148	12812	6382	6403	27
IS	149	13220	5220	7973	27
IS	150	13468	8079	5373	16
IS	151	14161	13984	153	24
IS	152	14169	14073	75	21
IS	153	14670	14597	55	18
IS	154	14901	14840	47	14
IS	155	15076	15011	47	18
IS	156	15594	15530	43	21
IS	157	16241	16188	33	20
IS	158	16308	16262	25	21
IS	159	16782	16732	30	20
IS	160	16866	16828	29	9
IS	161	17501	17442	26	33
IS	162	17748	17697	19	32
IS	163	18254	18210	21	23
IS	164	18770	18718	22	30
IS	165	19418	19378	16	24
IS	166	20039	19994	19	26
IS	167	20698	20648	25	25
IS	168	21124	21075	20	29
IS	169	21785	21742	19	24
IS	170	22696	22649	20	27
IS	171	23228	23188	18	22
IS	172	23770	23736	15	19
IS	173	24762	24709	27	26
IS	174	24820	24796	8	16
IS	175	25740	25715	7	18
IS	176	26650	26610	12	28
IS	177	27973	27935	10	28
IS	178	28539	28506	8	25
IS	179	29289	29260	9	20
IS	180	30413	30378	11	24
IS	181	31291	31248	16	27
IS	182	32067	32035	15	17
IS	183	33529	33506	10	13
IS	184	34428	34404	7	17
IS	185	35789	35749	14	26
IS	186	36564	36532	9	23
IS	187	38679	38643	11	25
IS	188	39497	39466	12	19
IS	189	41092	41055	15	22
IS	190	42530	42500	11	19
IS	191	44156	44116	14	26
IS	192	45187	45161	8	18
IS	193	46720	46690	6	24
IS	194	48189	48150	8	31
IS	195	49935	49903	13	19
IS	196	51268	51242	10	16
IS	197	53801	53770	8	23
IS	198	55207	55179	8	20
IS	199	56512	56486	8	18
IS	200	58758	58716	11	31
IS	201	60968	60932	9	27
IS	202	62356	62320	9	27
IS	203	64764	64735	10	19
IS	204	66435	66403	8	24
IS	205	68605	68564	14	27
IS	206	71208	71169	12	27
IS	207	72836	72790	8	38
IS	208	76362	76324	12	26
IS	209	78571	78547	7	17
IS	210	81440	81399	12	29
IS	211	83893	83865	5	23
IS	212	86566	86531	15	20
IS	213	89308	89280	9	19
IS	214	91151	91114	13	24
IS	215	94810	94763	19	28
IS	216	97545	97502	10	33
IS	217	100272	100236	16	20
IS	218	104554	104513	9	32
IS	219	107696	107659	12	25
IS	220	110842	110802	6	34
IS	221	115025	114987	11	27
IS	222	117832	117793	12	27
IS	223	121271	121236	4	31
IS	224	124645	124606	9	30
IS	225	128329	128283	14	32
IS	226	132886	132851	11	24
IS	227	137983	137952	8	23
IS	228	141170	141136	12	22
IS	229	145092	145052	18	22
IS	230	150465	150412	13	40
IS	231	155380	155343	9	28
IS	232	159933	159894	15	24
IS	233	164079	164052	10	17
IS	234	169393	169362	9	22
IS	235	173452	173408	19	25
IS	236	178906	178877	9	20
IS	237	185596	185555	14	27
IS	238	192274	192221	12	41
IS	239	197401	197369	8	24
IS	240	202929	202886	9	34
IS	241	209301	209262	8	31
IS	242	214041	214005	7	29
IS	243	221029	220985	11	33
IS	244	226109	226070	15	24
IS	245	231478	231445	6	27
IS	246	238091	238054	9	28
IS	247	245781	245728	14	39
IS	248	253792	253756	11	25
IS	249	260100	260054	14	32
IS	250	268183	268145	8	30
IS	251	275482	275446	10	26
IS	252	283307	283259	12	36
IS	253	290923	290887	10	26
IS	254	298092	298047	19	26
IS	255	304519	304494	6	19
IS	256	312230	312180	11	39
IS	257	321135	321098	3	34
IS	258	330702	330662	8	32
IS	259	339641	339617	3	21
IS	260	349600	349563	12	25
IS	261	359248	359195	12	41
IS	262	369767	369715	15	37
IS	263	378286	378253	9	24
IS	264	386888	386851	14	23
IS	265	395370	395327	15	28
IS	266	403768	403718	13	37
IS	267	413383	413343	11	29
IS	268	422989	422960	14	15
IS	269	435265	435216	17	32
IS	270	447540	447507	8	25
IS	271	458420	458375	12	33
IS	272	469159	469119	12	28
IS	273	480209	480174	12	23
IS	274	490710	490672	13	25
IS	275	501258	501218	14	26
IS	276	513660	513623	7	30
IS	277	522105	522063	6	36
IS	278	534696	534666	5	25
IS	279	546666	546636	9	21
IS	280	560980	560941	19	20
IS	281	574246	574202	17	27
IS	282	587257	587228	9	20
IS	283	599332	599302	11	19
IS	284	611695	611662	5	28
IS	285	623363	623330	4	29
IS	286	633693	633663	7	23
IS	287	645884	645839	15	30
IS	288	657462	657427	6	29
IS	289	671095	671062	6	27
IS	290	687543	687505	16	22
IS	291	701430	701388	11	31
IS	292	718499	718455	11	33
IS	293	730727	730686	11	30
IS	294	743171	743140	9	22
IS	295	758353	758340	5	8
IS	296	769752	769726	10	16
IS	297	783186	783141	15	30
IS	298	795510	795481	13	16
IS	299	809355	809316	8	31
IS	300	823401	823368	13	20
IS	301	837719	837674	7	38
IS	302	853967	853943	8	16
IS	303	870041	870006	11	24
IS	304	885153	885132	12	9
IS	305	898154	898121	10	23
IS	306	907453	907410	4	39
IS	307	917663	917631	13	19
IS	308	929833	929806	9	18
IS	309	941795	941758	12	25
IS	310	956897	956872	8	17
IS	311	971260	971226	11	23
IS	312	985421	985403	6	12
IS	313	1001516	1001486	10	20
IS	314	1016168	1016140	17	11
IS	315	1027579	1027554	8	17
IS	316	1037000	1036977	6	17
IS	317	1047153	1047119	12	22
IS	318	1058668	1058629	6	33
IS	319	1068935	1068903	11	21
IS	320	1080559	1080530	10	19
IS	321	1094454	1094426	9	19
IS	322	1107559	1107520	11	28
IS	323	1119787	1119751	9	27
IS	324	1132559	1132526	11	22
IS	325	1143863	1143826	8	29
IS	326	1151238	1151204	11	23
IS	327	1162872	1162843	9	20
IS	328	1168707	1168684	6	17
IS	329	1175476	1175446	8	22
IS	330	1184691	1184665	8	18
IS	331	1192672	1192627	17	28
IS	332	1207215	1207185	8	22
IS	333	1216524	1216487	13	24
IS	334	1227651	1227621	13	17
IS	335	1236013	1235977	17	19
IS	336	1242109	1242079	9	21
IS	337	1249788	1249758	12	18
IS	338	1254865	1254832	9	24
IS	339	1260976	1260950	8	18
IS	340	1265560	1265534	7	19
IS	341	1273636	1273613	7	16
IS	342	1280365	1280350	6	9
IS	343	1287274	1287237	11	26
IS	344	1295932	1295899	12	21
IS	345	1301676	1301649	7	20
IS	346	1309558	1309540	6	12
IS	347	1313686	1313638	15	33
IS	348	1317689	1317665	8	16
IS	349	1317421	1317388	14	19
IS	350	1323736	1323710	14	12
IS	351	1323322	1323305	4	13
IS	352	1328917	1328884	11	22
IS	353	1333231	1333204	9	18
IS	354	1337098	1337064	14	20
IS	355	1343551	1343499	1	51
IS	356	1344482	1344390	14	78
IS	357	1348139	1348084	16	39
IS	358	1349408	1349370	11	27
IS	359	1349183	1349156	7	20
IS	360	1347584	1347551	9	24
IS	361	1349043	1348995	18	30
IS	362	1347969	1347923	9	37
IS	363	1350090	1350061	10	19
IS	364	1354214	1354182	11	21
IS	365	1356569	1356531	14	24
IS	366	1361278	1361243	14	21
IS	367	1361688	1361663	8	17
IS	368	1356960	1356918	16	26
IS	369	1355838	1355802	11	25
IS	370	1353048	1353021	15	12
IS	371	1351716	1351686	9	21
IS	372	1348436	1348411	9	16
IS	373	1345688	1345653	9	26
IS	374	1350043	1350014	11	18
IS	375	1348378	1348346	9	23
IS	376	1348414	1348387	12	15
IS	377	1349107	1349072	14	21
IS	378	1344707	1344684	11	12
IS	379	1339856	1339824	14	18
IS	380	1336535	1336476	10	49
IS	381	1331783	1331732	10	41
IS	382	1326863	1326805	5	53
IS	383	1324284	1324231	24	29
IS	384	1321376	1321346	4	26
IS	385	1319088	1319054	6	28
IS	386	1318041	1317989	8	44
IS	387	1318499	1318454	12	33
IS	388	1314810	1314682	16	112
IS	389	1309785	1309706	15	64
IS	390	1301313	1300994	19	300
IS	391	1295091	1294929	8	154
IS	392	1289579	1289508	10	61
IS	393	1282679	1282639	15	25
IS	394	1282024	1281995	9	20
IS	395	1278548	1278517	13	18
IS	396	1274843	1274798	11	34
IS	397	1273012	1272971	15	26
IS	398	1268001	1267913	9	79
IS	399	1261307	1261184	4	119
IS	400	1254654	1254550	13	91
IS	401	1245464	1245353	16	95
IS	402	1239671	1239491	8	172
IS	403	1231677	1231601	14	62
IS	404	1227103	1226990	11	102
IS	405	1222915	1222839	13	63
IS	406	1217791	1217740	14	37
IS	407	1213843	1213798	10	35
IS	408	1207866	1207803	9	54
IS	409	1202970	1202914	12	44
IS	410	1194780	1194722	7	51
IS	411	1185584	1185530	13	41
IS	412	1178023	1177959	24	40
IS	413	1171330	1171283	15	32
IS	414	1165581	1165525	12	44
IS	415	1158360	1158294	11	55
IS	416	1150301	1150239	18	44
IS	417	1148754	1148685	11	58
IS	418	1143415	1143310	14	91
IS	419	1134840	1134739	20	81
IS	420	1130635	1130535	16	84
IS	421	1120146	1120066	11	69
IS	422	1112328	1112272	20	36
IS	423	1103365	1103322	12	31
IS	424	1095176	1095127	20	29
IS	425	1087881	1087836	10	35
IS	426	1082491	1082437	21	33
IS	427	1077284	1077243	14	27
IS	428	1069510	1069468	11	31
IS	429	1062864	1062830	17	17
IS	430	1053929	1053894	14	21
IS	431	1046204	1046172	4	28
IS	432	1037138	1037104	12	22
IS	433	1028159	1028128	15	16
IS	434	1021425	1021389	15	21
IS	435	1011715	1011676	19	20
IS	436	1003590	1003570	11	9
IS	437	1000485	1000449	18	18
IS	438	992631	992606	17	8
IS	439	985675	985645	13	17
IS	440	977582	977558	10	14
IS	441	969243	969217	15	11
IS	442	960051	960022	15	14
IS	443	950404	950374	16	14
IS	444	941475	941419	16	40
IS	445	932403	932367	10	26
IS	446	925658	925603	19	36
IS	447	918059	918024	15	20
IS	448	910049	910017	16	16
IS	449	903659	903627	16	16
IS	450	897111	897090	8	13
IS	451	889961	889931	16	14
IS	452	880102	880058	16	28
IS	453	872997	872959	14	24
IS	454	864853	864769	15	69
IS	455	854451	854404	13	34
IS	456	845302	845268	19	15
IS	457	838937	838911	13	13
IS	458	831523	831500	14	9
IS	459	825088	825058	21	9
IS	460	816933	816908	16	9
IS	461	808712	808692	13	7
IS	462	800539	800512	16	11
IS	463	791588	791567	14	7
IS	464	782632	782598	19	15
IS	465	773855	773831	15	9
IS	466	766769	766736	16	17
IS	467	760139	760112	18	9
IS	468	753534	753514	10	10
IS	469	743915	743896	11	8
IS	470	736442	736417	11	14
IS	471	729349	729317	20	12
IS	472	722422	722402	12	8
IS	473	713175	713152	11	12
IS	474	702957	702939	11	7
IS	475	696631	696609	5	17
IS	476	689972	689946	11	15
IS	477	682779	682742	12	25
IS	478	673188	673151	10	27
IS	479	667466	667429	13	24
IS	480	660134	660098	8	28
IS	481	651887	651854	9	24
IS	482	645795	645761	8	26
IS	483	635539	635502	11	26
IS	484	628335	628292	9	34
IS	485	620949	620874	13	62
IS	486	610121	610048	17	56
IS	487	601515	601443	12	60
IS	488	595403	595357	10	36
IS	489	587114	587079	13	22
IS	490	580566	580517	17	32
IS	491	572288	572248	16	24
IS	492	565808	565780	11	17
IS	493	559766	559733	10	23
IS	494	547938	547909	18	11
IS	495	540991	540962	17	12
IS	496	533406	533386	11	9
IS	497	524339	524312	13	14
IS	498	516729	516695	22	12
IS	499	510413	510387	12	14
IS	500	502687	502664	13	10
IS	501	497401	497385	11	5
IS	502	491693	491680	6	7
IS	503	483871	483854	7	10
IS	504	477826	477796	15	15
IS	505	471474	471454	10	10
IS	506	465532	465522	7	3
IS	507	456790	456756	19	15
IS	508	453566	453549	7	10
IS	509	445388	445365	18	5
IS	510	439401	439383	11	7
IS	511	432703	432682	14	7
IS	512	427706	427679	16	11
IS	513	422640	422618	14	8
IS	514	416282	416253	16	13
IS	515	411133	411117	13	3
IS	516	404195	404164	18	13
IS	517	398828	398807	8	13
IS	518	391605	391581	16	8
IS	519	386357	386348	6	3
IS	520	381331	381316	11	4
IS	521	377495	377474	6	15
IS	522	371582	371561	10	11
IS	523	365038	365021	10	7
IS	524	361623	361598	17	8
IS	525	355499	355472	11	16
IS	526	349663	349643	11	9
IS	527	344048	344032	11	5
IS	528	338983	338963	14	6
IS	529	334317	334293	13	11
IS	530	330222	330201	14	7
IS	531	325176	325158	12	6
IS	532	318979	318947	19	13
IS	533	316568	316549	10	9
IS	534	311483	311470	8	5
IS	535	305462	305442	13	7
IS	536	301298	301277	11	10
IS	537	297661	297645	10	6
IS	538	292199	292178	10	11
IS	539	286399	286382	10	7
IS	540	282324	282303	10	11
IS	541	277886	277864	15	7
IS	542	275171	275157	9	5
IS	543	270402	270379	11	12
IS	544	266254	266242	7	5
IS	545	261568	261546	16	6
IS	546	257625	257610	9	6
IS	547	252599	252575	14	10
IS	548	247965	247954	7	4
IS	549	244596	244578	8	10
IS	550	240330	240314	7	9
IS	551	236329	236308	12	9
IS	552	233121	233107	12	2
IS	553	229100	229079	14	7
IS	554	225711	225694	10	7
IS	555	221202	221185	9	8
IS	556	216502	216489	8	5
IS	557	214442	214429	7	6
IS	558	210218	210201	11	6
IS	559	206302	206291	6	5
IS	560	202449	202424	14	11
IS	561	199609	199590	13	6
IS	562	195267	195253	9	5
IS	563	192855	192836	9	10
IS	564	189591	189582	8	1
IS	565	187219	187201	14	4
IS	566	184108	184088	8	12
IS	567	180708	180692	12	4
IS	568	177967	177948	10	9
IS	569	173985	173974	8	3
IS	570	171271	171255	12	4
IS	571	169186	169175	6	5
IS	572	165950	165924	19	7
IS	573	163219	163201	15	3
IS	574	161515	161501	5	9
IS	575	159129	159117	7	5
IS	576	156284	156269	6	9
IS	577	153964	153952	8	4
IS	578	151286	151268	8	10
IS	579	148481	148465	8	8
IS	580	145767	145755	5	7
IS	581	142424	142409	7	8
IS	582	141164	141143	14	7
IS	583	138705	138688	10	7
IS	584	136912	136903	3	6
IS	585	134463	134446	11	6
IS	586	132506	132495	6	5
IS	587	129382	129360	11	11
IS	588	128058	128042	9	7
IS	589	124949	124932	12	5
IS	590	123468	123448	10	10
IS	591	121003	120990	9	4
IS	592	118854	118836	10	8
IS	593	118278	118265	10	3
IS	594	115161	115144	9	8
IS	595	113828	113807	13	8
IS	596	111567	111553	9	5
IS	597	110442	110428	8	6
IS	598	107911	107900	7	4
IS	599	105975	105963	7	5
IS	600	104818	104800	13	5
IS	601	102735	102719	12	4
IS	602	101111	101094	5	12
IS	603	98841	98821	14	6
IS	604	96828	96813	8	7
IS	605	96136	96122	12	2
IS	606	94460	94445	9	6
IS	607	93146	93127	10	9
IS	608	91084	91069	5	10
IS	609	89924	89906	9	9
IS	610	88043	88028	12	3
IS	611	86943	86932	7	4
IS	612	85121	85106	8	7
IS	613	83957	83945	5	7
IS	614	82431	82416	9	6
IS	615	81218	81211	6	1
IS	616	79791	79780	8	3
IS	617	79084	79067	10	7
IS	618	76955	76940	7	8
IS	619	76685	76672	7	6
IS	620	74626	74615	5	6
IS	621	73922	73905	10	7
IS	622	72620	72603	8	9
IS	623	71249	71236	2	11
IS	624	70176	70164	7	5
IS	625	69050	69038	5	7
IS	626	68299	68294	3	2
IS	627	67023	67019	2	2
IS	628	65837	65827	5	5
IS	629	64991	64983	5	3
IS	630	63993	63987	3	3
IS	631	62816	62804	4	8
IS	632	62160	62148	7	5
IS	633	61311	61283	11	17
IS	634	59963	59949	7	7
IS	635	59154	59137	7	10
IS	636	57776	57767	4	5
IS	637	57409	57395	8	6
IS	638	56203	56192	4	7
IS	639	55631	55617	5	9
IS	640	55093	55078	5	10
IS	641	53635	53620	6	9
IS	642	53146	53129	5	12
IS	643	52385	52372	4	9
IS	644	50704	50689	6	9
IS	645	50367	50353	8	6
IS	646	49647	49626	9	12
IS	647	49025	49014	5	6
IS	648	48565	48557	5	3
IS	649	47768	47756	1	11
IS	650	46710	46702	5	3
IS	651	45990	45978	5	7
IS	652	45694	45689	1	4
IS	653	44553	44547	4	2
IS	654	43920	43913	4	3
IS	655	43142	43132	7	3
IS	656	42709	42702	3	4
IS	657	42304	42295	3	6
IS	658	41706	41697	2	7
IS	659	41143	41138	5	0
IS	660	40825	40818	2	5
IS	661	40075	40058	8	9
IS	662	39537	39531	2	4
IS	663	38993	38987	4	2
IS	664	38045	38037	6	2
IS	665	37705	37692	5	8
IS	666	36662	36656	1	5
IS	667	36658	36648	5	5
IS	668	35805	35794	5	6
IS	669	35853	35844	6	3
IS	670	34916	34903	8	5
IS	671	34754	34736	7	11
IS	672	34128	34119	7	2
IS	673	33835	33827	6	2
IS	674	33319	33305	6	8
IS	675	33055	33042	6	7
IS	676	32108	32093	4	11
IS	677	32126	32106	5	15
IS	678	31428	31416	3	9
IS	679	31024	31018	4	2
IS	680	30614	30600	6	8
IS	681	30176	30159	12	5
IS	682	29709	29699	3	7
IS	683	29565	29557	5	3
IS	684	29002	28991	5	6
IS	685	28462	28448	9	5
IS	686	28080	28062	9	9
IS	687	27741	27730	6	5
IS	688	27334	27322	2	10
IS	689	27438	27427	4	7
IS	690	26574	26561	4	9
IS	691	26451	26442	4	5
IS	692	25962	25956	2	4
IS	693	25596	25581	6	9
IS	694	25513	25508	2	3
IS	695	24783	24768	4	11
# Read lengths. Use `grep ^RL | cut -f 2-` to extract this part. The columns are: read length, count
RL	141	122083175
RL	150	451616308
# Read lengths - first fragments. Use `grep ^FRL | cut -f 2-` to extract this part. The columns are: read length, count
FRL	150	286848073
# Read lengths - last fragments. Use `grep ^LRL | cut -f 2-` to extract this part. The columns are: read length, count
LRL	141	122083175
LRL	150	164768235
# Mapping qualities for reads !(UNMAP|SECOND|SUPPL|QCFAIL|DUP). Use `grep ^MAPQ | cut -f 2-` to extract this part. The columns are: mapq, count
MAPQ	0	66845895
MAPQ	1	502178
MAPQ	2	381041
MAPQ	3	476200
MAPQ	4	394057
MAPQ	5	379071
MAPQ	6	456451
MAPQ	7	506234
MAPQ	8	575396
MAPQ	9	572631
MAPQ	10	490471
MAPQ	11	494887
MAPQ	12	904663
MAPQ	13	929075
MAPQ	14	753490
MAPQ	15	602587
MAPQ	16	411920
MAPQ	17	442741
MAPQ	18	335180
MAPQ	19	409192
MAPQ	20	391290
MAPQ	21	363132
MAPQ	22	445288
MAPQ	23	271050
MAPQ	24	458767
MAPQ	25	578993
MAPQ	26	116780
MAPQ	27	1122140
MAPQ	28	123078
MAPQ	29	112626
MAPQ	30	297059
MAPQ	31	182884
MAPQ	32	195038
MAPQ	33	234173
MAPQ	34	138118
MAPQ	35	135576
MAPQ	36	173510
MAPQ	37	214524
MAPQ	38	122607
MAPQ	39	429037
MAPQ	40	8738231
MAPQ	41	454384
MAPQ	42	308827
MAPQ	43	647661
MAPQ	44	491870
MAPQ	45	794493
MAPQ	46	922904
MAPQ	47	436248
MAPQ	48	2118758
MAPQ	49	187391
MAPQ	50	372285
MAPQ	51	201038
MAPQ	52	452220
MAPQ	53	126683
MAPQ	54	201644
MAPQ	55	177196
MAPQ	56	168779
MAPQ	57	705124
MAPQ	58	249000
MAPQ	59	448007
MAPQ	60	471238764
# Indel distribution. Use `grep ^ID | cut -f 2-` to extract this part. The columns are: length, number of insertions, number of deletions
ID	1	6804015	6928557
ID	2	1983322	1937585
ID	3	846274	826690
ID	4	722470	682827
ID	5	311681	293254
ID	6	277340	273136
ID	7	125910	124298
ID	8	136288	137382
ID	9	83122	88340
ID	10	84376	92407
ID	11	42169	71425
ID	12	62333	68155
ID	13	31403	33007
ID	14	33644	36623
ID	15	19657	23772
ID	16	27268	30015
ID	17	13806	14458
ID	18	16855	19540
ID	19	9801	12885
ID	20	10194	14865
ID	21	7145	9782
ID	22	9041	26969
ID	23	8371	45643
ID	24	5833	9158
ID	25	3952	5434
ID	26	3653	5595
ID	27	2685	3742
ID	28	2691	4629
ID	29	1996	2820
ID	30	1809	3507
ID	31	1132	2357
ID	32	1178	2159
ID	33	837	1580
ID	34	1234	1744
ID	35	599	1328
ID	36	546	1258
ID	37	318	974
ID	38	304	950
ID	39	276	644
ID	40	233	964
ID	41	114	632
ID	42	82	521
ID	43	43	597
ID	44	57	628
ID	45	14	1759
ID	46	11	2004
ID	47	4	279
ID	48	0	308
ID	49	0	215
ID	50	0	169
ID	51	0	209
ID	52	0	179
ID	53	0	120
ID	54	0	110
ID	55	0	136
ID	56	0	84
ID	57	0	63
ID	58	0	54
ID	59	0	33
ID	60	0	49
ID	61	0	27
ID	62	0	30
ID	63	0	21
ID	64	0	10
ID	65	0	4
ID	66	0	9
ID	67	0	2
ID	68	0	4
ID	69	0	3
ID	70	0	1
# Indels per cycle. Use `grep ^IC | cut -f 2-` to extract this part. The columns are: cycle, number of insertions (fwd), .. (rev) , number of deletions (fwd), .. (rev)
IC	1	1	4	2	5
IC	2	0	3	4	5
IC	3	1	2	14836	15709
IC	4	15634	15971	19281	20177
IC	5	20075	20700	21534	21836
IC	6	22431	22661	23018	23458
IC	7	24341	25161	25927	26135
IC	8	25593	25988	29595	30054
IC	9	28402	29409	31096	31643
IC	10	30253	30992	32807	33140
IC	11	32217	32880	34167	34722
IC	12	33625	34146	34687	35682
IC	13	34057	35062	36649	36867
IC	14	35633	36467	37221	37941
IC	15	37790	37550	38534	39459
IC	16	40671	39779	39291	39702
IC	17	42951	41450	40290	40846
IC	18	41812	41297	41448	41677
IC	19	41616	42155	42298	42934
IC	20	42316	42972	43078	43078
IC	21	42963	44179	43364	43564
IC	22	43028	44708	43498	44797
IC	23	43653	45678	44110	44570
IC	24	44028	45557	44720	45126
IC	25	44052	46456	44961	45480
IC	26	44218	46184	45213	45153
IC	27	44194	46082	45009	45348
IC	28	45143	47001	45430	45954
IC	29	45239	48038	45109	45363
IC	30	44705	47868	45168	45140
IC	31	44824	48053	44327	45189
IC	32	44944	47449	45227	45268
IC	33	45157	47751	45410	45732
IC	34	44864	47696	45321	45738
IC	35	44611	47459	45585	45185
IC	36	44768	47745	45956	46297
IC	37	44690	48276	45443	45810
IC	38	44928	47436	45879	45998
IC	39	45203	47913	45745	46419
IC	40	45005	47859	45763	45733
IC	41	45216	48074	45810	45721
IC	42	45374	48333	46099	45831
IC	43	45348	47902	45837	45760
IC	44	45261	48889	45753	46478
IC	45	44977	49127	46219	46267
IC	46	45264	49081	45942	46374
IC	47	45340	49468	46130	46295
IC	48	44697	49417	45859	45745
IC	49	44969	48796	45936	45647
IC	50	44759	48472	46573	46194
IC	51	45202	48727	46149	46212
IC	52	45401	49054	45683	45929
IC	53	44901	48670	46295	45826
IC	54	44888	48615	45949	45736
IC	55	45319	48582	46219	45837
IC	56	44758	48661	46163	46296
IC	57	44815	48497	45828	45477
IC	58	44923	48679	45966	46339
IC	59	44974	48419	45968	45964
IC	60	44725	48994	46487	45897
IC	61	45119	48734	46442	45175
IC	62	45053	48951	46339	45845
IC	63	44873	48511	46096	46009
IC	64	44807	48345	46003	45739
IC	65	44809	48375	46038	45910
IC	66	44794	48910	46227	45749
IC	67	44436	49303	45701	45378
IC	68	44255	49360	45749	45226
IC	69	44302	49323	45864	45855
IC	70	44460	49891	45843	45748
IC	71	44116	49475	45573	45364
IC	72	44108	49291	45476	45379
IC	73	44352	48916	45752	45467
IC	74	44283	48493	45897	45448
IC	75	44538	47750	45641	45567
IC	76	44430	48198	45816	45448
IC	77	44389	48503	45686	45318
IC	78	44501	47976	45834	45670
IC	79	44258	48125	45767	45244
IC	80	44533	47801	45995	45712
IC	81	44279	48117	46096	45160
IC	82	44454	48023	45622	45553
IC	83	43609	47844	46362	45058
IC	84	44077	48061	45650	45117
IC	85	43904	48159	45871	45035
IC	86	43843	48105	45514	44959
IC	87	43579	47254	45582	44924
IC	88	43663	47922	45457	45157
IC	89	44056	47581	45484	44879
IC	90	43698	47226	45390	44755
IC	91	43497	47469	45030	44827
IC	92	43686	47318	45281	45004
IC	93	43230	46728	45192	44622
IC	94	43493	47002	45033	44611
IC	95	43051	45937	45045	44959
IC	96	43356	46862	44946	44451
IC	97	42977	46894	44853	44566
IC	98	42766	46388	44891	44486
IC	99	42987	46524	44737	44240
IC	100	42970	46444	44816	44207
IC	101	42942	46307	44942	44025
IC	102	42740	45575	45054	43877
IC	103	42146	45455	44726	44132
IC	104	42717	44890	44707	43682
IC	105	41723	44919	44797	43638
IC	106	42499	44816	44433	43665
IC	107	42172	44833	44249	43679
IC	108	41921	44746	44279	43026
IC	109	42239	44054	44249	43073
IC	110	41375	43778	44386	42845
IC	111	41652	43294	43400	42602
IC	112	41949	43142	43684	42250
IC	113	41562	42588	43751	41956
IC	114	40918	42420	43761	42358
IC	115	40973	41731	43575	41970
IC	116	40599	41232	42962	41650
IC	117	40932	41255	43065	41242
IC	118	40006	40922	42854	41377
IC	119	40428	40409	42161	41069
IC	120	39865	39603	42257	40269
IC	121	39607	39573	42190	40142
IC	122	39370	39001	42275	39939
IC	123	39231	38155	41790	39293
IC	124	38327	37408	41625	38724
IC	125	38095	36483	40934	38536
IC	126	37765	35605	40585	37838
IC	127	37440	35668	40504	36861
IC	128	37256	34624	39951	36288
IC	129	36653	33563	39808	35804
IC	130	36002	32234	38952	34895
IC	131	35348	32040	38608	33968
IC	132	34411	30561	38036	33276
IC	133	33264	29157	37173	32217
IC	134	32959	27612	35807	30686
IC	135	31725	26203	35056	29844
IC	136	30892	25382	34104	28712
IC	137	30139	23915	33402	27360
IC	138	28175	22774	31525	23837
IC	139	27205	15458	31038	17671
IC	140	25527	14558	29729	17057
IC	141	24355	14202	28822	16140
IC	142	22846	12615	27129	15175
IC	143	20004	11648	24425	13692
IC	144	18283	10210	23327	13321
IC	145	17702	10053	21945	12644
IC	146	14389	8541	19512	11576
IC	147	14861	8762	14004	8251
IC	149	0	2	1	0
# Coverage distribution. Use `grep ^COV | cut -f 2-` to extract this part.
COV	[1-1]	1	6526092
COV	[2-2]	2	5035705
COV	[3-3]	3	4779753
COV	[4-4]	4	5190439
COV	[5-5]	5	6108926
COV	[6-6]	6	7457811
COV	[7-7]	7	9187738
COV	[8-8]	8	11226479
COV	[9-9]	9	13488068
COV	[10-10]	10	15823583
COV	[11-11]	11	18259325
COV	[12-12]	12	20896720
COV	[13-13]	13	23884495
COV	[14-14]	14	27607241
COV	[15-15]	15	32438416
COV	[16-16]	16	38804656
COV	[17-17]	17	46965631
COV	[18-18]	18	56939759
COV	[19-19]	19	68633462
COV	[20-20]	20	81561913
COV	[21-21]	21	95049299
COV	[22-22]	22	108364730
COV	[23-23]	23	120798122
COV	[24-24]	24	131470033
COV	[25-25]	25	139665789
COV	[26-26]	26	144949121
COV	[27-27]	27	147054969
COV	[28-28]	28	146028905
COV	[29-29]	29	141882235
COV	[30-30]	30	135212257
COV	[31-31]	31	126311824
COV	[32-32]	32	115866328
COV	[33-33]	33	104434799
COV	[34-34]	34	92526944
COV	[35-35]	35	80651715
COV	[36-36]	36	69284617
COV	[37-37]	37	58678740
COV	[38-38]	38	49003205
COV	[39-39]	39	40427950
COV	[40-40]	40	32946655
COV	[41-41]	41	26581237
COV	[42-42]	42	21214790
COV	[43-43]	43	16784969
COV	[44-44]	44	13144909
COV	[45-45]	45	10237705
COV	[46-46]	46	7930922
COV	[47-47]	47	6136718
COV	[48-48]	48	4721089
COV	[49-49]	49	3639267
COV	[50-50]	50	2820196
COV	[51-51]	51	2197810
COV	[52-52]	52	1730512
COV	[53-53]	53	1378181
COV	[54-54]	54	1114396
COV	[55-55]	55	918379
COV	[56-56]	56	767657
COV	[57-57]	57	654611
COV	[58-58]	58	570097
COV	[59-59]	59	504593
COV	[60-60]	60	452187
COV	[61-61]	61	412774
COV	[62-62]	62	375329
COV	[63-63]	63	349338
COV	[64-64]	64	323360
COV	[65-65]	65	304871
COV	[66-66]	66	287896
COV	[67-67]	67	271643
COV	[68-68]	68	256831
COV	[69-69]	69	243755
COV	[70-70]	70	232545
COV	[71-71]	71	221654
COV	[72-72]	72	211905
COV	[73-73]	73	202359
COV	[74-74]	74	194636
COV	[75-75]	75	185346
COV	[76-76]	76	178992
COV	[77-77]	77	171486
COV	[78-78]	78	164939
COV	[79-79]	79	159975
COV	[80-80]	80	153045
COV	[81-81]	81	147289
COV	[82-82]	82	142973
COV	[83-83]	83	138231
COV	[84-84]	84	134846
COV	[85-85]	85	129860
COV	[86-86]	86	126160
COV	[87-87]	87	120589
COV	[88-88]	88	117005
COV	[89-89]	89	113418
COV	[90-90]	90	110215
COV	[91-91]	91	106748
COV	[92-92]	92	103101
COV	[93-93]	93	99983
COV	[94-94]	94	95594
COV	[95-95]	95	92940
COV	[96-96]	96	90134
COV	[97-97]	97	87122
COV	[98-98]	98	84637
COV	[99-99]	99	82160
COV	[100-100]	100	80854
COV	[101-101]	101	78217
COV	[102-102]	102	75975
COV	[103-103]	103	74601
COV	[104-104]	104	72073
COV	[105-105]	105	71194
COV	[106-106]	106	69414
COV	[107-107]	107	68059
COV	[108-108]	108	66468
COV	[109-109]	109	64682
COV	[110-110]	110	63797
COV	[111-111]	111	61978
COV	[112-112]	112	60782
COV	[113-113]	113	58790
COV	[114-114]	114	57685
COV	[115-115]	115	56122
COV	[116-116]	116	55683
COV	[117-117]	117	54751
COV	[118-118]	118	53906
COV	[119-119]	119	52946
COV	[120-120]	120	51689
COV	[121-121]	121	51144
COV	[122-122]	122	49207
COV	[123-123]	123	48854
COV	[124-124]	124	47841
COV	[125-125]	125	48062
COV	[126-126]	126	46841
COV	[127-127]	127	46833
COV	[128-128]	128	45622
COV	[129-129]	129	44801
COV	[130-130]	130	44138
COV	[131-131]	131	43352
COV	[132-132]	132	42679
COV	[133-133]	133	41860
COV	[134-134]	134	41383
COV	[135-135]	135	40873
COV	[136-136]	136	40059
COV	[137-137]	137	39904
COV	[138-138]	138	38744
COV	[139-139]	139	38006
COV	[140-140]	140	36518
COV	[141-141]	141	36317
COV	[142-142]	142	35680
COV	[143-143]	143	35106
COV	[144-144]	144	34933
COV	[145-145]	145	34733
COV	[146-146]	146	34084
COV	[147-147]	147	33667
COV	[148-148]	148	32967
COV	[149-149]	149	32391
COV	[150-150]	150	31813
COV	[151-151]	151	31474
COV	[152-152]	152	30542
COV	[153-153]	153	30027
COV	[154-154]	154	30050
COV	[155-155]	155	29723
COV	[156-156]	156	29558
COV	[157-157]	157	28806
COV	[158-158]	158	28669
COV	[159-159]	159	27994
COV	[160-160]	160	27380
COV	[161-161]	161	26933
COV	[162-162]	162	26870
COV	[163-163]	163	26620
COV	[164-164]	164	26196
COV	[165-165]	165	26097
COV	[166-166]	166	25839
COV	[167-167]	167	25630
COV	[168-168]	168	25136
COV	[169-169]	169	24657
COV	[170-170]	170	24369
COV	[171-171]	171	24480
COV	[172-172]	172	24123
COV	[173-173]	173	24032
COV	[174-174]	174	24189
COV	[175-175]	175	23879
COV	[176-176]	176	23626
COV	[177-177]	177	23458
COV	[178-178]	178	23198
COV	[179-179]	179	23127
COV	[180-180]	180	22756
COV	[181-181]	181	22548
COV	[182-182]	182	22370
COV	[183-183]	183	22231
COV	[184-184]	184	22323
COV	[185-185]	185	22076
COV	[186-186]	186	22263
COV	[187-187]	187	22216
COV	[188-188]	188	22371
COV	[189-189]	189	22025
COV	[190-190]	190	22067
COV	[191-191]	191	21903
COV	[192-192]	192	21817
COV	[193-193]	193	21602
COV	[194-194]	194	21458
COV	[195-195]	195	21412
COV	[196-196]	196	21099
COV	[197-197]	197	21317
COV	[198-198]	198	21323
COV	[199-199]	199	21514
COV	[200-200]	200	21045
COV	[201-201]	201	20948
COV	[202-202]	202	21169
COV	[203-203]	203	21099
COV	[204-204]	204	20624
COV	[205-205]	205	20802
COV	[206-206]	206	20310
COV	[207-207]	207	20101
COV	[208-208]	208	19922
COV	[209-209]	209	19546
COV	[210-210]	210	19000
COV	[211-211]	211	19235
COV	[212-212]	212	18823
COV	[213-213]	213	18743
COV	[214-214]	214	18690
COV	[215-215]	215	18226
COV	[216-216]	216	18377
COV	[217-217]	217	17941
COV	[218-218]	218	17819
COV	[219-219]	219	17435
COV	[220-220]	220	17120
COV	[221-221]	221	17131
COV	[222-222]	222	16940
COV	[223-223]	223	16863
COV	[224-224]	224	16358
COV	[225-225]	225	16266
COV	[226-226]	226	15700
COV	[227-227]	227	15819
COV	[228-228]	228	15223
COV	[229-229]	229	15256
COV	[230-230]	230	14845
COV	[231-231]	231	14877
COV	[232-232]	232	14789
COV	[233-233]	233	14651
COV	[234-234]	234	14463
COV	[235-235]	235	14319
COV	[236-236]	236	14074
COV	[237-237]	237	13801
COV	[238-238]	238	13539
COV	[239-239]	239	13365
COV	[240-240]	240	13464
COV	[241-241]	241	13107
COV	[242-242]	242	13013
COV	[243-243]	243	12714
COV	[244-244]	244	12586
COV	[245-245]	245	12241
COV	[246-246]	246	12039
COV	[247-247]	247	11985
COV	[248-248]	248	11847
COV	[249-249]	249	11619
COV	[250-250]	250	11833
COV	[251-251]	251	11477
COV	[252-252]	252	11325
COV	[253-253]	253	11254
COV	[254-254]	254	10961
COV	[255-255]	255	11037
COV	[256-256]	256	11031
COV	[257-257]	257	10826
COV	[258-258]	258	10779
COV	[259-259]	259	10446
COV	[260-260]	260	10425
COV	[261-261]	261	10518
COV	[262-262]	262	10096
COV	[263-263]	263	10021
COV	[264-264]	264	10105
COV	[265-265]	265	10068
COV	[266-266]	266	9952
COV	[267-267]	267	10017
COV	[268-268]	268	9892
COV	[269-269]	269	9941
COV	[270-270]	270	9748
COV	[271-271]	271	9537
COV	[272-272]	272	9527
COV	[273-273]	273	9260
COV	[274-274]	274	9194
COV	[275-275]	275	8857
COV	[276-276]	276	8931
COV	[277-277]	277	8933
COV	[278-278]	278	8793
COV	[279-279]	279	8603
COV	[280-280]	280	8902
COV	[281-281]	281	8674
COV	[282-282]	282	8566
COV	[283-283]	283	8709
COV	[284-284]	284	8261
COV	[285-285]	285	8338
COV	[286-286]	286	8324
COV	[287-287]	287	8238
COV	[288-288]	288	8404
COV	[289-289]	289	8299
COV	[290-290]	290	8004
COV	[291-291]	291	8257
COV	[292-292]	292	7935
COV	[293-293]	293	8094
COV	[294-294]	294	8180
COV	[295-295]	295	7993
COV	[296-296]	296	8054
COV	[297-297]	297	8123
COV	[298-298]	298	7892
COV	[299-299]	299	8032
COV	[300-300]	300	8048
COV	[301-301]	301	7931
COV	[302-302]	302	7978
COV	[303-303]	303	7805
COV	[304-304]	304	7691
COV	[305-305]	305	7857
COV	[306-306]	306	7720
COV	[307-307]	307	7793
COV	[308-308]	308	7465
COV	[309-309]	309	7791
COV	[310-310]	310	7699
COV	[311-311]	311	7555
COV	[312-312]	312	7713
COV	[313-313]	313	7660
COV	[314-314]	314	7405
COV	[315-315]	315	7465
COV	[316-316]	316	7207
COV	[317-317]	317	7257
COV	[318-318]	318	7218
COV	[319-319]	319	7060
COV	[320-320]	320	7148
COV	[321-321]	321	7123
COV	[322-322]	322	7104
COV	[323-323]	323	6993
COV	[324-324]	324	7038
COV	[325-325]	325	6848
COV	[326-326]	326	6933
COV	[327-327]	327	6870
COV	[328-328]	328	7016
COV	[329-329]	329	6969
COV	[330-330]	330	6655
COV	[331-331]	331	6629
COV	[332-332]	332	6660
COV	[333-333]	333	6641
COV	[334-334]	334	6682
COV	[335-335]	335	6589
COV	[336-336]	336	6574
COV	[337-337]	337	6545
COV	[338-338]	338	6620
COV	[339-339]	339	6480
COV	[340-340]	340	6459
COV	[341-341]	341	6529
COV	[342-342]	342	6417
COV	[343-343]	343	6525
COV	[344-344]	344	6475
COV	[345-345]	345	6291
COV	[346-346]	346	6412
COV	[347-347]	347	6348
COV	[348-348]	348	6452
COV	[349-349]	349	6242
COV	[350-350]	350	6162
COV	[351-351]	351	6239
COV	[352-352]	352	6331
COV	[353-353]	353	6370
COV	[354-354]	354	6192
COV	[355-355]	355	6100
COV	[356-356]	356	6042
COV	[357-357]	357	6119
COV	[358-358]	358	6131
COV	[359-359]	359	6033
COV	[360-360]	360	5963
COV	[361-361]	361	6026
COV	[362-362]	362	5797
COV	[363-363]	363	5715
COV	[364-364]	364	5878
COV	[365-365]	365	5825
COV	[366-366]	366	5648
COV	[367-367]	367	5708
COV	[368-368]	368	5574
COV	[369-369]	369	5553
COV	[370-370]	370	5516
COV	[371-371]	371	5588
COV	[372-372]	372	5562
COV	[373-373]	373	5445
COV	[374-374]	374	5257
COV	[375-375]	375	5489
COV	[376-376]	376	5359
COV	[377-377]	377	5248
COV	[378-378]	378	5353
COV	[379-379]	379	5285
COV	[380-380]	380	5170
COV	[381-381]	381	5297
COV	[382-382]	382	5097
COV	[383-383]	383	5133
COV	[384-384]	384	5081
COV	[385-385]	385	4951
COV	[386-386]	386	5037
COV	[387-387]	387	5009
COV	[388-388]	388	4984
COV	[389-389]	389	5034
COV	[390-390]	390	5027
COV	[391-391]	391	5066
COV	[392-392]	392	5192
COV	[393-393]	393	4901
COV	[394-394]	394	5008
COV	[395-395]	395	5028
COV	[396-396]	396	4925
COV	[397-397]	397	4795
COV	[398-398]	398	4806
COV	[399-399]	399	4794
COV	[400-400]	400	4777
COV	[401-401]	401	4821
COV	[402-402]	402	4630
COV	[403-403]	403	4577
COV	[404-404]	404	4432
COV	[405-405]	405	4462
COV	[406-406]	406	4517
COV	[407-407]	407	4617
COV	[408-408]	408	4578
COV	[409-409]	409	4355
COV	[410-410]	410	4454
COV	[411-411]	411	4504
COV	[412-412]	412	4498
COV	[413-413]	413	4430
COV	[414-414]	414	4457
COV	[415-415]	415	4463
COV	[416-416]	416	4306
COV	[417-417]	417	4283
COV	[418-418]	418	4241
COV	[419-419]	419	4255
COV	[420-420]	420	4192
COV	[421-421]	421	4268
COV	[422-422]	422	4154
COV	[423-423]	423	4191
COV	[424-424]	424	4159
COV	[425-425]	425	4127
COV	[426-426]	426	4087
COV	[427-427]	427	4076
COV	[428-428]	428	4169
COV	[429-429]	429	4194
COV	[430-430]	430	4159
COV	[431-431]	431	4154
COV	[432-432]	432	4209
COV	[433-433]	433	4031
COV	[434-434]	434	4123
COV	[435-435]	435	4223
COV	[436-436]	436	4167
COV	[437-437]	437	4058
COV	[438-438]	438	4119
COV	[439-439]	439	4057
COV	[440-440]	440	4181
COV	[441-441]	441	4054
COV	[442-442]	442	3960
COV	[443-443]	443	4124
COV	[444-444]	444	4036
COV	[445-445]	445	3984
COV	[446-446]	446	4078
COV	[447-447]	447	3963
COV	[448-448]	448	4128
COV	[449-449]	449	3954
COV	[450-450]	450	4028
COV	[451-451]	451	3956
COV	[452-452]	452	4006
COV	[453-453]	453	3975
COV	[454-454]	454	3938
COV	[455-455]	455	3872
COV	[456-456]	456	4011
COV	[457-457]	457	3854
COV	[458-458]	458	3854
COV	[459-459]	459	3789
COV	[460-460]	460	3810
COV	[461-461]	461	3839
COV	[462-462]	462	4002
COV	[463-463]	463	3802
COV	[464-464]	464	3866
COV	[465-465]	465	3726
COV	[466-466]	466	3854
COV	[467-467]	467	3738
COV	[468-468]	468	3778
COV	[469-469]	469	3794
COV	[470-470]	470	3764
COV	[471-471]	471	3823
COV	[472-472]	472	3835
COV	[473-473]	473	3681
COV	[474-474]	474	3655
COV	[475-475]	475	3735
COV	[476-476]	476	3819
COV	[477-477]	477	3711
COV	[478-478]	478	3858
COV	[479-479]	479	3752
COV	[480-480]	480	3772
COV	[481-481]	481	3769
COV	[482-482]	482	3875
COV	[483-483]	483	3800
COV	[484-484]	484	3816
COV	[485-485]	485	3719
COV	[486-486]	486	3692
COV	[487-487]	487	3716
COV	[488-488]	488	3758
COV	[489-489]	489	3644
COV	[490-490]	490	3587
COV	[491-491]	491	3754
COV	[492-492]	492	3846
COV	[493-493]	493	3844
COV	[494-494]	494	3814
COV	[495-495]	495	3662
COV	[496-496]	496	3709
COV	[497-497]	497	3669
COV	[498-498]	498	3616
COV	[499-499]	499	3676
COV	[500-500]	500	3617
COV	[501-501]	501	3613
COV	[502-502]	502	3658
COV	[503-503]	503	3524
COV	[504-504]	504	3487
COV	[505-505]	505	3508
COV	[506-506]	506	3483
COV	[507-507]	507	3537
COV	[508-508]	508	3399
COV	[509-509]	509	3520
COV	[510-510]	510	3455
COV	[511-511]	511	3325
COV	[512-512]	512	3526
COV	[513-513]	513	3504
COV	[514-514]	514	3512
COV	[515-515]	515	3378
COV	[516-516]	516	3459
COV	[517-517]	517	3518
COV	[518-518]	518	3456
COV	[519-519]	519	3566
COV	[520-520]	520	3603
COV	[521-521]	521	3512
COV	[522-522]	522	3622
COV	[523-523]	523	3586
COV	[524-524]	524	3417
COV	[525-525]	525	3489
COV	[526-526]	526	3439
COV	[527-527]	527	3537
COV	[528-528]	528	3499
COV	[529-529]	529	3423
COV	[530-530]	530	3435
COV	[531-531]	531	3425
COV	[532-532]	532	3396
COV	[533-533]	533	3345
COV	[534-534]	534	3351
COV	[535-535]	535	3476
COV	[536-536]	536	3494
COV	[537-537]	537	3334
COV	[538-538]	538	3333
COV	[539-539]	539	3396
COV	[540-540]	540	3339
COV	[541-541]	541	3295
COV	[542-542]	542	3283
COV	[543-543]	543	3273
COV	[544-544]	544	3318
COV	[545-545]	545	3460
COV	[546-546]	546	3290
COV	[547-547]	547	3345
COV	[548-548]	548	3317
COV	[549-549]	549	3298
COV	[550-550]	550	3265
COV	[551-551]	551	3397
COV	[552-552]	552	3210
COV	[553-553]	553	3148
COV	[554-554]	554	3275
COV	[555-555]	555	3244
COV	[556-556]	556	3315
COV	[557-557]	557	3212
COV	[558-558]	558	3254
COV	[559-559]	559	3305
COV	[560-560]	560	3291
COV	[561-561]	561	3365
COV	[562-562]	562	3233
COV	[563-563]	563	3213
COV	[564-564]	564	3333
COV	[565-565]	565	3354
COV	[566-566]	566	3391
COV	[567-567]	567	3333
COV	[568-568]	568	3393
COV	[569-569]	569	3290
COV	[570-570]	570	3366
COV	[571-571]	571	3261
COV	[572-572]	572	3377
COV	[573-573]	573	3349
COV	[574-574]	574	3291
COV	[575-575]	575	3341
COV	[576-576]	576	3353
COV	[577-577]	577	3206
COV	[578-578]	578	3426
COV	[579-579]	579	3281
COV	[580-580]	580	3326
COV	[581-581]	581	3303
COV	[582-582]	582	3248
COV	[583-583]	583	3328
COV	[584-584]	584	3333
COV	[585-585]	585	3331
COV	[586-586]	586	3320
COV	[587-587]	587	3294
COV	[588-588]	588	3315
COV	[589-589]	589	3374
COV	[590-590]	590	3424
COV	[591-591]	591	3365
COV	[592-592]	592	3356
COV	[593-593]	593	3349
COV	[594-594]	594	3344
COV	[595-595]	595	3374
COV	[596-596]	596	3340
COV	[597-597]	597	3385
COV	[598-598]	598	3323
COV	[599-599]	599	3216
COV	[600-600]	600	3290
COV	[601-601]	601	3273
COV	[602-602]	602	3325
COV	[603-603]	603	3179
COV	[604-604]	604	3322
COV	[605-605]	605	3295
COV	[606-606]	606	3278
COV	[607-607]	607	3355
COV	[608-608]	608	3378
COV	[609-609]	609	3371
COV	[610-610]	610	3341
COV	[611-611]	611	3340
COV	[612-612]	612	3322
COV	[613-613]	613	3440
COV	[614-614]	614	3346
COV	[615-615]	615	3324
COV	[616-616]	616	3266
COV	[617-617]	617	3332
COV	[618-618]	618	3391
COV	[619-619]	619	3304
COV	[620-620]	620	3338
COV	[621-621]	621	3259
COV	[622-622]	622	3293
COV	[623-623]	623	3243
COV	[624-624]	624	3302
COV	[625-625]	625	3305
COV	[626-626]	626	3291
COV	[627-627]	627	3297
COV	[628-628]	628	3315
COV	[629-629]	629	3332
COV	[630-630]	630	3208
COV	[631-631]	631	3234
COV	[632-632]	632	3099
COV	[633-633]	633	3139
COV	[634-634]	634	3062
COV	[635-635]	635	3075
COV	[636-636]	636	3063
COV	[637-637]	637	3180
COV	[638-638]	638	3158
COV	[639-639]	639	3210
COV	[640-640]	640	3205
COV	[641-641]	641	3107
COV	[642-642]	642	3042
COV	[643-643]	643	2977
COV	[644-644]	644	3121
COV	[645-645]	645	3127
COV	[646-646]	646	3154
COV	[647-647]	647	3051
COV	[648-648]	648	2954
COV	[649-649]	649	3028
COV	[650-650]	650	3009
COV	[651-651]	651	2883
COV	[652-652]	652	2942
COV	[653-653]	653	2878
COV	[654-654]	654	2931
COV	[655-655]	655	2822
COV	[656-656]	656	2954
COV	[657-657]	657	2745
COV	[658-658]	658	2935
COV	[659-659]	659	2939
COV	[660-660]	660	3009
COV	[661-661]	661	2901
COV	[662-662]	662	2933
COV	[663-663]	663	2831
COV	[664-664]	664	2911
COV	[665-665]	665	2933
COV	[666-666]	666	2920
COV	[667-667]	667	2857
COV	[668-668]	668	2817
COV	[669-669]	669	2809
COV	[670-670]	670	2757
COV	[671-671]	671	2830
COV	[672-672]	672	2730
COV	[673-673]	673	2744
COV	[674-674]	674	2781
COV	[675-675]	675	2696
COV	[676-676]	676	2780
COV	[677-677]	677	2772
COV	[678-678]	678	2762
COV	[679-679]	679	2731
COV	[680-680]	680	2691
COV	[681-681]	681	2710
COV	[682-682]	682	2658
COV	[683-683]	683	2621
COV	[684-684]	684	2649
COV	[685-685]	685	2635
COV	[686-686]	686	2606
COV	[687-687]	687	2540
COV	[688-688]	688	2591
COV	[689-689]	689	2584
COV	[690-690]	690	2597
COV	[691-691]	691	2684
COV	[692-692]	692	2622
COV	[693-693]	693	2590
COV	[694-694]	694	2560
COV	[695-695]	695	2567
COV	[696-696]	696	2588
COV	[697-697]	697	2593
COV	[698-698]	698	2639
COV	[699-699]	699	2587
COV	[700-700]	700	2560
COV	[701-701]	701	2448
COV	[702-702]	702	2529
COV	[703-703]	703	2529
COV	[704-704]	704	2413
COV	[705-705]	705	2296
COV	[706-706]	706	2442
COV	[707-707]	707	2307
COV	[708-708]	708	2397
COV	[709-709]	709	2324
COV	[710-710]	710	2338
COV	[711-711]	711	2381
COV	[712-712]	712	2359
COV	[713-713]	713	2436
COV	[714-714]	714	2394
COV	[715-715]	715	2329
COV	[716-716]	716	2422
COV	[717-717]	717	2412
COV	[718-718]	718	2424
COV	[719-719]	719	2410
COV	[720-720]	720	2402
COV	[721-721]	721	2383
COV	[722-722]	722	2367
COV	[723-723]	723	2337
COV	[724-724]	724	2364
COV	[725-725]	725	2312
COV	[726-726]	726	2285
COV	[727-727]	727	2267
COV	[728-728]	728	2086
COV	[729-729]	729	2281
COV	[730-730]	730	2209
COV	[731-731]	731	2209
COV	[732-732]	732	2275
COV	[733-733]	733	2171
COV	[734-734]	734	2168
COV	[735-735]	735	2165
COV	[736-736]	736	2210
COV	[737-737]	737	2141
COV	[738-738]	738	2180
COV	[739-739]	739	2140
COV	[740-740]	740	2203
COV	[741-741]	741	2243
COV	[742-742]	742	2156
COV	[743-743]	743	2088
COV	[744-744]	744	2022
COV	[745-745]	745	2143
COV	[746-746]	746	2120
COV	[747-747]	747	2134
COV	[748-748]	748	2061
COV	[749-749]	749	2132
COV	[750-750]	750	2009
COV	[751-751]	751	2044
COV	[752-752]	752	1962
COV	[753-753]	753	2103
COV	[754-754]	754	1967
COV	[755-755]	755	1946
COV	[756-756]	756	1956
COV	[757-757]	757	1982
COV	[758-758]	758	1957
COV	[759-759]	759	1933
COV	[760-760]	760	1935
COV	[761-761]	761	1994
COV	[762-762]	762	1901
COV	[763-763]	763	1956
COV	[764-764]	764	1925
COV	[765-765]	765	1915
COV	[766-766]	766	1917
COV	[767-767]	767	1903
COV	[768-768]	768	1880
COV	[769-769]	769	1971
COV	[770-770]	770	1888
COV	[771-771]	771	1899
COV	[772-772]	772	1814
COV	[773-773]	773	1835
COV	[774-774]	774	1868
COV	[775-775]	775	1836
COV	[776-776]	776	1771
COV	[777-777]	777	1714
COV	[778-778]	778	1791
COV	[779-779]	779	1772
COV	[780-780]	780	1732
COV	[781-781]	781	1731
COV	[782-782]	782	1797
COV	[783-783]	783	1782
COV	[784-784]	784	1718
COV	[785-785]	785	1719
COV	[786-786]	786	1739
COV	[787-787]	787	1698
COV	[788-788]	788	1722
COV	[789-789]	789	1674
COV	[790-790]	790	1799
COV	[791-791]	791	1707
COV	[792-792]	792	1763
COV	[793-793]	793	1781
COV	[794-794]	794	1793
COV	[795-795]	795	1735
COV	[796-796]	796	1764
COV	[797-797]	797	1774
COV	[798-798]	798	1803
COV	[799-799]	799	1698
COV	[800-800]	800	1739
COV	[801-801]	801	1665
COV	[802-802]	802	1626
COV	[803-803]	803	1636
COV	[804-804]	804	1708
COV	[805-805]	805	1669
COV	[806-806]	806	1639
COV	[807-807]	807	1587
COV	[808-808]	808	1596
COV	[809-809]	809	1621
COV	[810-810]	810	1556
COV	[811-811]	811	1618
COV	[812-812]	812	1564
COV	[813-813]	813	1566
COV	[814-814]	814	1588
COV	[815-815]	815	1613
COV	[816-816]	816	1580
COV	[817-817]	817	1588
COV	[818-818]	818	1636
COV	[819-819]	819	1605
COV	[820-820]	820	1657
COV	[821-821]	821	1586
COV	[822-822]	822	1634
COV	[823-823]	823	1584
COV	[824-824]	824	1678
COV	[825-825]	825	1548
COV	[826-826]	826	1570
COV	[827-827]	827	1617
COV	[828-828]	828	1545
COV	[829-829]	829	1585
COV	[830-830]	830	1571
COV	[831-831]	831	1582
COV	[832-832]	832	1568
COV	[833-833]	833	1556
COV	[834-834]	834	1568
COV	[835-835]	835	1497
COV	[836-836]	836	1489
COV	[837-837]	837	1568
COV	[838-838]	838	1569
COV	[839-839]	839	1561
COV	[840-840]	840	1498
COV	[841-841]	841	1526
COV	[842-842]	842	1471
COV	[843-843]	843	1526
COV	[844-844]	844	1448
COV	[845-845]	845	1541
COV	[846-846]	846	1461
COV	[847-847]	847	1539
COV	[848-848]	848	1511
COV	[849-849]	849	1491
COV	[850-850]	850	1599
COV	[851-851]	851	1595
COV	[852-852]	852	1530
COV	[853-853]	853	1465
COV	[854-854]	854	1500
COV	[855-855]	855	1515
COV	[856-856]	856	1509
COV	[857-857]	857	1514
COV	[858-858]	858	1482
COV	[859-859]	859	1505
COV	[860-860]	860	1501
COV	[861-861]	861	1481
COV	[862-862]	862	1407
COV	[863-863]	863	1467
COV	[864-864]	864	1469
COV	[865-865]	865	1489
COV	[866-866]	866	1471
COV	[867-867]	867	1435
COV	[868-868]	868	1362
COV	[869-869]	869	1393
COV	[870-870]	870	1365
COV	[871-871]	871	1427
COV	[872-872]	872	1384
COV	[873-873]	873	1374
COV	[874-874]	874	1319
COV	[875-875]	875	1413
COV	[876-876]	876	1368
COV	[877-877]	877	1420
COV	[878-878]	878	1346
COV	[879-879]	879	1366
COV	[880-880]	880	1350
COV	[881-881]	881	1414
COV	[882-882]	882	1337
COV	[883-883]	883	1340
COV	[884-884]	884	1313
COV	[885-885]	885	1306
COV	[886-886]	886	1350
COV	[887-887]	887	1328
COV	[888-888]	888	1264
COV	[889-889]	889	1344
COV	[890-890]	890	1271
COV	[891-891]	891	1267
COV	[892-892]	892	1296
COV	[893-893]	893	1302
COV	[894-894]	894	1219
COV	[895-895]	895	1267
COV	[896-896]	896	1276
COV	[897-897]	897	1231
COV	[898-898]	898	1239
COV	[899-899]	899	1223
COV	[900-900]	900	1344
COV	[901-901]	901	1221
COV	[902-902]	902	1257
COV	[903-903]	903	1283
COV	[904-904]	904	1329
COV	[905-905]	905	1310
COV	[906-906]	906	1288
COV	[907-907]	907	1218
COV	[908-908]	908	1260
COV	[909-909]	909	1265
COV	[910-910]	910	1198
COV	[911-911]	911	1259
COV	[912-912]	912	1277
COV	[913-913]	913	1193
COV	[914-914]	914	1264
COV	[915-915]	915	1276
COV	[916-916]	916	1364
COV	[917-917]	917	1305
COV	[918-918]	918	1344
COV	[919-919]	919	1243
COV	[920-920]	920	1238
COV	[921-921]	921	1240
COV	[922-922]	922	1251
COV	[923-923]	923	1311
COV	[924-924]	924	1345
COV	[925-925]	925	1272
COV	[926-926]	926	1200
COV	[927-927]	927	1298
COV	[928-928]	928	1201
COV	[929-929]	929	1227
COV	[930-930]	930	1186
COV	[931-931]	931	1202
COV	[932-932]	932	1229
COV	[933-933]	933	1205
COV	[934-934]	934	1164
COV	[935-935]	935	1228
COV	[936-936]	936	1151
COV	[937-937]	937	1174
COV	[938-938]	938	1196
COV	[939-939]	939	1150
COV	[940-940]	940	1122
COV	[941-941]	941	1119
COV	[942-942]	942	1115
COV	[943-943]	943	1173
COV	[944-944]	944	1160
COV	[945-945]	945	1110
COV	[946-946]	946	1141
COV	[947-947]	947	1112
COV	[948-948]	948	1071
COV	[949-949]	949	1067
COV	[950-950]	950	1111
COV	[951-951]	951	1106
COV	[952-952]	952	1121
COV	[953-953]	953	1156
COV	[954-954]	954	1131
COV	[955-955]	955	1179
COV	[956-956]	956	1073
COV	[957-957]	957	1116
COV	[958-958]	958	1122
COV	[959-959]	959	1178
COV	[960-960]	960	1164
COV	[961-961]	961	1049
COV	[962-962]	962	1132
COV	[963-963]	963	1107
COV	[964-964]	964	1101
COV	[965-965]	965	1093
COV	[966-966]	966	1103
COV	[967-967]	967	1079
COV	[968-968]	968	1085
COV	[969-969]	969	1054
COV	[970-970]	970	992
COV	[971-971]	971	1048
COV	[972-972]	972	1059
COV	[973-973]	973	1041
COV	[974-974]	974	978
COV	[975-975]	975	1109
COV	[976-976]	976	1029
COV	[977-977]	977	1072
COV	[978-978]	978	1045
COV	[979-979]	979	1021
COV	[980-980]	980	1006
COV	[981-981]	981	1102
COV	[982-982]	982	1081
COV	[983-983]	983	1090
COV	[984-984]	984	1054
COV	[985-985]	985	1109
COV	[986-986]	986	1011
COV	[987-987]	987	1020
COV	[988-988]	988	1066
COV	[989-989]	989	1069
COV	[990-990]	990	1084
COV	[991-991]	991	1005
COV	[992-992]	992	1057
COV	[993-993]	993	997
COV	[994-994]	994	1001
COV	[995-995]	995	1067
COV	[996-996]	996	1009
COV	[997-997]	997	982
COV	[998-998]	998	1018
COV	[999-999]	999	1052
COV	[1000-1000]	1000	1021
COV	[1000<]	1000	1828657
# GC-depth. Use `grep ^GCD | cut -f 2-` to extract this part. The columns are: GC%, unique sequence percentiles, 10th, 25th, 50th, 75th and 90th depth percentile
GCD	0.0	0.025	0.007	0.007	0.015	0.022	0.065
GCD	0.1	0.025	0.007	0.007	0.007	0.007	0.007
GCD	1.0	0.026	0.230	0.230	0.230	0.230	0.230
GCD	2.0	0.027	0.133	0.133	0.133	0.133	0.133
GCD	3.0	0.028	0.304	0.304	0.307	0.311	0.311
GCD	4.0	0.030	0.096	0.096	0.100	0.104	0.104
GCD	5.0	0.031	0.081	0.081	0.237	0.392	0.392
GCD	6.0	0.035	0.022	0.026	0.074	0.200	0.311
GCD	8.0	0.040	0.022	0.043	0.063	0.292	0.926
GCD	9.0	0.044	0.015	0.015	0.059	0.507	0.777
GCD	10.0	0.046	0.059	0.059	0.185	0.311	0.311
GCD	11.0	0.050	0.007	0.024	0.289	2.686	7.945
GCD	12.0	0.057	0.008	0.015	0.170	0.348	2.407
GCD	13.0	0.065	0.013	0.044	0.067	1.740	2115.407
GCD	14.0	0.072	0.010	0.041	0.070	0.109	0.166
GCD	15.0	0.077	0.015	0.015	0.059	0.267	658.407
GCD	16.0	0.082	0.007	0.007	0.067	0.259	0.444
GCD	17.0	0.089	0.007	0.019	0.030	0.133	2.177
GCD	18.0	0.091	0.015	0.015	0.207	444.913	444.913
GCD	19.0	0.101	0.007	0.039	0.163	3.019	233.804
GCD	20.0	0.107	0.007	0.019	0.585	34.652	112.626
GCD	21.0	0.113	0.022	0.085	0.252	49.023	243.422
GCD	22.0	0.119	0.007	0.007	0.052	0.193	30.498
GCD	23.0	0.126	0.031	0.133	0.193	5.783	59.318
GCD	24.0	0.134	0.027	0.230	0.866	40.309	67.165
GCD	25.0	0.140	0.015	0.104	1.100	58.064	81.291
GCD	26.0	0.153	0.007	0.048	0.259	2.075	46.415
GCD	27.0	0.164	0.016	0.037	1.303	46.980	57.344
GCD	28.0	0.179	0.009	0.104	0.781	1.925	36.057
GCD	29.0	0.191	0.013	0.052	0.326	20.069	48.351
GCD	30.0	0.212	0.007	0.300	1.844	33.508	45.699
GCD	31.0	0.242	0.024	0.448	30.957	35.548	41.045
GCD	32.0	0.291	0.438	12.513	30.779	32.630	34.852
GCD	33.0	0.509	3.450	26.916	30.387	32.808	34.461
GCD	34.0	1.259	18.329	26.824	28.825	30.972	32.727
GCD	35.0	3.475	24.567	26.507	28.047	29.850	31.424
GCD	36.0	8.847	24.204	26.115	27.566	29.232	30.779
GCD	37.0	17.522	23.657	25.900	27.403	28.945	30.422
GCD	38.0	28.463	19.774	25.789	27.322	28.802	30.270
GCD	39.0	39.487	20.387	25.900	27.425	28.921	30.350
GCD	40.0	49.724	20.981	26.100	27.603	29.025	30.431
GCD	41.0	58.511	22.706	26.263	27.744	29.158	30.596
GCD	42.0	65.664	23.965	26.455	27.884	29.284	30.720
GCD	43.0	71.494	24.308	26.566	27.995	29.417	30.928
GCD	44.0	76.384	24.412	26.707	28.181	29.624	31.024
GCD	45.0	80.340	20.982	26.696	28.336	29.869	31.350
GCD	46.0	83.798	21.354	26.996	28.647	30.252	31.960
GCD	47.0	86.767	23.541	27.299	28.973	30.816	33.492
GCD	48.0	89.044	26.101	27.796	29.306	30.928	32.808
GCD	49.0	90.875	26.255	27.921	29.380	30.853	32.560
GCD	50.0	92.433	26.820	28.358	29.743	31.253	32.730
GCD	51.0	93.726	27.122	28.591	30.061	31.516	33.016
GCD	52.0	94.927	27.559	28.941	30.446	32.057	33.823
GCD	53.0	95.928	27.930	29.439	30.905	32.593	34.815
GCD	54.0	96.766	28.247	29.750	31.187	32.749	34.163
GCD	55.0	97.439	28.018	29.691	31.320	32.601	34.227
GCD	56.0	98.003	28.827	30.320	31.698	33.132	34.459
GCD	57.0	98.437	29.049	30.685	32.149	33.673	35.152
GCD	58.0	98.802	29.530	30.757	32.394	34.085	35.782
GCD	59.0	99.125	30.399	31.749	33.245	35.007	39.063
GCD	60.0	99.372	30.793	32.401	33.804	36.296	350.827
GCD	61.0	99.547	30.857	32.371	34.030	36.131	49.516
GCD	62.0	99.691	31.347	32.879	33.974	35.518	36.992
GCD	63.0	99.797	30.971	33.058	34.607	36.545	38.514
GCD	64.0	99.863	29.814	32.527	34.489	36.444	37.739
GCD	65.0	99.921	29.079	33.589	35.296	36.710	46.277
GCD	66.0	99.949	33.483	34.341	35.677	38.720	1052.308
GCD	67.0	99.980	33.152	34.439	36.014	37.728	39.383
GCD	68.0	99.993	32.999	34.252	35.651	36.881	37.747
GCD	69.0	99.999	31.927	33.452	36.951	279.869	2334.342
GCD	70.0	99.999	36.843	36.843	36.843	36.843	36.843
GCD	72.0	100.000	3.051	3.051	3.051	3.051	3.051
