# This file was produced by samtools stats (1.19+htslib-1.19) and can be plotted using plot-bamstats
# This file contains statistics for all reads.
# The command line was:  stats bam_files/recal_ABOFRAM007402163288.bam
# CHK, Checksum	[2]Read Names	[3]Sequences	[4]Qualities
# CHK, CRC32 of reads which passed filtering followed by addition (32bit overflow)
CHK	733ea4b8	affa7c4a	6aecab56
# Summary Numbers. Use `grep ^SN | cut -f 2-` to extract this part.
SN	raw total sequences:	681384133	# excluding supplementary and secondary reads
SN	filtered sequences:	0
SN	sequences:	681384133
SN	is sorted:	1
SN	1st fragments:	340688722
SN	last fragments:	340695411
SN	reads mapped:	679423435
SN	reads mapped and paired:	678143417	# paired-end technology bit set + both mates mapped
SN	reads unmapped:	1960698
SN	reads properly paired:	662494008	# proper-pair bit set
SN	reads paired:	681384133	# paired-end technology bit set
SN	reads duplicated:	0	# PCR or optical duplicate bit set
SN	reads MQ0:	68291511	# mapped and MQ=0
SN	reads QC failed:	0
SN	non-primary alignments:	0
SN	supplementary alignments:	2402513
SN	total length:	100886838936	# ignores clipping
SN	total first fragment length:	51103308300	# ignores clipping
SN	total last fragment length:	49783530636	# ignores clipping
SN	bases mapped:	100598736786	# ignores clipping
SN	bases mapped (cigar):	99743689755	# more accurate
SN	bases trimmed:	0
SN	bases duplicated:	0
SN	mismatches:	561118370	# from NM fields
SN	error rate:	5.625603e-03	# mismatches / bases mapped (cigar)
SN	average length:	148
SN	average first fragment length:	150
SN	average last fragment length:	146
SN	maximum length:	150
SN	maximum first fragment length:	150
SN	maximum last fragment length:	150
SN	average quality:	30.5
SN	insert size average:	406.1
SN	insert size standard deviation:	84.4
SN	inward oriented pairs:	331657096
SN	outward oriented pairs:	595872
SN	pairs with other orientation:	185516
SN	pairs on different chromosomes:	6633002
SN	percentage of properly paired reads (%):	97.2
# First Fragment Qualities. Use `grep ^FFQ | cut -f 2-` to extract this part.
# Columns correspond to qualities and rows to cycles. First column is the cycle number.
FFQ	1	0	0	12561	0	0	0	0	0	0	0	0	0	0	0	6011172	0	0	0	0	0	0	0	0	0	0	0	0	9680270	0	0	324984719	0	0	0	0	0
FFQ	2	0	0	5476	0	0	0	0	0	0	53521	0	193788	709377	202276	391583	993917	1046352	289216	291635	0	0	252830	5219244	0	0	0	850520	1407694	468228	49616854	101766125	145898278	30482677	549131	0	0
FFQ	3	0	0	31448	0	0	0	0	0	0	49218	0	151423	552450	200309	285353	876933	1066474	301441	205983	0	0	278092	102506	4456997	0	0	754232	1303928	415281	3033247	50384405	100522384	145303580	30413038	0	0
FFQ	4	0	0	6095	0	0	0	0	0	0	51697	0	147741	473160	186223	332349	866424	1120213	277013	185549	0	0	313240	0	108191	4646884	0	0	727994	1225558	430259	3296623	51115245	100787041	143483384	30907839	0
FFQ	5	0	0	144	0	0	0	0	0	0	54712	0	156475	436694	179415	325135	841246	1118442	300205	167969	0	0	315915	112728	0	4844929	0	743237	1205456	402007	3162594	1550649	48375333	102371357	143770936	30253144	0
FFQ	6	0	0	29	0	0	0	0	0	0	52037	0	155215	409199	189341	338480	798361	1096500	296974	171404	0	0	400529	0	4646243	0	779863	1184619	380479	3206538	1556209	49854080	101861784	143897002	29413836	0	0
FFQ	7	0	0	1	0	0	0	0	0	0	54533	0	148557	414967	182428	326357	805176	1044541	307017	162279	0	0	303317	115141	5026436	0	0	764595	1235753	384513	3192347	50341116	104211236	142146329	29522083	0	0
FFQ	8	0	0	10054	0	0	0	0	0	0	50669	0	156099	414280	184467	327918	787327	1038656	290263	167076	0	0	291963	106238	4604093	0	0	799713	1248651	385060	3221562	50983017	102869069	142745079	30007468	0	0
FFQ	9	0	0	0	0	0	0	0	0	0	52810	0	153083	408955	189035	338100	811924	1059880	298852	163988	0	0	312817	109360	4676678	0	0	794190	1250963	401658	3312616	51124966	102777181	142347567	30104099	0	0
FFQ	10	0	0	0	0	0	0	0	0	0	54041	0	155449	405669	189842	335356	789308	1064708	295242	163971	0	0	303484	111608	4733435	0	0	808589	1258929	406855	3275507	51115622	102317589	142706704	30196814	0	0
FFQ	11	0	0	0	0	0	0	0	0	0	57323	0	151151	392442	188718	334098	808315	1094698	316100	164077	0	0	307772	119386	4759709	0	0	806890	1232692	412665	3361505	51534292	102660047	142087134	29899708	0	0
FFQ	12	0	0	0	0	0	0	0	0	0	58640	0	160109	380100	186823	343475	803228	1105967	307912	168576	0	0	295582	122150	4764483	0	0	831626	1200814	426477	3381940	51295771	102561247	142236713	30057089	0	0
FFQ	13	0	0	0	0	0	0	0	0	0	59856	0	163165	381400	191557	349693	804270	1107412	315886	167635	0	0	294468	123605	4794434	0	0	848143	1226270	427776	3429799	51152730	102577703	142191537	30081383	0	0
FFQ	14	0	0	0	0	0	0	0	0	0	59940	0	162592	375104	190759	349273	802878	1102726	314729	169050	0	0	415342	0	4749060	0	846057	1213945	435693	3441222	1611526	50263907	101643168	143052453	29489298	0	0
FFQ	15	0	0	0	0	0	0	0	0	0	58656	0	160845	374732	186146	349219	799953	1082734	306196	165036	0	0	293197	120198	4714545	0	0	847134	1213360	431138	3459316	51163473	102487903	142223249	30251692	0	0
FFQ	16	0	0	2	0	0	0	0	0	0	59990	0	161175	368181	188589	344844	804911	1105070	311752	165378	0	0	298486	123457	4728517	0	0	851516	1202171	435698	3467568	51002529	102387844	142366040	30315004	0	0
FFQ	17	0	0	0	0	0	0	0	0	0	60417	0	163761	370246	191697	348697	815843	1115452	314635	167952	0	0	299777	124146	4708195	0	0	861637	1198249	437804	3494311	51173323	102354355	142151503	30336722	0	0
FFQ	18	0	0	27	0	0	0	0	0	0	61820	0	164147	373639	194275	348520	826493	1127882	320501	171164	0	0	307095	126365	4721796	0	0	867902	1206075	448554	3516424	51372564	102171516	142162825	30199138	0	0
FFQ	19	0	0	0	0	0	0	0	0	0	64730	0	171453	385608	200374	355812	848918	1158569	329279	174752	0	0	447185	0	4772741	0	880581	1227451	454478	3558934	1651134	50409470	101571574	142688124	29337555	0	0
FFQ	20	0	0	0	0	0	0	0	0	0	64363	0	172970	389127	203427	358091	853777	1175877	335677	178720	0	0	446301	0	4676151	0	881838	1223248	464012	3566563	1677836	50449908	101338884	143019252	29212700	0	0
FFQ	21	0	0	0	0	0	0	0	0	0	66922	0	175872	395751	207137	362173	862338	1193574	342001	179435	0	0	454721	0	4726775	0	889674	1236100	462698	3590672	1686660	50582780	101345068	142866625	29061746	0	0
FFQ	22	0	0	0	0	0	0	0	0	0	69865	0	178066	398102	212208	371614	879523	1219785	349314	184415	0	0	461539	0	4720017	0	905411	1234081	485337	3630727	1706395	50789758	101359323	142542156	28991086	0	0
FFQ	23	0	0	0	0	0	0	0	0	0	72678	0	180612	398275	215796	368300	887773	1229466	354646	186483	0	0	470359	0	4766781	0	917885	1232502	488261	3651923	1718964	51000447	101176685	142426359	28944527	0	0
FFQ	24	0	0	0	0	0	0	0	0	0	75439	0	184969	399557	218739	369138	900556	1243220	358184	188921	0	0	476527	0	4809873	0	926515	1226547	494291	3669841	1731795	50616479	101263258	142677361	28857512	0	0
FFQ	25	0	0	0	0	0	0	0	0	0	77377	0	189671	401852	222478	375858	920670	1265995	363830	189645	0	0	480993	0	4784433	0	943994	1223528	502148	3704222	1750208	50783809	101141302	142614430	28752279	0	0
FFQ	26	0	0	0	0	0	0	0	89264	0	223512	462925	251080	414657	1040077	1407859	404236	212625	0	0	380192	0	142171	0	4795002	0	945587	1232684	502966	3727885	1756322	50860086	100773488	142364932	28701172	0	0
FFQ	27	0	0	1818	0	0	0	0	88979	0	220912	456681	250171	411295	1039268	1408049	397688	213450	0	0	379953	0	142998	0	4769419	0	944360	1222040	504559	3722968	1752207	50946755	100921430	142185750	28707972	0	0
FFQ	28	0	0	0	0	0	0	0	88967	0	220608	453204	248704	410012	1035075	1405417	396071	212819	0	0	373744	0	140801	0	4709674	0	943900	1214043	508498	3718518	1751189	50956953	100854425	142428606	28617494	0	0
FFQ	29	0	0	62	0	0	0	0	91310	0	227796	470075	254671	423656	1056325	1432700	405459	214592	0	0	387051	0	141269	0	4675700	0	955794	1236737	512159	3759486	1764245	50890907	100911569	142302332	28574827	0	0
FFQ	30	0	0	0	0	0	0	0	93545	0	228999	472424	254410	425854	1057891	1428609	406008	213504	0	0	386997	0	142697	0	4750912	0	952201	1235848	511460	3756767	1763520	50899765	100699794	142423362	28584155	0	0
FFQ	31	0	0	0	0	0	0	0	97173	0	233819	483205	258912	431882	1081225	1462351	415214	223371	0	0	389665	0	146572	0	4783522	0	959887	1241904	520564	3786342	1789152	50916085	100808795	142186431	28472651	0	0
FFQ	32	0	0	0	0	0	0	0	99024	0	241097	494103	264755	443618	1100726	1487846	418070	228094	0	0	393827	144958	0	0	4735842	974277	1252277	526740	3821243	1792987	949402	50006445	101555155	141367695	28390541	0	0
FFQ	33	0	0	50009	0	0	0	105868	0	249436	515526	269884	460017	1116776	1514428	432662	228537	0	0	400599	149967	0	0	0	5715463	1273631	530193	3863395	1820554	954620	0	50626981	100645001	141393721	28371454	0	0
FFQ	34	0	0	0	0	0	0	0	103778	0	246319	507828	271503	454858	1118142	1513396	428911	232911	0	0	399467	149580	0	0	4755370	986522	1267778	532891	3859430	1818648	955881	49934487	101571674	141215162	28364186	0	0
FFQ	35	0	0	0	0	0	0	0	104384	0	247782	514634	271916	455788	1128848	1517167	429722	233689	0	0	406052	0	148833	0	4755097	0	988183	1277319	530705	3876271	1820686	50918659	100874066	141888919	28300002	0	0
FFQ	36	0	0	236	0	0	0	0	106719	0	251323	515556	273333	463657	1133725	1521415	428823	234760	0	0	401072	0	150704	0	4776987	0	993551	1271274	536887	3884377	1816368	50776815	100803275	142091193	28256672	0	0
FFQ	37	0	0	0	0	0	0	0	106448	0	247389	516567	271376	458766	1126773	1514259	428193	232718	0	0	407321	0	149767	0	4774432	0	985108	1269027	531900	3869963	1815238	50877836	100777626	142056657	28271358	0	0
FFQ	38	0	0	0	0	0	0	0	108512	0	253129	522657	275433	469315	1147139	1534746	428254	239572	0	0	402982	0	151268	0	4748554	0	998672	1273572	547431	3904563	1822720	50784791	100858633	141973333	28243446	0	0
FFQ	39	0	0	0	0	0	0	0	109049	0	254127	535472	277649	471940	1154308	1541085	439682	235197	0	0	416039	148595	0	0	4692689	1003847	1302616	539143	3930487	1839138	965728	49878595	101391245	141352989	28209102	0	0
FFQ	40	0	0	0	0	0	0	0	112128	0	257526	541812	281786	478963	1162334	1554237	443380	240075	0	0	415439	149997	0	0	4691081	1013037	1314381	546845	3950187	1850619	969256	49952962	101448096	141165705	28148876	0	0
FFQ	41	0	0	152610	0	0	0	118107	0	267424	571796	290292	497331	1192939	1589479	458410	245726	0	0	429970	155721	0	0	0	5785870	1348757	548616	3989474	1879221	972062	0	50843480	100382773	140842852	28125812	0	0
FFQ	42	0	0	0	0	0	0	117596	0	267428	565641	289993	500550	1202593	1591741	454623	246117	0	0	431519	0	154141	0	0	4770819	1024466	1332753	561160	4000242	1862114	985398	50007126	101318908	140865631	28138163	0	0
FFQ	43	0	0	0	0	0	0	118717	0	267727	568452	288770	494557	1198043	1595191	451754	246162	0	0	430732	0	154028	0	0	4727037	1025634	1331360	555527	3986714	1864591	983304	50075296	101121883	141036176	28167067	0	0
FFQ	44	0	0	0	0	0	0	118505	0	267916	566913	288372	496472	1194821	1590477	450992	246143	0	0	423388	0	153249	0	0	4737710	1021907	1328116	557478	3977231	1856508	980647	49937329	101305784	141069696	28119068	0	0
FFQ	45	0	0	0	0	0	0	122325	0	268709	568952	292166	500725	1208770	1600369	455911	251661	0	0	425547	0	156610	0	0	4754184	1030410	1321794	565749	4000365	1868968	987945	49967300	101294466	140895864	28149932	0	0
FFQ	46	0	0	0	0	0	0	124229	0	273379	581218	296664	507889	1221048	1624757	461559	258145	0	0	431141	0	157600	0	0	4755021	1041050	1340065	567194	4029771	1886937	992188	50083273	101088528	140845261	28121805	0	0
FFQ	47	0	0	0	0	0	0	129030	0	277145	586245	295772	515050	1229449	1625674	460361	257900	0	0	432771	0	159182	0	0	4758208	1046189	1340049	573488	4051123	1881107	1005834	49979260	101236114	140749242	28099529	0	0
FFQ	48	0	0	0	0	0	0	129339	0	281717	599410	302151	523983	1250639	1658617	473159	259721	0	0	439048	0	158364	0	0	4702548	1056090	1355780	580183	4083323	1912075	1003864	49886719	101215074	140742695	28074223	0	0
FFQ	49	0	0	0	0	0	0	132508	0	287940	612454	306886	534364	1265651	1678782	474660	263899	0	0	442930	0	161828	0	0	4734866	1069045	1377731	582636	4125545	1920346	1012706	49864915	101071818	140737222	28029990	0	0
FFQ	50	0	0	260	0	0	0	132839	0	288258	623194	305639	540272	1272551	1675107	477865	264212	0	0	452144	0	161126	0	0	4765672	1062527	1394962	576989	4138587	1922085	1014589	49683347	101206401	140673688	28056408	0	0
FFQ	51	0	0	0	0	0	0	132434	0	289436	626683	309649	544085	1276539	1684366	479269	264813	0	0	451263	0	157933	0	0	4687382	1073672	1399781	579964	4159847	1930155	1016068	49858329	101005694	140688289	28073071	0	0
FFQ	52	0	0	0	0	0	0	132387	0	288859	630471	312094	542166	1275168	1685405	483362	262771	0	0	457079	0	157406	0	0	4668151	1070706	1404629	578714	4139082	1926740	1011507	49965096	101110318	140612264	27974347	0	0
FFQ	53	0	0	0	0	0	0	138542	0	296900	638119	316625	554397	1302665	1713344	486364	273041	0	0	452664	0	163349	0	0	4744402	1082361	1392243	595745	4158505	1933891	1020782	49770738	100920269	140775115	27958661	0	0
FFQ	54	0	0	0	0	0	0	138274	0	300638	649945	320037	562055	1312919	1730838	492143	274731	0	0	459966	0	162410	0	0	4729192	1087499	1413547	592794	4196415	1947123	1026952	49770674	100891533	140624519	28004518	0	0
FFQ	55	0	0	0	0	0	0	141840	0	306081	657944	322549	572848	1321592	1742059	491727	277485	0	0	459581	0	163602	0	0	4708102	1101556	1422281	600960	4225735	1953238	1035252	49772809	101014337	140440724	27956420	0	0
FFQ	56	0	0	46	0	0	0	143385	0	308268	674518	327820	579259	1337351	1753208	504228	276981	0	0	472012	0	165148	0	0	4715201	1107242	1448589	599018	4255753	1974460	1037931	49799337	100904207	140342334	27962426	0	0
FFQ	57	0	0	0	0	0	0	145732	0	310356	675492	330728	582759	1346564	1759699	504731	279661	0	0	473432	0	165746	0	0	4729859	1107424	1440775	601827	4265755	1973356	1039006	49851084	100927886	140290144	27886706	0	0
FFQ	58	0	0	0	0	0	0	149543	0	316036	685879	334422	590891	1360822	1787474	507903	285273	0	0	474481	0	167845	0	0	4742324	1121233	1450922	610617	4286230	1987949	1047068	49902885	100812089	140210044	27856792	0	0
FFQ	59	0	0	214	0	0	0	151387	0	317307	694322	337123	595035	1372281	1796391	511616	286363	0	0	478225	0	167538	0	0	4723801	1121390	1460734	609969	4292335	1994662	1047104	49856335	100861230	140118796	27894564	0	0
FFQ	60	0	0	0	0	0	0	150784	0	315969	686494	334459	594122	1365035	1783617	507467	287936	0	0	469781	0	168028	0	0	4696130	1115184	1438495	613813	4274791	1981088	1048451	49848170	100779052	140237283	27992573	0	0
FFQ	61	0	0	50471	0	0	0	154500	0	325297	707820	340100	607697	1386549	1815538	515846	289094	0	0	482499	168835	0	0	0	5837955	1470842	619057	4325318	1994853	1055817	0	50654190	99833145	140179887	27873412	0	0
FFQ	62	0	0	67	0	0	0	155104	0	331850	728781	347502	624847	1406554	1837101	524779	291238	0	0	498492	0	169719	0	0	4702074	1145622	1509479	618962	4388611	2024524	1064946	49655587	100722893	140056159	27883831	0	0
FFQ	63	0	0	0	0	0	0	156927	0	330521	731065	350413	622016	1406149	1846962	530297	292566	0	0	495570	0	170758	0	0	4713876	1144332	1504341	614912	4370221	2030335	1062220	49662060	100561925	140168024	27923232	0	0
FFQ	64	0	0	0	0	0	0	159756	0	335778	730804	352145	628441	1414943	1858373	530195	300490	0	0	488150	0	174658	0	0	4761178	1153839	1491002	629963	4379442	2025528	1067144	49673646	100569522	140141575	27822150	0	0
FFQ	65	0	0	0	0	0	0	161204	0	341558	747908	356148	643775	1440760	1874541	538387	302492	0	0	501257	0	173949	0	0	4720633	1166591	1523996	630587	4445311	2051030	1078608	49633858	100636071	139925687	27794371	0	0
FFQ	66	0	0	0	0	0	0	162053	0	347232	758732	359843	647821	1450224	1895853	543655	301385	0	0	503629	0	173374	0	0	4702586	1174205	1535770	631259	4461315	2065864	1082694	49592494	100577707	139900312	27820715	0	0
FFQ	67	0	0	0	0	0	0	165056	0	349719	771714	363632	654752	1463914	1910404	547234	306619	0	0	508110	0	174525	0	0	4713298	1178883	1546892	635333	4476329	2070142	1086699	49607000	100605203	139779529	27773735	0	0
FFQ	68	0	0	0	0	0	0	168571	0	352610	780209	367657	666816	1476206	1918730	553786	310053	0	0	512691	0	178096	0	0	4739561	1191432	1562025	641687	4510140	2084464	1091582	49659774	100480435	139657959	27784238	0	0
FFQ	69	0	0	0	0	0	0	169274	0	355609	788142	370669	671989	1487390	1931318	555641	311598	0	0	519907	0	177488	0	0	4726094	1195606	1572705	637761	4540562	2092396	1097282	49841003	100407998	139439936	27798354	0	0
FFQ	70	0	0	41	0	0	0	172903	0	356632	791655	368736	674118	1487545	1927147	554335	308537	0	0	522957	0	178300	0	0	4717445	1200022	1571844	648010	4533063	2085362	1100837	49651030	100480693	139601083	27756427	0	0
FFQ	71	0	0	106	0	0	0	177120	0	369052	814125	378294	695051	1515368	1976309	568426	312187	0	0	530117	181360	0	0	0	5929840	1604474	645259	4589411	2124111	1111493	0	50503797	99297518	139588875	27776429	0	0
FFQ	72	0	0	0	0	0	0	177118	0	366994	816015	377680	693489	1520646	1981921	565972	318468	0	0	527534	0	180394	0	0	4686340	1211284	1599273	647856	4587937	2116440	1114322	49658085	100188150	139572792	27780012	0	0
FFQ	73	0	0	0	0	0	0	177673	0	369643	815215	377795	693645	1522165	1978665	565755	321376	0	0	528030	179384	0	0	0	5907987	1591206	650239	4581702	2108944	1107743	0	50577714	99359973	139564456	27709412	0	0
FFQ	74	0	0	3	0	0	0	177676	0	368435	804275	375138	691350	1512507	1966141	559771	320406	0	0	517680	0	179032	0	0	4689383	1208838	1562370	654563	4550305	2095434	1107137	49618635	100369341	139653083	27707219	0	0
FFQ	75	0	0	0	0	0	0	179389	0	371967	812385	380219	701316	1522927	1987677	566293	323180	0	0	519969	0	180553	0	0	4688921	1216069	1570267	658315	4566353	2101875	1111914	49645723	100316244	139573108	27694058	0	0
FFQ	76	0	0	0	0	0	0	183250	0	382544	831133	385651	723490	1551912	2020237	572532	328755	0	0	527592	0	183296	0	0	4698001	1236803	1593610	668524	4642091	2123867	1127362	49497821	100227220	139531757	27651274	0	0
FFQ	77	0	0	0	0	0	0	187635	0	390795	860619	393592	733928	1581678	2059524	588245	334927	0	0	545217	186789	0	0	0	5954937	1639610	666021	4699772	2161703	1138521	0	50387371	99232056	139273396	27672386	0	0
FFQ	78	0	0	3	0	0	0	188828	0	399702	872152	399691	746379	1599324	2079999	588686	339059	0	0	545181	0	186366	0	0	4675372	1270106	1649188	679302	4736630	2175310	1149425	49461469	100090972	139185785	27669793	0	0
FFQ	79	0	0	0	0	0	0	190750	0	396488	877387	400656	748134	1599707	2082907	593615	336386	0	0	554043	0	186406	0	0	4696094	1263371	1655426	672593	4741173	2176056	1145934	49415360	100129897	139167555	27658784	0	0
FFQ	80	0	0	0	0	0	0	193347	0	399076	873155	401770	750271	1606758	2094206	594479	342323	0	0	547448	0	187639	0	0	4710902	1263494	1640814	677910	4732696	2173561	1145878	49391557	100152260	139172836	27636342	0	0
FFQ	81	0	0	0	0	0	0	194277	0	401854	880927	402819	754091	1608325	2101738	596965	346655	0	0	550051	0	186989	0	0	4694494	1267512	1647622	678212	4739690	2179596	1149514	49403749	100037604	139241875	27624163	0	0
FFQ	82	0	0	0	0	0	0	198575	0	411226	903631	407728	772857	1628720	2115804	600284	348435	0	0	558112	0	191726	0	0	4720040	1293501	1682908	687215	4796314	2201578	1160990	49397756	99939123	139115108	27557091	0	0
FFQ	83	0	0	0	0	0	0	199043	0	420327	931320	416572	794175	1657465	2148827	614067	349177	0	0	575359	0	191099	0	0	4700699	1310187	1732652	683682	4872702	2233625	1173776	49437939	99819900	138863819	27562310	0	0
FFQ	84	0	0	45	0	0	0	196747	0	405648	903980	413606	772551	1631967	2120522	606410	346478	0	0	564492	0	186800	0	0	4692629	1280702	1677072	676313	4784548	2200218	1155827	49554223	99972518	138947839	27597587	0	0
FFQ	85	0	0	0	0	0	0	198942	0	408530	893453	407301	772047	1629367	2119870	593001	352842	0	0	548438	0	189626	0	0	4680943	1281566	1642186	696357	4757551	2175934	1155828	49454876	99969356	139197441	27563267	0	0
FFQ	86	0	0	0	0	0	0	203931	0	426579	929830	419903	801451	1665870	2173564	608982	360380	0	0	566366	0	191695	0	0	4686162	1314403	1703901	703259	4857887	2219266	1176132	49452405	99780266	138884465	27562025	0	0
FFQ	87	0	0	33	0	0	0	206532	0	427076	940516	421263	807306	1679958	2175910	621254	359068	0	0	579709	0	194364	0	0	4725360	1317198	1722598	697559	4896655	2243176	1185242	49428509	99777120	138700944	27581372	0	0
FFQ	88	0	0	81	0	0	0	208081	0	438006	952848	424112	824925	1705939	2208618	622080	363462	0	0	581857	0	195830	0	0	4714336	1339601	1738831	712832	4955593	2264200	1201475	49293710	99706119	138670531	27565655	0	0
FFQ	89	0	0	0	0	0	0	209568	0	439401	967979	430305	826434	1710185	2229369	632172	362478	0	0	589846	0	192764	0	0	4657904	1335148	1756037	700776	4954714	2272036	1191694	49338352	99779538	138578212	27533810	0	0
FFQ	90	0	0	644	0	0	0	213105	0	445601	973097	433101	840630	1726569	2239541	626066	372494	0	0	579420	196505	0	0	0	6002145	1744227	724607	4982992	2268243	1202897	0	50308277	98650955	138697861	27459745	0	0
FFQ	91	0	0	0	0	0	0	220375	0	461512	1014358	448286	871696	1774722	2287293	649300	375297	0	0	612946	202224	0	0	0	6109921	1830954	724842	5112683	2334762	1227218	0	50355104	98428194	138202061	27444974	0	0
FFQ	92	0	0	45	0	0	0	216581	0	447021	993454	441574	850231	1736541	2255190	642925	374534	0	0	605901	197928	0	0	0	6060939	1791230	703866	5019899	2306736	1206378	0	50408645	98607636	138312076	27509392	0	0
FFQ	93	0	0	134	0	0	0	223523	0	450933	982543	436837	850509	1744534	2253201	626259	378609	0	0	585352	0	204425	0	0	4738628	1359315	1745704	728875	4989975	2264993	1208161	49135182	99744209	138540024	27496797	0	0
FFQ	94	0	0	0	0	0	0	219574	0	452449	990529	443207	854684	1744234	2278847	641034	376527	0	0	590336	0	199698	0	0	4719817	1359356	1763254	714179	4997449	2284309	1206154	49245443	99708515	138389911	27509216	0	0
FFQ	95	0	0	0	0	0	0	222057	0	465816	1004567	445478	880310	1779687	2309735	638618	388017	0	0	589370	0	204423	0	0	4717265	1387083	1770392	743462	5068475	2299211	1224830	49263490	99418521	138411207	27456708	0	0
FFQ	96	0	0	0	0	0	0	224112	0	488119	1067882	464858	921217	1840721	2385527	669286	395872	0	0	633146	203126	0	0	0	6095780	1869381	743500	5209196	2383447	1251958	0	50201585	98201763	138056558	27381688	0	0
FFQ	97	0	0	0	0	0	0	224010	0	476402	1043189	459201	899543	1807000	2357022	664331	388860	0	0	617361	0	200545	0	0	4661302	1403665	1829617	731943	5134574	2350486	1235798	49228293	99367765	138214798	27393017	0	0
FFQ	98	0	0	0	0	0	0	224410	0	484773	1043806	459675	916615	1822808	2366375	656283	397362	0	0	606821	202956	0	0	0	6092606	1823057	759209	5165729	2344274	1247423	0	50088890	98377146	138227823	27380681	0	0
FFQ	99	0	0	0	0	0	0	230729	0	489990	1065778	469449	924073	1847119	2406764	676730	395196	0	0	632453	204663	0	0	0	6128163	1861896	742894	5221203	2387502	1256397	0	50111234	98235146	137973131	27428212	0	0
FFQ	100	0	0	0	0	0	0	227011	0	489998	1049497	462850	920573	1838779	2393049	659765	405694	0	0	610078	202675	0	0	0	6051837	1817088	759343	5182596	2356722	1252040	0	50136516	98308350	138155077	27409184	0	0
FFQ	101	0	0	0	0	0	0	233789	0	497670	1076567	471578	938110	1861664	2433711	673614	407332	0	0	625088	206425	0	0	0	6119916	1856551	763489	5240285	2385156	1261730	0	50130224	98196285	137950209	27359329	0	0
FFQ	102	0	0	1	0	0	239837	0	506534	1094315	472162	948429	1872502	2440610	681521	409930	0	0	626295	209982	0	0	0	1447775	6557234	766290	5249914	2393145	1265585	0	1024141	49123160	98179844	137858887	27320629	0	0
FFQ	103	0	0	1	0	0	0	237327	0	502203	1082789	471954	952828	1883519	2431072	672276	409348	0	0	628843	209787	0	0	0	6124252	1868011	773680	5284371	2398421	1271309	0	50252295	98134203	137804109	27296124	0	0
FFQ	104	0	0	34	0	0	242506	0	523912	1135056	485857	987422	1924207	2491346	690011	415301	0	0	658004	0	211876	0	0	0	6176671	1950283	782538	5409584	2461656	1296364	0	50171219	97938926	137490327	27245622	0	0
FFQ	105	0	0	0	0	0	242959	0	522057	1140631	488373	985116	1927006	2503977	699298	416518	0	0	661383	0	211679	0	0	0	6185107	1951299	767834	5401272	2471007	1292378	0	50137715	97935091	137488932	27259090	0	0
FFQ	106	0	0	204	0	0	244154	0	528346	1136382	486051	991414	1938551	2506110	692725	420637	0	0	648051	0	214914	0	0	0	6195984	1939396	787450	5411419	2458104	1297988	0	50071430	97980077	137522030	27217305	0	0
FFQ	107	0	0	0	0	0	244692	0	539750	1168418	498785	1017582	1975949	2571107	709863	425243	0	0	667199	0	213483	0	0	0	6186628	1980147	782474	5482274	2497302	1311394	0	49901512	97998190	137289555	27227175	0	0
FFQ	108	0	0	21	0	0	246549	0	535180	1144799	496644	1007642	1955886	2547935	699764	427679	0	0	650504	0	214435	0	0	0	6184105	1935784	786555	5435462	2466272	1302305	0	49902608	97935466	137532963	27280164	0	0
FFQ	109	0	0	0	0	0	250381	0	547010	1169031	500553	1024095	1981888	2577215	707046	432391	0	0	660424	0	217130	0	0	0	6203158	1964481	798055	5492817	2491053	1318424	0	49882819	97823525	137413674	27233552	0	0
FFQ	110	0	0	59	0	0	252315	0	559069	1193500	509236	1049761	2012235	2619602	721559	438214	0	0	674159	0	217915	0	0	0	6220925	2007461	804671	5572167	2531252	1331902	0	49895902	97700198	137206751	27169869	0	0
FFQ	111	0	0	0	0	0	255074	0	571629	1213578	515792	1072319	2042040	2659646	728780	443967	0	0	683683	0	219985	0	0	0	6233583	2026889	811986	5640969	2562788	1343871	0	49894961	97546813	137051155	27169214	0	0
FFQ	112	0	0	60	0	0	255541	0	574073	1226869	520468	1075190	2050133	2676598	731836	446399	0	0	687888	0	217909	0	0	0	6220858	2038448	816014	5647413	2566544	1347187	0	49925125	97538973	136987756	27137440	0	0
FFQ	113	0	0	0	0	0	258092	0	565594	1211820	517772	1075215	2028589	2659869	719948	446123	0	0	675630	0	219816	0	0	0	6219443	2013485	815109	5612652	2540018	1341187	0	49992064	97571801	137085778	27118717	0	0
FFQ	114	0	0	71	0	0	258989	0	563520	1205731	518389	1070432	2034323	2648304	721915	452541	0	0	669956	0	220654	0	0	0	6226443	1998310	826521	5600920	2528856	1336792	0	50001285	97534825	137148593	27121352	0	0
FFQ	115	0	0	0	0	0	263846	0	588470	1242664	527276	1104398	2081046	2710941	732656	461351	0	0	688867	0	225092	0	0	0	6274295	2054103	839440	5715501	2587753	1364439	0	49894627	97406787	136832913	27092257	0	0
FFQ	116	0	0	0	0	0	266273	0	588274	1260345	528697	1107275	2082813	2719227	738454	455585	0	0	700172	0	224705	0	0	0	6277306	2079151	827840	5716471	2593682	1362209	0	49798953	97455973	136830733	27074584	0	0
FFQ	117	0	0	0	0	0	263720	0	583655	1231435	524806	1099683	2071220	2702222	733677	455271	0	0	679556	0	224937	0	0	0	6257579	2033565	833980	5692415	2588579	1359041	0	49864335	97442482	136972881	27073683	0	0
FFQ	118	0	0	7	0	0	266344	0	596578	1267102	533118	1127466	2117179	2759602	741548	468201	0	0	692845	0	227064	0	0	0	6289362	2082660	850432	5787542	2619300	1376664	0	49843128	97312660	136717342	27012578	0	0
FFQ	119	0	0	0	0	0	270261	0	620239	1314598	549728	1163659	2170872	2823604	761901	475963	0	0	721137	0	227821	0	0	0	6290178	2148313	861733	5907590	2679622	1406032	0	49752809	97136652	136408252	26997758	0	0
FFQ	120	0	0	129	0	0	273746	0	620820	1313659	551444	1168829	2164569	2830656	765525	472544	0	0	721753	0	229298	0	0	0	6322866	2145318	853990	5906399	2686386	1403988	0	49728833	97140598	136341689	27045683	0	0
FFQ	121	0	0	0	0	0	273746	0	625415	1313779	551788	1171938	2171153	2843688	764285	480012	0	0	713722	0	229693	0	0	0	6320766	2133032	862017	5899027	2668621	1402377	0	49688401	97167340	136383709	27024213	0	0
FFQ	122	0	0	0	0	0	277817	0	633358	1329888	560507	1191276	2199002	2875942	772556	489990	0	0	716204	0	231641	0	0	0	6339957	2144819	877443	5944673	2691161	1412542	0	49634369	97016910	136364912	26983755	0	0
FFQ	123	0	0	0	0	0	271973	0	610851	1289703	546716	1155721	2153133	2829952	756214	483734	0	0	700023	0	224791	0	0	0	6273533	2091247	857359	5839808	2642012	1389652	0	49739159	97280409	136504537	27048195	0	0
FFQ	124	0	0	0	0	0	275995	0	614143	1269499	538998	1152093	2135701	2805520	734542	487273	0	0	676593	0	229851	0	0	0	6300268	2052716	878467	5791159	2597032	1386589	0	49648723	97317126	136747075	27049359	0	0
FFQ	125	0	0	0	0	0	278770	0	636317	1326257	557957	1198622	2205970	2896287	763042	499794	0	0	709934	0	233115	0	0	0	6334137	2132206	888877	5941422	2677770	1421587	0	49632870	97100317	136290589	26962882	0	0
FFQ	126	0	0	0	0	0	285219	0	658448	1361373	572048	1232895	2245632	2949094	777087	505707	0	0	727274	0	237627	0	0	0	6394318	2187543	902747	6061148	2737911	1445574	0	49590922	96862213	135968890	26985052	0	0
FFQ	127	0	0	0	0	0	284846	0	657120	1377820	574256	1232855	2251891	2965201	787006	505782	0	0	735687	0	236286	0	0	0	6385119	2201151	891798	6082196	2759411	1448353	0	49669449	96756906	135931658	26953931	0	0
FFQ	128	0	0	43	0	0	287431	0	650658	1356552	567380	1229342	2238207	2943496	772574	508366	0	0	717160	0	239398	0	0	0	6408982	2166440	899315	6032081	2715621	1440779	0	49557699	96926272	136091230	26939696	0	0
FFQ	129	0	0	62	0	0	288977	0	679942	1395219	583270	1266978	2292247	3016159	787124	516689	0	0	734826	0	239734	0	0	0	6386394	2218713	918890	6144446	2774559	1465873	0	49531369	96738193	135799474	26909584	0	0
FFQ	130	0	0	2	0	0	293105	0	701096	1446986	599079	1316530	2347235	3086886	809087	524516	0	0	760940	0	243984	0	0	0	6439202	2297033	933929	6307601	2854442	1497340	0	49403235	96472432	135537151	26816911	0	0
FFQ	131	0	0	0	0	0	292871	0	683777	1430755	594852	1291080	2316843	3057758	808960	516309	0	0	757656	0	240127	0	0	0	6420222	2272279	904033	6235490	2828311	1477410	0	49547833	96546085	135626877	26839194	0	0
FFQ	132	0	0	0	0	0	292789	0	673880	1391017	581834	1269174	2277584	3021568	785646	522899	0	0	723985	240702	0	0	0	1746628	6851599	917558	6116177	2746022	1456506	0	1123252	48397493	96732907	135955243	26864259	0	0
FFQ	133	0	0	0	0	0	296599	0	702443	1436774	597437	1318992	2353712	3100692	799829	537036	0	0	745192	0	244704	0	0	0	1795820	6881086	947227	6268045	2817157	1493830	0	1154542	48241299	96480608	135666056	26809642	0
FFQ	134	0	0	0	0	0	299601	0	728708	1485705	616156	1365708	2413676	3181344	823432	546503	0	0	773152	0	247694	0	0	0	1846785	6949785	958792	6425347	2901751	1524213	0	1192231	48168371	96259187	135243470	26737111	0
FFQ	135	0	0	1139	0	0	302478	0	728930	1496898	620174	1370289	2421532	3202610	831141	547406	0	0	776428	0	249297	0	0	0	1848989	6984566	958272	6439471	2914329	1524651	0	1195479	48220486	96193267	135139350	26721540	0
FFQ	136	0	0	101	0	0	305147	0	733747	1491813	623664	1381098	2413838	3185726	819467	550415	0	0	763552	0	251841	0	0	0	1862526	7017213	967048	6432479	2901649	1520764	0	1183551	48182585	96244988	135181347	26674163	0
FFQ	137	0	0	0	0	0	308551	0	740189	1513582	630505	1397720	2439694	3217291	833913	556036	0	0	780854	0	254932	0	0	0	1871089	7053583	970685	6489104	2935881	1535019	0	1199837	48131309	96223202	134907302	26698444	0
FFQ	138	0	0	0	0	0	307015	0	735745	1494993	624449	1384952	2426561	3219088	819652	564151	0	0	767188	0	251742	0	0	0	1859277	7000196	968349	6450510	2904666	1524628	0	1180107	48152287	96296687	135012943	26743536	0
FFQ	139	0	0	15	0	0	316307	0	758915	1531754	630230	1419248	2467091	3253015	824974	564990	0	0	777727	0	259480	0	0	0	1899372	7030061	996788	6531265	2937493	1549510	0	1192930	48028214	96113834	134925541	26679968	0
FFQ	140	0	0	0	0	0	314122	0	769189	1557731	647244	1450845	2496940	3303821	850747	564799	0	0	795248	0	257059	0	0	0	1920221	7089765	992740	6624496	3003824	1562039	0	1219513	47949273	95998628	134664807	26655671	0
FFQ	141	0	0	0	0	0	308611	0	764399	1540826	641530	1443097	2484459	3303622	839865	572407	0	0	782049	0	254700	0	0	0	1909155	7001981	992657	6589953	2971273	1560991	0	1200143	47975184	95998423	134860025	26693372	0
FFQ	142	0	0	12	0	0	316160	0	795663	1594088	655519	1499174	2553843	3381151	854303	585927	0	0	805043	0	261037	0	0	0	1968520	7046183	1030349	6758666	3047722	1600437	0	1227341	47875054	95736557	134474488	26621485	0
FFQ	143	0	0	0	0	0	314134	0	778033	1580900	655476	1472036	2513702	3347159	858328	574112	0	0	802329	0	254108	0	0	0	1934636	7066987	990192	6682456	3019199	1574975	0	1227319	47996091	95909838	134509319	26627393	0
FFQ	144	0	0	0	0	0	315096	0	782329	1560285	646123	1483160	2516589	3323757	828858	584738	0	0	772802	0	262205	0	0	0	1944081	7041549	1032632	6665633	2971686	1579039	0	1185366	47842039	95948369	134811866	26590520	0
FFQ	145	0	0	0	0	0	321339	0	804728	1624954	671096	1526167	2579966	3428762	872681	589444	0	0	818260	0	260244	0	0	0	1976321	7124926	1018253	6813900	3073009	1599434	0	1240943	47822394	95678011	134307392	26536498	0
FFQ	146	0	0	13	0	0	0	322038	0	811886	1616466	671467	1538933	2589942	3434685	858357	601960	0	0	800575	0	264682	0	0	0	6618706	2463099	1047674	6814810	3054810	1611716	0	49040070	95641484	134318779	26566570	0
FFQ	147	0	0	0	0	0	0	325627	0	821699	1641474	681960	1552568	2609036	3476039	872575	605290	0	0	814023	264418	0	0	0	2001704	7133643	1040976	6852467	3083523	1615625	0	1236880	47850054	95570689	134118949	26519503	0
FFQ	148	0	0	0	0	0	0	332445	0	859484	1686407	698683	1610348	2683801	3550496	883769	622954	0	0	827153	273816	0	0	0	2067712	7162668	1089702	6999517	3155166	1648133	0	1252023	47653726	95321658	133874223	26434838	0
FFQ	149	0	0	0	0	0	0	337858	0	875359	1745107	720214	1653864	2726240	3629928	921044	620502	0	0	867471	274169	0	0	0	2105361	7251016	1076585	7163443	3270373	1676037	0	1310998	47568960	95174617	133299195	26420381	0
FFQ	150	0	0	1196	0	0	0	334669	0	857281	1697900	703318	1620832	2679299	3564674	894015	621962	0	0	836270	273858	0	0	0	6713282	2576508	1069196	7060583	3191317	1654530	0	48833933	95391435	133679807	26432857	0	0
# Last Fragment Qualities. Use `grep ^LFQ | cut -f 2-` to extract this part.
# Columns correspond to qualities and rows to cycles. First column is the cycle number.
LFQ	1	0	0	0	0	0	0	0	0	0	0	0	5925059	0	0	0	0	0	0	0	0	0	0	0	0	9414548	0	0	0	0	325355804	0	0	0	0	0	0
LFQ	2	0	0	578	0	0	0	0	158025	0	306611	517216	356494	590403	892571	1418808	482385	238273	0	0	284669	0	143644	5146839	0	0	1126133	1217168	511734	3711507	45904153	101024948	146102411	30560841	0	0	0
LFQ	3	0	0	283	0	0	0	0	0	87797	0	261781	620777	257597	452801	1021588	1665572	389990	246298	0	0	312599	101386	0	4286620	0	925201	1434857	392124	3803708	1562250	48723619	100701976	144681839	28764748	0	0
LFQ	4	0	0	3879	0	0	0	0	0	83816	0	248015	599708	244866	479477	1022988	1769135	356864	261300	0	0	333428	104823	0	4544067	0	865044	1373351	442808	4028946	1568269	50173608	100348845	142116641	29725533	0	0
LFQ	5	0	0	196	0	0	0	0	0	93174	0	250650	585641	238034	473858	1005488	1764338	372143	238936	0	0	326004	0	110196	4730101	0	0	869491	1391939	442423	3859250	48569227	104062802	141039336	30272184	0	0
LFQ	6	0	0	69	0	0	0	85173	0	278877	586718	254162	534549	992569	1817949	371300	240193	0	0	312445	0	102138	0	4557104	0	927585	1384787	399825	3959356	1602893	49356042	102113776	141851022	28966879	0	0	0
LFQ	7	0	0	0	0	0	0	98078	0	273638	619053	252185	552958	1059169	1833643	391445	232636	0	0	341166	0	112749	0	5007873	0	910700	1453241	408652	4024271	1608187	49013705	103675685	140555538	28270839	0	0	0
LFQ	8	0	0	0	0	0	0	93934	0	289541	632035	258129	571365	1064376	1891771	372895	244003	0	0	331965	0	104759	0	4552819	0	936862	1464891	416270	4030348	1573869	49437920	102243554	141227861	28956244	0	0	0
LFQ	9	0	0	0	0	0	0	97509	0	289374	640664	267652	599465	1113012	1972621	387581	238207	0	0	356275	0	108211	0	0	4618490	928229	1439568	423818	4118174	1585576	874817	48654584	102719177	140235554	29026853	0	0
LFQ	10	0	0	0	0	0	0	102925	0	301759	661784	273357	630043	1108312	2014085	388487	236140	0	0	355254	0	109762	0	0	4659667	953734	1478866	426970	4101255	1582275	887686	48617788	102058756	140541828	29204678	0	0
LFQ	11	0	0	0	0	0	0	104683	0	298714	660673	280795	644243	1137334	2044200	393394	241778	0	0	353795	113004	0	0	4692809	945608	1460652	439768	4117900	1591078	875501	49048440	102398741	139940418	28911883	0	0	0
LFQ	12	0	0	0	0	0	0	104111	0	297293	646063	278317	656065	1111286	2017575	378317	237481	0	0	344031	110894	0	0	0	5655038	1442352	434994	4049448	1540051	871362	0	49584707	101613440	140192544	29130042	0	0
LFQ	13	0	0	0	0	0	0	108405	0	303766	664997	281463	684407	1137199	2042677	385405	237137	0	0	346335	114418	0	0	0	5689949	1457348	442761	4092989	1560881	882144	0	49392115	101572097	140126420	29172498	0	0
LFQ	14	0	0	2	0	0	0	109463	0	316534	679344	289390	715449	1170426	2095267	405918	238572	0	0	354436	115692	0	0	0	5676378	1466953	452132	4185975	1620326	911110	0	49278287	101323881	140085542	29204334	0	0
LFQ	15	0	0	0	0	0	0	109297	0	308889	672101	290366	727972	1170949	2051999	398028	232386	0	0	352567	111620	0	0	0	5614643	1460725	446457	4143190	1565880	897210	0	49484623	101464770	139970098	29221641	0	0
LFQ	16	0	0	0	0	0	0	112057	0	321431	686406	294188	744360	1188190	2102390	407542	235049	0	0	356479	115169	0	0	0	5646206	1454808	459133	4162354	1606969	912050	0	49227259	101206363	140161296	29295712	0	0
LFQ	17	0	0	47	0	0	0	112821	0	326462	684095	301905	759564	1192714	2096670	408208	238825	0	0	352355	115412	0	0	0	5624960	1447802	462154	4136994	1595646	911772	0	49416945	101237137	139945253	29327670	0	0
LFQ	18	0	0	0	0	0	0	113304	0	336193	710445	305213	789275	1213760	2099618	407987	239525	0	0	367283	115144	0	0	0	5660767	1470415	464175	4193100	1589761	927729	0	49674401	100992627	139943287	29081402	0	0
LFQ	19	0	0	0	0	0	0	117394	0	339824	725097	312776	811429	1243898	2117093	421244	240216	0	0	375011	119118	0	0	0	5731720	1484208	473416	4227113	1621890	933087	0	49449488	101155759	139797536	28998094	0	0
LFQ	20	0	0	0	0	0	0	118381	0	344448	716838	317302	832539	1241756	2110013	423981	242984	0	0	367839	116784	0	0	0	5620943	1467203	477698	4189935	1607210	915363	0	49486973	100969086	140276152	28851983	0	0
LFQ	21	0	0	0	0	0	0	120871	0	355192	738808	324355	847584	1266459	2141185	431660	251434	0	0	372205	120948	0	0	0	5683021	1482129	490341	4229415	1644478	929482	0	49588676	100916739	140070009	28690420	0	0
LFQ	22	0	0	0	0	0	0	126088	0	360889	748756	332122	885884	1290946	2150907	446508	252320	0	0	383079	123426	0	0	0	5699049	1494372	505522	4292125	1646248	962543	0	49826169	100770219	139743656	28654583	0	0
LFQ	23	0	0	881	0	0	0	130568	0	362704	758548	339568	886560	1296645	2133512	449165	250289	0	0	385475	124996	0	0	0	5765072	1505347	503965	4274098	1639735	954454	0	50101730	100561648	139606239	28664212	0	0
LFQ	24	0	0	0	0	0	0	134318	0	375057	785359	340281	907035	1317849	2174528	464050	249880	0	0	395131	131616	0	0	0	5821555	1548632	513457	4360800	1697560	970030	0	49684781	100554073	139694083	28575336	0	0
LFQ	25	0	0	1	0	0	0	134692	0	384388	790270	349241	944808	1343552	2191691	477927	254317	0	0	395870	132413	0	0	0	5821470	1550326	523234	4423363	1717731	986296	0	49821282	100326875	139647649	28478015	0	0
LFQ	26	0	0	15	0	0	0	136295	0	384219	798039	355336	938404	1357932	2196685	484201	258990	0	0	399587	134459	0	0	0	5839423	1546663	525364	4397978	1726884	976962	0	50027815	100153713	139584436	28472011	0	0
LFQ	27	0	0	9	0	0	0	138069	0	385531	785004	350292	950872	1358006	2184974	475784	261603	0	0	394212	133404	0	0	0	5822221	1516959	528404	4381480	1698653	986152	0	50046020	100330394	139531471	28435897	0	0
LFQ	28	0	0	0	0	0	0	140748	0	399145	811642	358540	976038	1379768	2226903	481935	267886	0	0	536594	0	0	0	1109552	6184025	539414	4443660	1723623	1003033	0	795842	49226921	100085027	139720823	28284292	0	0
LFQ	29	0	0	0	0	0	0	144552	0	402291	829911	367566	999122	1413232	2245061	497809	268095	0	0	409275	135657	0	0	0	5748381	1555979	549112	4489963	1754183	1005847	0	49984902	100181736	139490390	28222347	0	0
LFQ	30	0	0	0	0	0	0	145312	0	410828	822325	369784	1020452	1412649	2244979	501011	271771	0	0	545051	0	0	0	1133065	6239032	555265	4514475	1755128	1019882	0	803632	49126458	99920362	139666113	28217837	0	0
LFQ	31	0	0	0	0	0	150284	0	411118	851130	375545	1032436	1441396	2250411	515019	274294	0	0	415047	141323	0	0	0	1139620	6320460	556737	4546095	1791060	1014024	0	812425	49175814	99926181	139411706	28143286	0	0
LFQ	32	0	0	0	0	0	150741	0	421342	876273	384355	1049147	1457317	2270151	522518	278525	0	0	420353	141146	0	0	0	1161194	6297470	564981	4604799	1814002	1018213	0	823224	49212726	99911495	139277461	28037978	0	0
LFQ	33	0	0	0	0	0	151917	0	424497	891197	391110	1062411	1464501	2274660	532934	278760	0	0	433887	140095	0	0	0	1153731	6302560	554778	4613512	1808593	1018944	0	838585	49073924	99907155	139374814	28002846	0	0
LFQ	34	0	0	0	0	0	160319	0	440920	901427	389512	1098269	1495782	2318659	536458	286797	0	0	430747	146765	0	0	0	1188420	6314546	572160	4696657	1830796	1050349	0	831065	49101499	99777687	139191393	27935184	0	0
LFQ	35	0	0	0	0	0	157810	0	432531	899961	395713	1096358	1500833	2290234	536359	289743	0	0	427119	144489	0	0	0	1180081	6315644	571060	4645576	1816054	1030781	0	823692	49178859	100046712	139033434	27882368	0	0
LFQ	36	0	0	19	0	0	161755	0	441551	924261	396569	1105692	1505368	2312693	540023	289466	0	0	434959	148133	0	0	0	1192887	6367074	576239	4712029	1854182	1036348	0	839039	49013382	99901180	139119251	27823311	0	0
LFQ	37	0	0	34	0	0	163478	0	439580	927669	407657	1122369	1531529	2321329	556919	294298	0	0	438979	147426	0	0	0	1189745	6377072	581202	4724949	1868790	1037769	0	841535	49037079	99763520	139065371	27857112	0	0
LFQ	38	0	0	0	0	0	166407	0	462832	954244	409072	1150153	1551785	2364782	553336	298834	0	0	448570	150251	0	0	0	1222009	6390306	584005	4806617	1880272	1062773	0	854037	49020001	99717011	138856792	27791322	0	0
LFQ	39	0	0	2	0	0	166740	0	456886	958681	418807	1159763	1553777	2354680	565389	301136	0	0	445285	148963	0	0	0	1224500	6331669	597285	4810429	1900031	1053279	0	848354	49019071	99503134	139104426	27773124	0	0
LFQ	40	0	0	6	0	0	172236	0	465077	986919	418802	1182597	1582430	2376700	572957	305235	0	0	453732	151082	0	0	0	1235932	6353893	597369	4868144	1922955	1067917	0	862515	49090730	99422353	138883689	27722141	0	0
LFQ	41	0	0	6	0	0	176356	0	476447	993884	425752	1212689	1604271	2392764	578530	311143	0	0	454735	156412	0	0	0	1259054	6439077	614818	4917550	1943525	1082937	0	862513	49173311	99253145	138659677	27706815	0	0
LFQ	42	0	0	0	0	0	174661	0	467764	998823	434254	1186534	1612336	2383833	586736	310242	0	0	467409	152225	0	0	0	1234134	6466497	601742	4853087	1921084	1057819	0	874673	49168505	99289442	138684429	27769182	0	0
LFQ	43	0	0	0	0	0	180647	0	486364	996780	428594	1212412	1626961	2434206	568199	323611	0	0	457002	155599	0	0	0	1256400	6383738	629016	4884939	1923648	1080581	0	854371	49119172	99051320	138858914	27782937	0	0
LFQ	44	0	0	0	0	0	184085	0	498061	1072927	441939	1241156	1663468	2471058	602151	319795	0	0	487703	158504	0	0	0	1287387	6494352	616892	5039509	2003270	1103294	0	901882	48979333	99037683	138411046	27679916	0	0
LFQ	45	0	0	518	0	0	183386	0	493467	1031818	445157	1249962	1664607	2450446	602452	324514	0	0	468333	158377	0	0	0	1279738	6459054	626902	4980058	1963899	1095299	0	871051	49037122	99147820	138463708	27697723	0	0
LFQ	46	0	0	1	0	0	187067	0	501725	1045739	444218	1255918	1667216	2470906	597345	328264	0	0	473845	160095	0	0	0	1290982	6487468	627377	5020293	1979468	1103756	0	884411	49159418	98921065	138409698	27679136	0	0
LFQ	47	0	0	83	0	0	191664	0	499544	1041968	443388	1269034	1670546	2460900	591028	330158	0	0	469718	161889	0	0	0	1290944	6466645	638989	5009194	1966102	1107233	0	874321	49104874	99065003	138390772	27651414	0	0
LFQ	48	0	0	0	0	0	194551	0	522696	1091497	457107	1297567	1722343	2516483	615487	334060	0	0	489778	162982	0	0	0	1322183	6471209	645922	5109940	2020262	1122099	0	900346	48959392	98942445	138208992	27588070	0	0
LFQ	49	0	0	0	0	0	196582	0	525420	1110420	467022	1303225	1734296	2534175	624966	337810	0	0	499362	165251	0	0	0	1330725	6538006	641462	5145894	2036617	1125269	0	911756	48962961	98752506	138180727	27570959	0	0
LFQ	50	0	0	65	0	0	198151	0	527156	1109735	461718	1324747	1747833	2551872	623574	344118	0	0	494677	167095	0	0	0	1330790	6567612	647892	5166612	2039483	1132540	0	906179	48734183	98871479	138185929	27561971	0	0
LFQ	51	0	0	0	0	0	197533	0	527105	1098546	467400	1325530	1743318	2559785	622251	349921	0	0	487546	163971	0	0	0	1323266	6457070	651662	5120402	2021507	1122480	0	887718	48881518	98815432	138317230	27554220	0	0
LFQ	52	0	0	0	0	0	202131	0	539977	1121575	470328	1342835	1767240	2585810	622612	351840	0	0	494447	165484	0	0	0	1345197	6453943	666353	5187393	2042081	1137256	0	899524	48948864	98741950	138158277	27450294	0	0
LFQ	53	0	0	0	0	0	206145	0	546084	1145979	474491	1366189	1783095	2593056	642294	348348	0	0	505851	171114	0	0	0	1361202	6578102	663698	5251273	2080190	1146889	0	919717	48811675	98505018	138136888	27458113	0	0
LFQ	54	0	0	144	0	0	203884	0	545383	1140701	479812	1375025	1797637	2600353	643646	356967	0	0	499531	170279	0	0	0	1362573	6546024	670880	5246288	2074487	1147249	0	907299	48795015	98570140	138054598	27507496	0	0
LFQ	55	0	0	0	0	0	208451	0	547219	1156713	482848	1369358	1797151	2601545	643367	353942	0	0	508166	170074	0	0	0	1360947	6540552	664661	5244576	2078388	1143145	0	917327	48804185	98681759	137924956	27496081	0	0
LFQ	56	0	0	809	0	0	212313	0	551707	1158118	478775	1377747	1801792	2607510	643178	355537	0	0	504769	171876	0	0	0	1368673	6541940	670325	5270660	2084887	1153136	0	916584	48851301	98558740	137926498	27488536	0	0
LFQ	57	0	0	118	0	0	212416	0	552549	1148408	482227	1388810	1811785	2609873	638850	362112	0	0	503218	172280	0	0	0	1371339	6560814	678311	5269722	2073024	1149212	0	908153	48859921	98584453	137959638	27398178	0	0
LFQ	58	0	0	0	0	0	219204	0	572526	1206235	495512	1421480	1856858	2687260	660313	370547	0	0	524339	177336	0	0	0	1406179	6623009	687623	5371312	2139991	1172045	0	936349	48921307	98297004	137590945	27358037	0	0
LFQ	59	0	0	0	0	0	223130	0	589482	1239454	509841	1456646	1895499	2719693	675679	380014	0	0	537083	181310	0	0	0	1436528	6655026	698640	5462137	2184248	1191717	0	954832	48810167	98186054	137349677	27358554	0	0
LFQ	60	0	0	0	0	0	220364	0	576893	1231640	512163	1439633	1890894	2703300	679731	377210	0	0	533483	176661	0	0	0	1415241	6615698	689366	5410046	2160822	1179613	0	946215	48831305	98177079	137448441	27479613	0	0
LFQ	61	0	0	0	0	0	225524	0	594917	1241812	507175	1463361	1904898	2741198	671453	379841	0	0	535207	181982	0	0	0	1439721	6630936	705602	5483163	2176942	1196371	0	949988	48739046	98077739	137497317	27351218	0	0
LFQ	62	0	0	0	0	0	225966	0	603245	1265288	518826	1486330	1932177	2767280	697124	380063	0	0	549487	182933	0	0	0	1454056	6657351	702936	5535655	2211719	1207002	0	972901	48600973	98025776	137385102	27333221	0	0
LFQ	63	0	0	22	0	0	226850	0	592403	1240075	521306	1482912	1913883	2757798	686407	388942	0	0	531758	182206	0	0	0	1435865	6624000	704902	5463251	2175755	1190059	0	936144	48589829	98006123	137661518	27383403	0	0
LFQ	64	0	0	0	0	0	233583	0	612107	1294241	524885	1499906	1951484	2804888	695016	393414	0	0	550662	187026	0	0	0	1463557	6732873	714339	5556580	2224854	1210255	0	962483	48623562	97853085	137320651	27285960	0	0
LFQ	65	0	0	0	0	0	234306	0	610178	1278360	531423	1509919	1965893	2791735	703329	394644	0	0	550224	185051	0	0	0	1459059	6670754	713181	5542814	2220286	1203845	0	962702	48602419	98017561	137274073	27273655	0	0
LFQ	66	0	0	0	0	0	236959	0	622458	1290960	533822	1516552	1980196	2833766	699270	400476	0	0	547812	185083	0	0	0	1468736	6649888	725854	5550947	2222407	1209708	0	952448	48514386	97992306	137277997	27283380	0	0
LFQ	67	0	0	0	0	0	242481	0	637933	1346941	544308	1546303	2016219	2884811	716662	404380	0	0	567815	189713	0	0	0	1501704	6729165	728049	5670873	2275656	1234219	0	981130	48505593	97788457	136954788	27228211	0	0
LFQ	68	0	0	0	0	0	243091	0	626343	1306655	542441	1548062	1999733	2848945	714021	403072	0	0	553631	191368	0	0	0	1491281	6721362	723920	5629382	2256019	1226798	0	967620	48639667	97777454	137044234	27240312	0	0
LFQ	69	0	0	150	0	0	243105	0	631358	1293099	537472	1559809	1997673	2858258	702300	412232	0	0	545180	192683	0	0	0	1496259	6690620	741509	5632360	2239411	1233549	0	955471	48727712	97770107	136991518	27243576	0	0
LFQ	70	0	0	0	0	0	249576	0	642815	1331539	545542	1580188	2024096	2885147	717164	407546	0	0	562320	195498	0	0	0	1517769	6707142	747425	5702255	2271451	1246728	0	979947	48536181	97698653	136956307	27190122	0	0
LFQ	71	0	0	0	0	0	250140	0	648822	1341653	553270	1596310	2042969	2916460	730231	409756	0	0	564987	196398	0	0	0	1525261	6723012	744515	5715053	2292600	1251743	0	977921	48500708	97495460	137006807	27211335	0	0
LFQ	72	0	0	1054	0	0	255172	0	662513	1360911	563832	1614102	2089978	2965693	735725	427955	0	0	569996	198430	0	0	0	1537964	6713609	760914	5756379	2308074	1258402	0	978355	48493721	97355158	136878395	27209079	0	0
LFQ	73	0	0	0	0	0	257106	0	675715	1409153	576558	1630042	2123931	3003929	750888	433861	0	0	593637	198224	0	0	0	1562461	6774970	763122	5828187	2350836	1267382	0	1005627	48438670	97326850	136613642	27110620	0	0
LFQ	74	0	0	0	0	0	257928	0	677142	1406422	576019	1633049	2116383	3013452	749045	434997	0	0	587831	198150	0	0	0	1560643	6758790	764176	5814635	2349929	1268465	0	997206	48427195	97370872	136627079	27106003	0	0
LFQ	75	0	0	0	0	0	259361	0	674330	1396315	577393	1637792	2110831	3007153	742923	437508	0	0	580865	198352	0	0	0	1554617	6745756	767797	5790776	2326170	1263816	0	983332	48469086	97416315	136638590	27116333	0	0
LFQ	76	0	0	0	0	0	264596	0	681063	1407955	578844	1645035	2136838	3033548	753239	437195	0	0	587185	200166	0	0	0	1563373	6773847	765659	5820785	2344241	1271281	0	993947	48338826	97347006	136631312	27119470	0	0
LFQ	77	0	0	0	0	0	267700	0	691221	1420708	576675	1659154	2151457	3062564	754136	445847	0	0	587359	203609	0	0	0	1578814	6772343	775513	5869284	2364847	1286516	0	994589	48269082	97288085	136558894	27117014	0	0
LFQ	78	0	0	0	0	0	269977	0	706879	1451077	589904	1693831	2184821	3101528	763091	450447	0	0	600024	207154	0	0	0	1609424	6780439	787620	5950311	2404199	1305695	0	1013576	48263350	97138943	136319309	27103812	0	0
LFQ	79	0	0	0	0	0	271386	0	712738	1479871	594061	1710836	2197525	3119074	783378	445623	0	0	610213	208219	0	0	0	1619334	6838385	784827	6006162	2434188	1311959	0	1027803	48181961	97043194	136241779	27072895	0	0
LFQ	80	0	0	0	0	0	271831	0	705089	1443151	593926	1704934	2185252	3098302	778636	448422	0	0	595937	208774	0	0	0	1608759	6824490	784307	5959492	2405179	1304848	0	1008300	48240538	97143641	136328104	27053499	0	0
LFQ	81	0	0	1605	0	0	274847	0	707442	1455161	593881	1710276	2190956	3110094	773238	456996	0	0	601003	209433	0	0	0	1612669	6823111	791260	5976134	2418573	1305420	0	1012551	48221021	97050125	136365094	27034521	0	0
LFQ	82	0	0	0	0	0	281779	0	723408	1489949	600116	1734034	2211926	3145869	783368	460119	0	0	612548	213496	0	0	0	1638244	6876129	795676	6034859	2457938	1319269	0	1029795	48216290	96879689	136206171	26984739	0	0
LFQ	83	0	0	0	0	0	279951	0	723942	1498870	609229	1737373	2239067	3167570	790613	464164	0	0	615716	211278	0	0	0	1643476	6875151	799189	6048426	2455141	1322354	0	1032050	48265734	96830880	136102998	26982239	0	0
LFQ	84	0	0	1922	0	0	282413	0	729840	1499091	610315	1743558	2248680	3183214	785759	471302	0	0	615180	212176	0	0	0	1646278	6852937	810212	6051904	2447847	1325965	0	1025218	48294254	96870623	135999120	26987603	0	0
LFQ	85	0	0	0	0	0	286061	0	747113	1543674	614404	1771732	2275331	3233371	800395	473403	0	0	847195	0	0	0	1674113	2259897	5440988	6141166	2502142	1346501	0	1047072	0	48171599	96657785	135925292	26936177	0	0
LFQ	86	0	0	0	0	0	287001	0	755224	1542909	625295	1796702	2296723	3249781	807515	479480	0	0	628381	218574	0	0	0	1690973	6888973	826788	6170411	2517313	1356105	0	1044324	48195943	96578179	135816742	26922075	0	0
LFQ	87	0	0	3	0	0	296205	0	778580	1599422	636007	1839346	2352767	3307038	832563	486755	0	0	878624	0	0	0	1728617	2329289	5504803	6315682	2586390	1382825	0	1080253	0	48068004	96380231	135414466	26897541	0	0
LFQ	88	0	0	0	0	0	291234	0	767461	1584105	645227	1815007	2346131	3298712	845251	484030	0	0	868655	0	0	0	1700865	2306782	5486332	6226219	2552148	1361820	0	1070705	0	48018427	96522976	135542617	26960707	0	0
LFQ	89	0	0	16	0	0	297453	0	779759	1578525	636453	1827715	2355771	3328452	816641	496705	0	0	857549	0	0	0	1717009	2283266	5447121	6239101	2542186	1372768	0	1046840	0	48006280	96528356	135640958	26896487	0	0
LFQ	90	0	0	0	0	0	299677	0	774242	1591244	646492	1825677	2354068	3321610	827469	493391	0	0	863108	0	0	0	1710471	2302399	5439625	6225448	2548927	1362527	0	1056450	0	48086908	96502939	135602037	26860702	0	0
LFQ	91	0	0	879	0	0	302962	0	776585	1578190	638764	1836283	2360945	3319168	820193	499873	0	0	862798	0	0	0	1711673	2274293	5519483	6234650	2533096	1371372	0	1046808	0	48085368	96441879	135615582	26864567	0	0
LFQ	92	0	0	0	0	0	305716	0	787882	1591317	649384	1852965	2377079	3343004	824916	511931	0	0	873809	0	0	0	1730790	2302477	5504969	6281734	2562373	1385018	0	1059746	0	48053689	96371608	135471820	26853184	0	0
LFQ	93	0	0	0	0	0	318704	0	817444	1671834	664784	1900711	2439585	3420039	846833	513800	0	0	910545	0	0	0	1788764	2398006	5546175	6436320	2646475	1418345	0	1094241	0	47758303	96252815	135059465	26792223	0	0
LFQ	94	0	0	0	0	0	314952	0	824703	1707665	682028	1916295	2467416	3455131	877505	506585	0	0	921806	0	0	0	1799286	2434168	5527863	6494191	2691327	1417346	0	1114741	0	47828644	96110307	134790770	26812682	0	0
LFQ	95	0	0	301	0	0	315817	0	831385	1680801	680663	1938429	2472254	3458385	866486	521823	0	0	911016	0	0	0	1806893	2402710	5548377	6499842	2677681	1426123	0	1097337	0	47908601	95916906	134963824	26769757	0	0
LFQ	96	0	0	0	0	0	311990	0	825722	1714429	679371	1932885	2483312	3469570	874588	522120	0	0	922236	0	0	0	1801800	2428370	5485016	6507571	2689416	1423442	0	1117528	0	47889481	95918337	134956411	26741816	0	0
LFQ	97	0	0	0	0	0	312930	0	826118	1677973	670166	1928908	2456945	3458461	861324	521087	0	0	900994	0	0	0	1790776	2389464	5482204	6438825	2645912	1419392	0	1086016	0	47882094	96037514	135143548	26764760	0	0
LFQ	98	0	0	0	0	0	317244	0	843648	1693804	679624	1969147	2505230	3503411	864149	530612	0	0	908031	0	0	0	1817759	2399715	5507679	6518326	2668551	1437864	0	1085046	0	47751316	95954791	135002938	26736526	0	0
LFQ	99	0	0	0	0	0	325199	0	859806	1735569	704733	1985359	2546646	3547026	896873	532424	0	0	936928	0	0	0	1843646	2454545	5550829	6601293	2736439	1450199	0	1122208	0	47694373	95737999	134681908	26751409	0	0
LFQ	100	0	0	0	0	0	323593	0	867007	1767795	698552	2000227	2571246	3589563	890563	545956	0	0	941325	0	0	0	1852500	2478775	5480182	6651273	2750991	1465160	0	1125930	0	47732729	95663345	134598993	26699706	0	0
LFQ	101	0	0	0	0	0	331654	0	889073	1792948	707440	2037281	2600071	3630625	911282	544161	0	0	957930	0	0	0	1886903	2509726	5536447	6726984	2796011	1485788	0	1138954	0	47679439	95487520	134427617	26617557	0	0
LFQ	102	0	0	0	0	0	330922	0	895816	1813488	723356	2067167	2626929	3638204	924148	553406	0	0	960097	0	0	0	1899921	2526983	5549321	6761425	2802414	1479855	0	1138271	0	47658091	95512125	134265813	26567659	0	0
LFQ	103	0	0	84	0	0	333261	0	897167	1817561	728552	2059260	2635043	3646883	934432	549777	0	0	968453	0	0	0	1903045	2535524	5539576	6770291	2818221	1481103	0	1148113	0	47758772	95411053	134167583	26591657	0	0
LFQ	104	0	0	0	0	0	340297	0	916101	1847024	727624	2089550	2662682	3700295	932828	563970	0	0	984953	0	0	0	1935540	2567637	5560885	6853165	2860576	1503723	0	1162070	0	47636955	95298854	134010984	26539698	0	0
LFQ	105	0	0	2	0	0	344442	0	924361	1894563	754888	2111282	2706357	3742392	962953	570081	0	0	1000515	0	0	0	1955347	2615963	5576798	6919082	2912745	1509451	0	1181402	0	47532914	95181813	133778203	26519857	0	0
LFQ	106	0	0	0	0	0	348192	0	940130	1913909	751183	2127385	2722131	3769157	965492	573565	0	0	1010610	0	0	0	1971414	2632408	5588956	6959248	2928703	1518199	0	1185762	0	47478084	95152481	133682681	26475721	0	0
LFQ	107	0	0	0	0	0	338752	0	923898	1891652	751514	2111711	2713210	3752666	960401	571830	0	0	993477	0	0	0	1946750	2609086	5556258	6903036	2890934	1509351	0	1172322	0	47404049	95349740	133797768	26547006	0	0
LFQ	108	0	0	0	0	0	346379	0	925439	1854196	742921	2117943	2700378	3762353	931038	580316	0	0	977200	0	0	0	1936861	2550234	5556106	6856443	2843277	1507862	0	1139662	0	47396828	95317936	134069103	26582936	0	0
LFQ	109	0	0	0	0	0	353915	0	953697	1906425	750883	2149009	2736312	3805106	948101	585284	0	0	999286	0	0	0	1978678	2608375	5578115	6954588	2900848	1527440	0	1159475	0	47329005	95115913	133822921	26532035	0	0
LFQ	110	0	0	0	0	0	347341	0	934221	1888668	753512	2127920	2716766	3763201	957740	578255	0	0	992257	0	0	0	1957220	2604406	5566907	6919549	2888396	1515193	0	1164302	0	47453186	95208490	133825608	26532273	0	0
LFQ	111	0	0	625	0	0	351797	0	950703	1879505	736082	2157591	2731100	3792958	938554	589152	0	0	989888	0	0	0	1980149	2590783	5581075	6973643	2891403	1537859	0	1154035	0	47380776	95078102	133909015	26500616	0	0
LFQ	112	0	0	0	0	0	356087	0	976240	1958886	777436	2204092	2798665	3870655	984488	593315	0	0	1021131	0	0	0	2025853	2678426	5578002	7091290	2980954	1551061	0	1193694	0	47327722	94838071	133437419	26451924	0	0
LFQ	113	0	0	0	0	0	356500	0	970411	1970479	778390	2207918	2798826	3878386	976164	600943	0	0	1019839	0	0	0	2019265	2671567	5585481	7075354	2966357	1550472	0	1183317	0	47405078	94824673	133456460	26399531	0	0
LFQ	114	0	0	0	0	0	365535	0	991405	1987322	792061	2238877	2854981	3922839	983227	613900	0	0	1034651	0	0	0	2048330	2693468	5617050	7158861	2998494	1565027	0	1192678	0	47361902	94630182	133295590	26349031	0	0
LFQ	115	0	0	301	0	0	367821	0	999138	2016305	803122	2246956	2872585	3971426	1003514	624217	0	0	1052311	0	0	0	2058099	2724371	5623682	7191905	3033733	1571628	0	1213260	0	47264894	94662412	133040303	26353428	0	0
LFQ	116	0	0	0	0	0	374360	0	997020	1995842	793838	2243220	2855388	3945437	984166	617892	0	0	1040504	0	0	0	2053385	2692313	5623681	7145526	3000371	1565140	0	1193447	0	47159479	94804848	133241308	26368246	0	0
LFQ	117	0	0	0	0	0	372555	0	1010694	2012133	796602	2263739	2880169	3992336	990770	624235	0	0	1040730	0	0	0	2065759	2714516	5618126	7200089	3020846	1579242	0	1190916	0	47200371	94603547	133197180	26320856	0	0
LFQ	118	0	0	0	0	0	373346	0	1024946	2041414	804975	2297350	2926250	4036704	1001364	634828	0	0	1053679	0	0	0	2095866	2745807	5641014	7294815	3059942	1600155	0	1207861	0	47184150	94460206	132950437	26260302	0	0
LFQ	119	0	0	0	0	0	374435	0	1039507	2065667	814762	2325173	2948602	4073980	1015557	641600	0	0	1068793	0	0	0	2114049	2771300	5622088	7353813	3092632	1612853	0	1222634	0	47075389	94369527	132828649	26264401	0	0
LFQ	120	0	0	0	0	0	375780	0	1049357	2080346	823998	2341222	2969634	4100175	1021916	643756	0	0	1076521	0	0	0	2132747	2786552	5638166	7385649	3117569	1625157	0	1229019	0	46980727	94328794	132683136	26305190	0	0
LFQ	121	0	0	0	0	0	381037	0	1062673	2108400	833994	2357408	2996097	4134224	1033725	650233	0	0	1084793	0	0	0	2149894	2822271	5652621	7446852	3148460	1633771	0	1237912	0	46943733	94209561	132536490	26271262	0	0
LFQ	122	0	0	0	0	0	385463	0	1073183	2124159	837259	2383279	3029399	4182996	1047311	655856	0	0	1091755	0	0	0	2161677	2823242	5654167	7489367	3175663	1645696	0	1242708	0	46910530	94124446	132452864	26204391	0	0
LFQ	123	0	0	105	0	0	382942	0	1070124	2090088	829788	2385297	3004264	4146954	1022606	659466	0	0	1071125	0	0	0	2154160	2791396	5631110	7446027	3119212	1638553	0	1219014	0	46956129	94237510	132596942	26242599	0	0
LFQ	124	0	0	0	0	0	384931	0	1071099	2089718	831385	2385509	2998698	4150991	1031457	657235	0	0	1069321	0	0	0	2159892	2788130	5653276	7427469	3121703	1637080	0	1214792	0	46921769	94229960	132637270	26233726	0	0
LFQ	125	0	0	0	0	0	392164	0	1092586	2119869	846865	2418500	3043867	4203401	1040109	668294	0	0	1086054	0	0	0	2191170	2821902	5675836	7518427	3161456	1657704	0	1230553	0	46874214	94126199	132347389	26178852	0	0
LFQ	126	0	0	0	0	0	396699	0	1120462	2198728	876526	2468394	3130656	4309983	1067151	689816	0	0	1124399	0	0	0	2245326	2898140	5697647	7673376	3266546	1687902	0	1263306	0	46739356	93796364	131891627	26153007	0	0
LFQ	127	0	0	808	0	0	400071	0	1125930	2248833	894208	2474376	3151108	4351720	1096115	690180	0	0	1147088	0	0	0	2257781	2952268	5690649	7740497	3322821	1695745	0	1292618	0	46788694	93617580	131643829	26112492	0	0
LFQ	128	0	0	0	0	0	404271	0	1126710	2227801	875553	2486199	3139525	4323429	1071718	693824	0	0	1136776	0	0	0	2258203	2932150	5733370	7731692	3289807	1698525	0	1275947	0	46733932	93721540	131755748	26078691	0	0
LFQ	129	0	0	0	0	0	404156	0	1160697	2283588	892594	2534887	3203640	4419618	1103258	700057	0	0	1155738	0	0	0	2309490	3000231	5686746	7864552	3370933	1733406	0	1298566	0	46642775	93490738	131406115	26033626	0	0
LFQ	130	0	0	3	0	0	403153	0	1167782	2310678	920941	2571262	3238873	4451683	1117690	711795	0	0	1167921	0	0	0	2324289	3031218	5709767	7929732	3402198	1733467	0	1319318	0	46494254	93349803	131327882	26011702	0	0
LFQ	131	0	0	0	0	0	418863	0	1207646	2396447	950292	2622299	3313936	4551577	1149635	723028	0	0	1210831	0	0	0	2392453	3114454	5735915	8105661	3516805	1770296	0	1352337	0	46426876	92994411	130831154	25910495	0	0
LFQ	132	0	0	14607	0	0	416346	0	1201036	2416075	960287	2611196	3322856	4563051	1171204	723678	0	0	1215762	0	0	0	2376858	3127599	5727327	8081926	3529663	1762875	0	1366440	0	46523446	93039198	130642360	25901621	0	0
LFQ	133	0	0	0	0	0	418812	0	1200153	2362634	940141	2619771	3319654	4542546	1132665	735980	0	0	1191616	0	0	0	2368982	3059467	5728247	8030908	3448319	1760856	0	1327129	0	46413079	93147907	131024116	25922429	0	0
LFQ	134	0	0	0	0	0	419852	0	1210788	2389072	948584	2632105	3349245	4587864	1147127	735442	0	0	1207570	0	0	0	2390247	3097246	5722475	8107533	3511173	1775645	0	1350712	0	46417437	93018686	130797758	25878850	0	0
LFQ	135	0	0	10	0	0	421388	0	1218892	2382191	937947	2640426	3321239	4584050	1138505	734805	0	0	1197614	0	0	0	2389032	3104200	5747318	8110349	3494131	1783410	0	1342299	0	46443725	93007838	130826867	25869175	0	0
LFQ	136	0	0	0	0	0	427177	0	1233486	2402775	958160	2686143	3353928	4592822	1148024	744436	0	0	1208850	0	0	0	2426845	3131535	5810145	8172236	3524694	1789031	0	1344973	0	46321481	92911902	130688246	25818522	0	0
LFQ	137	0	0	0	0	0	436831	0	1265969	2512601	993748	2731095	3434271	4712952	1207613	755456	0	0	1265072	0	0	0	2491209	3242731	5818353	8391778	3677829	1830664	0	1407716	0	46237672	92605088	129910921	25765842	0	0
LFQ	138	0	0	0	0	0	429347	0	1254272	2486535	991416	2725852	3439813	4702100	1190053	774694	0	0	1243849	0	0	0	2463628	3206180	5805965	8320917	3623327	1818878	0	1386485	0	46268293	92753747	130005591	25804469	0	0
LFQ	139	0	0	0	0	0	433938	0	1245755	2459041	969511	2709058	3404713	4683351	1157844	762693	0	0	1226986	0	0	0	2438257	3173394	5784167	8245192	3550173	1811913	0	1355877	0	46237966	92877324	130356040	25812218	0	0
LFQ	140	0	0	156	0	0	443785	0	1286126	2477934	990937	2770832	3469049	4742936	1171188	777010	0	0	1241188	0	0	0	2499779	3194879	5837655	8349278	3606317	1836935	0	1365088	0	46028107	92637038	130204973	25764221	0	0
LFQ	141	0	0	0	0	0	444644	0	1319715	2591915	1026008	2825911	3556101	4901740	1223827	790019	0	0	1291288	0	0	0	2549246	3309882	5789829	8581024	3756227	1879617	0	1431162	0	45973448	92232381	129521658	25699769	0	0
LFQ	142	0	0	0	0	257771	0	780470	1539420	612429	1669584	2086197	2838093	704852	472930	194844	0	557908	0	1499288	1944336	3360332	4974594	2183343	1084512	0	825956	0	26120980	52266847	73429670	14537609	0	0	0	0	0
LFQ	143	0	0	0	0	0	255350	0	771434	1520924	615569	1648715	2061807	2819553	696424	471670	0	190097	551715	0	0	1478997	1925637	730872	7548554	2147530	1068886	0	815721	0	0	26192377	52388894	73503264	14537975	0	0
LFQ	144	0	0	0	0	0	251964	0	736955	1438352	575020	1597279	1987488	2724844	648207	463525	0	0	697924	0	0	0	1414069	1830873	3373231	4735520	2018762	1038431	0	765270	0	26260496	52745730	74057457	14580568	0	0
LFQ	145	0	0	0	0	0	258988	0	756338	1427945	567974	1622553	1992944	2737352	640368	467478	0	0	695889	0	0	0	1439040	1827298	3387484	4765259	2021176	1051148	0	754555	0	26171742	52625998	74162620	14567816	0	0
LFQ	146	0	0	0	0	0	255350	0	749512	1444347	585510	1623304	2004972	2751025	652580	473336	0	0	514033	184595	0	0	0	1438350	1842674	3374008	4770566	2035394	1050117	0	764472	0	26233099	52608792	73995516	14590413	0
LFQ	147	0	0	0	0	0	258445	0	750858	1424963	572062	1616886	1988345	2727509	632423	473847	0	0	502497	188637	0	0	0	1433948	1819402	3392555	4743389	2011564	1045273	0	752146	0	26242729	52654504	74133579	14576404	0
LFQ	148	0	0	0	0	0	270546	0	807081	1541393	610285	1704060	2116541	2892877	681687	497275	0	0	750246	0	0	0	1522810	1939183	3404852	4999791	2168962	1101539	0	806482	0	26005313	52195588	73473731	14451723	0	0
LFQ	149	0	0	0	0	0	275790	0	836630	1627955	657067	1755027	2191066	2995375	735702	503430	0	203503	582948	0	0	1564228	2019701	779717	7751204	2271077	1117914	0	848466	0	0	25890538	52010823	72897741	14426063	0	0
LFQ	150	0	0	159565	0	0	277554	0	849222	1656293	656651	1776922	2206811	3031395	742190	508908	0	211530	586716	0	0	1579083	2047852	3403360	5197021	2309406	1137081	0	860654	0	25829536	51865518	72700616	14348081	0	0	0
# GC Content of first fragments. Use `grep ^GCF | cut -f 2-` to extract this part.
GCF	0.25	472
GCF	0.75	498
GCF	1.26	566
GCF	2.01	872
GCF	2.76	1098
GCF	3.27	1204
GCF	4.02	1372
GCF	4.77	1463
GCF	5.28	1892
GCF	6.03	2017
GCF	6.78	2246
GCF	7.29	2482
GCF	8.04	2936
GCF	8.79	3340
GCF	9.30	3878
GCF	10.05	4442
GCF	10.80	5499
GCF	11.31	6818
GCF	12.06	8604
GCF	12.81	11145
GCF	13.32	14071
GCF	14.07	18368
GCF	14.82	24226
GCF	15.33	32600
GCF	16.08	44612
GCF	16.83	61206
GCF	17.34	84663
GCF	18.09	115713
GCF	18.84	158216
GCF	19.35	215430
GCF	20.10	291221
GCF	20.85	390079
GCF	21.36	512938
GCF	22.11	665855
GCF	22.86	853723
GCF	23.37	1072443
GCF	24.12	1329489
GCF	24.87	1619792
GCF	25.38	1941679
GCF	26.13	2291121
GCF	26.88	2671838
GCF	27.39	3069136
GCF	28.14	3479702
GCF	28.89	3886390
GCF	29.40	4296527
GCF	30.15	4692436
GCF	30.90	5078863
GCF	31.41	5431704
GCF	32.16	5767410
GCF	32.91	6072218
GCF	33.42	6353180
GCF	33.92	6610348
GCF	34.67	6853702
GCF	35.43	7080761
GCF	35.93	7318170
GCF	36.68	7586031
GCF	37.44	7872169
GCF	37.94	8166007
GCF	38.69	8457373
GCF	39.45	8735892
GCF	39.95	8916772
GCF	40.70	8977411
GCF	41.46	8923176
GCF	41.96	8740473
GCF	42.71	8434012
GCF	43.47	8101108
GCF	43.97	7805504
GCF	44.72	7572238
GCF	45.48	7482396
GCF	45.98	7380940
GCF	46.73	7263494
GCF	47.49	7102201
GCF	47.99	6905988
GCF	48.74	6637595
GCF	49.50	6330876
GCF	50.00	6016861
GCF	50.75	5762864
GCF	51.51	5565010
GCF	52.01	5374962
GCF	52.76	5193249
GCF	53.52	4950143
GCF	54.02	4690567
GCF	54.77	4389774
GCF	55.53	4098527
GCF	56.03	3782839
GCF	56.78	3484927
GCF	57.54	3290074
GCF	58.04	3154769
GCF	58.79	3036416
GCF	59.55	2872431
GCF	60.05	2713001
GCF	60.80	2614779
GCF	61.56	2456566
GCF	62.06	2158157
GCF	62.81	1846517
GCF	63.57	1588864
GCF	64.07	1484117
GCF	64.82	1440420
GCF	65.58	1367779
GCF	66.08	1290616
GCF	66.58	1277475
GCF	67.34	1147898
GCF	68.09	940096
GCF	68.59	728780
GCF	69.35	600535
GCF	70.10	509547
GCF	70.60	438581
GCF	71.36	364406
GCF	72.11	303452
GCF	72.61	251477
GCF	73.37	209415
GCF	74.12	177838
GCF	74.62	155097
GCF	75.38	136566
GCF	76.13	120958
GCF	76.63	112171
GCF	77.39	104321
GCF	78.14	98049
GCF	78.64	87309
GCF	79.40	80025
GCF	80.15	67754
GCF	80.65	52693
GCF	81.41	39133
GCF	82.16	31538
GCF	82.66	25286
GCF	83.42	20615
GCF	84.17	16679
GCF	84.67	13825
GCF	85.43	12100
GCF	86.18	10507
GCF	86.68	9502
GCF	87.44	8765
GCF	88.19	8161
GCF	88.69	7389
GCF	89.45	7167
GCF	90.20	6422
GCF	90.70	5754
GCF	91.46	5125
GCF	92.21	4294
GCF	92.71	3492
GCF	93.47	2769
GCF	94.22	2044
GCF	94.72	1467
GCF	95.48	1115
GCF	96.23	809
GCF	96.73	538
GCF	97.49	445
GCF	98.24	335
GCF	98.74	344
GCF	99.50	73
# GC Content of last fragments. Use `grep ^GCL | cut -f 2-` to extract this part.
GCL	0.25	1216
GCL	0.75	2705
GCL	1.26	5846
GCL	1.76	8431
GCL	2.26	10225
GCL	2.76	14650
GCL	3.27	16719
GCL	3.77	21133
GCL	4.27	23153
GCL	4.77	26988
GCL	5.28	28808
GCL	5.78	32854
GCL	6.28	34628
GCL	6.78	36264
GCL	7.29	39166
GCL	7.79	41713
GCL	8.29	42903
GCL	8.79	43956
GCL	9.30	45533
GCL	10.05	47112
GCL	10.80	48038
GCL	11.31	49988
GCL	12.06	52071
GCL	12.81	54593
GCL	13.32	58202
GCL	13.82	60926
GCL	14.32	63591
GCL	14.82	71696
GCL	15.33	76077
GCL	15.83	89102
GCL	16.33	96965
GCL	16.83	117942
GCL	17.34	131357
GCL	17.84	165192
GCL	18.34	186709
GCL	18.84	212013
GCL	19.35	272651
GCL	19.85	353351
GCL	20.35	403436
GCL	20.85	458550
GCL	21.36	590410
GCL	22.11	753720
GCL	22.86	955727
GCL	23.37	1186559
GCL	24.12	1458703
GCL	24.87	1768620
GCL	25.38	2109053
GCL	25.88	2303533
GCL	26.38	2477654
GCL	26.88	2869126
GCL	27.39	3088229
GCL	27.89	3505717
GCL	28.39	3701206
GCL	28.89	4123902
GCL	29.40	4349316
GCL	29.90	4758677
GCL	30.40	4941817
GCL	30.90	5155568
GCL	31.41	5524418
GCL	31.91	5866748
GCL	32.41	6015204
GCL	32.91	6185443
GCL	33.42	6477453
GCL	33.92	6739481
GCL	34.42	6877527
GCL	34.92	6991726
GCL	35.43	7223987
GCL	35.93	7480621
GCL	36.43	7628765
GCL	36.93	7754268
GCL	37.44	8041509
GCL	37.94	8201408
GCL	38.44	8501303
GCL	38.94	8625446
GCL	39.45	8787097
GCL	39.95	8981873
GCL	40.45	9065213
GCL	40.95	9051276
GCL	41.46	9017448
GCL	41.96	8833205
GCL	42.71	8545988
GCL	43.47	8232900
GCL	43.97	7919017
GCL	44.72	7663200
GCL	45.48	7536381
GCL	45.98	7433085
GCL	46.48	7370015
GCL	46.98	7300969
GCL	47.49	7129029
GCL	47.99	6922605
GCL	48.49	6789345
GCL	48.99	6644873
GCL	49.50	6355989
GCL	50.00	6186132
GCL	50.50	5919450
GCL	51.01	5822712
GCL	51.51	5710689
GCL	52.01	5519843
GCL	52.51	5341068
GCL	53.02	5224434
GCL	53.52	5090929
GCL	54.02	4833204
GCL	54.77	4542890
GCL	55.53	4214048
GCL	56.03	3860087
GCL	56.78	3570273
GCL	57.54	3400384
GCL	58.04	3257026
GCL	58.54	3193373
GCL	59.05	3106072
GCL	59.55	2937204
GCL	60.05	2745096
GCL	60.55	2680305
GCL	61.06	2597141
GCL	61.56	2443757
GCL	62.06	2280019
GCL	62.56	1982535
GCL	63.07	1824932
GCL	63.57	1679321
GCL	64.07	1508410
GCL	64.57	1460440
GCL	65.08	1448540
GCL	65.58	1409751
GCL	66.08	1334725
GCL	66.58	1285184
GCL	67.09	1214094
GCL	67.59	1163286
GCL	68.09	974326
GCL	68.59	766260
GCL	69.10	688407
GCL	69.60	620548
GCL	70.10	529685
GCL	70.60	487327
GCL	71.11	410537
GCL	71.61	382418
GCL	72.11	318641
GCL	72.61	288417
GCL	73.12	241021
GCL	73.62	225968
GCL	74.12	206412
GCL	74.62	180136
GCL	75.38	160325
GCL	76.13	143554
GCL	76.63	132622
GCL	77.39	122969
GCL	78.14	115208
GCL	78.64	106661
GCL	79.15	102472
GCL	79.65	99001
GCL	80.15	87487
GCL	80.65	71748
GCL	81.16	63355
GCL	81.66	57978
GCL	82.16	48966
GCL	82.66	45188
GCL	83.17	39899
GCL	83.67	37961
GCL	84.17	34445
GCL	84.67	32872
GCL	85.18	31166
GCL	85.68	30315
GCL	86.18	29353
GCL	86.68	28358
GCL	87.44	28100
GCL	88.19	27470
GCL	88.69	27309
GCL	89.45	26962
GCL	90.20	26955
GCL	90.70	26941
GCL	91.21	26770
GCL	91.71	26667
GCL	92.21	26821
GCL	92.71	27249
GCL	93.22	26970
GCL	93.72	26959
GCL	94.22	27747
GCL	94.72	27869
GCL	95.23	29342
GCL	95.73	30116
GCL	96.23	32361
GCL	96.73	33576
GCL	97.24	37624
GCL	97.74	40429
GCL	98.24	43707
GCL	98.74	55023
GCL	99.50	82196
# ACGT content per cycle. Use `grep ^GCC | cut -f 2-` to extract this part. The columns are: cycle; A,C,G,T base counts as a percentage of all A/C/G/T bases [%]; and N and O counts as a percentage of all A/C/G/T bases [%]
GCC	1	30.01	19.97	19.98	30.04	0.00	0.00
GCC	2	29.20	20.76	20.80	29.24	0.00	0.00
GCC	3	28.60	21.35	21.40	28.65	0.00	0.00
GCC	4	28.40	21.57	21.60	28.44	0.00	0.00
GCC	5	28.66	21.31	21.33	28.69	0.00	0.00
GCC	6	28.21	21.76	21.79	28.24	0.00	0.00
GCC	7	28.41	21.56	21.58	28.45	0.00	0.00
GCC	8	28.42	21.56	21.57	28.45	0.00	0.00
GCC	9	28.51	21.47	21.48	28.53	0.00	0.00
GCC	10	28.37	21.61	21.62	28.40	0.00	0.00
GCC	11	28.44	21.56	21.55	28.45	0.00	0.00
GCC	12	28.47	21.52	21.52	28.49	0.00	0.00
GCC	13	28.54	21.46	21.45	28.56	0.00	0.00
GCC	14	28.56	21.44	21.44	28.56	0.00	0.00
GCC	15	28.55	21.44	21.44	28.57	0.00	0.00
GCC	16	28.54	21.47	21.45	28.54	0.00	0.00
GCC	17	28.51	21.50	21.48	28.52	0.00	0.00
GCC	18	28.48	21.54	21.51	28.47	0.00	0.00
GCC	19	28.49	21.52	21.50	28.49	0.00	0.00
GCC	20	28.41	21.60	21.58	28.41	0.00	0.00
GCC	21	28.39	21.62	21.60	28.38	0.00	0.00
GCC	22	28.38	21.64	21.62	28.37	0.00	0.00
GCC	23	28.33	21.69	21.66	28.33	0.00	0.00
GCC	24	28.36	21.66	21.63	28.35	0.00	0.00
GCC	25	28.31	21.71	21.68	28.30	0.00	0.00
GCC	26	28.29	21.73	21.70	28.28	0.00	0.00
GCC	27	28.31	21.72	21.68	28.29	0.00	0.00
GCC	28	28.27	21.75	21.72	28.26	0.00	0.00
GCC	29	28.30	21.72	21.69	28.29	0.00	0.00
GCC	30	28.26	21.76	21.73	28.25	0.00	0.00
GCC	31	28.25	21.77	21.75	28.23	0.00	0.00
GCC	32	28.25	21.77	21.74	28.24	0.00	0.00
GCC	33	28.25	21.77	21.74	28.23	0.01	0.00
GCC	34	28.22	21.81	21.77	28.20	0.00	0.00
GCC	35	28.23	21.79	21.75	28.22	0.00	0.00
GCC	36	28.23	21.79	21.76	28.22	0.00	0.00
GCC	37	28.22	21.81	21.78	28.20	0.00	0.00
GCC	38	28.26	21.77	21.74	28.24	0.00	0.00
GCC	39	28.23	21.80	21.76	28.20	0.00	0.00
GCC	40	28.22	21.81	21.77	28.20	0.00	0.00
GCC	41	28.20	21.83	21.79	28.18	0.02	0.00
GCC	42	28.22	21.81	21.78	28.19	0.00	0.00
GCC	43	28.20	21.83	21.79	28.18	0.00	0.00
GCC	44	28.24	21.79	21.75	28.21	0.00	0.00
GCC	45	28.21	21.82	21.78	28.18	0.00	0.00
GCC	46	28.19	21.84	21.81	28.16	0.00	0.00
GCC	47	28.21	21.82	21.78	28.18	0.00	0.00
GCC	48	28.21	21.82	21.79	28.18	0.00	0.00
GCC	49	28.19	21.84	21.79	28.17	0.00	0.00
GCC	50	28.23	21.81	21.76	28.20	0.00	0.00
GCC	51	28.19	21.85	21.81	28.15	0.00	0.00
GCC	52	28.19	21.84	21.81	28.16	0.00	0.00
GCC	53	28.21	21.82	21.79	28.17	0.00	0.00
GCC	54	28.20	21.84	21.79	28.17	0.00	0.00
GCC	55	28.21	21.83	21.79	28.17	0.00	0.00
GCC	56	28.20	21.84	21.80	28.16	0.00	0.00
GCC	57	28.19	21.85	21.81	28.15	0.00	0.00
GCC	58	28.17	21.86	21.82	28.14	0.00	0.00
GCC	59	28.20	21.83	21.79	28.17	0.00	0.00
GCC	60	28.19	21.84	21.81	28.15	0.00	0.00
GCC	61	28.18	21.85	21.82	28.15	0.01	0.00
GCC	62	28.21	21.83	21.79	28.17	0.00	0.00
GCC	63	28.18	21.86	21.82	28.14	0.00	0.00
GCC	64	28.17	21.87	21.83	28.13	0.00	0.00
GCC	65	28.19	21.85	21.81	28.16	0.00	0.00
GCC	66	28.17	21.87	21.83	28.13	0.00	0.00
GCC	67	28.19	21.85	21.81	28.15	0.00	0.00
GCC	68	28.17	21.87	21.83	28.13	0.00	0.00
GCC	69	28.16	21.88	21.84	28.12	0.00	0.00
GCC	70	28.19	21.85	21.81	28.15	0.00	0.00
GCC	71	28.17	21.87	21.83	28.14	0.00	0.00
GCC	72	28.17	21.87	21.83	28.13	0.00	0.00
GCC	73	28.17	21.87	21.82	28.14	0.00	0.00
GCC	74	28.17	21.87	21.82	28.13	0.00	0.00
GCC	75	28.18	21.86	21.82	28.14	0.00	0.00
GCC	76	28.18	21.86	21.83	28.13	0.00	0.00
GCC	77	28.18	21.86	21.83	28.13	0.00	0.00
GCC	78	28.17	21.87	21.83	28.13	0.00	0.00
GCC	79	28.17	21.87	21.83	28.13	0.00	0.00
GCC	80	28.15	21.89	21.84	28.11	0.00	0.00
GCC	81	28.16	21.88	21.83	28.12	0.00	0.00
GCC	82	28.15	21.89	21.84	28.12	0.00	0.00
GCC	83	28.15	21.89	21.85	28.11	0.00	0.00
GCC	84	28.14	21.90	21.85	28.11	0.00	0.00
GCC	85	28.15	21.90	21.85	28.11	0.00	0.00
GCC	86	28.15	21.89	21.84	28.12	0.00	0.00
GCC	87	28.15	21.88	21.84	28.12	0.00	0.00
GCC	88	28.14	21.90	21.86	28.10	0.00	0.00
GCC	89	28.14	21.90	21.85	28.10	0.00	0.00
GCC	90	28.14	21.90	21.85	28.10	0.00	0.00
GCC	91	28.13	21.91	21.87	28.09	0.00	0.00
GCC	92	28.14	21.91	21.86	28.09	0.00	0.00
GCC	93	28.16	21.89	21.83	28.12	0.00	0.00
GCC	94	28.14	21.90	21.86	28.10	0.00	0.00
GCC	95	28.13	21.91	21.86	28.10	0.00	0.00
GCC	96	28.15	21.90	21.85	28.11	0.00	0.00
GCC	97	28.15	21.90	21.85	28.10	0.00	0.00
GCC	98	28.16	21.88	21.84	28.12	0.00	0.00
GCC	99	28.14	21.91	21.86	28.10	0.00	0.00
GCC	100	28.13	21.91	21.87	28.09	0.00	0.00
GCC	101	28.13	21.91	21.87	28.09	0.00	0.00
GCC	102	28.15	21.90	21.86	28.10	0.00	0.00
GCC	103	28.12	21.92	21.88	28.08	0.00	0.00
GCC	104	28.13	21.91	21.86	28.09	0.00	0.00
GCC	105	28.12	21.92	21.87	28.08	0.00	0.00
GCC	106	28.13	21.92	21.87	28.09	0.00	0.00
GCC	107	28.15	21.90	21.85	28.11	0.00	0.00
GCC	108	28.13	21.91	21.85	28.10	0.00	0.00
GCC	109	28.13	21.92	21.86	28.09	0.00	0.00
GCC	110	28.14	21.91	21.86	28.09	0.00	0.00
GCC	111	28.13	21.91	21.86	28.09	0.00	0.00
GCC	112	28.12	21.93	21.87	28.08	0.00	0.00
GCC	113	28.12	21.93	21.87	28.07	0.00	0.00
GCC	114	28.11	21.93	21.88	28.08	0.00	0.00
GCC	115	28.12	21.93	21.87	28.08	0.00	0.00
GCC	116	28.14	21.92	21.86	28.09	0.00	0.00
GCC	117	28.10	21.95	21.89	28.06	0.00	0.00
GCC	118	28.10	21.94	21.89	28.07	0.00	0.00
GCC	119	28.13	21.93	21.86	28.08	0.00	0.00
GCC	120	28.13	21.93	21.86	28.08	0.00	0.00
GCC	121	28.11	21.94	21.88	28.07	0.00	0.00
GCC	122	28.12	21.93	21.87	28.08	0.00	0.00
GCC	123	28.12	21.93	21.87	28.08	0.00	0.00
GCC	124	28.11	21.95	21.88	28.07	0.00	0.00
GCC	125	28.11	21.94	21.87	28.08	0.00	0.00
GCC	126	28.10	21.95	21.88	28.07	0.00	0.00
GCC	127	28.09	21.97	21.90	28.05	0.00	0.00
GCC	128	28.10	21.95	21.88	28.06	0.00	0.00
GCC	129	28.10	21.95	21.89	28.06	0.00	0.00
GCC	130	28.10	21.95	21.89	28.06	0.00	0.00
GCC	131	28.09	21.97	21.90	28.04	0.00	0.00
GCC	132	28.08	21.97	21.91	28.04	0.00	0.00
GCC	133	28.09	21.96	21.89	28.06	0.00	0.00
GCC	134	28.08	21.97	21.90	28.05	0.00	0.00
GCC	135	28.08	21.97	21.91	28.05	0.00	0.00
GCC	136	28.07	21.98	21.92	28.03	0.00	0.00
GCC	137	28.06	21.98	21.93	28.02	0.00	0.00
GCC	138	28.06	21.99	21.93	28.03	0.00	0.00
GCC	139	28.08	21.97	21.91	28.04	0.00	0.00
GCC	140	28.07	21.98	21.91	28.04	0.00	0.00
GCC	141	28.07	21.98	21.92	28.04	0.00	0.00
GCC	142	28.04	21.99	21.94	28.03	0.00	0.00
GCC	143	28.04	22.00	21.95	28.02	0.00	0.00
GCC	144	28.04	21.99	21.94	28.03	0.00	0.00
GCC	145	28.03	22.00	21.96	28.01	0.00	0.00
GCC	146	28.03	22.00	21.95	28.01	0.00	0.00
GCC	147	28.01	22.02	21.97	28.00	0.00	0.00
GCC	148	28.01	22.02	21.97	28.00	0.00	0.00
GCC	149	28.01	22.02	21.97	28.00	0.00	0.00
GCC	150	28.01	22.02	21.97	27.99	0.03	0.00
# ACGT content per cycle, read oriented. Use `grep ^GCT | cut -f 2-` to extract this part. The columns are: cycle; A,C,G,T base counts as a percentage of all A/C/G/T bases [%]
GCT	1	30.28	22.16	17.80	29.77
GCT	2	30.26	20.15	21.41	28.18
GCT	3	29.02	21.23	21.53	28.22
GCT	4	28.12	21.59	21.58	28.71
GCT	5	28.38	20.65	21.99	28.98
GCT	6	28.58	21.41	22.14	27.87
GCT	7	28.35	20.77	22.37	28.50
GCT	8	28.50	21.29	21.84	28.37
GCT	9	28.25	21.40	21.56	28.80
GCT	10	28.44	21.47	21.76	28.33
GCT	11	28.36	21.51	21.61	28.53
GCT	12	28.52	21.46	21.58	28.44
GCT	13	28.61	21.32	21.58	28.48
GCT	14	28.65	21.28	21.60	28.47
GCT	15	28.55	21.39	21.49	28.57
GCT	16	28.49	21.32	21.60	28.59
GCT	17	28.51	21.40	21.58	28.52
GCT	18	28.45	21.50	21.55	28.49
GCT	19	28.39	21.42	21.60	28.60
GCT	20	28.37	21.50	21.68	28.45
GCT	21	28.45	21.50	21.72	28.32
GCT	22	28.39	21.54	21.71	28.35
GCT	23	28.28	21.68	21.66	28.38
GCT	24	28.35	21.58	21.70	28.36
GCT	25	28.29	21.58	21.81	28.31
GCT	26	28.29	21.64	21.79	28.29
GCT	27	28.26	21.65	21.75	28.34
GCT	28	28.28	21.71	21.77	28.25
GCT	29	28.33	21.65	21.76	28.25
GCT	30	28.27	21.65	21.84	28.23
GCT	31	28.27	21.67	21.85	28.21
GCT	32	28.32	21.70	21.82	28.17
GCT	33	28.31	21.63	21.89	28.17
GCT	34	28.28	21.66	21.92	28.14
GCT	35	28.30	21.67	21.88	28.15
GCT	36	28.29	21.63	21.91	28.17
GCT	37	28.28	21.66	21.93	28.13
GCT	38	28.34	21.64	21.86	28.16
GCT	39	28.31	21.68	21.89	28.12
GCT	40	28.34	21.70	21.88	28.07
GCT	41	28.29	21.72	21.90	28.08
GCT	42	28.24	21.74	21.85	28.17
GCT	43	28.28	21.76	21.85	28.10
GCT	44	28.38	21.70	21.85	28.07
GCT	45	28.29	21.71	21.90	28.10
GCT	46	28.30	21.78	21.86	28.06
GCT	47	28.32	21.73	21.87	28.07
GCT	48	28.29	21.69	21.93	28.10
GCT	49	28.29	21.72	21.92	28.08
GCT	50	28.32	21.66	21.91	28.11
GCT	51	28.30	21.74	21.92	28.04
GCT	52	28.32	21.74	21.91	28.03
GCT	53	28.32	21.69	21.92	28.07
GCT	54	28.29	21.70	21.93	28.08
GCT	55	28.34	21.70	21.91	28.04
GCT	56	28.34	21.70	21.94	28.02
GCT	57	28.30	21.74	21.93	28.03
GCT	58	28.32	21.76	21.92	28.00
GCT	59	28.32	21.72	21.91	28.05
GCT	60	28.30	21.74	21.91	28.05
GCT	61	28.31	21.76	21.92	28.02
GCT	62	28.32	21.69	21.93	28.06
GCT	63	28.31	21.71	21.97	28.01
GCT	64	28.33	21.72	21.98	27.97
GCT	65	28.32	21.70	21.95	28.03
GCT	66	28.31	21.71	21.98	28.00
GCT	67	28.36	21.71	21.95	27.98
GCT	68	28.32	21.72	21.98	27.98
GCT	69	28.28	21.80	21.93	27.99
GCT	70	28.34	21.73	21.93	28.00
GCT	71	28.32	21.69	22.00	27.99
GCT	72	28.31	21.74	21.96	27.99
GCT	73	28.32	21.75	21.94	27.99
GCT	74	28.35	21.74	21.95	27.95
GCT	75	28.37	21.74	21.95	27.95
GCT	76	28.32	21.71	21.98	27.99
GCT	77	28.31	21.71	21.98	28.00
GCT	78	28.31	21.75	21.95	27.99
GCT	79	28.32	21.71	21.99	27.98
GCT	80	28.30	21.71	22.02	27.96
GCT	81	28.33	21.70	22.01	27.95
GCT	82	28.34	21.70	22.03	27.93
GCT	83	28.32	21.72	22.01	27.95
GCT	84	28.29	21.75	22.00	27.96
GCT	85	28.31	21.74	22.00	27.95
GCT	86	28.33	21.75	21.97	27.94
GCT	87	28.29	21.74	21.99	27.98
GCT	88	28.26	21.72	22.04	27.97
GCT	89	28.32	21.73	22.03	27.93
GCT	90	28.31	21.74	22.01	27.93
GCT	91	28.28	21.76	22.01	27.95
GCT	92	28.27	21.77	22.00	27.95
GCT	93	28.32	21.68	22.04	27.96
GCT	94	28.32	21.70	22.05	27.93
GCT	95	28.28	21.75	22.02	27.95
GCT	96	28.31	21.75	21.99	27.95
GCT	97	28.33	21.74	22.01	27.92
GCT	98	28.34	21.71	22.00	27.94
GCT	99	28.26	21.71	22.05	27.97
GCT	100	28.28	21.75	22.02	27.94
GCT	101	28.32	21.75	22.03	27.91
GCT	102	28.32	21.75	22.01	27.92
GCT	103	28.28	21.78	22.02	27.92
GCT	104	28.31	21.75	22.03	27.92
GCT	105	28.30	21.73	22.06	27.90
GCT	106	28.31	21.72	22.06	27.91
GCT	107	28.32	21.68	22.06	27.94
GCT	108	28.31	21.70	22.07	27.92
GCT	109	28.32	21.70	22.08	27.90
GCT	110	28.31	21.72	22.05	27.92
GCT	111	28.30	21.72	22.05	27.93
GCT	112	28.32	21.73	22.06	27.88
GCT	113	28.34	21.76	22.05	27.85
GCT	114	28.31	21.78	22.03	27.88
GCT	115	28.30	21.76	22.04	27.89
GCT	116	28.33	21.69	22.08	27.90
GCT	117	28.29	21.72	22.12	27.87
GCT	118	28.30	21.74	22.09	27.88
GCT	119	28.31	21.73	22.06	27.90
GCT	120	28.30	21.71	22.08	27.91
GCT	121	28.30	21.72	22.10	27.88
GCT	122	28.30	21.71	22.09	27.89
GCT	123	28.29	21.74	22.06	27.91
GCT	124	28.31	21.73	22.10	27.87
GCT	125	28.29	21.73	22.08	27.89
GCT	126	28.27	21.74	22.09	27.90
GCT	127	28.28	21.76	22.11	27.86
GCT	128	28.29	21.71	22.12	27.87
GCT	129	28.29	21.73	22.11	27.87
GCT	130	28.30	21.70	22.14	27.86
GCT	131	28.30	21.73	22.14	27.83
GCT	132	28.28	21.74	22.14	27.84
GCT	133	28.27	21.73	22.12	27.88
GCT	134	28.28	21.75	22.12	27.85
GCT	135	28.29	21.75	22.13	27.83
GCT	136	28.28	21.74	22.16	27.82
GCT	137	28.26	21.74	22.17	27.83
GCT	138	28.25	21.75	22.16	27.84
GCT	139	28.29	21.72	22.16	27.83
GCT	140	28.28	21.68	22.21	27.84
GCT	141	28.26	21.71	22.18	27.85
GCT	142	28.22	21.78	22.16	27.85
GCT	143	28.22	21.79	22.15	27.83
GCT	144	28.22	21.77	22.16	27.85
GCT	145	28.21	21.77	22.19	27.84
GCT	146	28.20	21.78	22.17	27.84
GCT	147	28.18	21.81	22.18	27.83
GCT	148	28.18	21.80	22.19	27.83
GCT	149	28.18	21.76	22.23	27.83
GCT	150	28.21	21.74	22.26	27.80
# ACGT content per cycle for first fragments. Use `grep ^FBC | cut -f 2-` to extract this part. The columns are: cycle; A,C,G,T base counts as a percentage of all A/C/G/T bases [%]; and N and O counts as a percentage of all A/C/G/T bases [%]
FBC	1	29.98	19.99	20.00	30.03	0.00	0.00
FBC	2	29.29	20.69	20.70	29.33	0.00	0.00
FBC	3	28.72	21.25	21.26	28.77	0.01	0.00
FBC	4	28.58	21.40	21.40	28.62	0.00	0.00
FBC	5	28.76	21.22	21.22	28.80	0.00	0.00
FBC	6	28.34	21.64	21.64	28.38	0.00	0.00
FBC	7	28.54	21.43	21.44	28.58	0.00	0.00
FBC	8	28.51	21.47	21.48	28.54	0.00	0.00
FBC	9	28.60	21.38	21.39	28.63	0.00	0.00
FBC	10	28.45	21.52	21.54	28.49	0.00	0.00
FBC	11	28.52	21.47	21.47	28.54	0.00	0.00
FBC	12	28.53	21.44	21.45	28.57	0.00	0.00
FBC	13	28.59	21.39	21.39	28.63	0.00	0.00
FBC	14	28.61	21.37	21.38	28.64	0.00	0.00
FBC	15	28.59	21.38	21.40	28.64	0.00	0.00
FBC	16	28.58	21.40	21.40	28.62	0.00	0.00
FBC	17	28.55	21.43	21.43	28.59	0.00	0.00
FBC	18	28.50	21.48	21.48	28.54	0.00	0.00
FBC	19	28.52	21.46	21.47	28.56	0.00	0.00
FBC	20	28.44	21.54	21.55	28.48	0.00	0.00
FBC	21	28.41	21.56	21.58	28.45	0.00	0.00
FBC	22	28.39	21.59	21.60	28.43	0.00	0.00
FBC	23	28.35	21.63	21.63	28.39	0.00	0.00
FBC	24	28.37	21.61	21.61	28.41	0.00	0.00
FBC	25	28.32	21.66	21.67	28.35	0.00	0.00
FBC	26	28.31	21.67	21.68	28.35	0.00	0.00
FBC	27	28.32	21.66	21.67	28.35	0.00	0.00
FBC	28	28.27	21.70	21.71	28.32	0.00	0.00
FBC	29	28.31	21.67	21.67	28.35	0.00	0.00
FBC	30	28.26	21.71	21.73	28.30	0.00	0.00
FBC	31	28.25	21.72	21.74	28.29	0.00	0.00
FBC	32	28.25	21.71	21.74	28.30	0.00	0.00
FBC	33	28.24	21.73	21.74	28.29	0.01	0.00
FBC	34	28.21	21.76	21.77	28.25	0.00	0.00
FBC	35	28.23	21.74	21.75	28.28	0.00	0.00
FBC	36	28.23	21.74	21.76	28.27	0.00	0.00
FBC	37	28.21	21.77	21.77	28.25	0.00	0.00
FBC	38	28.26	21.72	21.73	28.30	0.00	0.00
FBC	39	28.22	21.76	21.77	28.25	0.00	0.00
FBC	40	28.21	21.77	21.77	28.25	0.00	0.00
FBC	41	28.19	21.79	21.79	28.23	0.04	0.00
FBC	42	28.20	21.77	21.78	28.25	0.00	0.00
FBC	43	28.19	21.79	21.79	28.23	0.00	0.00
FBC	44	28.23	21.76	21.76	28.26	0.00	0.00
FBC	45	28.20	21.78	21.79	28.23	0.00	0.00
FBC	46	28.17	21.80	21.81	28.21	0.00	0.00
FBC	47	28.20	21.78	21.79	28.24	0.00	0.00
FBC	48	28.19	21.78	21.80	28.22	0.00	0.00
FBC	49	28.17	21.80	21.80	28.22	0.00	0.00
FBC	50	28.21	21.77	21.77	28.25	0.00	0.00
FBC	51	28.17	21.81	21.82	28.20	0.00	0.00
FBC	52	28.17	21.80	21.82	28.21	0.00	0.00
FBC	53	28.20	21.78	21.80	28.22	0.00	0.00
FBC	54	28.18	21.80	21.81	28.21	0.00	0.00
FBC	55	28.19	21.79	21.81	28.22	0.00	0.00
FBC	56	28.18	21.80	21.81	28.21	0.00	0.00
FBC	57	28.16	21.82	21.83	28.19	0.00	0.00
FBC	58	28.14	21.83	21.84	28.19	0.00	0.00
FBC	59	28.18	21.80	21.81	28.22	0.00	0.00
FBC	60	28.17	21.81	21.82	28.20	0.00	0.00
FBC	61	28.15	21.82	21.83	28.19	0.01	0.00
FBC	62	28.18	21.79	21.81	28.22	0.00	0.00
FBC	63	28.15	21.82	21.84	28.19	0.00	0.00
FBC	64	28.14	21.84	21.85	28.18	0.00	0.00
FBC	65	28.16	21.81	21.82	28.21	0.00	0.00
FBC	66	28.14	21.83	21.85	28.17	0.00	0.00
FBC	67	28.15	21.82	21.84	28.19	0.00	0.00
FBC	68	28.14	21.83	21.85	28.18	0.00	0.00
FBC	69	28.12	21.85	21.86	28.16	0.00	0.00
FBC	70	28.15	21.82	21.83	28.20	0.00	0.00
FBC	71	28.14	21.84	21.85	28.18	0.00	0.00
FBC	72	28.13	21.84	21.85	28.18	0.00	0.00
FBC	73	28.13	21.84	21.85	28.18	0.00	0.00
FBC	74	28.14	21.84	21.84	28.17	0.00	0.00
FBC	75	28.14	21.83	21.84	28.18	0.00	0.00
FBC	76	28.14	21.84	21.85	28.17	0.00	0.00
FBC	77	28.14	21.83	21.85	28.18	0.00	0.00
FBC	78	28.13	21.84	21.86	28.17	0.00	0.00
FBC	79	28.13	21.84	21.86	28.17	0.00	0.00
FBC	80	28.12	21.86	21.86	28.16	0.00	0.00
FBC	81	28.13	21.85	21.86	28.16	0.00	0.00
FBC	82	28.12	21.86	21.87	28.16	0.00	0.00
FBC	83	28.12	21.85	21.87	28.16	0.00	0.00
FBC	84	28.10	21.86	21.89	28.15	0.00	0.00
FBC	85	28.11	21.87	21.87	28.15	0.00	0.00
FBC	86	28.12	21.86	21.86	28.16	0.00	0.00
FBC	87	28.11	21.86	21.87	28.16	0.00	0.00
FBC	88	28.10	21.87	21.89	28.14	0.00	0.00
FBC	89	28.10	21.87	21.88	28.14	0.00	0.00
FBC	90	28.10	21.87	21.89	28.14	0.00	0.00
FBC	91	28.09	21.88	21.90	28.13	0.00	0.00
FBC	92	28.10	21.88	21.89	28.14	0.00	0.00
FBC	93	28.12	21.86	21.86	28.16	0.00	0.00
FBC	94	28.10	21.87	21.89	28.13	0.00	0.00
FBC	95	28.09	21.88	21.89	28.14	0.00	0.00
FBC	96	28.11	21.87	21.88	28.15	0.00	0.00
FBC	97	28.10	21.88	21.88	28.13	0.00	0.00
FBC	98	28.12	21.85	21.87	28.16	0.00	0.00
FBC	99	28.10	21.88	21.89	28.13	0.00	0.00
FBC	100	28.09	21.88	21.90	28.13	0.00	0.00
FBC	101	28.09	21.88	21.90	28.13	0.00	0.00
FBC	102	28.10	21.88	21.89	28.13	0.00	0.00
FBC	103	28.08	21.90	21.91	28.11	0.00	0.00
FBC	104	28.09	21.89	21.90	28.13	0.00	0.00
FBC	105	28.08	21.89	21.91	28.12	0.00	0.00
FBC	106	28.09	21.89	21.90	28.12	0.00	0.00
FBC	107	28.11	21.87	21.88	28.15	0.00	0.00
FBC	108	28.09	21.89	21.89	28.13	0.00	0.00
FBC	109	28.09	21.89	21.89	28.13	0.00	0.00
FBC	110	28.10	21.88	21.89	28.13	0.00	0.00
FBC	111	28.09	21.89	21.89	28.13	0.00	0.00
FBC	112	28.08	21.90	21.90	28.11	0.00	0.00
FBC	113	28.08	21.91	21.90	28.11	0.00	0.00
FBC	114	28.07	21.90	21.91	28.11	0.00	0.00
FBC	115	28.08	21.90	21.91	28.11	0.00	0.00
FBC	116	28.09	21.88	21.89	28.13	0.00	0.00
FBC	117	28.06	21.92	21.93	28.09	0.00	0.00
FBC	118	28.06	21.91	21.92	28.10	0.00	0.00
FBC	119	28.09	21.89	21.89	28.12	0.00	0.00
FBC	120	28.08	21.90	21.91	28.11	0.00	0.00
FBC	121	28.07	21.91	21.92	28.11	0.00	0.00
FBC	122	28.07	21.90	21.91	28.11	0.00	0.00
FBC	123	28.07	21.90	21.91	28.12	0.00	0.00
FBC	124	28.06	21.92	21.92	28.10	0.00	0.00
FBC	125	28.07	21.91	21.91	28.11	0.00	0.00
FBC	126	28.06	21.92	21.91	28.10	0.00	0.00
FBC	127	28.05	21.93	21.93	28.09	0.00	0.00
FBC	128	28.07	21.91	21.91	28.10	0.00	0.00
FBC	129	28.05	21.92	21.92	28.10	0.00	0.00
FBC	130	28.06	21.92	21.92	28.10	0.00	0.00
FBC	131	28.06	21.93	21.93	28.08	0.00	0.00
FBC	132	28.04	21.93	21.94	28.08	0.00	0.00
FBC	133	28.05	21.93	21.92	28.10	0.00	0.00
FBC	134	28.04	21.93	21.93	28.10	0.00	0.00
FBC	135	28.04	21.94	21.94	28.08	0.00	0.00
FBC	136	28.03	21.95	21.95	28.07	0.00	0.00
FBC	137	28.04	21.94	21.95	28.07	0.00	0.00
FBC	138	28.03	21.95	21.95	28.07	0.00	0.00
FBC	139	28.04	21.94	21.94	28.08	0.00	0.00
FBC	140	28.03	21.94	21.94	28.08	0.00	0.00
FBC	141	28.03	21.94	21.95	28.08	0.00	0.00
FBC	142	28.04	21.94	21.94	28.08	0.00	0.00
FBC	143	28.04	21.95	21.94	28.08	0.00	0.00
FBC	144	28.04	21.94	21.94	28.08	0.00	0.00
FBC	145	28.03	21.95	21.96	28.06	0.00	0.00
FBC	146	28.03	21.95	21.95	28.07	0.00	0.00
FBC	147	28.01	21.97	21.97	28.05	0.00	0.00
FBC	148	28.01	21.97	21.97	28.05	0.00	0.00
FBC	149	28.01	21.97	21.96	28.06	0.00	0.00
FBC	150	28.01	21.97	21.97	28.05	0.00	0.00
# ACGT raw counters for first fragments. Use `grep ^FTC | cut -f 2-` to extract this part. The columns are: A,C,G,T,N base counters
FTC	14412752503	11126971985	11130937582	14432320295	325935
# ACGT content per cycle for last fragments. Use `grep ^LBC | cut -f 2-` to extract this part. The columns are: cycle; A,C,G,T base counts as a percentage of all A/C/G/T bases [%]; and N and O counts as a percentage of all A/C/G/T bases [%]
LBC	1	30.03	19.95	19.97	30.05	0.00	0.00
LBC	2	29.12	20.83	20.90	29.15	0.00	0.00
LBC	3	28.48	21.45	21.54	28.53	0.00	0.00
LBC	4	28.22	21.74	21.79	28.25	0.00	0.00
LBC	5	28.56	21.40	21.45	28.59	0.00	0.00
LBC	6	28.08	21.89	21.93	28.11	0.00	0.00
LBC	7	28.28	21.69	21.71	28.31	0.00	0.00
LBC	8	28.34	21.65	21.67	28.35	0.00	0.00
LBC	9	28.43	21.56	21.57	28.44	0.00	0.00
LBC	10	28.29	21.70	21.71	28.31	0.00	0.00
LBC	11	28.36	21.65	21.63	28.36	0.00	0.00
LBC	12	28.41	21.60	21.58	28.41	0.00	0.00
LBC	13	28.49	21.53	21.50	28.48	0.00	0.00
LBC	14	28.50	21.52	21.49	28.48	0.00	0.00
LBC	15	28.51	21.51	21.48	28.50	0.00	0.00
LBC	16	28.49	21.54	21.50	28.46	0.00	0.00
LBC	17	28.47	21.57	21.52	28.44	0.00	0.00
LBC	18	28.45	21.61	21.54	28.40	0.00	0.00
LBC	19	28.47	21.58	21.53	28.42	0.00	0.00
LBC	20	28.38	21.67	21.61	28.34	0.00	0.00
LBC	21	28.38	21.68	21.62	28.32	0.00	0.00
LBC	22	28.37	21.69	21.64	28.31	0.00	0.00
LBC	23	28.31	21.75	21.68	28.26	0.00	0.00
LBC	24	28.36	21.71	21.64	28.29	0.00	0.00
LBC	25	28.30	21.77	21.70	28.24	0.00	0.00
LBC	26	28.28	21.79	21.72	28.22	0.00	0.00
LBC	27	28.30	21.77	21.70	28.23	0.00	0.00
LBC	28	28.26	21.81	21.74	28.19	0.00	0.00
LBC	29	28.29	21.78	21.71	28.23	0.00	0.00
LBC	30	28.26	21.81	21.74	28.19	0.00	0.00
LBC	31	28.25	21.82	21.75	28.18	0.00	0.00
LBC	32	28.25	21.82	21.75	28.18	0.00	0.00
LBC	33	28.25	21.82	21.75	28.18	0.00	0.00
LBC	34	28.22	21.86	21.78	28.14	0.00	0.00
LBC	35	28.23	21.85	21.76	28.16	0.00	0.00
LBC	36	28.24	21.83	21.76	28.17	0.00	0.00
LBC	37	28.23	21.86	21.78	28.14	0.00	0.00
LBC	38	28.26	21.82	21.74	28.17	0.00	0.00
LBC	39	28.24	21.85	21.76	28.15	0.00	0.00
LBC	40	28.23	21.85	21.77	28.14	0.00	0.00
LBC	41	28.21	21.87	21.80	28.12	0.00	0.00
LBC	42	28.24	21.85	21.77	28.14	0.00	0.00
LBC	43	28.21	21.87	21.79	28.13	0.00	0.00
LBC	44	28.26	21.83	21.75	28.16	0.00	0.00
LBC	45	28.22	21.86	21.78	28.13	0.00	0.00
LBC	46	28.21	21.87	21.80	28.11	0.00	0.00
LBC	47	28.22	21.87	21.78	28.13	0.00	0.00
LBC	48	28.23	21.86	21.78	28.13	0.00	0.00
LBC	49	28.22	21.88	21.79	28.12	0.00	0.00
LBC	50	28.25	21.85	21.76	28.14	0.00	0.00
LBC	51	28.21	21.88	21.80	28.10	0.00	0.00
LBC	52	28.21	21.88	21.80	28.11	0.00	0.00
LBC	53	28.23	21.86	21.78	28.12	0.00	0.00
LBC	54	28.23	21.87	21.78	28.12	0.00	0.00
LBC	55	28.23	21.87	21.78	28.13	0.00	0.00
LBC	56	28.22	21.88	21.79	28.11	0.00	0.00
LBC	57	28.21	21.89	21.80	28.10	0.00	0.00
LBC	58	28.20	21.89	21.81	28.10	0.00	0.00
LBC	59	28.23	21.87	21.78	28.12	0.00	0.00
LBC	60	28.22	21.88	21.79	28.11	0.00	0.00
LBC	61	28.21	21.89	21.80	28.10	0.00	0.00
LBC	62	28.23	21.87	21.77	28.13	0.00	0.00
LBC	63	28.20	21.89	21.81	28.10	0.00	0.00
LBC	64	28.19	21.90	21.81	28.09	0.00	0.00
LBC	65	28.22	21.88	21.79	28.11	0.00	0.00
LBC	66	28.21	21.90	21.80	28.09	0.00	0.00
LBC	67	28.22	21.88	21.79	28.11	0.00	0.00
LBC	68	28.20	21.91	21.81	28.08	0.00	0.00
LBC	69	28.19	21.91	21.82	28.08	0.00	0.00
LBC	70	28.22	21.88	21.79	28.11	0.00	0.00
LBC	71	28.20	21.90	21.81	28.09	0.00	0.00
LBC	72	28.20	21.90	21.81	28.09	0.00	0.00
LBC	73	28.21	21.89	21.80	28.10	0.00	0.00
LBC	74	28.20	21.90	21.81	28.09	0.00	0.00
LBC	75	28.21	21.89	21.80	28.10	0.00	0.00
LBC	76	28.21	21.89	21.80	28.09	0.00	0.00
LBC	77	28.21	21.90	21.80	28.09	0.00	0.00
LBC	78	28.21	21.89	21.81	28.09	0.00	0.00
LBC	79	28.21	21.90	21.81	28.09	0.00	0.00
LBC	80	28.18	21.93	21.82	28.07	0.00	0.00
LBC	81	28.20	21.91	21.81	28.08	0.00	0.00
LBC	82	28.19	21.92	21.81	28.07	0.00	0.00
LBC	83	28.19	21.92	21.83	28.07	0.00	0.00
LBC	84	28.18	21.93	21.82	28.07	0.00	0.00
LBC	85	28.19	21.92	21.82	28.07	0.00	0.00
LBC	86	28.19	21.92	21.82	28.08	0.00	0.00
LBC	87	28.20	21.91	21.81	28.08	0.00	0.00
LBC	88	28.18	21.93	21.83	28.07	0.00	0.00
LBC	89	28.18	21.93	21.82	28.06	0.00	0.00
LBC	90	28.18	21.92	21.82	28.07	0.00	0.00
LBC	91	28.17	21.94	21.84	28.05	0.00	0.00
LBC	92	28.17	21.94	21.84	28.05	0.00	0.00
LBC	93	28.20	21.91	21.80	28.08	0.00	0.00
LBC	94	28.18	21.92	21.82	28.07	0.00	0.00
LBC	95	28.16	21.94	21.84	28.06	0.00	0.00
LBC	96	28.18	21.93	21.82	28.07	0.00	0.00
LBC	97	28.19	21.92	21.82	28.07	0.00	0.00
LBC	98	28.20	21.91	21.81	28.08	0.00	0.00
LBC	99	28.18	21.93	21.83	28.06	0.00	0.00
LBC	100	28.17	21.94	21.83	28.06	0.00	0.00
LBC	101	28.17	21.94	21.84	28.06	0.00	0.00
LBC	102	28.19	21.92	21.82	28.06	0.00	0.00
LBC	103	28.16	21.95	21.85	28.04	0.00	0.00
LBC	104	28.17	21.94	21.83	28.06	0.00	0.00
LBC	105	28.16	21.95	21.84	28.05	0.00	0.00
LBC	106	28.17	21.95	21.83	28.05	0.00	0.00
LBC	107	28.19	21.93	21.81	28.08	0.00	0.00
LBC	108	28.18	21.94	21.82	28.07	0.00	0.00
LBC	109	28.17	21.94	21.82	28.06	0.00	0.00
LBC	110	28.17	21.94	21.82	28.06	0.00	0.00
LBC	111	28.18	21.94	21.82	28.06	0.00	0.00
LBC	112	28.16	21.96	21.83	28.05	0.00	0.00
LBC	113	28.16	21.96	21.84	28.04	0.00	0.00
LBC	114	28.15	21.96	21.85	28.04	0.00	0.00
LBC	115	28.16	21.96	21.84	28.04	0.00	0.00
LBC	116	28.18	21.95	21.82	28.05	0.00	0.00
LBC	117	28.14	21.98	21.86	28.02	0.00	0.00
LBC	118	28.14	21.97	21.85	28.03	0.00	0.00
LBC	119	28.17	21.96	21.83	28.05	0.00	0.00
LBC	120	28.17	21.95	21.82	28.05	0.00	0.00
LBC	121	28.15	21.97	21.84	28.04	0.00	0.00
LBC	122	28.16	21.95	21.84	28.05	0.00	0.00
LBC	123	28.16	21.96	21.83	28.05	0.00	0.00
LBC	124	28.15	21.97	21.84	28.03	0.00	0.00
LBC	125	28.15	21.97	21.84	28.04	0.00	0.00
LBC	126	28.15	21.98	21.85	28.03	0.00	0.00
LBC	127	28.13	22.00	21.87	28.01	0.00	0.00
LBC	128	28.14	21.98	21.85	28.03	0.00	0.00
LBC	129	28.14	21.98	21.86	28.02	0.00	0.00
LBC	130	28.14	21.97	21.86	28.03	0.00	0.00
LBC	131	28.13	22.00	21.87	28.00	0.00	0.00
LBC	132	28.12	22.00	21.88	28.00	0.00	0.00
LBC	133	28.13	21.99	21.87	28.01	0.00	0.00
LBC	134	28.12	22.00	21.87	28.00	0.00	0.00
LBC	135	28.12	22.00	21.88	28.01	0.00	0.00
LBC	136	28.11	22.01	21.89	27.99	0.00	0.00
LBC	137	28.09	22.02	21.90	27.98	0.00	0.00
LBC	138	28.09	22.02	21.90	27.99	0.00	0.00
LBC	139	28.12	22.01	21.87	28.00	0.00	0.00
LBC	140	28.11	22.02	21.88	28.00	0.00	0.00
LBC	141	28.11	22.01	21.89	28.00	0.00	0.00
LBC	142	28.04	22.07	21.95	27.93	0.00	0.00
LBC	143	28.03	22.08	21.96	27.92	0.00	0.00
LBC	144	28.06	22.07	21.94	27.94	0.00	0.00
LBC	145	28.04	22.08	21.96	27.92	0.00	0.00
LBC	146	28.03	22.09	21.96	27.92	0.00	0.00
LBC	147	28.02	22.10	21.98	27.91	0.00	0.00
LBC	148	28.01	22.11	21.98	27.90	0.00	0.00
LBC	149	28.01	22.11	21.98	27.90	0.00	0.00
LBC	150	28.01	22.11	21.98	27.90	0.08	0.00
# ACGT raw counters for last fragments. Use `grep ^LTC | cut -f 2-` to extract this part. The columns are: A,C,G,T,N base counters
LTC	14056355363	10879431046	10836445973	14011108271	189983
# Insert sizes. Use `grep ^IS | cut -f 2-` to extract this part. The columns are: insert size, pairs total, inward oriented pairs, outward oriented pairs, other pairs
IS	0	3670	0	38	3632
IS	1	857	0	82	775
IS	2	399	0	107	292
IS	3	207	0	70	137
IS	4	194	0	95	99
IS	5	173	0	113	60
IS	6	181	0	120	61
IS	7	170	0	126	44
IS	8	197	0	152	45
IS	9	169	0	135	34
IS	10	257	0	212	45
IS	11	239	0	186	53
IS	12	284	0	244	40
IS	13	253	0	206	47
IS	14	253	0	223	30
IS	15	296	0	266	30
IS	16	380	0	345	35
IS	17	402	0	361	41
IS	18	410	0	379	31
IS	19	3069	1169	1881	19
IS	20	2728	1109	1594	25
IS	21	1823	667	1141	15
IS	22	1310	391	911	8
IS	23	1040	234	783	23
IS	24	991	219	752	20
IS	25	1134	285	834	15
IS	26	1078	235	826	17
IS	27	1163	276	872	15
IS	28	1205	323	863	19
IS	29	1210	306	889	15
IS	30	1277	311	940	26
IS	31	1368	357	991	20
IS	32	1311	347	952	12
IS	33	1244	371	855	18
IS	34	1391	374	995	22
IS	35	1363	374	964	25
IS	36	1459	426	1013	20
IS	37	1478	417	1052	9
IS	38	1612	526	1063	23
IS	39	1947	640	1283	24
IS	40	2042	685	1338	19
IS	41	2127	753	1358	16
IS	42	2546	910	1605	31
IS	43	2552	917	1612	23
IS	44	2744	1072	1651	21
IS	45	2801	1104	1675	22
IS	46	2873	1131	1719	23
IS	47	3030	1190	1820	20
IS	48	3221	1336	1862	23
IS	49	3322	1339	1965	18
IS	50	3668	1481	2163	24
IS	51	4043	1643	2369	31
IS	52	4053	1666	2361	26
IS	53	4247	1745	2465	37
IS	54	4367	1855	2466	46
IS	55	4621	1848	2652	121
IS	56	4884	2032	2802	50
IS	57	4743	2016	2712	15
IS	58	4954	2062	2879	13
IS	59	4958	2043	2905	10
IS	60	5082	2173	2890	19
IS	61	5238	2219	3010	9
IS	62	5205	2233	2956	16
IS	63	5476	2328	3137	11
IS	64	5517	2377	3109	31
IS	65	5902	2598	3280	24
IS	66	5811	2479	3313	19
IS	67	6001	2602	3362	37
IS	68	5834	2523	3295	16
IS	69	6531	2761	3750	20
IS	70	6152	2696	3447	9
IS	71	6804	2971	3819	14
IS	72	6431	2860	3557	14
IS	73	6834	3083	3732	19
IS	74	6721	3034	3672	15
IS	75	6813	3080	3720	13
IS	76	6882	3099	3770	13
IS	77	7236	3275	3948	13
IS	78	7718	3486	4218	14
IS	79	7257	3337	3908	12
IS	80	7264	3317	3931	16
IS	81	7228	3299	3915	14
IS	82	7474	3512	3949	13
IS	83	7389	3361	4017	11
IS	84	7336	3355	3961	20
IS	85	7616	3557	4047	12
IS	86	7757	3574	4167	16
IS	87	7772	3582	4171	19
IS	88	7694	3580	4103	11
IS	89	7734	3555	4168	11
IS	90	7365	3484	3869	12
IS	91	7441	3593	3835	13
IS	92	7402	3591	3796	15
IS	93	7137	3461	3666	10
IS	94	6981	3321	3644	16
IS	95	7210	3547	3650	13
IS	96	7496	3604	3883	9
IS	97	7479	3585	3882	12
IS	98	7610	3544	4051	15
IS	99	7983	3792	4180	11
IS	100	7879	3816	4044	19
IS	101	7904	3783	4109	12
IS	102	7891	3826	4052	13
IS	103	8175	3943	4215	17
IS	104	8580	4109	4452	19
IS	105	8538	4114	4406	18
IS	106	8826	4203	4611	12
IS	107	8509	4178	4316	15
IS	108	9134	4584	4537	13
IS	109	8584	4208	4367	9
IS	110	8795	4328	4446	21
IS	111	8776	4332	4422	22
IS	112	9916	5150	4749	17
IS	113	9422	4800	4606	16
IS	114	8743	4518	4217	8
IS	115	8483	4145	4322	16
IS	116	8499	4197	4284	18
IS	117	8390	4166	4211	13
IS	118	8531	4298	4222	11
IS	119	9237	4601	4620	16
IS	120	9187	4575	4599	13
IS	121	9383	4732	4635	16
IS	122	8834	4451	4359	24
IS	123	8550	4209	4330	11
IS	124	8607	4366	4225	16
IS	125	8549	4343	4196	10
IS	126	8829	4492	4319	18
IS	127	8796	4437	4340	19
IS	128	9005	4576	4410	19
IS	129	8858	4540	4299	19
IS	130	9270	4738	4516	16
IS	131	9307	4815	4464	28
IS	132	9287	4711	4550	26
IS	133	9313	4750	4543	20
IS	134	9914	5053	4849	12
IS	135	10073	5084	4962	27
IS	136	10243	5202	5028	13
IS	137	10273	5364	4893	16
IS	138	10064	5039	5003	22
IS	139	10162	4951	5198	13
IS	140	10400	4456	5933	11
IS	141	10566	5890	4655	21
IS	142	10757	5953	4786	18
IS	143	11189	6359	4804	26
IS	144	11226	6139	5064	23
IS	145	11299	6447	4837	15
IS	146	11470	6559	4895	16
IS	147	11599	6501	5077	21
IS	148	11468	6217	5235	16
IS	149	12068	5460	6589	19
IS	150	12200	7664	4518	18
IS	151	12349	12177	148	24
IS	152	12379	12294	68	17
IS	153	12330	12271	45	14
IS	154	12455	12407	34	14
IS	155	12515	12463	31	21
IS	156	12742	12682	33	27
IS	157	12936	12893	35	8
IS	158	13140	13101	19	20
IS	159	13786	13746	26	14
IS	160	13548	13499	32	17
IS	161	13541	13487	29	25
IS	162	13840	13787	31	22
IS	163	14378	14347	18	13
IS	164	14478	14424	30	24
IS	165	15243	15203	15	25
IS	166	15371	15326	20	25
IS	167	15811	15768	20	23
IS	168	16134	16103	16	15
IS	169	16888	16846	20	22
IS	170	17041	16998	20	23
IS	171	17398	17367	17	14
IS	172	17893	17859	16	18
IS	173	17999	17962	18	19
IS	174	18613	18593	5	15
IS	175	19202	19163	21	18
IS	176	19549	19523	5	21
IS	177	20633	20596	18	19
IS	178	20588	20559	12	17
IS	179	21276	21240	13	23
IS	180	21840	21814	11	15
IS	181	22529	22500	13	16
IS	182	23200	23168	12	20
IS	183	23479	23446	11	22
IS	184	24405	24380	10	15
IS	185	24555	24527	12	16
IS	186	25871	25834	10	27
IS	187	27103	27064	15	24
IS	188	27296	27263	12	21
IS	189	28482	28455	8	19
IS	190	29383	29339	17	27
IS	191	30121	30097	8	16
IS	192	31046	31015	18	13
IS	193	31897	31847	17	33
IS	194	32750	32723	7	20
IS	195	34513	34476	11	26
IS	196	34840	34808	8	24
IS	197	35755	35722	13	20
IS	198	37352	37325	5	22
IS	199	38837	38807	8	22
IS	200	40357	40314	9	34
IS	201	41405	41376	8	21
IS	202	42206	42175	9	22
IS	203	43910	43873	9	28
IS	204	45102	45072	10	20
IS	205	46658	46621	9	28
IS	206	48047	48011	12	24
IS	207	49865	49832	6	27
IS	208	52114	52068	18	28
IS	209	54190	54150	11	29
IS	210	55430	55385	19	26
IS	211	57634	57592	22	20
IS	212	59242	59202	13	27
IS	213	61373	61330	12	31
IS	214	63139	63109	10	20
IS	215	65334	65294	9	31
IS	216	67691	67646	11	34
IS	217	69616	69581	7	28
IS	218	72037	71999	9	29
IS	219	74952	74916	11	25
IS	220	76878	76828	13	37
IS	221	79976	79938	12	26
IS	222	82459	82425	4	30
IS	223	85341	85308	14	19
IS	224	87473	87430	12	31
IS	225	90332	90298	10	24
IS	226	93575	93554	9	12
IS	227	96228	96178	14	36
IS	228	99931	99891	8	32
IS	229	103717	103669	14	34
IS	230	107334	107300	16	18
IS	231	110485	110444	14	27
IS	232	114180	114144	8	28
IS	233	117404	117369	5	30
IS	234	120798	120764	6	28
IS	235	123844	123799	8	37
IS	236	128577	128527	13	37
IS	237	133528	133477	10	41
IS	238	138880	138852	3	25
IS	239	143007	142978	9	20
IS	240	147422	147377	12	33
IS	241	152444	152387	12	45
IS	242	157078	157041	8	29
IS	243	162294	162254	11	29
IS	244	164836	164804	10	22
IS	245	170444	170400	11	33
IS	246	175639	175593	13	33
IS	247	181449	181402	13	34
IS	248	187070	187026	18	26
IS	249	194221	194186	10	25
IS	250	199976	199936	13	27
IS	251	206599	206564	9	26
IS	252	213367	213325	16	26
IS	253	219371	219343	6	22
IS	254	225078	225034	10	34
IS	255	231350	231309	11	30
IS	256	237875	237839	9	27
IS	257	244148	244102	11	35
IS	258	252300	252255	10	35
IS	259	259908	259867	9	32
IS	260	269425	269380	16	29
IS	261	276973	276930	13	30
IS	262	285617	285572	12	33
IS	263	294703	294669	6	28
IS	264	301599	301559	9	31
IS	265	308824	308765	10	49
IS	266	317172	317116	9	47
IS	267	325018	324975	12	31
IS	268	334055	334023	5	27
IS	269	344537	344501	11	25
IS	270	354975	354932	15	28
IS	271	365062	365018	14	30
IS	272	377674	377614	13	47
IS	273	385754	385721	5	28
IS	274	396929	396884	16	29
IS	275	406059	406028	11	20
IS	276	417144	417111	11	22
IS	277	425579	425533	16	30
IS	278	435569	435527	9	33
IS	279	448824	448778	13	33
IS	280	462303	462257	19	27
IS	281	474382	474332	12	38
IS	282	488638	488585	14	39
IS	283	500133	500089	10	34
IS	284	512380	512342	9	29
IS	285	522739	522692	11	36
IS	286	535236	535196	8	32
IS	287	545957	545929	8	20
IS	288	558557	558521	8	28
IS	289	573384	573335	12	37
IS	290	586074	586042	11	21
IS	291	603981	603944	8	29
IS	292	617802	617751	8	43
IS	293	632569	632529	15	25
IS	294	648165	648118	12	35
IS	295	660382	660337	11	34
IS	296	675507	675468	9	30
IS	297	685204	685171	4	29
IS	298	700369	700323	12	34
IS	299	714042	713999	4	39
IS	300	731955	731922	9	24
IS	301	748138	748101	10	27
IS	302	767509	767465	11	33
IS	303	784612	784574	6	32
IS	304	800696	800658	11	27
IS	305	814176	814136	9	31
IS	306	830890	830857	6	27
IS	307	842518	842484	10	24
IS	308	856523	856488	8	27
IS	309	870799	870762	9	28
IS	310	888895	888848	15	32
IS	311	908866	908818	12	36
IS	312	925564	925532	7	25
IS	313	946938	946891	13	34
IS	314	964721	964682	12	27
IS	315	982654	982617	7	30
IS	316	995794	995745	15	34
IS	317	1009586	1009543	11	32
IS	318	1023229	1023198	7	24
IS	319	1038269	1038240	10	19
IS	320	1055169	1055138	5	26
IS	321	1072136	1072087	15	34
IS	322	1090879	1090838	15	26
IS	323	1108796	1108761	11	24
IS	324	1126931	1126896	9	26
IS	325	1144375	1144331	14	30
IS	326	1159072	1159037	12	23
IS	327	1173956	1173924	11	21
IS	328	1186605	1186578	9	18
IS	329	1197215	1197165	10	40
IS	330	1208577	1208534	7	36
IS	331	1228288	1228251	11	26
IS	332	1244733	1244697	13	23
IS	333	1262826	1262795	8	23
IS	334	1281181	1281148	9	24
IS	335	1297730	1297690	9	31
IS	336	1308766	1308734	13	19
IS	337	1321146	1321104	14	28
IS	338	1331341	1331304	11	26
IS	339	1341182	1341135	9	38
IS	340	1349917	1349878	7	32
IS	341	1364576	1364552	6	18
IS	342	1381560	1381522	12	26
IS	343	1396390	1396355	16	19
IS	344	1411795	1411766	5	24
IS	345	1426188	1426154	14	20
IS	346	1436757	1436728	6	23
IS	347	1445605	1445573	12	20
IS	348	1455912	1455884	11	17
IS	349	1459463	1459419	10	34
IS	350	1466795	1466743	14	38
IS	351	1478783	1478738	21	24
IS	352	1489734	1489701	8	25
IS	353	1499815	1499767	19	29
IS	354	1514809	1514769	15	25
IS	355	1527018	1526955	6	57
IS	356	1537197	1537106	14	77
IS	357	1545267	1545218	9	40
IS	358	1551543	1551491	14	38
IS	359	1550061	1550019	9	33
IS	360	1555493	1555456	12	25
IS	361	1558427	1558392	11	24
IS	362	1564273	1564234	12	27
IS	363	1573028	1572992	10	26
IS	364	1585686	1585655	6	25
IS	365	1590296	1590265	12	19
IS	366	1601074	1601042	10	22
IS	367	1602538	1602508	6	24
IS	368	1611985	1611948	10	27
IS	369	1607115	1607073	10	32
IS	370	1606391	1606351	14	26
IS	371	1608582	1608550	16	16
IS	372	1611530	1611491	16	23
IS	373	1613703	1613622	59	22
IS	374	1623321	1623274	22	25
IS	375	1628217	1628185	9	23
IS	376	1634391	1634350	17	24
IS	377	1636760	1636716	11	33
IS	378	1639460	1639428	13	19
IS	379	1638526	1638494	14	18
IS	380	1634665	1634634	15	16
IS	381	1630975	1630933	15	27
IS	382	1630177	1630146	9	22
IS	383	1626370	1626339	13	18
IS	384	1629880	1629842	14	24
IS	385	1630263	1630229	12	22
IS	386	1636475	1636427	27	21
IS	387	1637169	1637079	76	14
IS	388	1638970	1638916	35	19
IS	389	1637346	1637286	32	28
IS	390	1632585	1632536	22	27
IS	391	1623016	1622944	48	24
IS	392	1618136	1618093	18	25
IS	393	1615560	1615525	20	15
IS	394	1612725	1612671	31	23
IS	395	1613148	1613111	24	13
IS	396	1613691	1613642	30	19
IS	397	1614258	1614220	19	19
IS	398	1614972	1614933	19	20
IS	399	1609237	1609190	24	23
IS	400	1602493	1602461	12	20
IS	401	1594506	1594477	11	18
IS	402	1586105	1586072	7	26
IS	403	1577151	1577130	11	10
IS	404	1574191	1574163	9	19
IS	405	1571411	1571370	13	28
IS	406	1567550	1567517	11	22
IS	407	1566219	1566187	10	22
IS	408	1564855	1564816	17	22
IS	409	1558271	1558239	10	22
IS	410	1551522	1551488	12	22
IS	411	1543252	1543226	10	16
IS	412	1536658	1536624	9	25
IS	413	1525585	1525561	6	18
IS	414	1517850	1517822	13	15
IS	415	1512474	1512452	9	13
IS	416	1505186	1505147	16	23
IS	417	1505856	1505827	19	10
IS	418	1498663	1498615	10	38
IS	419	1493561	1493452	17	92
IS	420	1489030	1488915	12	103
IS	421	1478725	1478663	9	53
IS	422	1466472	1466430	14	28
IS	423	1455105	1455072	11	22
IS	424	1447049	1447009	8	32
IS	425	1438815	1438785	8	22
IS	426	1432224	1432188	10	26
IS	427	1427924	1427877	16	31
IS	428	1420774	1420737	9	28
IS	429	1416888	1416826	37	25
IS	430	1409395	1409336	30	29
IS	431	1396200	1396166	17	17
IS	432	1387748	1387713	18	17
IS	433	1376243	1376220	9	14
IS	434	1363871	1363851	12	8
IS	435	1354031	1353996	16	19
IS	436	1347897	1347872	7	18
IS	437	1339252	1339222	12	18
IS	438	1332531	1332508	11	12
IS	439	1326723	1326689	14	20
IS	440	1317822	1317793	11	18
IS	441	1311656	1311623	11	22
IS	442	1297350	1297332	9	9
IS	443	1286882	1286851	7	24
IS	444	1272042	1272016	11	15
IS	445	1263266	1263246	8	12
IS	446	1253825	1253802	9	14
IS	447	1246559	1246528	13	18
IS	448	1237905	1237892	4	9
IS	449	1232370	1232344	9	17
IS	450	1224241	1224223	5	13
IS	451	1215227	1215197	11	19
IS	452	1201214	1201198	3	13
IS	453	1193146	1193122	12	12
IS	454	1181805	1181783	5	17
IS	455	1168070	1168045	13	12
IS	456	1158300	1158274	10	16
IS	457	1147105	1147080	14	11
IS	458	1144832	1144814	5	13
IS	459	1133331	1133303	13	15
IS	460	1124564	1124537	12	15
IS	461	1117340	1117316	9	15
IS	462	1105847	1105824	7	16
IS	463	1095174	1095150	11	13
IS	464	1081297	1081272	9	16
IS	465	1074049	1074025	10	14
IS	466	1059067	1059043	8	16
IS	467	1050343	1050316	14	13
IS	468	1040937	1040921	8	8
IS	469	1033194	1033174	11	9
IS	470	1024792	1024762	10	20
IS	471	1017001	1016978	12	11
IS	472	1007507	1007484	7	16
IS	473	993964	993939	11	14
IS	474	983227	983210	10	7
IS	475	974626	974609	4	13
IS	476	962329	962302	7	20
IS	477	951392	951376	3	13
IS	478	942885	942863	9	13
IS	479	932917	932890	11	16
IS	480	925461	925437	8	16
IS	481	916121	916104	8	9
IS	482	907639	907628	6	5
IS	483	898054	898033	9	12
IS	484	886297	886278	7	12
IS	485	875974	875937	12	25
IS	486	862953	862885	7	61
IS	487	855590	855505	11	74
IS	488	846456	846407	13	36
IS	489	837011	836974	9	28
IS	490	827664	827626	6	32
IS	491	821286	821250	11	25
IS	492	810743	810715	12	16
IS	493	800319	800295	7	17
IS	494	792528	792509	6	13
IS	495	782252	782229	10	13
IS	496	769939	769917	11	11
IS	497	759580	759539	16	25
IS	498	747422	747407	4	11
IS	499	739336	739323	7	6
IS	500	732493	732474	7	12
IS	501	722596	722565	10	21
IS	502	712593	712574	8	11
IS	503	704159	704132	8	19
IS	504	692738	692716	5	17
IS	505	682937	682907	11	19
IS	506	672507	672487	11	9
IS	507	662258	662232	15	11
IS	508	651748	651729	7	12
IS	509	642635	642614	12	9
IS	510	634600	634577	9	14
IS	511	625860	625831	20	9
IS	512	619232	619217	5	10
IS	513	612124	612095	17	12
IS	514	601286	601270	8	8
IS	515	592210	592190	12	8
IS	516	584500	584479	10	11
IS	517	576014	575996	5	13
IS	518	566082	566058	9	15
IS	519	559157	559138	12	7
IS	520	552143	552123	9	11
IS	521	545212	545190	12	10
IS	522	537510	537489	11	10
IS	523	531809	531793	4	12
IS	524	523630	523601	14	15
IS	525	517042	517017	12	13
IS	526	507783	507760	9	14
IS	527	502229	502211	10	8
IS	528	494263	494248	8	7
IS	529	485162	485144	14	4
IS	530	477489	477468	9	12
IS	531	471040	471023	11	6
IS	532	466947	466928	12	7
IS	533	459280	459260	14	6
IS	534	453439	453412	8	19
IS	535	446413	446382	18	13
IS	536	438884	438873	3	8
IS	537	431802	431789	9	4
IS	538	425194	425172	16	6
IS	539	418604	418587	6	11
IS	540	411799	411780	9	10
IS	541	405799	405787	8	4
IS	542	400221	400206	7	8
IS	543	395406	395387	8	11
IS	544	388654	388636	9	9
IS	545	383247	383232	10	5
IS	546	377032	377005	12	15
IS	547	370903	370885	9	9
IS	548	365153	365139	6	8
IS	549	359246	359224	12	10
IS	550	351025	351007	10	8
IS	551	346473	346449	13	11
IS	552	342187	342161	18	8
IS	553	337552	337538	8	6
IS	554	331713	331692	11	10
IS	555	325929	325914	9	6
IS	556	320538	320517	11	10
IS	557	315058	315038	9	11
IS	558	310620	310584	14	22
IS	559	304496	304474	16	6
IS	560	298478	298450	18	10
IS	561	293209	293198	7	4
IS	562	288287	288275	7	5
IS	563	283412	283397	6	9
IS	564	279935	279918	13	4
IS	565	274541	274518	15	8
IS	566	270886	270866	13	7
IS	567	264927	264911	7	9
IS	568	260690	260673	10	7
IS	569	255922	255905	5	12
IS	570	250455	250427	18	10
IS	571	246653	246627	11	15
IS	572	242034	242022	7	5
IS	573	238286	238275	7	4
IS	574	234686	234672	9	5
IS	575	230646	230636	6	4
IS	576	227538	227522	10	6
IS	577	222592	222569	14	9
IS	578	218922	218901	12	9
IS	579	215648	215638	7	3
IS	580	211862	211842	8	12
IS	581	208311	208284	18	9
IS	582	203305	203291	8	6
IS	583	201160	201137	11	12
IS	584	196930	196913	13	4
IS	585	194150	194133	8	9
IS	586	190721	190714	6	1
IS	587	187972	187950	9	13
IS	588	184351	184334	12	5
IS	589	180112	180096	10	6
IS	590	178632	178609	16	7
IS	591	174480	174460	9	11
IS	592	170956	170941	8	7
IS	593	168112	168093	11	8
IS	594	166876	166853	11	12
IS	595	163520	163499	11	10
IS	596	160706	160695	5	6
IS	597	158024	158012	4	8
IS	598	154853	154836	9	8
IS	599	152469	152447	10	12
IS	600	149727	149709	11	7
IS	601	146663	146647	7	9
IS	602	143728	143713	8	7
IS	603	140912	140903	6	3
IS	604	139349	139337	10	2
IS	605	135669	135648	12	9
IS	606	133570	133560	5	5
IS	607	131673	131653	11	9
IS	608	129041	129023	5	13
IS	609	126598	126589	6	3
IS	610	125019	124998	9	12
IS	611	121899	121886	5	8
IS	612	120119	120105	8	6
IS	613	117223	117211	3	9
IS	614	115749	115727	10	12
IS	615	114090	114077	9	4
IS	616	111298	111288	3	7
IS	617	109344	109335	7	2
IS	618	107729	107714	6	9
IS	619	106010	105989	12	9
IS	620	104078	104062	3	13
IS	621	102533	102510	11	12
IS	622	99536	99513	10	13
IS	623	97808	97792	6	10
IS	624	96489	96470	10	9
IS	625	94638	94623	8	7
IS	626	92926	92903	9	14
IS	627	91274	91262	4	8
IS	628	90186	90168	11	7
IS	629	88376	88361	5	10
IS	630	86797	86781	11	5
IS	631	85450	85437	2	11
IS	632	83686	83673	7	6
IS	633	82230	82220	5	5
IS	634	80635	80614	11	10
IS	635	80118	80106	3	9
IS	636	78549	78527	9	13
IS	637	76814	76793	12	9
IS	638	74991	74966	11	14
IS	639	73812	73798	6	8
IS	640	72646	72631	7	8
IS	641	71642	71623	10	9
IS	642	70573	70552	7	14
IS	643	69289	69274	7	8
IS	644	67878	67868	5	5
IS	645	66751	66732	9	10
IS	646	65520	65507	3	10
IS	647	64459	64447	6	6
IS	648	62888	62870	12	6
IS	649	62309	62299	9	1
IS	650	61381	61365	11	5
IS	651	60818	60808	2	8
IS	652	59557	59542	8	7
IS	653	58305	58292	4	9
IS	654	57450	57440	3	7
IS	655	56197	56185	1	11
IS	656	54801	54791	4	6
IS	657	53533	53514	15	4
IS	658	53202	53191	6	5
IS	659	52380	52370	4	6
IS	660	51445	51427	8	10
IS	661	50129	50115	4	10
IS	662	49622	49602	14	6
IS	663	49002	48987	6	9
IS	664	47320	47301	8	11
IS	665	46553	46541	3	9
IS	666	46264	46251	6	7
IS	667	45104	45089	4	11
IS	668	44725	44707	7	11
IS	669	43952	43937	7	8
IS	670	42796	42779	6	11
IS	671	42366	42354	6	6
IS	672	41409	41394	8	7
IS	673	41017	40993	13	11
IS	674	40277	40264	5	8
IS	675	39952	39939	7	6
IS	676	39457	39437	8	12
IS	677	38357	38342	9	6
# Read lengths. Use `grep ^RL | cut -f 2-` to extract this part. The columns are: read length, count
RL	141	146753446
RL	150	534630687
# Read lengths - first fragments. Use `grep ^FRL | cut -f 2-` to extract this part. The columns are: read length, count
FRL	150	340688722
# Read lengths - last fragments. Use `grep ^LRL | cut -f 2-` to extract this part. The columns are: read length, count
LRL	141	146753446
LRL	150	193941965
# Mapping qualities for reads !(UNMAP|SECOND|SUPPL|QCFAIL|DUP). Use `grep ^MAPQ | cut -f 2-` to extract this part. The columns are: mapq, count
MAPQ	0	68291511
MAPQ	1	567020
MAPQ	2	430216
MAPQ	3	552754
MAPQ	4	448894
MAPQ	5	429496
MAPQ	6	523623
MAPQ	7	560082
MAPQ	8	683793
MAPQ	9	628600
MAPQ	10	515125
MAPQ	11	505284
MAPQ	12	953086
MAPQ	13	945807
MAPQ	14	820717
MAPQ	15	684647
MAPQ	16	454769
MAPQ	17	484232
MAPQ	18	384328
MAPQ	19	453097
MAPQ	20	430256
MAPQ	21	409438
MAPQ	22	498647
MAPQ	23	297469
MAPQ	24	543200
MAPQ	25	684481
MAPQ	26	133432
MAPQ	27	1351658
MAPQ	28	141499
MAPQ	29	127326
MAPQ	30	356484
MAPQ	31	205528
MAPQ	32	226783
MAPQ	33	274805
MAPQ	34	157970
MAPQ	35	154508
MAPQ	36	205887
MAPQ	37	246128
MAPQ	38	130154
MAPQ	39	496345
MAPQ	40	10407884
MAPQ	41	542866
MAPQ	42	375144
MAPQ	43	769103
MAPQ	44	582092
MAPQ	45	954151
MAPQ	46	1110943
MAPQ	47	540893
MAPQ	48	2530623
MAPQ	49	229082
MAPQ	50	447217
MAPQ	51	242503
MAPQ	52	545552
MAPQ	53	160925
MAPQ	54	248734
MAPQ	55	225397
MAPQ	56	213825
MAPQ	57	846832
MAPQ	58	310243
MAPQ	59	551122
MAPQ	60	571199225
# Indel distribution. Use `grep ^ID | cut -f 2-` to extract this part. The columns are: length, number of insertions, number of deletions
ID	1	8093995	8090086
ID	2	2405883	2303094
ID	3	1034950	993159
ID	4	883073	817801
ID	5	379021	350693
ID	6	340398	327249
ID	7	156016	148272
ID	8	163484	163588
ID	9	101120	104491
ID	10	99519	111462
ID	11	51752	69651
ID	12	77644	79763
ID	13	38326	38704
ID	14	39510	45195
ID	15	24738	28915
ID	16	31127	35397
ID	17	16812	16990
ID	18	19618	23017
ID	19	12543	14432
ID	20	12890	17660
ID	21	8679	11680
ID	22	10761	28452
ID	23	9437	46346
ID	24	6759	10241
ID	25	4656	6471
ID	26	4552	6709
ID	27	3104	4649
ID	28	3264	5927
ID	29	2212	3353
ID	30	2222	3967
ID	31	1427	2634
ID	32	1393	2937
ID	33	929	1952
ID	34	1445	2378
ID	35	685	1759
ID	36	668	1368
ID	37	392	1120
ID	38	427	1198
ID	39	259	908
ID	40	318	1118
ID	41	153	674
ID	42	93	577
ID	43	84	720
ID	44	55	807
ID	45	23	1797
ID	46	15	1938
ID	47	3	385
ID	48	0	400
ID	49	0	206
ID	50	0	218
ID	51	0	207
ID	52	0	218
ID	53	0	158
ID	54	0	163
ID	55	0	123
ID	56	0	111
ID	57	0	91
ID	58	0	83
ID	59	0	61
ID	60	0	59
ID	61	0	34
ID	62	0	35
ID	63	0	29
ID	64	0	21
ID	65	0	12
ID	66	0	15
ID	67	0	4
ID	68	0	6
ID	69	0	8
# Indels per cycle. Use `grep ^IC | cut -f 2-` to extract this part. The columns are: cycle, number of insertions (fwd), .. (rev) , number of deletions (fwd), .. (rev)
IC	1	4	4	1	6
IC	2	0	7	5	6
IC	3	3	2	17254	18310
IC	4	18534	18330	22346	23283
IC	5	23767	24100	24958	26007
IC	6	26219	27071	27249	27781
IC	7	28950	29465	30464	30320
IC	8	30496	31375	34395	34829
IC	9	34284	34857	36537	37297
IC	10	36040	36755	38645	38903
IC	11	38576	38777	40076	40410
IC	12	39959	40464	41054	41529
IC	13	41307	41350	42522	42818
IC	14	42551	42974	43716	44299
IC	15	44595	45271	45662	46106
IC	16	47954	47430	46487	46409
IC	17	50119	49250	46689	47194
IC	18	48863	49103	48396	48580
IC	19	49026	50054	49644	49746
IC	20	50279	51921	50044	50315
IC	21	51041	52792	51236	51382
IC	22	51635	53386	51414	52029
IC	23	51650	53872	52085	52368
IC	24	52061	54429	52632	53248
IC	25	52619	55425	52841	52369
IC	26	52858	55515	52922	53010
IC	27	52872	56205	52538	53262
IC	28	53665	57093	53492	53806
IC	29	53844	57552	53021	54106
IC	30	53734	58217	53756	53673
IC	31	54011	58178	53249	53318
IC	32	53857	57994	53344	53681
IC	33	53401	57453	53653	53608
IC	34	53290	57713	53760	53557
IC	35	53826	57691	53355	53608
IC	36	53546	58060	53925	53588
IC	37	53785	58752	54167	53878
IC	38	54206	58325	54062	53943
IC	39	53822	58602	54051	54301
IC	40	53505	58718	54037	53873
IC	41	53763	59319	54175	53650
IC	42	54306	58950	54697	54071
IC	43	54318	58951	54229	53701
IC	44	53783	59287	53759	53729
IC	45	53896	58288	54153	54147
IC	46	53553	59283	54482	53992
IC	47	53957	58785	54032	53930
IC	48	53631	58958	54279	53746
IC	49	53919	58643	54765	54539
IC	50	54250	59154	54584	54328
IC	51	53861	59614	54434	53797
IC	52	53802	59236	54240	53708
IC	53	53642	59503	54445	54201
IC	54	53685	59443	53853	54220
IC	55	53802	58859	54475	54032
IC	56	53584	59470	54754	53896
IC	57	54039	59480	54635	54478
IC	58	53790	59466	54812	53842
IC	59	53520	59527	54764	53871
IC	60	53071	59884	54579	54146
IC	61	53656	59260	54405	53713
IC	62	53555	60203	54353	54267
IC	63	54033	59446	54970	53933
IC	64	52911	59136	54494	53380
IC	65	53417	59388	54796	53170
IC	66	53346	59040	54500	53887
IC	67	53295	58911	54547	53602
IC	68	53281	59761	53925	53910
IC	69	53379	59265	53919	53238
IC	70	53036	59241	53897	54118
IC	71	53434	59106	54458	53980
IC	72	53226	59172	54227	53733
IC	73	53055	59486	54303	53775
IC	74	52889	59370	54533	53389
IC	75	52930	58661	54187	53298
IC	76	53041	58714	54043	53595
IC	77	52588	59327	54112	52917
IC	78	52516	59010	54336	52912
IC	79	52741	59261	54070	53041
IC	80	52616	58797	53954	53436
IC	81	52859	59143	54008	53197
IC	82	52583	59502	53449	53239
IC	83	52828	59056	53701	53405
IC	84	52460	58666	53920	52648
IC	85	52683	58927	53688	53173
IC	86	51876	59342	53632	52939
IC	87	52555	58155	53531	52988
IC	88	51997	58848	53695	52759
IC	89	52368	57789	53280	52906
IC	90	51909	57802	54269	52737
IC	91	52130	57455	53379	52482
IC	92	51597	57223	53494	52522
IC	93	51712	57607	53587	52520
IC	94	51676	57795	53728	52593
IC	95	51659	57199	53105	52325
IC	96	51510	56624	53344	52575
IC	97	51479	56668	52812	52611
IC	98	51532	56480	53081	52288
IC	99	51239	55760	53070	51964
IC	100	51227	55788	53050	51481
IC	101	50916	56263	52753	51457
IC	102	51040	55542	52921	51837
IC	103	50630	55457	52943	52219
IC	104	50767	55273	52600	51792
IC	105	50446	55053	52217	51015
IC	106	50701	53864	52061	51599
IC	107	50242	54172	52121	50901
IC	108	50257	53982	51920	50297
IC	109	49957	53385	51659	50599
IC	110	49804	53135	51762	50356
IC	111	49628	52406	52156	50344
IC	112	49424	52284	51828	50146
IC	113	48881	52249	50865	49680
IC	114	49017	50877	50811	49459
IC	115	48703	51345	51173	48929
IC	116	47979	49642	51113	48963
IC	117	48180	49631	50963	48481
IC	118	47263	49197	50078	48692
IC	119	47834	48582	49629	47998
IC	120	47246	47235	50166	47803
IC	121	47519	47299	49166	47051
IC	122	46803	46880	48963	47163
IC	123	46124	46246	49134	46150
IC	124	45647	44972	48697	45322
IC	125	45304	44037	48187	45279
IC	126	44664	42909	47858	44272
IC	127	44346	42135	47782	43528
IC	128	44066	41265	46964	42798
IC	129	43317	40097	46733	41452
IC	130	42804	38590	46244	40820
IC	131	41744	38196	45574	39924
IC	132	40871	36838	44351	39229
IC	133	39616	34526	43461	37679
IC	134	38882	33089	42744	35669
IC	135	38400	31149	41404	34765
IC	136	36851	30457	40665	33157
IC	137	35420	28186	39374	31491
IC	138	33207	27217	37510	28044
IC	139	32016	18172	36375	20372
IC	140	30531	17291	34912	19030
IC	141	28935	16645	33432	18793
IC	142	26561	15317	31913	17650
IC	143	24160	13802	28429	16098
IC	144	21623	12171	27530	15289
IC	145	21302	11815	25455	14550
IC	146	17196	10205	23058	13029
IC	147	17247	10513	16416	9596
IC	148	0	1	1	0
IC	149	0	1	0	0
IC	150	0	2	0	0
# Coverage distribution. Use `grep ^COV | cut -f 2-` to extract this part.
COV	[1-1]	1	5777730
COV	[2-2]	2	4451530
COV	[3-3]	3	4023879
COV	[4-4]	4	4088269
COV	[5-5]	5	4433397
COV	[6-6]	6	5097316
COV	[7-7]	7	6033327
COV	[8-8]	8	7200353
COV	[9-9]	9	8682732
COV	[10-10]	10	10297112
COV	[11-11]	11	12015636
COV	[12-12]	12	13669854
COV	[13-13]	13	15212703
COV	[14-14]	14	16594418
COV	[15-15]	15	17899206
COV	[16-16]	16	19259519
COV	[17-17]	17	20965724
COV	[18-18]	18	23294975
COV	[19-19]	19	26482740
COV	[20-20]	20	30810849
COV	[21-21]	21	36492494
COV	[22-22]	22	43577420
COV	[23-23]	23	51939070
COV	[24-24]	24	61431153
COV	[25-25]	25	71732197
COV	[26-26]	26	82360177
COV	[27-27]	27	92904219
COV	[28-28]	28	102821823
COV	[29-29]	29	111521518
COV	[30-30]	30	118712967
COV	[31-31]	31	124018061
COV	[32-32]	32	127219795
COV	[33-33]	33	128211049
COV	[34-34]	34	127049356
COV	[35-35]	35	123875902
COV	[36-36]	36	118857673
COV	[37-37]	37	112388586
COV	[38-38]	38	104743136
COV	[39-39]	39	96310847
COV	[40-40]	40	87452671
COV	[41-41]	41	78369181
COV	[42-42]	42	69431553
COV	[43-43]	43	60881055
COV	[44-44]	44	52771361
COV	[45-45]	45	45313115
COV	[46-46]	46	38571003
COV	[47-47]	47	32539089
COV	[48-48]	48	27236994
COV	[49-49]	49	22627180
COV	[50-50]	50	18677429
COV	[51-51]	51	15312035
COV	[52-52]	52	12500662
COV	[53-53]	53	10158726
COV	[54-54]	54	8231968
COV	[55-55]	55	6652251
COV	[56-56]	56	5364481
COV	[57-57]	57	4331879
COV	[58-58]	58	3500502
COV	[59-59]	59	2830161
COV	[60-60]	60	2304035
COV	[61-61]	61	1881548
COV	[62-62]	62	1544022
COV	[63-63]	63	1277398
COV	[64-64]	64	1065099
COV	[65-65]	65	902857
COV	[66-66]	66	773776
COV	[67-67]	67	671330
COV	[68-68]	68	587588
COV	[69-69]	69	519988
COV	[70-70]	70	466710
COV	[71-71]	71	420562
COV	[72-72]	72	388301
COV	[73-73]	73	357969
COV	[74-74]	74	331106
COV	[75-75]	75	308618
COV	[76-76]	76	290185
COV	[77-77]	77	273251
COV	[78-78]	78	259618
COV	[79-79]	79	247279
COV	[80-80]	80	236014
COV	[81-81]	81	224374
COV	[82-82]	82	214356
COV	[83-83]	83	203870
COV	[84-84]	84	197645
COV	[85-85]	85	189193
COV	[86-86]	86	182961
COV	[87-87]	87	176106
COV	[88-88]	88	170770
COV	[89-89]	89	165147
COV	[90-90]	90	158354
COV	[91-91]	91	153431
COV	[92-92]	92	148081
COV	[93-93]	93	144139
COV	[94-94]	94	139644
COV	[95-95]	95	133473
COV	[96-96]	96	130048
COV	[97-97]	97	126801
COV	[98-98]	98	123724
COV	[99-99]	99	120222
COV	[100-100]	100	117665
COV	[101-101]	101	113676
COV	[102-102]	102	110881
COV	[103-103]	103	106917
COV	[104-104]	104	103659
COV	[105-105]	105	100604
COV	[106-106]	106	97677
COV	[107-107]	107	96012
COV	[108-108]	108	93848
COV	[109-109]	109	91033
COV	[110-110]	110	89026
COV	[111-111]	111	85749
COV	[112-112]	112	83740
COV	[113-113]	113	82046
COV	[114-114]	114	79614
COV	[115-115]	115	77929
COV	[116-116]	116	76070
COV	[117-117]	117	74398
COV	[118-118]	118	72653
COV	[119-119]	119	70399
COV	[120-120]	120	69236
COV	[121-121]	121	66909
COV	[122-122]	122	65674
COV	[123-123]	123	63924
COV	[124-124]	124	62445
COV	[125-125]	125	61298
COV	[126-126]	126	60401
COV	[127-127]	127	58839
COV	[128-128]	128	56969
COV	[129-129]	129	55517
COV	[130-130]	130	53987
COV	[131-131]	131	53374
COV	[132-132]	132	52117
COV	[133-133]	133	50924
COV	[134-134]	134	50105
COV	[135-135]	135	49125
COV	[136-136]	136	48403
COV	[137-137]	137	47274
COV	[138-138]	138	46634
COV	[139-139]	139	45446
COV	[140-140]	140	44774
COV	[141-141]	141	43201
COV	[142-142]	142	42715
COV	[143-143]	143	41718
COV	[144-144]	144	40719
COV	[145-145]	145	39655
COV	[146-146]	146	39159
COV	[147-147]	147	39067
COV	[148-148]	148	38461
COV	[149-149]	149	38135
COV	[150-150]	150	37302
COV	[151-151]	151	35972
COV	[152-152]	152	35508
COV	[153-153]	153	35220
COV	[154-154]	154	33978
COV	[155-155]	155	33634
COV	[156-156]	156	32996
COV	[157-157]	157	32890
COV	[158-158]	158	32613
COV	[159-159]	159	32578
COV	[160-160]	160	32008
COV	[161-161]	161	31525
COV	[162-162]	162	31032
COV	[163-163]	163	30376
COV	[164-164]	164	29958
COV	[165-165]	165	29516
COV	[166-166]	166	29160
COV	[167-167]	167	28435
COV	[168-168]	168	28088
COV	[169-169]	169	27932
COV	[170-170]	170	27421
COV	[171-171]	171	27087
COV	[172-172]	172	26778
COV	[173-173]	173	26668
COV	[174-174]	174	26421
COV	[175-175]	175	26049
COV	[176-176]	176	25688
COV	[177-177]	177	25186
COV	[178-178]	178	24820
COV	[179-179]	179	24288
COV	[180-180]	180	24082
COV	[181-181]	181	23541
COV	[182-182]	182	23227
COV	[183-183]	183	22776
COV	[184-184]	184	22701
COV	[185-185]	185	22301
COV	[186-186]	186	21698
COV	[187-187]	187	21403
COV	[188-188]	188	20919
COV	[189-189]	189	20923
COV	[190-190]	190	20641
COV	[191-191]	191	20591
COV	[192-192]	192	20346
COV	[193-193]	193	20306
COV	[194-194]	194	19559
COV	[195-195]	195	19304
COV	[196-196]	196	18943
COV	[197-197]	197	18664
COV	[198-198]	198	18604
COV	[199-199]	199	18412
COV	[200-200]	200	18350
COV	[201-201]	201	18176
COV	[202-202]	202	17690
COV	[203-203]	203	17895
COV	[204-204]	204	17527
COV	[205-205]	205	17698
COV	[206-206]	206	17224
COV	[207-207]	207	17411
COV	[208-208]	208	17317
COV	[209-209]	209	16949
COV	[210-210]	210	16627
COV	[211-211]	211	16790
COV	[212-212]	212	16829
COV	[213-213]	213	16733
COV	[214-214]	214	16536
COV	[215-215]	215	16568
COV	[216-216]	216	16554
COV	[217-217]	217	16578
COV	[218-218]	218	16600
COV	[219-219]	219	16275
COV	[220-220]	220	16123
COV	[221-221]	221	15871
COV	[222-222]	222	16056
COV	[223-223]	223	15670
COV	[224-224]	224	15644
COV	[225-225]	225	15479
COV	[226-226]	226	15487
COV	[227-227]	227	15146
COV	[228-228]	228	15041
COV	[229-229]	229	14613
COV	[230-230]	230	14530
COV	[231-231]	231	14477
COV	[232-232]	232	14197
COV	[233-233]	233	14398
COV	[234-234]	234	14366
COV	[235-235]	235	14135
COV	[236-236]	236	14017
COV	[237-237]	237	14202
COV	[238-238]	238	13979
COV	[239-239]	239	13713
COV	[240-240]	240	13361
COV	[241-241]	241	13048
COV	[242-242]	242	13142
COV	[243-243]	243	12773
COV	[244-244]	244	12750
COV	[245-245]	245	12549
COV	[246-246]	246	12427
COV	[247-247]	247	12238
COV	[248-248]	248	12112
COV	[249-249]	249	11906
COV	[250-250]	250	11810
COV	[251-251]	251	11727
COV	[252-252]	252	11279
COV	[253-253]	253	11020
COV	[254-254]	254	10863
COV	[255-255]	255	10872
COV	[256-256]	256	10507
COV	[257-257]	257	10673
COV	[258-258]	258	10370
COV	[259-259]	259	10278
COV	[260-260]	260	10134
COV	[261-261]	261	9867
COV	[262-262]	262	9889
COV	[263-263]	263	9504
COV	[264-264]	264	9451
COV	[265-265]	265	9257
COV	[266-266]	266	9082
COV	[267-267]	267	9103
COV	[268-268]	268	8802
COV	[269-269]	269	8995
COV	[270-270]	270	8947
COV	[271-271]	271	8879
COV	[272-272]	272	8895
COV	[273-273]	273	8802
COV	[274-274]	274	8609
COV	[275-275]	275	8550
COV	[276-276]	276	8637
COV	[277-277]	277	8622
COV	[278-278]	278	8599
COV	[279-279]	279	8668
COV	[280-280]	280	8584
COV	[281-281]	281	8438
COV	[282-282]	282	8389
COV	[283-283]	283	8479
COV	[284-284]	284	8599
COV	[285-285]	285	8456
COV	[286-286]	286	8338
COV	[287-287]	287	8306
COV	[288-288]	288	8101
COV	[289-289]	289	8208
COV	[290-290]	290	8210
COV	[291-291]	291	8084
COV	[292-292]	292	7805
COV	[293-293]	293	7914
COV	[294-294]	294	7892
COV	[295-295]	295	7514
COV	[296-296]	296	7634
COV	[297-297]	297	7434
COV	[298-298]	298	7624
COV	[299-299]	299	7465
COV	[300-300]	300	7395
COV	[301-301]	301	7446
COV	[302-302]	302	7501
COV	[303-303]	303	7252
COV	[304-304]	304	7478
COV	[305-305]	305	7194
COV	[306-306]	306	7168
COV	[307-307]	307	7149
COV	[308-308]	308	6990
COV	[309-309]	309	7060
COV	[310-310]	310	7146
COV	[311-311]	311	6837
COV	[312-312]	312	6883
COV	[313-313]	313	6991
COV	[314-314]	314	6840
COV	[315-315]	315	6899
COV	[316-316]	316	6881
COV	[317-317]	317	6789
COV	[318-318]	318	6773
COV	[319-319]	319	6897
COV	[320-320]	320	6739
COV	[321-321]	321	6836
COV	[322-322]	322	6850
COV	[323-323]	323	6609
COV	[324-324]	324	6586
COV	[325-325]	325	6657
COV	[326-326]	326	6588
COV	[327-327]	327	6583
COV	[328-328]	328	6490
COV	[329-329]	329	6554
COV	[330-330]	330	6578
COV	[331-331]	331	6387
COV	[332-332]	332	6207
COV	[333-333]	333	6249
COV	[334-334]	334	6245
COV	[335-335]	335	6354
COV	[336-336]	336	6140
COV	[337-337]	337	6085
COV	[338-338]	338	6280
COV	[339-339]	339	6131
COV	[340-340]	340	6164
COV	[341-341]	341	6378
COV	[342-342]	342	6305
COV	[343-343]	343	6243
COV	[344-344]	344	6274
COV	[345-345]	345	5987
COV	[346-346]	346	6059
COV	[347-347]	347	6029
COV	[348-348]	348	6078
COV	[349-349]	349	6108
COV	[350-350]	350	6092
COV	[351-351]	351	6159
COV	[352-352]	352	6149
COV	[353-353]	353	6070
COV	[354-354]	354	5846
COV	[355-355]	355	5971
COV	[356-356]	356	5824
COV	[357-357]	357	5988
COV	[358-358]	358	5951
COV	[359-359]	359	5808
COV	[360-360]	360	5926
COV	[361-361]	361	5796
COV	[362-362]	362	5841
COV	[363-363]	363	5957
COV	[364-364]	364	5864
COV	[365-365]	365	5812
COV	[366-366]	366	5729
COV	[367-367]	367	5770
COV	[368-368]	368	5867
COV	[369-369]	369	5871
COV	[370-370]	370	5777
COV	[371-371]	371	5805
COV	[372-372]	372	5629
COV	[373-373]	373	5631
COV	[374-374]	374	5691
COV	[375-375]	375	5761
COV	[376-376]	376	5756
COV	[377-377]	377	5753
COV	[378-378]	378	5688
COV	[379-379]	379	5778
COV	[380-380]	380	5656
COV	[381-381]	381	5638
COV	[382-382]	382	5531
COV	[383-383]	383	5598
COV	[384-384]	384	5704
COV	[385-385]	385	5738
COV	[386-386]	386	5618
COV	[387-387]	387	5674
COV	[388-388]	388	5693
COV	[389-389]	389	5660
COV	[390-390]	390	5822
COV	[391-391]	391	5533
COV	[392-392]	392	5551
COV	[393-393]	393	5336
COV	[394-394]	394	5434
COV	[395-395]	395	5359
COV	[396-396]	396	5462
COV	[397-397]	397	5489
COV	[398-398]	398	5430
COV	[399-399]	399	5476
COV	[400-400]	400	5389
COV	[401-401]	401	5599
COV	[402-402]	402	5434
COV	[403-403]	403	5525
COV	[404-404]	404	5371
COV	[405-405]	405	5291
COV	[406-406]	406	5340
COV	[407-407]	407	5304
COV	[408-408]	408	5281
COV	[409-409]	409	5234
COV	[410-410]	410	5197
COV	[411-411]	411	5351
COV	[412-412]	412	5286
COV	[413-413]	413	5156
COV	[414-414]	414	5214
COV	[415-415]	415	5168
COV	[416-416]	416	5208
COV	[417-417]	417	5121
COV	[418-418]	418	5053
COV	[419-419]	419	5156
COV	[420-420]	420	4927
COV	[421-421]	421	5146
COV	[422-422]	422	5096
COV	[423-423]	423	5015
COV	[424-424]	424	5040
COV	[425-425]	425	5123
COV	[426-426]	426	5108
COV	[427-427]	427	4947
COV	[428-428]	428	4926
COV	[429-429]	429	4813
COV	[430-430]	430	5078
COV	[431-431]	431	5072
COV	[432-432]	432	4884
COV	[433-433]	433	4869
COV	[434-434]	434	4834
COV	[435-435]	435	4844
COV	[436-436]	436	4892
COV	[437-437]	437	4797
COV	[438-438]	438	4616
COV	[439-439]	439	4766
COV	[440-440]	440	4631
COV	[441-441]	441	4689
COV	[442-442]	442	4566
COV	[443-443]	443	4714
COV	[444-444]	444	4752
COV	[445-445]	445	4712
COV	[446-446]	446	4593
COV	[447-447]	447	4614
COV	[448-448]	448	4573
COV	[449-449]	449	4523
COV	[450-450]	450	4483
COV	[451-451]	451	4487
COV	[452-452]	452	4627
COV	[453-453]	453	4369
COV	[454-454]	454	4321
COV	[455-455]	455	4413
COV	[456-456]	456	4340
COV	[457-457]	457	4401
COV	[458-458]	458	4333
COV	[459-459]	459	4342
COV	[460-460]	460	4243
COV	[461-461]	461	4140
COV	[462-462]	462	4174
COV	[463-463]	463	4187
COV	[464-464]	464	4272
COV	[465-465]	465	4238
COV	[466-466]	466	4172
COV	[467-467]	467	4097
COV	[468-468]	468	4134
COV	[469-469]	469	3990
COV	[470-470]	470	4112
COV	[471-471]	471	4135
COV	[472-472]	472	4215
COV	[473-473]	473	4102
COV	[474-474]	474	4083
COV	[475-475]	475	4043
COV	[476-476]	476	4156
COV	[477-477]	477	4202
COV	[478-478]	478	4041
COV	[479-479]	479	3939
COV	[480-480]	480	4021
COV	[481-481]	481	4031
COV	[482-482]	482	3997
COV	[483-483]	483	3811
COV	[484-484]	484	3788
COV	[485-485]	485	3923
COV	[486-486]	486	3953
COV	[487-487]	487	3888
COV	[488-488]	488	3866
COV	[489-489]	489	3940
COV	[490-490]	490	3865
COV	[491-491]	491	3878
COV	[492-492]	492	3955
COV	[493-493]	493	3840
COV	[494-494]	494	3862
COV	[495-495]	495	3803
COV	[496-496]	496	3811
COV	[497-497]	497	3694
COV	[498-498]	498	3797
COV	[499-499]	499	3654
COV	[500-500]	500	3678
COV	[501-501]	501	3635
COV	[502-502]	502	3649
COV	[503-503]	503	3640
COV	[504-504]	504	3588
COV	[505-505]	505	3541
COV	[506-506]	506	3686
COV	[507-507]	507	3680
COV	[508-508]	508	3731
COV	[509-509]	509	3560
COV	[510-510]	510	3659
COV	[511-511]	511	3579
COV	[512-512]	512	3615
COV	[513-513]	513	3473
COV	[514-514]	514	3552
COV	[515-515]	515	3413
COV	[516-516]	516	3484
COV	[517-517]	517	3400
COV	[518-518]	518	3473
COV	[519-519]	519	3381
COV	[520-520]	520	3403
COV	[521-521]	521	3388
COV	[522-522]	522	3351
COV	[523-523]	523	3348
COV	[524-524]	524	3358
COV	[525-525]	525	3480
COV	[526-526]	526	3380
COV	[527-527]	527	3310
COV	[528-528]	528	3450
COV	[529-529]	529	3389
COV	[530-530]	530	3522
COV	[531-531]	531	3360
COV	[532-532]	532	3357
COV	[533-533]	533	3389
COV	[534-534]	534	3385
COV	[535-535]	535	3364
COV	[536-536]	536	3342
COV	[537-537]	537	3235
COV	[538-538]	538	3299
COV	[539-539]	539	3220
COV	[540-540]	540	3264
COV	[541-541]	541	3364
COV	[542-542]	542	3270
COV	[543-543]	543	3316
COV	[544-544]	544	3310
COV	[545-545]	545	3290
COV	[546-546]	546	3249
COV	[547-547]	547	3325
COV	[548-548]	548	3342
COV	[549-549]	549	3340
COV	[550-550]	550	3197
COV	[551-551]	551	3413
COV	[552-552]	552	3334
COV	[553-553]	553	3296
COV	[554-554]	554	3240
COV	[555-555]	555	3257
COV	[556-556]	556	3170
COV	[557-557]	557	3267
COV	[558-558]	558	3246
COV	[559-559]	559	3241
COV	[560-560]	560	3246
COV	[561-561]	561	3228
COV	[562-562]	562	3310
COV	[563-563]	563	3223
COV	[564-564]	564	3324
COV	[565-565]	565	3309
COV	[566-566]	566	3231
COV	[567-567]	567	3182
COV	[568-568]	568	3168
COV	[569-569]	569	3189
COV	[570-570]	570	3138
COV	[571-571]	571	3195
COV	[572-572]	572	3224
COV	[573-573]	573	3141
COV	[574-574]	574	3132
COV	[575-575]	575	3243
COV	[576-576]	576	3231
COV	[577-577]	577	3182
COV	[578-578]	578	3141
COV	[579-579]	579	3094
COV	[580-580]	580	3091
COV	[581-581]	581	3044
COV	[582-582]	582	3138
COV	[583-583]	583	3075
COV	[584-584]	584	3155
COV	[585-585]	585	3056
COV	[586-586]	586	3024
COV	[587-587]	587	3066
COV	[588-588]	588	2992
COV	[589-589]	589	2950
COV	[590-590]	590	2997
COV	[591-591]	591	3052
COV	[592-592]	592	2967
COV	[593-593]	593	2995
COV	[594-594]	594	2950
COV	[595-595]	595	2981
COV	[596-596]	596	2945
COV	[597-597]	597	2915
COV	[598-598]	598	2904
COV	[599-599]	599	2761
COV	[600-600]	600	2940
COV	[601-601]	601	2841
COV	[602-602]	602	2742
COV	[603-603]	603	2794
COV	[604-604]	604	2863
COV	[605-605]	605	2731
COV	[606-606]	606	2723
COV	[607-607]	607	2697
COV	[608-608]	608	2661
COV	[609-609]	609	2692
COV	[610-610]	610	2608
COV	[611-611]	611	2673
COV	[612-612]	612	2706
COV	[613-613]	613	2733
COV	[614-614]	614	2669
COV	[615-615]	615	2630
COV	[616-616]	616	2646
COV	[617-617]	617	2698
COV	[618-618]	618	2599
COV	[619-619]	619	2667
COV	[620-620]	620	2665
COV	[621-621]	621	2579
COV	[622-622]	622	2668
COV	[623-623]	623	2559
COV	[624-624]	624	2696
COV	[625-625]	625	2689
COV	[626-626]	626	2641
COV	[627-627]	627	2677
COV	[628-628]	628	2624
COV	[629-629]	629	2599
COV	[630-630]	630	2657
COV	[631-631]	631	2585
COV	[632-632]	632	2704
COV	[633-633]	633	2683
COV	[634-634]	634	2684
COV	[635-635]	635	2580
COV	[636-636]	636	2562
COV	[637-637]	637	2586
COV	[638-638]	638	2561
COV	[639-639]	639	2579
COV	[640-640]	640	2566
COV	[641-641]	641	2497
COV	[642-642]	642	2470
COV	[643-643]	643	2486
COV	[644-644]	644	2509
COV	[645-645]	645	2505
COV	[646-646]	646	2398
COV	[647-647]	647	2412
COV	[648-648]	648	2356
COV	[649-649]	649	2341
COV	[650-650]	650	2364
COV	[651-651]	651	2382
COV	[652-652]	652	2432
COV	[653-653]	653	2442
COV	[654-654]	654	2351
COV	[655-655]	655	2308
COV	[656-656]	656	2361
COV	[657-657]	657	2418
COV	[658-658]	658	2388
COV	[659-659]	659	2249
COV	[660-660]	660	2329
COV	[661-661]	661	2289
COV	[662-662]	662	2263
COV	[663-663]	663	2277
COV	[664-664]	664	2270
COV	[665-665]	665	2331
COV	[666-666]	666	2253
COV	[667-667]	667	2253
COV	[668-668]	668	2251
COV	[669-669]	669	2307
COV	[670-670]	670	2300
COV	[671-671]	671	2386
COV	[672-672]	672	2283
COV	[673-673]	673	2390
COV	[674-674]	674	2319
COV	[675-675]	675	2434
COV	[676-676]	676	2405
COV	[677-677]	677	2211
COV	[678-678]	678	2221
COV	[679-679]	679	2341
COV	[680-680]	680	2264
COV	[681-681]	681	2192
COV	[682-682]	682	2188
COV	[683-683]	683	2280
COV	[684-684]	684	2366
COV	[685-685]	685	2236
COV	[686-686]	686	2311
COV	[687-687]	687	2281
COV	[688-688]	688	2272
COV	[689-689]	689	2235
COV	[690-690]	690	2256
COV	[691-691]	691	2236
COV	[692-692]	692	2235
COV	[693-693]	693	2214
COV	[694-694]	694	2196
COV	[695-695]	695	2171
COV	[696-696]	696	2221
COV	[697-697]	697	2170
COV	[698-698]	698	2108
COV	[699-699]	699	2180
COV	[700-700]	700	2176
COV	[701-701]	701	2117
COV	[702-702]	702	2133
COV	[703-703]	703	2155
COV	[704-704]	704	2078
COV	[705-705]	705	2150
COV	[706-706]	706	2141
COV	[707-707]	707	2064
COV	[708-708]	708	2067
COV	[709-709]	709	2080
COV	[710-710]	710	2099
COV	[711-711]	711	2087
COV	[712-712]	712	2082
COV	[713-713]	713	2076
COV	[714-714]	714	2185
COV	[715-715]	715	2237
COV	[716-716]	716	2129
COV	[717-717]	717	2109
COV	[718-718]	718	2195
COV	[719-719]	719	2066
COV	[720-720]	720	2082
COV	[721-721]	721	2112
COV	[722-722]	722	2149
COV	[723-723]	723	2094
COV	[724-724]	724	2146
COV	[725-725]	725	2106
COV	[726-726]	726	2131
COV	[727-727]	727	2123
COV	[728-728]	728	2053
COV	[729-729]	729	2027
COV	[730-730]	730	1941
COV	[731-731]	731	2006
COV	[732-732]	732	1946
COV	[733-733]	733	1829
COV	[734-734]	734	1933
COV	[735-735]	735	1875
COV	[736-736]	736	1951
COV	[737-737]	737	1902
COV	[738-738]	738	1896
COV	[739-739]	739	1855
COV	[740-740]	740	1982
COV	[741-741]	741	1926
COV	[742-742]	742	1936
COV	[743-743]	743	1862
COV	[744-744]	744	1919
COV	[745-745]	745	1880
COV	[746-746]	746	1841
COV	[747-747]	747	1843
COV	[748-748]	748	1820
COV	[749-749]	749	1823
COV	[750-750]	750	1921
COV	[751-751]	751	1752
COV	[752-752]	752	1914
COV	[753-753]	753	1783
COV	[754-754]	754	1831
COV	[755-755]	755	1835
COV	[756-756]	756	1787
COV	[757-757]	757	1793
COV	[758-758]	758	1819
COV	[759-759]	759	1733
COV	[760-760]	760	1830
COV	[761-761]	761	1784
COV	[762-762]	762	1813
COV	[763-763]	763	1807
COV	[764-764]	764	1829
COV	[765-765]	765	1714
COV	[766-766]	766	1784
COV	[767-767]	767	1731
COV	[768-768]	768	1699
COV	[769-769]	769	1835
COV	[770-770]	770	1812
COV	[771-771]	771	1812
COV	[772-772]	772	1757
COV	[773-773]	773	1770
COV	[774-774]	774	1865
COV	[775-775]	775	1740
COV	[776-776]	776	1804
COV	[777-777]	777	1754
COV	[778-778]	778	1722
COV	[779-779]	779	1816
COV	[780-780]	780	1755
COV	[781-781]	781	1744
COV	[782-782]	782	1706
COV	[783-783]	783	1786
COV	[784-784]	784	1825
COV	[785-785]	785	1814
COV	[786-786]	786	1813
COV	[787-787]	787	1790
COV	[788-788]	788	1848
COV	[789-789]	789	1825
COV	[790-790]	790	1796
COV	[791-791]	791	1847
COV	[792-792]	792	1827
COV	[793-793]	793	1753
COV	[794-794]	794	1880
COV	[795-795]	795	1807
COV	[796-796]	796	1758
COV	[797-797]	797	1886
COV	[798-798]	798	1829
COV	[799-799]	799	1806
COV	[800-800]	800	1719
COV	[801-801]	801	1760
COV	[802-802]	802	1822
COV	[803-803]	803	1741
COV	[804-804]	804	1834
COV	[805-805]	805	1811
COV	[806-806]	806	1683
COV	[807-807]	807	1808
COV	[808-808]	808	1796
COV	[809-809]	809	1800
COV	[810-810]	810	1874
COV	[811-811]	811	1754
COV	[812-812]	812	1855
COV	[813-813]	813	1784
COV	[814-814]	814	1778
COV	[815-815]	815	1787
COV	[816-816]	816	1750
COV	[817-817]	817	1812
COV	[818-818]	818	1797
COV	[819-819]	819	1796
COV	[820-820]	820	1713
COV	[821-821]	821	1742
COV	[822-822]	822	1695
COV	[823-823]	823	1692
COV	[824-824]	824	1680
COV	[825-825]	825	1759
COV	[826-826]	826	1821
COV	[827-827]	827	1784
COV	[828-828]	828	1715
COV	[829-829]	829	1740
COV	[830-830]	830	1732
COV	[831-831]	831	1711
COV	[832-832]	832	1735
COV	[833-833]	833	1743
COV	[834-834]	834	1699
COV	[835-835]	835	1738
COV	[836-836]	836	1721
COV	[837-837]	837	1709
COV	[838-838]	838	1732
COV	[839-839]	839	1742
COV	[840-840]	840	1689
COV	[841-841]	841	1713
COV	[842-842]	842	1691
COV	[843-843]	843	1655
COV	[844-844]	844	1695
COV	[845-845]	845	1695
COV	[846-846]	846	1729
COV	[847-847]	847	1625
COV	[848-848]	848	1704
COV	[849-849]	849	1628
COV	[850-850]	850	1683
COV	[851-851]	851	1727
COV	[852-852]	852	1670
COV	[853-853]	853	1714
COV	[854-854]	854	1644
COV	[855-855]	855	1753
COV	[856-856]	856	1703
COV	[857-857]	857	1700
COV	[858-858]	858	1719
COV	[859-859]	859	1689
COV	[860-860]	860	1708
COV	[861-861]	861	1646
COV	[862-862]	862	1697
COV	[863-863]	863	1720
COV	[864-864]	864	1688
COV	[865-865]	865	1673
COV	[866-866]	866	1647
COV	[867-867]	867	1733
COV	[868-868]	868	1735
COV	[869-869]	869	1725
COV	[870-870]	870	1714
COV	[871-871]	871	1777
COV	[872-872]	872	1775
COV	[873-873]	873	1758
COV	[874-874]	874	1749
COV	[875-875]	875	1736
COV	[876-876]	876	1690
COV	[877-877]	877	1744
COV	[878-878]	878	1697
COV	[879-879]	879	1726
COV	[880-880]	880	1768
COV	[881-881]	881	1745
COV	[882-882]	882	1681
COV	[883-883]	883	1714
COV	[884-884]	884	1721
COV	[885-885]	885	1728
COV	[886-886]	886	1711
COV	[887-887]	887	1722
COV	[888-888]	888	1730
COV	[889-889]	889	1784
COV	[890-890]	890	1694
COV	[891-891]	891	1719
COV	[892-892]	892	1738
COV	[893-893]	893	1835
COV	[894-894]	894	1755
COV	[895-895]	895	1763
COV	[896-896]	896	1805
COV	[897-897]	897	1727
COV	[898-898]	898	1797
COV	[899-899]	899	1770
COV	[900-900]	900	1798
COV	[901-901]	901	1702
COV	[902-902]	902	1781
COV	[903-903]	903	1736
COV	[904-904]	904	1721
COV	[905-905]	905	1757
COV	[906-906]	906	1734
COV	[907-907]	907	1725
COV	[908-908]	908	1742
COV	[909-909]	909	1652
COV	[910-910]	910	1745
COV	[911-911]	911	1691
COV	[912-912]	912	1782
COV	[913-913]	913	1776
COV	[914-914]	914	1684
COV	[915-915]	915	1753
COV	[916-916]	916	1681
COV	[917-917]	917	1694
COV	[918-918]	918	1597
COV	[919-919]	919	1617
COV	[920-920]	920	1673
COV	[921-921]	921	1630
COV	[922-922]	922	1674
COV	[923-923]	923	1721
COV	[924-924]	924	1682
COV	[925-925]	925	1668
COV	[926-926]	926	1677
COV	[927-927]	927	1675
COV	[928-928]	928	1676
COV	[929-929]	929	1701
COV	[930-930]	930	1694
COV	[931-931]	931	1678
COV	[932-932]	932	1736
COV	[933-933]	933	1651
COV	[934-934]	934	1691
COV	[935-935]	935	1694
COV	[936-936]	936	1679
COV	[937-937]	937	1651
COV	[938-938]	938	1641
COV	[939-939]	939	1639
COV	[940-940]	940	1622
COV	[941-941]	941	1635
COV	[942-942]	942	1576
COV	[943-943]	943	1553
COV	[944-944]	944	1595
COV	[945-945]	945	1664
COV	[946-946]	946	1610
COV	[947-947]	947	1603
COV	[948-948]	948	1607
COV	[949-949]	949	1564
COV	[950-950]	950	1520
COV	[951-951]	951	1451
COV	[952-952]	952	1496
COV	[953-953]	953	1558
COV	[954-954]	954	1532
COV	[955-955]	955	1464
COV	[956-956]	956	1461
COV	[957-957]	957	1470
COV	[958-958]	958	1379
COV	[959-959]	959	1432
COV	[960-960]	960	1403
COV	[961-961]	961	1440
COV	[962-962]	962	1371
COV	[963-963]	963	1425
COV	[964-964]	964	1413
COV	[965-965]	965	1386
COV	[966-966]	966	1381
COV	[967-967]	967	1371
COV	[968-968]	968	1353
COV	[969-969]	969	1312
COV	[970-970]	970	1365
COV	[971-971]	971	1395
COV	[972-972]	972	1351
COV	[973-973]	973	1293
COV	[974-974]	974	1326
COV	[975-975]	975	1338
COV	[976-976]	976	1323
COV	[977-977]	977	1400
COV	[978-978]	978	1348
COV	[979-979]	979	1355
COV	[980-980]	980	1353
COV	[981-981]	981	1323
COV	[982-982]	982	1344
COV	[983-983]	983	1380
COV	[984-984]	984	1231
COV	[985-985]	985	1357
COV	[986-986]	986	1358
COV	[987-987]	987	1374
COV	[988-988]	988	1346
COV	[989-989]	989	1308
COV	[990-990]	990	1297
COV	[991-991]	991	1436
COV	[992-992]	992	1345
COV	[993-993]	993	1311
COV	[994-994]	994	1286
COV	[995-995]	995	1376
COV	[996-996]	996	1335
COV	[997-997]	997	1309
COV	[998-998]	998	1331
COV	[999-999]	999	1378
COV	[1000-1000]	1000	1381
COV	[1000<]	1000	1921371
# GC-depth. Use `grep ^GCD | cut -f 2-` to extract this part. The columns are: GC%, unique sequence percentiles, 10th, 25th, 50th, 75th and 90th depth percentile
GCD	0.0	0.020	0.007	0.007	0.011	0.037	0.107
GCD	1.0	0.021	0.022	0.022	0.081	0.141	0.141
GCD	2.0	0.022	0.200	0.200	0.200	0.200	0.200
GCD	3.0	0.022	0.148	0.148	0.148	0.148	0.148
GCD	4.0	0.024	0.030	0.030	0.033	0.037	0.037
GCD	5.0	0.027	0.030	0.035	0.052	0.057	0.059
GCD	6.0	0.030	0.015	0.065	0.241	0.322	0.341
GCD	7.0	0.036	0.007	0.037	0.081	0.459	1.458
GCD	8.0	0.040	0.015	0.019	0.037	0.433	0.489
GCD	9.0	0.043	0.022	0.037	0.089	0.289	0.407
GCD	10.0	0.046	0.030	0.033	0.070	0.157	0.178
GCD	11.0	0.052	0.015	0.031	0.037	0.098	0.222
GCD	12.0	0.059	0.015	0.019	0.044	2.325	10.616
GCD	13.0	0.064	0.022	0.246	0.481	1.220	3582.092
GCD	14.0	0.072	0.008	0.037	0.192	2.854	164.719
GCD	15.0	0.080	0.010	0.015	0.067	0.104	657.619
GCD	16.0	0.087	0.007	0.011	0.052	0.118	68.819
GCD	17.0	0.095	0.007	0.030	0.215	2.325	502.958
GCD	18.0	0.100	0.007	0.024	0.093	0.254	4.072
GCD	19.0	0.105	0.007	0.013	0.052	133.174	523.013
GCD	20.0	0.113	0.015	0.015	0.033	0.294	131.130
GCD	21.0	0.124	0.007	0.007	0.033	0.459	205.928
GCD	22.0	0.131	0.007	0.007	0.030	1.362	45.245
GCD	23.0	0.141	0.007	0.011	0.126	12.996	83.539
GCD	24.0	0.154	0.007	0.191	0.300	4.407	84.546
GCD	25.0	0.164	0.007	0.013	0.059	1.142	20.858
GCD	26.0	0.174	0.011	0.031	0.263	67.923	77.899
GCD	27.0	0.185	0.007	0.007	0.267	2.177	57.245
GCD	28.0	0.197	0.080	0.191	1.051	47.122	59.650
GCD	29.0	0.215	0.007	0.015	0.859	3.080	32.516
GCD	30.0	0.236	0.015	0.130	1.125	38.655	48.994
GCD	31.0	0.262	0.131	0.901	32.218	42.116	54.742
GCD	32.0	0.333	0.252	4.042	35.513	40.399	42.146
GCD	33.0	0.538	6.550	32.041	36.364	39.532	42.880
GCD	34.0	1.287	25.782	31.458	34.273	37.534	40.348
GCD	35.0	3.603	27.830	30.726	32.973	35.709	38.200
GCD	36.0	8.909	27.469	30.353	32.559	35.039	37.423
GCD	37.0	17.590	27.308	30.286	32.418	34.661	36.958
GCD	38.0	28.519	24.279	30.227	32.448	34.713	36.904
GCD	39.0	39.649	24.864	30.575	32.751	34.972	37.178
GCD	40.0	49.760	26.568	31.041	33.166	35.202	37.408
GCD	41.0	58.471	26.363	31.285	33.462	35.609	37.785
GCD	42.0	65.639	28.460	31.678	33.751	35.737	38.052
GCD	43.0	71.455	28.732	31.915	34.010	36.090	38.237
GCD	44.0	76.280	28.299	32.137	34.247	36.468	38.697
GCD	45.0	80.310	21.291	32.074	34.484	36.706	39.037
GCD	46.0	83.835	20.922	32.351	35.105	37.497	40.347
GCD	47.0	86.785	25.937	33.188	35.690	38.192	41.860
GCD	48.0	89.131	31.432	33.928	36.268	38.681	41.577
GCD	49.0	90.921	31.514	34.202	36.490	38.785	41.080
GCD	50.0	92.439	32.300	34.913	37.134	39.618	41.832
GCD	51.0	93.712	33.209	35.370	37.630	39.869	41.924
GCD	52.0	94.932	33.557	35.898	37.907	40.234	42.687
GCD	53.0	95.955	34.481	36.729	39.014	41.722	45.662
GCD	54.0	96.752	34.676	37.030	39.155	41.524	43.946
GCD	55.0	97.424	35.152	37.226	39.377	41.770	44.128
GCD	56.0	98.007	35.097	37.926	40.132	42.331	44.880
GCD	57.0	98.455	36.377	38.655	41.028	43.175	45.579
GCD	58.0	98.828	37.060	39.070	41.376	43.717	46.464
GCD	59.0	99.120	37.637	39.862	42.394	45.161	50.308
GCD	60.0	99.367	37.856	41.087	43.967	47.567	286.295
GCD	61.0	99.548	38.891	41.391	43.937	47.602	50.742
GCD	62.0	99.692	39.567	42.357	44.515	47.296	50.716
GCD	63.0	99.799	39.222	42.812	44.914	47.713	50.615
GCD	64.0	99.872	39.336	42.512	44.322	47.339	50.141
GCD	65.0	99.919	39.038	43.941	45.647	48.664	60.181
GCD	66.0	99.949	42.673	44.881	47.535	50.026	956.307
GCD	67.0	99.980	40.676	45.137	47.428	50.176	53.654
GCD	68.0	99.993	42.995	45.588	47.076	49.882	242.101
GCD	69.0	99.997	43.027	46.166	49.430	1340.206	2627.583
GCD	70.0	99.999	13.555	13.555	30.297	47.039	47.039
GCD	71.0	99.999	460.050	460.050	460.050	460.050	460.050
GCD	72.0	100.000	0.007	0.007	0.007	0.007	0.007
