# This file was produced by samtools stats (1.19+htslib-1.19) and can be plotted using plot-bamstats
# This file contains statistics for all reads.
# The command line was:  stats bam_files/recal_AUBFRAM000734017874.bam
# CHK, Checksum	[2]Read Names	[3]Sequences	[4]Qualities
# CHK, CRC32 of reads which passed filtering followed by addition (32bit overflow)
CHK	ce9d96fc	5a88df1c	185c308e
# Summary Numbers. Use `grep ^SN | cut -f 2-` to extract this part.
SN	raw total sequences:	456316616	# excluding supplementary and secondary reads
SN	filtered sequences:	0
SN	sequences:	456316616
SN	is sorted:	1
SN	1st fragments:	228155129
SN	last fragments:	228161487
SN	reads mapped:	455188302
SN	reads mapped and paired:	454473982	# paired-end technology bit set + both mates mapped
SN	reads unmapped:	1128314
SN	reads properly paired:	446932919	# proper-pair bit set
SN	reads paired:	456316616	# paired-end technology bit set
SN	reads duplicated:	0	# PCR or optical duplicate bit set
SN	reads MQ0:	30611457	# mapped and MQ=0
SN	reads QC failed:	0
SN	non-primary alignments:	0
SN	supplementary alignments:	1319609
SN	total length:	68447492400	# ignores clipping
SN	total first fragment length:	34223269350	# ignores clipping
SN	total last fragment length:	34224223050	# ignores clipping
SN	bases mapped:	68278245300	# ignores clipping
SN	bases mapped (cigar):	67785584205	# more accurate
SN	bases trimmed:	0
SN	bases duplicated:	0
SN	mismatches:	434531647	# from NM fields
SN	error rate:	6.410384e-03	# mismatches / bases mapped (cigar)
SN	average length:	150
SN	average first fragment length:	150
SN	average last fragment length:	150
SN	maximum length:	150
SN	maximum first fragment length:	150
SN	maximum last fragment length:	150
SN	average quality:	30.7
SN	insert size average:	409.3
SN	insert size standard deviation:	86.0
SN	inward oriented pairs:	223498340
SN	outward oriented pairs:	264599
SN	pairs with other orientation:	107668
SN	pairs on different chromosomes:	3366178
SN	percentage of properly paired reads (%):	97.9
# First Fragment Qualities. Use `grep ^FFQ | cut -f 2-` to extract this part.
# Columns correspond to qualities and rows to cycles. First column is the cycle number.
FFQ	1	0	0	93319	0	0	0	0	0	0	0	0	0	0	4480725	0	0	0	0	0	0	0	0	0	0	0	7029065	0	0	0	0	216552020	0	0	0	0	0	0
FFQ	2	0	0	18472	0	0	0	0	0	47405	0	195852	675231	0	888836	778023	692753	219390	0	0	87839	204299	0	2935682	445050	686189	629308	1657587	2271383	885422	25397290	73379160	80372592	35687366	0	0	0	0
FFQ	3	0	0	50390	0	0	0	0	0	0	35334	0	129849	537946	0	714065	662740	609181	152942	0	0	67185	201148	0	2464356	315789	761942	422044	1313191	2184118	816036	25442252	73784888	81680818	35808915	0	0	0
FFQ	4	0	0	33599	0	0	0	0	0	0	36826	0	125804	475836	0	707932	672676	595419	138642	0	0	0	289154	0	0	2621626	319631	744213	371509	1464636	2118832	834071	24126768	75020469	80838933	36618553	0	0
FFQ	5	0	0	0	0	0	0	0	0	0	35550	0	114699	422510	0	661389	597943	572621	121105	0	0	0	279810	0	0	2759129	322968	694659	379778	1332560	2096972	794511	24170530	75491064	80430091	36877240	0	0
FFQ	6	0	0	645	0	0	0	0	0	0	33605	0	118901	416672	0	655332	576189	572083	125068	0	0	68209	191247	0	2682269	338190	699669	370266	1376094	2074844	787025	25074008	75230105	81657182	35107526	0	0	0
FFQ	7	0	0	0	0	0	0	0	0	0	35572	0	116441	423268	0	670021	565448	574421	122073	0	0	72650	203057	0	0	3197247	738617	367107	1360345	2126240	786173	0	24252897	77275341	79817570	35450641	0	0
FFQ	8	0	0	0	0	0	0	0	0	0	32912	0	122235	418099	0	654292	569421	542608	123371	0	0	0	263494	0	0	2650008	358168	746252	361755	1384848	2063870	811887	24680935	75882340	80951417	35537217	0	0
FFQ	9	0	0	0	0	0	0	0	0	0	34700	0	122451	427433	0	687795	592110	558203	120071	0	0	69944	216347	0	0	3054391	776407	355906	1440272	2113128	829168	0	24310883	76816757	79594952	36034211	0	0
FFQ	10	0	0	17	0	0	0	0	0	0	35613	0	124219	430471	0	662092	595993	561860	122520	0	0	0	281533	0	0	2749654	357144	789133	360177	1455183	2093015	828016	24542607	75786742	80423761	35955379	0	0
FFQ	11	0	0	0	0	0	0	0	0	0	36100	0	114408	405542	0	645923	566954	574066	117843	0	0	0	275356	0	2751113	0	343350	772024	349251	1432600	2132960	25196735	76515261	79612837	36312806	0	0	0
FFQ	12	0	0	0	0	0	0	0	0	0	36186	0	124866	408448	0	653230	575966	568761	118227	0	0	74033	199450	0	2743519	372174	781978	354059	1470227	2125204	843944	24540116	76102663	80135608	35926470	0	0	0
FFQ	13	0	0	6191	0	0	0	0	0	0	37929	0	128482	423776	0	671991	594395	590853	121898	0	0	0	280747	0	2758216	0	375293	799025	361405	1504732	2179719	25339566	75954618	79676816	36349477	0	0	0
FFQ	14	0	0	0	0	0	0	0	0	0	38598	0	135507	431085	0	694960	607451	599504	122508	0	0	0	287560	0	0	2747255	392242	809691	360321	1527561	2218279	874521	24466307	75829077	80240613	35772089	0	0
FFQ	15	0	0	0	0	0	0	0	0	0	40347	0	141635	445499	0	721920	623791	609850	125285	0	0	77531	218244	0	2730643	400353	823640	362802	1553988	2252225	891682	24390032	75885080	80196945	35663637	0	0	0
FFQ	16	0	0	0	0	0	0	0	0	0	38077	0	131049	415678	0	676891	593869	589182	119714	0	0	0	285733	0	2748143	0	387961	803664	350207	1516912	2215264	25247995	75887546	79750432	36396812	0	0	0
FFQ	17	0	0	0	0	0	0	0	0	0	39618	0	137526	430254	0	695705	615195	612774	127193	0	0	78681	210328	0	2729633	398476	815288	360638	1548069	2247737	886615	24473809	75946189	80111908	35689493	0	0	0
FFQ	18	0	0	0	0	0	0	0	0	0	40735	0	140000	442065	0	703361	628471	617506	129300	0	0	0	294675	0	0	2728706	401560	826905	360667	1563690	2256565	888797	24477669	75973761	80055342	35625354	0	0
FFQ	19	0	0	0	0	0	0	0	0	0	42010	0	139754	445695	0	709167	633425	634836	128208	0	0	0	303386	0	0	2754211	397633	837900	365537	1578971	2295445	889818	24336157	76156091	79828820	35678065	0	0
FFQ	20	0	0	2	0	0	0	0	0	0	42023	0	143373	445670	0	713750	644707	635753	132177	0	0	79904	221237	0	0	3120558	828398	359708	1579367	2297719	900079	0	24361409	76563562	79585105	35500628	0	0
FFQ	21	0	0	0	0	130018	0	409939	1172493	0	1641688	1346648	1279178	251747	122065	0	0	462068	651527	1306670	659335	2338730	3262649	4017619	0	0	766234	0	0	0	23454515	73716147	76915926	34249933	0	0	0	0
FFQ	22	0	0	187	0	0	0	0	0	49443	0	158970	500126	0	786869	702159	705040	141405	0	0	0	327943	0	0	2741606	422531	884933	374336	1664248	2404464	936081	24228536	76111295	79695540	35319417	0	0	0
FFQ	23	0	0	209	0	0	0	0	0	0	47616	0	152945	480098	0	753625	693038	690458	139469	0	0	87213	239127	0	0	3172010	867892	367708	1648921	2384259	942047	0	24200653	76632705	79189573	35465563	0	0
FFQ	24	0	0	0	0	0	0	0	0	0	49068	0	157056	475777	0	755053	701978	695366	141356	0	0	89372	240174	0	0	3203067	863039	365713	1653668	2402876	954626	0	24113864	76539670	79263263	35490143	0	0
FFQ	25	0	0	0	0	0	0	0	0	0	50205	0	154699	467651	0	746543	704302	701202	144563	0	0	89898	231328	0	0	3191415	838675	363945	1657208	2399944	959742	0	24124488	76565575	79335897	35427849	0	0
FFQ	26	0	0	0	0	0	0	0	57424	0	180613	529033	0	832628	788486	772423	160865	0	0	0	258231	89458	0	0	0	3197278	838731	362965	1654043	2404708	957541	0	24022510	76468664	79210220	35369308	0	0
FFQ	27	0	0	0	0	0	0	0	58153	0	180169	529397	0	836226	790768	768322	162771	0	0	0	255926	90129	0	0	0	3187947	840314	360285	1657234	2406807	966542	0	23968090	76590623	79103923	35401503	0	0
FFQ	28	0	0	18160	0	0	0	0	59057	0	185207	546672	0	863216	804517	783867	159965	0	0	0	271741	89446	0	0	2739357	431948	859705	371850	1669164	2445354	967584	23916942	75977595	79753054	35240728	0	0	0
FFQ	29	0	0	48	0	0	0	0	61788	0	191471	567245	0	879472	826297	803978	166659	0	0	0	275927	90871	0	0	0	3162119	870459	378907	1696944	2465452	977407	0	23896441	76606268	79007418	35229958	0	0
FFQ	30	0	0	0	0	107120	0	354541	990910	0	1422722	1239627	1175077	237445	0	113626	0	408546	0	567184	1136216	550191	2115839	5711355	1218556	0	0	691895	0	0	23385366	74574800	77650659	34503454	0	0	0	0
FFQ	31	0	0	0	0	0	0	0	66034	0	195763	588931	0	912220	835072	823381	167714	0	0	0	280008	95190	0	0	2777492	440552	890233	389082	1715638	2504540	979847	23860342	76063184	79557165	35012741	0	0	0
FFQ	32	0	0	0	0	0	0	0	65666	0	194536	583257	0	896432	842807	827540	171396	0	0	0	279330	93056	0	0	0	3189188	883601	388605	1717967	2498712	982305	0	23894388	76674942	78961785	35009616	0	0
FFQ	33	0	0	0	0	0	0	0	66397	0	195371	575232	0	897651	845432	827575	171084	0	0	0	278809	93259	0	0	0	3201322	870171	379838	1716565	2500043	993007	0	23811190	76649237	79024945	35058001	0	0
FFQ	34	0	0	0	0	0	0	0	68089	0	201512	594802	0	922134	858856	838455	173391	0	0	0	287480	94451	0	0	0	3224817	890178	393117	1738830	2532732	1004583	0	23821832	76624465	78958110	34927295	0	0
FFQ	35	0	0	0	0	0	0	0	68893	0	200509	593207	0	916599	857461	841790	175448	0	0	0	282533	95435	0	0	0	3219877	884052	392745	1740799	2527053	1001567	0	23835433	76747092	78880825	34893811	0	0
FFQ	36	0	0	0	0	0	0	0	70270	0	201790	596725	0	927297	859887	850362	173166	0	0	0	293167	95696	0	0	0	3224376	890990	395540	1737266	2551419	1000680	0	23830656	76694011	78882683	34879148	0	0
FFQ	37	0	0	0	0	0	0	0	69625	0	193892	574191	0	897411	837083	825144	171481	0	0	0	279082	94711	0	0	0	3220070	866029	386048	1723652	2504599	993181	0	23854898	76735362	79021870	34906800	0	0
FFQ	38	0	0	716	0	0	0	0	70995	0	201829	599587	0	931587	853915	839923	171229	0	0	0	293591	95335	0	0	0	3224318	894206	397481	1743787	2551053	1005947	0	23825866	76709932	78928505	34815327	0	0
FFQ	39	0	0	8494	0	192756	0	528504	1464423	0	2103230	1704021	1617366	303094	149906	0	0	591211	732599	1441090	749962	2607923	3726980	4171194	0	0	858762	0	0	0	22813595	73067899	76006097	33316023	0	0	0	0
FFQ	40	0	0	3529	0	0	0	0	74280	0	201206	614479	0	952799	850032	847802	172082	0	0	0	290972	97083	0	0	0	3208756	910016	402504	1755317	2567691	999034	0	23797787	76853872	78874265	34681623	0	0
FFQ	41	0	0	0	0	0	0	0	73353	0	197521	596423	0	923369	847345	838549	169497	0	0	0	296899	95963	0	0	0	3221343	891459	395709	1732975	2543588	1002668	0	23778777	76804450	78958585	34786656	0	0
FFQ	42	0	0	0	0	0	0	0	74772	0	199414	592435	0	922463	857106	838060	175469	0	0	0	286095	96985	0	0	0	3235417	880048	397307	1755789	2530049	1012160	0	23748761	76767093	78864699	34921007	0	0
FFQ	43	0	0	0	0	0	0	76897	0	208090	628207	0	958139	886909	869961	179744	0	0	0	305413	0	96865	0	0	0	3227989	910729	413063	1785708	2579015	1022931	0	23738854	76612203	78788302	34866110	0	0
FFQ	44	0	0	0	0	0	0	0	77727	0	207706	615890	0	954580	885826	866025	180806	0	0	0	296607	97921	0	0	0	3230849	898752	397844	1786539	2572798	1033928	0	23698074	76680405	78840990	34831862	0	0
FFQ	45	0	0	0	0	0	0	0	78621	0	205112	613844	0	951303	873812	858988	178522	0	0	0	295691	96964	0	0	0	3237473	896971	400692	1777891	2573043	1030276	0	23719270	76681298	78860407	34824951	0	0
FFQ	46	0	0	0	0	0	0	79906	0	213310	630310	0	977602	900177	879050	184454	0	0	0	304624	0	99989	0	0	2773338	471128	911466	407727	1803500	2602191	1048635	23706246	76010223	79391533	34759720	0	0	0
FFQ	47	0	0	89	0	0	0	83500	0	215627	655364	0	990080	914728	899931	188961	0	0	0	310169	0	100280	0	0	0	3238469	927414	415978	1815678	2622685	1046603	0	23686733	76649779	78653574	34739487	0	0
FFQ	48	0	0	0	0	0	120711	0	372434	1047461	0	1531891	1300947	1245249	247566	0	121881	0	447496	0	619357	1216311	594844	2258061	5924966	1306433	0	0	747706	0	0	23166042	74660683	77248466	33976624	0	0	0
FFQ	49	0	0	38	0	0	0	85376	0	218376	661711	0	1012350	905240	898265	183480	0	0	0	312517	101693	0	0	0	474081	3715594	422347	1829514	2656194	1041118	0	0	24269136	76051572	78720452	34596075	0	0
FFQ	50	0	0	0	0	0	0	85572	0	220679	668811	0	1016565	919974	910080	187239	0	0	0	320393	0	100612	0	0	0	3257827	941520	427878	1835557	2659541	1049504	0	23562476	76687343	78662614	34640944	0	0
FFQ	51	0	0	0	0	0	0	88691	0	231569	695390	0	1049345	960956	941091	196585	0	0	0	324426	101732	0	0	0	487290	3701068	434062	1875204	2695339	1075813	0	0	24186071	75937683	78624858	34547956	0	0
FFQ	52	0	0	237	0	0	0	90674	0	242878	721866	0	1088223	983327	959685	201871	0	0	0	331973	103505	0	0	0	503274	3721530	444942	1919548	2739406	1099654	0	0	24191125	75879049	78404181	34528181	0	0
FFQ	53	0	0	0	0	0	0	91467	0	240243	725059	0	1082935	981525	965440	201753	0	0	0	334598	0	104397	0	0	0	3270991	981985	450910	1908620	2735268	1088035	0	23557658	76421829	78463065	34549351	0	0
FFQ	54	0	0	0	0	0	0	91723	0	237898	712395	0	1069791	978420	958026	203172	0	0	0	326010	103810	0	0	0	497006	3734729	438211	1901662	2713487	1090324	0	0	24172135	75854639	78527237	34544454	0	0
FFQ	55	0	0	0	0	0	0	92933	0	240822	718913	0	1079679	982749	960410	203905	0	0	0	328504	0	104218	0	0	0	3264510	966541	441836	1912698	2724222	1095841	0	23597007	76487871	78447656	34504814	0	0
FFQ	56	0	0	0	0	0	0	94581	0	243541	729446	0	1092550	989518	975712	203612	0	0	0	336356	104708	0	0	0	501375	3738043	447429	1919243	2747981	1096745	0	0	24206925	75807968	78452185	34467211	0	0
FFQ	57	0	0	0	0	0	0	94548	0	242269	717234	0	1082062	984385	963175	206190	0	0	0	328918	0	105561	0	0	0	3276262	961239	437722	1915380	2728303	1097744	0	23574858	76520453	78466628	34452198	0	0
FFQ	58	0	0	0	0	0	0	97099	0	248374	739606	0	1108375	1001979	984388	207799	0	0	0	338860	107003	0	0	0	505222	3751388	450568	1938314	2763950	1108639	0	0	24189450	75824815	78354751	34434549	0	0
FFQ	59	0	0	54	0	0	0	100236	0	258169	774162	0	1143928	1036691	1017427	215433	0	0	0	350167	107769	0	0	0	516472	3771051	466042	1967173	2808892	1126853	0	0	24149308	75719271	78169976	34456055	0	0
FFQ	60	0	0	0	0	0	0	100649	0	259641	772734	0	1147576	1037167	1016603	216183	0	0	0	347744	107735	0	0	0	519982	3758272	461651	1975513	2806505	1133009	0	0	24120723	75680371	78230467	34462604	0	0
FFQ	61	0	0	0	0	0	0	101506	0	259920	776778	0	1151966	1036868	1014647	215684	0	0	0	350082	107675	0	0	0	519830	3770073	462437	1980848	2805939	1130348	0	0	24124139	75663010	78242036	34441343	0	0
FFQ	62	0	0	58	0	0	0	102872	0	264067	793717	0	1173536	1052637	1040293	216731	0	0	0	361219	108717	0	0	0	523928	3776404	472330	1998269	2846825	1140372	0	0	24086142	75621711	78121804	34453497	0	0
FFQ	63	0	0	0	0	0	0	103552	0	262262	774890	0	1157728	1045143	1028518	219609	0	0	0	345153	110019	0	0	0	525746	3757174	461004	1994793	2811084	1145697	0	0	24073695	75565958	78319429	34453675	0	0
FFQ	64	0	0	300	0	0	0	104094	0	263182	786324	0	1168237	1045327	1030895	217578	0	0	0	356266	110232	0	0	0	524014	3798173	470444	1998475	2834431	1143562	0	0	24094120	75614215	78229654	34365606	0	0
FFQ	65	0	0	677	0	0	0	106177	0	269039	796497	0	1188512	1058333	1041275	221013	0	0	0	359975	109986	0	0	0	530883	3781010	473835	2010065	2856273	1153623	0	0	24067678	75631626	78142543	34356109	0	0
FFQ	66	0	0	2	0	0	0	107577	0	275375	811931	0	1208594	1074997	1051498	223811	0	0	0	360253	111381	0	0	0	540047	3793522	478618	2039753	2881495	1165878	0	0	24047748	75560640	78111133	34310876	0	0
FFQ	67	0	0	72567	0	0	0	110985	0	284077	844629	0	1238853	1099736	1083309	228263	0	0	0	371566	112748	0	0	0	545313	3815179	490188	2060987	2918111	1174995	0	0	24050294	75452524	77954872	34245933	0	0
FFQ	68	0	0	0	0	0	0	112365	0	288112	847910	0	1253009	1112498	1092784	233429	0	0	0	370710	115124	0	0	0	550607	3825383	488918	2082940	2922730	1184039	0	0	24046048	75462883	77913759	34251881	0	0
FFQ	69	0	0	0	0	0	0	112072	0	280860	834645	0	1231033	1094881	1080754	230965	0	0	0	368739	114018	0	0	0	546074	3810132	483493	2059362	2907601	1175362	0	0	24031790	75583999	77939517	34269832	0	0
FFQ	70	0	0	0	0	0	0	112450	0	279079	822067	0	1222404	1090042	1069733	231286	0	0	0	362960	113247	0	0	0	545575	3789856	476462	2057136	2884237	1173365	0	0	24072004	75532873	77984457	34335896	0	0
FFQ	71	0	0	0	0	0	0	113890	0	284391	837226	0	1239375	1101797	1087244	229916	0	0	0	369299	114890	0	0	0	551010	3805356	485020	2070535	2915588	1182574	0	0	24051042	75425665	77981901	34308410	0	0
FFQ	72	0	0	0	0	0	0	115265	0	288993	852572	0	1258295	1117372	1103485	236456	0	0	0	372180	115324	0	0	0	553982	3794663	491865	2089310	2942945	1193111	0	0	23986879	75422156	77954330	34265946	0	0
FFQ	73	0	0	0	0	0	0	117483	0	296574	871409	0	1285705	1132376	1114163	238484	0	0	0	379788	115852	0	0	0	563414	3822884	501163	2113084	2965919	1202833	0	0	24006579	75367326	77857042	34203051	0	0
FFQ	74	0	0	0	0	0	0	118517	0	301070	884305	0	1301142	1141505	1128714	239957	0	0	0	385518	116306	0	0	0	568349	3832388	509832	2125872	2988424	1208256	0	0	24020970	75337482	77788017	34158505	0	0
FFQ	75	0	0	0	0	0	0	119438	0	305021	891397	0	1312913	1151168	1130525	242751	0	0	0	383384	116807	0	0	0	573622	3827235	507408	2145017	2988591	1220594	0	0	24020217	75324008	77721330	34173703	0	0
FFQ	76	0	0	0	0	0	0	121224	0	306610	908976	0	1328999	1156720	1140396	241322	0	0	0	397882	117175	0	0	0	572964	3858484	518174	2148051	3023868	1218353	0	0	24002663	75213343	77711618	34168307	0	0
FFQ	77	0	0	0	0	0	0	123054	0	314798	924113	0	1353803	1183126	1164222	250145	0	0	0	516028	0	0	0	581002	1106541	3277811	2171479	3041241	1234569	0	0	692549	23282385	75184848	77622897	34130518	0	0
FFQ	78	0	0	3	0	0	0	124721	0	319593	930463	0	1358255	1190334	1166963	250131	0	0	0	517751	0	0	0	584734	1111236	3263129	2179103	3041824	1241511	0	0	691995	23254163	75192932	77597351	34138937	0	0
FFQ	79	0	0	1	0	0	0	127275	0	324892	948277	0	1386624	1203528	1185965	252114	0	0	0	525626	0	0	0	592295	1129688	3286375	2205961	3084036	1253726	0	0	703386	23198965	75090910	77559861	34095624	0	0
FFQ	80	0	0	0	0	0	0	128172	0	321786	936916	0	1370548	1199429	1182724	254451	0	0	0	521201	0	0	0	587323	1113681	3284852	2193907	3062229	1244137	0	0	693030	23215607	75151791	77611040	34082305	0	0
FFQ	81	0	0	0	0	0	0	126439	0	314875	920869	0	1353908	1179026	1163154	251655	0	0	0	395631	119592	0	0	0	587177	3847932	518502	2185286	3041899	1239801	0	0	23923308	75186753	77686798	34112524	0	0
FFQ	82	0	0	68	0	0	0	128192	0	317327	929282	0	1361642	1182681	1169469	251737	0	0	0	399713	120907	0	0	0	588338	3871947	525006	2194638	3056478	1244536	0	0	23952807	75112703	77667183	34080475	0	0
FFQ	83	0	0	0	0	0	0	129887	0	329145	966595	0	1404775	1221628	1204610	260713	0	0	0	531114	0	0	0	598473	1134527	3293882	2236324	3093763	1264558	0	0	702178	23219649	75032310	77478098	34052900	0	0
FFQ	84	0	0	0	0	0	0	129992	0	327440	953670	0	1395152	1217936	1198230	260581	0	0	0	404122	120906	0	0	0	595431	3868853	530157	2218601	3070995	1261831	0	0	23945606	75109046	77446783	34099797	0	0
FFQ	85	0	0	0	0	0	133093	0	345113	988188	0	1442900	1254404	1224987	267677	0	0	0	412528	124407	0	0	0	615116	1143909	3279863	2268287	3115033	1289466	0	0	701148	23189850	74929389	77374201	34055570	0	0
FFQ	86	0	0	0	0	0	136240	0	355066	1027411	0	1490811	1277686	1254972	269483	0	0	0	428696	124879	0	0	0	623557	1181969	3311927	2308938	3186373	1300128	0	0	724263	23146338	74840459	77216068	33949865	0	0
FFQ	87	0	0	0	0	0	139256	0	369848	1054982	0	1531276	1313196	1286785	277285	0	0	0	436853	127192	0	0	0	635988	1196516	3323695	2334615	3224033	1313030	0	0	732360	23093294	74785431	77042920	33936574	0	0
FFQ	88	0	0	0	0	0	139008	0	366661	1047674	0	1519897	1309291	1285922	278542	0	0	0	431405	126347	0	0	0	631546	1180126	3318444	2323223	3202489	1314712	0	0	721491	23081010	74796676	77114915	33965750	0	0
FFQ	89	0	0	0	0	0	139795	0	359958	1028535	0	1500163	1288395	1266879	273761	0	0	0	423127	126141	0	0	0	631001	1172108	3294088	2315017	3188468	1312089	0	0	715493	23109500	74858555	77221160	33930896	0	0
FFQ	90	0	0	18	0	0	141182	0	364739	1047941	0	1525420	1303828	1283715	276728	0	0	0	432994	126438	0	0	0	633290	1188778	3292637	2334751	3216845	1317678	0	0	726415	23097566	74833698	77117110	33893358	0	0
FFQ	91	0	0	0	0	0	141451	0	359659	1034595	0	1505358	1289292	1273256	275987	0	0	0	428193	127696	0	0	0	630181	1179153	3316947	2320921	3198177	1315496	0	0	720321	23086537	74869955	77152697	33929257	0	0
FFQ	92	0	0	0	0	0	144065	0	366821	1046817	0	1526802	1311274	1289734	282800	0	0	0	429332	129676	0	0	0	637009	1179410	3307485	2346369	3218374	1335264	0	0	723332	23058902	74813977	77066204	33941482	0	0
FFQ	93	0	0	10888	0	0	145210	0	366889	1047509	0	1525369	1305893	1280720	281014	0	0	0	429845	129781	0	0	0	641358	1188936	3328949	2347740	3224605	1335849	0	0	722957	23077016	74778064	77067475	33919062	0	0
FFQ	94	0	0	0	0	0	145393	0	375672	1074078	0	1558892	1323465	1303692	281170	0	0	0	440602	129869	0	0	0	646243	1213641	3336600	2379289	3272537	1343739	0	0	737415	23095385	74687592	76980046	33829809	0	0
FFQ	95	0	0	0	0	0	146404	0	379467	1084643	0	1575596	1336712	1314804	287094	0	0	0	443589	130294	0	0	0	653507	1213697	3339691	2398777	3280748	1353924	0	0	741269	23060815	74606296	76939884	33867918	0	0
FFQ	96	0	0	0	0	0	145674	0	381391	1085228	0	1579312	1341895	1321011	289020	0	0	0	442623	129795	0	0	0	654236	1212433	3322312	2400881	3273078	1353887	0	0	738447	23043523	74598737	76965973	33875673	0	0
FFQ	97	0	0	0	0	0	144205	0	368141	1047815	0	1537159	1312203	1293671	284628	0	0	0	430475	129089	0	0	0	643156	1183689	3300576	2365151	3227414	1341596	0	0	723949	23080652	74716529	77107185	33917846	0	0
FFQ	98	0	0	0	0	0	0	145154	0	371076	1049859	0	1541108	1314900	1287382	284769	0	0	0	555819	0	0	0	651778	1184847	3309844	2380526	3230789	1352255	0	0	720921	23067334	74695212	77100569	33910987	0	0
FFQ	99	0	0	0	0	0	149143	0	383212	1084480	0	1588539	1345897	1324291	288681	0	0	0	444952	130265	0	0	0	658436	1211930	3334822	2410364	3297890	1364777	0	0	742530	23005378	74593969	76938221	33857352	0	0
FFQ	100	0	0	0	0	0	149148	0	386147	1087511	0	1598104	1354741	1330605	292897	0	0	0	441163	130183	0	0	0	663613	1213771	3301949	2422505	3296089	1373469	0	0	734231	22988574	74607804	76950151	33832474	0	0
FFQ	101	0	0	0	0	0	152628	0	398549	1120034	0	1632893	1380339	1354491	298116	0	0	0	453324	133012	0	0	0	672820	1241831	3334439	2460690	3342053	1392779	0	0	748425	22962951	74494810	76813938	33767007	0	0
FFQ	102	0	0	654	0	0	167384	0	465481	1290156	0	1866689	1537526	1490826	322194	0	0	0	651867	0	0	0	729463	1372662	666671	5367863	3603058	1495887	0	0	810063	0	22781658	73929806	76154055	33451166	0	0
FFQ	103	0	0	0	0	0	155422	0	398098	1148278	0	1665284	1379941	1367217	292270	0	0	0	472226	134116	0	0	0	671431	1276357	3348041	2477592	3405186	1383251	0	0	772987	22991292	74530813	76586479	33698848	0	0
FFQ	104	0	0	0	0	0	156167	0	402853	1123019	0	1650529	1384450	1353374	301475	0	0	0	451245	135949	0	0	0	685652	1248038	3331118	2496094	3363396	1408775	0	0	747088	22971884	74477931	76680359	33785733	0	0
FFQ	105	0	0	0	0	0	158389	0	419373	1185321	0	1717035	1422824	1392112	304188	0	0	0	479881	136430	0	0	0	698353	1309394	3370520	2547333	3464950	1429170	0	0	782894	22914854	74282629	76480096	33659383	0	0
FFQ	106	0	0	0	0	0	160899	0	421843	1191843	0	1737928	1431778	1412645	303261	0	0	0	485251	136173	0	0	0	699418	1313127	3370270	2553065	3492665	1426527	0	0	794607	22918623	74310914	76367949	33626343	0	0
FFQ	107	0	0	3292	0	0	155842	0	403622	1129106	0	1660522	1387561	1371958	302021	0	0	0	454326	133924	0	0	0	682878	1240796	3342796	2488166	3373975	1403189	0	0	749936	22971732	74461209	76673532	33764746	0	0
FFQ	108	0	0	0	0	0	156170	0	395411	1101013	0	1625075	1370619	1352014	301341	0	0	0	440226	133630	0	0	0	678843	1212756	3326968	2466750	3318708	1397905	0	0	726999	22990087	74479831	76859457	33821326	0	0
FFQ	109	0	0	14	0	0	0	156528	0	394270	1099753	0	1621789	1367455	1341453	300089	0	0	0	436988	135677	0	0	0	681787	3952743	589011	2474083	3317819	1405551	0	0	23717250	74465675	76867407	33829787	0	0
FFQ	110	0	0	4198	0	0	159478	0	411558	1143395	0	1687442	1402657	1379623	305625	0	0	0	459161	136486	0	0	0	697181	1257559	3344686	2525208	3405255	1429011	0	0	753747	22913911	74342892	76687701	33708355	0	0
FFQ	111	0	0	0	0	0	162251	0	428703	1191274	0	1754583	1454274	1428422	317901	0	0	0	473510	137897	0	0	0	707297	1288156	3352954	2579894	3461746	1448034	0	0	768041	22877933	74214442	76456791	33651026	0	0
FFQ	112	0	0	0	0	0	166099	0	446721	1225928	0	1790377	1485889	1450014	324009	0	0	0	479071	140496	0	0	0	724300	1314184	3359656	2626185	3508248	1475197	0	0	776366	22815387	74089847	76373043	33584112	0	0
FFQ	113	0	0	0	0	0	167366	0	450196	1254600	0	1823025	1494632	1466560	321711	0	0	0	492901	140997	0	0	0	728413	1346700	3382591	2650950	3568937	1481861	0	0	798158	22832508	74035073	76206531	33511419	0	0
FFQ	114	0	0	0	0	0	165411	0	435750	1206167	0	1772783	1461083	1432802	319937	0	0	0	475741	139996	0	0	0	718743	1306882	3363266	2612933	3494065	1465037	0	0	775318	22863754	74178766	76347122	33619573	0	0
FFQ	115	0	0	339	0	0	164336	0	424562	1174651	0	1733052	1437524	1407740	317998	0	0	0	465188	138293	0	0	0	707551	1274700	3345958	2579512	3430816	1450941	0	0	757886	22877395	74299449	76477291	33689947	0	0
FFQ	116	0	0	0	0	0	168242	0	435768	1197157	0	1765951	1461163	1430989	323218	0	0	0	469671	141375	0	0	0	725151	1290795	3353659	2619500	3480599	1473001	0	0	760214	22847280	74128923	76445738	33636735	0	0
FFQ	117	0	0	0	0	0	171452	0	460777	1259383	0	1853360	1511217	1477910	326293	0	0	0	492713	145270	0	0	0	745491	1354436	3384078	2696930	3607568	1505425	0	0	795285	22772846	73917111	76177550	33500034	0	0
FFQ	118	0	0	0	0	0	172579	0	466962	1286125	0	1886435	1528748	1499031	330903	0	0	0	504616	144653	0	0	0	751071	1376130	3399155	2719106	3648562	1514978	0	0	810118	22737045	73873316	76034028	33471568	0	0
FFQ	119	0	0	0	0	0	175952	0	477079	1302371	0	1913690	1553270	1520207	337549	0	0	0	507125	145439	0	0	0	756628	1372672	3387621	2733248	3653071	1526841	0	0	806414	22725386	73799762	75982606	33478198	0	0
FFQ	120	0	0	2	0	0	174392	0	468693	1278669	0	1879132	1533097	1499071	336218	0	0	0	493549	143645	0	0	0	749713	1346776	3382053	2705164	3600651	1511688	0	0	792760	22759781	73875667	76098072	33526336	0	0
FFQ	121	0	0	0	0	0	175030	0	471514	1285036	0	1885637	1549008	1511162	343685	0	0	0	489456	145546	0	0	0	757796	1348902	3378401	2719854	3598218	1530474	0	0	783373	22724230	73834234	76133883	33489690	0	0
FFQ	122	0	0	0	0	0	180181	0	501431	1358118	0	1991355	1620010	1572016	354957	0	0	0	512760	149551	0	0	0	780593	1412892	3404086	2817698	3723365	1574976	0	0	814481	22618379	73590344	75801410	33376526	0	0
FFQ	123	0	0	0	0	0	178366	0	492426	1344103	0	1967992	1592786	1554551	345923	0	0	0	517672	146931	0	0	0	770487	1412607	3400583	2794502	3720737	1554882	0	0	823965	22663632	73735785	75751819	33385380	0	0
FFQ	124	0	0	0	0	0	178249	0	481954	1298500	0	1914634	1566187	1523761	346425	0	0	0	493257	148601	0	0	0	770044	1368619	3387871	2761534	3639887	1548576	0	0	789884	22715006	73799443	75958282	33464415	0	0
FFQ	125	0	0	1071	0	0	179883	0	495196	1333634	0	1968261	1596514	1546096	351244	0	0	0	506124	149292	0	0	0	780742	1400800	3402833	2805507	3697544	1579304	0	0	808290	22667687	73671127	75794912	33419068	0	0
FFQ	126	0	0	0	0	0	183796	0	511089	1375977	0	2022626	1633869	1585097	356193	0	0	0	525659	150516	0	0	0	795060	1443769	3423649	2863456	3790286	1596585	0	0	833364	22637001	73515785	75531909	33379443	0	0
FFQ	127	0	0	707	0	0	186426	0	528673	1421249	0	2081995	1675292	1622204	366497	0	0	0	533381	153339	0	0	0	805200	1464106	3429076	2906649	3829850	1618262	0	0	839553	22574622	73374844	75441175	33302029	0	0
FFQ	128	0	0	3006	0	0	187629	0	530151	1432326	0	2093846	1681810	1629935	367936	0	0	0	536159	153476	0	0	0	809734	1473688	3454645	2917549	3842639	1621563	0	0	842632	22537024	73350647	75393868	33294866	0	0
FFQ	129	0	0	1807	0	0	187079	0	527935	1412103	0	2075652	1668839	1617167	366622	0	0	0	529700	153120	0	0	0	809157	1452810	3419580	2897714	3819540	1617663	0	0	832767	22570796	73401718	75500167	33293193	0	0
FFQ	130	0	0	4441	0	0	186242	0	533224	1422652	0	2095719	1680644	1632989	369752	0	0	0	530446	153132	0	0	0	815311	1460343	3426396	2918263	3833427	1629933	0	0	837077	22530638	73324463	75481841	33288196	0	0
FFQ	131	0	0	54	0	0	185679	0	523512	1393686	0	2063334	1655455	1603543	364741	0	0	0	520887	153394	0	0	0	811786	1450360	3423003	2918733	3814781	1628277	0	0	827100	22580213	73385522	75561866	33289203	0	0
FFQ	132	0	0	810	0	0	189969	0	537771	1438512	0	2121265	1688683	1636514	367672	0	0	0	539029	155551	0	0	0	821504	1490417	3439323	2964507	3900546	1646363	0	0	848511	22515577	73268891	75342972	33240742	0	0
FFQ	133	0	0	0	0	0	189880	0	543616	1451375	0	2143962	1696002	1643915	372912	0	0	0	541451	155610	0	0	0	828003	1494193	3436012	2982551	3908109	1652866	0	0	852514	22476925	73252064	75293610	33239559	0	0
FFQ	134	0	0	0	0	0	190910	0	547108	1454489	0	2149263	1708343	1655884	376322	0	0	0	541436	156300	0	0	0	831842	1497296	3439967	2988591	3918820	1655924	0	0	851929	22485107	73247988	75262264	33195346	0	0
FFQ	135	0	0	395	0	0	196628	0	563946	1482680	0	2195841	1746179	1685361	386480	0	0	0	542806	159352	0	0	0	846329	1507603	3447561	3029730	3933961	1681145	0	0	850972	22448711	73117779	75163067	33168603	0	0
FFQ	136	0	0	12094	0	0	197578	0	578365	1530088	0	2245094	1775827	1710414	391226	0	0	0	554950	161445	0	0	0	860823	1543839	3478239	3077992	4000654	1701938	0	0	865748	22395973	72987798	74967638	33117406	0	0
FFQ	137	0	0	112	0	0	196485	0	574315	1518567	0	2231689	1762125	1706330	390596	0	0	0	551435	160180	0	0	0	854760	1533353	3478192	3060473	3984870	1697472	0	0	861011	22408396	73068593	74994403	33121772	0	0
FFQ	138	0	0	0	0	0	198253	0	580219	1519021	0	2252004	1782880	1713013	397389	0	0	0	548693	161947	0	0	0	864657	1535605	3463207	3085794	3995161	1719077	0	0	854785	22379403	73016150	74949313	33138558	0	0
FFQ	139	0	0	0	0	0	199489	0	580517	1526139	0	2250479	1777467	1710412	391924	0	0	0	556784	161172	0	0	0	864659	1546325	3472666	3091709	4014561	1711140	0	0	870300	22381879	72981866	74962907	33102734	0	0
FFQ	140	0	0	0	0	0	198583	0	580447	1510824	0	2249157	1776171	1707765	395121	0	0	0	546663	161515	0	0	0	868290	1532926	3470578	3096053	3993801	1721786	0	0	858841	22377337	72986553	74989988	33132730	0	0
FFQ	141	0	0	0	0	0	198061	0	586118	1531019	0	2278268	1804682	1727273	401690	0	0	0	553840	161390	0	0	0	873575	1541641	3457706	3122788	4022704	1739058	0	0	865468	22353077	72886012	74948230	33102529	0	0
FFQ	142	0	0	0	0	0	202272	0	604207	1566014	0	2323003	1825816	1742058	404388	0	0	0	562463	164024	0	0	0	889166	1572966	3462313	3172076	4072986	1757510	0	0	875958	22295961	72812911	74796096	33052941	0	0
FFQ	143	0	0	289	0	0	204776	0	620310	1617995	0	2386939	1873946	1796512	412330	0	0	0	575235	164782	0	0	0	895318	1599608	3488225	3204165	4123359	1768392	0	0	887849	22290464	72668306	74613368	32962961	0	0
FFQ	144	0	0	0	0	0	204261	0	616182	1590950	0	2360243	1853937	1771568	417067	0	0	0	557774	166921	0	0	0	901078	1572019	3484733	3195716	4064554	1767686	0	0	862125	22286297	72724119	74734183	33023716	0	0
FFQ	145	0	0	321	0	0	205573	0	624094	1616508	0	2395638	1876516	1797557	420353	0	0	0	570179	167989	0	0	0	904800	1596975	3486971	3232257	4124064	1784766	0	0	878429	22242123	72603666	74646743	32979607	0	0
FFQ	146	0	0	3243	0	0	0	208452	0	648901	1664962	0	2464103	1927746	1824796	432093	0	0	0	751280	0	0	0	925927	1636709	800650	5995946	4186806	1823746	0	0	892677	0	22174298	72446765	74407977	32938052	0
FFQ	147	0	0	0	0	0	0	213751	0	677010	1736836	0	2558498	1987029	1878373	435271	0	0	0	782573	0	0	0	946968	1706338	828894	6086118	4332936	1858401	0	0	928857	0	22108831	72239079	74050986	32798380	0
FFQ	148	0	0	0	0	0	217619	0	686461	1768587	0	2603485	2014225	1912539	439467	0	0	0	621189	175849	0	0	0	953723	1727041	3541686	3420841	4391857	1869135	0	0	947576	22056343	72162341	73879992	32765173	0	0
FFQ	149	0	0	0	0	0	0	211429	0	655456	1686911	0	2500844	1940609	1854328	429547	0	0	0	766337	0	0	0	932687	1662715	3514872	3330114	4270696	1832306	0	0	914672	22145711	72449197	74179901	32876797	0	0
FFQ	150	0	0	0	0	0	0	210170	0	641135	1634689	0	2443110	1906949	1812845	433765	0	0	0	735577	0	0	0	933072	4324716	788392	3303018	4165051	1829145	0	0	23059447	72489497	74497445	32947106	0	0	0
# Last Fragment Qualities. Use `grep ^LFQ | cut -f 2-` to extract this part.
# Columns correspond to qualities and rows to cycles. First column is the cycle number.
LFQ	1	0	0	15920	0	0	0	0	0	0	0	0	5329030	0	0	0	0	0	0	0	0	0	0	0	0	8434876	0	0	0	0	214381661	0	0	0	0	0	0	0
LFQ	2	0	0	194	0	0	0	0	0	108047	0	304324	694273	0	1057229	876629	938053	207888	0	0	0	344396	0	0	2976476	699593	882788	375468	2150572	2471253	1197100	24837490	71709594	80846769	35483351	0	0	0
LFQ	3	0	306868	1941743	4535955	0	6187016	3854608	3113907	768657	1398189	2524785	1450614	5608779	8379681	2471146	0	0	1176334	0	0	21761357	63249975	69423150	30008723	0	0	0	0	0	0	0	0	0	0	0	0	0
LFQ	4	0	0	2	0	0	0	0	0	99804	0	260513	781204	0	1174625	905508	1119791	177352	0	0	0	394190	0	0	2812482	555289	1157345	402895	2139695	2840383	1053311	24200958	73414292	79417229	35254619	0	0	0
LFQ	5	0	0	0	0	0	0	0	0	69008	0	253117	747548	0	1087129	824381	1023370	178939	0	0	0	278685	75959	0	0	2689631	521728	990181	581410	1805882	2649307	1020622	23638583	74832671	78646545	36246791	0	0
LFQ	6	0	0	0	0	0	0	67642	0	272756	770573	0	1127018	859735	1093852	194834	0	0	0	340958	0	0	0	532411	3618320	566017	1860371	2664055	1023209	0	0	25144410	74215904	79484587	34324835	0	0	0
LFQ	7	0	0	0	0	0	0	72108	0	248485	753793	0	1127208	826576	1101867	192753	0	0	0	348418	0	0	0	491813	3828380	536375	1788716	2672527	988311	0	0	24262235	76263768	77953303	34704851	0	0	0
LFQ	8	0	0	0	0	0	0	68290	0	261739	757912	0	1120980	840736	1065978	194707	0	0	0	336262	0	0	0	515890	3608632	532903	1816600	2568168	1009478	0	0	24676310	75089432	78749978	34947492	0	0	0
LFQ	9	0	0	24	0	0	0	71122	0	262977	776038	0	1180827	878026	1093821	189400	0	0	0	360329	0	0	0	501937	3667038	512453	1875542	2632858	1033432	0	0	24370531	75416544	77934696	35403892	0	0	0
LFQ	10	0	0	421938	0	1630706	4273048	0	5711113	4166065	3993879	725233	0	0	1584574	4369075	1702018	4925085	9757109	2857681	0	0	1521355	0	0	20432069	63642683	66566228	29881628	0	0	0	0	0	0	0	0	0
LFQ	11	0	0	5614	0	0	0	92192	0	259484	806501	0	1265872	838612	1108179	166924	0	0	0	376918	0	0	0	519042	3910968	487670	1932146	2672923	988212	0	0	24582785	75477450	77806751	34863244	0	0	0
LFQ	12	0	0	0	0	0	75469	0	286161	821473	0	1242574	919385	1137003	193749	0	0	0	290124	79697	0	0	0	526042	3743465	538120	1927950	2603809	1048848	0	0	24572419	75006719	77857849	35290631	0	0	0
LFQ	13	0	0	0	0	0	0	78673	0	286641	827978	0	1267825	921024	1130712	190766	0	0	0	370180	0	0	0	527713	3763805	524618	1951875	2608603	1043001	0	0	24550727	74890824	77960938	35265584	0	0	0
LFQ	14	0	0	0	0	0	0	76300	0	281897	792127	0	1250928	902562	1114465	186374	0	0	0	358859	0	0	0	532203	3719951	511002	1942560	2595678	1043443	0	0	24604152	74810912	78228419	35209655	0	0	0
LFQ	15	0	0	0	0	0	0	75608	0	279578	785263	0	1258494	902785	1093389	186744	0	0	0	353964	0	0	0	528364	3690573	506038	1942848	2562942	1039071	0	0	24585621	75033591	78189707	35146907	0	0	0
LFQ	16	0	0	0	0	0	0	76869	0	283397	791045	0	1260053	912326	1106555	185018	0	0	0	358461	0	0	0	523156	3710387	500253	1928074	2569995	1036638	0	0	24528280	74879327	78124937	35386716	0	0	0
LFQ	17	0	0	0	0	0	0	77553	0	284713	791244	0	1263924	918867	1095122	189649	0	0	0	350938	0	0	0	526080	3683475	504269	1937705	2547401	1042253	0	0	24639446	74970145	78133319	35205384	0	0	0
LFQ	18	0	0	0	0	0	77501	0	294241	821930	0	1296862	944955	1104941	194858	0	0	0	284101	79123	0	0	0	526996	3690049	513523	1951124	2549167	1044543	0	0	24650519	75031495	78017911	35087648	0	0	0
LFQ	19	0	0	80	0	0	82279	0	299699	843993	0	1328726	958090	1111547	193525	0	0	0	375733	0	0	0	531883	1036119	3222609	1979566	2589251	1049221	0	0	592831	23927261	75069367	77822348	35147359	0	0	0
LFQ	20	0	0	7	0	0	81342	0	304113	851133	0	1344067	948378	1109952	187512	0	0	0	296770	81775	0	0	0	546554	3729292	527429	2012207	2635334	1055705	0	0	24498074	74942949	78094990	34913904	0	0	0
LFQ	21	0	0	1	0	0	84344	0	324329	902289	0	1418886	992879	1146705	199507	0	0	0	396609	0	0	0	567216	1101316	3250033	2086128	2724092	1099622	0	0	625949	23757350	74927809	77783294	34773129	0	0	0
LFQ	22	0	0	0	0	0	82420	0	300849	852632	0	1366080	953406	1099714	187135	0	0	0	298392	84098	0	0	0	544628	3758597	515169	2041641	2635184	1070055	0	0	24407292	75153826	77879039	34931330	0	0	0
LFQ	23	0	0	0	0	0	85173	0	310206	858085	0	1379155	971871	1096955	189526	0	0	0	297764	86498	0	0	0	557820	3782195	512905	2066405	2641458	1090730	0	0	24367452	75048059	77834436	34984794	0	0	0
LFQ	24	0	0	948	0	0	87458	0	323514	910583	0	1428196	1002716	1137823	193124	0	0	0	407845	0	0	0	564920	1108925	3278906	2098338	2716274	1103092	0	0	643000	23628367	74826597	77737028	34963833	0	0	0
LFQ	25	0	0	0	0	0	88667	0	321351	886790	0	1422885	995792	1123307	193145	0	0	0	396234	0	0	0	564704	1078905	3268882	2094976	2691932	1104133	0	0	624510	23636373	74914839	77859607	34894455	0	0	0
LFQ	26	0	0	0	0	0	89323	0	324614	897153	0	1435537	1009685	1127705	197727	0	0	0	398359	0	0	0	567039	1082928	3283573	2108970	2705977	1116944	0	0	627198	23554619	74903552	77846788	34883796	0	0	0
LFQ	27	0	0	289	0	0	91916	0	329123	915038	0	1462829	1025640	1143128	200158	0	0	0	406743	0	0	0	571078	1097353	3285085	2127915	2740259	1125761	0	0	637028	23493866	74959996	77684674	34863608	0	0	0
LFQ	28	0	0	0	0	0	91730	0	336894	915118	0	1478920	1037651	1149226	203114	0	0	0	404643	0	0	0	583730	1092961	3253317	2163519	2761866	1141448	0	0	628699	23433843	74914515	77857269	34713024	0	0	0
LFQ	29	0	0	0	0	0	93621	0	341684	947730	0	1518699	1046515	1164246	203046	0	0	0	417679	0	0	0	590451	1126830	3260975	2197757	2823947	1149749	0	0	651206	23417417	74917755	77619141	34673039	0	0	0
LFQ	30	0	0	0	0	0	93705	0	343474	951350	0	1519256	1055315	1171183	205911	0	0	0	416975	0	0	0	584339	1110439	3276516	2176108	2783046	1145448	0	0	642374	23369728	74923363	77772925	34620032	0	0	0
LFQ	31	0	0	61	0	0	97991	0	353986	952652	0	1546950	1078652	1174047	211725	0	0	0	416280	0	0	0	603237	1113960	3289805	2220955	2808787	1169789	0	0	634611	23359067	74954205	77678878	34495849	0	0	0
LFQ	32	0	0	0	0	0	98719	0	361169	980261	0	1582376	1100431	1201575	216257	0	0	0	428353	0	0	0	601801	1128176	3277070	2230442	2836882	1170793	0	0	647210	23402450	74922467	77581204	34393851	0	0	0
LFQ	33	0	0	0	0	0	100434	0	369261	978593	0	1591154	1115986	1207235	220411	0	0	0	424497	0	0	0	613955	1120328	3274445	2251702	2836840	1182443	0	0	639888	23316619	74888451	77588401	34440844	0	0	0
LFQ	34	0	0	269	0	0	102821	0	371332	993139	0	1605762	1118467	1216718	223269	0	0	0	430978	0	0	0	616215	1130796	3302488	2261691	2863899	1191885	0	0	644196	23343247	74851206	77552853	34340256	0	0	0
LFQ	35	0	0	0	0	0	104117	0	371891	1007118	0	1626360	1117678	1215591	222137	0	0	0	435477	0	0	0	618020	1144348	3311749	2270005	2884052	1194485	0	0	651239	23340098	74939561	77457628	34249933	0	0	0
LFQ	36	0	0	0	0	0	104412	0	370563	1002510	0	1628150	1120172	1219057	222544	0	0	0	434542	0	0	0	618311	1139117	3305569	2270330	2889323	1191424	0	0	652748	23342164	74883384	77517111	34250056	0	0	0
LFQ	37	0	0	0	0	0	106205	0	376363	993623	0	1636565	1132096	1221563	227508	0	0	0	429447	0	0	0	624365	1119969	3303721	2283859	2879122	1208832	0	0	639866	23322743	74829295	77557339	34269006	0	0	0
LFQ	38	0	0	570	0	0	106351	0	381128	1008444	0	1651208	1137965	1227551	226942	0	0	0	435704	0	0	0	631680	1143427	3306828	2305492	2911805	1215465	0	0	649408	23291639	74834372	77492092	34203416	0	0	0
LFQ	39	0	0	0	0	0	106954	0	382660	1026941	0	1665989	1148272	1235602	229553	0	0	0	440394	0	0	0	629468	1154514	3286581	2321723	2938160	1217823	0	0	656347	23268793	74721851	77533421	34196441	0	0	0
LFQ	40	0	0	0	0	0	109881	0	389416	1068174	0	1706413	1164399	1259953	231125	0	0	0	458300	0	0	0	635871	1196893	3309546	2355193	3005147	1230758	0	0	677346	23234344	74698279	77322220	34108229	0	0	0
LFQ	41	0	0	0	0	0	112116	0	393202	1076839	0	1720613	1176003	1262556	235362	0	0	0	458719	0	0	0	638316	1195241	3338815	2369948	3001170	1236687	0	0	675476	23189591	74678891	77272536	34129406	0	0	0
LFQ	42	0	0	0	0	0	114849	0	398850	1090662	0	1741395	1194088	1275316	239525	0	0	0	465076	0	0	0	641085	1202229	3355839	2385543	3018074	1245279	0	0	682574	23155427	74595276	77184306	34176094	0	0	0
LFQ	43	0	0	20	0	0	116182	0	407870	1115135	0	1769392	1219696	1300515	243151	0	0	0	477664	0	0	0	647359	1219872	3345371	2417771	3055081	1259732	0	0	693712	23131170	74473229	77100470	34168095	0	0	0
LFQ	44	0	0	877	0	0	117522	0	409237	1102842	0	1773610	1210751	1285527	241094	0	0	0	470331	0	0	0	658109	1222473	3338191	2433992	3066919	1276491	0	0	688693	23090023	74506261	77143546	34124998	0	0	0
LFQ	45	0	0	0	0	0	114475	0	399520	1093590	0	1759230	1193514	1273481	240238	0	0	0	465158	0	0	0	649653	1216676	3349821	2417320	3054963	1263172	0	0	684075	23130109	74566192	77169167	34121133	0	0	0
LFQ	46	0	0	0	0	0	116080	0	407888	1115239	0	1774831	1200893	1281143	240799	0	0	0	472231	0	0	0	660277	1237448	3360024	2445737	3092789	1277790	0	0	696265	23107638	74474422	77111951	34088042	0	0	0
LFQ	47	0	0	1931	0	0	116086	0	393942	1093599	0	1746434	1175468	1266643	233391	0	0	0	468847	0	0	0	644621	1224826	3350588	2409785	3067675	1259606	0	0	693696	23145465	74665464	77126237	34077183	0	0	0
LFQ	48	0	0	109	0	0	119704	0	409055	1090508	0	1776812	1215561	1283809	246868	0	0	0	463175	0	0	0	663856	1203130	3323551	2442951	3065456	1286296	0	0	673556	23059504	74641483	77148354	34047749	0	0	0
LFQ	49	0	0	1024	0	0	120786	0	413921	1123587	0	1805487	1223766	1302489	248723	0	0	0	474927	0	0	0	663472	1230362	3359993	2465433	3109601	1287581	0	0	691881	23062943	74508223	77103574	33963714	0	0	0
LFQ	50	0	0	0	0	0	121719	0	417163	1131336	0	1819030	1225021	1298614	247863	0	0	0	479114	0	0	0	671187	1242567	3379721	2489091	3135649	1295032	0	0	696597	22980723	74510878	77056714	33963468	0	0	0
LFQ	51	0	0	214	0	0	122965	0	423951	1177029	0	1849481	1240454	1328261	248846	0	0	0	493064	0	0	0	672053	1283401	3362740	2514495	3191056	1298028	0	0	716657	22996892	74428706	76968658	33844536	0	0	0
LFQ	52	0	0	195	0	0	123386	0	427526	1170705	0	1855872	1247353	1327563	252122	0	0	0	490242	0	0	0	681726	1274690	3357626	2523471	3191273	1310371	0	0	712873	23024292	74471686	76850987	33867528	0	0	0
LFQ	53	0	0	0	0	0	126294	0	430779	1177100	0	1878268	1255130	1327256	253210	0	0	0	494423	0	0	0	687270	1283382	3391272	2544780	3208390	1319892	0	0	717653	22985829	74296722	76896796	33887041	0	0	0
LFQ	54	0	0	126	0	0	127756	0	440902	1213329	0	1916240	1285930	1357262	259882	0	0	0	505780	0	0	0	693511	1304521	3393733	2574830	3245120	1332612	0	0	725852	22940132	74233491	76779248	33831230	0	0	0
LFQ	55	0	0	0	0	0	127813	0	438467	1209901	0	1904114	1281191	1353594	260580	0	0	0	503591	0	0	0	688014	1298171	3393135	2558100	3218895	1328738	0	0	723152	23004240	74298644	76760966	33810181	0	0	0
LFQ	56	0	0	0	0	0	128344	0	431984	1166383	0	1879660	1263159	1334588	259416	0	0	0	489484	0	0	0	689700	1264756	3376950	2543202	3186556	1331176	0	0	704561	23010289	74332031	76933582	33835666	0	0	0
LFQ	57	0	0	0	0	0	131177	0	436576	1172388	0	1888438	1279130	1342163	263410	0	0	0	489444	0	0	0	692103	1258670	3385554	2551576	3187205	1335729	0	0	701132	22967283	74359577	76906441	33813491	0	0	0
LFQ	58	0	0	0	0	0	134368	0	459284	1224670	0	1953489	1332574	1390301	277774	0	0	0	504182	0	0	0	709137	1293375	3391189	2610508	3241543	1367142	0	0	710050	22952237	74171775	76692441	33745448	0	0	0
LFQ	59	0	0	0	0	0	135947	0	461578	1251459	0	1978447	1337165	1400013	276471	0	0	0	515754	0	0	0	710602	1319368	3403988	2624922	3276596	1371513	0	0	727714	22922191	74113346	76548668	33785745	0	0	0
LFQ	60	0	0	271	0	0	134431	0	449740	1222854	0	1945771	1307360	1375766	269977	0	0	0	509492	0	0	0	704356	1308349	3387613	2609947	3271946	1365856	0	0	723465	22915355	74168921	76685034	33804983	0	0	0
LFQ	61	0	0	777	0	0	135190	0	452136	1223921	0	1948273	1313309	1377325	272340	0	0	0	509098	0	0	0	707239	1305524	3392428	2621798	3269615	1369594	0	0	722672	22895451	74149965	76702790	33792042	0	0	0
LFQ	62	0	0	125	0	0	138138	0	463086	1252640	0	1982694	1334721	1399303	276147	0	0	0	518726	0	0	0	712773	1327328	3395808	2648160	3307753	1378087	0	0	736366	22841919	74082451	76555147	33810115	0	0	0
LFQ	63	0	0	0	0	0	138822	0	461454	1245903	0	1981421	1333205	1410402	273810	0	0	0	516918	0	0	0	714677	1316053	3405523	2641442	3304201	1379369	0	0	728740	22850152	74010090	76701888	33747417	0	0	0
LFQ	64	0	0	0	0	0	139377	0	459698	1213532	0	1962471	1321737	1386044	277068	0	0	0	502433	0	0	0	719980	1291417	3414048	2639968	3269693	1389241	0	0	709055	22855927	74107360	76771562	33730876	0	0	0
LFQ	65	0	0	0	0	0	140012	0	464224	1247126	0	1999427	1336739	1406993	279699	0	0	0	516992	0	0	0	720178	1315304	676482	5385247	3310113	1390928	0	0	729389	0	22823984	74112308	76604423	33701919	0	0
LFQ	66	0	0	0	0	0	142714	0	477472	1260411	0	2025299	1364218	1427472	283940	0	0	0	519477	0	0	0	736979	1329000	3403893	2699156	3360039	1418175	0	0	728804	22789382	73994527	76552525	33648004	0	0	0
LFQ	67	0	0	0	0	0	142620	0	472806	1277678	0	2032484	1356948	1425424	280901	0	0	0	526134	0	0	0	729177	1339345	3420148	2687535	3354657	1406789	0	0	737551	22822863	74030590	76497587	33620250	0	0	0
LFQ	68	0	0	0	0	0	145100	0	481995	1281650	0	2049005	1382130	1441486	292633	0	0	0	526318	0	0	0	745686	1339656	3427076	2721359	3373196	1433460	0	0	730785	22814198	73888437	76458238	33629079	0	0	0
LFQ	69	0	0	0	0	0	148276	0	489686	1329966	0	2102818	1404060	1472972	295123	0	0	0	546681	0	0	0	747088	1385961	3442829	2757144	3441583	1441214	0	0	760178	22742525	73905551	76220835	33526997	0	0	0
LFQ	70	0	0	0	0	0	154138	0	517556	1377142	0	2167170	1461071	1518943	304253	0	0	129974	432514	0	0	770896	1409061	715749	5533316	3512100	1472047	0	0	768132	0	22719713	73640991	76048824	33507897	0	0	0
LFQ	71	0	0	0	0	0	154873	0	518167	1402710	0	2188168	1459343	1530440	301328	0	0	129480	438286	0	0	767557	1428717	732862	5544238	3528560	1464524	0	0	776911	0	22700099	73541185	76067936	33486103	0	0	0
LFQ	72	0	0	1136	0	0	155142	0	519195	1397293	0	2189196	1460938	1533576	305778	0	0	130947	434468	0	0	773690	1426761	729415	5544846	3542810	1476402	0	0	772007	0	22632697	73567025	76086013	33482152	0	0	0
LFQ	73	0	0	784	0	0	156494	0	531731	1441999	0	2229012	1487957	1551115	312859	0	0	131800	447434	0	0	777354	1455014	746704	5591954	3579338	1488315	0	0	785761	0	22613899	73494289	75934396	33403278	0	0	0
LFQ	74	0	0	3	0	0	159581	0	547246	1485871	0	2271103	1520869	1597094	316305	0	0	132545	459287	0	0	790675	1481180	756788	5605102	3629102	1496655	0	0	799298	0	22610983	73376589	75781802	33343409	0	0	0
LFQ	75	0	0	219	0	0	158439	0	535607	1429739	0	2226359	1490030	1560195	313037	0	0	131308	438773	0	0	783577	1433432	732521	5563465	3543424	1486838	0	0	769376	0	22664589	73527896	75949506	33423157	0	0	0
LFQ	76	0	0	0	0	0	159077	0	531860	1414361	0	2228275	1488775	1553977	313542	0	0	133106	433555	0	0	788339	1428918	730562	5595058	3545181	1499028	0	0	766346	0	22653641	73456558	75966457	33474871	0	0	0
LFQ	77	0	0	265	0	0	160462	0	543717	1450644	0	2275105	1512882	1582356	318443	0	0	134861	447065	0	0	800339	1461048	747700	5621493	3624567	1523423	0	0	786663	0	22585694	73344249	75835446	33405065	0	0	0
LFQ	78	0	0	7	0	0	162865	0	549307	1462811	0	2289083	1524908	1578709	319760	0	0	135886	454428	0	0	802858	1474276	754223	5641065	3640733	1532561	0	0	794577	0	22562316	73323473	75778016	33379625	0	0	0
LFQ	79	0	0	0	0	0	167120	0	561827	1508506	0	2333866	1544823	1615919	320420	0	0	138393	469392	0	0	813186	1513582	771309	5692814	3730094	1546006	0	0	815381	0	22477210	73187282	75633128	33321229	0	0	0
LFQ	80	0	0	0	0	0	163980	0	548559	1484199	0	2302344	1520177	1596957	320522	0	0	0	595533	0	0	0	801075	1488308	3500305	2932867	3677430	1529566	0	0	805399	22532371	73318583	75740223	33303089	0	0	0
LFQ	81	0	0	0	0	0	165718	0	550990	1474438	0	2307975	1533018	1602511	327626	0	0	0	593031	0	0	0	805831	1480616	3474541	2948614	3671489	1545191	0	0	796154	22515477	73294693	75774015	33299559	0	0	0
LFQ	82	0	0	5	0	0	168370	0	559006	1490119	0	2324606	1548353	1614637	329453	0	0	139968	459776	0	0	814116	1492220	766659	5699271	3707285	1557064	0	0	803460	0	22523524	73169836	75718564	33275195	0	0	0
LFQ	83	0	0	0	0	0	170546	0	573953	1517959	0	2371525	1572320	1639449	333094	0	0	141492	467488	0	0	830154	1514394	777966	5735306	3756824	1577498	0	0	813684	0	22490796	73082413	75544993	33249633	0	0	0
LFQ	84	0	0	307	0	0	170898	0	575173	1542481	0	2387230	1584868	1649763	335910	0	0	141034	475155	0	0	826068	1531360	781975	5744123	3767885	1578067	0	0	821327	0	22490150	73106244	75401071	33250398	0	0	0
LFQ	85	0	0	143	0	0	176832	0	594902	1585345	0	2441938	1628088	1678438	346511	0	0	143488	487417	0	0	841428	1558043	796535	5776679	3817899	1601787	0	0	830436	0	22418600	72948159	75290037	33198782	0	0	0
LFQ	86	0	0	18	0	0	179488	0	614474	1657283	0	2503716	1672572	1732606	350550	0	0	145500	506546	0	0	853222	1600992	824997	5830266	3901510	1621785	0	0	854646	0	22376235	72770858	75072081	33092142	0	0	0
LFQ	87	0	0	0	0	0	178428	0	604145	1605783	0	2474415	1648019	1703049	350284	0	0	145374	487455	0	0	848868	1558628	795523	5811178	3824837	1607073	0	0	829639	0	22390084	72888329	75231036	33179340	0	0	0
LFQ	88	0	0	0	0	0	178381	0	601488	1580654	0	2452533	1636585	1690942	349405	0	0	145362	480530	0	0	848533	1545189	787685	5803368	3806689	1608266	0	0	820477	0	22364606	72909763	75329911	33221120	0	0	0
LFQ	89	0	0	393	0	0	178172	0	606685	1613041	0	2477281	1649797	1712287	349679	0	0	145639	489690	0	0	854000	1568803	808615	5799094	3856179	1618133	0	0	835635	0	22367932	72881061	75247074	33102297	0	0	0
LFQ	90	0	0	0	0	0	180690	0	613559	1607486	0	2499740	1666956	1717152	359246	0	0	146402	484992	0	0	858734	1554350	799816	5811890	3835331	1632277	0	0	823178	0	22363265	72871484	75231728	33103211	0	0	0
LFQ	91	0	0	0	0	0	185808	0	621094	1627601	0	2521760	1681081	1733537	360165	0	0	149744	493070	0	0	867258	1578182	810586	5860327	3883300	1640875	0	0	835687	0	22313855	72771769	75148267	33077521	0	0	0
LFQ	92	0	0	11	0	0	184678	0	613912	1612927	0	2499978	1663683	1725581	357881	0	0	149936	488583	0	0	863514	1568492	802713	5839572	3866077	1639926	0	0	830695	0	22319175	72864034	75145976	33124143	0	0	0
LFQ	93	0	0	155	0	0	186997	0	621656	1623491	0	2520167	1684732	1739282	363121	0	0	152148	486790	0	0	872451	1562770	800687	5851636	3863643	1651016	0	0	824998	0	22310538	72777826	75147519	33119864	0	0	0
LFQ	94	0	0	0	0	0	189152	0	639445	1661835	0	2570120	1714843	1763046	370220	0	0	155741	494034	0	0	889904	1604193	820059	5919978	3945857	1682937	0	0	837106	0	22313490	72558956	75020619	33009952	0	0	0
LFQ	95	0	0	0	0	0	189796	0	644449	1715371	0	2612207	1729344	1787192	369347	0	0	153105	516734	0	0	885874	1643557	842942	5952634	4020676	1679244	0	0	868225	0	22265814	72508298	74789242	32987436	0	0	0
LFQ	96	0	0	106	0	0	188969	0	631579	1670331	0	2571035	1707652	1762515	370229	0	0	151524	507241	0	0	881201	1610557	823208	5899607	3945058	1668122	0	0	855457	0	22279248	72599560	74980858	33057430	0	0	0
LFQ	97	0	0	9	0	0	190723	0	640327	1663871	0	2577606	1714064	1765082	370527	0	0	152518	500709	0	0	889508	1601054	822753	5900160	3938055	1680150	0	0	842371	0	22272319	72563985	75018024	33057672	0	0	0
LFQ	98	0	0	0	0	0	189534	0	651717	1686055	0	2623526	1743496	1783822	378623	0	0	154540	502616	0	0	901995	1616829	824369	5934177	3968555	1701760	0	0	844185	0	22225191	72487073	74931621	33011803	0	0	0
LFQ	99	0	0	0	0	0	198629	0	675583	1762153	0	2704929	1797130	1829453	381909	0	0	159755	528174	0	0	919934	1678064	857971	6032723	4098943	1734139	0	0	879770	0	22132652	72245465	74611936	32932175	0	0	0
LFQ	100	0	0	0	0	0	199144	0	687647	1828144	0	2762003	1832824	1868240	391458	0	0	159386	551181	0	0	923482	1730560	882473	6049807	4184312	1749934	0	0	907623	0	22094398	72141648	74401611	32815612	0	0	0
LFQ	101	0	0	0	0	0	197220	0	666910	1777827	0	2698014	1782529	1839993	380269	0	0	156497	536076	0	0	906371	1686373	867549	6001352	4104328	1714598	0	0	888288	0	22162864	72348274	74595838	32850317	0	0	0
LFQ	102	0	0	0	0	0	196576	0	661132	1691145	0	2653654	1764198	1804932	388811	0	0	159514	497083	0	0	914062	1610290	826453	5973318	3976443	1723494	0	0	835000	0	22206360	72475142	74853297	32950583	0	0	0
LFQ	103	0	0	7643	0	0	203915	0	696559	1787926	0	2760126	1844683	1871652	401571	0	0	163454	525219	0	0	937856	1683384	862538	6052131	4114957	1768240	0	0	869780	0	22124276	72157590	74476541	32851446	0	0	0
LFQ	104	0	0	57	0	207652	0	715921	1873005	0	2832876	1897494	1920493	411930	0	0	0	716332	0	0	0	948945	1741113	886599	6126485	4206046	1793969	0	0	899973	0	22054989	71979361	74176724	32771523	0	0	0
LFQ	105	0	0	0	0	211877	0	732599	1935640	0	2895593	1925930	1967229	412086	0	0	0	738744	0	0	0	958062	1783078	914824	6162142	4303201	1800452	0	0	923376	0	22005119	71837049	73986606	32667880	0	0	0
LFQ	106	0	0	0	0	0	207871	0	721376	1866521	0	2851791	1890520	1923017	413206	0	0	167762	545754	0	0	959220	1739392	891425	6136454	4232079	1801010	0	0	897731	0	22041129	71947270	74203096	32724863	0	0	0
LFQ	107	0	0	0	0	0	207626	0	717106	1875085	0	2860878	1890969	1936345	405853	0	0	166742	555426	0	0	952666	1755717	902619	6144205	4270782	1798183	0	0	909840	0	22026419	71912444	74134663	32737919	0	0	0
LFQ	108	0	0	0	0	0	209156	0	722292	1848820	0	2854694	1901865	1924583	414764	0	0	167476	541022	0	0	961547	1722772	883111	6131626	4214161	1809912	0	0	886498	0	22042662	71887064	74268902	32768560	0	0	0
LFQ	109	0	0	141	0	0	213381	0	734667	1884937	0	2887279	1924222	1940691	417964	0	0	169645	552238	0	0	970603	1752724	897378	6173860	4259861	1826695	0	0	902301	0	21990406	71775367	74162484	32724643	0	0	0
LFQ	110	0	0	0	0	0	211608	0	734655	1893855	0	2895223	1920332	1947435	416625	0	0	168576	552740	0	0	972525	1753825	899497	6168257	4265042	1824990	0	0	905944	0	21975417	71838733	74140875	32675333	0	0	0
LFQ	111	0	0	0	0	0	216069	0	756215	1924009	0	2948763	1960458	1976678	428010	0	0	173542	558388	0	0	990896	1778770	909637	6218093	4330528	1858289	0	0	909414	0	21923897	71679006	73981491	32639334	0	0	0
LFQ	112	0	0	0	0	217069	0	768271	1989473	0	2994144	1987877	2012734	430981	0	0	0	747720	0	0	0	990139	1817801	931761	6257147	4369984	1852176	0	0	926617	0	21881749	71603655	73799518	32582671	0	0	0
LFQ	113	0	0	0	0	0	213991	0	738039	1924094	0	2915537	1940498	1964597	428276	0	0	167768	550034	0	0	961861	1754413	907332	6182924	4226297	1815774	0	0	893614	0	21996933	71824700	74080971	32673834	0	0	0
LFQ	114	0	0	0	0	0	214912	0	724847	1847362	0	2849632	1910524	1918797	431230	0	0	167491	526636	0	0	958358	1689967	873351	6127355	4108038	1809336	0	0	857179	0	22040241	71960650	74351431	32794150	0	0	0
LFQ	115	0	0	0	0	0	219371	0	746181	1884716	0	2903205	1963539	1951984	446068	0	0	172333	536991	0	0	977902	1724710	886299	6191307	4177590	1854741	0	0	871215	0	21966747	71767540	74167829	32751219	0	0	0
LFQ	116	0	0	0	0	225596	0	789419	2003391	0	3045243	2049732	2038254	452343	0	0	0	751644	0	0	0	1014456	1818226	928699	6294567	4384762	1903456	0	0	917972	0	21834227	71421270	73741661	32546569	0	0	0
LFQ	117	0	0	0	0	224257	0	785546	1997363	0	3046837	2040606	2042090	450261	0	0	0	748306	0	0	0	1006408	1807384	929881	6289955	4375821	1896485	0	0	915235	0	21870970	71432677	73773765	32527640	0	0	0
LFQ	118	0	0	0	0	0	224976	0	784004	1985327	0	3035007	2029912	2023054	450297	0	0	178008	564895	0	0	1012118	1809507	930569	6307355	4371220	1901689	0	0	910855	0	21846498	71450594	73785599	32560003	0	0	0
LFQ	119	0	0	0	0	0	226081	0	796953	2033794	0	3099546	2061927	2067242	455375	0	0	179069	585910	0	0	1022308	1850158	944021	6341012	4471548	1925639	0	0	938035	0	21793800	71316330	73531502	32521237	0	0	0
LFQ	120	0	0	772	0	0	225306	0	783943	1984492	0	3043674	2027635	2032200	448873	0	0	178084	564551	0	0	1012830	1811353	927992	6303127	4389379	1903956	0	0	914928	0	21837333	71445914	73717714	32607431	0	0	0
LFQ	121	0	0	0	0	0	228422	0	808440	2024935	0	3105908	2076117	2064595	463181	0	183110	0	570668	0	1039338	1837814	945276	3676920	7136304	1946357	0	0	916526	0	0	21771366	71250228	73623623	32492359	0	0	0
LFQ	122	0	0	5	0	238795	0	855512	2189309	0	3281025	2190449	2178834	480966	0	0	189322	615524	0	0	1064456	1952473	1001116	3819450	7341642	1995465	0	0	967998	0	0	21599395	70852273	73047723	32299755	0	0	0
LFQ	123	0	0	217	350539	0	1269478	3315075	0	4670300	3225983	3125518	631272	271493	0	0	977998	1319249	2594368	1335991	4715113	6250183	5094184	0	0	1318341	0	0	0	20513776	67369512	69260952	30551945	0	0	0	0	0
LFQ	124	0	442695	2	1784929	4476916	0	6138304	4074092	4080801	772650	0	0	1460470	4205436	1492012	7590428	7237976	2815243	0	0	1489708	0	19888202	64657108	66435571	29118944	0	0	0	0	0	0	0	0	0	0	0
LFQ	125	0	0	0	0	0	245095	0	808838	2159503	0	3294241	2074098	2154495	446361	0	203891	0	596217	0	1041134	1970297	961761	3765662	7494950	1907291	0	0	958066	0	0	22077968	70846728	73070782	32084109	0	0	0
LFQ	126	0	0	0	0	0	235818	0	841477	2109376	0	3224618	2150610	2127980	483233	0	0	188907	584567	0	0	1069224	1896617	970132	6472470	4553418	2001300	0	0	935599	0	21681505	71004455	73190910	32439271	0	0	0
LFQ	127	0	0	699	0	250377	0	887777	2291957	0	3386619	2269402	2250978	498933	0	0	198541	635929	0	0	1095112	2038417	1041607	3959390	7519435	2066846	0	0	1002315	0	0	21521815	70501188	72553420	32190730	0	0	0
LFQ	128	0	843491	10	3012431	7705021	0	10876204	7004355	6199354	1188499	2152688	4382835	4507970	9697169	11458623	3991028	0	0	2207490	16824580	55207385	56237832	24664522	0	0	0	0	0	0	0	0	0	0	0	0	0	0
LFQ	129	0	0	2	0	268424	0	850458	2433183	0	3644242	2150885	2325933	470147	0	0	229273	655740	0	0	1072888	2169545	1049888	3947266	7965948	1936592	0	0	1031334	0	0	22063576	70460910	72006183	31429070	0	0	0
LFQ	130	0	0	0	0	0	244137	0	891896	2255946	0	3406754	2252158	2231362	500344	0	0	197841	624108	0	0	1102909	2009169	1019108	6619587	4796428	2069497	0	0	986802	0	21485812	70566403	72715557	32185669	0	0	0
LFQ	131	0	0	0	0	0	244365	0	885935	2264705	0	3390229	2249936	2236027	495379	0	0	193680	629765	0	0	1095946	2003179	1031277	6600146	4779615	2049941	0	0	996985	0	21544336	70630795	72672733	32166513	0	0	0
LFQ	132	0	0	0	0	0	245080	0	887074	2200874	0	3362160	2238004	2207475	508903	0	0	197901	600340	0	0	1112249	1956599	1000382	6578219	4705410	2079526	0	0	958394	0	21526952	70625907	72913654	32256384	0	0	0
LFQ	133	0	0	0	0	0	248067	0	909726	2287389	0	3456898	2306282	2256117	515970	0	0	199011	630321	0	0	1120305	2019947	1037551	6651139	4839922	2111568	0	0	999977	0	21431634	70428648	72566016	32144999	0	0	0
LFQ	134	0	0	20	0	0	251787	0	926598	2326780	0	3506256	2340133	2295061	523464	0	199612	0	642656	0	1133215	2044106	1043302	4020259	7547372	2123337	0	0	1008053	0	0	21395239	70339423	72422406	32072408	0	0	0
LFQ	135	0	0	0	0	0	255985	0	931147	2340497	0	3499692	2346785	2294894	525625	0	203634	0	637400	0	1130245	2052937	1049143	4033304	7546501	2129837	0	0	1001470	0	0	21390407	70310343	72401099	32080542	0	0	0
LFQ	136	0	0	0	0	296491	0	1089275	2761104	0	4018326	2740303	2660658	581367	0	238788	0	769375	0	1221531	2271707	1160264	4329210	8107971	2332238	0	0	1133888	0	0	20988007	69001455	71045290	31414239	0	0	0	0
LFQ	137	0	0	0	0	0	254744	0	902985	2312878	0	3480786	2307862	2267393	523833	0	0	206331	628033	0	0	1120664	2048609	1039175	6739348	4864706	2114805	0	0	998574	0	21445567	70422060	72391013	32092121	0	0	0
LFQ	138	0	0	0	0	0	261432	0	971175	2425268	0	3632223	2455532	2371790	557275	0	210190	0	658432	0	1160760	2103245	1064985	4142271	7687533	2205018	0	0	1025863	0	0	21257562	70034425	71964518	31971990	0	0	0
LFQ	139	0	0	0	0	0	262325	0	972199	2453121	0	3644056	2458603	2375363	555597	0	208722	0	667896	0	1158725	2124244	1081040	4153919	7693056	2193379	0	0	1032775	0	0	21269592	69983139	71933213	31940523	0	0	0
LFQ	140	0	0	0	0	0	263277	0	968707	2412680	0	3621656	2429415	2357564	544312	0	0	208697	655376	0	0	1160394	2100172	1071944	6819447	4987375	2184374	0	0	1020491	0	21280429	70057730	72032760	31984687	0	0	0
LFQ	141	0	0	0	0	0	269142	0	1011022	2485333	0	3716547	2498760	2406467	563224	0	0	217945	662972	0	0	1198499	2148706	1098193	6891710	5094384	2243357	0	0	1035215	0	21155877	69734386	71808288	31921460	0	0	0
LFQ	142	0	0	0	0	0	272830	0	1035258	2654010	0	3871978	2602757	2526699	575449	0	220970	0	720543	0	1203587	2264799	3795710	4350347	5331222	2280199	0	0	1096182	21039510	69420109	71193445	31705883	0	0	0	0	0
LFQ	143	0	0	0	0	0	274202	0	1036420	2638674	0	3863399	2592927	2506605	575705	0	0	218616	712637	0	0	1204653	2245384	1142484	6994656	5260024	2269074	0	0	1088580	0	21077681	69512180	71248604	31698982	0	0	0
LFQ	144	0	0	0	0	0	267775	0	1002664	2496826	0	3742245	2508744	2426826	568299	0	0	211738	666955	0	0	1184560	2136414	1093505	6901125	5048253	2220066	0	0	1029539	0	21198695	69839766	71733054	31884438	0	0	0
LFQ	145	0	0	0	0	0	272767	0	1018670	2468689	0	3731338	2512866	2407707	576710	0	0	219174	646429	0	0	1207382	2131636	1092376	4238494	7718621	2259215	0	0	1009905	0	0	21158272	69715104	71863342	31912790	0	0
LFQ	146	0	0	0	0	0	274255	0	1039331	2599776	0	3850797	2586251	2498191	580055	0	0	222702	688634	0	0	1217974	2227648	1136097	4347708	7926080	2297399	0	0	1068480	0	0	21042440	69465593	71320525	31771551	0	0
LFQ	147	0	0	20	0	0	277450	0	1054822	2621748	0	3888660	2617341	2517978	590927	0	0	225295	687715	0	0	1228145	2230641	1136866	4366870	7936070	2314411	0	0	1066413	0	0	21020196	69401832	71241350	31736737	0	0
LFQ	148	0	0	1	0	0	286761	0	1106509	2742845	0	4049947	2745420	2619003	616471	0	0	232977	725947	0	0	1260597	2302992	1171426	4475199	8077963	2381568	0	0	1104280	0	0	20868452	68968383	70861530	31563216	0	0
LFQ	149	0	0	0	0	0	280378	0	1077276	2674375	0	3960776	2664029	2551703	599344	0	0	225025	704570	0	0	1243946	2276788	1153089	7089506	5335111	2333005	0	0	1082942	0	20944122	69269729	71014785	31680988	0	0	0
LFQ	150	0	0	172	0	0	283905	0	1107818	2702543	0	4012421	2699933	2582396	617399	0	0	230223	700946	0	0	1269558	2280438	1166486	7123694	5362500	2377904	0	0	1080915	0	20894072	69066146	70998793	31603225	0	0	0
# GC Content of first fragments. Use `grep ^GCF | cut -f 2-` to extract this part.
GCF	0.25	278
GCF	0.75	301
GCF	1.26	365
GCF	2.01	541
GCF	2.76	667
GCF	3.27	834
GCF	4.02	970
GCF	4.77	1120
GCF	5.28	1321
GCF	6.03	1462
GCF	6.78	1748
GCF	7.29	1995
GCF	8.04	2150
GCF	8.79	2612
GCF	9.30	2983
GCF	10.05	3479
GCF	10.80	4079
GCF	11.31	5191
GCF	12.06	6768
GCF	12.81	8477
GCF	13.32	10821
GCF	14.07	14295
GCF	14.82	19096
GCF	15.33	25365
GCF	16.08	35034
GCF	16.83	46905
GCF	17.34	65556
GCF	18.09	88823
GCF	18.84	122371
GCF	19.35	165242
GCF	20.10	223098
GCF	20.85	298269
GCF	21.36	389454
GCF	22.11	505233
GCF	22.86	642291
GCF	23.37	807592
GCF	24.12	996892
GCF	24.87	1211576
GCF	25.38	1444998
GCF	26.13	1702012
GCF	26.88	1975946
GCF	27.39	2260636
GCF	28.14	2554698
GCF	28.89	2844854
GCF	29.40	3131358
GCF	30.15	3412211
GCF	30.90	3678575
GCF	31.41	3928403
GCF	32.16	4160973
GCF	32.91	4370777
GCF	33.42	4553967
GCF	33.92	4733494
GCF	34.67	4890567
GCF	35.43	5040322
GCF	35.93	5189406
GCF	36.68	5360816
GCF	37.44	5541140
GCF	37.94	5724267
GCF	38.69	5910420
GCF	39.45	6072873
GCF	39.95	6173048
GCF	40.70	6211577
GCF	41.46	6161784
GCF	41.96	6021814
GCF	42.71	5800119
GCF	43.47	5548193
GCF	43.97	5301853
GCF	44.72	5089319
GCF	45.48	4956866
GCF	45.98	4838217
GCF	46.73	4732058
GCF	47.49	4605752
GCF	47.99	4461136
GCF	48.74	4297851
GCF	49.50	4127286
GCF	50.00	3962293
GCF	50.75	3827108
GCF	51.51	3696366
GCF	52.01	3560888
GCF	52.76	3410975
GCF	53.52	3224838
GCF	54.02	3015096
GCF	54.77	2773392
GCF	55.53	2547476
GCF	56.03	2305243
GCF	56.78	2081491
GCF	57.54	1900922
GCF	58.04	1759143
GCF	58.79	1652054
GCF	59.55	1527413
GCF	60.05	1417265
GCF	60.80	1340368
GCF	61.56	1245214
GCF	62.06	1102603
GCF	62.81	965112
GCF	63.57	850285
GCF	64.07	787043
GCF	64.82	757632
GCF	65.58	716825
GCF	66.08	673128
GCF	66.58	655751
GCF	67.34	593594
GCF	68.09	497480
GCF	68.59	399676
GCF	69.35	335561
GCF	70.10	287892
GCF	70.60	249015
GCF	71.36	210039
GCF	72.11	176374
GCF	72.61	147400
GCF	73.37	124898
GCF	74.12	107172
GCF	74.62	92708
GCF	75.38	81357
GCF	76.13	72529
GCF	76.63	67730
GCF	77.39	62710
GCF	78.14	57924
GCF	78.64	50016
GCF	79.40	44705
GCF	80.15	37238
GCF	80.65	28894
GCF	81.41	22241
GCF	82.16	17794
GCF	82.66	14632
GCF	83.42	11984
GCF	84.17	9710
GCF	84.67	8260
GCF	85.43	7271
GCF	86.18	6496
GCF	86.68	6084
GCF	87.44	5622
GCF	88.19	5154
GCF	88.69	4898
GCF	89.45	4542
GCF	90.20	4162
GCF	90.70	3819
GCF	91.46	3478
GCF	92.21	3114
GCF	92.71	2614
GCF	93.47	2139
GCF	94.22	1631
GCF	94.72	1128
GCF	95.48	827
GCF	96.23	609
GCF	96.73	388
GCF	97.49	312
GCF	98.24	246
GCF	98.74	212
GCF	99.50	64
# GC Content of last fragments. Use `grep ^GCL | cut -f 2-` to extract this part.
GCL	0.25	1177
GCL	0.75	3140
GCL	1.26	6361
GCL	2.01	9929
GCL	2.76	13279
GCL	3.27	16530
GCL	4.02	18809
GCL	4.77	21421
GCL	5.28	24152
GCL	6.03	26818
GCL	6.78	28279
GCL	7.29	29166
GCL	8.04	29842
GCL	8.79	30299
GCL	9.30	30377
GCL	10.05	30451
GCL	10.80	31276
GCL	11.31	31981
GCL	12.06	32818
GCL	12.81	34765
GCL	13.32	37447
GCL	14.07	41120
GCL	14.82	45886
GCL	15.33	53500
GCL	16.08	63739
GCL	16.83	78462
GCL	17.34	96867
GCL	18.09	122619
GCL	18.84	156777
GCL	19.35	202294
GCL	20.10	261438
GCL	20.85	338825
GCL	21.36	433134
GCL	22.11	548548
GCL	22.86	688811
GCL	23.37	853865
GCL	24.12	1044155
GCL	24.87	1257631
GCL	25.38	1485724
GCL	26.13	1743382
GCL	26.88	2010595
GCL	27.39	2293048
GCL	28.14	2581102
GCL	28.89	2867167
GCL	29.40	3152359
GCL	30.15	3420687
GCL	30.90	3681489
GCL	31.41	3926092
GCL	32.16	4158781
GCL	32.91	4363205
GCL	33.42	4543281
GCL	33.92	4710748
GCL	34.67	4865216
GCL	35.43	5010600
GCL	35.93	5161198
GCL	36.68	5330352
GCL	37.44	5500339
GCL	37.94	5678938
GCL	38.69	5855494
GCL	39.45	6016005
GCL	39.95	6112292
GCL	40.70	6138276
GCL	41.46	6086086
GCL	41.96	5948397
GCL	42.71	5735789
GCL	43.47	5487414
GCL	43.97	5240695
GCL	44.72	5026235
GCL	45.48	4891578
GCL	45.98	4767191
GCL	46.73	4655952
GCL	47.49	4529160
GCL	47.99	4394515
GCL	48.74	4237931
GCL	49.50	4073808
GCL	50.00	3918510
GCL	50.75	3788606
GCL	51.51	3659839
GCL	52.01	3523324
GCL	52.76	3375362
GCL	53.52	3193006
GCL	54.02	2981188
GCL	54.77	2749001
GCL	55.53	2522193
GCL	56.03	2289632
GCL	56.78	2066602
GCL	57.54	1894194
GCL	58.04	1752017
GCL	58.79	1638538
GCL	59.55	1516162
GCL	60.05	1404964
GCL	60.80	1321827
GCL	61.56	1226501
GCL	62.06	1091463
GCL	62.81	957976
GCL	63.57	846297
GCL	64.07	786696
GCL	64.82	752897
GCL	65.58	711330
GCL	66.08	667777
GCL	66.58	648582
GCL	67.34	591055
GCL	68.09	501668
GCL	68.59	409192
GCL	69.35	342535
GCL	70.10	295195
GCL	70.60	255514
GCL	71.36	216214
GCL	72.11	183630
GCL	72.61	155261
GCL	73.37	132721
GCL	74.12	114947
GCL	74.62	100129
GCL	75.38	87946
GCL	76.13	78610
GCL	76.63	73180
GCL	77.39	67918
GCL	78.14	62930
GCL	78.64	55551
GCL	79.40	50309
GCL	80.15	43111
GCL	80.65	35697
GCL	81.41	28815
GCL	82.16	24153
GCL	82.66	20795
GCL	83.42	18462
GCL	84.17	16617
GCL	84.67	15585
GCL	85.43	14722
GCL	86.18	14017
GCL	86.68	13572
GCL	87.44	13264
GCL	88.19	12990
GCL	88.69	12794
GCL	89.45	12729
GCL	90.20	12630
GCL	90.70	12516
GCL	91.46	12518
GCL	92.21	12276
GCL	92.71	12411
GCL	93.47	12341
GCL	94.22	12480
GCL	94.72	12496
GCL	95.48	12900
GCL	96.23	13780
GCL	96.73	14752
GCL	97.49	16767
GCL	98.24	19399
GCL	98.74	25239
GCL	99.50	39968
# ACGT content per cycle. Use `grep ^GCC | cut -f 2-` to extract this part. The columns are: cycle; A,C,G,T base counts as a percentage of all A/C/G/T bases [%]; and N and O counts as a percentage of all A/C/G/T bases [%]
GCC	1	30.03	19.94	19.98	30.05	0.02	0.00
GCC	2	29.68	20.26	20.33	29.72	0.00	0.00
GCC	3	29.68	20.27	20.32	29.73	0.01	0.00
GCC	4	29.04	20.91	20.96	29.09	0.01	0.00
GCC	5	29.28	20.67	20.72	29.33	0.00	0.00
GCC	6	28.83	21.13	21.18	28.86	0.00	0.00
GCC	7	29.01	20.95	21.00	29.05	0.00	0.00
GCC	8	29.00	20.97	21.01	29.02	0.00	0.00
GCC	9	29.04	20.93	20.97	29.06	0.00	0.00
GCC	10	28.96	21.02	21.04	28.98	0.00	0.00
GCC	11	28.95	21.02	21.05	28.98	0.00	0.00
GCC	12	29.02	20.96	20.98	29.04	0.00	0.00
GCC	13	29.08	20.90	20.92	29.10	0.00	0.00
GCC	14	29.09	20.89	20.91	29.11	0.00	0.00
GCC	15	29.07	20.92	20.94	29.08	0.00	0.00
GCC	16	29.04	20.95	20.96	29.04	0.00	0.00
GCC	17	29.01	20.99	20.99	29.01	0.00	0.00
GCC	18	28.97	21.04	21.03	28.96	0.00	0.00
GCC	19	28.98	21.02	21.02	28.98	0.00	0.00
GCC	20	28.90	21.10	21.10	28.90	0.00	0.00
GCC	21	28.90	21.11	21.11	28.89	0.00	0.00
GCC	22	28.90	21.10	21.10	28.89	0.00	0.00
GCC	23	28.88	21.13	21.13	28.86	0.00	0.00
GCC	24	28.88	21.13	21.12	28.87	0.00	0.00
GCC	25	28.84	21.17	21.17	28.83	0.00	0.00
GCC	26	28.82	21.19	21.19	28.80	0.00	0.00
GCC	27	28.81	21.19	21.19	28.80	0.00	0.00
GCC	28	28.76	21.25	21.24	28.74	0.00	0.00
GCC	29	28.77	21.24	21.23	28.76	0.00	0.00
GCC	30	28.74	21.25	21.26	28.74	0.00	0.00
GCC	31	28.73	21.27	21.27	28.72	0.00	0.00
GCC	32	28.73	21.28	21.28	28.71	0.00	0.00
GCC	33	28.73	21.28	21.28	28.71	0.00	0.00
GCC	34	28.71	21.31	21.30	28.68	0.00	0.00
GCC	35	28.70	21.30	21.30	28.69	0.00	0.00
GCC	36	28.71	21.30	21.30	28.69	0.00	0.00
GCC	37	28.69	21.33	21.32	28.67	0.00	0.00
GCC	38	28.70	21.31	21.31	28.68	0.00	0.00
GCC	39	28.66	21.35	21.34	28.65	0.00	0.00
GCC	40	28.67	21.35	21.34	28.65	0.00	0.00
GCC	41	28.65	21.37	21.36	28.62	0.00	0.00
GCC	42	28.66	21.36	21.36	28.63	0.00	0.00
GCC	43	28.65	21.37	21.36	28.63	0.00	0.00
GCC	44	28.68	21.35	21.33	28.64	0.00	0.00
GCC	45	28.65	21.37	21.36	28.62	0.00	0.00
GCC	46	28.64	21.38	21.38	28.60	0.00	0.00
GCC	47	28.63	21.39	21.38	28.60	0.00	0.00
GCC	48	28.64	21.37	21.36	28.62	0.00	0.00
GCC	49	28.62	21.40	21.39	28.59	0.00	0.00
GCC	50	28.64	21.38	21.37	28.61	0.00	0.00
GCC	51	28.61	21.41	21.40	28.58	0.00	0.00
GCC	52	28.61	21.41	21.40	28.58	0.00	0.00
GCC	53	28.62	21.39	21.39	28.59	0.00	0.00
GCC	54	28.62	21.40	21.39	28.59	0.00	0.00
GCC	55	28.63	21.39	21.38	28.60	0.00	0.00
GCC	56	28.62	21.40	21.39	28.59	0.00	0.00
GCC	57	28.61	21.41	21.40	28.58	0.00	0.00
GCC	58	28.60	21.42	21.41	28.57	0.00	0.00
GCC	59	28.62	21.41	21.39	28.58	0.00	0.00
GCC	60	28.61	21.41	21.41	28.57	0.00	0.00
GCC	61	28.60	21.42	21.42	28.56	0.00	0.00
GCC	62	28.61	21.41	21.40	28.58	0.00	0.00
GCC	63	28.59	21.43	21.42	28.56	0.00	0.00
GCC	64	28.58	21.44	21.43	28.55	0.00	0.00
GCC	65	28.60	21.42	21.41	28.57	0.00	0.00
GCC	66	28.60	21.43	21.42	28.56	0.00	0.00
GCC	67	28.60	21.42	21.42	28.56	0.02	0.00
GCC	68	28.59	21.43	21.43	28.55	0.00	0.00
GCC	69	28.58	21.45	21.43	28.55	0.00	0.00
GCC	70	28.60	21.42	21.41	28.57	0.00	0.00
GCC	71	28.58	21.43	21.43	28.55	0.00	0.00
GCC	72	28.58	21.44	21.43	28.55	0.00	0.00
GCC	73	28.59	21.43	21.43	28.55	0.00	0.00
GCC	74	28.59	21.43	21.42	28.55	0.00	0.00
GCC	75	28.60	21.43	21.41	28.56	0.00	0.00
GCC	76	28.59	21.43	21.42	28.55	0.00	0.00
GCC	77	28.59	21.44	21.42	28.55	0.00	0.00
GCC	78	28.58	21.44	21.43	28.55	0.00	0.00
GCC	79	28.58	21.44	21.44	28.54	0.00	0.00
GCC	80	28.57	21.46	21.45	28.53	0.00	0.00
GCC	81	28.58	21.45	21.43	28.54	0.00	0.00
GCC	82	28.57	21.46	21.44	28.53	0.00	0.00
GCC	83	28.58	21.45	21.44	28.53	0.00	0.00
GCC	84	28.56	21.45	21.45	28.53	0.00	0.00
GCC	85	28.57	21.45	21.44	28.54	0.00	0.00
GCC	86	28.57	21.45	21.43	28.55	0.00	0.00
GCC	87	28.58	21.44	21.44	28.54	0.00	0.00
GCC	88	28.57	21.45	21.45	28.53	0.00	0.00
GCC	89	28.56	21.46	21.45	28.53	0.00	0.00
GCC	90	28.56	21.46	21.45	28.53	0.00	0.00
GCC	91	28.55	21.47	21.46	28.51	0.00	0.00
GCC	92	28.56	21.47	21.45	28.52	0.00	0.00
GCC	93	28.58	21.44	21.43	28.55	0.00	0.00
GCC	94	28.57	21.46	21.44	28.53	0.00	0.00
GCC	95	28.56	21.47	21.46	28.52	0.00	0.00
GCC	96	28.57	21.45	21.45	28.53	0.00	0.00
GCC	97	28.57	21.46	21.45	28.52	0.00	0.00
GCC	98	28.57	21.45	21.44	28.54	0.00	0.00
GCC	99	28.56	21.46	21.45	28.53	0.00	0.00
GCC	100	28.55	21.47	21.46	28.52	0.00	0.00
GCC	101	28.55	21.48	21.46	28.52	0.00	0.00
GCC	102	28.57	21.46	21.45	28.53	0.00	0.00
GCC	103	28.55	21.47	21.46	28.51	0.00	0.00
GCC	104	28.55	21.47	21.46	28.52	0.00	0.00
GCC	105	28.56	21.47	21.46	28.52	0.00	0.00
GCC	106	28.56	21.47	21.45	28.52	0.00	0.00
GCC	107	28.57	21.45	21.44	28.53	0.00	0.00
GCC	108	28.57	21.46	21.44	28.53	0.00	0.00
GCC	109	28.56	21.47	21.45	28.51	0.00	0.00
GCC	110	28.56	21.47	21.45	28.51	0.00	0.00
GCC	111	28.56	21.48	21.45	28.52	0.00	0.00
GCC	112	28.56	21.47	21.45	28.51	0.00	0.00
GCC	113	28.56	21.48	21.46	28.51	0.00	0.00
GCC	114	28.56	21.47	21.46	28.51	0.00	0.00
GCC	115	28.56	21.47	21.45	28.52	0.00	0.00
GCC	116	28.58	21.46	21.44	28.52	0.00	0.00
GCC	117	28.55	21.48	21.46	28.51	0.00	0.00
GCC	118	28.54	21.48	21.47	28.51	0.00	0.00
GCC	119	28.56	21.47	21.45	28.52	0.00	0.00
GCC	120	28.57	21.47	21.44	28.52	0.00	0.00
GCC	121	28.55	21.48	21.46	28.51	0.00	0.00
GCC	122	28.55	21.48	21.46	28.52	0.00	0.00
GCC	123	28.57	21.47	21.44	28.52	0.00	0.00
GCC	124	28.67	21.36	21.35	28.62	0.00	0.00
GCC	125	28.55	21.48	21.46	28.51	0.00	0.00
GCC	126	28.55	21.47	21.46	28.52	0.00	0.00
GCC	127	28.54	21.49	21.47	28.50	0.00	0.00
GCC	128	28.66	21.37	21.35	28.62	0.00	0.00
GCC	129	28.55	21.48	21.46	28.51	0.00	0.00
GCC	130	28.55	21.48	21.46	28.51	0.00	0.00
GCC	131	28.53	21.49	21.47	28.50	0.00	0.00
GCC	132	28.54	21.49	21.47	28.50	0.00	0.00
GCC	133	28.54	21.49	21.47	28.51	0.00	0.00
GCC	134	28.54	21.49	21.47	28.50	0.00	0.00
GCC	135	28.54	21.49	21.47	28.50	0.00	0.00
GCC	136	28.54	21.48	21.47	28.50	0.00	0.00
GCC	137	28.53	21.50	21.48	28.49	0.00	0.00
GCC	138	28.54	21.49	21.48	28.49	0.00	0.00
GCC	139	28.54	21.49	21.47	28.50	0.00	0.00
GCC	140	28.54	21.49	21.47	28.51	0.00	0.00
GCC	141	28.53	21.50	21.48	28.50	0.00	0.00
GCC	142	28.53	21.50	21.48	28.50	0.00	0.00
GCC	143	28.53	21.49	21.47	28.50	0.00	0.00
GCC	144	28.55	21.48	21.46	28.51	0.00	0.00
GCC	145	28.54	21.50	21.47	28.49	0.00	0.00
GCC	146	28.53	21.50	21.48	28.50	0.00	0.00
GCC	147	28.53	21.50	21.48	28.49	0.00	0.00
GCC	148	28.52	21.51	21.48	28.49	0.00	0.00
GCC	149	28.53	21.50	21.48	28.49	0.00	0.00
GCC	150	28.53	21.50	21.48	28.50	0.00	0.00
# ACGT content per cycle, read oriented. Use `grep ^GCT | cut -f 2-` to extract this part. The columns are: cycle; A,C,G,T base counts as a percentage of all A/C/G/T bases [%]
GCT	1	30.79	22.49	17.43	29.29
GCT	2	31.10	19.93	20.66	28.31
GCT	3	30.36	20.46	20.13	29.05
GCT	4	28.85	20.88	20.99	29.28
GCT	5	29.09	19.98	21.41	29.52
GCT	6	29.31	20.69	21.62	28.38
GCT	7	29.00	20.22	21.73	29.05
GCT	8	29.12	20.77	21.21	28.89
GCT	9	28.80	20.91	20.99	29.29
GCT	10	29.14	20.95	21.11	28.79
GCT	11	28.93	21.04	21.03	29.00
GCT	12	29.16	20.97	20.96	28.91
GCT	13	29.19	20.84	20.98	28.99
GCT	14	29.20	20.80	21.00	29.00
GCT	15	29.10	20.90	20.95	29.05
GCT	16	29.02	20.79	21.12	29.07
GCT	17	29.03	20.89	21.09	28.98
GCT	18	28.99	21.03	21.04	28.93
GCT	19	28.93	20.95	21.09	29.03
GCT	20	28.91	21.06	21.15	28.88
GCT	21	28.99	21.05	21.17	28.79
GCT	22	28.94	21.09	21.12	28.85
GCT	23	28.85	21.15	21.11	28.88
GCT	24	28.90	21.09	21.16	28.85
GCT	25	28.84	21.11	21.22	28.83
GCT	26	28.82	21.16	21.22	28.80
GCT	27	28.80	21.15	21.23	28.82
GCT	28	28.78	21.22	21.28	28.73
GCT	29	28.82	21.20	21.27	28.72
GCT	30	28.80	21.18	21.33	28.68
GCT	31	28.79	21.22	21.33	28.67
GCT	32	28.80	21.26	21.31	28.64
GCT	33	28.79	21.20	21.36	28.65
GCT	34	28.78	21.21	21.41	28.61
GCT	35	28.79	21.20	21.40	28.60
GCT	36	28.78	21.20	21.41	28.62
GCT	37	28.76	21.22	21.43	28.60
GCT	38	28.80	21.22	21.40	28.58
GCT	39	28.78	21.23	21.46	28.53
GCT	40	28.78	21.27	21.42	28.53
GCT	41	28.73	21.30	21.44	28.54
GCT	42	28.70	21.32	21.39	28.58
GCT	43	28.74	21.34	21.39	28.54
GCT	44	28.78	21.30	21.39	28.53
GCT	45	28.72	21.30	21.43	28.54
GCT	46	28.74	21.34	21.42	28.50
GCT	47	28.74	21.33	21.44	28.49
GCT	48	28.76	21.28	21.46	28.50
GCT	49	28.72	21.32	21.47	28.49
GCT	50	28.75	21.27	21.48	28.50
GCT	51	28.73	21.34	21.47	28.46
GCT	52	28.74	21.35	21.46	28.46
GCT	53	28.75	21.31	21.47	28.47
GCT	54	28.73	21.31	21.48	28.48
GCT	55	28.77	21.30	21.47	28.46
GCT	56	28.77	21.31	21.48	28.44
GCT	57	28.74	21.32	21.49	28.45
GCT	58	28.74	21.36	21.47	28.43
GCT	59	28.73	21.33	21.47	28.47
GCT	60	28.73	21.34	21.48	28.45
GCT	61	28.73	21.36	21.48	28.43
GCT	62	28.73	21.31	21.50	28.46
GCT	63	28.73	21.33	21.52	28.42
GCT	64	28.73	21.33	21.54	28.40
GCT	65	28.74	21.32	21.51	28.43
GCT	66	28.74	21.32	21.53	28.42
GCT	67	28.75	21.33	21.51	28.42
GCT	68	28.74	21.33	21.53	28.41
GCT	69	28.71	21.37	21.50	28.41
GCT	70	28.75	21.35	21.49	28.42
GCT	71	28.72	21.32	21.55	28.41
GCT	72	28.72	21.34	21.53	28.41
GCT	73	28.74	21.35	21.52	28.40
GCT	74	28.78	21.34	21.52	28.37
GCT	75	28.77	21.34	21.50	28.39
GCT	76	28.74	21.33	21.53	28.41
GCT	77	28.72	21.32	21.54	28.42
GCT	78	28.71	21.35	21.52	28.42
GCT	79	28.72	21.33	21.55	28.39
GCT	80	28.72	21.32	21.59	28.38
GCT	81	28.74	21.32	21.56	28.38
GCT	82	28.74	21.33	21.57	28.37
GCT	83	28.74	21.34	21.55	28.37
GCT	84	28.71	21.35	21.55	28.39
GCT	85	28.72	21.34	21.55	28.38
GCT	86	28.75	21.35	21.53	28.37
GCT	87	28.72	21.35	21.53	28.40
GCT	88	28.70	21.32	21.58	28.39
GCT	89	28.73	21.33	21.58	28.36
GCT	90	28.72	21.35	21.56	28.37
GCT	91	28.70	21.36	21.58	28.36
GCT	92	28.71	21.35	21.56	28.38
GCT	93	28.74	21.30	21.57	28.39
GCT	94	28.74	21.32	21.58	28.36
GCT	95	28.70	21.36	21.56	28.37
GCT	96	28.74	21.36	21.54	28.36
GCT	97	28.74	21.35	21.56	28.36
GCT	98	28.74	21.33	21.56	28.37
GCT	99	28.70	21.32	21.59	28.39
GCT	100	28.71	21.35	21.58	28.36
GCT	101	28.73	21.35	21.58	28.34
GCT	102	28.75	21.35	21.55	28.35
GCT	103	28.71	21.38	21.56	28.36
GCT	104	28.72	21.35	21.57	28.36
GCT	105	28.73	21.34	21.59	28.34
GCT	106	28.73	21.34	21.58	28.36
GCT	107	28.73	21.30	21.60	28.37
GCT	108	28.72	21.32	21.59	28.37
GCT	109	28.72	21.32	21.60	28.35
GCT	110	28.72	21.33	21.60	28.35
GCT	111	28.72	21.34	21.59	28.35
GCT	112	28.74	21.34	21.59	28.33
GCT	113	28.76	21.36	21.57	28.31
GCT	114	28.74	21.38	21.55	28.33
GCT	115	28.73	21.36	21.57	28.34
GCT	116	28.76	21.31	21.59	28.34
GCT	117	28.72	21.33	21.61	28.33
GCT	118	28.72	21.35	21.60	28.33
GCT	119	28.73	21.33	21.58	28.35
GCT	120	28.73	21.32	21.60	28.36
GCT	121	28.73	21.33	21.61	28.33
GCT	122	28.74	21.33	21.60	28.33
GCT	123	28.77	21.33	21.58	28.32
GCT	124	28.99	21.27	21.44	28.30
GCT	125	28.73	21.34	21.59	28.34
GCT	126	28.72	21.35	21.58	28.35
GCT	127	28.72	21.36	21.60	28.32
GCT	128	29.03	21.18	21.55	28.24
GCT	129	28.74	21.33	21.61	28.32
GCT	130	28.73	21.31	21.63	28.33
GCT	131	28.73	21.34	21.62	28.31
GCT	132	28.73	21.34	21.62	28.31
GCT	133	28.72	21.35	21.61	28.33
GCT	134	28.73	21.36	21.60	28.31
GCT	135	28.73	21.36	21.61	28.30
GCT	136	28.75	21.34	21.61	28.30
GCT	137	28.71	21.35	21.63	28.31
GCT	138	28.71	21.36	21.62	28.32
GCT	139	28.73	21.35	21.61	28.31
GCT	140	28.73	21.32	21.64	28.32
GCT	141	28.71	21.33	21.64	28.32
GCT	142	28.72	21.34	21.63	28.31
GCT	143	28.74	21.35	21.61	28.29
GCT	144	28.75	21.34	21.60	28.31
GCT	145	28.73	21.34	21.63	28.30
GCT	146	28.72	21.35	21.62	28.30
GCT	147	28.71	21.36	21.62	28.30
GCT	148	28.71	21.36	21.63	28.30
GCT	149	28.72	21.33	21.65	28.30
GCT	150	28.75	21.30	21.67	28.28
# ACGT content per cycle for first fragments. Use `grep ^FBC | cut -f 2-` to extract this part. The columns are: cycle; A,C,G,T base counts as a percentage of all A/C/G/T bases [%]; and N and O counts as a percentage of all A/C/G/T bases [%]
FBC	1	29.95	20.03	20.04	29.99	0.04	0.00
FBC	2	29.71	20.26	20.28	29.74	0.01	0.00
FBC	3	29.45	20.52	20.54	29.50	0.02	0.00
FBC	4	29.15	20.82	20.83	29.19	0.01	0.00
FBC	5	29.33	20.64	20.65	29.37	0.00	0.00
FBC	6	28.92	21.05	21.07	28.96	0.00	0.00
FBC	7	29.09	20.88	20.89	29.14	0.00	0.00
FBC	8	29.04	20.93	20.95	29.08	0.00	0.00
FBC	9	29.08	20.89	20.91	29.12	0.00	0.00
FBC	10	28.93	21.04	21.05	28.98	0.00	0.00
FBC	11	28.99	20.98	21.00	29.03	0.00	0.00
FBC	12	29.04	20.94	20.94	29.08	0.00	0.00
FBC	13	29.08	20.88	20.90	29.13	0.00	0.00
FBC	14	29.09	20.87	20.90	29.14	0.00	0.00
FBC	15	29.06	20.90	20.93	29.10	0.00	0.00
FBC	16	29.05	20.93	20.94	29.09	0.00	0.00
FBC	17	29.00	20.98	20.99	29.04	0.00	0.00
FBC	18	28.95	21.03	21.03	28.99	0.00	0.00
FBC	19	28.96	21.01	21.02	29.01	0.00	0.00
FBC	20	28.88	21.09	21.10	28.93	0.00	0.00
FBC	21	28.88	21.09	21.11	28.92	0.00	0.00
FBC	22	28.88	21.10	21.11	28.92	0.00	0.00
FBC	23	28.85	21.13	21.13	28.89	0.00	0.00
FBC	24	28.86	21.12	21.13	28.90	0.00	0.00
FBC	25	28.82	21.15	21.17	28.85	0.00	0.00
FBC	26	28.79	21.18	21.20	28.83	0.00	0.00
FBC	27	28.79	21.18	21.20	28.83	0.00	0.00
FBC	28	28.73	21.24	21.25	28.77	0.01	0.00
FBC	29	28.74	21.23	21.24	28.78	0.00	0.00
FBC	30	28.72	21.24	21.26	28.78	0.00	0.00
FBC	31	28.70	21.27	21.28	28.75	0.00	0.00
FBC	32	28.69	21.28	21.30	28.73	0.00	0.00
FBC	33	28.69	21.28	21.29	28.74	0.00	0.00
FBC	34	28.67	21.31	21.32	28.70	0.00	0.00
FBC	35	28.67	21.30	21.32	28.72	0.00	0.00
FBC	36	28.67	21.30	21.32	28.71	0.00	0.00
FBC	37	28.65	21.32	21.34	28.69	0.00	0.00
FBC	38	28.66	21.31	21.33	28.70	0.00	0.00
FBC	39	28.61	21.36	21.37	28.66	0.00	0.00
FBC	40	28.62	21.35	21.36	28.67	0.00	0.00
FBC	41	28.59	21.37	21.39	28.64	0.00	0.00
FBC	42	28.61	21.36	21.38	28.65	0.00	0.00
FBC	43	28.59	21.38	21.39	28.65	0.00	0.00
FBC	44	28.62	21.35	21.36	28.66	0.00	0.00
FBC	45	28.60	21.37	21.39	28.64	0.00	0.00
FBC	46	28.59	21.39	21.40	28.62	0.00	0.00
FBC	47	28.58	21.39	21.41	28.62	0.00	0.00
FBC	48	28.59	21.37	21.39	28.65	0.00	0.00
FBC	49	28.57	21.40	21.42	28.61	0.00	0.00
FBC	50	28.59	21.38	21.39	28.64	0.00	0.00
FBC	51	28.56	21.41	21.42	28.60	0.00	0.00
FBC	52	28.56	21.41	21.42	28.60	0.00	0.00
FBC	53	28.57	21.40	21.42	28.62	0.00	0.00
FBC	54	28.57	21.41	21.42	28.60	0.00	0.00
FBC	55	28.57	21.40	21.41	28.62	0.00	0.00
FBC	56	28.57	21.40	21.42	28.61	0.00	0.00
FBC	57	28.55	21.41	21.44	28.60	0.00	0.00
FBC	58	28.54	21.43	21.45	28.58	0.00	0.00
FBC	59	28.56	21.42	21.43	28.60	0.00	0.00
FBC	60	28.56	21.42	21.43	28.59	0.00	0.00
FBC	61	28.54	21.43	21.45	28.58	0.00	0.00
FBC	62	28.55	21.41	21.43	28.60	0.00	0.00
FBC	63	28.54	21.43	21.45	28.58	0.00	0.00
FBC	64	28.53	21.44	21.46	28.57	0.00	0.00
FBC	65	28.55	21.42	21.44	28.59	0.00	0.00
FBC	66	28.54	21.44	21.45	28.57	0.00	0.00
FBC	67	28.55	21.42	21.44	28.59	0.03	0.00
FBC	68	28.54	21.44	21.46	28.57	0.00	0.00
FBC	69	28.53	21.45	21.46	28.57	0.00	0.00
FBC	70	28.54	21.43	21.45	28.58	0.00	0.00
FBC	71	28.52	21.44	21.46	28.57	0.00	0.00
FBC	72	28.53	21.44	21.46	28.57	0.00	0.00
FBC	73	28.53	21.44	21.46	28.57	0.00	0.00
FBC	74	28.53	21.45	21.46	28.57	0.00	0.00
FBC	75	28.54	21.43	21.45	28.58	0.00	0.00
FBC	76	28.53	21.44	21.46	28.57	0.00	0.00
FBC	77	28.52	21.44	21.46	28.57	0.00	0.00
FBC	78	28.52	21.45	21.46	28.57	0.00	0.00
FBC	79	28.52	21.45	21.47	28.56	0.00	0.00
FBC	80	28.51	21.46	21.48	28.55	0.00	0.00
FBC	81	28.52	21.46	21.46	28.56	0.00	0.00
FBC	82	28.51	21.46	21.47	28.55	0.00	0.00
FBC	83	28.52	21.45	21.48	28.55	0.00	0.00
FBC	84	28.51	21.45	21.48	28.56	0.00	0.00
FBC	85	28.52	21.46	21.47	28.56	0.00	0.00
FBC	86	28.51	21.46	21.46	28.57	0.00	0.00
FBC	87	28.52	21.45	21.48	28.56	0.00	0.00
FBC	88	28.50	21.46	21.48	28.56	0.00	0.00
FBC	89	28.50	21.47	21.48	28.55	0.00	0.00
FBC	90	28.50	21.47	21.48	28.54	0.00	0.00
FBC	91	28.49	21.48	21.49	28.53	0.00	0.00
FBC	92	28.50	21.47	21.48	28.54	0.00	0.00
FBC	93	28.52	21.45	21.47	28.56	0.00	0.00
FBC	94	28.51	21.46	21.48	28.55	0.00	0.00
FBC	95	28.51	21.46	21.49	28.54	0.00	0.00
FBC	96	28.51	21.46	21.48	28.55	0.00	0.00
FBC	97	28.51	21.46	21.48	28.54	0.00	0.00
FBC	98	28.51	21.46	21.48	28.56	0.00	0.00
FBC	99	28.51	21.47	21.48	28.55	0.00	0.00
FBC	100	28.50	21.47	21.49	28.54	0.00	0.00
FBC	101	28.49	21.47	21.50	28.54	0.00	0.00
FBC	102	28.51	21.46	21.49	28.55	0.00	0.00
FBC	103	28.49	21.48	21.50	28.52	0.00	0.00
FBC	104	28.50	21.47	21.49	28.54	0.00	0.00
FBC	105	28.49	21.48	21.50	28.53	0.00	0.00
FBC	106	28.50	21.47	21.49	28.54	0.00	0.00
FBC	107	28.51	21.46	21.48	28.55	0.00	0.00
FBC	108	28.50	21.47	21.49	28.54	0.00	0.00
FBC	109	28.50	21.48	21.49	28.54	0.00	0.00
FBC	110	28.49	21.48	21.49	28.53	0.00	0.00
FBC	111	28.49	21.48	21.49	28.54	0.00	0.00
FBC	112	28.50	21.48	21.49	28.53	0.00	0.00
FBC	113	28.49	21.48	21.49	28.53	0.00	0.00
FBC	114	28.49	21.48	21.50	28.53	0.00	0.00
FBC	115	28.50	21.48	21.49	28.53	0.00	0.00
FBC	116	28.51	21.47	21.48	28.54	0.00	0.00
FBC	117	28.49	21.49	21.50	28.52	0.00	0.00
FBC	118	28.49	21.48	21.50	28.53	0.00	0.00
FBC	119	28.50	21.47	21.48	28.55	0.00	0.00
FBC	120	28.50	21.47	21.49	28.54	0.00	0.00
FBC	121	28.49	21.48	21.50	28.53	0.00	0.00
FBC	122	28.49	21.48	21.49	28.54	0.00	0.00
FBC	123	28.50	21.48	21.49	28.53	0.00	0.00
FBC	124	28.49	21.49	21.50	28.52	0.00	0.00
FBC	125	28.49	21.48	21.50	28.53	0.00	0.00
FBC	126	28.49	21.48	21.49	28.53	0.00	0.00
FBC	127	28.48	21.49	21.50	28.52	0.00	0.00
FBC	128	28.49	21.48	21.50	28.54	0.00	0.00
FBC	129	28.49	21.48	21.50	28.54	0.00	0.00
FBC	130	28.49	21.47	21.50	28.53	0.00	0.00
FBC	131	28.48	21.50	21.51	28.52	0.00	0.00
FBC	132	28.47	21.50	21.51	28.52	0.00	0.00
FBC	133	28.48	21.49	21.50	28.53	0.00	0.00
FBC	134	28.47	21.49	21.51	28.52	0.00	0.00
FBC	135	28.48	21.50	21.50	28.52	0.00	0.00
FBC	136	28.48	21.49	21.51	28.52	0.01	0.00
FBC	137	28.47	21.50	21.51	28.52	0.00	0.00
FBC	138	28.48	21.49	21.51	28.51	0.00	0.00
FBC	139	28.48	21.50	21.50	28.52	0.00	0.00
FBC	140	28.48	21.49	21.50	28.53	0.00	0.00
FBC	141	28.47	21.50	21.51	28.52	0.00	0.00
FBC	142	28.48	21.49	21.50	28.53	0.00	0.00
FBC	143	28.48	21.49	21.50	28.53	0.00	0.00
FBC	144	28.49	21.48	21.50	28.53	0.00	0.00
FBC	145	28.48	21.49	21.51	28.52	0.00	0.00
FBC	146	28.48	21.50	21.50	28.52	0.00	0.00
FBC	147	28.48	21.50	21.51	28.51	0.00	0.00
FBC	148	28.47	21.51	21.52	28.50	0.00	0.00
FBC	149	28.47	21.50	21.52	28.51	0.00	0.00
FBC	150	28.47	21.50	21.51	28.51	0.00	0.00
# ACGT raw counters for first fragments. Use `grep ^FTC | cut -f 2-` to extract this part. The columns are: A,C,G,T,N base counters
FTC	9797389976	7304434315	7309600353	9811488879	355827
# ACGT content per cycle for last fragments. Use `grep ^LBC | cut -f 2-` to extract this part. The columns are: cycle; A,C,G,T base counts as a percentage of all A/C/G/T bases [%]; and N and O counts as a percentage of all A/C/G/T bases [%]
LBC	1	30.10	19.85	19.92	30.12	0.01	0.00
LBC	2	29.66	20.25	20.39	29.70	0.00	0.00
LBC	3	29.92	20.02	20.10	29.97	0.00	0.00
LBC	4	28.94	20.99	21.09	28.98	0.00	0.00
LBC	5	29.23	20.69	20.79	29.28	0.00	0.00
LBC	6	28.74	21.21	21.29	28.76	0.00	0.00
LBC	7	28.92	21.02	21.10	28.95	0.00	0.00
LBC	8	28.95	21.00	21.08	28.97	0.00	0.00
LBC	9	29.00	20.98	21.02	29.00	0.00	0.00
LBC	10	28.99	21.01	21.03	28.98	0.00	0.00
LBC	11	28.92	21.05	21.09	28.93	0.00	0.00
LBC	12	29.01	20.98	21.01	29.00	0.00	0.00
LBC	13	29.08	20.92	20.93	29.07	0.00	0.00
LBC	14	29.10	20.90	20.92	29.08	0.00	0.00
LBC	15	29.08	20.93	20.94	29.05	0.00	0.00
LBC	16	29.04	20.98	20.98	29.00	0.00	0.00
LBC	17	29.02	21.00	21.00	28.98	0.00	0.00
LBC	18	28.98	21.05	21.04	28.93	0.00	0.00
LBC	19	29.00	21.03	21.02	28.95	0.00	0.00
LBC	20	28.92	21.11	21.10	28.87	0.00	0.00
LBC	21	28.91	21.12	21.11	28.86	0.00	0.00
LBC	22	28.92	21.11	21.10	28.87	0.00	0.00
LBC	23	28.90	21.14	21.12	28.83	0.00	0.00
LBC	24	28.90	21.14	21.11	28.84	0.00	0.00
LBC	25	28.86	21.18	21.16	28.80	0.00	0.00
LBC	26	28.84	21.20	21.18	28.77	0.00	0.00
LBC	27	28.84	21.20	21.19	28.78	0.00	0.00
LBC	28	28.79	21.26	21.23	28.71	0.00	0.00
LBC	29	28.80	21.24	21.22	28.73	0.00	0.00
LBC	30	28.77	21.27	21.26	28.71	0.00	0.00
LBC	31	28.77	21.28	21.26	28.69	0.00	0.00
LBC	32	28.77	21.29	21.26	28.68	0.00	0.00
LBC	33	28.77	21.29	21.26	28.68	0.00	0.00
LBC	34	28.75	21.31	21.29	28.66	0.00	0.00
LBC	35	28.74	21.31	21.28	28.67	0.00	0.00
LBC	36	28.75	21.31	21.28	28.67	0.00	0.00
LBC	37	28.73	21.33	21.30	28.65	0.00	0.00
LBC	38	28.75	21.31	21.28	28.66	0.00	0.00
LBC	39	28.72	21.34	21.31	28.64	0.00	0.00
LBC	40	28.72	21.34	21.32	28.62	0.00	0.00
LBC	41	28.70	21.36	21.34	28.60	0.00	0.00
LBC	42	28.70	21.36	21.33	28.61	0.00	0.00
LBC	43	28.70	21.36	21.33	28.61	0.00	0.00
LBC	44	28.73	21.34	21.31	28.62	0.00	0.00
LBC	45	28.70	21.36	21.34	28.59	0.00	0.00
LBC	46	28.69	21.38	21.35	28.58	0.00	0.00
LBC	47	28.67	21.39	21.36	28.57	0.00	0.00
LBC	48	28.69	21.38	21.34	28.59	0.00	0.00
LBC	49	28.68	21.39	21.36	28.57	0.00	0.00
LBC	50	28.70	21.37	21.35	28.59	0.00	0.00
LBC	51	28.66	21.41	21.38	28.56	0.00	0.00
LBC	52	28.66	21.40	21.37	28.56	0.00	0.00
LBC	53	28.68	21.39	21.36	28.57	0.00	0.00
LBC	54	28.67	21.39	21.36	28.57	0.00	0.00
LBC	55	28.69	21.39	21.35	28.57	0.00	0.00
LBC	56	28.67	21.40	21.36	28.57	0.00	0.00
LBC	57	28.67	21.40	21.37	28.57	0.00	0.00
LBC	58	28.66	21.41	21.37	28.56	0.00	0.00
LBC	59	28.68	21.40	21.36	28.57	0.00	0.00
LBC	60	28.66	21.41	21.38	28.55	0.00	0.00
LBC	61	28.65	21.42	21.39	28.54	0.00	0.00
LBC	62	28.67	21.40	21.37	28.56	0.00	0.00
LBC	63	28.64	21.42	21.39	28.54	0.00	0.00
LBC	64	28.64	21.44	21.40	28.53	0.00	0.00
LBC	65	28.65	21.41	21.38	28.55	0.00	0.00
LBC	66	28.65	21.42	21.39	28.54	0.00	0.00
LBC	67	28.65	21.42	21.39	28.54	0.00	0.00
LBC	68	28.65	21.42	21.40	28.53	0.00	0.00
LBC	69	28.63	21.44	21.40	28.53	0.00	0.00
LBC	70	28.65	21.41	21.38	28.56	0.00	0.00
LBC	71	28.64	21.43	21.40	28.53	0.00	0.00
LBC	72	28.64	21.43	21.40	28.53	0.00	0.00
LBC	73	28.64	21.43	21.40	28.54	0.00	0.00
LBC	74	28.66	21.42	21.39	28.54	0.00	0.00
LBC	75	28.66	21.42	21.38	28.54	0.00	0.00
LBC	76	28.65	21.43	21.38	28.54	0.00	0.00
LBC	77	28.65	21.43	21.39	28.53	0.00	0.00
LBC	78	28.65	21.43	21.40	28.53	0.00	0.00
LBC	79	28.64	21.43	21.40	28.52	0.00	0.00
LBC	80	28.63	21.45	21.42	28.50	0.00	0.00
LBC	81	28.64	21.44	21.40	28.52	0.00	0.00
LBC	82	28.63	21.45	21.40	28.51	0.00	0.00
LBC	83	28.63	21.45	21.41	28.51	0.00	0.00
LBC	84	28.62	21.45	21.42	28.51	0.00	0.00
LBC	85	28.62	21.45	21.41	28.51	0.00	0.00
LBC	86	28.64	21.44	21.40	28.53	0.00	0.00
LBC	87	28.63	21.43	21.41	28.53	0.00	0.00
LBC	88	28.63	21.45	21.42	28.51	0.00	0.00
LBC	89	28.63	21.45	21.41	28.51	0.00	0.00
LBC	90	28.63	21.45	21.42	28.51	0.00	0.00
LBC	91	28.61	21.47	21.43	28.49	0.00	0.00
LBC	92	28.62	21.47	21.42	28.50	0.00	0.00
LBC	93	28.64	21.43	21.39	28.53	0.00	0.00
LBC	94	28.63	21.45	21.41	28.51	0.00	0.00
LBC	95	28.61	21.47	21.43	28.50	0.00	0.00
LBC	96	28.62	21.45	21.42	28.51	0.00	0.00
LBC	97	28.63	21.45	21.41	28.51	0.00	0.00
LBC	98	28.64	21.44	21.41	28.52	0.00	0.00
LBC	99	28.62	21.45	21.42	28.51	0.00	0.00
LBC	100	28.61	21.46	21.43	28.49	0.00	0.00
LBC	101	28.61	21.48	21.42	28.49	0.00	0.00
LBC	102	28.63	21.45	21.41	28.51	0.00	0.00
LBC	103	28.62	21.46	21.43	28.50	0.00	0.00
LBC	104	28.61	21.46	21.42	28.51	0.00	0.00
LBC	105	28.63	21.46	21.41	28.50	0.00	0.00
LBC	106	28.62	21.46	21.42	28.51	0.00	0.00
LBC	107	28.63	21.45	21.40	28.52	0.00	0.00
LBC	108	28.63	21.45	21.40	28.51	0.00	0.00
LBC	109	28.63	21.47	21.41	28.49	0.00	0.00
LBC	110	28.62	21.46	21.42	28.50	0.00	0.00
LBC	111	28.62	21.47	21.42	28.50	0.00	0.00
LBC	112	28.62	21.47	21.42	28.49	0.00	0.00
LBC	113	28.62	21.47	21.42	28.49	0.00	0.00
LBC	114	28.62	21.47	21.42	28.50	0.00	0.00
LBC	115	28.62	21.46	21.42	28.50	0.00	0.00
LBC	116	28.64	21.45	21.40	28.51	0.00	0.00
LBC	117	28.61	21.47	21.42	28.50	0.00	0.00
LBC	118	28.60	21.48	21.43	28.49	0.00	0.00
LBC	119	28.62	21.46	21.41	28.50	0.00	0.00
LBC	120	28.63	21.47	21.40	28.50	0.00	0.00
LBC	121	28.61	21.48	21.42	28.49	0.00	0.00
LBC	122	28.60	21.48	21.42	28.50	0.00	0.00
LBC	123	28.63	21.45	21.39	28.52	0.00	0.00
LBC	124	28.84	21.24	21.19	28.73	0.00	0.00
LBC	125	28.61	21.47	21.42	28.49	0.00	0.00
LBC	126	28.62	21.47	21.42	28.50	0.00	0.00
LBC	127	28.60	21.49	21.44	28.47	0.00	0.00
LBC	128	28.82	21.26	21.21	28.70	0.00	0.00
LBC	129	28.62	21.47	21.42	28.49	0.00	0.00
LBC	130	28.60	21.48	21.43	28.49	0.00	0.00
LBC	131	28.59	21.49	21.44	28.48	0.00	0.00
LBC	132	28.60	21.48	21.43	28.49	0.00	0.00
LBC	133	28.60	21.49	21.43	28.48	0.00	0.00
LBC	134	28.60	21.49	21.43	28.49	0.00	0.00
LBC	135	28.59	21.49	21.44	28.48	0.00	0.00
LBC	136	28.60	21.48	21.43	28.49	0.00	0.00
LBC	137	28.58	21.50	21.45	28.47	0.00	0.00
LBC	138	28.60	21.49	21.44	28.47	0.00	0.00
LBC	139	28.60	21.49	21.43	28.48	0.00	0.00
LBC	140	28.60	21.49	21.43	28.49	0.00	0.00
LBC	141	28.58	21.49	21.44	28.48	0.00	0.00
LBC	142	28.58	21.50	21.45	28.47	0.00	0.00
LBC	143	28.58	21.50	21.45	28.48	0.00	0.00
LBC	144	28.61	21.48	21.43	28.49	0.00	0.00
LBC	145	28.59	21.50	21.44	28.47	0.00	0.00
LBC	146	28.58	21.50	21.45	28.47	0.00	0.00
LBC	147	28.58	21.51	21.45	28.47	0.00	0.00
LBC	148	28.58	21.50	21.44	28.47	0.00	0.00
LBC	149	28.59	21.50	21.44	28.47	0.00	0.00
LBC	150	28.59	21.49	21.44	28.48	0.00	0.00
# ACGT raw counters for last fragments. Use `grep ^LTC | cut -f 2-` to extract this part. The columns are: A,C,G,T,N base counters
LTC	9830370056	7302396481	7292889918	9798523618	42977
# Insert sizes. Use `grep ^IS | cut -f 2-` to extract this part. The columns are: insert size, pairs total, inward oriented pairs, outward oriented pairs, other pairs
IS	0	860	0	19	841
IS	1	394	0	27	367
IS	2	246	0	155	91
IS	3	252	0	190	62
IS	4	199	0	178	21
IS	5	232	0	199	33
IS	6	193	0	169	24
IS	7	187	0	167	20
IS	8	216	0	192	24
IS	9	230	0	205	25
IS	10	231	0	207	24
IS	11	243	0	228	15
IS	12	252	0	235	17
IS	13	218	0	202	16
IS	14	235	0	215	20
IS	15	250	0	235	15
IS	16	234	0	225	9
IS	17	243	0	227	16
IS	18	276	0	261	15
IS	19	2914	1233	1672	9
IS	20	2304	1021	1273	10
IS	21	1388	582	795	11
IS	22	857	326	523	8
IS	23	519	144	365	10
IS	24	461	114	334	13
IS	25	524	147	363	14
IS	26	447	117	323	7
IS	27	451	111	333	7
IS	28	503	156	335	12
IS	29	481	125	342	14
IS	30	471	104	346	21
IS	31	508	104	387	17
IS	32	529	125	385	19
IS	33	481	135	328	18
IS	34	552	158	379	15
IS	35	542	145	374	23
IS	36	612	184	408	20
IS	37	665	216	428	21
IS	38	675	217	435	23
IS	39	715	223	471	21
IS	40	808	257	524	27
IS	41	965	296	640	29
IS	42	998	360	609	29
IS	43	1003	329	645	29
IS	44	1042	364	655	23
IS	45	1086	411	652	23
IS	46	1145	432	693	20
IS	47	1204	452	729	23
IS	48	1187	456	702	29
IS	49	1225	457	742	26
IS	50	1340	539	771	30
IS	51	1372	543	806	23
IS	52	1449	556	867	26
IS	53	1421	580	810	31
IS	54	1514	611	872	31
IS	55	1605	626	925	54
IS	56	1680	679	970	31
IS	57	1555	621	912	22
IS	58	1628	655	950	23
IS	59	1698	668	1011	19
IS	60	1754	745	986	23
IS	61	1764	692	1051	21
IS	62	1831	743	1058	30
IS	63	2036	831	1187	18
IS	64	2084	902	1148	34
IS	65	2279	992	1258	29
IS	66	2224	946	1255	23
IS	67	2240	905	1306	29
IS	68	2306	1011	1276	19
IS	69	2514	1056	1432	26
IS	70	2258	979	1253	26
IS	71	2387	1050	1308	29
IS	72	2460	1093	1348	19
IS	73	2538	1136	1386	16
IS	74	2484	1076	1389	19
IS	75	2430	1100	1309	21
IS	76	2477	1141	1322	14
IS	77	2617	1164	1435	18
IS	78	2595	1161	1419	15
IS	79	2405	1070	1315	20
IS	80	2483	1138	1324	21
IS	81	2445	1144	1286	15
IS	82	2590	1281	1290	19
IS	83	2493	1193	1275	25
IS	84	2603	1180	1399	24
IS	85	2596	1176	1396	24
IS	86	2570	1164	1393	13
IS	87	2802	1310	1469	23
IS	88	2733	1291	1420	22
IS	89	2602	1199	1383	20
IS	90	2722	1329	1382	11
IS	91	2797	1319	1451	27
IS	92	2693	1317	1354	22
IS	93	2741	1330	1395	16
IS	94	2777	1297	1459	21
IS	95	2841	1385	1439	17
IS	96	2892	1352	1523	17
IS	97	2986	1465	1509	12
IS	98	2927	1386	1526	15
IS	99	3065	1508	1545	12
IS	100	3063	1466	1580	17
IS	101	3126	1446	1661	19
IS	102	2944	1464	1454	26
IS	103	3137	1445	1680	12
IS	104	3213	1563	1638	12
IS	105	3011	1436	1560	15
IS	106	3341	1661	1666	14
IS	107	3205	1549	1634	22
IS	108	3202	1525	1658	19
IS	109	3091	1501	1576	14
IS	110	3189	1568	1604	17
IS	111	3225	1569	1643	13
IS	112	3624	1864	1745	15
IS	113	3426	1751	1649	26
IS	114	3296	1607	1665	24
IS	115	3231	1589	1623	19
IS	116	3257	1636	1607	14
IS	117	3283	1594	1668	21
IS	118	3381	1646	1719	16
IS	119	3534	1717	1794	23
IS	120	3540	1750	1768	22
IS	121	3682	1842	1831	9
IS	122	3460	1720	1733	7
IS	123	3523	1751	1752	20
IS	124	3563	1765	1788	10
IS	125	3803	1978	1809	16
IS	126	3931	2073	1831	27
IS	127	3990	2036	1941	13
IS	128	4092	2065	2008	19
IS	129	4051	1968	2064	19
IS	130	4096	2034	2045	17
IS	131	4208	2093	2095	20
IS	132	4222	2080	2128	14
IS	133	4290	2120	2142	28
IS	134	4360	2197	2143	20
IS	135	4634	2345	2273	16
IS	136	4462	2162	2280	20
IS	137	4590	2246	2331	13
IS	138	4557	2263	2282	12
IS	139	4772	2313	2442	17
IS	140	4913	2432	2467	14
IS	141	5115	2517	2578	20
IS	142	5020	2470	2526	24
IS	143	5412	2655	2733	24
IS	144	5342	2566	2759	17
IS	145	5541	2787	2736	18
IS	146	5535	2700	2825	10
IS	147	5727	2636	3069	22
IS	148	6054	2659	3370	25
IS	149	6252	1723	4518	11
IS	150	6299	3792	2482	25
IS	151	6517	6422	76	19
IS	152	6653	6595	33	25
IS	153	6764	6705	33	26
IS	154	6862	6824	17	21
IS	155	7045	7009	21	15
IS	156	7092	7067	13	12
IS	157	7084	7059	15	10
IS	158	7392	7359	8	25
IS	159	7776	7757	9	10
IS	160	8045	8019	15	11
IS	161	8280	8234	21	25
IS	162	8634	8588	16	30
IS	163	8808	8782	11	15
IS	164	8777	8746	10	21
IS	165	9287	9254	10	23
IS	166	9440	9402	12	26
IS	167	9708	9685	8	15
IS	168	10208	10183	9	16
IS	169	10383	10357	6	20
IS	170	10736	10705	12	19
IS	171	10905	10872	11	22
IS	172	11480	11449	6	25
IS	173	11519	11493	7	19
IS	174	11936	11907	11	18
IS	175	12388	12359	6	23
IS	176	12605	12583	5	17
IS	177	13431	13399	11	21
IS	178	13623	13591	10	22
IS	179	14044	14010	5	29
IS	180	14417	14388	8	21
IS	181	15047	15022	7	18
IS	182	15478	15443	8	27
IS	183	15774	15753	5	16
IS	184	16657	16639	7	11
IS	185	17186	17166	3	17
IS	186	17666	17638	5	23
IS	187	18569	18550	5	14
IS	188	18990	18960	5	25
IS	189	19576	19553	4	19
IS	190	20271	20242	9	20
IS	191	20724	20698	6	20
IS	192	21433	21405	8	20
IS	193	22032	21996	5	31
IS	194	22966	22946	1	19
IS	195	23893	23870	5	18
IS	196	24422	24402	4	16
IS	197	25616	25588	9	19
IS	198	26199	26155	6	38
IS	199	26733	26711	5	17
IS	200	27686	27663	6	17
IS	201	28594	28568	6	20
IS	202	29987	29960	6	21
IS	203	30790	30762	4	24
IS	204	31862	31836	7	19
IS	205	33081	33048	3	30
IS	206	34023	33987	15	21
IS	207	34868	34828	2	38
IS	208	36581	36546	13	22
IS	209	38282	38250	8	24
IS	210	39294	39266	9	19
IS	211	40484	40442	8	34
IS	212	41941	41903	7	31
IS	213	43349	43312	7	30
IS	214	44316	44271	9	36
IS	215	45972	45940	3	29
IS	216	47658	47625	11	22
IS	217	49283	49244	9	30
IS	218	51214	51185	4	25
IS	219	52843	52810	5	28
IS	220	54653	54631	4	18
IS	221	56891	56854	7	30
IS	222	58257	58230	9	18
IS	223	59481	59442	13	26
IS	224	62073	62040	9	24
IS	225	64108	64072	4	32
IS	226	66152	66129	4	19
IS	227	68198	68161	8	29
IS	228	71159	71120	4	35
IS	229	72897	72871	2	24
IS	230	75014	74989	5	20
IS	231	78403	78353	4	46
IS	232	80283	80244	9	30
IS	233	83161	83134	3	24
IS	234	85465	85429	1	35
IS	235	87779	87753	4	22
IS	236	89896	89868	5	23
IS	237	93791	93755	8	28
IS	238	97708	97661	11	36
IS	239	100001	99965	8	28
IS	240	103241	103199	5	37
IS	241	106768	106720	12	36
IS	242	110215	110175	7	33
IS	243	113658	113623	5	30
IS	244	115945	115909	8	28
IS	245	120299	120261	10	28
IS	246	123270	123240	10	20
IS	247	126900	126871	9	20
IS	248	130417	130377	5	35
IS	249	136516	136485	6	25
IS	250	140706	140665	7	34
IS	251	145493	145458	6	29
IS	252	150365	150331	5	29
IS	253	154183	154145	4	34
IS	254	158875	158845	4	26
IS	255	162268	162222	9	37
IS	256	167090	167054	7	29
IS	257	171311	171274	3	34
IS	258	177247	177220	2	25
IS	259	182399	182364	2	33
IS	260	188189	188159	5	25
IS	261	193815	193778	5	32
IS	262	200528	200491	12	25
IS	263	205824	205794	4	26
IS	264	211692	211659	3	30
IS	265	215979	215944	3	32
IS	266	221645	221608	6	31
IS	267	227779	227738	4	37
IS	268	234145	234098	7	40
IS	269	242484	242428	6	50
IS	270	248944	248901	10	33
IS	271	255794	255755	9	30
IS	272	263168	263126	5	37
IS	273	269974	269943	6	25
IS	274	276184	276140	12	32
IS	275	283021	282982	8	31
IS	276	290975	290937	9	29
IS	277	297604	297564	2	38
IS	278	303725	303689	4	32
IS	279	312860	312814	7	39
IS	280	321553	321498	10	45
IS	281	330382	330345	3	34
IS	282	337949	337924	4	21
IS	283	346955	346908	3	44
IS	284	355860	355811	8	41
IS	285	364583	364540	9	34
IS	286	372012	371973	7	32
IS	287	377971	377922	12	37
IS	288	386238	386202	7	29
IS	289	396709	396677	6	26
IS	290	405662	405638	8	16
IS	291	418342	418310	3	29
IS	292	429043	429015	3	25
IS	293	436563	436530	2	31
IS	294	446997	446961	3	33
IS	295	455492	455470	4	18
IS	296	464553	464518	7	28
IS	297	473999	473958	8	33
IS	298	483187	483156	4	27
IS	299	491983	491951	6	26
IS	300	502692	502668	5	19
IS	301	513256	513220	8	28
IS	302	524910	524883	8	19
IS	303	536151	536109	8	34
IS	304	546499	546469	2	28
IS	305	556327	556304	3	20
IS	306	565426	565392	9	25
IS	307	573581	573545	4	32
IS	308	582227	582190	5	32
IS	309	591575	591550	3	22
IS	310	603720	603684	7	29
IS	311	616788	616752	4	32
IS	312	627848	627817	9	22
IS	313	638938	638917	2	19
IS	314	649680	649646	7	27
IS	315	659645	659613	8	24
IS	316	668629	668586	3	40
IS	317	677645	677607	6	32
IS	318	686692	686654	9	29
IS	319	697596	697570	4	22
IS	320	705507	705479	7	21
IS	321	716061	716034	10	17
IS	322	727794	727772	3	19
IS	323	740883	740838	11	34
IS	324	748807	748778	5	24
IS	325	760626	760586	7	33
IS	326	769840	769809	7	24
IS	327	775987	775961	3	23
IS	328	784675	784639	4	32
IS	329	791547	791516	4	27
IS	330	798897	798866	4	27
IS	331	809530	809494	10	26
IS	332	819154	819120	3	31
IS	333	830436	830400	5	31
IS	334	838048	838022	4	22
IS	335	848059	848029	6	24
IS	336	857614	857583	4	27
IS	337	864019	863980	7	32
IS	338	870058	870034	4	20
IS	339	874550	874520	7	23
IS	340	880922	880896	5	21
IS	341	889965	889939	4	22
IS	342	897032	897007	7	18
IS	343	905589	905568	7	14
IS	344	913960	913932	8	20
IS	345	922548	922520	5	23
IS	346	929761	929738	4	19
IS	347	934493	934469	7	17
IS	348	938554	938535	4	15
IS	349	942777	942749	4	24
IS	350	946889	946867	6	16
IS	351	950226	950190	9	27
IS	352	957689	957659	11	19
IS	353	964334	964307	7	20
IS	354	971703	971666	13	24
IS	355	978482	978440	8	34
IS	356	983370	983314	11	45
IS	357	988346	988312	4	30
IS	358	991595	991553	10	32
IS	359	990169	990139	8	22
IS	360	992574	992550	5	19
IS	361	995014	994980	5	29
IS	362	998620	998583	11	26
IS	363	1004945	1004923	7	15
IS	364	1009666	1009639	2	25
IS	365	1013750	1013720	7	23
IS	366	1019944	1019923	6	15
IS	367	1021146	1021122	1	23
IS	368	1023849	1023809	13	27
IS	369	1024665	1024629	4	32
IS	370	1023102	1023080	3	19
IS	371	1022973	1022945	6	22
IS	372	1027268	1027243	8	17
IS	373	1029386	1029340	22	24
IS	374	1030356	1030327	9	20
IS	375	1034059	1034033	7	19
IS	376	1035590	1035556	5	29
IS	377	1037862	1037840	9	13
IS	378	1038933	1038918	4	11
IS	379	1039669	1039642	8	19
IS	380	1036960	1036947	4	9
IS	381	1034024	1033993	11	20
IS	382	1037049	1037024	6	19
IS	383	1034218	1034197	7	14
IS	384	1033851	1033822	8	21
IS	385	1037879	1037852	15	12
IS	386	1039154	1039128	12	14
IS	387	1038977	1038935	29	13
IS	388	1038398	1038370	12	16
IS	389	1036290	1036265	10	15
IS	390	1035312	1035279	13	20
IS	391	1033737	1033699	20	18
IS	392	1027973	1027939	9	25
IS	393	1025669	1025643	5	21
IS	394	1026146	1026114	17	15
IS	395	1024998	1024969	14	15
IS	396	1027999	1027985	4	10
IS	397	1026461	1026440	7	14
IS	398	1027377	1027347	10	20
IS	399	1024650	1024629	6	15
IS	400	1020766	1020740	9	17
IS	401	1016401	1016386	4	11
IS	402	1011592	1011563	5	24
IS	403	1008987	1008957	14	16
IS	404	1007324	1007299	3	22
IS	405	1006160	1006148	5	7
IS	406	1004528	1004504	9	15
IS	407	1001561	1001541	6	14
IS	408	1000524	1000499	7	18
IS	409	998065	998042	10	13
IS	410	997932	997917	9	6
IS	411	990128	990103	5	20
IS	412	984930	984904	11	15
IS	413	977945	977920	10	15
IS	414	977841	977812	5	24
IS	415	973602	973587	1	14
IS	416	971866	971844	12	10
IS	417	970008	969989	5	14
IS	418	967391	967366	7	18
IS	419	966025	965972	8	45
IS	420	958908	958855	10	43
IS	421	952958	952929	6	23
IS	422	950428	950407	9	12
IS	423	942678	942656	6	16
IS	424	942307	942286	5	16
IS	425	935578	935555	8	15
IS	426	931722	931695	6	21
IS	427	927236	927209	7	20
IS	428	927045	927011	9	25
IS	429	921653	921625	10	18
IS	430	916963	916936	16	11
IS	431	912688	912668	7	13
IS	432	906932	906899	15	18
IS	433	902008	901992	6	10
IS	434	893845	893822	8	15
IS	435	890543	890527	2	14
IS	436	887034	887018	6	10
IS	437	883895	883868	9	18
IS	438	878010	877999	3	8
IS	439	874456	874436	7	13
IS	440	870208	870186	9	13
IS	441	865166	865146	7	13
IS	442	861873	861850	6	17
IS	443	852468	852453	6	9
IS	444	847915	847900	3	12
IS	445	839439	839421	8	10
IS	446	835094	835084	7	3
IS	447	829662	829649	3	10
IS	448	826284	826267	5	12
IS	449	823378	823355	7	16
IS	450	818479	818457	10	12
IS	451	814879	814865	5	9
IS	452	809123	809106	7	10
IS	453	800871	800855	4	12
IS	454	794662	794650	4	8
IS	455	788517	788503	3	11
IS	456	782782	782754	10	18
IS	457	777504	777488	7	9
IS	458	772467	772448	9	10
IS	459	766860	766847	9	4
IS	460	762142	762124	5	13
IS	461	756299	756285	5	9
IS	462	754599	754585	2	12
IS	463	744507	744487	9	11
IS	464	739569	739554	6	9
IS	465	733700	733678	5	17
IS	466	726027	726012	7	8
IS	467	720078	720067	7	4
IS	468	716079	716060	3	16
IS	469	711442	711424	7	11
IS	470	705311	705297	5	9
IS	471	700290	700286	1	3
IS	472	696472	696459	8	5
IS	473	690465	690447	4	14
IS	474	678668	678642	6	20
IS	475	674565	674555	6	4
IS	476	669175	669162	4	9
IS	477	660920	660906	5	9
IS	478	656934	656916	6	12
IS	479	652373	652356	5	12
IS	480	647095	647074	6	15
IS	481	641372	641355	9	8
IS	482	636592	636570	11	11
IS	483	630058	630040	11	7
IS	484	623783	623772	4	7
IS	485	617442	617423	10	9
IS	486	612574	612537	8	29
IS	487	605580	605543	3	34
IS	488	600223	600194	12	17
IS	489	594215	594200	2	13
IS	490	589431	589413	6	12
IS	491	584921	584905	6	10
IS	492	578363	578341	9	13
IS	493	573273	573254	10	9
IS	494	567127	567111	8	8
IS	495	560393	560373	11	9
IS	496	554417	554405	6	6
IS	497	548402	548382	3	17
IS	498	543039	543026	7	6
IS	499	536269	536260	2	7
IS	500	532010	531996	7	7
IS	501	526501	526486	6	9
IS	502	519426	519419	2	5
IS	503	515783	515768	6	9
IS	504	509865	509846	12	7
IS	505	505107	505089	6	12
IS	506	500027	500014	5	8
IS	507	492705	492692	10	3
IS	508	488041	488031	8	2
IS	509	480205	480192	4	9
IS	510	471960	471943	9	8
IS	511	465484	465472	6	6
IS	512	460685	460659	10	16
IS	513	455094	455082	2	10
IS	514	448641	448636	1	4
IS	515	443482	443474	3	5
IS	516	438912	438907	2	3
IS	517	432339	432322	7	10
IS	518	428286	428279	3	4
IS	519	421714	421701	4	9
IS	520	415108	415096	3	9
IS	521	412958	412944	5	9
IS	522	406434	406419	7	8
IS	523	402272	402264	6	2
IS	524	397776	397771	3	2
IS	525	392572	392555	12	5
IS	526	386484	386476	2	6
IS	527	381010	381000	7	3
IS	528	374744	374736	6	2
IS	529	371497	371480	3	14
IS	530	366613	366598	8	7
IS	531	362265	362248	8	9
IS	532	357603	357588	4	11
IS	533	352683	352669	9	5
IS	534	348208	348202	3	3
IS	535	344046	344040	4	2
IS	536	339714	339710	1	3
IS	537	333996	333982	4	10
IS	538	327941	327931	2	8
IS	539	324857	324852	4	1
IS	540	319976	319970	3	3
IS	541	315657	315642	9	6
IS	542	310817	310806	8	3
IS	543	307442	307428	11	3
IS	544	302508	302499	2	7
IS	545	298856	298849	3	4
IS	546	293893	293876	7	10
IS	547	289862	289846	8	8
IS	548	286570	286566	0	4
IS	549	279847	279846	1	0
IS	550	275807	275794	5	8
IS	551	273104	273086	6	12
IS	552	268596	268587	6	3
IS	553	265103	265093	4	6
IS	554	261978	261968	4	6
IS	555	256658	256649	5	4
IS	556	253986	253982	1	3
IS	557	250456	250449	4	3
IS	558	246934	246919	9	6
IS	559	241705	241698	2	5
IS	560	238189	238173	11	5
IS	561	233540	233521	8	11
IS	562	231007	230996	3	8
IS	563	226606	226599	3	4
IS	564	224780	224763	10	7
IS	565	220591	220578	5	8
IS	566	217214	217207	3	4
IS	567	214204	214199	3	2
IS	568	210735	210724	7	4
IS	569	206692	206679	9	4
IS	570	203688	203674	7	7
IS	571	199353	199343	4	6
IS	572	195969	195959	7	3
IS	573	191597	191590	4	3
IS	574	189878	189860	6	12
IS	575	185499	185488	8	3
IS	576	183929	183917	6	6
IS	577	179541	179527	3	11
IS	578	176890	176883	2	5
IS	579	172991	172981	6	4
IS	580	170582	170568	4	10
IS	581	167357	167341	4	12
IS	582	165071	165062	4	5
IS	583	162353	162346	1	6
IS	584	159036	159025	6	5
IS	585	156587	156576	4	7
IS	586	154829	154814	4	11
IS	587	151920	151911	3	6
IS	588	148835	148827	3	5
IS	589	146047	146036	2	9
IS	590	143901	143883	11	7
IS	591	141551	141542	1	8
IS	592	139502	139493	2	7
IS	593	135712	135701	5	6
IS	594	134943	134938	3	2
IS	595	132637	132626	5	6
IS	596	128948	128933	6	9
IS	597	127059	127048	7	4
IS	598	124303	124286	11	6
IS	599	122874	122867	2	5
IS	600	120723	120712	8	3
IS	601	118469	118463	0	6
IS	602	116608	116600	4	4
IS	603	113947	113932	7	8
IS	604	111917	111906	7	4
IS	605	109910	109896	4	10
IS	606	108215	108209	3	3
IS	607	106750	106742	3	5
IS	608	104907	104895	3	9
IS	609	103110	103100	3	7
IS	610	100734	100723	3	8
IS	611	98365	98358	4	3
IS	612	97006	96999	2	5
IS	613	94911	94905	1	5
IS	614	93868	93861	1	6
IS	615	91832	91821	3	8
IS	616	90082	90074	3	5
IS	617	88458	88451	2	5
IS	618	87496	87491	4	1
IS	619	85274	85264	6	4
IS	620	83896	83890	4	2
IS	621	81659	81650	3	6
IS	622	79821	79814	4	3
IS	623	78478	78471	3	4
IS	624	76362	76353	4	5
IS	625	76062	76053	2	7
IS	626	73822	73816	2	4
IS	627	72829	72821	2	6
IS	628	71501	71496	2	3
IS	629	70455	70448	4	3
IS	630	68468	68459	2	7
IS	631	67630	67623	3	4
IS	632	65856	65846	1	9
IS	633	64470	64461	4	5
IS	634	63564	63558	1	5
IS	635	62747	62741	2	4
IS	636	61575	61566	4	5
IS	637	60177	60170	2	5
IS	638	58832	58823	4	5
IS	639	57697	57691	3	3
IS	640	56708	56698	5	5
IS	641	56102	56092	4	6
IS	642	54594	54578	2	14
IS	643	53912	53904	3	5
IS	644	52775	52764	5	6
IS	645	51667	51659	5	3
IS	646	50851	50845	3	3
IS	647	49307	49301	2	4
IS	648	48505	48488	6	11
IS	649	47895	47888	3	4
IS	650	47006	47000	2	4
IS	651	46131	46120	2	9
IS	652	45038	45028	3	7
IS	653	44116	44103	7	6
IS	654	43556	43542	3	11
IS	655	42802	42791	3	8
IS	656	41810	41805	3	2
IS	657	40593	40581	1	11
IS	658	40177	40171	3	3
IS	659	39216	39208	4	4
IS	660	38939	38930	4	5
IS	661	37671	37660	4	7
# Read lengths. Use `grep ^RL | cut -f 2-` to extract this part. The columns are: read length, count
RL	150	456316616
# Read lengths - first fragments. Use `grep ^FRL | cut -f 2-` to extract this part. The columns are: read length, count
FRL	150	228155129
# Read lengths - last fragments. Use `grep ^LRL | cut -f 2-` to extract this part. The columns are: read length, count
LRL	150	228161487
# Mapping qualities for reads !(UNMAP|SECOND|SUPPL|QCFAIL|DUP). Use `grep ^MAPQ | cut -f 2-` to extract this part. The columns are: mapq, count
MAPQ	0	30611457
MAPQ	1	289813
MAPQ	2	222707
MAPQ	3	298374
MAPQ	4	236099
MAPQ	5	222548
MAPQ	6	268657
MAPQ	7	290439
MAPQ	8	260257
MAPQ	9	316348
MAPQ	10	227650
MAPQ	11	229813
MAPQ	12	440247
MAPQ	13	450784
MAPQ	14	359650
MAPQ	15	345788
MAPQ	16	231278
MAPQ	17	252872
MAPQ	18	207874
MAPQ	19	238346
MAPQ	20	227327
MAPQ	21	225690
MAPQ	22	253535
MAPQ	23	155563
MAPQ	24	263366
MAPQ	25	353344
MAPQ	26	69579
MAPQ	27	791264
MAPQ	28	75931
MAPQ	29	70240
MAPQ	30	197826
MAPQ	31	115660
MAPQ	32	121513
MAPQ	33	155991
MAPQ	34	90884
MAPQ	35	92682
MAPQ	36	127799
MAPQ	37	140951
MAPQ	38	71802
MAPQ	39	297691
MAPQ	40	6565797
MAPQ	41	345272
MAPQ	42	240980
MAPQ	43	490396
MAPQ	44	360413
MAPQ	45	627956
MAPQ	46	699007
MAPQ	47	381173
MAPQ	48	1568500
MAPQ	49	156280
MAPQ	50	282006
MAPQ	51	173894
MAPQ	52	345476
MAPQ	53	113101
MAPQ	54	167301
MAPQ	55	172105
MAPQ	56	181052
MAPQ	57	602704
MAPQ	58	153417
MAPQ	59	423151
MAPQ	60	401238682
# Indel distribution. Use `grep ^ID | cut -f 2-` to extract this part. The columns are: length, number of insertions, number of deletions
ID	1	5650066	5516050
ID	2	1684742	1642804
ID	3	724727	699289
ID	4	608489	584315
ID	5	259836	249922
ID	6	236060	230980
ID	7	106628	101020
ID	8	114741	116002
ID	9	71306	72619
ID	10	69904	78525
ID	11	35044	45833
ID	12	50075	54747
ID	13	25787	27325
ID	14	28627	32002
ID	15	16961	18748
ID	16	20800	25382
ID	17	11647	12239
ID	18	13422	17249
ID	19	8337	9462
ID	20	8843	12420
ID	21	5821	7565
ID	22	7141	15840
ID	23	5259	20647
ID	24	4724	7145
ID	25	3122	4074
ID	26	3262	4861
ID	27	2238	2993
ID	28	2429	4011
ID	29	1571	2368
ID	30	1544	2698
ID	31	1010	1842
ID	32	1121	2078
ID	33	696	1378
ID	34	1051	1591
ID	35	543	1099
ID	36	575	1096
ID	37	298	832
ID	38	297	867
ID	39	234	579
ID	40	234	874
ID	41	170	577
ID	42	83	424
ID	43	50	457
ID	44	48	564
ID	45	23	892
ID	46	10	971
ID	47	3	246
ID	48	0	206
ID	49	0	144
ID	50	0	113
ID	51	0	183
ID	52	0	173
ID	53	0	146
ID	54	0	105
ID	55	0	88
ID	56	0	77
ID	57	0	63
ID	58	0	61
ID	59	0	59
ID	60	0	35
ID	61	0	34
ID	62	0	34
ID	63	0	39
ID	64	0	38
ID	65	0	12
ID	66	0	13
ID	68	0	2
ID	69	0	3
ID	70	0	7
# Indels per cycle. Use `grep ^IC | cut -f 2-` to extract this part. The columns are: cycle, number of insertions (fwd), .. (rev) , number of deletions (fwd), .. (rev)
IC	1	2	2	5	2
IC	2	0	7	3	4
IC	3	0	2	11570	13066
IC	4	12198	13172	14799	15777
IC	5	16576	16391	16843	17348
IC	6	18289	17669	18592	18767
IC	7	20412	19639	20578	20327
IC	8	21034	20708	23023	23460
IC	9	23424	23494	24541	25550
IC	10	24695	28939	26355	26222
IC	11	26030	25740	27197	27422
IC	12	27742	27173	27805	28036
IC	13	28095	28189	28889	29069
IC	14	29600	28945	29741	29991
IC	15	30815	30650	30946	31035
IC	16	32643	32147	31523	32077
IC	17	33775	33623	32699	32480
IC	18	33832	33681	33592	33677
IC	19	34412	34656	33909	33967
IC	20	35231	35460	34271	34158
IC	21	36595	36158	35047	35130
IC	22	35408	36704	35389	35504
IC	23	35876	37505	35443	35652
IC	24	36858	37784	35761	35858
IC	25	36875	37410	36195	36208
IC	26	36831	38545	36171	36599
IC	27	36635	38600	36276	36612
IC	28	37187	39203	36391	36669
IC	29	37187	39668	36560	37110
IC	30	37841	39832	36476	36573
IC	31	37189	39229	36253	36619
IC	32	37111	39657	36424	36769
IC	33	36758	39870	36548	36903
IC	34	37590	39448	36645	36937
IC	35	36922	39148	36630	36457
IC	36	37082	40042	36793	36963
IC	37	37298	39442	37178	36768
IC	38	37536	39843	36992	37245
IC	39	38681	39623	37008	37088
IC	40	37037	39819	36620	36774
IC	41	37509	40248	37134	37216
IC	42	37440	39696	36775	36817
IC	43	37211	40291	36917	36513
IC	44	37300	40303	37296	37023
IC	45	37128	40176	37193	36918
IC	46	37139	39335	37240	37215
IC	47	37338	39696	37125	37018
IC	48	37808	39840	36879	36926
IC	49	37135	39981	37265	37514
IC	50	37215	40437	37279	36938
IC	51	37262	40734	36997	36968
IC	52	37100	40046	37063	36509
IC	53	37331	40574	37084	36529
IC	54	37092	40223	37283	36905
IC	55	37377	40321	36979	36669
IC	56	37624	39831	36921	37007
IC	57	37567	39940	36751	36997
IC	58	36810	39930	37135	37067
IC	59	36825	40172	36981	36686
IC	60	36979	40281	37288	36675
IC	61	37308	40009	36863	37383
IC	62	36740	40263	37169	36947
IC	63	36843	40582	36652	37026
IC	64	36807	40507	37132	36763
IC	65	37345	40262	36967	36588
IC	66	36799	39920	37495	36230
IC	67	36693	40247	37231	37048
IC	68	36907	40154	36887	36353
IC	69	36769	40008	36927	36556
IC	70	37053	40221	37109	36835
IC	71	37003	40363	36777	36596
IC	72	36554	40078	36302	36573
IC	73	36701	40333	37021	36862
IC	74	36710	40785	37114	36652
IC	75	36771	40072	36563	36753
IC	76	36641	40603	36778	36185
IC	77	36530	39807	36851	36260
IC	78	37114	39869	36921	36359
IC	79	36269	39952	36800	36402
IC	80	36259	39864	36893	36241
IC	81	36638	39959	36666	36494
IC	82	36599	39810	36598	36025
IC	83	36684	39813	36594	36822
IC	84	35700	39734	37048	36467
IC	85	36570	39737	36321	36582
IC	86	36121	39477	36646	36433
IC	87	36103	39481	36227	35996
IC	88	36437	39035	36195	35928
IC	89	35702	39907	36513	35742
IC	90	36369	38970	36368	36024
IC	91	36103	39287	37011	36110
IC	92	35712	39287	36676	36242
IC	93	35745	38624	36854	35829
IC	94	35799	38610	36313	35853
IC	95	35660	39370	36429	36070
IC	96	35654	38300	35980	35770
IC	97	35704	38824	36261	35485
IC	98	35957	38179	35960	35806
IC	99	35520	38593	36262	35229
IC	100	36009	38397	35871	35943
IC	101	35518	38052	36062	35798
IC	102	35604	37910	35814	35104
IC	103	35020	38059	35902	35432
IC	104	34917	37515	35797	35061
IC	105	34867	37561	35987	35414
IC	106	35193	37417	35454	35053
IC	107	34807	37682	35677	35169
IC	108	34580	36859	35821	35305
IC	109	34959	36286	35476	34529
IC	110	34639	36578	35620	35027
IC	111	34603	36455	35354	35185
IC	112	33929	36097	34985	34478
IC	113	34253	36239	35501	34339
IC	114	33751	35075	35011	34416
IC	115	33572	35099	35367	34472
IC	116	33599	34843	34408	33857
IC	117	33297	34715	34155	33488
IC	118	33219	34032	34079	33457
IC	119	33542	33815	33982	33542
IC	120	32916	33918	33732	33374
IC	121	32432	33051	33666	33118
IC	122	32718	33653	33721	33052
IC	123	31975	36043	33191	33313
IC	124	31800	36997	33267	33428
IC	125	31658	32208	32923	32422
IC	126	31288	31523	32999	32011
IC	127	30499	32769	32659	31481
IC	128	30500	41743	31979	32457
IC	129	29918	29760	31635	31234
IC	130	29777	29315	31629	30368
IC	131	28921	28409	30671	30184
IC	132	28435	28371	30639	29252
IC	133	27476	27667	29707	28582
IC	134	26876	26590	28633	28230
IC	135	26421	25995	28246	27533
IC	136	25344	25410	27785	27047
IC	137	24861	24094	26445	25988
IC	138	23014	22439	25613	24713
IC	139	22109	21636	24655	24103
IC	140	20921	20588	23829	23173
IC	141	20007	19762	22684	22212
IC	142	18440	18280	21364	20943
IC	143	16579	16585	19384	18646
IC	144	14925	14260	18665	17903
IC	145	14348	14152	17243	16430
IC	146	11801	11903	15400	15432
IC	147	11870	12229	10544	11064
IC	148	0	1	0	1
IC	149	0	1	1	0
IC	150	0	1	0	0
# Coverage distribution. Use `grep ^COV | cut -f 2-` to extract this part.
COV	[1-1]	1	9090911
COV	[2-2]	2	8867017
COV	[3-3]	3	10458992
COV	[4-4]	4	12857582
COV	[5-5]	5	15560845
COV	[6-6]	6	18267718
COV	[7-7]	7	20773171
COV	[8-8]	8	23187493
COV	[9-9]	9	25781945
COV	[10-10]	10	29086196
COV	[11-11]	11	33435738
COV	[12-12]	12	39413470
COV	[13-13]	13	47202834
COV	[14-14]	14	56888047
COV	[15-15]	15	68267027
COV	[16-16]	16	80883556
COV	[17-17]	17	94124262
COV	[18-18]	18	107115936
COV	[19-19]	19	119187292
COV	[20-20]	20	129414950
COV	[21-21]	21	137300713
COV	[22-22]	22	142413794
COV	[23-23]	23	144487993
COV	[24-24]	24	143560094
COV	[25-25]	25	139717565
COV	[26-26]	26	133470704
COV	[27-27]	27	125173986
COV	[28-28]	28	115401104
COV	[29-29]	29	104562834
COV	[30-30]	30	93260432
COV	[31-31]	31	81920988
COV	[32-32]	32	70985513
COV	[33-33]	33	60651045
COV	[34-34]	34	51177687
COV	[35-35]	35	42615996
COV	[36-36]	36	35060024
COV	[37-37]	37	28531378
COV	[38-38]	38	23014800
COV	[39-39]	39	18364315
COV	[40-40]	40	14518255
COV	[41-41]	41	11401479
COV	[42-42]	42	8884983
COV	[43-43]	43	6886033
COV	[44-44]	44	5314818
COV	[45-45]	45	4084797
COV	[46-46]	46	3139619
COV	[47-47]	47	2419449
COV	[48-48]	48	1868573
COV	[49-49]	49	1448331
COV	[50-50]	50	1132488
COV	[51-51]	51	893545
COV	[52-52]	52	720272
COV	[53-53]	53	587421
COV	[54-54]	54	487624
COV	[55-55]	55	410210
COV	[56-56]	56	355612
COV	[57-57]	57	310963
COV	[58-58]	58	277109
COV	[59-59]	59	248809
COV	[60-60]	60	226490
COV	[61-61]	61	210725
COV	[62-62]	62	194684
COV	[63-63]	63	181364
COV	[64-64]	64	171274
COV	[65-65]	65	162632
COV	[66-66]	66	154182
COV	[67-67]	67	147083
COV	[68-68]	68	139335
COV	[69-69]	69	133365
COV	[70-70]	70	126746
COV	[71-71]	71	121527
COV	[72-72]	72	117623
COV	[73-73]	73	112385
COV	[74-74]	74	108807
COV	[75-75]	75	105807
COV	[76-76]	76	102090
COV	[77-77]	77	98543
COV	[78-78]	78	95653
COV	[79-79]	79	91471
COV	[80-80]	80	88657
COV	[81-81]	81	86002
COV	[82-82]	82	83238
COV	[83-83]	83	80459
COV	[84-84]	84	78985
COV	[85-85]	85	76113
COV	[86-86]	86	73094
COV	[87-87]	87	71888
COV	[88-88]	88	70453
COV	[89-89]	89	68398
COV	[90-90]	90	66951
COV	[91-91]	91	65259
COV	[92-92]	92	63609
COV	[93-93]	93	61885
COV	[94-94]	94	60897
COV	[95-95]	95	59431
COV	[96-96]	96	57188
COV	[97-97]	97	56220
COV	[98-98]	98	54353
COV	[99-99]	99	53440
COV	[100-100]	100	52061
COV	[101-101]	101	51190
COV	[102-102]	102	49562
COV	[103-103]	103	48540
COV	[104-104]	104	46679
COV	[105-105]	105	45854
COV	[106-106]	106	44027
COV	[107-107]	107	42964
COV	[108-108]	108	42043
COV	[109-109]	109	40167
COV	[110-110]	110	39343
COV	[111-111]	111	38198
COV	[112-112]	112	37514
COV	[113-113]	113	36050
COV	[114-114]	114	34925
COV	[115-115]	115	34500
COV	[116-116]	116	32617
COV	[117-117]	117	32319
COV	[118-118]	118	31432
COV	[119-119]	119	30283
COV	[120-120]	120	29538
COV	[121-121]	121	28950
COV	[122-122]	122	28189
COV	[123-123]	123	27364
COV	[124-124]	124	26500
COV	[125-125]	125	26527
COV	[126-126]	126	25888
COV	[127-127]	127	25257
COV	[128-128]	128	24686
COV	[129-129]	129	24131
COV	[130-130]	130	23357
COV	[131-131]	131	22995
COV	[132-132]	132	22524
COV	[133-133]	133	21986
COV	[134-134]	134	22148
COV	[135-135]	135	21546
COV	[136-136]	136	21659
COV	[137-137]	137	20827
COV	[138-138]	138	20797
COV	[139-139]	139	20130
COV	[140-140]	140	20246
COV	[141-141]	141	19887
COV	[142-142]	142	19774
COV	[143-143]	143	19695
COV	[144-144]	144	19683
COV	[145-145]	145	19269
COV	[146-146]	146	19081
COV	[147-147]	147	18801
COV	[148-148]	148	18622
COV	[149-149]	149	18498
COV	[150-150]	150	18069
COV	[151-151]	151	18026
COV	[152-152]	152	17810
COV	[153-153]	153	17762
COV	[154-154]	154	17301
COV	[155-155]	155	17372
COV	[156-156]	156	17548
COV	[157-157]	157	17632
COV	[158-158]	158	17031
COV	[159-159]	159	17180
COV	[160-160]	160	17004
COV	[161-161]	161	16758
COV	[162-162]	162	16662
COV	[163-163]	163	16576
COV	[164-164]	164	16380
COV	[165-165]	165	16083
COV	[166-166]	166	15811
COV	[167-167]	167	15795
COV	[168-168]	168	15522
COV	[169-169]	169	15619
COV	[170-170]	170	15341
COV	[171-171]	171	15663
COV	[172-172]	172	15274
COV	[173-173]	173	15198
COV	[174-174]	174	14905
COV	[175-175]	175	14638
COV	[176-176]	176	14624
COV	[177-177]	177	14748
COV	[178-178]	178	14532
COV	[179-179]	179	14239
COV	[180-180]	180	14153
COV	[181-181]	181	14487
COV	[182-182]	182	14406
COV	[183-183]	183	14273
COV	[184-184]	184	13991
COV	[185-185]	185	14070
COV	[186-186]	186	14201
COV	[187-187]	187	13995
COV	[188-188]	188	13791
COV	[189-189]	189	13710
COV	[190-190]	190	13475
COV	[191-191]	191	13265
COV	[192-192]	192	13318
COV	[193-193]	193	13158
COV	[194-194]	194	12850
COV	[195-195]	195	12649
COV	[196-196]	196	12531
COV	[197-197]	197	12302
COV	[198-198]	198	12378
COV	[199-199]	199	12373
COV	[200-200]	200	12160
COV	[201-201]	201	12222
COV	[202-202]	202	12034
COV	[203-203]	203	11921
COV	[204-204]	204	11808
COV	[205-205]	205	11550
COV	[206-206]	206	11453
COV	[207-207]	207	11470
COV	[208-208]	208	11286
COV	[209-209]	209	11172
COV	[210-210]	210	11318
COV	[211-211]	211	11173
COV	[212-212]	212	10946
COV	[213-213]	213	10970
COV	[214-214]	214	10935
COV	[215-215]	215	10755
COV	[216-216]	216	10574
COV	[217-217]	217	10245
COV	[218-218]	218	10410
COV	[219-219]	219	10153
COV	[220-220]	220	10260
COV	[221-221]	221	10047
COV	[222-222]	222	10166
COV	[223-223]	223	10013
COV	[224-224]	224	9939
COV	[225-225]	225	10099
COV	[226-226]	226	9877
COV	[227-227]	227	9929
COV	[228-228]	228	9690
COV	[229-229]	229	9565
COV	[230-230]	230	9202
COV	[231-231]	231	9413
COV	[232-232]	232	8939
COV	[233-233]	233	8992
COV	[234-234]	234	8986
COV	[235-235]	235	8724
COV	[236-236]	236	8620
COV	[237-237]	237	8742
COV	[238-238]	238	8800
COV	[239-239]	239	8558
COV	[240-240]	240	8701
COV	[241-241]	241	8413
COV	[242-242]	242	8395
COV	[243-243]	243	8561
COV	[244-244]	244	8424
COV	[245-245]	245	8333
COV	[246-246]	246	8241
COV	[247-247]	247	8086
COV	[248-248]	248	8100
COV	[249-249]	249	7992
COV	[250-250]	250	7999
COV	[251-251]	251	7619
COV	[252-252]	252	7750
COV	[253-253]	253	7780
COV	[254-254]	254	7481
COV	[255-255]	255	7404
COV	[256-256]	256	7393
COV	[257-257]	257	7483
COV	[258-258]	258	7394
COV	[259-259]	259	7388
COV	[260-260]	260	7262
COV	[261-261]	261	7266
COV	[262-262]	262	7174
COV	[263-263]	263	7270
COV	[264-264]	264	6966
COV	[265-265]	265	6991
COV	[266-266]	266	7033
COV	[267-267]	267	6960
COV	[268-268]	268	6850
COV	[269-269]	269	6765
COV	[270-270]	270	6824
COV	[271-271]	271	6385
COV	[272-272]	272	6632
COV	[273-273]	273	6521
COV	[274-274]	274	6422
COV	[275-275]	275	6183
COV	[276-276]	276	6297
COV	[277-277]	277	6134
COV	[278-278]	278	6307
COV	[279-279]	279	6211
COV	[280-280]	280	6196
COV	[281-281]	281	6149
COV	[282-282]	282	5935
COV	[283-283]	283	5781
COV	[284-284]	284	5912
COV	[285-285]	285	5823
COV	[286-286]	286	5744
COV	[287-287]	287	5864
COV	[288-288]	288	5806
COV	[289-289]	289	5685
COV	[290-290]	290	5623
COV	[291-291]	291	5633
COV	[292-292]	292	5700
COV	[293-293]	293	5573
COV	[294-294]	294	5456
COV	[295-295]	295	5349
COV	[296-296]	296	5416
COV	[297-297]	297	5437
COV	[298-298]	298	5459
COV	[299-299]	299	5236
COV	[300-300]	300	5367
COV	[301-301]	301	5222
COV	[302-302]	302	5264
COV	[303-303]	303	5350
COV	[304-304]	304	5118
COV	[305-305]	305	5087
COV	[306-306]	306	5011
COV	[307-307]	307	4998
COV	[308-308]	308	4957
COV	[309-309]	309	4981
COV	[310-310]	310	4997
COV	[311-311]	311	5179
COV	[312-312]	312	5015
COV	[313-313]	313	5039
COV	[314-314]	314	5192
COV	[315-315]	315	4978
COV	[316-316]	316	4972
COV	[317-317]	317	4986
COV	[318-318]	318	4862
COV	[319-319]	319	4911
COV	[320-320]	320	5056
COV	[321-321]	321	4766
COV	[322-322]	322	4816
COV	[323-323]	323	4840
COV	[324-324]	324	4861
COV	[325-325]	325	4754
COV	[326-326]	326	4871
COV	[327-327]	327	4724
COV	[328-328]	328	4674
COV	[329-329]	329	4716
COV	[330-330]	330	4632
COV	[331-331]	331	4654
COV	[332-332]	332	4586
COV	[333-333]	333	4578
COV	[334-334]	334	4655
COV	[335-335]	335	4530
COV	[336-336]	336	4673
COV	[337-337]	337	4670
COV	[338-338]	338	4626
COV	[339-339]	339	4625
COV	[340-340]	340	4600
COV	[341-341]	341	4637
COV	[342-342]	342	4539
COV	[343-343]	343	4467
COV	[344-344]	344	4372
COV	[345-345]	345	4441
COV	[346-346]	346	4486
COV	[347-347]	347	4261
COV	[348-348]	348	4312
COV	[349-349]	349	4335
COV	[350-350]	350	4131
COV	[351-351]	351	4239
COV	[352-352]	352	4325
COV	[353-353]	353	4126
COV	[354-354]	354	4189
COV	[355-355]	355	4045
COV	[356-356]	356	4200
COV	[357-357]	357	4194
COV	[358-358]	358	4144
COV	[359-359]	359	4061
COV	[360-360]	360	4130
COV	[361-361]	361	4104
COV	[362-362]	362	4159
COV	[363-363]	363	4129
COV	[364-364]	364	4154
COV	[365-365]	365	4099
COV	[366-366]	366	3989
COV	[367-367]	367	3900
COV	[368-368]	368	3983
COV	[369-369]	369	4064
COV	[370-370]	370	4084
COV	[371-371]	371	3954
COV	[372-372]	372	3889
COV	[373-373]	373	3886
COV	[374-374]	374	3793
COV	[375-375]	375	3827
COV	[376-376]	376	3900
COV	[377-377]	377	3814
COV	[378-378]	378	3862
COV	[379-379]	379	3891
COV	[380-380]	380	3743
COV	[381-381]	381	3610
COV	[382-382]	382	3728
COV	[383-383]	383	3657
COV	[384-384]	384	3687
COV	[385-385]	385	3682
COV	[386-386]	386	3589
COV	[387-387]	387	3602
COV	[388-388]	388	3534
COV	[389-389]	389	3562
COV	[390-390]	390	3555
COV	[391-391]	391	3614
COV	[392-392]	392	3472
COV	[393-393]	393	3528
COV	[394-394]	394	3502
COV	[395-395]	395	3391
COV	[396-396]	396	3309
COV	[397-397]	397	3377
COV	[398-398]	398	3318
COV	[399-399]	399	3398
COV	[400-400]	400	3286
COV	[401-401]	401	3317
COV	[402-402]	402	3400
COV	[403-403]	403	3359
COV	[404-404]	404	3426
COV	[405-405]	405	3372
COV	[406-406]	406	3304
COV	[407-407]	407	3235
COV	[408-408]	408	3282
COV	[409-409]	409	3327
COV	[410-410]	410	3319
COV	[411-411]	411	3361
COV	[412-412]	412	3280
COV	[413-413]	413	3351
COV	[414-414]	414	3394
COV	[415-415]	415	3356
COV	[416-416]	416	3339
COV	[417-417]	417	3384
COV	[418-418]	418	3423
COV	[419-419]	419	3327
COV	[420-420]	420	3298
COV	[421-421]	421	3298
COV	[422-422]	422	3293
COV	[423-423]	423	3274
COV	[424-424]	424	3329
COV	[425-425]	425	3374
COV	[426-426]	426	3205
COV	[427-427]	427	3370
COV	[428-428]	428	3432
COV	[429-429]	429	3266
COV	[430-430]	430	3241
COV	[431-431]	431	3267
COV	[432-432]	432	3299
COV	[433-433]	433	3407
COV	[434-434]	434	3357
COV	[435-435]	435	3272
COV	[436-436]	436	3247
COV	[437-437]	437	3375
COV	[438-438]	438	3224
COV	[439-439]	439	3227
COV	[440-440]	440	3240
COV	[441-441]	441	3255
COV	[442-442]	442	3233
COV	[443-443]	443	3179
COV	[444-444]	444	3174
COV	[445-445]	445	3117
COV	[446-446]	446	2965
COV	[447-447]	447	3083
COV	[448-448]	448	3119
COV	[449-449]	449	3130
COV	[450-450]	450	3192
COV	[451-451]	451	3110
COV	[452-452]	452	2994
COV	[453-453]	453	2982
COV	[454-454]	454	3070
COV	[455-455]	455	3014
COV	[456-456]	456	2954
COV	[457-457]	457	2876
COV	[458-458]	458	2905
COV	[459-459]	459	2851
COV	[460-460]	460	3030
COV	[461-461]	461	2917
COV	[462-462]	462	2948
COV	[463-463]	463	3071
COV	[464-464]	464	2994
COV	[465-465]	465	2985
COV	[466-466]	466	2981
COV	[467-467]	467	2949
COV	[468-468]	468	2981
COV	[469-469]	469	2891
COV	[470-470]	470	2971
COV	[471-471]	471	2931
COV	[472-472]	472	2857
COV	[473-473]	473	2875
COV	[474-474]	474	2877
COV	[475-475]	475	2898
COV	[476-476]	476	2825
COV	[477-477]	477	2838
COV	[478-478]	478	2850
COV	[479-479]	479	2833
COV	[480-480]	480	2881
COV	[481-481]	481	2877
COV	[482-482]	482	2731
COV	[483-483]	483	2746
COV	[484-484]	484	2866
COV	[485-485]	485	2852
COV	[486-486]	486	2736
COV	[487-487]	487	2889
COV	[488-488]	488	2883
COV	[489-489]	489	2881
COV	[490-490]	490	2788
COV	[491-491]	491	2763
COV	[492-492]	492	2752
COV	[493-493]	493	2783
COV	[494-494]	494	2814
COV	[495-495]	495	2754
COV	[496-496]	496	2649
COV	[497-497]	497	2731
COV	[498-498]	498	2642
COV	[499-499]	499	2720
COV	[500-500]	500	2643
COV	[501-501]	501	2580
COV	[502-502]	502	2579
COV	[503-503]	503	2641
COV	[504-504]	504	2653
COV	[505-505]	505	2488
COV	[506-506]	506	2682
COV	[507-507]	507	2607
COV	[508-508]	508	2674
COV	[509-509]	509	2683
COV	[510-510]	510	2673
COV	[511-511]	511	2633
COV	[512-512]	512	2716
COV	[513-513]	513	2742
COV	[514-514]	514	2707
COV	[515-515]	515	2625
COV	[516-516]	516	2649
COV	[517-517]	517	2643
COV	[518-518]	518	2518
COV	[519-519]	519	2526
COV	[520-520]	520	2635
COV	[521-521]	521	2544
COV	[522-522]	522	2586
COV	[523-523]	523	2523
COV	[524-524]	524	2497
COV	[525-525]	525	2458
COV	[526-526]	526	2471
COV	[527-527]	527	2502
COV	[528-528]	528	2469
COV	[529-529]	529	2407
COV	[530-530]	530	2471
COV	[531-531]	531	2489
COV	[532-532]	532	2435
COV	[533-533]	533	2484
COV	[534-534]	534	2405
COV	[535-535]	535	2376
COV	[536-536]	536	2392
COV	[537-537]	537	2289
COV	[538-538]	538	2270
COV	[539-539]	539	2345
COV	[540-540]	540	2417
COV	[541-541]	541	2388
COV	[542-542]	542	2268
COV	[543-543]	543	2331
COV	[544-544]	544	2352
COV	[545-545]	545	2271
COV	[546-546]	546	2240
COV	[547-547]	547	2269
COV	[548-548]	548	2320
COV	[549-549]	549	2317
COV	[550-550]	550	2286
COV	[551-551]	551	2300
COV	[552-552]	552	2230
COV	[553-553]	553	2257
COV	[554-554]	554	2277
COV	[555-555]	555	2218
COV	[556-556]	556	2228
COV	[557-557]	557	2239
COV	[558-558]	558	2119
COV	[559-559]	559	2169
COV	[560-560]	560	2216
COV	[561-561]	561	2145
COV	[562-562]	562	2162
COV	[563-563]	563	2070
COV	[564-564]	564	2116
COV	[565-565]	565	2082
COV	[566-566]	566	2129
COV	[567-567]	567	2170
COV	[568-568]	568	2069
COV	[569-569]	569	2189
COV	[570-570]	570	2136
COV	[571-571]	571	2159
COV	[572-572]	572	2069
COV	[573-573]	573	2134
COV	[574-574]	574	2065
COV	[575-575]	575	2122
COV	[576-576]	576	2015
COV	[577-577]	577	2028
COV	[578-578]	578	1950
COV	[579-579]	579	2006
COV	[580-580]	580	1963
COV	[581-581]	581	2052
COV	[582-582]	582	2030
COV	[583-583]	583	1953
COV	[584-584]	584	2032
COV	[585-585]	585	2027
COV	[586-586]	586	2047
COV	[587-587]	587	1940
COV	[588-588]	588	1958
COV	[589-589]	589	1953
COV	[590-590]	590	1966
COV	[591-591]	591	1825
COV	[592-592]	592	1940
COV	[593-593]	593	1964
COV	[594-594]	594	1858
COV	[595-595]	595	1963
COV	[596-596]	596	1920
COV	[597-597]	597	1862
COV	[598-598]	598	1871
COV	[599-599]	599	1882
COV	[600-600]	600	1916
COV	[601-601]	601	1890
COV	[602-602]	602	1910
COV	[603-603]	603	1841
COV	[604-604]	604	1929
COV	[605-605]	605	1871
COV	[606-606]	606	1833
COV	[607-607]	607	1814
COV	[608-608]	608	1852
COV	[609-609]	609	1897
COV	[610-610]	610	1811
COV	[611-611]	611	1907
COV	[612-612]	612	1803
COV	[613-613]	613	1805
COV	[614-614]	614	1770
COV	[615-615]	615	1824
COV	[616-616]	616	1782
COV	[617-617]	617	1768
COV	[618-618]	618	1805
COV	[619-619]	619	1788
COV	[620-620]	620	1741
COV	[621-621]	621	1734
COV	[622-622]	622	1731
COV	[623-623]	623	1756
COV	[624-624]	624	1782
COV	[625-625]	625	1756
COV	[626-626]	626	1722
COV	[627-627]	627	1705
COV	[628-628]	628	1675
COV	[629-629]	629	1688
COV	[630-630]	630	1637
COV	[631-631]	631	1685
COV	[632-632]	632	1680
COV	[633-633]	633	1699
COV	[634-634]	634	1625
COV	[635-635]	635	1632
COV	[636-636]	636	1709
COV	[637-637]	637	1761
COV	[638-638]	638	1689
COV	[639-639]	639	1641
COV	[640-640]	640	1637
COV	[641-641]	641	1658
COV	[642-642]	642	1689
COV	[643-643]	643	1640
COV	[644-644]	644	1744
COV	[645-645]	645	1739
COV	[646-646]	646	1657
COV	[647-647]	647	1655
COV	[648-648]	648	1634
COV	[649-649]	649	1656
COV	[650-650]	650	1671
COV	[651-651]	651	1625
COV	[652-652]	652	1582
COV	[653-653]	653	1566
COV	[654-654]	654	1650
COV	[655-655]	655	1669
COV	[656-656]	656	1682
COV	[657-657]	657	1566
COV	[658-658]	658	1646
COV	[659-659]	659	1667
COV	[660-660]	660	1646
COV	[661-661]	661	1623
COV	[662-662]	662	1520
COV	[663-663]	663	1637
COV	[664-664]	664	1618
COV	[665-665]	665	1621
COV	[666-666]	666	1545
COV	[667-667]	667	1604
COV	[668-668]	668	1528
COV	[669-669]	669	1651
COV	[670-670]	670	1649
COV	[671-671]	671	1623
COV	[672-672]	672	1623
COV	[673-673]	673	1593
COV	[674-674]	674	1522
COV	[675-675]	675	1566
COV	[676-676]	676	1542
COV	[677-677]	677	1636
COV	[678-678]	678	1552
COV	[679-679]	679	1593
COV	[680-680]	680	1545
COV	[681-681]	681	1495
COV	[682-682]	682	1519
COV	[683-683]	683	1562
COV	[684-684]	684	1486
COV	[685-685]	685	1613
COV	[686-686]	686	1556
COV	[687-687]	687	1611
COV	[688-688]	688	1582
COV	[689-689]	689	1578
COV	[690-690]	690	1533
COV	[691-691]	691	1483
COV	[692-692]	692	1581
COV	[693-693]	693	1557
COV	[694-694]	694	1497
COV	[695-695]	695	1558
COV	[696-696]	696	1543
COV	[697-697]	697	1595
COV	[698-698]	698	1489
COV	[699-699]	699	1455
COV	[700-700]	700	1553
COV	[701-701]	701	1479
COV	[702-702]	702	1470
COV	[703-703]	703	1531
COV	[704-704]	704	1538
COV	[705-705]	705	1574
COV	[706-706]	706	1693
COV	[707-707]	707	1637
COV	[708-708]	708	1602
COV	[709-709]	709	1577
COV	[710-710]	710	1604
COV	[711-711]	711	1618
COV	[712-712]	712	1532
COV	[713-713]	713	1603
COV	[714-714]	714	1529
COV	[715-715]	715	1576
COV	[716-716]	716	1549
COV	[717-717]	717	1547
COV	[718-718]	718	1522
COV	[719-719]	719	1448
COV	[720-720]	720	1512
COV	[721-721]	721	1489
COV	[722-722]	722	1544
COV	[723-723]	723	1556
COV	[724-724]	724	1542
COV	[725-725]	725	1610
COV	[726-726]	726	1460
COV	[727-727]	727	1558
COV	[728-728]	728	1620
COV	[729-729]	729	1534
COV	[730-730]	730	1564
COV	[731-731]	731	1522
COV	[732-732]	732	1568
COV	[733-733]	733	1605
COV	[734-734]	734	1551
COV	[735-735]	735	1563
COV	[736-736]	736	1510
COV	[737-737]	737	1519
COV	[738-738]	738	1514
COV	[739-739]	739	1544
COV	[740-740]	740	1601
COV	[741-741]	741	1652
COV	[742-742]	742	1590
COV	[743-743]	743	1583
COV	[744-744]	744	1568
COV	[745-745]	745	1565
COV	[746-746]	746	1538
COV	[747-747]	747	1500
COV	[748-748]	748	1564
COV	[749-749]	749	1572
COV	[750-750]	750	1647
COV	[751-751]	751	1541
COV	[752-752]	752	1517
COV	[753-753]	753	1639
COV	[754-754]	754	1553
COV	[755-755]	755	1604
COV	[756-756]	756	1546
COV	[757-757]	757	1537
COV	[758-758]	758	1507
COV	[759-759]	759	1573
COV	[760-760]	760	1486
COV	[761-761]	761	1479
COV	[762-762]	762	1488
COV	[763-763]	763	1455
COV	[764-764]	764	1518
COV	[765-765]	765	1481
COV	[766-766]	766	1473
COV	[767-767]	767	1420
COV	[768-768]	768	1414
COV	[769-769]	769	1483
COV	[770-770]	770	1431
COV	[771-771]	771	1407
COV	[772-772]	772	1406
COV	[773-773]	773	1464
COV	[774-774]	774	1474
COV	[775-775]	775	1479
COV	[776-776]	776	1401
COV	[777-777]	777	1471
COV	[778-778]	778	1347
COV	[779-779]	779	1355
COV	[780-780]	780	1435
COV	[781-781]	781	1489
COV	[782-782]	782	1398
COV	[783-783]	783	1507
COV	[784-784]	784	1458
COV	[785-785]	785	1419
COV	[786-786]	786	1414
COV	[787-787]	787	1430
COV	[788-788]	788	1506
COV	[789-789]	789	1411
COV	[790-790]	790	1329
COV	[791-791]	791	1397
COV	[792-792]	792	1401
COV	[793-793]	793	1401
COV	[794-794]	794	1429
COV	[795-795]	795	1367
COV	[796-796]	796	1363
COV	[797-797]	797	1434
COV	[798-798]	798	1395
COV	[799-799]	799	1449
COV	[800-800]	800	1404
COV	[801-801]	801	1443
COV	[802-802]	802	1455
COV	[803-803]	803	1391
COV	[804-804]	804	1356
COV	[805-805]	805	1365
COV	[806-806]	806	1308
COV	[807-807]	807	1311
COV	[808-808]	808	1356
COV	[809-809]	809	1401
COV	[810-810]	810	1304
COV	[811-811]	811	1348
COV	[812-812]	812	1416
COV	[813-813]	813	1307
COV	[814-814]	814	1366
COV	[815-815]	815	1355
COV	[816-816]	816	1349
COV	[817-817]	817	1337
COV	[818-818]	818	1310
COV	[819-819]	819	1304
COV	[820-820]	820	1264
COV	[821-821]	821	1311
COV	[822-822]	822	1188
COV	[823-823]	823	1262
COV	[824-824]	824	1311
COV	[825-825]	825	1295
COV	[826-826]	826	1274
COV	[827-827]	827	1267
COV	[828-828]	828	1208
COV	[829-829]	829	1270
COV	[830-830]	830	1250
COV	[831-831]	831	1278
COV	[832-832]	832	1280
COV	[833-833]	833	1247
COV	[834-834]	834	1209
COV	[835-835]	835	1203
COV	[836-836]	836	1220
COV	[837-837]	837	1186
COV	[838-838]	838	1269
COV	[839-839]	839	1241
COV	[840-840]	840	1188
COV	[841-841]	841	1234
COV	[842-842]	842	1176
COV	[843-843]	843	1222
COV	[844-844]	844	1174
COV	[845-845]	845	1177
COV	[846-846]	846	1183
COV	[847-847]	847	1189
COV	[848-848]	848	1206
COV	[849-849]	849	1182
COV	[850-850]	850	1188
COV	[851-851]	851	1122
COV	[852-852]	852	1208
COV	[853-853]	853	1172
COV	[854-854]	854	1252
COV	[855-855]	855	1173
COV	[856-856]	856	1192
COV	[857-857]	857	1194
COV	[858-858]	858	1132
COV	[859-859]	859	1236
COV	[860-860]	860	1183
COV	[861-861]	861	1168
COV	[862-862]	862	1182
COV	[863-863]	863	1188
COV	[864-864]	864	1150
COV	[865-865]	865	1188
COV	[866-866]	866	1145
COV	[867-867]	867	1105
COV	[868-868]	868	1129
COV	[869-869]	869	1091
COV	[870-870]	870	1122
COV	[871-871]	871	1123
COV	[872-872]	872	1130
COV	[873-873]	873	1109
COV	[874-874]	874	1137
COV	[875-875]	875	1149
COV	[876-876]	876	1156
COV	[877-877]	877	1150
COV	[878-878]	878	1143
COV	[879-879]	879	1171
COV	[880-880]	880	1153
COV	[881-881]	881	1167
COV	[882-882]	882	1080
COV	[883-883]	883	1133
COV	[884-884]	884	1100
COV	[885-885]	885	1101
COV	[886-886]	886	1062
COV	[887-887]	887	1120
COV	[888-888]	888	1101
COV	[889-889]	889	1075
COV	[890-890]	890	1076
COV	[891-891]	891	1047
COV	[892-892]	892	942
COV	[893-893]	893	1010
COV	[894-894]	894	1038
COV	[895-895]	895	1047
COV	[896-896]	896	1074
COV	[897-897]	897	1058
COV	[898-898]	898	1028
COV	[899-899]	899	1148
COV	[900-900]	900	1137
COV	[901-901]	901	1068
COV	[902-902]	902	1058
COV	[903-903]	903	1076
COV	[904-904]	904	1019
COV	[905-905]	905	1042
COV	[906-906]	906	1035
COV	[907-907]	907	1056
COV	[908-908]	908	1037
COV	[909-909]	909	1061
COV	[910-910]	910	1079
COV	[911-911]	911	1142
COV	[912-912]	912	1038
COV	[913-913]	913	1098
COV	[914-914]	914	1100
COV	[915-915]	915	1051
COV	[916-916]	916	1147
COV	[917-917]	917	1123
COV	[918-918]	918	1161
COV	[919-919]	919	1134
COV	[920-920]	920	1061
COV	[921-921]	921	1090
COV	[922-922]	922	1119
COV	[923-923]	923	1078
COV	[924-924]	924	1050
COV	[925-925]	925	1119
COV	[926-926]	926	1043
COV	[927-927]	927	1034
COV	[928-928]	928	1046
COV	[929-929]	929	1041
COV	[930-930]	930	1049
COV	[931-931]	931	1064
COV	[932-932]	932	1095
COV	[933-933]	933	1051
COV	[934-934]	934	1033
COV	[935-935]	935	1049
COV	[936-936]	936	1077
COV	[937-937]	937	1082
COV	[938-938]	938	1041
COV	[939-939]	939	1063
COV	[940-940]	940	1118
COV	[941-941]	941	1080
COV	[942-942]	942	971
COV	[943-943]	943	1101
COV	[944-944]	944	1019
COV	[945-945]	945	1020
COV	[946-946]	946	974
COV	[947-947]	947	985
COV	[948-948]	948	1029
COV	[949-949]	949	1007
COV	[950-950]	950	976
COV	[951-951]	951	961
COV	[952-952]	952	962
COV	[953-953]	953	998
COV	[954-954]	954	1028
COV	[955-955]	955	992
COV	[956-956]	956	1055
COV	[957-957]	957	1027
COV	[958-958]	958	947
COV	[959-959]	959	1024
COV	[960-960]	960	982
COV	[961-961]	961	971
COV	[962-962]	962	989
COV	[963-963]	963	972
COV	[964-964]	964	1046
COV	[965-965]	965	971
COV	[966-966]	966	932
COV	[967-967]	967	984
COV	[968-968]	968	1038
COV	[969-969]	969	1014
COV	[970-970]	970	981
COV	[971-971]	971	1019
COV	[972-972]	972	995
COV	[973-973]	973	989
COV	[974-974]	974	1021
COV	[975-975]	975	953
COV	[976-976]	976	1026
COV	[977-977]	977	1005
COV	[978-978]	978	1016
COV	[979-979]	979	1013
COV	[980-980]	980	957
COV	[981-981]	981	1020
COV	[982-982]	982	943
COV	[983-983]	983	926
COV	[984-984]	984	1080
COV	[985-985]	985	990
COV	[986-986]	986	952
COV	[987-987]	987	1016
COV	[988-988]	988	988
COV	[989-989]	989	1000
COV	[990-990]	990	948
COV	[991-991]	991	913
COV	[992-992]	992	999
COV	[993-993]	993	958
COV	[994-994]	994	925
COV	[995-995]	995	955
COV	[996-996]	996	926
COV	[997-997]	997	959
COV	[998-998]	998	948
COV	[999-999]	999	1003
COV	[1000-1000]	1000	1000
COV	[1000<]	1000	1128122
# GC-depth. Use `grep ^GCD | cut -f 2-` to extract this part. The columns are: GC%, unique sequence percentiles, 10th, 25th, 50th, 75th and 90th depth percentile
GCD	0.0	0.032	0.007	0.007	0.007	0.015	0.038
GCD	3.0	0.033	0.030	0.030	0.030	0.030	0.030
GCD	5.0	0.034	0.060	0.060	0.131	0.203	0.203
GCD	6.0	0.035	0.127	0.127	0.191	0.255	0.255
GCD	7.0	0.038	0.112	0.112	0.120	0.203	0.203
GCD	8.0	0.040	0.015	0.015	0.023	0.083	0.083
GCD	9.0	0.042	0.015	0.015	0.038	0.780	0.780
GCD	10.0	0.048	0.015	0.019	0.068	0.229	0.675
GCD	11.0	0.054	0.007	0.038	0.090	1.095	6.202
GCD	12.0	0.059	0.015	0.015	0.765	2.693	2543.333
GCD	13.0	0.064	0.007	0.019	0.071	0.248	0.720
GCD	14.0	0.072	0.015	0.030	0.083	0.255	487.023
GCD	15.0	0.078	0.007	0.019	0.218	1.245	1.350
GCD	16.0	0.084	0.007	0.019	0.086	16.020	435.203
GCD	17.0	0.088	0.007	0.007	0.075	126.257	351.082
GCD	18.0	0.095	0.023	0.034	0.075	0.176	93.022
GCD	19.0	0.101	0.007	0.009	0.056	28.479	53.535
GCD	20.0	0.108	0.007	0.013	0.049	6.219	200.260
GCD	21.0	0.116	0.007	0.007	0.068	5.153	26.231
GCD	22.0	0.121	0.007	0.023	0.060	0.240	3.630
GCD	23.0	0.128	0.007	0.013	0.086	3.021	57.451
GCD	24.0	0.142	0.007	0.030	0.225	0.583	32.624
GCD	25.0	0.156	0.007	0.015	0.135	16.860	47.910
GCD	26.0	0.163	0.007	0.011	0.127	0.548	0.772
GCD	27.0	0.176	0.007	0.112	0.533	12.690	44.167
GCD	28.0	0.185	0.015	0.052	0.330	5.477	27.297
GCD	29.0	0.200	0.032	0.242	0.566	33.682	37.722
GCD	30.0	0.217	0.049	0.127	0.964	31.686	38.419
GCD	31.0	0.241	0.098	0.540	21.315	31.478	37.410
GCD	32.0	0.303	0.260	3.876	27.409	30.270	32.779
GCD	33.0	0.547	9.746	24.381	27.124	29.312	31.103
GCD	34.0	1.438	20.410	24.038	26.130	28.099	30.120
GCD	35.0	4.140	20.472	23.257	25.192	27.034	28.667
GCD	36.0	9.943	19.312	22.590	24.540	26.349	28.045
GCD	37.0	18.987	18.344	22.155	24.210	26.055	27.720
GCD	38.0	29.976	15.754	21.793	23.955	25.913	27.555
GCD	39.0	41.076	16.802	21.780	23.978	25.868	27.577
GCD	40.0	50.944	16.905	21.915	24.112	25.965	27.615
GCD	41.0	59.491	16.753	22.001	24.180	26.017	27.645
GCD	42.0	66.571	18.521	22.095	24.195	26.070	27.728
GCD	43.0	72.234	18.910	22.170	24.255	26.115	27.812
GCD	44.0	76.938	17.858	22.013	24.225	26.153	27.802
GCD	45.0	80.819	14.656	21.960	24.218	26.153	27.894
GCD	46.0	84.259	10.754	21.480	24.210	26.265	28.065
GCD	47.0	87.138	12.592	21.938	24.405	26.438	28.513
GCD	48.0	89.423	19.546	22.635	24.720	26.865	28.873
GCD	49.0	91.238	20.176	22.843	24.829	26.767	28.483
GCD	50.0	92.757	20.552	22.903	24.960	26.760	28.388
GCD	51.0	94.026	20.802	23.175	25.140	27.112	28.837
GCD	52.0	95.195	21.060	23.171	25.260	27.263	29.133
GCD	53.0	96.165	21.411	23.340	25.237	27.435	30.139
GCD	54.0	96.929	21.652	23.449	25.440	27.411	29.190
GCD	55.0	97.567	21.678	23.775	25.230	26.970	28.599
GCD	56.0	98.112	21.300	23.676	25.384	27.240	29.096
GCD	57.0	98.550	21.423	23.899	25.575	27.206	28.951
GCD	58.0	98.896	21.690	23.933	25.800	27.683	29.475
GCD	59.0	99.190	22.913	24.397	26.250	27.960	33.078
GCD	60.0	99.426	23.961	25.166	27.030	28.971	110.290
GCD	61.0	99.592	23.306	25.044	27.075	28.549	32.431
GCD	62.0	99.722	23.318	25.476	26.820	28.731	29.771
GCD	63.0	99.821	23.225	25.481	27.397	28.856	31.525
GCD	64.0	99.871	24.090	25.830	27.712	29.392	30.690
GCD	65.0	99.922	14.258	25.095	27.034	28.667	30.881
GCD	66.0	99.957	20.914	25.682	28.125	29.897	274.835
GCD	67.0	99.980	26.377	27.619	29.404	31.264	2822.579
GCD	68.0	99.990	12.529	27.487	29.017	31.056	579.829
GCD	69.0	99.995	25.905	27.067	27.300	30.487	31.035
GCD	70.0	99.996	0.285	0.285	4.635	8.985	8.985
GCD	71.0	99.997	205.837	205.837	205.837	205.837	205.837
GCD	73.0	99.998	0.007	0.007	0.007	0.007	0.007
GCD	75.0	99.999	0.015	0.015	0.019	0.023	0.023
GCD	89.0	100.000	2049.248	2049.248	2049.248	2049.248	2049.248
