# This file was produced by samtools stats (1.19+htslib-1.19) and can be plotted using plot-bamstats
# This file contains statistics for all reads.
# The command line was:  stats bam_files/recal_Trio2_Offspring10x.bam
# CHK, Checksum	[2]Read Names	[3]Sequences	[4]Qualities
# CHK, CRC32 of reads which passed filtering followed by addition (32bit overflow)
CHK	cca3eafd	e621fcc9	9678b5bf
# Summary Numbers. Use `grep ^SN | cut -f 2-` to extract this part.
SN	raw total sequences:	113162955	# excluding supplementary and secondary reads
SN	filtered sequences:	0
SN	sequences:	113162955
SN	is sorted:	1
SN	1st fragments:	56581182
SN	last fragments:	56581773
SN	reads mapped:	112609889
SN	reads mapped and paired:	112342496	# paired-end technology bit set + both mates mapped
SN	reads unmapped:	553066
SN	reads properly paired:	109594008	# proper-pair bit set
SN	reads paired:	113162955	# paired-end technology bit set
SN	reads duplicated:	0	# PCR or optical duplicate bit set
SN	reads MQ0:	12450734	# mapped and MQ=0
SN	reads QC failed:	0
SN	non-primary alignments:	0
SN	supplementary alignments:	749081
SN	total length:	28039987145	# ignores clipping
SN	total first fragment length:	14033541045	# ignores clipping
SN	total last fragment length:	14006446100	# ignores clipping
SN	bases mapped:	27901892757	# ignores clipping
SN	bases mapped (cigar):	27350473815	# more accurate
SN	bases trimmed:	0
SN	bases duplicated:	0
SN	mismatches:	320587180	# from NM fields
SN	error rate:	1.172145e-02	# mismatches / bases mapped (cigar)
SN	average length:	248
SN	average first fragment length:	248
SN	average last fragment length:	248
SN	maximum length:	250
SN	maximum first fragment length:	250
SN	maximum last fragment length:	250
SN	average quality:	28.1
SN	insert size average:	656.2
SN	insert size standard deviation:	182.0
SN	inward oriented pairs:	54589538
SN	outward oriented pairs:	296727
SN	pairs with other orientation:	45934
SN	pairs on different chromosomes:	1239011
SN	percentage of properly paired reads (%):	96.8
# First Fragment Qualities. Use `grep ^FFQ | cut -f 2-` to extract this part.
# Columns correspond to qualities and rows to cycles. First column is the cycle number.
FFQ	1	0	0	1	0	0	0	0	0	0	0	0	0	0	1664271	0	0	0	0	0	0	0	0	0	0	0	2665419	0	0	0	52251491	0	0	0	0	0	0
FFQ	2	0	0	55108	0	0	0	0	0	0	16420	0	54180	48918	323495	305686	232676	79022	54437	0	0	29214	0	0	914577	0	221603	487717	981010	2837010	158134	17894249	23178659	3863342	4845725	0	0
FFQ	3	0	0	229	0	0	0	0	0	0	16167	0	53597	45960	274642	298021	204012	90961	69247	0	0	0	25424	0	0	807451	0	215979	389185	922167	2971793	176419	18061641	23033750	3754854	5169683	0
FFQ	4	0	0	393	0	0	0	0	0	0	16659	0	42803	46591	230662	271073	196535	92133	69530	0	0	0	26807	0	0	862083	0	222996	369289	902919	2727879	184675	18345722	22827637	3819944	5324852	0
FFQ	5	0	0	48	0	0	0	0	0	0	15924	0	48121	50628	246259	294815	214134	91270	70274	0	0	0	26547	0	0	849679	0	229162	391895	923075	2680332	184690	18446387	22930999	3789052	5097891	0
FFQ	6	0	0	195	0	0	0	0	0	16290	0	49580	52373	237167	290047	223430	87561	65843	0	0	0	27836	0	0	868726	0	233483	380695	942220	2810120	180236	18542478	23007211	3608468	4957223	0	0
FFQ	7	0	0	35	0	0	0	0	19607	0	54632	61469	267101	336515	247777	98195	75602	0	0	0	31214	0	0	92384	819667	243250	420827	1014608	122359	2885190	150916	18064242	23052279	3692086	4831227	0	0
FFQ	8	0	0	48	0	0	0	0	0	17263	0	54521	56600	260639	309815	230861	90580	73125	0	0	27140	0	0	93085	761217	241901	413767	979441	110224	2896426	151149	18262894	22953517	3666088	4930881	0	0
FFQ	9	0	0	14	0	0	0	0	0	17606	0	54825	59734	265274	320563	238783	97596	75839	0	0	28043	0	0	94028	760965	249226	417208	1004231	112108	2909452	155559	18357989	22633447	3749161	4979531	0	0
FFQ	10	0	0	178	0	0	0	0	0	17263	0	54255	57205	259078	306955	229620	92953	73834	0	0	28355	0	0	94945	785097	249111	421594	975827	107398	2905217	155246	18441055	22622728	3725581	4977687	0	0
FFQ	11	0	0	14	0	0	0	0	0	17022	0	55219	59266	262554	311442	236894	96045	74747	0	0	28103	0	0	96792	781226	251681	424904	994507	108546	2941273	158224	18442456	22598138	3736930	4905199	0	0
FFQ	12	0	0	111	0	0	0	0	0	16693	0	55042	59732	262338	309719	233607	94954	73519	0	0	28180	0	0	98347	776770	256762	431943	998877	107077	2950671	158404	18438568	22577509	3739211	4913148	0	0
FFQ	13	0	0	16	0	0	0	0	0	17683	0	54165	60474	257241	310510	237331	96288	75135	0	0	28967	0	0	97459	797895	256133	429423	1011827	107269	2961277	161507	18370687	22604986	3739619	4905290	0	0
FFQ	14	0	0	38	0	0	0	0	0	17558	0	55293	60288	259881	311604	238780	95104	72719	0	0	29431	0	0	99330	785531	261849	436954	1021480	109971	2945477	160195	18345345	22650349	3707514	4916491	0	0
FFQ	15	0	0	18	0	0	0	0	0	18251	0	56948	64601	266897	319458	245587	98985	76201	0	0	29715	0	0	100044	776351	266175	443424	1037955	110204	2951735	164359	18314982	22635635	3701517	4902140	0	0
FFQ	16	0	0	19	0	0	0	0	0	18360	0	57062	62756	263923	320191	240920	97758	77198	0	0	29653	0	0	100881	778173	264136	436614	1033010	109069	2956187	167078	18250469	22669745	3721644	4926336	0	0
FFQ	17	0	0	22	0	0	0	0	0	19355	0	59000	65775	271897	330244	247636	101545	79138	0	0	30673	0	0	103057	785535	272062	440890	1052441	111115	2979932	168426	18250687	22606979	3688331	4916442	0	0
FFQ	18	0	0	76	0	0	0	0	0	18953	0	59451	63462	271742	327128	249471	97393	76027	0	0	30686	0	0	105428	790013	270748	447724	1048170	112993	2953752	166098	18305173	22557252	3720894	4908548	0	0
FFQ	19	0	0	7	0	0	0	0	0	18699	0	58601	62349	268788	327428	244388	96117	76069	0	0	30431	0	0	104052	788262	269435	445395	1041457	112803	2938537	165481	18323902	22577289	3728833	4902859	0	0
FFQ	20	0	0	15	0	0	0	0	0	18416	0	59957	62620	270238	328715	246174	96114	77024	0	0	30213	0	0	105469	781042	272941	445853	1042713	112979	2933464	166637	18342512	22588544	3718221	4881321	0	0
FFQ	21	0	0	22	0	0	0	0	0	18785	0	59567	64282	271063	330209	248523	99546	79027	0	0	30381	0	0	105260	784012	272765	445336	1045687	114354	2942380	169884	18346831	22571412	3727075	4854781	0	0
FFQ	22	0	0	11	0	0	0	0	19630	0	63117	67198	281141	343942	254806	101024	82909	0	0	0	30771	0	0	109282	780969	277711	456214	1063286	115643	2966339	174354	18317993	22495212	3721677	4857953	0	0
FFQ	23	0	0	8	0	0	0	0	0	20252	0	63727	65313	281955	345353	248160	98500	83048	0	0	31918	0	0	112155	801504	281493	458695	1060573	113605	2973913	178059	18354060	22421941	3732458	4854492	0	0
FFQ	24	0	0	55	0	0	0	0	21572	0	63779	69315	288183	351669	259092	105201	83512	0	0	0	33654	0	0	110668	813869	288728	466476	1079519	118660	2936574	176408	18354272	22383035	3747592	4829349	0	0
FFQ	25	0	0	23	0	0	0	0	0	20658	0	65102	67098	285949	353842	252899	102695	83376	0	0	32557	0	0	113081	789208	285890	460371	1078463	117604	2953020	177513	18280621	22521854	3727199	4812159	0	0
FFQ	26	0	0	110	0	0	0	24225	0	72803	76850	313284	390762	276810	114518	90566	0	0	0	0	32538	0	0	109039	795737	282376	448187	1063099	116380	2930452	173861	18254783	22504924	3718751	4791127	0	0
FFQ	27	0	0	8	0	0	0	24786	0	74128	80378	318439	397420	289215	119464	91155	0	0	0	0	32393	0	0	110580	782418	283912	455030	1080182	119203	2946285	174059	18279433	22423592	3719435	4779667	0	0
FFQ	28	0	0	10	0	0	0	24281	0	73936	77810	318522	398048	281841	115530	92116	0	0	0	0	31880	0	0	112290	773575	284901	453329	1074475	116809	2942276	175779	18299212	22419168	3739289	4776105	0	0
FFQ	29	0	0	3	0	0	0	24461	0	75202	80196	323729	401969	282874	117093	95004	0	0	0	0	32349	0	0	112097	777108	288486	459151	1073856	116828	2960179	179272	18291034	22401671	3725982	4762638	0	0
FFQ	30	0	0	6	0	0	0	25700	0	76512	81315	325691	408626	292763	119414	92405	0	0	0	0	33353	0	0	113055	793558	288766	460324	1085557	120762	2953413	175341	18260841	22394697	3729271	4749812	0	0
FFQ	31	0	0	8	0	0	0	25980	0	76352	84097	337960	416601	294061	122512	98984	0	0	0	0	32924	0	0	112582	793414	292897	467233	1095564	118234	2931414	181891	18283077	22350797	3724379	4726972	0	0
FFQ	32	0	0	2056	0	0	0	26300	0	78412	83298	340706	417674	295442	120657	97392	0	0	0	0	33738	0	0	114425	789395	293386	471096	1095295	119107	2947066	180428	18281044	22342754	3715051	4711326	0	0
FFQ	33	0	0	8	0	0	0	26113	0	77704	84436	332694	413800	301608	123076	96601	0	0	0	0	33247	0	0	113874	782384	292294	467918	1098619	122376	2932287	177780	18247629	22377398	3734426	4709870	0	0
FFQ	34	0	0	800	0	0	0	26495	0	79061	86218	349023	429598	300881	125368	102743	0	0	0	0	33225	0	0	114198	784508	296198	475076	1119672	119517	2934303	187426	18212272	22348322	3706380	4703701	0	0
FFQ	35	0	0	1671	0	0	0	25718	0	77160	82592	331435	409932	294334	118933	93123	0	0	0	0	32621	0	0	113758	779922	291102	461652	1087952	120928	2931237	175589	18299275	22373846	3722096	4701958	0	0
FFQ	36	0	0	90	0	0	0	26598	0	78550	84213	338517	421616	300991	120285	95000	0	0	0	0	33571	0	0	114673	793035	294313	471763	1103503	122506	2924988	177691	18222762	22380993	3731746	4677933	0	0
FFQ	37	0	0	8	0	0	0	27143	0	80499	85139	347556	424933	300403	120485	99314	0	0	0	0	34258	0	0	117108	797703	300084	481084	1114615	120822	2946263	183447	18200258	22334286	3708397	4681257	0	0
FFQ	38	0	0	9	0	0	0	27828	0	80930	88000	353010	426935	306655	124150	99602	0	0	0	0	34054	0	0	116914	789309	300834	484812	1118425	122409	2934628	182455	18198985	22312409	3725654	4666816	0	0
FFQ	39	0	0	60	0	0	0	27162	0	79884	87253	348800	429273	303321	124922	100230	0	0	0	0	34213	0	0	116987	782974	299477	478988	1119540	120581	2952047	183667	18172112	22341958	3719150	4663363	0	0
FFQ	40	0	0	114	0	0	0	27457	0	78994	86020	345471	422944	305504	123583	97094	0	0	0	0	34936	0	0	116535	792209	298841	476062	1113875	121821	2936110	180504	18220885	22318486	3719303	4659520	0	0
FFQ	41	0	0	7	0	0	0	27315	0	76559	84434	335420	415032	302082	124524	96430	0	0	0	0	34550	0	0	113435	792666	291385	467302	1109882	124159	2957912	177562	18263863	22314011	3710339	4646751	0	0
FFQ	42	0	0	76	0	0	0	26924	0	78723	85914	342897	422173	307239	124875	98228	0	0	0	0	34276	0	0	117099	794457	301215	480987	1122581	123981	2942184	182727	18236794	22238185	3748985	4644969	0	0
FFQ	43	0	0	5	0	0	0	28040	0	80673	88586	355001	430277	311721	127406	100408	0	0	0	0	34312	0	0	118550	788963	305125	492106	1136889	124437	2938305	184931	18227765	22190890	3736434	4645910	0	0
FFQ	44	0	0	24	0	0	0	27811	0	81720	90018	361807	435257	314771	128445	103934	0	0	0	0	34034	0	0	118425	792719	306394	497670	1144459	123824	2942893	189509	18219321	22186572	3710375	4627739	0	0
FFQ	45	0	0	4	0	0	0	29253	0	82611	90740	363643	438784	317982	129202	104517	0	0	0	0	35118	0	0	121112	793520	307018	500296	1150058	125331	2955560	189253	18148917	22199042	3721033	4626755	0	0
FFQ	46	0	0	9	0	0	0	29762	0	85045	92414	373531	448733	320686	130656	106438	0	0	0	0	35276	0	0	121275	795217	314239	505945	1163478	125383	2954862	191858	18161502	22138028	3704437	4620617	0	0
FFQ	47	0	0	13	0	0	0	30209	0	82955	92288	362080	439161	326850	132730	100106	0	0	0	0	36408	0	0	119845	806098	310106	497721	1155284	129125	2947999	182853	18184074	22145110	3713077	4616474	0	0
FFQ	48	0	0	114	0	0	0	29313	0	84120	93017	371025	451329	326884	132209	103706	0	0	0	0	34489	0	0	121413	781457	313802	505059	1168996	127265	2934887	188406	18103263	22203648	3718030	4608330	0	0
FFQ	49	0	0	1028	0	0	30875	0	88572	98272	390133	465930	338931	137470	107613	0	0	0	0	36271	0	0	124399	0	1115126	515362	1183510	129622	238175	2879460	0	18051232	22164697	3699809	4595742	0	0
FFQ	50	0	0	103	0	0	30926	0	89381	98189	392340	470665	343283	136656	107527	0	0	0	0	36033	0	0	123762	0	1114865	521409	1189160	129995	237653	2862291	0	18075084	22141381	3689765	4593171	0	0
FFQ	51	0	0	15	0	0	30197	0	88770	96451	385027	466507	337215	136605	106105	0	0	0	0	0	35646	0	0	124820	777653	319845	517838	1191752	129761	2935546	190599	18093780	22136219	3678506	4596249	0	0
FFQ	52	0	0	143	0	0	0	29310	0	87844	94504	389131	460802	330007	132564	108425	0	0	0	0	34353	0	0	123941	775522	316999	522695	1177675	126292	2934028	193324	18126292	22102980	3707781	4591844	0	0
FFQ	53	0	0	747	0	0	31430	0	90405	99560	395428	473834	346079	137816	108619	0	0	0	0	36768	0	0	125960	0	1127979	528357	1197869	130344	238659	2882948	0	18043212	22080981	3703699	4578176	0	0
FFQ	54	0	0	12156	0	0	30817	0	90763	99152	402624	479163	342404	137853	112664	0	0	0	0	35601	0	0	126331	0	1113075	529473	1203506	129046	238861	2875871	0	18046625	22050923	3704037	4589819	0	0
FFQ	55	0	0	184	0	0	31570	0	91808	102524	405332	478438	349748	139565	110216	0	0	0	0	36242	0	0	128014	0	1109049	534439	1208911	131692	240629	2876212	0	18060588	22025290	3695664	4586901	0	0
FFQ	56	0	0	5939	0	0	31742	0	92010	99617	406169	479769	347274	138458	112766	0	0	0	0	35854	0	0	127899	0	1113885	534511	1204769	129386	239915	2874145	0	18030203	22054916	3692300	4582857	0	0
FFQ	57	0	0	62	0	0	32475	0	92204	100567	405922	481908	348484	138168	112265	0	0	0	0	36472	0	0	128175	0	1117837	535197	1215614	130167	240061	2869439	0	18048001	22044154	3690511	4559251	0	0
FFQ	58	0	0	3997	0	0	32050	0	92132	100994	403191	477154	349430	137484	109085	0	0	0	0	36328	0	0	128318	0	1115844	531258	1205445	131129	238564	2878411	0	18059261	22041776	3685457	4562255	0	0
FFQ	59	0	0	329	0	0	32848	0	92612	100336	407993	485918	347930	138883	113895	0	0	0	0	0	36566	0	0	128436	789385	326254	538276	1221589	130431	2930010	199976	18028426	22017506	3684465	4559799	0	0
FFQ	60	0	0	631	0	0	32951	0	93455	104428	410887	485231	357914	142226	110583	0	0	0	0	0	36951	0	0	129474	788705	332798	542769	1227001	132293	2929413	194707	18000368	22000633	3678819	4571648	0	0
FFQ	61	0	0	1193	0	0	33260	0	94712	100925	414367	491477	350284	140161	115583	0	0	0	0	0	36482	0	0	130633	783762	331242	542253	1224314	130572	2929693	201267	18005394	21994718	3682654	4560920	0	0
FFQ	62	0	0	1902	0	0	33498	0	93599	101741	409423	486806	353433	141223	112565	0	0	0	0	0	37195	0	0	129079	0	1117125	536436	1216811	130969	242000	2876578	0	18011706	21987839	3708633	4559586	0
FFQ	63	0	0	14412	0	0	34342	0	93839	103739	410966	488875	358404	142972	111744	0	0	0	0	37659	0	0	128708	0	332286	1327945	1222989	133477	246221	197219	2676525	0	17971227	21998834	3690521	4558312	0
FFQ	64	0	0	994	0	0	34767	0	95062	107806	419270	499295	370839	145711	112841	0	0	0	0	38288	0	0	130526	0	1130872	550287	1241350	136728	248650	2870649	0	17943283	21965769	3683313	4547359	0	0
FFQ	65	0	0	1758	0	0	34611	0	95792	105704	427567	500823	362155	144683	117505	0	0	0	0	37496	0	0	131453	0	1129989	552299	1247943	132985	248411	2857354	0	17950829	21958361	3671521	4556611	0	0
FFQ	66	0	0	1516	0	0	34210	0	94928	106429	419140	493981	364765	145174	112831	0	0	0	0	0	37002	0	0	130065	0	1120218	548940	1237974	134707	247503	2864196	0	17970954	21961403	3679733	4552868	0
FFQ	67	0	0	2084	0	0	35966	0	100073	111843	434608	512353	382891	150185	115727	0	0	0	0	38786	0	0	134272	0	1133960	561372	1262415	138880	253708	2871100	0	17899380	21909601	3669733	4532736	0	0
FFQ	68	0	0	176	0	0	35781	0	98768	108043	432960	510462	371689	147043	118051	0	0	0	0	38255	0	0	134584	0	1135462	556121	1256759	135285	249269	2880497	0	17893456	21953060	3655546	4533704	0	0
FFQ	69	0	0	4417	0	0	36367	0	98984	109306	433008	509699	377826	148353	115586	0	0	0	0	38871	0	0	134684	0	343065	1352833	1262261	137138	252688	201500	2674471	0	17931015	21893734	3651158	4531033	0
FFQ	70	0	0	1035	0	0	36079	0	96749	105396	425272	501753	366072	143292	116388	0	0	0	0	0	38481	0	0	132893	0	1127314	556346	1248531	134129	247592	2877879	0	17938955	21924033	3669487	4543538	0
FFQ	71	0	0	11480	0	0	35610	0	98364	108593	427937	508402	376271	148229	115610	0	0	0	0	37840	0	0	133351	0	341068	1332285	1255033	136879	250603	200628	2674572	0	17888335	21934664	3674062	4534864	0
FFQ	72	0	0	2099	0	0	35879	0	96307	105744	420194	500064	371782	145241	113295	0	0	0	0	0	38321	0	0	131713	0	1116407	549030	1244596	137263	249583	2867083	0	17946109	21943520	3668639	4535382	0
FFQ	73	0	0	9309	0	0	36372	0	97239	107653	427454	506378	375865	148105	114488	0	0	0	0	38448	0	0	131671	0	339327	1334903	1251594	138143	252167	198854	2659395	0	17930739	21904946	3680146	4529271	0
FFQ	74	0	0	1692	0	0	36482	0	98046	111227	428571	508302	381808	149670	114178	0	0	0	0	39129	0	0	134149	0	342695	1335158	1261173	138945	254572	197433	2674947	0	17909446	21897420	3664133	4526764	0
FFQ	75	0	0	9562	0	0	37780	0	103596	114564	456513	530833	389741	153796	122077	0	0	0	0	38646	0	0	136354	0	1133923	573634	1281910	137301	255766	2878154	0	17846881	21818727	3656729	4523347	0	0
FFQ	76	0	0	5635	0	0	38581	0	103284	118328	452903	533147	400005	156128	120167	0	0	0	0	39730	0	0	136295	0	352395	1349523	1284901	141578	258391	203100	2653390	0	17827762	21827313	3678026	4512637	0
FFQ	77	0	0	5379	0	0	37918	0	103934	115095	454812	533387	393032	154322	122297	0	0	0	0	39270	0	0	137620	0	352804	1354217	1289515	138321	257470	207288	2649079	0	17812871	21853651	3653815	4521089	0
FFQ	78	0	0	6973	0	0	38295	0	104311	117156	457761	534983	398963	155725	122141	0	0	0	0	39801	0	0	137117	0	354185	1350990	1292244	140651	258453	206173	2652904	0	17833730	21807214	3645606	4525764	0
FFQ	79	0	0	5242	0	0	38277	0	103320	114044	452897	533051	391087	153632	123386	0	0	0	0	39303	0	0	136978	0	352461	1359847	1291574	137794	258128	209054	2652254	0	17822403	21827530	3655599	4517464	0
FFQ	80	0	0	6000	0	0	39016	0	102400	116126	453262	531860	396265	155325	120654	0	0	0	0	39767	0	0	137713	0	352191	1358212	1292681	140760	259332	204392	2653581	0	17797691	21853087	3649049	4510060	0
FFQ	81	0	0	7984	0	0	39407	0	104867	116147	460619	538922	397846	154607	124266	0	0	0	0	40150	0	0	138673	0	355504	1361284	1302235	139811	258135	208542	2656897	0	17791550	21821337	3640306	4501837	0
FFQ	82	0	0	3400	0	0	39228	0	102368	115873	450203	529974	399237	154417	119397	0	0	0	0	39715	0	0	137407	0	351917	1354826	1287389	141878	257599	202303	2668230	0	17813187	21835102	3657377	4493682	0
FFQ	83	0	0	1169	0	0	39243	0	102865	115695	451843	528184	396939	154239	120798	0	0	0	0	40286	0	0	137337	0	351711	1354481	1286703	141118	257024	203225	2667962	0	17822644	21812455	3662816	4500375	0
FFQ	84	0	0	6151	0	0	39638	0	106048	118508	462321	537905	404772	156457	123024	0	0	0	0	39672	0	0	139613	0	357206	1359213	1297070	141437	260917	206647	2663356	0	17793365	21769533	3660183	4500265	0
FFQ	85	0	0	3480	0	0	40301	0	104078	117585	456614	538237	399009	156610	123802	0	0	0	0	40529	0	0	137527	0	355702	1358305	1297400	140890	260401	208074	2657181	0	17799818	21781008	3662351	4498836	0
FFQ	86	0	0	1169	0	0	39466	0	101157	115301	442515	523578	401842	155576	115656	0	0	0	0	39920	0	0	135356	0	347985	1338491	1274291	142874	259744	197567	2663033	0	17831615	21821627	3667811	4511772	0
FFQ	87	0	0	7824	0	0	40888	0	106338	121231	465029	546199	415268	160045	122708	0	0	0	0	41590	0	0	138576	0	359898	1373447	1307758	145395	264040	204874	2647272	0	17756762	21736166	3656031	4505949	0
FFQ	88	0	0	2604	0	0	41118	0	109054	123721	478994	556675	419684	161721	126014	0	0	0	0	40723	0	0	142032	0	367304	1376424	1326765	143554	266530	208707	2632142	0	17728805	21730060	3640168	4495694	0
FFQ	89	0	0	2381	0	0	41739	0	109326	122808	478581	559702	418284	161991	127230	0	0	0	0	40634	0	0	142041	0	364713	1371472	1326679	143769	264860	210778	2634730	0	17745783	21735725	3619490	4491173	0
FFQ	90	0	0	1231	0	0	41862	0	108130	123828	477217	554165	423132	162669	126403	0	0	0	0	41199	0	0	141913	0	364937	1369377	1331394	146707	267895	209319	2651465	0	17738840	21712783	3642624	4472398	0
FFQ	91	0	0	3844	0	0	43306	0	113625	127692	500793	575189	431977	167466	132248	0	0	0	0	42067	0	0	147770	0	374473	1397658	1356588	144805	270701	217730	2639377	0	17690980	21627744	3628356	4470453	0
FFQ	92	0	0	1703	0	0	43164	0	111422	125612	492795	570909	420452	163581	133298	0	0	0	0	41984	0	0	143089	0	369411	1383335	1340887	143277	267144	217557	2637732	0	17760971	21629846	3626823	4475418	0
FFQ	93	0	0	5213	0	0	42900	0	106769	123731	467995	549333	420085	161923	123221	0	0	0	0	42479	0	0	139649	0	360865	1374717	1310166	145111	267378	205111	2652732	0	17752765	21713242	3660001	4470473	0
FFQ	94	0	0	4228	0	0	42258	0	108610	124808	471997	555144	426565	163570	122378	0	0	0	0	41883	0	0	140960	0	361415	1369880	1318348	147049	266737	203877	2652153	0	17703431	21733747	3642086	4490783	0
FFQ	95	0	0	4860	0	0	44201	0	112069	129677	492770	573683	441156	168397	127325	0	0	0	0	43203	0	0	144589	0	372683	1384052	1349959	150667	271834	209382	2640879	0	17661406	21645092	3639678	4479377	0
FFQ	96	0	0	4076	0	0	43660	0	115323	132621	508172	583678	442434	171184	133517	0	0	0	0	42046	0	0	146763	0	376677	1384141	1362269	147996	274094	217954	2630061	0	17671517	21585185	3640215	4469334	0
FFQ	97	0	0	4443	0	0	44131	0	115780	133083	508084	584595	444630	171209	134410	0	0	0	0	42478	0	0	148185	0	379585	1392829	1370688	148112	274705	218467	2637587	0	17637547	21589921	3631086	4467712	0
FFQ	98	0	0	5165	0	0	44022	0	115362	131694	505964	584685	443186	169969	132739	0	0	0	0	42718	0	0	147657	0	377528	1390356	1364164	148912	274193	217346	2626116	0	17636920	21611333	3631977	4472240	0
FFQ	99	0	0	3485	0	0	44241	0	112495	130722	494576	579495	443363	168642	129586	0	0	0	0	42736	0	0	145222	0	374534	1381211	1356145	150939	274176	211821	2629749	0	17632208	21655689	3635753	4474424	0
FFQ	100	0	0	3446	0	0	44093	0	113688	133498	505298	581893	448383	170299	131502	0	0	0	0	42284	0	0	146459	0	378585	1372578	1367457	150276	273870	215059	2629070	0	17641832	21633006	3626668	4459102	0
FFQ	101	0	0	4231	0	0	45232	0	118294	136052	521678	598419	456917	174678	135862	0	0	0	0	42858	0	0	149457	0	385236	1398843	1382842	150873	277097	219454	2630515	0	17619352	21557004	3618656	4441750	0
FFQ	102	0	0	4652	0	0	45585	0	120550	137525	529431	603672	464652	175679	137360	0	0	0	0	43211	0	0	150862	0	386527	1402987	1391413	151463	278150	219902	2620740	0	17621588	21512137	3624479	4439590	0
FFQ	103	0	0	2363	0	0	45735	0	119267	136816	527336	605259	455946	175367	139714	0	0	0	0	43022	0	0	151755	0	388402	1402909	1396911	148607	278827	224833	2630605	0	17633689	21489255	3619573	4443051	0
FFQ	104	0	0	5852	0	0	45871	0	116754	137164	516395	591899	459012	174448	133954	0	0	0	0	43559	0	0	149513	0	384852	1402046	1383333	151285	278646	218392	2625335	0	17631613	21523744	3644550	4438360	0
FFQ	105	0	0	4956	0	0	46543	0	119301	138314	523961	601630	464998	176559	136498	0	0	0	0	43991	0	0	150763	0	387289	1411179	1394764	152466	282899	220242	2630389	0	17574402	21532482	3627762	4432474	0
FFQ	106	0	0	6041	0	0	47656	0	121597	143790	537246	614364	477036	180308	139670	0	0	0	0	44868	0	0	153311	0	394917	1423531	1419287	156536	286319	222757	2623036	0	17529236	21495536	3611998	4421912	0
FFQ	107	0	0	1696	0	0	47887	0	124561	144604	552752	627174	477550	182709	144864	0	0	0	0	44096	0	0	154520	0	397007	1423890	1427956	154245	286694	229630	2614269	0	17506801	21472586	3597161	4435345	0
FFQ	108	0	0	1858	0	0	47756	0	122871	143587	538582	619226	476133	182246	139407	0	0	0	0	44321	0	0	153773	0	1169723	638467	1414270	155220	285815	2850626	0	17509013	21521684	3594986	4435719	0	0
FFQ	109	0	0	4302	0	0	48252	0	122397	144307	540650	619610	480067	182756	139214	0	0	0	0	44993	0	0	153612	0	394107	1417530	1416853	156347	286092	221667	2617092	0	17504172	21507916	3605138	4435322	0
FFQ	110	0	0	4869	0	0	46788	0	120306	139789	526914	608644	473415	179383	136426	0	0	0	0	43737	0	0	150794	0	386486	1398809	1395756	154652	282815	219146	2622915	0	17558077	21540996	3610830	4438009	0
FFQ	111	0	0	5307	0	0	47392	0	121675	144459	535911	612575	483910	182744	136872	0	0	0	0	44734	0	0	153231	0	395313	1407012	1412749	157162	287322	218777	2621480	0	17539460	21489400	3615606	4423776	0
FFQ	112	0	0	1684	0	0	49273	0	127115	148874	565964	637169	489528	186702	147381	0	0	0	44798	0	0	158443	0	407361	665473	2220028	154983	289896	231896	0	2616639	0	17491041	21406433	3584006	4409461	0
FFQ	113	0	0	5123	0	0	48953	0	125421	145480	548961	625062	489163	184444	140103	0	0	0	0	45227	0	0	156620	0	398193	1429875	1426405	158239	287427	223695	2631132	0	17518904	21427263	3607207	4408619	0
FFQ	114	0	0	2146	0	0	48885	0	125822	144424	545188	623218	486574	184080	142581	0	0	0	0	45045	0	0	156741	0	396394	1422592	1426351	156544	289176	227317	2632319	0	17523701	21415384	3620145	4414223	0
FFQ	115	0	0	3622	0	0	50777	0	126473	148722	554201	629822	496313	187307	144070	0	0	0	0	46642	0	0	157930	0	403990	1437061	1442930	159742	292057	227688	2618213	0	17499587	21374733	3610854	4413580	0
FFQ	116	0	0	3909	0	0	51354	0	128734	152126	574723	647865	499155	191253	150364	0	0	0	46353	0	0	159169	0	410033	672768	2242402	159109	295550	235757	0	2605463	0	17452866	21342180	3586390	4416324	0
FFQ	117	0	0	9127	0	0	51529	0	133762	156139	587873	663818	516328	195239	150402	0	0	0	46848	0	0	162924	0	414235	1444465	1478447	161647	295693	231875	2606172	0	17385959	21346846	3577850	4404181	0	0
FFQ	118	0	0	4812	0	0	51927	0	131760	155249	581109	652520	513665	192086	147694	0	0	0	46519	0	0	160752	0	411871	1443646	1460622	160467	293338	229428	2607099	0	17430193	21353335	3591847	4399144	0	0
FFQ	119	0	0	9669	0	0	50628	0	128630	153093	562610	640337	508236	190610	143921	0	0	0	46097	0	0	157991	0	405286	660371	2218994	161066	295064	226072	0	2610300	0	17458685	21383182	3608583	4397616	0
FFQ	120	0	0	8629	0	0	50536	0	128948	152488	564270	644705	510159	191419	143171	0	0	0	46560	0	0	158808	0	407448	658982	2225144	162617	294381	225319	0	2615349	0	17431380	21382623	3601804	4409595	0
FFQ	121	0	0	5386	0	0	50830	0	127138	151616	559409	636552	507316	189003	140926	0	0	0	0	46460	0	0	157324	0	403683	1430305	1445716	160913	291825	222821	2606795	0	17473457	21392901	3601220	4410703	0
FFQ	122	0	0	5052	0	0	52155	0	131421	158221	576356	653013	526524	196484	143797	0	0	0	47724	0	0	161293	0	413326	1443863	1473140	167125	300268	225695	2604893	0	17412598	21329729	3598316	4389243	0	0
FFQ	123	0	0	5698	0	0	53926	0	140435	167827	622888	694057	543162	204678	158455	0	0	0	48215	0	0	169515	0	432871	1469676	1533275	166954	308732	242526	2586642	0	17335064	21177176	3570465	4376133	0	0
FFQ	124	0	0	7482	0	0	55462	0	145594	173650	644814	715971	558816	211303	163677	0	0	0	49267	0	0	174025	0	443586	1487521	1560974	168642	312842	247370	2583833	0	17265978	21121179	3549321	4365020	0	0
FFQ	125	0	0	6170	0	0	54607	0	141044	165464	626995	695449	538430	203000	162580	0	0	0	48536	0	0	170770	0	433754	1476188	1534211	164552	304845	246901	2594323	0	17326160	21177008	3559402	4374167	0	0
FFQ	126	0	0	5319	0	0	52201	0	131603	155015	579378	655799	518413	195716	147536	0	0	0	46763	0	0	160968	0	412020	671577	2236981	162991	299710	230822	0	2617069	0	17442920	21282361	3595569	4402058	0
FFQ	127	0	0	5520	0	0	53489	0	132360	160785	585849	662898	537624	197481	144492	0	0	0	47619	0	0	161549	0	414989	1449469	1471084	166991	299929	223343	2606219	0	17405963	21276264	3602822	4394498	0	0
FFQ	128	0	0	3569	0	0	54214	0	136299	166105	603685	678254	547982	203649	150567	0	0	0	48355	0	0	164740	0	421684	1463840	1496333	168707	305421	232480	2597956	0	17352654	21230567	3596675	4375936	0	0
FFQ	129	0	0	1453	0	0	54163	0	136940	165497	601859	678142	542823	203517	151534	0	0	0	48117	0	0	165233	0	424218	690761	2272745	170066	306428	233479	0	2607955	0	17337861	21235987	3584026	4385291	0
FFQ	130	0	0	5118	0	0	53856	0	137242	163271	599416	675224	543863	202525	150470	0	0	0	47772	0	0	165940	0	421359	1460866	1500496	167777	305732	232345	2602283	0	17339079	21252502	3590440	4379064	0	0
FFQ	131	0	0	2064	0	0	55079	0	139616	168069	612262	686378	554913	206449	151909	0	0	0	49366	0	0	168063	0	431680	1467579	1525596	172432	310096	235308	2605774	0	17291079	21213395	3581552	4366486	0	0
FFQ	132	0	0	8629	0	0	56534	0	145081	176376	641492	710289	570504	212725	160987	0	0	0	49786	0	0	173450	0	445075	1487839	1564734	172668	314710	244894	2598333	0	17241821	21096123	3564809	4356959	0	0
FFQ	133	0	0	5015	0	0	57356	0	147818	180115	660605	727625	579693	217508	166480	0	0	0	50344	0	0	175759	0	452755	1498021	1583539	173027	319254	251980	2574465	0	17215169	21047041	3557275	4351769	0	0
FFQ	134	0	0	2760	0	0	57475	0	147939	177293	653353	725421	571144	215506	165088	0	0	0	49875	0	0	175662	0	448856	1492728	1573949	171421	317471	248974	2577554	0	17257373	21060964	3549783	4350881	0	0
FFQ	135	0	0	4511	0	0	57817	0	144829	175679	635716	708883	573295	213771	157788	0	0	0	50117	0	0	171092	0	438879	1488848	1543698	172892	314716	239630	2595925	0	17278784	21099218	3570934	4353369	0	0
FFQ	136	0	0	3515	0	59462	0	150057	184190	661357	727955	593471	218671	162891	0	0	0	0	51982	0	0	177594	0	452052	1514840	1579735	177317	320920	246263	2587240	0	17204453	21022432	3561592	4331391	0	0
FFQ	137	0	0	6328	0	0	59349	0	150726	180832	662487	728670	585750	220218	167763	0	0	0	52359	0	0	178260	0	451068	1514817	1587386	173814	322551	250981	2579174	0	17209802	21020385	3550713	4335009	0	0
FFQ	138	0	0	4158	0	61820	0	153229	187709	682328	746154	603994	226142	169888	0	0	0	0	53563	0	0	179085	0	459878	1529132	1613275	180035	328552	254127	2578249	0	17165734	20949234	3535934	4325280	0	0
FFQ	139	0	0	2463	0	63034	0	157203	189723	707028	767128	605220	227602	179313	0	0	0	0	53213	0	0	184477	0	468541	1542114	1645315	177890	330106	264637	2559870	0	17113571	20904588	3518834	4324721	0	0
FFQ	140	0	0	1843	0	0	58900	0	149514	178103	659083	729745	583560	216026	165618	0	0	0	51470	0	0	177336	0	449874	1511812	1588534	175166	321385	250733	2575837	0	17186117	21068134	3544949	4341674	0	0
FFQ	141	0	0	2075	0	59403	0	150386	184964	663385	730598	603110	222371	161707	0	0	0	0	51031	0	0	175655	0	451209	1497583	1582224	180034	322571	243918	2571729	0	17182181	21041040	3566307	4340782	0	0
FFQ	142	0	0	2123	0	60636	0	155662	191950	691534	758332	618186	228849	170162	0	0	0	52476	0	0	182349	0	464976	755819	2374669	182853	330434	252733	0	2562153	0	17125447	20950465	3537982	4331360	0	0
FFQ	143	0	0	5116	0	61129	0	156807	191592	695001	760988	610934	230043	175150	0	0	0	0	52817	0	0	183398	0	468246	1523185	1631274	180309	331420	258614	2572668	0	17119916	20918375	3531626	4321589	0	0
FFQ	144	0	0	3182	0	63667	0	160126	197297	713137	777266	625209	233533	177997	0	0	0	53824	0	0	184670	0	473942	1539416	1650372	183590	334463	261217	2560623	0	17079079	20861309	3532316	4313078	0	0	0
FFQ	145	0	0	6405	0	62469	0	158290	194034	699638	769336	623494	232871	175987	0	0	0	0	53659	0	0	184298	0	469858	1529123	1645405	183006	333841	259514	2562720	0	17094219	20898783	3530099	4311477	0	0
FFQ	146	0	0	4806	0	62279	0	159484	195093	706333	769900	629137	234169	174038	0	0	0	0	53920	0	0	185574	0	471732	1540863	1643615	183767	334848	257789	2557561	0	17077122	20882065	3535888	4317758	0	0
FFQ	147	0	0	13303	0	63098	0	159067	197625	712848	777567	627643	235840	177907	0	0	0	0	53716	0	0	185887	0	476667	1541052	1654679	183786	335486	261359	2561017	0	17080923	20850763	3520959	4305880	0	0
FFQ	148	0	0	6234	0	62666	0	157841	195472	697609	762114	630353	229942	171052	0	0	0	0	53965	0	0	184739	0	471122	1530279	1639757	185160	331189	253329	2551163	0	17105287	20898428	3546631	4312051	0	0
FFQ	149	0	0	1938	0	61490	0	156320	192254	686771	756798	623536	229389	169153	0	0	0	0	53130	0	0	182333	0	465654	1520571	1626526	184406	330618	251129	2557097	0	17131278	20926992	3550669	4317599	0	0
FFQ	150	0	0	2276	0	63558	0	157218	194260	696311	763657	637255	231451	171454	0	0	0	0	54150	0	0	183274	0	466075	1530659	1640745	188143	333542	253556	2559492	0	17076558	20917019	3544771	4309340	0	0
FFQ	151	0	0	3101	0	64650	0	162160	202556	722824	786713	651028	241261	177573	0	0	0	54658	0	0	187304	0	479170	784235	2438488	188552	341669	262531	0	2549859	0	17027885	20833365	3523540	4290817	0	0
FFQ	152	0	0	2376	0	65320	0	165272	205046	734867	794683	654749	243767	181123	0	0	0	54955	0	0	189743	0	485452	790786	2443127	189779	343565	262465	0	2547849	0	17011461	20795229	3513193	4298330	0	0
FFQ	153	0	0	4263	0	65306	0	170015	210702	752242	812792	669936	248136	183563	0	0	0	56120	0	0	194159	0	493687	805551	2468417	193065	347684	268758	0	2543484	0	16962628	20731742	3516290	4273784	0	0
FFQ	154	0	0	13159	0	67981	0	171229	213261	769551	829170	669857	251801	192188	0	0	0	57427	0	0	196055	0	501811	811229	2500782	191905	350594	274853	0	2539976	0	16935680	20668532	3490673	4273559	0	0
FFQ	155	0	0	7463	0	66121	0	169383	209551	753000	812344	671319	249556	183335	0	0	0	56527	0	0	194491	0	492528	804823	2475684	194028	347547	266328	0	2544914	0	16963737	20716018	3511165	4280419	0	0
FFQ	156	0	0	685	0	67824	0	174594	217678	775866	837442	687672	254247	190316	0	0	0	57563	0	0	199358	0	507703	818695	2502121	194927	351222	272684	0	2531950	0	16905218	20635007	3510033	4276582	0	0
FFQ	157	0	0	933	0	69954	0	177112	221916	796184	852534	692852	258592	198050	0	0	0	58167	0	0	200523	0	513696	831935	2526782	195806	356147	280231	0	2527383	0	16874571	20580699	3486652	4267822	0	0
FFQ	158	0	0	1765	0	67284	0	172208	212678	764711	822720	676700	248833	188042	0	0	0	56765	0	0	195023	0	497984	806545	2482331	191897	348646	271971	0	2543067	0	16933785	20701223	3503241	4280177	0	0
FFQ	159	0	0	2423	0	67161	0	167959	209759	738630	802173	674840	245071	178885	0	0	0	57074	0	0	192296	0	487076	792492	2453044	196192	345578	260246	0	2549845	0	16982177	20762214	3523074	4278456	0	0
FFQ	160	0	0	2341	0	69538	0	172773	218688	765212	826753	692415	253780	185152	0	0	0	58394	0	0	197614	0	501466	820203	2493255	199371	352894	267351	0	2548368	0	16908331	20663653	3501835	4266422	0	0
FFQ	161	0	0	3577	0	71402	0	179707	224962	803798	858602	707345	260479	197732	0	0	0	59201	0	0	202799	0	514242	843225	2539472	201395	359439	281073	0	2520680	0	16828573	20563446	3489704	4254264	0	0
FFQ	162	0	0	8267	0	71608	0	180783	226558	802075	863387	714802	265202	194997	0	0	0	59439	0	0	203811	0	517561	840883	2542964	202215	362230	280056	0	2515127	0	16799642	20579663	3483042	4250046	0	0
FFQ	163	0	0	5911	0	68508	0	174280	212870	775838	834650	686802	251731	190659	0	0	0	57039	0	0	196086	0	499334	813892	2491005	194993	350928	273341	0	2531470	0	16901524	20681523	3497558	4273736	0	0
FFQ	164	0	0	5902	0	66216	0	163768	206998	724193	786152	678375	242838	171722	0	0	0	56348	0	0	187164	0	479980	786012	2427901	197270	344168	252952	0	2544096	0	17001098	20821504	3540459	4277864	0	0
FFQ	165	0	0	4140	0	68129	0	167790	212214	747654	808553	690462	250168	179465	0	0	0	57655	0	0	194437	0	493086	807558	2471206	201309	351644	262411	0	2540890	0	16938504	20731243	3522120	4261816	0	0
FFQ	166	0	0	8090	0	70636	0	178096	225971	791226	852740	715282	263199	191887	0	0	0	59415	0	0	200726	0	512684	836365	2530708	205510	361474	275130	0	2531305	0	16813716	20587548	3504808	4245545	0	0
FFQ	167	0	0	4058	0	70921	0	179232	224684	795073	853356	711078	262170	192691	0	0	0	59696	0	0	201573	0	512569	838689	2541542	203291	360813	277380	0	2521306	0	16831984	20595447	3479266	4244860	0	0
FFQ	168	0	0	8305	0	72289	0	179944	226667	803095	860503	725125	263463	192758	0	0	0	60164	0	0	202316	0	513548	844726	2539807	207074	360665	276338	0	2521957	0	16809254	20577014	3479429	4236909	0	0
FFQ	169	0	0	4859	0	73466	0	184687	231744	822680	877849	737691	267669	197645	0	0	0	60688	0	0	206771	0	522723	856442	2567165	208200	365977	280803	0	2520357	0	16760923	20507035	3468687	4236911	0	0
FFQ	170	0	0	4765	0	75136	0	187354	237732	836565	894281	750413	275713	201953	0	0	0	62303	0	0	208664	0	531523	866954	2591120	211666	371771	285711	0	2508622	0	16721593	20453906	3458132	4224798	0	0
FFQ	171	0	0	2271	0	72844	0	184960	231725	821188	878267	742498	268403	198306	0	0	0	61574	0	0	206741	0	525020	854984	2573511	207577	366594	282036	0	2514850	0	16760493	20503856	3474067	4228595	0	0
FFQ	172	0	0	477	0	74080	0	184919	233619	819572	875837	751171	271676	197527	0	0	0	62056	0	0	206739	0	524508	860395	2573949	212076	372041	280808	0	2505841	0	16720275	20522989	3487129	4222407	0	0
FFQ	173	0	0	4475	0	73565	0	185358	232640	823774	879161	742421	271591	199940	0	0	0	60667	0	0	207248	0	523455	855259	2571319	209160	370306	285641	0	2517881	0	16740962	20508050	3461678	4235302	0	0
FFQ	174	0	0	1177	0	74980	0	184594	236524	827818	880955	752680	273423	198586	0	0	0	62341	0	0	207807	0	526725	864567	2572727	214999	371890	282689	0	2511753	0	16720963	20498099	3473977	4220339	0	0
FFQ	175	0	0	5226	0	75355	0	187676	237996	841604	895589	755233	275466	203062	0	0	61101	0	0	208020	0	529793	867802	1820792	970596	369678	286657	0	0	2507927	0	16720766	20448351	3470674	4220046	0	0
FFQ	176	0	0	1498	0	74379	0	185046	238517	819610	874863	762635	273255	193189	0	0	0	61783	0	0	206610	0	525631	863834	2561776	217583	370335	278173	0	2516072	0	16733289	20496678	3500171	4204253	0	0
FFQ	177	0	0	3582	0	76666	0	196877	247604	870347	921849	781161	285369	209579	0	0	0	63388	0	0	214995	0	545246	888590	2621034	217937	380943	292519	0	2499216	0	16615974	20365408	3467667	4193076	0	0
FFQ	178	0	0	1843	0	81021	0	204041	261248	908786	961668	811965	297775	218369	0	0	66272	0	0	220479	0	561219	916724	1918321	979777	390478	303492	0	0	2482143	0	16533169	20232490	3435311	4172295	0	0
FFQ	179	0	0	2830	0	81204	0	205387	257498	919211	968782	807252	297125	220956	0	0	65582	0	0	221973	0	563990	916649	1923313	980609	389449	305919	0	0	2485772	0	16522676	20224768	3427109	4170692	0	0
FFQ	180	0	0	2055	0	80085	0	200624	256566	897767	945090	807664	292608	214251	0	0	65959	0	0	219564	0	556204	908607	1898539	977837	385749	297488	0	0	2490774	0	16558561	20279681	3442132	4180827	0	0
FFQ	181	0	0	1594	0	79425	0	200564	255531	891999	941964	809220	292265	212899	0	0	65138	0	0	218925	0	552011	900651	1894452	976590	385528	294423	0	0	2495797	0	16561923	20299344	3444872	4183436	0	0
FFQ	182	0	0	1950	0	80879	0	201569	257333	897367	947061	815903	293469	210169	0	0	66219	0	0	219147	0	550817	901946	1893572	984172	387255	294015	0	0	2500514	0	16534840	20283127	3454421	4182739	0	0
FFQ	183	0	0	5667	0	78060	0	195641	245465	863356	910572	787625	281272	204141	0	0	0	64681	0	0	215293	0	540083	884408	2621680	218001	378262	287233	0	2504439	0	16636870	20374351	3456712	4204623	0	0
FFQ	184	0	0	2040	0	78933	0	194550	248360	860660	913899	800246	286348	202505	0	0	0	64960	0	0	214728	0	539934	889447	2621722	222964	382882	286327	0	2495467	0	16625374	20370410	3468459	4188146	0	0
FFQ	185	0	0	4508	0	84396	0	208666	271530	931702	983913	848868	307176	219263	0	0	69381	0	0	226988	0	572285	937995	1955209	993496	399117	303762	0	0	2481835	0	16426787	20150451	3434716	4146255	0	0
FFQ	186	0	0	3144	0	87787	0	224042	284706	992784	1040466	870273	323551	237514	0	0	71331	0	0	237675	0	598905	969795	2029195	995603	410238	322591	0	0	2457082	0	16313603	19976644	3389642	4121655	0	0
FFQ	187	0	0	8753	0	86425	0	215709	274093	970054	1016749	852707	312287	234840	0	0	69489	0	0	230060	0	584030	949106	1997403	997251	402119	318954	0	0	2463777	0	16405267	20031413	3399050	4138622	0	0
FFQ	188	0	0	1561	0	85007	0	213393	271390	946796	989314	854590	305739	223088	0	0	68567	0	0	228485	0	574532	943907	1965641	986418	397603	306123	0	0	2475201	0	16428200	20128367	3424413	4139757	0	0
FFQ	189	0	0	1920	0	90333	0	231197	293069	1030350	1073572	900624	328347	246246	0	0	72594	0	0	245772	0	612266	994028	2812069	245737	415359	327613	0	2451371	0	16206464	19897066	3374345	4107716	0	0	0
FFQ	190	0	0	4079	0	90211	0	226785	286526	1016497	1059883	885814	325701	244911	0	0	72552	0	0	240334	0	604421	977537	2047800	996900	409826	328715	0	0	2459118	0	16286213	19917836	3367001	4109319	0	0
FFQ	191	0	0	3784	0	89790	0	226132	288886	1002033	1045270	890837	323339	237526	0	0	71322	0	0	239800	0	600689	977206	2036318	993594	410903	321091	0	0	2464937	0	16285191	19950686	3389960	4108661	0	0
FFQ	192	0	0	2361	0	89832	0	227198	287690	1007607	1049512	890466	323714	237558	0	0	71419	0	0	239233	0	600706	981288	2037717	990644	410848	322800	0	0	2452604	0	16290507	19942484	3389084	4112669	0	0
FFQ	193	0	0	2445	0	92005	0	229906	296770	1025435	1066747	913321	331467	243370	0	0	73358	0	0	241849	0	609054	992956	2067226	997613	417457	325588	0	0	2449225	0	16233447	19881689	3376755	4090244	0	0
FFQ	194	0	0	3537	0	88796	0	227233	287489	1006647	1052712	893827	324089	239321	0	0	71269	0	0	239388	0	598065	972479	2034940	998014	409890	323411	0	0	2455703	0	16273215	19960490	3387805	4109593	0	0
FFQ	195	0	0	74023	0	89854	0	224059	290817	1000133	1044242	903139	328035	234426	0	0	72307	0	0	236572	0	593119	971530	2769865	248121	414183	316805	0	2448504	0	16268831	19947899	3392543	4088898	0	0	0
FFQ	196	0	0	0	0	86744	0	219377	280142	972197	1029987	878731	315448	229423	0	0	68669	0	0	232261	0	584249	971272	1989628	999826	404434	313459	0	0	2461574	0	16375323	20032908	3403414	4108817	0	0
FFQ	197	0	0	1115	0	87825	0	217815	284208	962241	1006390	895048	316482	222304	0	0	71614	0	0	233225	0	583333	963243	1992043	1002830	407909	305790	0	0	2464891	0	16311282	20092917	3420657	4114708	0	0
FFQ	198	0	0	803	0	95311	0	241757	309671	1069311	1106849	953636	343082	248748	0	0	75550	0	0	252788	0	629268	1026808	2864709	258529	426014	330822	0	2427788	0	16068725	19795488	3354055	4078142	0	0	0
FFQ	199	0	0	1586	0	94943	0	245718	310058	1085441	1118169	949711	347439	257447	0	74634	0	0	252830	0	630076	1020182	2118997	997153	426738	337296	0	0	2429301	0	16089859	19761792	3346072	4062404	0	0	0
FFQ	200	0	0	757	0	94334	0	241100	307397	1065610	1098571	951175	343804	246452	0	0	75144	0	0	248183	0	622130	1016846	2847588	255002	426302	331511	0	2437276	0	16111941	19814536	3360881	4061297	0	0	0
FFQ	201	0	0	1402	0	92793	0	235714	300112	1043519	1082230	934741	339731	245021	0	0	74315	0	0	245609	0	610913	998033	2831077	251288	423394	328013	0	2433604	0	16155874	19889205	3371105	4070128	0	0	0
FFQ	202	0	0	734	0	94805	0	237928	307521	1053530	1083735	949543	340515	243336	0	0	74952	0	0	246622	0	619056	1015528	2836091	257140	424160	326392	0	2442348	0	16125135	19842450	3372727	4063565	0	0	0
FFQ	203	0	0	1016	0	95659	0	241343	308208	1065660	1103576	952657	343714	249664	0	0	75442	0	0	249546	0	626216	1020769	2856080	256088	427934	333789	0	2436647	0	16123638	19780940	3347264	4061957	0	0	0
FFQ	204	0	0	37	0	98193	0	246193	318710	1086623	1125747	983465	351946	252123	0	0	78939	0	0	255045	0	634630	1040945	2894261	269127	434614	334448	0	2426333	0	16023584	19707102	3358043	4037695	0	0	0
FFQ	205	0	0	7	0	101945	0	259115	326040	1146119	1176989	995712	364411	270411	0	79438	0	0	263350	0	654239	1058344	2194732	1011803	440849	351412	0	0	2408534	0	15960876	19549384	3317346	4026743	0	0	0
FFQ	206	0	0	0	0	102029	0	254253	325735	1130176	1156834	1001063	360605	262467	0	80686	0	0	259756	0	647288	1060026	2174519	1018419	438603	343679	0	0	2406954	0	15978336	19589354	3339695	4027318	0	0	0
FFQ	207	0	0	1193	0	97681	0	248558	313760	1092513	1134831	972844	351837	256772	0	0	78214	0	0	255634	0	635833	1034267	2896752	262163	433604	340507	0	2419694	0	16068545	19667485	3350238	4044865	0	0	0
FFQ	208	0	0	730	0	94750	0	231150	302801	1027793	1061108	947899	335298	235539	0	0	75603	0	0	243302	0	611422	1006377	2072840	1011963	424573	321810	0	0	2443142	0	16178152	19867850	3399774	4063910	0	0
FFQ	209	0	0	632	0	93712	0	235257	306313	1040973	1076787	962889	340558	238695	0	0	76204	0	0	245679	0	616815	1015638	2084766	1019273	426708	322252	0	0	2428988	0	16113507	19860765	3387316	4064059	0	0
FFQ	210	0	0	710	0	95276	0	239123	311512	1060613	1096217	975307	346415	243975	0	0	74905	0	0	249068	0	621516	1023255	2109592	1008357	432421	327958	0	0	2424801	0	16094390	19797005	3373646	4051722	0	0
FFQ	211	0	0	628	0	97913	0	242834	319537	1081004	1110727	991635	352793	247572	0	0	78116	0	0	251399	0	632628	1044596	2873759	269386	434981	331782	0	2424536	0	16037026	19735600	3366053	4033279	0	0	0
FFQ	212	0	0	290	0	104306	0	261754	341186	1159876	1190662	1042050	374171	265632	0	82859	0	0	265613	0	662914	1088861	2227566	1022693	450246	349834	0	0	2396255	0	15847817	19498268	3325381	3999550	0	0	0
FFQ	213	0	0	1094	0	105491	0	267792	344082	1193412	1222888	1049988	381174	276039	0	82552	0	0	269475	0	669919	1095013	2257635	1017888	454514	357707	0	0	2388720	0	15824390	19408548	3299097	3990366	0	0	0
FFQ	214	0	0	572	0	104306	0	264446	340086	1171393	1199532	1048829	377022	268491	0	82324	0	0	265432	0	662477	1084835	2227683	1021778	450116	350818	0	0	2392629	0	15861486	19476175	3315722	3991631	0	0	0
FFQ	215	0	0	49	0	101813	0	262838	339151	1155025	1185075	1041483	372726	264314	0	80211	0	0	264145	0	657947	1077170	2208692	1016835	447406	347177	0	0	2395425	0	15896396	19513087	3329595	4001222	0	0	0
FFQ	216	0	0	4	0	101518	0	254708	337250	1126962	1156201	1036879	366559	254829	0	80212	0	0	257480	0	646402	1063012	2171532	1019932	444430	338544	0	0	2406223	0	15931397	19606476	3351047	4006185	0	0	0
FFQ	217	0	0	451	0	102673	0	264108	339318	1154901	1193007	1052904	376244	264017	0	81202	0	0	266679	0	660379	1077266	2219586	1020810	453444	348463	0	0	2394010	0	15841579	19522399	3336134	3988208	0	0	0
FFQ	218	0	0	0	0	108808	0	274970	356504	1218078	1242334	1086699	391895	278933	0	84842	0	0	273814	0	682227	1112634	2279902	1026903	462004	362352	0	0	2370321	0	15719268	19342382	3308238	3974674	0	0	0
FFQ	219	0	0	0	0	105113	0	265722	346280	1183289	1209123	1059742	380875	272428	0	81909	0	0	267030	0	666698	1092735	2235145	1020468	455342	353573	0	0	2384210	0	15850811	19434599	3309747	3982943	0	0	0
FFQ	220	0	0	4	0	104157	0	259638	342757	1143255	1170228	1057343	371029	256243	0	83089	0	0	261487	0	653451	1081173	2200457	1030084	447350	341328	0	0	2398773	0	15855108	19547420	3355639	3997769	0	0	0
FFQ	221	0	0	0	0	107856	0	271943	355330	1198224	1226150	1086163	386310	271731	0	84763	0	0	271098	0	674753	1108555	2270498	1025130	459478	355243	0	0	2379679	0	15740090	19399296	3312746	3972746	0	0	0
FFQ	222	0	0	11	0	107322	0	272841	357431	1204485	1227238	1094766	387443	269778	0	84380	0	0	272605	0	678609	1115463	2272928	1021456	459936	354746	0	0	2377494	0	15739154	19381279	3308578	3969839	0	0	0
FFQ	223	0	0	0	0	107395	0	273586	352276	1198444	1227254	1088719	386639	272947	0	84486	0	0	271824	0	675840	1104991	2269037	1026078	461576	356724	0	0	2380244	0	15749724	19397326	3311738	3960934	0	0	0
FFQ	224	0	0	9	0	110822	0	279858	364284	1229671	1248491	1119808	395547	276212	0	87189	0	0	275928	0	688505	1130667	2298505	1027757	467366	359385	0	0	2369786	0	15680796	19297377	3303319	3946500	0	0	0
FFQ	225	0	0	31	112967	0	287461	370177	1267550	1287883	1132943	408236	288156	0	0	87681	0	0	282780	0	702322	1147014	2339187	1028439	474573	370002	0	0	2359969	0	15605687	19197368	3282263	3925093	0	0	0
FFQ	226	0	0	4	0	112595	0	281563	365900	1244825	1260445	1123213	397470	279922	0	88600	0	0	277745	0	691766	1134954	2312220	1037133	466471	363639	0	0	2364115	0	15657088	19265355	3293358	3939401	0	0	0
FFQ	227	0	0	0	0	112271	0	283292	366043	1235077	1260640	1130401	396885	277150	0	89100	0	0	280405	0	692183	1132557	2315678	1043044	467836	362149	0	0	2366282	0	15631411	19290178	3287817	3937382	0	0	0
FFQ	228	0	0	10	117668	0	300417	385372	1314629	1327200	1173873	417173	295075	0	0	92247	0	0	292035	0	721080	1173886	2384054	1047310	479117	376704	0	0	2350039	0	15468489	19078341	3258466	3904596	0	0	0
FFQ	229	0	0	0	122263	0	309314	395471	1353477	1370610	1194385	429222	308631	0	94182	0	0	298104	0	733407	1191073	2429376	312894	1221694	387884	0	0	0	2333192	0	15391907	18956948	3241401	3882346	0	0	0
FFQ	230	0	0	0	120396	0	302390	389541	1327081	1349603	1181617	423838	301293	0	0	93503	0	0	292295	0	723144	1176160	2405688	1049141	483322	381360	0	0	2342219	0	15470797	19015499	3239908	3888986	0	0	0
FFQ	231	0	0	0	0	121499	0	297014	386041	1304626	1328124	1174973	418145	293610	0	95326	0	0	289827	0	716256	1175877	2393007	1058362	481944	377472	0	0	2339996	0	15485358	19069698	3263986	3886640	0	0	0
FFQ	232	0	0	0	125183	0	312648	403600	1369113	1391731	1223760	433042	307109	0	0	97853	0	0	299985	0	741543	1211408	3203637	326072	492407	388976	0	2314720	0	15318775	18910689	3221425	3864105	0	0	0	0
FFQ	233	0	0	0	129711	0	327609	413833	1434955	1455856	1256651	451575	324902	0	99910	0	0	310448	0	763302	1237993	2526183	1059036	500514	402899	0	0	2296083	0	15220096	18722994	3185719	3837512	0	0	0	0
FFQ	234	0	0	3	132425	0	334698	424411	1467331	1476394	1272254	454635	329729	0	101830	0	0	315004	0	773197	1247012	2540327	1064277	501956	406155	0	0	2288569	0	15157969	18660323	3178823	3830459	0	0	0	0
FFQ	235	0	0	0	132975	0	334647	423384	1470689	1491436	1277388	460453	334292	0	102607	0	0	316629	0	777804	1251104	2560364	1063918	507068	407761	0	0	2280547	0	15139564	18633758	3173087	3818306	0	0	0	0
FFQ	236	0	0	0	133258	0	336218	426966	1469438	1486720	1282456	460477	330772	0	102361	0	0	316327	0	778319	1254414	2559225	1064711	508545	408400	0	0	2285296	0	15145642	18614116	3180416	3813704	0	0	0	0
FFQ	237	0	0	0	134821	0	333131	425033	1462447	1476649	1281024	457616	328282	0	103482	0	0	314549	0	772466	1252448	2553477	1069115	506521	406423	0	0	2290025	0	15167842	18625061	3177581	3819788	0	0	0	0
FFQ	238	0	0	0	0	116885	0	295897	380748	1307647	1319390	1182234	412776	289671	0	91681	0	0	288753	0	714790	1169861	2390588	1053177	481159	376738	0	0	2337389	0	15529152	19078277	3247037	3893931	0	0	0
FFQ	239	0	0	0	0	112270	0	278215	370473	1231789	1235887	1166755	397914	269335	0	0	90281	0	0	277918	0	686361	1143150	2306802	1056534	474122	357845	0	0	2361144	0	15579822	19327899	3317530	3915735	0	0
FFQ	240	0	0	0	128453	0	323815	419986	1418612	1432071	1276091	453331	315384	0	0	98602	0	0	308276	0	761411	1241981	2510998	1058384	506768	398408	0	0	2295206	0	15160777	18797188	3211300	3840739	0	0	0
FFQ	241	0	0	0	0	135892	0	343064	439667	1497783	1515727	1316501	473287	337597	103349	0	0	321693	0	788134	1274811	2594512	1062439	516184	415302	0	0	2277739	0	15036983	18536096	3177113	3793908	0	0	0	0
FFQ	242	0	0	0	0	123438	0	313041	402868	1373733	1383526	1234679	436822	307224	0	96170	0	0	298604	0	741182	1205866	2457903	1057373	496724	390818	0	0	2316118	0	15359769	18875323	3231212	3855388	0	0	0
FFQ	243	0	0	0	0	124107	0	300798	401199	1321781	1326466	1234182	425220	288982	0	97897	0	0	292567	0	727173	1205699	2416176	1065961	492462	376445	0	0	2331055	0	15353380	19033871	3275418	3866942	0	0	0
FFQ	244	0	0	1	0	130852	0	330971	426313	1446116	1459589	1294828	460489	324066	0	100652	0	0	312089	0	768456	1252899	2545446	1068584	510717	406685	0	0	2292908	0	15122040	18694548	3184528	3825004	0	0	0
FFQ	245	0	0	0	0	131963	0	337109	433201	1467784	1471565	1320789	466981	323902	0	102738	0	0	315668	0	776013	1259813	2558028	1075284	514848	403702	0	0	2277252	0	15079290	18644849	3196651	3800351	0	0	0
FFQ	246	0	0	0	0	141401	0	352686	455206	1543214	1544450	1357098	486215	341029	0	106695	0	0	327430	0	803075	1299647	2625032	1078490	523523	418084	0	0	2270514	0	14915047	18446684	3152621	3769640	0	0	0
FFQ	247	0	0	0	0	149765	0	370280	471021	1615734	1621910	1407159	507091	360067	0	113372	0	0	341768	0	830352	1337783	2707495	1092871	536704	430484	0	0	2240199	0	14762659	18212922	3122747	3725398	0	0	0
FFQ	248	0	0	0	0	145702	0	362622	458681	1587398	1593443	1374403	495677	356875	0	111687	0	0	332409	0	815415	1313655	2675417	1092690	530961	432169	0	0	2254571	0	14894439	18273415	3115454	3740698	0	0	0
FFQ	249	0	0	0	0	133898	0	330748	428900	1446392	1454378	1312236	459050	318360	0	105274	0	0	314541	0	767719	1251347	2546617	1091314	512581	401969	0	0	2294189	0	15140077	18654394	3206292	3787505	0	0	0
FFQ	250	0	0	0	0	141162	0	343889	449109	1511832	1509556	1358463	476579	332921	0	108233	0	0	322862	0	790445	1293796	2605602	1093031	521331	415074	0	0	2272431	0	14931552	18519289	3181996	3778628	0	0	0
# Last Fragment Qualities. Use `grep ^LFQ | cut -f 2-` to extract this part.
# Columns correspond to qualities and rows to cycles. First column is the cycle number.
LFQ	1	0	0	0	0	0	0	0	0	0	0	2528047	0	0	0	0	0	0	0	0	0	0	0	3486721	0	0	0	0	0	0	50567005	0	0	0	0	0	0
LFQ	2	0	0	0	0	0	0	0	43140	0	131773	135450	501737	578614	484325	143283	108904	0	0	0	33808	0	0	142247	781835	356275	616372	1357227	138171	2839056	160933	16737565	22992398	3630680	4667980	0	0
LFQ	3	0	0	1	0	0	0	0	31507	0	109667	131893	523414	534736	452416	168374	108706	0	0	0	28558	0	0	130496	0	999369	549732	1277289	146108	251032	2963384	0	16791556	23031120	3487891	4864524	0
LFQ	4	0	0	0	0	0	0	0	32355	0	95213	123633	477073	502468	465680	165720	112993	0	0	0	28360	0	0	114833	0	1041047	525997	1215431	162753	252384	2801940	0	17245793	22584212	3569119	5064769	0
LFQ	5	0	0	0	0	0	0	0	30630	0	94329	128062	464430	503628	440591	163470	114271	0	0	0	28606	0	0	113724	0	1041567	536761	1205428	152749	250862	2705110	0	17581248	22461332	3643883	4921092	0
LFQ	6	0	0	79	0	0	29611	0	97284	123615	460185	486350	456559	152901	106499	0	0	0	28838	0	0	118112	0	332607	1256010	1206179	151454	237516	176019	2671716	0	17716543	22501797	3446026	4825873	0	0
LFQ	7	0	0	531	0	0	32146	0	96618	120782	476032	504173	462840	151032	113392	0	0	0	30151	0	0	115369	0	316378	1305970	1198308	155628	235055	183927	2648688	0	17474330	22664626	3572152	4723645	0	0
LFQ	8	0	0	0	0	0	31561	0	103712	135199	473431	506660	456287	156754	115240	0	0	0	28825	0	0	119509	0	329339	1228520	1198756	150412	242632	183626	2649574	0	17649247	22462683	3541382	4818424	0	0
LFQ	9	0	0	0	0	0	37355	0	99303	118662	452849	499727	441436	157011	121356	0	0	0	28941	0	0	118230	0	317136	1250283	1200509	144241	247304	192172	2659264	0	17722977	22276189	3616722	4880106	0	0
LFQ	10	0	0	0	0	0	34417	0	101083	125612	470438	506787	459123	161231	118290	0	0	0	30959	0	0	118092	0	320287	1262777	1184741	146313	245690	187559	2637044	0	17807895	22208045	3582398	4872992	0	0
LFQ	11	0	0	0	0	0	36482	0	110474	120604	471601	524112	462599	161520	121797	0	0	30073	0	0	123481	0	314416	535731	1935404	145054	246965	190002	0	2666293	0	17796970	22207380	3576953	4803862	0	0
LFQ	12	0	0	0	0	0	38460	0	104764	125554	473027	520069	460307	163690	123386	0	0	30627	0	0	122563	0	324240	537698	1959998	142401	248349	194145	0	2671636	0	17759323	22202091	3572444	4807001	0	0
LFQ	13	0	0	0	0	0	36334	0	105515	129789	485128	529189	473356	167040	120098	0	0	31946	0	0	120234	0	323045	538001	1962730	142497	249451	190124	0	2661949	0	17666747	22251666	3583424	4813510	0	0
LFQ	14	0	0	0	0	0	37864	0	109624	148878	491451	539410	488618	169170	121453	0	0	32024	0	0	122316	0	339928	546318	1966113	143875	252829	190059	0	2652369	0	17634531	22248017	3528901	4818025	0	0
LFQ	15	0	0	0	0	0	35927	0	112730	128813	476465	548849	481909	166211	119861	0	0	31316	0	0	123941	0	326088	534507	1963687	142362	250684	191893	0	2655521	0	17641522	22279940	3549737	4819810	0	0
LFQ	16	0	0	0	0	36177	0	113730	143340	487080	541851	481191	171148	123155	0	0	0	32683	0	0	129955	0	343258	539935	1972373	143939	256267	195448	0	2677983	0	17606366	22203365	3554195	4828334	0	0
LFQ	17	0	0	0	0	38558	0	116343	131279	500500	554019	496043	171187	124376	0	0	0	32604	0	0	126750	0	330857	551557	1987079	142463	256609	192551	0	2678822	0	17645716	22153072	3532512	4818876	0	0
LFQ	18	0	0	0	0	37827	0	120099	137976	502290	579169	507850	174150	125868	0	0	0	33164	0	0	130036	0	341686	551530	2013085	145147	256225	197419	0	2664978	0	17641929	22071394	3558222	4791729	0	0
LFQ	19	0	0	1	0	38979	0	118479	149626	507374	584123	498135	187317	127965	0	0	0	34256	0	0	129375	0	348485	556650	2020142	144585	266879	200380	0	2643234	0	17632517	22039626	3565868	4787777	0	0
LFQ	20	0	0	0	0	38235	0	117115	156633	494072	559292	502395	174662	122586	0	0	0	33549	0	0	126911	0	348544	546066	1998826	146523	256161	194005	0	2643764	0	17700658	22108965	3558052	4754759	0	0
LFQ	21	0	0	6	0	40119	0	119576	139462	501333	573102	531034	175562	126500	0	0	0	34375	0	0	128312	0	340719	555068	2014912	146676	258694	198749	0	2645591	0	17664301	22098519	3558884	4730279	0	0
LFQ	22	0	0	0	0	39514	0	123817	143249	502050	576165	529526	177849	127474	0	0	0	34132	0	0	131669	0	342097	560142	2020049	146821	261554	199954	0	2666508	0	17648397	22056638	3559363	4734805	0	0
LFQ	23	0	0	0	0	40759	0	127890	140405	500602	585053	528778	178744	128750	0	0	0	35511	0	0	133836	0	345912	557783	2037511	147459	264755	200963	0	2683856	0	17669100	21975652	3571172	4727282	0	0
LFQ	24	0	0	0	0	43388	0	124406	142342	505946	583123	518849	179222	128644	0	0	0	38107	0	0	131807	0	347924	562304	2037695	148496	266558	200516	0	2637959	0	17704000	21972374	3590937	4717176	0	0
LFQ	25	0	0	15	0	40461	0	122494	143634	503240	584336	504073	180230	127505	0	0	0	36621	0	0	136485	0	351952	569176	2036439	150721	268444	200511	0	2665489	0	17611690	22073609	3578273	4696375	0	0
LFQ	26	0	0	0	0	40558	0	117973	139732	499381	569530	491971	177052	125973	0	0	0	36260	0	0	134077	0	350639	562118	2042277	148532	267329	201586	0	2649107	0	17652892	22108105	3573863	4692818	0	0
LFQ	27	0	0	0	0	41440	0	118550	141026	512709	577215	490934	178825	130479	0	0	0	35663	0	0	135961	0	350009	569310	2036104	148157	267288	207097	0	2652311	0	17692615	22033349	3577602	4685129	0	0
LFQ	28	0	0	0	0	41283	0	118893	142948	514815	582594	494961	179653	130574	0	0	0	35514	0	0	137759	0	355009	568504	2036175	149083	269289	206546	0	2653900	0	17687345	22021937	3592785	4662206	0	0
LFQ	29	0	0	0	0	42005	0	120271	146072	520652	585244	502830	181829	130864	0	0	0	36177	0	0	138251	0	355075	574812	2041234	150558	269430	206032	0	2668832	0	17686026	21995592	3588043	4641944	0	0
LFQ	30	0	0	0	0	43451	0	121855	147301	531653	599575	508681	183821	135272	0	0	0	37425	0	0	139067	0	357297	580815	2074003	150873	272086	210710	0	2656016	0	17640373	21982275	3575876	4633348	0	0
LFQ	31	0	0	1	0	43379	0	122306	147299	531952	595102	510271	184523	133207	0	0	0	37177	0	0	138130	0	359249	578875	2066648	150845	270831	206866	0	2638531	0	17669194	21979076	3582696	4612881	0	0
LFQ	32	0	0	0	0	43204	0	122353	144523	528673	589828	503315	180915	132466	0	0	0	37062	0	0	139599	0	356078	578833	2058396	150832	269797	207256	0	2652845	0	17674558	21978953	3581514	4607825	0	0
LFQ	33	0	0	0	0	43068	0	122276	145579	531126	588466	506293	182890	133381	0	0	0	36611	0	0	139279	0	358190	583020	2052834	151360	269765	208215	0	2632736	0	17635403	22006583	3590937	4605269	0	0
LFQ	34	0	0	0	0	44001	0	123414	146218	544104	601980	510529	182637	135522	0	0	0	36809	0	0	140345	0	361515	588229	2073393	151629	269631	211970	0	2633839	0	17605328	21977093	3572608	4597117	0	0
LFQ	35	0	0	1	0	43952	0	122409	147066	538495	598374	508750	184343	132858	0	0	0	37235	0	0	140283	0	360086	587262	2063707	153930	272978	207982	0	2640828	0	17665434	21939711	3572289	4578581	0	0
LFQ	36	0	0	1	0	44493	0	122141	146520	536183	602752	513408	184726	133440	0	0	0	37842	0	0	140398	0	359846	582140	2078411	155421	273080	208449	0	2639732	0	17608829	21969476	3591007	4551575	0	0
LFQ	37	0	0	1	0	45059	0	124701	150025	548599	604335	517676	185865	134685	0	0	0	38568	0	0	144082	0	366017	596421	2089703	156237	273465	209845	0	2647966	0	17569114	21931029	3574866	4557290	0	0
LFQ	38	0	0	0	0	46650	0	127573	152356	565437	619413	519305	188338	140282	0	0	0	38739	0	0	144590	0	367380	604681	2089612	154459	273310	215138	0	2639000	0	17572064	21870903	3577237	4545331	0	0
LFQ	39	0	0	0	0	46878	0	130244	154492	565694	626872	523758	189708	140003	0	0	0	39362	0	0	146071	0	369853	605483	2095230	156000	276689	215547	0	2643395	0	17533492	21875532	3573809	4531919	0	0
LFQ	40	0	0	0	0	47847	0	129535	152985	569163	627594	523216	188977	142175	0	0	0	39834	0	0	145450	0	370435	607217	2107742	154356	276013	215933	0	2635483	0	17569545	21841815	3556144	4526615	0	0
LFQ	41	0	0	0	0	48780	0	129273	153494	570855	626612	530780	189921	139745	0	0	0	39685	0	0	145147	0	368759	607007	2112855	158300	275094	212643	0	2648742	0	17578033	21809346	3553910	4515221	0	0
LFQ	42	0	0	0	0	48366	0	129825	156365	582239	634527	532509	192302	144674	0	0	0	39781	0	0	145911	0	373671	613803	2119257	156854	278331	220353	0	2633896	0	17565007	21732803	3585297	4515120	0	0
LFQ	43	0	0	1178	0	48295	0	131840	155301	577478	633055	531728	194367	141470	0	0	39632	0	0	147826	0	372307	609505	1351159	908243	276909	215146	0	0	2631437	0	17585680	21732512	3584466	4519596	0	0
LFQ	44	0	0	0	0	49227	0	131947	155670	582152	634225	535709	193223	143838	0	0	0	39442	0	0	147705	0	375062	618363	2115024	157841	278794	217213	0	2632500	0	17571877	21729806	3561027	4506694	0	0
LFQ	45	0	0	14	0	49385	0	132983	158393	586133	639420	541847	196407	144986	0	0	0	40186	0	0	148909	0	375712	619950	2126950	160560	281223	216796	0	2653862	0	17490141	21737403	3567368	4497896	0	0
LFQ	46	0	0	0	0	50697	0	136168	163068	602537	656471	549848	199403	146808	0	0	41128	0	0	151720	0	382326	628944	1389289	917659	282755	220970	0	0	2642986	0	17504162	21649978	3554722	4482068	0	0
LFQ	47	0	0	25	0	52930	0	137082	164139	603590	654752	552984	200000	146268	0	0	42755	0	0	151792	0	383827	631991	1389813	923583	284646	219317	0	0	2635502	0	17502474	21632677	3551477	4480637	0	0
LFQ	48	0	0	0	0	50116	0	135711	160648	597523	656032	549068	197265	146141	0	0	0	41243	0	0	151180	0	382065	631549	2137256	160583	283049	221268	0	2617209	0	17455435	21720371	3567222	4469513	0	0
LFQ	49	0	0	334	0	51445	0	135059	165194	600916	658769	555868	201189	143960	0	0	0	42106	0	0	149940	0	385166	629231	2153330	164725	284586	216432	0	2614462	0	17423938	21728166	3557288	4457664	0	0
LFQ	50	0	0	210	0	51710	0	137128	164934	609980	665023	561710	199658	146690	0	0	41744	0	0	151066	0	384962	638179	1406174	914257	285223	219179	0	0	2599608	0	17443034	21696517	3542802	4449293	0	0
LFQ	51	0	0	286	0	51912	0	138991	165801	611775	673727	569741	202546	146018	0	0	41611	0	0	153635	0	389614	637965	1414229	902996	287028	217059	0	0	2613764	0	17430621	21675047	3529185	4444410	0	0
LFQ	52	0	0	0	0	52367	0	140713	167279	618692	673400	570631	204055	148290	0	0	41449	0	0	154562	0	389970	644961	1415274	897676	287130	220289	0	0	2616431	0	17437198	21617449	3553311	4435828	0	0
LFQ	53	0	0	0	0	54120	0	141657	166914	624751	678952	569599	204059	151058	0	0	43344	0	0	155635	0	388462	647662	1418925	925224	287167	222305	0	0	2616005	0	17389269	21607720	3545167	4438900	0	0
LFQ	54	0	0	0	0	52596	0	139538	165337	625196	676208	565637	203077	152851	0	0	0	41813	0	0	154424	0	390064	645923	2166465	163805	287080	226135	0	2603370	0	17409462	21590286	3556028	4451169	0	0
LFQ	55	0	0	1	0	53886	0	141281	172645	629023	675786	581773	207712	148071	0	0	42703	0	0	155668	0	395625	650851	1428341	906013	291738	221083	0	0	2603791	0	17394681	21566711	3549676	4439399	0	0
LFQ	56	0	0	0	0	54881	0	143310	169279	642193	691039	578045	208347	156146	0	0	43103	0	0	156106	0	394826	656888	1434127	910846	292133	227841	0	0	2600821	0	17355097	21565179	3533941	4431764	0	0
LFQ	57	0	0	0	0	55536	0	143103	173054	636111	687210	587395	207488	150473	0	0	43619	0	0	155707	0	396002	652918	1433045	918064	289337	220881	0	0	2599181	0	17370930	21562574	3545428	4407661	0	0
LFQ	58	0	0	0	0	56298	0	146857	178009	655503	706002	594367	212479	156298	0	0	43866	0	0	159416	0	402652	666628	1451580	918674	293310	225994	0	0	2602535	0	17349349	21485511	3525136	4395649	0	0
LFQ	59	0	0	0	0	57276	0	147788	177648	656038	707703	595804	212660	157235	0	0	44652	0	0	159352	0	399884	665621	1444449	916854	291848	226307	0	0	2606307	0	17319963	21483699	3533126	4403855	0	0
LFQ	60	0	0	0	0	57687	0	147319	178171	657090	709018	598364	216552	155811	0	0	44768	0	0	159395	0	402965	665316	1451210	919252	296717	226311	0	0	2604899	0	17300960	21472200	3517915	4413644	0	0
LFQ	61	0	0	0	0	58049	0	150723	182526	673207	718499	607355	216760	160305	0	0	44930	0	0	162709	0	409127	674645	1464570	912957	297573	229111	0	0	2601532	0	17267150	21442356	3524591	4386804	0	0
LFQ	62	0	0	0	0	58717	0	149089	178440	663069	717476	598980	214408	159694	0	0	45335	0	0	162745	0	407435	672404	1469504	915107	295608	230470	0	0	2598941	0	17288958	21411892	3543271	4393271	0	0
LFQ	63	0	0	0	0	59691	0	150305	182370	675291	718555	604096	216845	160437	0	0	45372	0	0	162336	0	410464	676332	1471853	917753	298084	230573	0	0	2592868	0	17252241	21416397	3523982	4400135	0	0
LFQ	64	0	0	1	0	59962	0	151377	180906	674528	723395	609776	217023	161029	0	0	45941	0	0	162494	0	409991	678204	1476260	924027	299351	231441	0	0	2593488	0	17240755	21420165	3508986	4386648	0	0
LFQ	65	0	0	0	0	60176	0	150677	182798	674865	722602	611526	218976	161273	0	0	45543	0	0	160558	0	410293	678076	1474093	919401	300602	230627	0	0	2576253	0	17253911	21411124	3514667	4388173	0	0
LFQ	66	0	0	0	0	59401	0	150966	184259	674829	724340	612450	220584	159412	0	0	45434	0	0	162381	0	408537	676611	1472217	913786	300221	227941	0	0	2585525	0	17251259	21395943	3522991	4387908	0	0
LFQ	67	0	0	0	0	61352	0	157260	189711	694443	738773	631233	222927	163357	0	0	47400	0	0	167026	0	419314	692504	1496790	919903	303277	231960	0	0	2591464	0	17180036	21336972	3510785	4372025	0	0
LFQ	68	0	0	0	0	61744	0	157751	184509	696399	744192	619242	219456	167145	0	0	46813	0	0	168780	0	417852	694836	1504851	925408	301135	237449	0	0	2588281	0	17171381	21356822	3489002	4367240	0	0
LFQ	69	0	0	0	0	61591	0	152568	182096	677865	727291	615895	219437	160174	0	0	47048	0	0	163688	0	410029	679910	1481040	925457	300206	228108	0	0	2591402	0	17254945	21367899	3499316	4366415	0	0
LFQ	70	0	0	1	0	62554	0	151828	184101	680933	732020	621431	221099	159967	0	0	47562	0	0	163877	0	411732	683795	1482228	920897	302333	229262	0	0	2595327	0	17219894	21348590	3520809	4364557	0	0
LFQ	71	0	0	0	0	61504	0	153787	187651	687031	739284	626083	223558	162048	0	0	45936	0	0	165135	0	415599	687295	1492797	913872	305075	231845	0	0	2592395	0	17165631	21361573	3515831	4363120	0	0
LFQ	72	0	0	1	0	64341	0	157450	189368	705356	754887	637216	225883	166149	0	0	47685	0	0	167530	0	421578	695535	1511225	909512	304900	233729	0	0	2569733	0	17168496	21297934	3503047	4358170	0	0
LFQ	73	0	0	0	0	63816	0	158804	192793	710431	755226	639864	228096	166791	0	0	47662	0	0	168330	0	422963	698580	1510446	913878	308264	235966	0	0	2571043	0	17163802	21267225	3510568	4348179	0	0
LFQ	74	0	0	0	0	65610	0	161314	197882	724594	772846	648136	231710	171291	0	0	48022	0	0	169633	0	427199	705141	1526995	909198	310140	238594	0	0	2578031	0	17122705	21233991	3486636	4345601	0	0
LFQ	75	0	0	0	0	65074	0	163756	197466	727717	771525	656110	231510	170402	0	0	48482	0	0	170876	0	427637	709949	1529117	914299	309544	237044	0	0	2581347	0	17105863	21209248	3492686	4348627	0	0
LFQ	76	0	0	0	0	65759	0	162364	199170	724020	773485	656376	231362	170019	0	0	48640	0	0	170882	0	430358	713954	1539000	920697	311350	237777	0	0	2566337	0	17070714	21220176	3508461	4339902	0	0
LFQ	77	0	0	0	0	65566	0	161805	196247	729544	777240	649840	232109	172278	0	0	48939	0	0	169616	0	428521	706207	1540898	917994	311038	241179	0	0	2562361	0	17092555	21224923	3484841	4340238	0	0
LFQ	78	0	0	0	0	65544	0	159712	197520	720057	765714	660430	233785	166019	0	0	48558	0	0	168643	0	426189	707438	1529089	917251	312394	232389	0	0	2570953	0	17102269	21217109	3500767	4345101	0	0
LFQ	79	0	0	1	0	66202	0	162546	199469	737069	784146	661524	236135	173229	0	0	49244	0	0	171797	0	432112	715462	1548307	919908	313752	240000	0	0	2560022	0	17047303	21199950	3487969	4334022	0	0
LFQ	80	0	0	0	0	68606	0	166354	203181	748054	795470	674393	237477	174037	0	0	50219	0	0	175519	0	438561	724611	1570626	923392	315092	241496	0	0	2560048	0	17005447	21170950	3469879	4319887	0	0
LFQ	81	0	0	0	0	68605	0	166767	202111	750734	797837	669161	236615	175485	0	0	50234	0	0	174416	0	435475	721235	1559990	922489	312674	242185	0	0	2561775	0	17030009	21157691	3474552	4313805	0	0
LFQ	82	0	0	0	0	69365	0	167394	202328	747502	793970	678918	237819	174358	0	0	50648	0	0	174564	0	436236	725443	1561135	924624	316307	240966	0	0	2567899	0	17013187	21153954	3481237	4298941	0	0
LFQ	83	0	0	0	0	69935	0	169224	206408	762940	801225	683081	240357	178964	0	0	50844	0	0	177881	0	443144	736220	1577608	923349	317935	245051	0	0	2567612	0	16988953	21093336	3477836	4298699	0	0
LFQ	84	0	0	0	0	68847	0	169672	205460	762985	803225	680385	241264	178376	0	0	49925	0	0	177694	0	441957	731918	1576007	920371	319017	244745	0	0	2566477	0	16983801	21086361	3488403	4307278	0	0
LFQ	85	0	0	0	0	70660	0	170191	210947	762141	809607	689334	243841	177460	0	0	51506	0	0	177010	0	445020	736670	1583959	924371	321616	243653	0	0	2559051	0	16955069	21078471	3488752	4298593	0	0
LFQ	86	0	0	0	0	72276	0	175754	216095	793220	829546	703691	247310	183843	0	0	51722	0	0	182785	0	455981	755051	1613699	920853	324561	249227	0	0	2552141	0	16920726	20985222	3459483	4296297	0	0
LFQ	87	0	0	0	0	73706	0	178468	216062	806979	843744	709685	251052	188800	0	0	53057	0	0	183328	0	458872	763584	1632535	934163	328159	255429	0	0	2535952	0	16887436	20934213	3455847	4292692	0	0
LFQ	88	0	0	0	0	73827	0	177663	217420	806048	844885	709889	253108	188084	0	0	53000	0	0	182646	0	457525	758607	1628050	929025	327974	254467	0	0	2530527	0	16877530	20974562	3446041	4287599	0	0
LFQ	89	0	0	0	0	72958	0	177668	216178	802946	837528	710125	249789	185839	0	0	51946	0	0	181291	0	455811	753268	1613205	921682	324924	251569	0	0	2536345	0	16898293	21014314	3434683	4283180	0	0
LFQ	90	0	0	0	0	75606	0	181638	223836	813896	851417	731618	256158	187434	0	0	53189	0	0	183992	0	464403	769130	1640355	923058	329176	251683	0	0	2543164	0	16839198	20938382	3453909	4257848	0	0
LFQ	91	0	0	4	0	76648	0	186088	221875	829298	869804	726888	257201	192201	0	53983	0	0	188233	0	464310	770123	1649005	189409	1070963	257386	0	0	0	2536581	0	16831626	20891611	3438536	4262447	0	0
LFQ	92	0	0	0	0	76690	0	181791	223009	819056	855623	728141	255365	187750	0	0	54103	0	0	185711	0	463766	765614	1636473	932846	329859	252331	0	0	2534033	0	16875192	20888759	3448705	4264908	0	0
LFQ	93	0	0	0	0	76122	0	180580	220521	809804	853234	726069	256857	187512	0	0	54863	0	0	183667	0	458681	755671	1624103	936821	330115	250417	0	0	2537639	0	16853372	20930679	3464302	4264028	0	0
LFQ	94	0	0	0	0	76545	0	181615	224909	812552	860710	731035	260696	187209	0	0	54165	0	0	185741	0	461547	764900	1642936	929439	334423	251838	0	0	2539604	0	16799036	20939369	3440146	4272733	0	0
LFQ	95	0	0	141	0	76870	0	183411	228503	831095	873345	741456	261604	191518	0	0	54680	0	0	186093	0	469581	773405	1662018	928829	335733	255910	0	0	2535218	0	16787561	20865140	3439032	4265438	0	0
LFQ	96	0	0	38	0	75601	0	185143	227327	828244	865136	745892	262333	191664	0	0	53829	0	0	186977	0	469492	777100	1657174	919915	336374	256660	0	0	2524077	0	16823523	20836909	3459945	4259293	0	0
LFQ	97	0	0	0	0	76884	0	187392	228654	837515	877473	742619	262656	194574	0	0	53741	0	0	188823	0	470824	779826	1660863	919409	336901	258594	0	0	2532069	0	16794234	20837968	3445492	4252527	0	0
LFQ	98	0	0	0	0	78149	0	185374	226995	833010	872399	742675	262281	193462	0	0	54603	0	0	187229	0	467134	778054	1658159	927716	337820	257392	0	0	2523031	0	16789045	20864250	3448954	4247104	0	0
LFQ	99	0	0	0	0	77741	0	182865	227320	828193	873599	747121	264052	192049	0	0	54915	0	0	184927	0	466243	772924	1661133	927058	339414	256564	0	0	2522263	0	16771934	20890570	3443878	4247059	0	0
LFQ	100	0	0	0	0	78910	0	188617	234203	849479	887587	763334	267194	194554	0	0	54344	0	0	188489	0	474769	787564	1681705	918067	340273	258651	0	0	2521686	0	16741456	20830466	3435311	4232202	0	0
LFQ	101	0	0	0	0	80460	0	190402	234448	862913	898179	763008	267365	197026	0	55304	0	0	190580	0	477717	794580	1686228	198941	1067554	260386	0	0	0	2522460	0	16746809	20783534	3427476	4220327	0	0
LFQ	102	0	0	0	0	79803	0	189927	234097	856650	896850	768969	269309	197641	0	0	55060	0	0	190662	0	476533	792810	1691197	928669	341046	259820	0	0	2525333	0	16755691	20760482	3441745	4210157	0	0
LFQ	103	0	0	0	0	81600	0	193854	237360	873273	909758	780047	271719	199162	0	56256	0	0	194093	0	482917	803843	1705677	203165	1068949	261695	0	0	0	2521550	0	16723596	20697641	3440251	4213146	0	0
LFQ	104	0	0	0	0	83444	0	198708	246967	899572	933542	789606	278731	208960	0	57517	0	0	197945	0	494523	819646	1740520	934352	349502	272265	0	0	2505275	0	16666474	20613966	3425847	4199535	0	0	0
LFQ	105	0	0	0	0	83997	0	197683	242537	892489	929241	784508	276368	206683	0	57483	0	0	195970	0	487089	811458	1721872	941625	345410	268406	0	0	2518223	0	16660695	20670179	3416011	4206325	0	0	0
LFQ	106	0	0	0	0	82026	0	190797	236690	859758	900157	777492	268556	195255	0	0	56798	0	0	191158	0	477612	792112	1685627	943182	338769	255703	0	0	2522008	0	16692425	20788550	3441795	4214927	0	0
LFQ	107	0	0	1	0	83682	0	195678	248917	887236	918424	803638	279169	200384	0	57731	0	0	195342	0	490852	814944	1722909	207309	1080805	262678	0	0	0	2509774	0	16617578	20701218	3422342	4208002	0	0
LFQ	108	0	0	0	0	83663	0	201804	247417	903032	934753	797761	279233	205439	0	57594	0	0	199871	0	494437	816817	1740593	939116	351212	267745	0	0	2513093	0	16594309	20670925	3401358	4205765	0	0	0
LFQ	109	0	0	0	0	83380	0	195868	241223	884218	917305	794579	275214	200617	0	0	57467	0	0	195190	0	483155	808369	1712179	937004	347187	261017	0	0	2507453	0	16642199	20726440	3421341	4211867	0	0
LFQ	110	0	0	0	0	85131	0	196542	246139	890087	922165	806926	278634	201913	0	57903	0	0	195022	0	487661	814935	1721930	208380	1076530	262905	0	0	0	2508010	0	16628442	20690848	3417051	4203410	0	0
LFQ	111	0	0	0	0	86958	0	203519	255932	920640	953901	824047	287144	208266	0	58985	0	0	200953	0	503951	830800	1766717	931724	355173	269994	0	0	2502241	0	16573779	20576993	3407541	4178806	0	0	0
LFQ	112	0	0	0	87383	0	207452	254370	934722	962776	822840	285893	212782	0	0	59432	0	0	202283	0	502615	836861	1765440	942180	351981	272927	0	0	2503910	0	16569174	20552631	3388082	4179849	0	0	0
LFQ	113	0	0	0	0	88616	0	205717	254605	925639	953818	829650	284259	208992	0	59941	0	0	201879	0	500263	833607	1760318	943806	351629	268200	0	0	2516545	0	16566197	20561226	3409215	4168937	0	0	0
LFQ	114	0	0	0	0	88688	0	209486	256167	938853	967350	830159	289621	215197	0	60189	0	0	204842	0	503961	838596	1773982	943412	355458	274893	0	0	2505545	0	16555586	20506172	3406985	4165502	0	0	0
LFQ	115	0	0	0	0	90392	0	206943	258164	934758	961208	834375	289305	211427	0	61352	0	0	202155	0	504673	839922	1766768	947124	356932	271061	0	0	2501254	0	16555333	20513581	3412309	4169267	0	0	0
LFQ	116	0	0	1	0	89608	0	207935	259245	944576	971854	838591	292895	214890	0	60850	0	0	204104	0	509412	843565	1783425	943074	358076	272916	0	0	2486119	0	16512549	20522319	3394698	4175367	0	0	0
LFQ	117	0	0	0	0	89942	0	209537	260254	947323	975164	841855	293342	213324	0	60462	0	0	204884	0	507021	843147	1781553	940095	357772	271677	0	0	2487221	0	16494634	20549024	3384638	4171078	0	0	0
LFQ	118	0	0	0	0	89864	0	209172	262776	948794	975181	849245	293445	213132	0	61061	0	0	202271	0	509733	844252	1787300	946986	360161	273023	0	0	2493213	0	16504525	20502506	3394576	4160722	0	0	0
LFQ	119	0	0	0	0	89602	0	211551	265643	959893	983639	858463	296629	215829	0	61337	0	0	206781	0	513947	850601	1801822	943288	364040	275751	0	0	2489359	0	16475115	20470375	3396263	4150151	0	0	0
LFQ	120	0	0	0	92388	0	216550	270472	975748	1002138	861857	300522	221975	0	0	62096	0	0	210727	0	521747	863763	1820727	950227	365029	279453	0	0	2484292	0	16418739	20426477	3383762	4149182	0	0	0
LFQ	121	0	0	0	91686	0	214019	270230	980841	1004199	869537	301859	220437	0	0	62273	0	0	207624	0	518797	866014	1826779	946437	366514	277289	0	0	2480300	0	16444475	20414222	3371646	4140916	0	0	0
LFQ	122	0	0	1	92970	0	214174	267004	971560	1003499	866751	300360	217071	0	0	62900	0	0	207626	0	516152	856782	1813882	947878	363676	274726	0	0	2483033	0	16459880	20425839	3386857	4141603	0	0	0
LFQ	123	0	0	0	93621	0	216217	276045	986192	1007068	884556	303684	217804	0	0	62084	0	0	209545	0	525378	869541	1821789	943188	366247	275246	0	0	2479562	0	16415214	20382706	3393247	4143528	0	0	0
LFQ	124	0	0	0	95357	0	221560	281087	1010852	1030907	894332	310509	226574	0	0	62826	0	0	212935	0	530096	881278	1848194	944673	371275	282305	0	0	2473168	0	16380802	20314284	3371279	4126532	0	0	0
LFQ	125	0	0	0	96640	0	225054	282448	1019595	1036851	904048	310779	227124	0	0	64195	0	0	214824	0	532319	883909	1851977	951567	369162	281014	0	0	2474711	0	16350486	20306892	3366244	4119331	0	0	0
LFQ	126	0	0	1	95067	0	221805	275018	1007061	1028920	894354	307952	225965	0	0	63828	0	0	213841	0	529932	874434	1844001	949890	371063	282496	0	0	2482760	0	16380878	20318257	3372211	4127897	0	0	0
LFQ	127	0	0	142	94330	0	214510	273973	989184	1014798	885206	306513	220623	0	0	63127	0	0	208192	0	522678	865583	1827200	952079	368886	276948	0	0	2479144	0	16422580	20361790	3383247	4135489	0	0	0
LFQ	128	0	0	0	96472	0	216481	278909	988220	1021017	900293	308502	219801	0	0	64775	0	0	209883	0	525697	873132	1839947	958576	372447	276905	0	0	2475442	0	16377102	20348958	3388292	4123983	0	0	0
LFQ	129	0	0	0	96901	0	226317	282232	1021054	1045106	909790	313982	227808	0	0	63801	0	0	216632	0	537278	889571	1868309	951149	375461	283912	0	0	2472815	0	16321810	20288235	3358215	4113113	0	0	0
LFQ	130	0	0	0	0	95987	0	220403	276256	1004351	1021781	898108	306755	224936	0	64304	0	0	212510	0	527212	877243	1840495	954891	370204	280644	0	0	2479358	0	16359721	20345896	3379889	4121189	0	0	0
LFQ	131	0	0	0	0	96776	0	219696	281869	1001562	1021931	907698	310004	221359	0	65223	0	0	212096	0	529776	879134	1847018	954956	373074	277902	0	0	2482852	0	16344312	20337716	3379925	4115938	0	0	0
LFQ	132	0	0	0	98073	0	225979	285873	1022831	1042176	918799	315536	226199	0	0	64845	0	0	215619	0	534165	887324	1859035	952726	375477	282018	0	0	2483282	0	16317653	20276539	3371845	4103593	0	0	0
LFQ	133	0	0	2	98680	0	226505	285605	1032889	1045984	927574	317189	227349	0	0	64314	0	0	215481	0	535344	890804	1858931	950768	376554	281800	0	0	2460074	0	16307342	20269245	3378043	4108007	0	0	0
LFQ	134	0	0	0	101933	0	231586	295780	1057134	1078344	946420	326889	234210	0	0	67794	0	0	219828	0	550192	910845	1911935	954276	384857	288996	0	0	2452554	0	16254217	20155654	3349761	4084277	0	0	0
LFQ	135	0	0	0	103665	0	236157	297294	1074400	1094890	946902	329620	239141	0	0	68292	0	0	224095	0	552610	917158	1921576	960937	384935	293586	0	0	2455224	0	16229044	20105990	3343001	4077951	0	0	0
LFQ	136	0	0	0	104901	0	237113	302605	1079373	1094305	959234	328896	236569	0	0	69534	0	0	224520	0	558323	924252	1932318	974900	383239	291546	0	0	2453821	0	16192778	20091549	3344961	4070772	0	0	0
LFQ	137	0	0	13	104540	0	238854	297352	1076725	1094536	957760	328566	240296	0	0	68764	0	0	222992	0	552152	915841	1918872	972051	383334	292885	0	0	2451475	0	16210122	20115887	3337164	4074503	0	0	0
LFQ	138	0	0	14	106228	0	234377	295370	1066781	1076960	956574	326722	237533	0	0	69251	0	0	221964	0	549170	908047	1908369	974037	382795	289824	0	0	2456362	0	16234725	20136862	3348254	4073567	0	0	0
LFQ	139	0	0	35	106497	0	235201	301425	1085119	1094729	967493	330947	239356	0	0	69275	0	0	223359	0	555027	929330	1931998	971909	387601	293974	0	0	2444868	0	16181989	20095099	3344173	4063496	0	0	0
LFQ	140	0	0	0	103788	0	236574	299289	1079405	1096928	964587	328183	238154	0	0	68481	0	0	223070	0	554164	920373	1930905	969795	387617	293915	0	0	2445483	0	16174427	20131020	3340543	4065187	0	0	0
LFQ	141	0	0	0	102447	0	232835	299268	1074773	1083890	966826	331203	236269	0	0	67678	0	0	221392	0	553597	921623	1923363	960333	388732	291769	0	0	2448678	0	16188019	20130516	3358693	4069005	0	0	0
LFQ	142	0	0	0	104006	0	237522	304812	1087860	1101853	981359	335541	238956	0	0	68244	0	0	223278	0	558293	925672	1933760	956097	391349	291904	0	0	2443564	0	16167280	20082135	3345430	4069543	0	0	0
LFQ	143	0	0	0	104553	0	238576	302722	1083314	1101041	972837	332629	236949	0	0	68208	0	0	223967	0	558618	920609	1927129	960495	387284	291057	0	0	2454830	0	16189219	20077577	3343743	4072168	0	0	0
LFQ	144	0	0	0	109145	0	242050	318660	1111685	1124552	1011118	343581	241154	0	71320	0	0	226459	0	568688	943840	1958376	249116	1120175	293467	0	0	0	2436249	0	16080062	20006002	3350640	4040417	0	0	0
LFQ	145	0	0	4	110958	0	259421	325081	1171917	1188023	1034825	355123	257710	0	71526	0	0	237435	0	588580	968533	2026333	248854	1123199	307383	0	0	0	2418054	0	15976553	19852199	3302819	4021503	0	0	0
LFQ	146	0	0	0	114291	0	254726	325275	1175321	1180193	1035443	354676	260058	0	74137	0	0	236752	0	589971	974258	2041446	252523	1129716	311190	0	0	0	2419273	0	15973525	19818953	3303362	4020202	0	0	0
LFQ	147	0	0	0	111144	0	251815	317802	1156917	1160617	1016659	347407	255317	0	71736	0	0	233840	0	580937	960772	2007216	248127	1123500	304905	0	0	0	2425417	0	16055023	19879255	3307875	4028339	0	0	0
LFQ	148	0	0	0	111535	0	247378	320735	1139294	1149665	1021873	344884	248375	0	71960	0	0	229766	0	577550	957378	1992549	251334	1114846	300445	0	0	0	2422982	0	16063261	19916865	3330899	4030371	0	0	0
LFQ	149	0	0	393	110311	0	250402	318322	1143544	1150615	1023696	343876	246805	0	70493	0	0	230635	0	573092	952336	1979815	247784	1114877	298415	0	0	0	2419913	0	16051893	19943112	3331306	4041646	0	0	0
LFQ	150	0	0	0	114634	0	252214	321898	1151603	1162318	1037501	349836	251013	0	74081	0	0	235193	0	580454	966516	2017600	256122	1124748	302401	0	0	0	2419973	0	15981704	19905609	3319657	4017422	0	0	0
LFQ	151	0	0	0	113961	0	256384	323216	1175508	1181417	1041551	354915	257954	0	73220	0	0	237494	0	588049	973566	2039196	253455	1125660	309848	0	0	0	2415004	0	15974667	19837447	3301947	4007276	0	0	0
LFQ	152	0	0	0	114463	0	252527	324442	1165183	1164217	1040545	352429	253569	0	73284	0	0	234666	0	582961	971374	2021413	254946	1124491	304550	0	0	0	2421906	0	15997362	19857879	3310049	4018727	0	0	0
LFQ	153	0	0	0	112065	0	253530	324378	1164734	1168629	1045694	352314	252443	0	73023	0	0	234364	0	584926	967597	2019630	255076	1122103	303823	0	0	0	2420629	0	16007883	19849960	3321860	4005515	0	0	0
LFQ	154	0	0	0	115673	0	252412	329218	1162246	1165186	1045906	355526	251905	0	75205	0	0	234808	0	585561	972766	2014462	256938	1134291	302636	0	0	0	2425170	0	15986668	19847315	3318496	4006209	0	0	0
LFQ	155	0	0	0	119062	0	261424	332884	1197928	1195683	1069016	361067	260168	0	75041	0	0	239955	0	595407	989143	2045342	259799	1134273	308950	0	0	0	2415348	0	15917591	19761227	3297485	4000954	0	0	0
LFQ	156	0	0	0	120713	0	264933	342602	1228581	1225757	1089134	371240	267915	0	76969	0	0	243176	0	604287	1003962	2089439	266128	1138166	316595	0	0	0	2399346	0	15876996	19647261	3287314	3976505	0	0	0
LFQ	157	0	0	0	121314	0	268869	341894	1232659	1225896	1091394	369196	269421	0	76487	0	0	243922	0	605196	1000493	2081700	982826	412777	316450	0	0	2399334	0	15869878	19661776	3289035	3975705	0	0	0	0
LFQ	158	0	0	0	121557	0	264924	340833	1220753	1220712	1093430	365934	263365	0	78279	0	0	244221	0	603885	1005918	2088225	267523	1133257	313004	0	0	0	2408003	0	15844227	19692499	3290644	3974164	0	0	0
LFQ	159	0	0	0	117899	0	260366	328452	1192600	1191952	1066294	358904	257214	0	74677	0	0	237929	0	589131	980209	2042388	258927	1131507	306207	0	0	0	2414626	0	15945693	19796902	3294802	3987865	0	0	0
LFQ	160	0	0	0	122229	0	261030	338360	1200854	1196442	1096111	364279	258002	0	78057	0	0	240730	0	597108	997407	2061988	270204	1134302	305879	0	0	0	2416734	0	15859662	19753810	3295921	3984661	0	0	0
LFQ	161	0	0	99	123725	0	274405	350011	1263445	1258266	1110915	381088	277278	0	78987	0	0	249737	0	620120	1021684	2131941	990886	424290	328053	0	0	2388061	0	15767185	19569590	3264770	3958586	0	0	0	0
LFQ	162	0	0	0	122696	0	269910	346498	1241444	1234144	1111053	375602	268012	0	78149	0	0	245932	0	610600	1011788	2099882	267546	1145468	319711	0	0	0	2387792	0	15795020	19655638	3284320	3961275	0	0	0
LFQ	163	0	0	0	124907	0	276090	354169	1271310	1266228	1129156	382905	276452	0	79163	0	0	250213	0	622346	1027288	2140900	995328	426712	325481	0	0	2380775	0	15722627	19570423	3265357	3944076	0	0	0	0
LFQ	164	0	0	0	124443	0	278395	353105	1278554	1271860	1132621	382971	277038	0	78505	0	0	251763	0	622539	1026588	2136857	993636	423504	324274	0	0	2380022	0	15734797	19557477	3266019	3936346	0	0	0	0
LFQ	165	0	0	0	128313	0	279684	362095	1291037	1276373	1152913	385644	278228	0	80745	0	0	253691	0	628224	1043618	2149669	998109	425566	325304	0	0	2384355	0	15693573	19510937	3261283	3921451	0	0	0	0
LFQ	166	0	0	0	128558	0	281413	359490	1291745	1288196	1144436	386801	281167	0	80800	0	0	254751	0	626633	1036843	2155149	1004153	423408	328505	0	0	2383336	0	15694688	19487966	3262978	3929358	0	0	0	0
LFQ	167	0	0	0	131338	0	281095	365660	1296843	1281388	1159558	385663	276747	0	82308	0	0	253325	0	632054	1043317	2155202	1016932	426068	323676	0	0	2370621	0	15669958	19504199	3253368	3920697	0	0	0	0
LFQ	168	0	0	0	129844	0	285805	365317	1327396	1310849	1170644	392316	285252	0	81646	0	0	258426	0	636325	1053869	2187432	1007018	430805	332991	0	0	2364922	0	15645336	19426000	3232823	3904627	0	0	0	0
LFQ	169	0	0	0	134082	0	290946	370558	1332041	1320709	1188223	394902	286861	0	83851	0	0	261902	0	642263	1059923	2196866	1013934	433991	332554	0	0	2367815	0	15583435	19396956	3235053	3902430	0	0	0	0
LFQ	170	0	0	0	136067	0	294761	378390	1363790	1349563	1201761	406681	294833	0	85528	0	0	264545	0	653805	1074509	2240704	1015576	441722	341512	0	0	2349129	0	15540239	19289194	3213821	3892874	0	0	0	0
LFQ	171	0	0	0	136485	0	293821	375175	1351509	1332264	1196593	395607	290650	0	84954	0	0	261994	0	647982	1069938	2214442	1018151	430647	335548	0	0	2355335	0	15552804	19357265	3226988	3900582	0	0	0	0
LFQ	172	0	0	0	127609	0	276502	357091	1285218	1271502	1159195	381487	275257	0	81394	0	0	251118	0	623091	1036094	2150894	1011359	425437	324484	0	0	2370477	0	15700648	19523625	3268430	3927579	0	0	0	0
LFQ	173	0	0	272	127304	0	275672	361131	1282610	1268673	1170497	385467	271314	0	81405	0	0	251082	0	622618	1037706	2141666	1000736	428822	319165	0	0	2374924	0	15667027	19561007	3266544	3932593	0	0	0	0
LFQ	174	0	0	0	131187	0	282730	364326	1304654	1303175	1177142	395282	281548	0	82615	0	0	255081	0	632161	1048273	2179932	1006889	435362	330158	0	0	2367793	0	15629197	19466440	3246892	3907172	0	0	0	0
LFQ	175	0	0	0	129624	0	274350	359021	1283384	1267933	1167333	384091	272322	0	81247	0	0	249869	0	620631	1042893	2139849	285061	1150595	320357	0	0	0	2371019	0	15684055	19552347	3271821	3919990	0	0	0
LFQ	176	0	0	0	130367	0	282613	369744	1312340	1298601	1197767	394740	278819	0	82074	0	0	255961	0	633077	1056478	2174657	1003123	433766	325349	0	0	2363977	0	15603296	19463279	3268696	3898877	0	0	0	0
LFQ	177	0	0	0	137013	0	292112	380846	1350332	1331291	1217609	404466	288458	0	84581	0	0	261146	0	649955	1073056	2214629	1013644	439808	333711	0	0	2358950	0	15511433	19355677	3245774	3882979	0	0	0	0
LFQ	178	0	0	0	139571	0	296702	386558	1371732	1359700	1233412	410262	291567	0	87438	0	0	265134	0	656561	1087864	2246030	1018631	441500	336926	0	0	2346486	0	15482112	19261746	3228651	3878751	0	0	0	0
LFQ	179	0	0	0	142977	0	307037	395489	1419867	1396609	1267599	417244	302449	89962	0	0	270667	0	670751	1113780	2296498	308476	1168974	346698	0	0	0	2333509	0	15374811	19151662	3198729	3853427	0	0	0	0
LFQ	180	0	0	0	141956	0	306532	391769	1424215	1399770	1257258	418760	305366	88339	0	0	271519	0	670827	1103612	2298555	303686	1166537	350889	0	0	0	2339323	0	15404345	19145452	3187507	3850907	0	0	0	0
LFQ	181	0	0	0	139007	0	296515	382054	1363131	1338906	1234462	402817	289417	0	85901	0	0	261443	0	646894	1078804	2222327	1021489	438901	334544	0	0	2353779	0	15500219	19328083	3234167	3874190	0	0	0	0
LFQ	182	0	0	0	139714	0	299151	385135	1376305	1352722	1250865	409781	291911	0	86654	0	0	264873	0	651731	1082763	2235590	1024359	445155	336617	0	0	2353976	0	15443100	19292316	3227721	3876515	0	0	0	0
LFQ	183	0	0	85	139717	0	297067	387943	1383717	1353757	1246179	414439	296842	0	85923	0	0	264046	0	656543	1084851	2237895	1025585	446977	338221	0	0	2348861	0	15458371	19267318	3221809	3870745	0	0	0	0
LFQ	184	0	0	0	142951	0	294471	387824	1364818	1351964	1248904	413023	289627	0	89076	0	0	263977	0	655087	1089268	2243554	1030232	447665	334302	0	0	2344680	0	15453915	19287105	3234396	3859978	0	0	0	0
LFQ	185	0	0	385	145638	0	306004	400422	1431557	1400622	1283335	423587	303537	90571	0	0	271869	0	674950	1117790	2302234	312688	1176246	346795	0	0	0	2328915	0	15331240	19134877	3202458	3841036	0	0	0	0
LFQ	186	0	0	0	141665	0	301089	387485	1399514	1382228	1264654	417492	297876	0	87685	0	0	267539	0	660187	1097091	2272875	1033516	448922	344868	0	0	2336572	0	15409349	19210264	3214568	3851251	0	0	0	0
LFQ	187	0	0	2	141071	0	297537	389387	1392081	1360357	1263839	416475	295621	0	87312	0	0	264956	0	659484	1096877	2256040	1033678	451189	339287	0	0	2334382	0	15416801	19259815	3227564	3842886	0	0	0	0
LFQ	188	0	0	0	144920	0	309005	398598	1431665	1397076	1293713	425290	306400	0	88570	0	0	272596	0	674228	1116046	2297524	1026154	455151	349311	0	0	2326498	0	15312878	19163780	3207645	3829546	0	0	0	0
LFQ	189	0	0	0	150996	0	315371	411977	1463822	1436622	1318656	434086	316019	93516	0	0	280938	0	690770	1133770	2341036	320588	1179011	357226	0	0	0	2320909	0	15212125	19044468	3189355	3815291	0	0	0	0
LFQ	190	0	0	0	152601	0	318421	420931	1489802	1461420	1324825	440770	317724	94786	0	0	281956	0	696729	1146681	2372052	323084	1185105	359695	0	0	0	2310102	0	15212672	18953010	3169247	3794884	0	0	0	0
LFQ	191	0	0	0	147977	0	315453	411408	1459557	1437363	1327072	431638	306213	92633	0	0	278378	0	686668	1134267	2343856	323411	1168289	348806	0	0	0	2319318	0	15242297	19051826	3196732	3803310	0	0	0	0
LFQ	192	0	0	0	154163	0	324595	427552	1510679	1484712	1357235	445195	318792	95671	0	0	285019	0	702288	1162579	2400100	332770	1178961	363509	0	0	0	2300524	0	15142381	18890886	3165292	3783553	0	0	0	0
LFQ	193	0	0	15	156214	0	333357	424421	1527641	1497305	1359853	445641	324984	95590	0	0	290218	0	710030	1162486	2402281	1041808	468604	366681	0	0	2297064	0	15121567	18871573	3157268	3771840	0	0	0	0	0
LFQ	194	0	0	0	158133	0	328863	426676	1536949	1499628	1372382	448282	327341	97734	0	0	289209	0	710054	1170791	2413561	1057213	470775	368719	0	0	2288511	0	15083344	18849385	3161263	3767609	0	0	0	0	0
LFQ	195	0	0	0	162526	0	338688	435344	1567571	1534901	1395910	457673	336140	99353	0	0	294474	0	721839	1182254	2448166	1057166	475536	373958	0	0	2275169	0	15026366	18764863	3134232	3744280	0	0	0	0	0
LFQ	196	0	0	0	157337	0	330004	426439	1538858	1497994	1369180	450131	328537	97438	0	0	288312	0	708048	1169166	2415143	332640	1199962	370488	0	0	0	2287485	0	15117899	18838781	3150790	3751764	0	0	0	0
LFQ	197	0	0	23	157068	0	320540	423694	1503782	1465359	1362552	442381	318734	96283	0	0	281459	0	698239	1157835	2384908	332185	1189260	361285	0	0	0	2300103	0	15143944	18942807	3167462	3776485	0	0	0	0
LFQ	198	0	0	0	153997	0	316432	413443	1465342	1442589	1340749	433203	308841	0	94605	0	0	277773	0	687885	1138666	2349342	1048178	463230	350139	0	0	2311429	0	15190496	19054979	3181390	3803663	0	0	0	0
LFQ	199	0	0	0	156595	0	318680	423674	1491633	1452287	1368876	439667	312245	0	95964	0	0	281890	0	697288	1162671	2378308	1047745	467615	356243	0	0	2302683	0	15118636	18992880	3180719	3780062	0	0	0	0
LFQ	200	0	0	0	161170	0	338777	440057	1568671	1534483	1414187	458677	330062	99645	0	0	294778	0	725270	1195101	2463165	1054072	477439	372955	0	0	2274129	0	14979115	18770860	3134841	3738900	0	0	0	0	0
LFQ	201	0	0	0	162367	0	339860	446860	1598910	1551931	1433755	468630	337094	101727	0	0	294176	0	728367	1203496	2489317	1062977	484880	377941	0	0	2267198	0	14945905	18692635	3128278	3710045	0	0	0	0	0
LFQ	202	0	0	0	165793	0	341921	443259	1581744	1556080	1430985	464026	334662	101884	0	0	298202	0	732727	1201140	2486718	1063032	480530	373702	0	0	2277890	0	14952056	18694943	3123497	3721555	0	0	0	0	0
LFQ	203	0	0	0	156056	0	325448	424785	1521533	1480963	1382079	441572	316795	0	96316	0	0	284271	0	703523	1165518	2396949	1052988	468910	362837	0	0	2296290	0	15145428	18879040	3159197	3765838	0	0	0	0
LFQ	204	0	0	0	159797	0	322794	435507	1515810	1471384	1405944	447994	314429	0	99946	0	0	284592	0	706149	1174932	2398703	1059452	472815	357834	0	0	2301320	0	15045493	18908413	3183905	3759117	0	0	0	0
LFQ	205	0	0	0	166075	0	342135	446767	1580218	1548435	1427505	467494	335433	101030	0	0	295420	0	730464	1199408	2471277	1057845	482509	375893	0	0	2277797	0	14957915	18701596	3134764	3726344	0	0	0	0	0
LFQ	206	0	0	0	165822	0	335519	440965	1568909	1525478	1427020	459498	327719	102565	0	0	292052	0	722229	1193593	2452833	352030	1195543	368579	0	0	0	2271731	0	14988456	18750733	3158275	3726770	0	0	0	0
LFQ	207	0	0	0	170649	0	341733	452643	1597342	1560322	1454882	467738	336001	104446	0	0	296431	0	735139	1211396	2493833	1070076	483611	377494	0	0	2267666	0	14915053	18655479	3126874	3707511	0	0	0	0	0
LFQ	208	0	0	0	178593	0	358453	470014	1669236	1630262	1495879	481374	350502	108898	0	0	309935	0	760882	1248873	2578362	1079988	493527	390431	0	0	2240942	0	14749919	18458159	3100590	3671497	0	0	0	0	0
LFQ	209	0	0	0	180436	0	375052	478389	1730428	1696338	1537820	499280	364175	110170	0	0	319982	0	781079	1268815	2635118	1092804	502743	399219	0	0	2221080	0	14610260	18318124	3062160	3642842	0	0	0	0	0
LFQ	210	0	0	0	173568	0	359340	464888	1697451	1627292	1501147	483844	356961	105622	0	0	307565	0	758163	1241248	2567792	1078940	496192	396353	0	0	2239416	0	14779195	18436751	3085723	3668862	0	0	0	0	0
LFQ	211	0	0	234	168357	0	349698	466780	1649148	1579805	1493987	480248	344498	105255	0	0	301848	0	748233	1235541	2516987	1074908	494472	383692	0	0	2247256	0	14806403	18569105	3129173	3680683	0	0	0	0	0
LFQ	212	0	0	0	175321	0	361508	472073	1678663	1644194	1507867	494003	356392	107260	0	0	310825	0	763004	1247867	2584204	1081607	502303	394685	0	0	2237413	0	14685272	18456542	3089348	3675960	0	0	0	0	0
LFQ	213	0	0	0	173155	0	359874	469124	1683269	1629902	1512123	492292	354352	105701	0	0	310742	0	761991	1247987	2570638	1074764	501606	391900	0	0	2236127	0	14728997	18465263	3091901	3664603	0	0	0	0	0
LFQ	214	0	0	0	179300	0	354265	471497	1683031	1619596	1514869	487458	354253	108912	0	0	307291	0	757543	1251969	2566370	1084768	498803	393089	0	0	2239975	0	14745876	18442939	3096798	3667709	0	0	0	0	0
LFQ	215	0	0	0	182373	0	366010	486617	1716825	1664585	1545430	498127	358400	111320	0	0	314895	0	780268	1276276	2621972	1087806	504082	397367	0	0	2221869	0	14632422	18330560	3080472	3648635	0	0	0	0	0
LFQ	216	0	0	0	175126	0	359109	464626	1670236	1616576	1510220	485396	348812	107207	0	0	305339	0	751219	1240397	2557088	1083293	496728	390074	0	0	2246855	0	14774897	18490924	3093188	3659001	0	0	0	0	0
LFQ	217	0	0	0	176416	0	349368	467664	1650703	1580390	1516405	477224	341402	107926	0	0	301979	0	748999	1238177	2524422	1086853	492299	382265	0	0	2246140	0	14754366	18580332	3132586	3670394	0	0	0	0	0
LFQ	218	0	0	0	188005	0	373364	490955	1744177	1704211	1573072	510152	367834	113550	0	0	320520	0	788743	1287056	2652094	1094289	513819	406091	0	0	2206626	0	14534494	18261340	3069505	3626413	0	0	0	0	0
LFQ	219	0	0	0	193488	0	384945	501073	1796935	1737676	1602189	513135	376932	116221	0	0	326558	0	803379	1304435	2686640	1103048	512822	409811	0	0	2193892	0	14479845	18133655	3041184	3608447	0	0	0	0	0
LFQ	220	0	0	0	193361	0	379374	499631	1792152	1740345	1602351	513868	374309	118547	0	0	324758	0	798974	1306048	2701795	1110068	514729	410862	0	0	2201014	0	14489448	18115901	3041891	3596884	0	0	0	0	0
LFQ	221	0	0	3	192294	0	383564	499393	1790922	1734786	1615158	511871	369864	117624	0	0	325856	0	796431	1305642	2690944	1102834	511657	407025	0	0	2198098	0	14463183	18167404	3051013	3590744	0	0	0	0	0
LFQ	222	0	0	0	193048	0	381308	502993	1802351	1750217	1621008	515196	372895	117435	0	0	327322	0	804072	1316133	2714464	1099681	516364	410390	0	0	2190118	0	14463599	18102719	3032920	3592077	0	0	0	0	0
LFQ	223	0	0	7	197208	0	391973	509948	1813463	1768193	1641635	516489	375128	119482	0	0	329764	0	808514	1318414	2728936	1109099	514411	411176	0	0	2189751	0	14404037	18071581	3026387	3580714	0	0	0	0	0
LFQ	224	0	0	0	199255	0	395783	514116	1855116	1798675	1663483	526349	384978	120704	0	0	334710	0	818639	1337303	3464265	412421	523594	421002	0	2175678	0	14349194	17959002	3009061	3562982	0	0	0	0	0	0
LFQ	225	0	0	16	198436	0	392521	510342	1832789	1767645	1642930	521321	380186	119649	0	0	329933	0	809484	1321505	2725926	1110623	519321	415545	0	0	2194840	0	14417065	18021076	3024924	3570233	0	0	0	0	0
LFQ	226	0	0	0	192778	0	378435	505860	1799361	1733598	1631536	516617	369848	119074	0	0	322905	0	799452	1315838	2702775	1114321	517133	410457	0	0	2191190	0	14452192	18119844	3057977	3575119	0	0	0	0	0
LFQ	227	0	0	15	200504	0	395893	519568	1831798	1778230	1669336	525880	376645	122857	0	0	333180	0	818235	1331552	2740501	1122261	522192	413882	0	0	2186595	0	14314990	18032416	3021611	3568169	0	0	0	0	0
LFQ	228	0	0	0	198306	0	393833	513749	1848602	1778308	1663204	526369	381574	121265	0	0	332484	0	815056	1330509	2746050	1121935	522569	420327	0	0	2188117	0	14340899	17998874	3024760	3559520	0	0	0	0	0
LFQ	229	0	0	148	194728	0	387623	512174	1824313	1739025	1655234	523401	373553	119482	0	0	327178	0	806619	1326921	2705874	1114421	522450	413257	0	0	2197032	0	14370436	18096257	3051960	3564224	0	0	0	0	0
LFQ	230	0	0	0	200941	0	394368	522604	1856874	1788124	1688060	532986	383191	122745	0	0	333108	0	820406	1342881	2760906	1117987	528143	421014	0	0	2174169	0	14283463	17973828	3021190	3559322	0	0	0	0	0
LFQ	231	0	0	1	206929	0	410770	532276	1894022	1840065	1711173	542691	393812	124553	0	0	342434	0	840997	1358958	3514335	420007	533220	427483	0	2158738	0	14188430	17869208	2997461	3518747	0	0	0	0	0	0
LFQ	232	0	0	0	205737	0	399617	529102	1901254	1812085	1708448	541393	395234	124500	0	0	336474	0	828617	1359406	2781014	1136749	532567	428489	0	0	2164082	0	14219491	17900228	3002417	3519406	0	0	0	0	0
LFQ	233	0	0	0	205501	0	401611	537695	1894348	1814850	1725655	540600	388274	126005	0	0	337720	0	835694	1364368	2794263	1131179	532469	424954	0	0	2159474	0	14177228	17906242	3004430	3523750	0	0	0	0	0
LFQ	234	0	0	0	210732	0	418733	542980	1942703	1883209	1744828	558413	406009	127762	0	0	349092	0	856090	1380634	3557025	432523	542538	439880	0	2143199	0	14086323	17748767	2967407	3487463	0	0	0	0	0	0
LFQ	235	0	0	255	214191	0	420357	550902	1986649	1907510	1776224	563507	542844	0	0	349860	0	862000	1395580	2883821	1139316	547150	444971	0	0	2134591	0	14018861	17651297	2966165	3470259	0	0	0	0	0	0
LFQ	236	0	0	0	215619	0	422176	552831	1989104	1910452	1771397	569165	417519	130298	0	0	351074	0	860100	1389454	3572207	436798	549846	448026	0	2137946	0	14036828	17646808	2952787	3465875	0	0	0	0	0	0
LFQ	237	0	0	14	214179	0	413211	548063	1956339	1860023	1766738	557469	403553	129795	0	0	343118	0	848630	1385357	2833937	1142255	541428	439062	0	0	2147072	0	14090771	17746530	2975262	3483504	0	0	0	0	0
LFQ	238	0	0	0	217304	0	418121	550880	1959991	1901611	1771976	560072	407300	130692	0	0	350711	0	859401	1395731	2873748	1142107	544767	442881	0	0	2136625	0	14040388	17688345	2958233	3475426	0	0	0	0	0
LFQ	239	0	0	59	214289	0	421147	549910	1976153	1886947	1783619	561862	406793	129971	0	0	350109	0	854366	1395596	2861978	1149336	544835	442686	0	0	2145402	0	14020081	17692547	2971390	3467234	0	0	0	0	0
LFQ	240	0	0	0	217165	0	424465	560084	1989460	1914347	1805273	568534	411798	131788	0	0	353540	0	868944	1401865	3596879	446976	549250	444792	0	2123706	0	13953418	17633384	2967344	3463298	0	0	0	0	0	0
LFQ	241	0	0	0	218174	0	429554	562156	2016445	1927324	1812677	572164	418662	130463	0	0	355793	0	871186	1411002	2898687	1139636	555251	453242	0	0	2122093	0	13934661	17587699	2962527	3446914	0	0	0	0	0
LFQ	242	0	0	0	218620	0	423052	558885	2000018	1919109	1808256	571982	415835	131466	0	0	353404	0	869690	1404571	2898056	1140707	552535	449717	0	0	2129588	0	13939747	17627587	2961139	3452346	0	0	0	0	0
LFQ	243	0	0	0	223932	0	429208	566260	2018545	1931617	1819625	571825	417436	134087	0	0	356438	0	877038	1419906	2910981	1154213	550812	450953	0	0	2124695	0	13903935	17570614	2946764	3447426	0	0	0	0	0
LFQ	244	0	0	0	231505	0	436067	578690	2051870	1974738	1853742	579237	420958	139724	0	0	362113	0	892158	1437614	3668183	462713	557951	454848	0	2109973	0	13823021	17430983	2933610	3426612	0	0	0	0	0	0
LFQ	245	0	0	0	237007	0	449929	587936	2099436	2037353	1897732	590752	424639	142590	0	0	372324	0	905291	1461041	3718674	474577	562069	458696	0	2089625	0	13716097	17296180	2907940	3396422	0	0	0	0	0	0
LFQ	246	0	0	0	0	240584	0	455441	591767	2137930	2065488	1916845	593478	433930	144353	0	0	378268	0	915756	1472723	3742506	484275	566031	465824	0	2084202	0	13651894	17210836	2894552	3379627	0	0	0	0	0
LFQ	247	0	0	0	0	244046	0	463444	597834	2159733	2083287	1939033	600592	584041	0	0	380831	0	920275	1482777	3061659	1184833	568567	469729	0	0	2082108	0	13596935	17162266	2879943	3364377	0	0	0	0	0
LFQ	248	0	0	0	252537	0	475396	611667	2231468	2144898	1976354	614381	458064	149668	0	0	393791	0	943484	1510027	3818088	496562	576945	483571	0	2058131	0	13466498	16969839	2860580	3334361	0	0	0	0	0	0
LFQ	249	0	0	0	249056	0	473478	605401	2213850	2135623	1967644	612535	455606	148461	0	0	390305	0	935347	1498510	3810939	494527	575303	480408	0	2061117	0	13509142	17028806	2847376	3332876	0	0	0	0	0	0
LFQ	250	0	0	0	251379	0	462842	606978	2204510	2109555	1962472	609545	454833	150197	0	0	386113	0	929193	1498067	3806827	494008	573450	480268	0	2060974	0	13523561	17057173	2866029	3338336	0	0	0	0	0	0
# GC Content of first fragments. Use `grep ^GCF | cut -f 2-` to extract this part.
GCF	0.25	4855
GCF	0.75	4842
GCF	1.26	4821
GCF	1.76	4033
GCF	2.26	4261
GCF	2.76	4861
GCF	3.27	5484
GCF	3.77	5309
GCF	4.27	5281
GCF	4.77	5203
GCF	5.28	5117
GCF	5.78	4631
GCF	6.28	4566
GCF	6.78	4892
GCF	7.29	4729
GCF	7.79	4641
GCF	8.29	4484
GCF	8.79	4264
GCF	9.30	3846
GCF	9.80	3232
GCF	10.30	3304
GCF	10.80	3323
GCF	11.31	3375
GCF	11.81	3542
GCF	12.31	3536
GCF	12.81	3485
GCF	13.32	3613
GCF	13.82	4123
GCF	14.32	4448
GCF	14.82	4740
GCF	15.33	5047
GCF	15.83	5834
GCF	16.33	6296
GCF	16.83	6798
GCF	17.34	7605
GCF	17.84	9510
GCF	18.34	10796
GCF	18.84	12542
GCF	19.35	14461
GCF	19.85	19706
GCF	20.35	23214
GCF	20.85	27490
GCF	21.36	38501
GCF	21.86	45674
GCF	22.36	54113
GCF	22.86	64310
GCF	23.37	87558
GCF	23.87	101569
GCF	24.37	118028
GCF	24.87	134932
GCF	25.38	174359
GCF	25.88	195386
GCF	26.38	218384
GCF	26.88	244210
GCF	27.39	294974
GCF	27.89	321336
GCF	28.39	349290
GCF	28.89	377997
GCF	29.40	434830
GCF	29.90	463582
GCF	30.40	489692
GCF	30.90	518617
GCF	31.41	565600
GCF	31.91	587875
GCF	32.41	610176
GCF	32.91	631146
GCF	33.42	668359
GCF	33.92	684644
GCF	34.42	702878
GCF	34.92	720792
GCF	35.43	754076
GCF	35.93	770545
GCF	36.43	785670
GCF	36.93	802752
GCF	37.44	840959
GCF	37.94	858232
GCF	38.44	880460
GCF	38.94	904426
GCF	39.45	957326
GCF	39.95	979447
GCF	40.45	995563
GCF	40.95	1003772
GCF	41.46	991100
GCF	41.96	966063
GCF	42.46	937793
GCF	42.96	876898
GCF	43.47	852120
GCF	43.97	837507
GCF	44.47	834917
GCF	44.97	830559
GCF	45.48	833228
GCF	45.98	834632
GCF	46.48	825677
GCF	46.98	805628
GCF	47.49	791723
GCF	47.99	771157
GCF	48.49	749284
GCF	48.99	700605
GCF	49.50	678985
GCF	50.00	653832
GCF	50.50	621363
GCF	51.01	551887
GCF	51.51	519547
GCF	52.01	494716
GCF	52.51	469039
GCF	53.02	427060
GCF	53.52	407473
GCF	54.02	390436
GCF	54.52	374214
GCF	55.03	345200
GCF	55.53	340274
GCF	56.03	337374
GCF	56.53	331910
GCF	57.04	315577
GCF	57.54	307899
GCF	58.04	301130
GCF	58.54	302047
GCF	59.05	294181
GCF	59.55	290695
GCF	60.05	289375
GCF	60.55	277864
GCF	61.06	258782
GCF	61.56	233957
GCF	62.06	208209
GCF	62.56	169834
GCF	63.07	160434
GCF	63.57	162073
GCF	64.07	165455
GCF	64.57	142422
GCF	65.08	126212
GCF	65.58	118109
GCF	66.08	111861
GCF	66.58	102275
GCF	67.09	92015
GCF	67.59	82322
GCF	68.09	74528
GCF	68.59	64700
GCF	69.10	57936
GCF	69.60	50012
GCF	70.10	43186
GCF	70.60	36060
GCF	71.11	35120
GCF	71.61	30264
GCF	72.11	28301
GCF	72.61	23060
GCF	73.12	20995
GCF	73.62	19056
GCF	74.12	18456
GCF	74.62	16846
GCF	75.13	16142
GCF	75.63	15675
GCF	76.13	14436
GCF	76.63	12870
GCF	77.14	11701
GCF	77.64	10771
GCF	78.14	10314
GCF	78.64	8861
GCF	79.15	9333
GCF	79.65	8809
GCF	80.15	7619
GCF	80.65	7059
GCF	81.16	6408
GCF	81.66	5818
GCF	82.16	4918
GCF	82.66	4623
GCF	83.17	4284
GCF	83.67	3622
GCF	84.17	3226
GCF	84.67	2791
GCF	85.18	2563
GCF	85.68	2437
GCF	86.18	2115
GCF	86.68	2788
GCF	87.19	2467
GCF	87.69	1936
GCF	88.19	1939
GCF	88.69	1982
GCF	89.20	2327
GCF	89.70	2340
GCF	90.20	2449
GCF	90.70	2471
GCF	91.21	2240
GCF	91.71	2300
GCF	92.21	2419
GCF	92.71	2572
GCF	93.22	3222
GCF	93.72	4510
GCF	94.22	5517
GCF	94.72	6349
GCF	95.23	6871
GCF	95.73	7245
GCF	96.23	7525
GCF	96.73	11009
GCF	97.24	16023
GCF	97.74	24616
GCF	98.24	29444
GCF	98.74	30088
GCF	99.25	30176
GCF	99.75	30061
# GC Content of last fragments. Use `grep ^GCL | cut -f 2-` to extract this part.
GCL	0.25	37226
GCL	0.75	37137
GCL	1.26	36457
GCL	1.76	23250
GCL	2.26	21823
GCL	2.76	20464
GCL	3.27	18039
GCL	3.77	17421
GCL	4.27	16911
GCL	4.77	15778
GCL	5.28	14862
GCL	5.78	13897
GCL	6.28	13276
GCL	6.78	13018
GCL	7.29	12653
GCL	7.79	12305
GCL	8.29	11841
GCL	8.79	11190
GCL	9.30	10599
GCL	9.80	9677
GCL	10.30	9563
GCL	10.80	9542
GCL	11.31	9427
GCL	11.81	9546
GCL	12.31	9030
GCL	12.81	8874
GCL	13.32	8553
GCL	13.82	9060
GCL	14.32	9160
GCL	14.82	9336
GCL	15.33	9777
GCL	15.83	10643
GCL	16.33	10968
GCL	16.83	11202
GCL	17.34	11963
GCL	17.84	14619
GCL	18.34	15756
GCL	18.84	17566
GCL	19.35	19510
GCL	19.85	25007
GCL	20.35	28713
GCL	20.85	33437
GCL	21.36	44254
GCL	21.86	51973
GCL	22.36	60812
GCL	22.86	71369
GCL	23.37	94943
GCL	23.87	108123
GCL	24.37	124383
GCL	24.87	141756
GCL	25.38	180674
GCL	25.88	200210
GCL	26.38	225311
GCL	26.88	249062
GCL	27.39	299104
GCL	27.89	328091
GCL	28.39	354672
GCL	28.89	382127
GCL	29.40	439619
GCL	29.90	467726
GCL	30.40	493166
GCL	30.90	520018
GCL	31.41	568689
GCL	31.91	592873
GCL	32.41	614563
GCL	32.91	632809
GCL	33.42	670946
GCL	33.92	688691
GCL	34.42	705380
GCL	34.92	721586
GCL	35.43	756483
GCL	35.93	771988
GCL	36.43	786379
GCL	36.93	803146
GCL	37.44	838759
GCL	37.94	857391
GCL	38.44	874814
GCL	38.94	898151
GCL	39.45	949400
GCL	39.95	971025
GCL	40.45	984259
GCL	40.95	994038
GCL	41.46	984631
GCL	41.96	959410
GCL	42.46	934184
GCL	42.96	877495
GCL	43.47	852311
GCL	43.97	839662
GCL	44.47	832532
GCL	44.97	819473
GCL	45.48	818289
GCL	45.98	813615
GCL	46.48	804076
GCL	46.98	778254
GCL	47.49	763512
GCL	47.99	747759
GCL	48.49	727309
GCL	48.99	686077
GCL	49.50	665845
GCL	50.00	646443
GCL	50.50	619136
GCL	51.01	553976
GCL	51.51	519920
GCL	52.01	493376
GCL	52.51	464774
GCL	53.02	425532
GCL	53.52	405830
GCL	54.02	389048
GCL	54.52	373256
GCL	55.03	347555
GCL	55.53	345895
GCL	56.03	343264
GCL	56.53	337608
GCL	57.04	322850
GCL	57.54	315666
GCL	58.04	308113
GCL	58.54	306705
GCL	59.05	298045
GCL	59.55	291111
GCL	60.05	287222
GCL	60.55	277865
GCL	61.06	260949
GCL	61.56	236738
GCL	62.06	209514
GCL	62.56	163861
GCL	63.07	150229
GCL	63.57	144995
GCL	64.07	143339
GCL	64.57	129724
GCL	65.08	122722
GCL	65.58	120145
GCL	66.08	117250
GCL	66.58	107854
GCL	67.09	97634
GCL	67.59	87047
GCL	68.09	78758
GCL	68.59	69154
GCL	69.10	62844
GCL	69.60	54846
GCL	70.10	48695
GCL	70.60	41594
GCL	71.11	40344
GCL	71.61	35579
GCL	72.11	33314
GCL	72.61	27581
GCL	73.12	25492
GCL	73.62	23750
GCL	74.12	22306
GCL	74.62	20319
GCL	75.13	19127
GCL	75.63	18444
GCL	76.13	17037
GCL	76.63	15574
GCL	77.14	14605
GCL	77.64	14069
GCL	78.14	13301
GCL	78.64	11817
GCL	79.15	11453
GCL	79.65	11020
GCL	80.15	9750
GCL	80.65	9106
GCL	81.16	8342
GCL	81.66	7621
GCL	82.16	6442
GCL	82.66	6031
GCL	83.17	5600
GCL	83.67	5023
GCL	84.17	4346
GCL	84.67	4196
GCL	85.18	3969
GCL	85.68	3706
GCL	86.18	3204
GCL	86.68	3370
GCL	87.19	3433
GCL	87.69	3465
GCL	88.19	3412
GCL	88.69	3557
GCL	89.20	3691
GCL	89.70	3834
GCL	90.20	4265
GCL	90.70	4572
GCL	91.21	4711
GCL	91.71	5000
GCL	92.21	5212
GCL	92.71	5549
GCL	93.22	6816
GCL	93.72	8842
GCL	94.22	10471
GCL	94.72	11715
GCL	95.23	12578
GCL	95.73	13125
GCL	96.23	13913
GCL	96.73	19017
GCL	97.24	25534
GCL	97.74	36923
GCL	98.24	43248
GCL	98.74	43795
GCL	99.25	44026
GCL	99.75	45001
# ACGT content per cycle. Use `grep ^GCC | cut -f 2-` to extract this part. The columns are: cycle; A,C,G,T base counts as a percentage of all A/C/G/T bases [%]; and N and O counts as a percentage of all A/C/G/T bases [%]
GCC	1	29.98	20.05	20.00	29.97	0.00	0.00
GCC	2	29.82	20.20	20.17	29.81	0.05	0.00
GCC	3	29.60	20.39	20.40	29.61	0.00	0.00
GCC	4	29.12	20.91	20.87	29.11	0.00	0.00
GCC	5	29.22	20.80	20.79	29.19	0.00	0.00
GCC	6	28.96	21.06	21.04	28.94	0.00	0.00
GCC	7	29.05	20.96	20.95	29.04	0.00	0.00
GCC	8	29.11	20.91	20.89	29.09	0.00	0.00
GCC	9	29.11	20.91	20.90	29.07	0.00	0.00
GCC	10	28.98	21.04	21.02	28.95	0.00	0.00
GCC	11	29.06	20.97	20.95	29.02	0.00	0.00
GCC	12	29.03	21.00	20.97	29.00	0.00	0.00
GCC	13	29.11	20.94	20.89	29.06	0.00	0.00
GCC	14	29.10	20.93	20.92	29.05	0.00	0.00
GCC	15	29.14	20.88	20.86	29.11	0.00	0.00
GCC	16	29.10	20.94	20.89	29.06	0.00	0.00
GCC	17	29.03	20.99	20.99	28.99	0.00	0.00
GCC	18	29.01	21.02	20.98	28.99	0.00	0.00
GCC	19	29.00	21.04	21.01	28.95	0.00	0.00
GCC	20	28.92	21.12	21.08	28.88	0.00	0.00
GCC	21	28.93	21.09	21.10	28.88	0.00	0.00
GCC	22	28.92	21.11	21.08	28.89	0.00	0.00
GCC	23	28.83	21.19	21.18	28.80	0.00	0.00
GCC	24	28.87	21.15	21.12	28.86	0.00	0.00
GCC	25	28.85	21.18	21.18	28.80	0.00	0.00
GCC	26	28.77	21.25	21.23	28.75	0.00	0.00
GCC	27	28.79	21.23	21.21	28.76	0.00	0.00
GCC	28	28.78	21.26	21.23	28.73	0.00	0.00
GCC	29	28.73	21.30	21.27	28.71	0.00	0.00
GCC	30	28.70	21.33	21.29	28.68	0.00	0.00
GCC	31	28.68	21.35	21.34	28.63	0.00	0.00
GCC	32	28.66	21.38	21.35	28.61	0.00	0.00
GCC	33	28.68	21.35	21.34	28.64	0.00	0.00
GCC	34	28.64	21.40	21.37	28.59	0.00	0.00
GCC	35	28.64	21.40	21.37	28.59	0.00	0.00
GCC	36	28.63	21.41	21.39	28.58	0.00	0.00
GCC	37	28.57	21.45	21.45	28.53	0.00	0.00
GCC	38	28.65	21.38	21.37	28.60	0.00	0.00
GCC	39	28.60	21.44	21.41	28.55	0.00	0.00
GCC	40	28.59	21.46	21.42	28.53	0.00	0.00
GCC	41	28.54	21.49	21.47	28.50	0.00	0.00
GCC	42	28.59	21.46	21.43	28.53	0.00	0.00
GCC	43	28.54	21.50	21.48	28.49	0.00	0.00
GCC	44	28.55	21.49	21.46	28.50	0.00	0.00
GCC	45	28.56	21.49	21.45	28.51	0.00	0.00
GCC	46	28.51	21.53	21.50	28.46	0.00	0.00
GCC	47	28.55	21.49	21.46	28.50	0.00	0.00
GCC	48	28.57	21.48	21.45	28.50	0.00	0.00
GCC	49	28.51	21.53	21.49	28.48	0.00	0.00
GCC	50	28.54	21.48	21.45	28.52	0.00	0.00
GCC	51	28.49	21.56	21.50	28.44	0.00	0.00
GCC	52	28.52	21.52	21.49	28.47	0.00	0.00
GCC	53	28.49	21.56	21.50	28.45	0.00	0.00
GCC	54	28.53	21.52	21.48	28.48	0.01	0.00
GCC	55	28.50	21.54	21.50	28.46	0.00	0.00
GCC	56	28.50	21.55	21.50	28.44	0.01	0.00
GCC	57	28.47	21.57	21.53	28.42	0.00	0.00
GCC	58	28.44	21.59	21.54	28.43	0.00	0.00
GCC	59	28.50	21.54	21.51	28.45	0.00	0.00
GCC	60	28.50	21.54	21.50	28.46	0.00	0.00
GCC	61	28.46	21.58	21.54	28.43	0.00	0.00
GCC	62	28.49	21.54	21.52	28.46	0.00	0.00
GCC	63	28.46	21.57	21.53	28.43	0.01	0.00
GCC	64	28.43	21.61	21.55	28.41	0.00	0.00
GCC	65	28.45	21.59	21.54	28.42	0.00	0.00
GCC	66	28.47	21.55	21.53	28.45	0.00	0.00
GCC	67	28.46	21.58	21.55	28.42	0.00	0.00
GCC	68	28.43	21.60	21.57	28.40	0.00	0.00
GCC	69	28.42	21.61	21.58	28.38	0.00	0.00
GCC	70	28.47	21.57	21.52	28.45	0.00	0.00
GCC	71	28.44	21.59	21.55	28.42	0.01	0.00
GCC	72	28.43	21.61	21.57	28.39	0.00	0.00
GCC	73	28.46	21.57	21.52	28.44	0.01	0.00
GCC	74	28.45	21.59	21.54	28.41	0.00	0.00
GCC	75	28.46	21.59	21.54	28.42	0.01	0.00
GCC	76	28.45	21.58	21.54	28.44	0.01	0.00
GCC	77	28.43	21.60	21.56	28.40	0.00	0.00
GCC	78	28.44	21.59	21.55	28.42	0.01	0.00
GCC	79	28.45	21.60	21.54	28.41	0.00	0.00
GCC	80	28.41	21.64	21.58	28.37	0.01	0.00
GCC	81	28.41	21.64	21.58	28.37	0.01	0.00
GCC	82	28.40	21.64	21.59	28.37	0.00	0.00
GCC	83	28.41	21.63	21.59	28.38	0.00	0.00
GCC	84	28.41	21.62	21.58	28.39	0.01	0.00
GCC	85	28.42	21.62	21.58	28.38	0.00	0.00
GCC	86	28.43	21.61	21.57	28.39	0.00	0.00
GCC	87	28.43	21.61	21.56	28.40	0.01	0.00
GCC	88	28.41	21.63	21.58	28.38	0.00	0.00
GCC	89	28.39	21.65	21.60	28.36	0.00	0.00
GCC	90	28.41	21.63	21.60	28.37	0.00	0.00
GCC	91	28.37	21.67	21.62	28.35	0.00	0.00
GCC	92	28.38	21.65	21.62	28.35	0.00	0.00
GCC	93	28.43	21.61	21.57	28.40	0.00	0.00
GCC	94	28.43	21.61	21.57	28.39	0.00	0.00
GCC	95	28.39	21.64	21.62	28.35	0.00	0.00
GCC	96	28.41	21.63	21.58	28.37	0.00	0.00
GCC	97	28.40	21.65	21.59	28.37	0.00	0.00
GCC	98	28.42	21.63	21.58	28.38	0.00	0.00
GCC	99	28.41	21.62	21.59	28.38	0.00	0.00
GCC	100	28.38	21.66	21.62	28.34	0.00	0.00
GCC	101	28.37	21.67	21.63	28.32	0.00	0.00
GCC	102	28.39	21.64	21.62	28.34	0.00	0.00
GCC	103	28.37	21.68	21.63	28.32	0.00	0.00
GCC	104	28.39	21.65	21.62	28.34	0.01	0.00
GCC	105	28.39	21.66	21.61	28.34	0.00	0.00
GCC	106	28.38	21.66	21.62	28.35	0.01	0.00
GCC	107	28.42	21.62	21.57	28.39	0.00	0.00
GCC	108	28.38	21.66	21.62	28.35	0.00	0.00
GCC	109	28.40	21.65	21.60	28.35	0.00	0.00
GCC	110	28.39	21.65	21.61	28.35	0.00	0.00
GCC	111	28.38	21.67	21.62	28.33	0.00	0.00
GCC	112	28.36	21.69	21.64	28.31	0.00	0.00
GCC	113	28.36	21.69	21.64	28.31	0.00	0.00
GCC	114	28.36	21.69	21.63	28.32	0.00	0.00
GCC	115	28.37	21.67	21.63	28.33	0.00	0.00
GCC	116	28.39	21.64	21.60	28.36	0.00	0.00
GCC	117	28.37	21.68	21.63	28.32	0.01	0.00
GCC	118	28.37	21.67	21.62	28.34	0.00	0.00
GCC	119	28.39	21.66	21.60	28.36	0.01	0.00
GCC	120	28.38	21.67	21.61	28.34	0.01	0.00
GCC	121	28.37	21.67	21.63	28.33	0.00	0.00
GCC	122	28.36	21.68	21.64	28.31	0.00	0.00
GCC	123	28.37	21.68	21.62	28.33	0.01	0.00
GCC	124	28.36	21.68	21.64	28.32	0.01	0.00
GCC	125	28.37	21.68	21.63	28.32	0.01	0.00
GCC	126	28.37	21.69	21.62	28.32	0.00	0.00
GCC	127	28.35	21.70	21.64	28.31	0.01	0.00
GCC	128	28.37	21.68	21.64	28.32	0.00	0.00
GCC	129	28.34	21.70	21.66	28.31	0.00	0.00
GCC	130	28.36	21.68	21.64	28.33	0.00	0.00
GCC	131	28.36	21.69	21.64	28.31	0.00	0.00
GCC	132	28.36	21.70	21.64	28.30	0.01	0.00
GCC	133	28.36	21.69	21.63	28.32	0.00	0.00
GCC	134	28.34	21.70	21.65	28.30	0.00	0.00
GCC	135	28.34	21.71	21.66	28.30	0.00	0.00
GCC	136	28.32	21.72	21.67	28.29	0.00	0.00
GCC	137	28.32	21.73	21.68	28.26	0.01	0.00
GCC	138	28.32	21.74	21.68	28.27	0.00	0.00
GCC	139	28.33	21.72	21.65	28.30	0.00	0.00
GCC	140	28.32	21.73	21.66	28.29	0.00	0.00
GCC	141	28.35	21.70	21.64	28.31	0.00	0.00
GCC	142	28.35	21.70	21.63	28.31	0.00	0.00
GCC	143	28.34	21.71	21.65	28.30	0.00	0.00
GCC	144	28.36	21.71	21.63	28.31	0.00	0.00
GCC	145	28.31	21.74	21.67	28.28	0.01	0.00
GCC	146	28.32	21.74	21.67	28.28	0.00	0.00
GCC	147	28.31	21.76	21.67	28.26	0.01	0.00
GCC	148	28.32	21.74	21.67	28.27	0.01	0.00
GCC	149	28.32	21.73	21.67	28.28	0.00	0.00
GCC	150	28.30	21.75	21.68	28.26	0.00	0.00
GCC	151	28.32	21.73	21.66	28.29	0.00	0.00
GCC	152	28.32	21.73	21.66	28.28	0.00	0.00
GCC	153	28.31	21.75	21.67	28.27	0.00	0.00
GCC	154	28.29	21.76	21.70	28.25	0.01	0.00
GCC	155	28.30	21.75	21.69	28.25	0.01	0.00
GCC	156	28.31	21.74	21.68	28.27	0.00	0.00
GCC	157	28.30	21.75	21.68	28.26	0.00	0.00
GCC	158	28.30	21.75	21.69	28.26	0.00	0.00
GCC	159	28.30	21.75	21.70	28.25	0.00	0.00
GCC	160	28.27	21.77	21.72	28.24	0.00	0.00
GCC	161	28.30	21.76	21.69	28.25	0.00	0.00
GCC	162	28.28	21.77	21.69	28.25	0.01	0.00
GCC	163	28.28	21.77	21.71	28.24	0.01	0.00
GCC	164	28.28	21.78	21.71	28.23	0.01	0.00
GCC	165	28.28	21.78	21.71	28.24	0.00	0.00
GCC	166	28.29	21.77	21.71	28.23	0.01	0.00
GCC	167	28.25	21.80	21.74	28.21	0.00	0.00
GCC	168	28.26	21.78	21.73	28.22	0.01	0.00
GCC	169	28.25	21.81	21.75	28.20	0.00	0.00
GCC	170	28.26	21.79	21.73	28.22	0.00	0.00
GCC	171	28.24	21.81	21.74	28.21	0.00	0.00
GCC	172	28.26	21.78	21.73	28.23	0.00	0.00
GCC	173	28.25	21.80	21.74	28.21	0.00	0.00
GCC	174	28.23	21.82	21.75	28.20	0.00	0.00
GCC	175	28.24	21.81	21.75	28.20	0.00	0.00
GCC	176	28.26	21.79	21.73	28.22	0.00	0.00
GCC	177	28.24	21.82	21.74	28.20	0.00	0.00
GCC	178	28.23	21.82	21.76	28.19	0.00	0.00
GCC	179	28.22	21.83	21.76	28.18	0.00	0.00
GCC	180	28.22	21.83	21.76	28.19	0.00	0.00
GCC	181	28.25	21.80	21.74	28.21	0.00	0.00
GCC	182	28.24	21.81	21.75	28.20	0.00	0.00
GCC	183	28.22	21.83	21.77	28.18	0.01	0.00
GCC	184	28.21	21.83	21.78	28.18	0.00	0.00
GCC	185	28.21	21.85	21.78	28.16	0.00	0.00
GCC	186	28.18	21.86	21.82	28.14	0.00	0.00
GCC	187	28.20	21.85	21.79	28.17	0.01	0.00
GCC	188	28.20	21.86	21.78	28.17	0.00	0.00
GCC	189	28.18	21.87	21.81	28.14	0.00	0.00
GCC	190	28.18	21.87	21.80	28.15	0.00	0.00
GCC	191	28.18	21.87	21.80	28.14	0.00	0.00
GCC	192	28.18	21.87	21.81	28.14	0.00	0.00
GCC	193	28.16	21.90	21.83	28.11	0.00	0.00
GCC	194	28.16	21.90	21.83	28.11	0.00	0.00
GCC	195	28.13	21.93	21.84	28.10	0.07	0.00
GCC	196	28.16	21.90	21.83	28.12	0.00	0.00
GCC	197	28.19	21.87	21.79	28.16	0.00	0.00
GCC	198	28.16	21.89	21.82	28.13	0.00	0.00
GCC	199	28.16	21.89	21.83	28.12	0.00	0.00
GCC	200	28.13	21.91	21.85	28.10	0.00	0.00
GCC	201	28.16	21.89	21.83	28.12	0.00	0.00
GCC	202	28.13	21.93	21.85	28.09	0.00	0.00
GCC	203	28.15	21.89	21.83	28.12	0.00	0.00
GCC	204	28.14	21.91	21.85	28.11	0.00	0.00
GCC	205	28.12	21.94	21.88	28.07	0.00	0.00
GCC	206	28.11	21.95	21.87	28.07	0.00	0.00
GCC	207	28.11	21.95	21.88	28.06	0.00	0.00
GCC	208	28.11	21.95	21.87	28.07	0.00	0.00
GCC	209	28.08	21.97	21.91	28.04	0.00	0.00
GCC	210	28.10	21.95	21.88	28.07	0.00	0.00
GCC	211	28.13	21.92	21.85	28.10	0.00	0.00
GCC	212	28.10	21.96	21.89	28.05	0.00	0.00
GCC	213	28.09	21.97	21.90	28.05	0.00	0.00
GCC	214	28.09	21.96	21.90	28.06	0.00	0.00
GCC	215	28.09	21.95	21.90	28.05	0.00	0.00
GCC	216	28.09	21.96	21.89	28.05	0.00	0.00
GCC	217	28.08	21.97	21.91	28.04	0.00	0.00
GCC	218	28.07	21.99	21.92	28.02	0.00	0.00
GCC	219	28.05	22.00	21.93	28.01	0.00	0.00
GCC	220	28.07	21.99	21.92	28.02	0.00	0.00
GCC	221	28.06	21.99	21.92	28.03	0.00	0.00
GCC	222	28.06	21.99	21.93	28.02	0.00	0.00
GCC	223	28.03	22.03	21.96	27.99	0.00	0.00
GCC	224	28.03	22.02	21.95	28.00	0.00	0.00
GCC	225	28.02	22.02	21.98	27.98	0.00	0.00
GCC	226	28.06	22.00	21.93	28.02	0.00	0.00
GCC	227	28.02	22.03	21.97	27.98	0.00	0.00
GCC	228	28.02	22.03	21.96	27.99	0.00	0.00
GCC	229	28.03	22.02	21.95	27.99	0.00	0.00
GCC	230	28.00	22.05	21.99	27.96	0.00	0.00
GCC	231	27.98	22.08	22.00	27.94	0.00	0.00
GCC	232	27.99	22.07	22.00	27.95	0.00	0.00
GCC	233	27.98	22.07	21.99	27.95	0.00	0.00
GCC	234	27.97	22.09	22.02	27.92	0.00	0.00
GCC	235	27.96	22.10	22.02	27.92	0.00	0.00
GCC	236	27.94	22.10	22.04	27.91	0.00	0.00
GCC	237	27.95	22.10	22.03	27.92	0.00	0.00
GCC	238	27.96	22.09	22.02	27.92	0.00	0.00
GCC	239	27.97	22.08	22.02	27.93	0.00	0.00
GCC	240	27.94	22.11	22.04	27.91	0.00	0.00
GCC	241	27.93	22.12	22.04	27.91	0.00	0.00
GCC	242	27.96	22.10	22.01	27.92	0.00	0.00
GCC	243	27.95	22.11	22.03	27.91	0.00	0.00
GCC	244	27.91	22.14	22.07	27.87	0.00	0.00
GCC	245	27.90	22.16	22.09	27.86	0.00	0.00
GCC	246	27.88	22.18	22.10	27.84	0.00	0.00
GCC	247	27.83	22.22	22.15	27.80	0.00	0.00
GCC	248	27.84	22.21	22.15	27.81	0.00	0.00
GCC	249	27.83	22.23	22.15	27.79	0.00	0.00
GCC	250	27.86	22.19	22.12	27.83	0.00	0.00
# ACGT content per cycle, read oriented. Use `grep ^GCT | cut -f 2-` to extract this part. The columns are: cycle; A,C,G,T base counts as a percentage of all A/C/G/T bases [%]
GCT	1	31.64	21.42	18.63	28.31
GCT	2	30.87	19.32	21.05	28.76
GCT	3	29.03	20.50	20.29	30.18
GCT	4	28.75	20.69	21.08	29.48
GCT	5	28.98	20.23	21.36	29.43
GCT	6	29.29	20.73	21.37	28.60
GCT	7	29.16	20.27	21.65	28.93
GCT	8	29.06	20.72	21.08	29.14
GCT	9	28.78	20.85	20.97	29.41
GCT	10	29.02	20.96	21.11	28.91
GCT	11	29.05	20.98	20.94	29.04
GCT	12	29.13	21.01	20.96	28.91
GCT	13	29.18	20.87	20.97	28.98
GCT	14	29.31	20.88	20.97	28.84
GCT	15	29.25	20.89	20.86	29.01
GCT	16	29.20	20.87	20.96	28.97
GCT	17	29.16	20.99	20.99	28.86
GCT	18	29.06	21.04	20.97	28.94
GCT	19	28.97	20.99	21.05	28.99
GCT	20	28.99	21.07	21.13	28.81
GCT	21	29.07	21.07	21.11	28.74
GCT	22	28.98	21.13	21.05	28.83
GCT	23	28.83	21.28	21.09	28.81
GCT	24	28.96	21.12	21.15	28.77
GCT	25	28.84	21.10	21.26	28.80
GCT	26	28.81	21.17	21.31	28.71
GCT	27	28.83	21.23	21.22	28.72
GCT	28	28.80	21.27	21.22	28.71
GCT	29	28.80	21.28	21.29	28.64
GCT	30	28.72	21.27	21.35	28.66
GCT	31	28.69	21.30	21.39	28.62
GCT	32	28.71	21.31	21.41	28.56
GCT	33	28.76	21.26	21.42	28.56
GCT	34	28.65	21.29	21.49	28.57
GCT	35	28.72	21.33	21.44	28.51
GCT	36	28.68	21.29	21.50	28.52
GCT	37	28.64	21.38	21.52	28.46
GCT	38	28.73	21.32	21.42	28.52
GCT	39	28.65	21.36	21.49	28.49
GCT	40	28.70	21.36	21.52	28.42
GCT	41	28.62	21.45	21.51	28.42
GCT	42	28.56	21.47	21.42	28.55
GCT	43	28.58	21.51	21.46	28.45
GCT	44	28.69	21.47	21.48	28.36
GCT	45	28.64	21.44	21.49	28.43
GCT	46	28.61	21.53	21.50	28.36
GCT	47	28.69	21.45	21.50	28.36
GCT	48	28.61	21.38	21.55	28.46
GCT	49	28.60	21.40	21.61	28.39
GCT	50	28.69	21.38	21.55	28.37
GCT	51	28.61	21.50	21.56	28.32
GCT	52	28.65	21.49	21.52	28.34
GCT	53	28.58	21.47	21.59	28.36
GCT	54	28.55	21.45	21.55	28.45
GCT	55	28.61	21.47	21.57	28.35
GCT	56	28.62	21.48	21.58	28.33
GCT	57	28.56	21.50	21.61	28.33
GCT	58	28.62	21.53	21.60	28.25
GCT	59	28.62	21.48	21.57	28.33
GCT	60	28.61	21.49	21.55	28.34
GCT	61	28.56	21.54	21.58	28.33
GCT	62	28.57	21.49	21.56	28.37
GCT	63	28.58	21.48	21.62	28.31
GCT	64	28.55	21.50	21.66	28.29
GCT	65	28.56	21.48	21.65	28.31
GCT	66	28.58	21.49	21.60	28.34
GCT	67	28.61	21.48	21.64	28.27
GCT	68	28.57	21.48	21.70	28.25
GCT	69	28.57	21.57	21.62	28.24
GCT	70	28.63	21.47	21.61	28.29
GCT	71	28.53	21.47	21.67	28.33
GCT	72	28.53	21.56	21.63	28.28
GCT	73	28.61	21.51	21.58	28.30
GCT	74	28.60	21.52	21.62	28.26
GCT	75	28.59	21.53	21.59	28.29
GCT	76	28.59	21.47	21.64	28.29
GCT	77	28.53	21.47	21.70	28.31
GCT	78	28.58	21.51	21.63	28.28
GCT	79	28.59	21.46	21.68	28.27
GCT	80	28.54	21.48	21.74	28.24
GCT	81	28.56	21.50	21.72	28.22
GCT	82	28.56	21.52	21.71	28.21
GCT	83	28.55	21.54	21.67	28.23
GCT	84	28.54	21.54	21.67	28.25
GCT	85	28.55	21.53	21.67	28.25
GCT	86	28.57	21.54	21.64	28.25
GCT	87	28.56	21.50	21.67	28.27
GCT	88	28.55	21.49	21.72	28.24
GCT	89	28.58	21.52	21.73	28.18
GCT	90	28.57	21.54	21.68	28.20
GCT	91	28.49	21.57	21.72	28.22
GCT	92	28.52	21.58	21.69	28.21
GCT	93	28.57	21.48	21.70	28.26
GCT	94	28.55	21.48	21.70	28.27
GCT	95	28.48	21.54	21.72	28.25
GCT	96	28.55	21.55	21.66	28.24
GCT	97	28.55	21.54	21.70	28.22
GCT	98	28.56	21.50	21.71	28.23
GCT	99	28.56	21.47	21.74	28.23
GCT	100	28.53	21.55	21.73	28.19
GCT	101	28.54	21.57	21.73	28.15
GCT	102	28.53	21.59	21.68	28.20
GCT	103	28.48	21.63	21.68	28.21
GCT	104	28.55	21.57	21.69	28.19
GCT	105	28.56	21.55	21.72	28.17
GCT	106	28.55	21.52	21.75	28.17
GCT	107	28.59	21.46	21.73	28.22
GCT	108	28.56	21.50	21.77	28.17
GCT	109	28.56	21.49	21.76	28.19
GCT	110	28.54	21.53	21.73	28.19
GCT	111	28.55	21.57	21.73	28.16
GCT	112	28.55	21.58	21.75	28.12
GCT	113	28.55	21.61	21.71	28.12
GCT	114	28.54	21.61	21.71	28.14
GCT	115	28.52	21.58	21.72	28.18
GCT	116	28.56	21.50	21.75	28.20
GCT	117	28.52	21.53	21.78	28.17
GCT	118	28.55	21.56	21.73	28.15
GCT	119	28.57	21.54	21.71	28.17
GCT	120	28.55	21.52	21.76	28.17
GCT	121	28.55	21.55	21.75	28.15
GCT	122	28.51	21.56	21.76	28.17
GCT	123	28.51	21.58	21.72	28.19
GCT	124	28.54	21.56	21.77	28.14
GCT	125	28.53	21.57	21.75	28.15
GCT	126	28.51	21.58	21.73	28.18
GCT	127	28.51	21.59	21.74	28.15
GCT	128	28.53	21.56	21.76	28.15
GCT	129	28.51	21.58	21.78	28.13
GCT	130	28.54	21.54	21.78	28.15
GCT	131	28.56	21.56	21.78	28.11
GCT	132	28.53	21.59	21.75	28.13
GCT	133	28.51	21.58	21.74	28.17
GCT	134	28.52	21.61	21.74	28.13
GCT	135	28.52	21.60	21.76	28.12
GCT	136	28.50	21.59	21.79	28.11
GCT	137	28.48	21.60	21.81	28.11
GCT	138	28.49	21.61	21.80	28.10
GCT	139	28.52	21.56	21.81	28.11
GCT	140	28.48	21.55	21.84	28.13
GCT	141	28.50	21.56	21.78	28.16
GCT	142	28.53	21.57	21.76	28.14
GCT	143	28.52	21.60	21.76	28.13
GCT	144	28.52	21.56	21.77	28.14
GCT	145	28.48	21.59	21.82	28.11
GCT	146	28.47	21.59	21.81	28.12
GCT	147	28.46	21.60	21.82	28.11
GCT	148	28.48	21.60	21.81	28.11
GCT	149	28.49	21.58	21.82	28.11
GCT	150	28.49	21.56	21.88	28.08
GCT	151	28.50	21.57	21.82	28.11
GCT	152	28.48	21.59	21.81	28.12
GCT	153	28.46	21.61	21.81	28.11
GCT	154	28.47	21.61	21.85	28.07
GCT	155	28.47	21.61	21.83	28.09
GCT	156	28.47	21.61	21.81	28.12
GCT	157	28.48	21.60	21.83	28.08
GCT	158	28.50	21.58	21.86	28.07
GCT	159	28.49	21.58	21.87	28.07
GCT	160	28.44	21.63	21.87	28.06
GCT	161	28.44	21.58	21.87	28.11
GCT	162	28.45	21.57	21.90	28.08
GCT	163	28.46	21.59	21.89	28.06
GCT	164	28.47	21.61	21.88	28.04
GCT	165	28.47	21.61	21.87	28.05
GCT	166	28.43	21.58	21.90	28.08
GCT	167	28.45	21.58	21.96	28.01
GCT	168	28.46	21.58	21.93	28.03
GCT	169	28.41	21.60	21.96	28.03
GCT	170	28.45	21.59	21.94	28.02
GCT	171	28.44	21.58	21.97	28.01
GCT	172	28.43	21.56	21.95	28.06
GCT	173	28.43	21.58	21.95	28.04
GCT	174	28.40	21.60	21.97	28.03
GCT	175	28.43	21.59	21.97	28.01
GCT	176	28.44	21.59	21.94	28.03
GCT	177	28.40	21.60	21.97	28.03
GCT	178	28.42	21.59	22.00	28.00
GCT	179	28.41	21.57	22.03	27.99
GCT	180	28.43	21.58	22.01	27.98
GCT	181	28.45	21.57	21.98	28.01
GCT	182	28.41	21.57	21.99	28.03
GCT	183	28.39	21.59	22.00	28.01
GCT	184	28.40	21.58	22.03	27.99
GCT	185	28.38	21.58	22.04	27.99
GCT	186	28.33	21.60	22.08	27.98
GCT	187	28.39	21.58	22.06	27.98
GCT	188	28.38	21.58	22.05	27.99
GCT	189	28.35	21.58	22.10	27.98
GCT	190	28.39	21.56	22.12	27.94
GCT	191	28.37	21.57	22.10	27.96
GCT	192	28.37	21.57	22.10	27.96
GCT	193	28.33	21.59	22.14	27.94
GCT	194	28.32	21.56	22.17	27.95
GCT	195	28.31	21.59	22.18	27.92
GCT	196	28.35	21.57	22.15	27.93
GCT	197	28.40	21.52	22.14	27.94
GCT	198	28.37	21.53	22.18	27.93
GCT	199	28.37	21.53	22.19	27.91
GCT	200	28.35	21.55	22.21	27.89
GCT	201	28.37	21.54	22.19	27.90
GCT	202	28.34	21.57	22.22	27.88
GCT	203	28.39	21.57	22.15	27.89
GCT	204	28.33	21.56	22.19	27.92
GCT	205	28.29	21.60	22.21	27.90
GCT	206	28.29	21.58	22.23	27.90
GCT	207	28.29	21.59	22.25	27.88
GCT	208	28.30	21.55	22.27	27.88
GCT	209	28.25	21.54	22.34	27.86
GCT	210	28.28	21.56	22.27	27.89
GCT	211	28.32	21.55	22.23	27.90
GCT	212	28.26	21.52	22.32	27.89
GCT	213	28.25	21.57	22.30	27.88
GCT	214	28.26	21.57	22.29	27.88
GCT	215	28.28	21.54	22.32	27.87
GCT	216	28.29	21.55	22.30	27.86
GCT	217	28.23	21.56	22.32	27.90
GCT	218	28.20	21.54	22.37	27.89
GCT	219	28.22	21.57	22.36	27.84
GCT	220	28.26	21.51	22.40	27.83
GCT	221	28.24	21.51	22.41	27.84
GCT	222	28.27	21.53	22.39	27.82
GCT	223	28.23	21.55	22.44	27.78
GCT	224	28.22	21.56	22.41	27.82
GCT	225	28.20	21.58	22.43	27.80
GCT	226	28.26	21.51	22.42	27.81
GCT	227	28.22	21.53	22.47	27.78
GCT	228	28.21	21.54	22.44	27.80
GCT	229	28.20	21.54	22.43	27.83
GCT	230	28.17	21.55	22.49	27.79
GCT	231	28.15	21.53	22.56	27.76
GCT	232	28.16	21.51	22.56	27.77
GCT	233	28.18	21.52	22.54	27.76
GCT	234	28.13	21.53	22.58	27.75
GCT	235	28.12	21.53	22.59	27.76
GCT	236	28.11	21.54	22.60	27.75
GCT	237	28.14	21.54	22.59	27.73
GCT	238	28.16	21.52	22.59	27.73
GCT	239	28.13	21.52	22.58	27.78
GCT	240	28.10	21.54	22.62	27.75
GCT	241	28.10	21.53	22.63	27.74
GCT	242	28.13	21.51	22.61	27.76
GCT	243	28.11	21.50	22.64	27.75
GCT	244	28.07	21.51	22.71	27.72
GCT	245	28.08	21.50	22.75	27.68
GCT	246	28.05	21.51	22.77	27.67
GCT	247	27.99	21.54	22.83	27.64
GCT	248	28.00	21.53	22.82	27.64
GCT	249	28.00	21.52	22.85	27.63
GCT	250	28.02	21.47	22.84	27.67
# ACGT content per cycle for first fragments. Use `grep ^FBC | cut -f 2-` to extract this part. The columns are: cycle; A,C,G,T base counts as a percentage of all A/C/G/T bases [%]; and N and O counts as a percentage of all A/C/G/T bases [%]
FBC	1	29.73	20.30	20.23	29.75	0.00	0.00
FBC	2	29.70	20.33	20.27	29.70	0.10	0.00
FBC	3	29.56	20.45	20.42	29.57	0.00	0.00
FBC	4	29.09	20.94	20.89	29.08	0.00	0.00
FBC	5	29.12	20.91	20.88	29.10	0.00	0.00
FBC	6	28.90	21.13	21.10	28.87	0.00	0.00
FBC	7	28.96	21.04	21.03	28.97	0.00	0.00
FBC	8	29.02	20.99	20.98	29.01	0.00	0.00
FBC	9	29.03	21.00	20.96	29.01	0.00	0.00
FBC	10	28.89	21.13	21.10	28.88	0.00	0.00
FBC	11	28.97	21.06	21.03	28.94	0.00	0.00
FBC	12	28.93	21.10	21.06	28.92	0.00	0.00
FBC	13	28.97	21.07	21.02	28.94	0.00	0.00
FBC	14	28.96	21.06	21.04	28.94	0.00	0.00
FBC	15	29.01	21.02	20.99	28.99	0.00	0.00
FBC	16	29.00	21.03	20.98	28.99	0.00	0.00
FBC	17	28.91	21.11	21.10	28.88	0.00	0.00
FBC	18	28.89	21.13	21.09	28.89	0.00	0.00
FBC	19	28.89	21.15	21.12	28.85	0.00	0.00
FBC	20	28.81	21.23	21.19	28.78	0.00	0.00
FBC	21	28.81	21.21	21.21	28.77	0.00	0.00
FBC	22	28.79	21.23	21.19	28.78	0.00	0.00
FBC	23	28.71	21.30	21.29	28.69	0.00	0.00
FBC	24	28.76	21.27	21.23	28.75	0.00	0.00
FBC	25	28.74	21.28	21.27	28.71	0.00	0.00
FBC	26	28.67	21.34	21.32	28.67	0.00	0.00
FBC	27	28.69	21.32	21.31	28.68	0.00	0.00
FBC	28	28.69	21.34	21.31	28.66	0.00	0.00
FBC	29	28.65	21.38	21.34	28.63	0.00	0.00
FBC	30	28.62	21.41	21.37	28.60	0.00	0.00
FBC	31	28.58	21.44	21.42	28.55	0.00	0.00
FBC	32	28.56	21.47	21.44	28.52	0.00	0.00
FBC	33	28.58	21.43	21.43	28.56	0.00	0.00
FBC	34	28.54	21.49	21.46	28.51	0.00	0.00
FBC	35	28.53	21.49	21.45	28.53	0.00	0.00
FBC	36	28.54	21.50	21.46	28.50	0.00	0.00
FBC	37	28.47	21.54	21.52	28.46	0.00	0.00
FBC	38	28.57	21.46	21.44	28.54	0.00	0.00
FBC	39	28.51	21.52	21.49	28.48	0.00	0.00
FBC	40	28.51	21.54	21.49	28.46	0.00	0.00
FBC	41	28.46	21.56	21.55	28.43	0.00	0.00
FBC	42	28.50	21.55	21.50	28.46	0.00	0.00
FBC	43	28.45	21.58	21.55	28.42	0.00	0.00
FBC	44	28.46	21.58	21.54	28.42	0.00	0.00
FBC	45	28.47	21.57	21.52	28.44	0.00	0.00
FBC	46	28.43	21.62	21.56	28.39	0.00	0.00
FBC	47	28.46	21.57	21.53	28.44	0.00	0.00
FBC	48	28.49	21.55	21.53	28.43	0.00	0.00
FBC	49	28.43	21.60	21.56	28.41	0.00	0.00
FBC	50	28.45	21.56	21.53	28.46	0.00	0.00
FBC	51	28.40	21.65	21.58	28.37	0.00	0.00
FBC	52	28.43	21.60	21.56	28.41	0.00	0.00
FBC	53	28.41	21.63	21.58	28.39	0.00	0.00
FBC	54	28.44	21.60	21.55	28.41	0.02	0.00
FBC	55	28.42	21.61	21.58	28.40	0.00	0.00
FBC	56	28.42	21.63	21.58	28.37	0.01	0.00
FBC	57	28.39	21.65	21.60	28.37	0.00	0.00
FBC	58	28.36	21.66	21.61	28.36	0.01	0.00
FBC	59	28.42	21.62	21.57	28.39	0.00	0.00
FBC	60	28.42	21.62	21.57	28.40	0.00	0.00
FBC	61	28.39	21.65	21.61	28.36	0.00	0.00
FBC	62	28.41	21.62	21.58	28.39	0.00	0.00
FBC	63	28.40	21.64	21.59	28.36	0.03	0.00
FBC	64	28.36	21.67	21.62	28.35	0.00	0.00
FBC	65	28.37	21.66	21.61	28.36	0.00	0.00
FBC	66	28.39	21.62	21.60	28.38	0.00	0.00
FBC	67	28.39	21.65	21.60	28.36	0.00	0.00
FBC	68	28.36	21.67	21.63	28.34	0.00	0.00
FBC	69	28.36	21.68	21.64	28.33	0.01	0.00
FBC	70	28.40	21.63	21.58	28.39	0.00	0.00
FBC	71	28.38	21.66	21.60	28.36	0.02	0.00
FBC	72	28.36	21.69	21.64	28.32	0.00	0.00
FBC	73	28.40	21.64	21.58	28.38	0.02	0.00
FBC	74	28.38	21.66	21.62	28.34	0.00	0.00
FBC	75	28.39	21.66	21.61	28.35	0.02	0.00
FBC	76	28.39	21.63	21.59	28.38	0.01	0.00
FBC	77	28.37	21.67	21.62	28.34	0.01	0.00
FBC	78	28.37	21.66	21.62	28.36	0.01	0.00
FBC	79	28.38	21.66	21.60	28.35	0.01	0.00
FBC	80	28.36	21.69	21.64	28.31	0.01	0.00
FBC	81	28.35	21.70	21.63	28.32	0.01	0.00
FBC	82	28.34	21.69	21.65	28.32	0.01	0.00
FBC	83	28.34	21.69	21.64	28.33	0.00	0.00
FBC	84	28.34	21.69	21.64	28.33	0.01	0.00
FBC	85	28.36	21.68	21.64	28.33	0.01	0.00
FBC	86	28.38	21.66	21.62	28.34	0.00	0.00
FBC	87	28.37	21.67	21.61	28.35	0.01	0.00
FBC	88	28.35	21.68	21.63	28.33	0.00	0.00
FBC	89	28.34	21.70	21.65	28.30	0.00	0.00
FBC	90	28.34	21.69	21.65	28.32	0.00	0.00
FBC	91	28.31	21.73	21.67	28.30	0.01	0.00
FBC	92	28.32	21.72	21.67	28.29	0.00	0.00
FBC	93	28.36	21.67	21.62	28.34	0.01	0.00
FBC	94	28.37	21.67	21.63	28.33	0.01	0.00
FBC	95	28.33	21.70	21.68	28.30	0.01	0.00
FBC	96	28.35	21.70	21.64	28.31	0.01	0.00
FBC	97	28.34	21.70	21.64	28.32	0.01	0.00
FBC	98	28.36	21.68	21.63	28.33	0.01	0.00
FBC	99	28.36	21.67	21.64	28.33	0.01	0.00
FBC	100	28.34	21.71	21.66	28.29	0.01	0.00
FBC	101	28.32	21.72	21.68	28.28	0.01	0.00
FBC	102	28.34	21.69	21.66	28.30	0.01	0.00
FBC	103	28.32	21.72	21.68	28.28	0.00	0.00
FBC	104	28.33	21.70	21.66	28.31	0.01	0.00
FBC	105	28.34	21.71	21.66	28.29	0.01	0.00
FBC	106	28.32	21.71	21.66	28.30	0.01	0.00
FBC	107	28.37	21.67	21.61	28.35	0.00	0.00
FBC	108	28.33	21.71	21.66	28.30	0.00	0.00
FBC	109	28.35	21.70	21.64	28.32	0.01	0.00
FBC	110	28.35	21.70	21.65	28.31	0.01	0.00
FBC	111	28.33	21.72	21.66	28.29	0.01	0.00
FBC	112	28.31	21.74	21.68	28.27	0.00	0.00
FBC	113	28.32	21.73	21.67	28.28	0.01	0.00
FBC	114	28.32	21.73	21.67	28.28	0.00	0.00
FBC	115	28.32	21.73	21.67	28.29	0.01	0.00
FBC	116	28.35	21.69	21.63	28.33	0.01	0.00
FBC	117	28.32	21.72	21.66	28.30	0.02	0.00
FBC	118	28.32	21.71	21.67	28.31	0.01	0.00
FBC	119	28.35	21.70	21.63	28.33	0.02	0.00
FBC	120	28.33	21.71	21.65	28.31	0.02	0.00
FBC	121	28.34	21.71	21.65	28.30	0.01	0.00
FBC	122	28.31	21.72	21.68	28.29	0.01	0.00
FBC	123	28.33	21.72	21.65	28.31	0.01	0.00
FBC	124	28.32	21.72	21.68	28.29	0.01	0.00
FBC	125	28.33	21.72	21.66	28.29	0.01	0.00
FBC	126	28.33	21.72	21.65	28.30	0.01	0.00
FBC	127	28.30	21.73	21.69	28.28	0.01	0.00
FBC	128	28.33	21.71	21.67	28.29	0.01	0.00
FBC	129	28.31	21.73	21.68	28.28	0.00	0.00
FBC	130	28.32	21.71	21.66	28.31	0.01	0.00
FBC	131	28.33	21.73	21.67	28.28	0.00	0.00
FBC	132	28.33	21.72	21.67	28.28	0.02	0.00
FBC	133	28.32	21.72	21.66	28.30	0.01	0.00
FBC	134	28.31	21.72	21.69	28.28	0.00	0.00
FBC	135	28.31	21.73	21.69	28.27	0.01	0.00
FBC	136	28.28	21.75	21.69	28.28	0.01	0.00
FBC	137	28.30	21.75	21.71	28.24	0.01	0.00
FBC	138	28.29	21.76	21.70	28.25	0.01	0.00
FBC	139	28.30	21.75	21.68	28.27	0.00	0.00
FBC	140	28.29	21.76	21.69	28.27	0.00	0.00
FBC	141	28.33	21.72	21.66	28.29	0.00	0.00
FBC	142	28.32	21.73	21.66	28.29	0.00	0.00
FBC	143	28.31	21.73	21.68	28.28	0.01	0.00
FBC	144	28.32	21.74	21.65	28.28	0.01	0.00
FBC	145	28.29	21.75	21.69	28.27	0.01	0.00
FBC	146	28.30	21.75	21.68	28.28	0.01	0.00
FBC	147	28.29	21.77	21.69	28.26	0.02	0.00
FBC	148	28.30	21.76	21.69	28.26	0.01	0.00
FBC	149	28.29	21.76	21.69	28.27	0.00	0.00
FBC	150	28.28	21.76	21.70	28.25	0.00	0.00
FBC	151	28.31	21.73	21.68	28.29	0.01	0.00
FBC	152	28.31	21.74	21.68	28.27	0.00	0.00
FBC	153	28.29	21.76	21.69	28.26	0.01	0.00
FBC	154	28.27	21.77	21.71	28.25	0.02	0.00
FBC	155	28.29	21.75	21.69	28.27	0.01	0.00
FBC	156	28.29	21.74	21.68	28.29	0.00	0.00
FBC	157	28.28	21.76	21.70	28.26	0.00	0.00
FBC	158	28.30	21.75	21.69	28.26	0.00	0.00
FBC	159	28.29	21.75	21.70	28.25	0.00	0.00
FBC	160	28.26	21.77	21.73	28.24	0.00	0.00
FBC	161	28.29	21.76	21.69	28.26	0.01	0.00
FBC	162	28.27	21.77	21.70	28.25	0.01	0.00
FBC	163	28.28	21.76	21.71	28.25	0.01	0.00
FBC	164	28.28	21.77	21.71	28.24	0.01	0.00
FBC	165	28.28	21.76	21.70	28.25	0.01	0.00
FBC	166	28.29	21.76	21.70	28.25	0.01	0.00
FBC	167	28.25	21.78	21.73	28.23	0.01	0.00
FBC	168	28.26	21.77	21.72	28.25	0.01	0.00
FBC	169	28.26	21.79	21.73	28.22	0.01	0.00
FBC	170	28.26	21.78	21.72	28.24	0.01	0.00
FBC	171	28.26	21.78	21.72	28.23	0.00	0.00
FBC	172	28.26	21.77	21.73	28.24	0.00	0.00
FBC	173	28.25	21.80	21.73	28.22	0.01	0.00
FBC	174	28.24	21.80	21.74	28.22	0.00	0.00
FBC	175	28.25	21.80	21.75	28.21	0.01	0.00
FBC	176	28.27	21.78	21.73	28.22	0.00	0.00
FBC	177	28.25	21.80	21.73	28.22	0.01	0.00
FBC	178	28.24	21.79	21.75	28.22	0.00	0.00
FBC	179	28.24	21.79	21.74	28.22	0.01	0.00
FBC	180	28.25	21.79	21.73	28.23	0.00	0.00
FBC	181	28.26	21.78	21.72	28.24	0.00	0.00
FBC	182	28.25	21.79	21.73	28.23	0.00	0.00
FBC	183	28.23	21.81	21.76	28.20	0.01	0.00
FBC	184	28.22	21.81	21.75	28.22	0.00	0.00
FBC	185	28.23	21.82	21.76	28.19	0.01	0.00
FBC	186	28.19	21.84	21.80	28.17	0.01	0.00
FBC	187	28.22	21.82	21.76	28.20	0.02	0.00
FBC	188	28.23	21.82	21.75	28.21	0.00	0.00
FBC	189	28.21	21.84	21.77	28.18	0.00	0.00
FBC	190	28.21	21.83	21.77	28.19	0.01	0.00
FBC	191	28.21	21.83	21.78	28.18	0.01	0.00
FBC	192	28.21	21.83	21.77	28.19	0.00	0.00
FBC	193	28.21	21.83	21.79	28.17	0.00	0.00
FBC	194	28.20	21.85	21.78	28.17	0.01	0.00
FBC	195	28.19	21.86	21.78	28.18	0.13	0.00
FBC	196	28.20	21.84	21.79	28.17	0.00	0.00
FBC	197	28.22	21.82	21.76	28.21	0.00	0.00
FBC	198	28.19	21.85	21.79	28.18	0.00	0.00
FBC	199	28.19	21.85	21.78	28.18	0.00	0.00
FBC	200	28.19	21.85	21.79	28.17	0.00	0.00
FBC	201	28.20	21.83	21.79	28.17	0.00	0.00
FBC	202	28.20	21.85	21.79	28.15	0.00	0.00
FBC	203	28.18	21.85	21.80	28.17	0.00	0.00
FBC	204	28.17	21.87	21.81	28.15	0.00	0.00
FBC	205	28.17	21.88	21.83	28.13	0.00	0.00
FBC	206	28.15	21.90	21.82	28.14	0.00	0.00
FBC	207	28.17	21.88	21.82	28.13	0.00	0.00
FBC	208	28.18	21.87	21.80	28.15	0.00	0.00
FBC	209	28.18	21.87	21.81	28.14	0.00	0.00
FBC	210	28.17	21.87	21.80	28.16	0.00	0.00
FBC	211	28.16	21.88	21.81	28.15	0.00	0.00
FBC	212	28.17	21.88	21.82	28.13	0.00	0.00
FBC	213	28.15	21.88	21.83	28.13	0.00	0.00
FBC	214	28.15	21.89	21.83	28.14	0.00	0.00
FBC	215	28.16	21.86	21.83	28.15	0.00	0.00
FBC	216	28.18	21.86	21.81	28.14	0.00	0.00
FBC	217	28.14	21.89	21.84	28.12	0.00	0.00
FBC	218	28.15	21.89	21.83	28.13	0.00	0.00
FBC	219	28.16	21.89	21.83	28.12	0.00	0.00
FBC	220	28.17	21.88	21.82	28.13	0.00	0.00
FBC	221	28.15	21.89	21.82	28.14	0.00	0.00
FBC	222	28.15	21.89	21.84	28.13	0.00	0.00
FBC	223	28.14	21.91	21.84	28.11	0.00	0.00
FBC	224	28.14	21.91	21.85	28.11	0.00	0.00
FBC	225	28.13	21.91	21.87	28.09	0.00	0.00
FBC	226	28.14	21.91	21.84	28.11	0.00	0.00
FBC	227	28.12	21.91	21.87	28.09	0.00	0.00
FBC	228	28.11	21.93	21.88	28.09	0.00	0.00
FBC	229	28.12	21.92	21.87	28.09	0.00	0.00
FBC	230	28.09	21.96	21.90	28.05	0.00	0.00
FBC	231	28.10	21.95	21.88	28.07	0.00	0.00
FBC	232	28.08	21.97	21.91	28.04	0.00	0.00
FBC	233	28.08	21.96	21.90	28.06	0.00	0.00
FBC	234	28.07	21.97	21.91	28.04	0.00	0.00
FBC	235	28.06	21.99	21.92	28.03	0.00	0.00
FBC	236	28.06	21.98	21.93	28.03	0.00	0.00
FBC	237	28.04	21.99	21.94	28.04	0.00	0.00
FBC	238	28.10	21.95	21.89	28.07	0.00	0.00
FBC	239	28.11	21.95	21.87	28.07	0.00	0.00
FBC	240	28.05	21.98	21.92	28.04	0.00	0.00
FBC	241	28.03	22.01	21.94	28.02	0.00	0.00
FBC	242	28.09	21.96	21.90	28.05	0.00	0.00
FBC	243	28.09	21.95	21.89	28.07	0.00	0.00
FBC	244	28.04	22.00	21.94	28.02	0.00	0.00
FBC	245	28.06	21.99	21.92	28.03	0.00	0.00
FBC	246	28.02	22.02	21.95	28.00	0.00	0.00
FBC	247	27.98	22.06	22.00	27.96	0.00	0.00
FBC	248	27.99	22.05	22.00	27.96	0.00	0.00
FBC	249	28.03	22.02	21.95	28.00	0.00	0.00
FBC	250	28.03	22.01	21.97	28.00	0.00	0.00
# ACGT raw counters for first fragments. Use `grep ^FTC | cut -f 2-` to extract this part. The columns are: A,C,G,T,N base counters
FTC	3980484523	3041257394	3034168809	3976880929	749390
# ACGT content per cycle for last fragments. Use `grep ^LBC | cut -f 2-` to extract this part. The columns are: cycle; A,C,G,T base counts as a percentage of all A/C/G/T bases [%]; and N and O counts as a percentage of all A/C/G/T bases [%]
LBC	1	30.23	19.80	19.78	30.19	0.00	0.00
LBC	2	29.95	20.06	20.08	29.92	0.00	0.00
LBC	3	29.64	20.34	20.37	29.65	0.00	0.00
LBC	4	29.14	20.88	20.85	29.13	0.00	0.00
LBC	5	29.33	20.69	20.70	29.28	0.00	0.00
LBC	6	29.02	20.99	20.99	29.00	0.00	0.00
LBC	7	29.14	20.87	20.88	29.11	0.00	0.00
LBC	8	29.20	20.82	20.81	29.17	0.00	0.00
LBC	9	29.19	20.83	20.84	29.14	0.00	0.00
LBC	10	29.06	20.96	20.95	29.03	0.00	0.00
LBC	11	29.15	20.88	20.87	29.10	0.00	0.00
LBC	12	29.14	20.90	20.87	29.09	0.00	0.00
LBC	13	29.24	20.81	20.77	29.18	0.00	0.00
LBC	14	29.23	20.80	20.80	29.17	0.00	0.00
LBC	15	29.28	20.75	20.74	29.23	0.00	0.00
LBC	16	29.21	20.84	20.81	29.14	0.00	0.00
LBC	17	29.15	20.87	20.88	29.10	0.00	0.00
LBC	18	29.12	20.92	20.88	29.08	0.00	0.00
LBC	19	29.12	20.93	20.89	29.06	0.00	0.00
LBC	20	29.04	21.01	20.98	28.98	0.00	0.00
LBC	21	29.05	20.96	20.99	29.00	0.00	0.00
LBC	22	29.05	20.99	20.96	29.00	0.00	0.00
LBC	23	28.95	21.08	21.07	28.90	0.00	0.00
LBC	24	28.99	21.04	21.01	28.96	0.00	0.00
LBC	25	28.96	21.08	21.08	28.88	0.00	0.00
LBC	26	28.87	21.16	21.15	28.82	0.00	0.00
LBC	27	28.89	21.14	21.12	28.85	0.00	0.00
LBC	28	28.88	21.18	21.15	28.80	0.00	0.00
LBC	29	28.81	21.21	21.19	28.79	0.00	0.00
LBC	30	28.79	21.25	21.20	28.76	0.00	0.00
LBC	31	28.77	21.27	21.25	28.71	0.00	0.00
LBC	32	28.76	21.28	21.26	28.70	0.00	0.00
LBC	33	28.77	21.26	21.25	28.71	0.00	0.00
LBC	34	28.74	21.32	21.28	28.67	0.00	0.00
LBC	35	28.74	21.31	21.29	28.66	0.00	0.00
LBC	36	28.72	21.32	21.31	28.66	0.00	0.00
LBC	37	28.66	21.37	21.37	28.60	0.00	0.00
LBC	38	28.73	21.30	21.30	28.67	0.00	0.00
LBC	39	28.69	21.36	21.33	28.62	0.00	0.00
LBC	40	28.67	21.39	21.34	28.59	0.00	0.00
LBC	41	28.63	21.41	21.40	28.56	0.00	0.00
LBC	42	28.67	21.37	21.36	28.60	0.00	0.00
LBC	43	28.63	21.41	21.40	28.56	0.00	0.00
LBC	44	28.64	21.40	21.38	28.59	0.00	0.00
LBC	45	28.65	21.40	21.38	28.57	0.00	0.00
LBC	46	28.59	21.45	21.43	28.53	0.00	0.00
LBC	47	28.64	21.41	21.39	28.56	0.00	0.00
LBC	48	28.66	21.40	21.37	28.57	0.00	0.00
LBC	49	28.59	21.46	21.41	28.54	0.00	0.00
LBC	50	28.62	21.41	21.38	28.59	0.00	0.00
LBC	51	28.58	21.48	21.42	28.51	0.00	0.00
LBC	52	28.61	21.43	21.42	28.54	0.00	0.00
LBC	53	28.58	21.48	21.42	28.52	0.00	0.00
LBC	54	28.61	21.44	21.41	28.55	0.00	0.00
LBC	55	28.58	21.46	21.43	28.52	0.00	0.00
LBC	56	28.58	21.48	21.43	28.51	0.00	0.00
LBC	57	28.55	21.50	21.47	28.48	0.00	0.00
LBC	58	28.52	21.51	21.46	28.50	0.00	0.00
LBC	59	28.58	21.47	21.44	28.51	0.00	0.00
LBC	60	28.57	21.47	21.44	28.53	0.00	0.00
LBC	61	28.53	21.50	21.47	28.50	0.00	0.00
LBC	62	28.56	21.46	21.45	28.52	0.00	0.00
LBC	63	28.53	21.50	21.48	28.50	0.00	0.00
LBC	64	28.50	21.54	21.49	28.47	0.00	0.00
LBC	65	28.53	21.52	21.47	28.48	0.00	0.00
LBC	66	28.55	21.49	21.45	28.52	0.00	0.00
LBC	67	28.52	21.50	21.49	28.49	0.00	0.00
LBC	68	28.51	21.53	21.51	28.45	0.00	0.00
LBC	69	28.49	21.55	21.52	28.44	0.00	0.00
LBC	70	28.54	21.50	21.45	28.51	0.00	0.00
LBC	71	28.50	21.52	21.49	28.48	0.00	0.00
LBC	72	28.50	21.54	21.51	28.45	0.00	0.00
LBC	73	28.53	21.51	21.46	28.51	0.00	0.00
LBC	74	28.52	21.52	21.47	28.48	0.00	0.00
LBC	75	28.52	21.52	21.47	28.49	0.00	0.00
LBC	76	28.50	21.52	21.49	28.49	0.00	0.00
LBC	77	28.50	21.54	21.50	28.46	0.00	0.00
LBC	78	28.51	21.53	21.49	28.48	0.00	0.00
LBC	79	28.52	21.53	21.48	28.47	0.00	0.00
LBC	80	28.46	21.59	21.53	28.43	0.00	0.00
LBC	81	28.47	21.57	21.53	28.43	0.00	0.00
LBC	82	28.46	21.58	21.54	28.42	0.00	0.00
LBC	83	28.47	21.57	21.53	28.43	0.00	0.00
LBC	84	28.47	21.55	21.53	28.45	0.00	0.00
LBC	85	28.48	21.56	21.52	28.44	0.00	0.00
LBC	86	28.48	21.57	21.52	28.44	0.00	0.00
LBC	87	28.49	21.55	21.51	28.45	0.00	0.00
LBC	88	28.47	21.58	21.52	28.43	0.00	0.00
LBC	89	28.45	21.59	21.54	28.42	0.00	0.00
LBC	90	28.47	21.57	21.54	28.42	0.00	0.00
LBC	91	28.43	21.60	21.57	28.40	0.00	0.00
LBC	92	28.45	21.58	21.57	28.40	0.00	0.00
LBC	93	28.50	21.54	21.51	28.46	0.00	0.00
LBC	94	28.50	21.56	21.51	28.44	0.00	0.00
LBC	95	28.45	21.59	21.56	28.39	0.00	0.00
LBC	96	28.47	21.57	21.53	28.43	0.00	0.00
LBC	97	28.45	21.59	21.54	28.41	0.00	0.00
LBC	98	28.47	21.57	21.53	28.43	0.00	0.00
LBC	99	28.47	21.57	21.54	28.42	0.00	0.00
LBC	100	28.43	21.61	21.58	28.38	0.00	0.00
LBC	101	28.42	21.62	21.59	28.37	0.00	0.00
LBC	102	28.45	21.59	21.58	28.39	0.00	0.00
LBC	103	28.42	21.63	21.59	28.36	0.00	0.00
LBC	104	28.45	21.59	21.58	28.38	0.00	0.00
LBC	105	28.44	21.61	21.56	28.38	0.00	0.00
LBC	106	28.44	21.60	21.57	28.39	0.00	0.00
LBC	107	28.47	21.57	21.54	28.42	0.00	0.00
LBC	108	28.43	21.61	21.57	28.39	0.00	0.00
LBC	109	28.45	21.60	21.57	28.39	0.00	0.00
LBC	110	28.43	21.61	21.57	28.39	0.00	0.00
LBC	111	28.42	21.63	21.58	28.37	0.00	0.00
LBC	112	28.40	21.65	21.59	28.35	0.00	0.00
LBC	113	28.40	21.65	21.61	28.34	0.00	0.00
LBC	114	28.40	21.65	21.60	28.35	0.00	0.00
LBC	115	28.43	21.62	21.58	28.36	0.00	0.00
LBC	116	28.44	21.60	21.57	28.40	0.00	0.00
LBC	117	28.42	21.63	21.60	28.35	0.00	0.00
LBC	118	28.42	21.63	21.58	28.37	0.00	0.00
LBC	119	28.43	21.62	21.57	28.38	0.00	0.00
LBC	120	28.43	21.63	21.58	28.37	0.00	0.00
LBC	121	28.41	21.63	21.61	28.36	0.00	0.00
LBC	122	28.41	21.65	21.60	28.34	0.00	0.00
LBC	123	28.41	21.64	21.59	28.35	0.00	0.00
LBC	124	28.40	21.64	21.61	28.35	0.00	0.00
LBC	125	28.40	21.65	21.61	28.35	0.00	0.00
LBC	126	28.41	21.66	21.59	28.35	0.00	0.00
LBC	127	28.40	21.66	21.59	28.35	0.00	0.00
LBC	128	28.40	21.65	21.60	28.35	0.00	0.00
LBC	129	28.36	21.68	21.64	28.33	0.00	0.00
LBC	130	28.40	21.65	21.61	28.34	0.00	0.00
LBC	131	28.38	21.65	21.62	28.35	0.00	0.00
LBC	132	28.39	21.67	21.61	28.32	0.00	0.00
LBC	133	28.40	21.66	21.60	28.34	0.00	0.00
LBC	134	28.38	21.68	21.62	28.32	0.00	0.00
LBC	135	28.37	21.68	21.63	28.33	0.00	0.00
LBC	136	28.36	21.69	21.64	28.30	0.00	0.00
LBC	137	28.35	21.71	21.65	28.28	0.00	0.00
LBC	138	28.35	21.71	21.65	28.29	0.00	0.00
LBC	139	28.36	21.69	21.63	28.32	0.00	0.00
LBC	140	28.36	21.70	21.63	28.31	0.00	0.00
LBC	141	28.38	21.68	21.61	28.33	0.00	0.00
LBC	142	28.39	21.67	21.60	28.34	0.00	0.00
LBC	143	28.37	21.68	21.62	28.32	0.00	0.00
LBC	144	28.39	21.67	21.60	28.33	0.00	0.00
LBC	145	28.34	21.73	21.65	28.29	0.00	0.00
LBC	146	28.34	21.73	21.66	28.28	0.00	0.00
LBC	147	28.33	21.74	21.66	28.27	0.00	0.00
LBC	148	28.34	21.72	21.65	28.29	0.00	0.00
LBC	149	28.35	21.71	21.65	28.30	0.00	0.00
LBC	150	28.32	21.74	21.66	28.27	0.00	0.00
LBC	151	28.34	21.73	21.65	28.29	0.00	0.00
LBC	152	28.34	21.73	21.65	28.28	0.00	0.00
LBC	153	28.33	21.74	21.66	28.27	0.00	0.00
LBC	154	28.31	21.75	21.68	28.26	0.00	0.00
LBC	155	28.31	21.76	21.69	28.24	0.00	0.00
LBC	156	28.33	21.74	21.67	28.26	0.00	0.00
LBC	157	28.32	21.74	21.67	28.27	0.00	0.00
LBC	158	28.31	21.75	21.68	28.26	0.00	0.00
LBC	159	28.31	21.75	21.69	28.25	0.00	0.00
LBC	160	28.28	21.77	21.71	28.23	0.00	0.00
LBC	161	28.30	21.77	21.69	28.24	0.00	0.00
LBC	162	28.29	21.77	21.68	28.25	0.00	0.00
LBC	163	28.29	21.78	21.71	28.22	0.00	0.00
LBC	164	28.29	21.79	21.71	28.21	0.00	0.00
LBC	165	28.28	21.80	21.71	28.22	0.00	0.00
LBC	166	28.28	21.79	21.71	28.22	0.00	0.00
LBC	167	28.25	21.82	21.75	28.18	0.00	0.00
LBC	168	28.26	21.80	21.74	28.20	0.00	0.00
LBC	169	28.23	21.83	21.77	28.17	0.00	0.00
LBC	170	28.25	21.81	21.74	28.20	0.00	0.00
LBC	171	28.23	21.83	21.76	28.18	0.00	0.00
LBC	172	28.26	21.79	21.73	28.22	0.00	0.00
LBC	173	28.26	21.79	21.74	28.21	0.00	0.00
LBC	174	28.22	21.84	21.75	28.19	0.00	0.00
LBC	175	28.23	21.82	21.76	28.20	0.00	0.00
LBC	176	28.25	21.80	21.73	28.21	0.00	0.00
LBC	177	28.22	21.85	21.75	28.18	0.00	0.00
LBC	178	28.22	21.86	21.77	28.16	0.00	0.00
LBC	179	28.20	21.87	21.79	28.15	0.00	0.00
LBC	180	28.20	21.87	21.79	28.14	0.00	0.00
LBC	181	28.24	21.83	21.76	28.18	0.00	0.00
LBC	182	28.22	21.83	21.78	28.17	0.00	0.00
LBC	183	28.22	21.84	21.78	28.16	0.00	0.00
LBC	184	28.19	21.86	21.80	28.15	0.00	0.00
LBC	185	28.19	21.88	21.79	28.14	0.00	0.00
LBC	186	28.17	21.88	21.84	28.11	0.00	0.00
LBC	187	28.18	21.88	21.81	28.13	0.00	0.00
LBC	188	28.18	21.89	21.80	28.13	0.00	0.00
LBC	189	28.15	21.90	21.84	28.11	0.00	0.00
LBC	190	28.16	21.91	21.83	28.10	0.00	0.00
LBC	191	28.16	21.90	21.83	28.11	0.00	0.00
LBC	192	28.15	21.91	21.84	28.10	0.00	0.00
LBC	193	28.11	21.97	21.88	28.05	0.00	0.00
LBC	194	28.12	21.95	21.88	28.05	0.00	0.00
LBC	195	28.07	22.01	21.90	28.02	0.00	0.00
LBC	196	28.11	21.95	21.87	28.06	0.00	0.00
LBC	197	28.15	21.92	21.83	28.11	0.00	0.00
LBC	198	28.13	21.92	21.86	28.08	0.00	0.00
LBC	199	28.12	21.94	21.87	28.06	0.00	0.00
LBC	200	28.08	21.97	21.90	28.04	0.00	0.00
LBC	201	28.11	21.95	21.87	28.06	0.00	0.00
LBC	202	28.06	22.00	21.91	28.02	0.00	0.00
LBC	203	28.13	21.93	21.86	28.08	0.00	0.00
LBC	204	28.10	21.95	21.88	28.07	0.00	0.00
LBC	205	28.07	22.00	21.92	28.01	0.00	0.00
LBC	206	28.07	22.00	21.92	28.01	0.00	0.00
LBC	207	28.05	22.03	21.94	27.98	0.00	0.00
LBC	208	28.05	22.02	21.95	27.98	0.00	0.00
LBC	209	27.98	22.08	22.01	27.93	0.00	0.00
LBC	210	28.02	22.03	21.96	27.99	0.00	0.00
LBC	211	28.09	21.97	21.90	28.04	0.00	0.00
LBC	212	28.04	22.03	21.95	27.98	0.00	0.00
LBC	213	28.02	22.06	21.97	27.96	0.00	0.00
LBC	214	28.03	22.03	21.97	27.98	0.00	0.00
LBC	215	28.03	22.04	21.98	27.95	0.00	0.00
LBC	216	28.01	22.06	21.97	27.96	0.00	0.00
LBC	217	28.02	22.04	21.97	27.96	0.00	0.00
LBC	218	27.98	22.09	22.02	27.92	0.00	0.00
LBC	219	27.95	22.11	22.04	27.90	0.00	0.00
LBC	220	27.96	22.10	22.02	27.91	0.00	0.00
LBC	221	27.96	22.10	22.03	27.91	0.00	0.00
LBC	222	27.97	22.09	22.01	27.92	0.00	0.00
LBC	223	27.92	22.14	22.07	27.87	0.00	0.00
LBC	224	27.93	22.13	22.06	27.89	0.00	0.00
LBC	225	27.91	22.14	22.08	27.86	0.00	0.00
LBC	226	27.97	22.08	22.01	27.93	0.00	0.00
LBC	227	27.92	22.15	22.07	27.86	0.00	0.00
LBC	228	27.94	22.13	22.04	27.89	0.00	0.00
LBC	229	27.95	22.11	22.04	27.90	0.00	0.00
LBC	230	27.91	22.15	22.07	27.87	0.00	0.00
LBC	231	27.86	22.21	22.13	27.80	0.00	0.00
LBC	232	27.89	22.17	22.09	27.85	0.00	0.00
LBC	233	27.89	22.17	22.09	27.85	0.00	0.00
LBC	234	27.86	22.22	22.13	27.80	0.00	0.00
LBC	235	27.86	22.21	22.12	27.81	0.00	0.00
LBC	236	27.83	22.22	22.16	27.79	0.00	0.00
LBC	237	27.85	22.21	22.13	27.81	0.00	0.00
LBC	238	27.83	22.24	22.16	27.78	0.00	0.00
LBC	239	27.84	22.21	22.16	27.79	0.00	0.00
LBC	240	27.82	22.24	22.17	27.78	0.00	0.00
LBC	241	27.84	22.23	22.14	27.79	0.00	0.00
LBC	242	27.83	22.24	22.13	27.80	0.00	0.00
LBC	243	27.81	22.26	22.18	27.74	0.00	0.00
LBC	244	27.79	22.29	22.20	27.73	0.00	0.00
LBC	245	27.73	22.33	22.25	27.68	0.00	0.00
LBC	246	27.74	22.34	22.24	27.68	0.00	0.00
LBC	247	27.68	22.39	22.29	27.63	0.00	0.00
LBC	248	27.69	22.37	22.29	27.65	0.00	0.00
LBC	249	27.64	22.43	22.34	27.59	0.00	0.00
LBC	250	27.69	22.38	22.28	27.65	0.00	0.00
# ACGT raw counters for last fragments. Use `grep ^LTC | cut -f 2-` to extract this part. The columns are: A,C,G,T,N base counters
LTC	3978626125	3031702396	3024562095	3971550372	5112
# Insert sizes. Use `grep ^IS | cut -f 2-` to extract this part. The columns are: insert size, pairs total, inward oriented pairs, outward oriented pairs, other pairs
IS	0	2375	0	9	2366
IS	1	2241	0	13	2228
IS	2	1808	0	184	1624
IS	3	1294	0	195	1099
IS	4	1192	0	176	1016
IS	5	1333	0	222	1111
IS	6	1075	0	173	902
IS	7	405	0	172	233
IS	8	390	0	181	209
IS	9	378	0	178	200
IS	10	359	0	184	175
IS	11	338	0	182	156
IS	12	351	0	168	183
IS	13	332	0	164	168
IS	14	295	0	154	141
IS	15	334	0	143	191
IS	16	321	0	175	146
IS	17	362	0	189	173
IS	18	296	0	147	149
IS	19	1499	575	780	144
IS	20	1520	586	823	111
IS	21	1204	479	603	122
IS	22	699	256	344	99
IS	23	469	124	227	118
IS	24	399	78	223	98
IS	25	358	76	202	80
IS	26	277	31	174	72
IS	27	347	58	205	84
IS	28	312	37	187	88
IS	29	348	57	218	73
IS	30	476	105	312	59
IS	31	468	127	282	59
IS	32	453	135	260	58
IS	33	561	151	358	52
IS	34	484	125	299	60
IS	35	590	193	347	50
IS	36	609	200	347	62
IS	37	635	216	361	58
IS	38	591	214	333	44
IS	39	667	234	396	37
IS	40	691	230	398	63
IS	41	665	234	398	33
IS	42	684	277	364	43
IS	43	658	271	355	32
IS	44	727	260	429	38
IS	45	682	250	410	22
IS	46	665	266	378	21
IS	47	692	283	393	16
IS	48	718	303	390	25
IS	49	703	313	371	19
IS	50	758	319	424	15
IS	51	823	353	455	15
IS	52	726	326	383	17
IS	53	756	328	407	21
IS	54	790	344	407	39
IS	55	866	358	436	72
IS	56	797	341	439	17
IS	57	815	340	465	10
IS	58	838	364	456	18
IS	59	845	341	485	19
IS	60	854	359	469	26
IS	61	818	367	421	30
IS	62	899	414	467	18
IS	63	882	366	494	22
IS	64	843	373	446	24
IS	65	945	419	509	17
IS	66	886	406	461	19
IS	67	900	429	451	20
IS	68	895	417	469	9
IS	69	864	381	474	9
IS	70	989	442	533	14
IS	71	884	416	461	7
IS	72	931	412	508	11
IS	73	956	433	513	10
IS	74	965	474	483	8
IS	75	917	455	453	9
IS	76	947	450	488	9
IS	77	945	446	495	4
IS	78	989	463	509	17
IS	79	1042	503	530	9
IS	80	1056	496	553	7
IS	81	976	458	511	7
IS	82	995	472	515	8
IS	83	977	496	468	13
IS	84	936	439	488	9
IS	85	1077	506	561	10
IS	86	992	488	495	9
IS	87	966	468	490	8
IS	88	928	422	500	6
IS	89	942	465	465	12
IS	90	968	483	475	10
IS	91	975	479	487	9
IS	92	902	421	466	15
IS	93	944	445	467	32
IS	94	918	444	456	18
IS	95	933	439	481	13
IS	96	915	443	461	11
IS	97	966	481	475	10
IS	98	918	430	482	6
IS	99	969	464	488	17
IS	100	972	462	498	12
IS	101	999	465	524	10
IS	102	993	476	497	20
IS	103	1009	489	511	9
IS	104	931	465	453	13
IS	105	960	481	476	3
IS	106	991	474	512	5
IS	107	1078	519	553	6
IS	108	1069	521	545	3
IS	109	971	480	478	13
IS	110	1008	480	520	8
IS	111	1013	470	535	8
IS	112	1013	462	548	3
IS	113	937	457	474	6
IS	114	922	431	481	10
IS	115	965	450	510	5
IS	116	986	476	501	9
IS	117	976	467	507	2
IS	118	982	413	562	7
IS	119	931	449	480	2
IS	120	937	420	511	6
IS	121	950	474	473	3
IS	122	946	464	474	8
IS	123	918	448	465	5
IS	124	964	460	501	3
IS	125	977	472	500	5
IS	126	934	444	490	0
IS	127	949	458	490	1
IS	128	1022	460	558	4
IS	129	1065	481	579	5
IS	130	1032	510	517	5
IS	131	1095	553	536	6
IS	132	1036	498	535	3
IS	133	1071	520	543	8
IS	134	1017	497	517	3
IS	135	1000	461	538	1
IS	136	1026	513	504	9
IS	137	1044	515	529	0
IS	138	1043	527	515	1
IS	139	1089	542	545	2
IS	140	1102	551	546	5
IS	141	1141	567	573	1
IS	142	1203	574	628	1
IS	143	1171	592	579	0
IS	144	1251	629	620	2
IS	145	1286	614	670	2
IS	146	1343	664	677	2
IS	147	1428	701	726	1
IS	148	1479	701	772	6
IS	149	1507	733	770	4
IS	150	1790	852	938	0
IS	151	2132	975	1153	4
IS	152	2462	1112	1347	3
IS	153	2503	1109	1389	5
IS	154	2566	1184	1381	1
IS	155	2647	1207	1438	2
IS	156	2720	1212	1502	6
IS	157	2769	1222	1531	16
IS	158	2757	1254	1493	10
IS	159	2755	1240	1513	2
IS	160	2787	1217	1569	1
IS	161	2686	1227	1459	0
IS	162	2883	1272	1609	2
IS	163	2868	1256	1611	1
IS	164	2834	1273	1560	1
IS	165	2863	1301	1561	1
IS	166	2931	1305	1626	0
IS	167	2767	1237	1528	2
IS	168	2809	1273	1533	3
IS	169	2947	1306	1641	0
IS	170	2973	1378	1594	1
IS	171	2901	1290	1610	1
IS	172	2899	1280	1618	1
IS	173	3007	1319	1688	0
IS	174	2918	1282	1634	2
IS	175	3098	1389	1708	1
IS	176	3175	1439	1735	1
IS	177	3033	1373	1659	1
IS	178	3106	1375	1730	1
IS	179	3307	1478	1826	3
IS	180	2985	1315	1667	3
IS	181	3105	1369	1734	2
IS	182	3186	1430	1753	3
IS	183	3105	1379	1725	1
IS	184	3208	1441	1764	3
IS	185	3345	1513	1831	1
IS	186	3261	1412	1848	1
IS	187	3242	1460	1781	1
IS	188	3299	1514	1785	0
IS	189	3262	1537	1724	1
IS	190	3254	1479	1773	2
IS	191	3269	1458	1808	3
IS	192	3369	1467	1902	0
IS	193	3352	1521	1831	0
IS	194	3368	1494	1873	1
IS	195	3354	1522	1830	2
IS	196	3383	1526	1855	2
IS	197	3452	1542	1908	2
IS	198	3363	1555	1806	2
IS	199	3462	1590	1872	0
IS	200	3473	1537	1935	1
IS	201	3454	1519	1933	2
IS	202	3489	1542	1947	0
IS	203	3461	1583	1878	0
IS	204	3609	1601	2004	4
IS	205	3474	1572	1900	2
IS	206	3471	1565	1904	2
IS	207	3499	1549	1949	1
IS	208	3569	1552	2017	0
IS	209	3579	1585	1993	1
IS	210	3660	1644	2015	1
IS	211	3653	1632	2018	3
IS	212	3731	1670	2060	1
IS	213	3753	1680	2072	1
IS	214	3712	1655	2057	0
IS	215	3684	1664	2019	1
IS	216	3704	1537	2165	2
IS	217	3801	1677	2123	1
IS	218	3933	1795	2137	1
IS	219	3842	1742	2099	1
IS	220	3857	1777	2078	2
IS	221	3901	1744	2156	1
IS	222	3927	1769	2157	1
IS	223	3948	1765	2182	1
IS	224	3970	1838	2129	3
IS	225	3968	1780	2185	3
IS	226	3978	1815	2163	0
IS	227	4055	1840	2212	3
IS	228	4161	1890	2270	1
IS	229	4276	1987	2288	1
IS	230	4138	1871	2266	1
IS	231	4308	1980	2326	2
IS	232	4182	1961	2220	1
IS	233	4206	1988	2218	0
IS	234	4445	2050	2395	0
IS	235	4350	2052	2295	3
IS	236	4260	1966	2293	1
IS	237	4448	2088	2360	0
IS	238	4492	2001	2490	1
IS	239	4542	2115	2426	1
IS	240	4569	2089	2477	3
IS	241	4548	2111	2436	1
IS	242	4605	2152	2452	1
IS	243	4696	2135	2558	3
IS	244	4776	2226	2548	2
IS	245	4787	2195	2590	2
IS	246	4835	2217	2617	1
IS	247	4809	2223	2583	3
IS	248	4890	1978	2910	2
IS	249	4901	1047	3854	0
IS	250	4986	2854	2130	2
IS	251	5001	4904	94	3
IS	252	5056	5008	48	0
IS	253	5103	5061	39	3
IS	254	5062	5041	19	2
IS	255	5117	5094	21	2
IS	256	5297	5276	20	1
IS	257	5304	5288	15	1
IS	258	5281	5263	15	3
IS	259	5433	5410	22	1
IS	260	5355	5334	18	3
IS	261	5474	5455	19	0
IS	262	5438	5422	15	1
IS	263	5605	5590	14	1
IS	264	5819	5806	12	1
IS	265	5743	5731	11	1
IS	266	5806	5794	12	0
IS	267	5834	5810	23	1
IS	268	5923	5916	5	2
IS	269	5805	5788	15	2
IS	270	6200	6187	12	1
IS	271	6226	6213	11	2
IS	272	6167	6154	12	1
IS	273	6323	6315	7	1
IS	274	6253	6245	6	2
IS	275	6361	6355	3	3
IS	276	6426	6419	4	3
IS	277	6347	6338	6	3
IS	278	6583	6573	7	3
IS	279	6627	6614	10	3
IS	280	6688	6677	8	3
IS	281	6719	6713	4	2
IS	282	6976	6970	4	2
IS	283	7091	7084	4	3
IS	284	7333	7326	5	2
IS	285	7342	7337	3	2
IS	286	7259	7255	3	1
IS	287	7342	7334	5	3
IS	288	7379	7373	5	1
IS	289	7543	7533	9	1
IS	290	7717	7708	8	1
IS	291	7753	7748	5	0
IS	292	7990	7982	6	2
IS	293	8060	8049	8	3
IS	294	8141	8129	9	3
IS	295	8004	7993	10	1
IS	296	8413	8407	6	0
IS	297	8425	8420	2	3
IS	298	8614	8610	4	0
IS	299	8542	8535	6	1
IS	300	8811	8806	5	0
IS	301	8850	8846	0	4
IS	302	8929	8923	3	3
IS	303	9028	9021	5	2
IS	304	9157	9146	7	4
IS	305	9419	9412	7	0
IS	306	9355	9350	2	3
IS	307	9582	9572	5	5
IS	308	9522	9516	2	4
IS	309	9776	9769	5	2
IS	310	9884	9878	5	1
IS	311	10216	10210	3	3
IS	312	10309	10304	4	1
IS	313	10388	10377	5	6
IS	314	10586	10575	6	5
IS	315	10885	10871	5	9
IS	316	10704	10693	5	6
IS	317	11131	11116	8	7
IS	318	11097	11089	4	4
IS	319	11299	11292	3	4
IS	320	11637	11633	3	1
IS	321	11671	11665	2	4
IS	322	12180	12174	4	2
IS	323	12110	12104	3	3
IS	324	12198	12192	4	2
IS	325	12677	12669	6	2
IS	326	12688	12679	3	6
IS	327	12803	12795	5	3
IS	328	12952	12942	7	3
IS	329	13495	13489	5	1
IS	330	13378	13373	3	2
IS	331	13600	13596	2	2
IS	332	13792	13790	1	1
IS	333	14247	14238	8	1
IS	334	14101	14097	3	1
IS	335	14623	14617	1	5
IS	336	14542	14537	5	0
IS	337	14731	14723	5	3
IS	338	15008	14999	8	1
IS	339	15029	15012	11	6
IS	340	15363	15359	3	1
IS	341	15753	15740	12	1
IS	342	15865	15862	2	1
IS	343	16065	16051	8	6
IS	344	16533	16526	3	4
IS	345	16565	16549	5	11
IS	346	16989	16968	3	18
IS	347	17180	17136	6	38
IS	348	17217	17186	6	25
IS	349	17517	17511	3	3
IS	350	17459	17448	6	5
IS	351	18265	18246	7	12
IS	352	18491	18465	4	22
IS	353	18655	18619	4	32
IS	354	18747	18701	1	45
IS	355	19452	19344	4	104
IS	356	19829	19560	5	264
IS	357	19723	19656	6	61
IS	358	20062	20023	4	35
IS	359	20240	20217	6	17
IS	360	20607	20585	6	16
IS	361	21054	21034	4	16
IS	362	20976	20960	3	13
IS	363	21626	21614	6	6
IS	364	21876	21862	4	10
IS	365	22031	22013	6	12
IS	366	22704	22691	1	12
IS	367	22777	22763	10	4
IS	368	23009	22994	5	10
IS	369	23496	23484	5	7
IS	370	23419	23412	4	3
IS	371	24264	24256	3	5
IS	372	24609	24595	5	9
IS	373	24998	24993	2	3
IS	374	25396	25387	3	6
IS	375	25793	25781	4	8
IS	376	26035	26023	6	6
IS	377	26059	26049	6	4
IS	378	26699	26684	5	10
IS	379	26916	26903	5	8
IS	380	27661	27651	6	4
IS	381	27602	27595	1	6
IS	382	28457	28452	1	4
IS	383	28822	28813	3	6
IS	384	29018	29012	2	4
IS	385	29777	29765	3	9
IS	386	30021	30014	3	4
IS	387	30450	30441	3	6
IS	388	30919	30909	4	6
IS	389	31219	31214	1	4
IS	390	31639	31631	4	4
IS	391	32019	32009	5	5
IS	392	32216	32209	3	4
IS	393	32860	32854	3	3
IS	394	33262	33255	2	5
IS	395	34211	34201	9	1
IS	396	34629	34626	2	1
IS	397	35252	35243	2	7
IS	398	35351	35345	1	5
IS	399	35883	35869	3	11
IS	400	36504	36495	4	5
IS	401	37071	37067	2	2
IS	402	37147	37137	5	5
IS	403	37536	37527	4	5
IS	404	38329	38319	5	5
IS	405	38835	38825	2	8
IS	406	39201	39194	1	6
IS	407	40182	40175	1	6
IS	408	40587	40582	2	3
IS	409	41257	41251	2	4
IS	410	41841	41835	4	2
IS	411	41982	41977	2	3
IS	412	42585	42579	3	3
IS	413	43673	43662	8	3
IS	414	43954	43935	8	11
IS	415	44870	44868	1	1
IS	416	45301	45292	5	4
IS	417	45707	45699	5	3
IS	418	46064	46055	1	8
IS	419	47074	46975	3	96
IS	420	47871	47823	2	46
IS	421	48366	48357	4	5
IS	422	48651	48644	2	5
IS	423	49250	49242	1	7
IS	424	49715	49709	1	5
IS	425	50832	50825	3	4
IS	426	51570	51567	2	1
IS	427	52098	52090	4	4
IS	428	53164	53159	3	2
IS	429	53527	53520	4	3
IS	430	53966	53961	2	3
IS	431	54652	54650	0	2
IS	432	55921	55914	5	2
IS	433	56324	56316	1	7
IS	434	57157	57153	3	1
IS	435	57568	57564	1	3
IS	436	58118	58111	3	4
IS	437	58962	58956	3	3
IS	438	59981	59972	3	6
IS	439	60586	60578	3	5
IS	440	61669	61660	2	7
IS	441	62357	62351	1	5
IS	442	62677	62669	3	5
IS	443	63699	63687	1	11
IS	444	64047	64034	2	11
IS	445	64697	64683	2	12
IS	446	65325	65317	2	6
IS	447	66652	66643	2	7
IS	448	67555	67545	5	5
IS	449	68052	68045	1	6
IS	450	68726	68717	3	6
IS	451	69283	69275	1	7
IS	452	70725	70716	1	8
IS	453	71067	71065	0	2
IS	454	72062	72057	1	4
IS	455	73183	73175	4	4
IS	456	73362	73356	3	3
IS	457	74510	74502	5	3
IS	458	75335	75326	5	4
IS	459	76199	76189	3	7
IS	460	77186	77182	1	3
IS	461	77821	77819	1	1
IS	462	78863	78854	4	5
IS	463	79412	79406	2	4
IS	464	79945	79940	1	4
IS	465	81040	81033	3	4
IS	466	81980	81978	2	0
IS	467	82605	82598	3	4
IS	468	83785	83779	3	3
IS	469	84094	84080	8	6
IS	470	85133	85120	6	7
IS	471	85985	85979	3	3
IS	472	86750	86742	1	7
IS	473	87385	87371	2	12
IS	474	88156	88135	2	19
IS	475	88596	88570	3	23
IS	476	89637	89601	7	29
IS	477	90791	90762	5	24
IS	478	91484	91469	2	13
IS	479	92662	92658	2	2
IS	480	93363	93357	3	3
IS	481	94470	94462	7	1
IS	482	94411	94400	4	7
IS	483	95374	95369	2	3
IS	484	96390	96386	0	4
IS	485	96882	96874	2	6
IS	486	98062	98035	0	27
IS	487	98074	98047	0	27
IS	488	99562	99550	4	8
IS	489	100525	100518	3	4
IS	490	100938	100933	1	4
IS	491	101886	101878	3	5
IS	492	102978	102967	7	4
IS	493	103422	103415	4	3
IS	494	104487	104480	2	5
IS	495	104456	104449	3	4
IS	496	105901	105896	2	3
IS	497	105994	105991	1	2
IS	498	106779	106776	2	1
IS	499	107675	107664	5	6
IS	500	108965	108961	2	2
IS	501	109304	109295	4	5
IS	502	110874	110870	3	1
IS	503	111102	111096	2	4
IS	504	111298	111292	3	3
IS	505	112137	112132	2	3
IS	506	112825	112813	4	8
IS	507	112790	112784	3	3
IS	508	114498	114479	6	13
IS	509	115632	115622	5	5
IS	510	115612	115605	5	2
IS	511	116175	116168	7	0
IS	512	116779	116772	6	1
IS	513	117448	117442	5	1
IS	514	118902	118893	4	5
IS	515	118986	118978	4	4
IS	516	119637	119633	2	2
IS	517	119466	119460	3	3
IS	518	121164	121160	2	2
IS	519	121001	120994	5	2
IS	520	121607	121605	2	0
IS	521	122970	122962	4	4
IS	522	122476	122471	2	3
IS	523	123741	123735	2	4
IS	524	123712	123708	3	1
IS	525	124634	124630	3	1
IS	526	125577	125572	3	2
IS	527	125592	125587	2	3
IS	528	126424	126420	2	2
IS	529	126097	126092	3	2
IS	530	127054	127050	1	3
IS	531	126991	126985	2	4
IS	532	128099	128094	3	2
IS	533	128162	128157	2	3
IS	534	129338	129328	7	3
IS	535	129950	129941	2	7
IS	536	130511	130504	2	5
IS	537	130614	130607	6	1
IS	538	130831	130829	0	2
IS	539	130901	130895	5	1
IS	540	131910	131902	6	2
IS	541	132201	132192	7	2
IS	542	132399	132396	2	1
IS	543	132528	132522	3	3
IS	544	132652	132642	9	1
IS	545	133596	133588	6	2
IS	546	133718	133714	3	1
IS	547	133511	133499	8	4
IS	548	134008	133999	8	1
IS	549	134592	134585	6	1
IS	550	133827	133820	5	2
IS	551	134985	134975	7	3
IS	552	135649	135638	9	2
IS	553	135594	135584	7	3
IS	554	135442	135435	5	2
IS	555	136181	136170	9	2
IS	556	136900	136889	9	2
IS	557	136180	136170	10	0
IS	558	136101	136091	7	3
IS	559	136839	136826	9	4
IS	560	137934	137927	7	0
IS	561	137720	137710	8	2
IS	562	138210	138203	7	0
IS	563	137908	137902	6	0
IS	564	137535	137526	6	3
IS	565	138854	138841	11	2
IS	566	138187	138174	10	3
IS	567	138120	138111	6	3
IS	568	138108	138100	4	4
IS	569	138554	138544	7	3
IS	570	138291	138281	6	4
IS	571	138931	138924	4	3
IS	572	138533	138522	9	2
IS	573	138583	138574	8	1
IS	574	139049	139046	1	2
IS	575	138736	138728	8	0
IS	576	138762	138754	7	1
IS	577	139266	139254	9	3
IS	578	139260	139257	3	0
IS	579	138806	138798	7	1
IS	580	139094	139080	11	3
IS	581	138693	138682	9	2
IS	582	139304	139285	13	6
IS	583	138923	138910	12	1
IS	584	139609	139604	5	0
IS	585	139069	139065	4	0
IS	586	139123	139114	9	0
IS	587	138813	138805	5	3
IS	588	138764	138760	4	0
IS	589	138841	138823	18	0
IS	590	138815	138803	9	3
IS	591	138777	138771	6	0
IS	592	138999	138991	6	2
IS	593	139058	139050	6	2
IS	594	138378	138371	6	1
IS	595	138360	138351	6	3
IS	596	138739	138731	6	2
IS	597	139009	139006	2	1
IS	598	137370	137362	6	2
IS	599	137211	137207	3	1
IS	600	136908	136906	2	0
IS	601	138025	138020	3	2
IS	602	137250	137243	7	0
IS	603	136377	136373	2	2
IS	604	136827	136821	4	2
IS	605	136743	136738	4	1
IS	606	136493	136489	2	2
IS	607	136938	136932	5	1
IS	608	136283	136278	4	1
IS	609	135506	135505	1	0
IS	610	136230	136227	2	1
IS	611	135506	135501	4	1
IS	612	134677	134672	4	1
IS	613	134254	134248	4	2
IS	614	134587	134578	6	3
IS	615	134949	134948	1	0
IS	616	134124	134119	4	1
IS	617	134086	134076	7	3
IS	618	133629	133623	5	1
IS	619	133099	133097	1	1
IS	620	132784	132777	5	2
IS	621	132877	132873	4	0
IS	622	132526	132520	4	2
IS	623	132785	132783	1	1
IS	624	132063	132059	1	3
IS	625	131889	131885	3	1
IS	626	131208	131207	1	0
IS	627	131446	131441	5	0
IS	628	131268	131263	5	0
IS	629	130809	130805	3	1
IS	630	130740	130739	0	1
IS	631	129983	129981	2	0
IS	632	129732	129726	5	1
IS	633	129028	129027	0	1
IS	634	128969	128966	3	0
IS	635	128232	128229	2	1
IS	636	128709	128707	1	1
IS	637	127907	127900	4	3
IS	638	127719	127716	2	1
IS	639	126795	126788	4	3
IS	640	126675	126670	5	0
IS	641	126688	126683	5	0
IS	642	126290	126281	5	4
IS	643	125622	125619	3	0
IS	644	125949	125944	5	0
IS	645	125166	125158	6	2
IS	646	124879	124874	2	3
IS	647	123892	123886	2	4
IS	648	124339	124330	7	2
IS	649	123832	123827	5	0
IS	650	123863	123859	3	1
IS	651	122125	122124	0	1
IS	652	122126	122119	4	3
IS	653	122452	122447	4	1
IS	654	121407	121400	7	0
IS	655	120809	120807	1	1
IS	656	120590	120588	1	1
IS	657	119941	119937	3	1
IS	658	120815	120813	2	0
IS	659	119415	119411	4	0
IS	660	118439	118435	3	1
IS	661	117977	117972	3	2
IS	662	118010	118005	2	3
IS	663	117318	117313	4	1
IS	664	116781	116776	3	2
IS	665	116667	116662	4	1
IS	666	117054	117046	6	2
IS	667	116373	116371	2	0
IS	668	115536	115533	2	1
IS	669	115106	115102	4	0
IS	670	115366	115363	1	2
IS	671	114478	114475	2	1
IS	672	113897	113890	6	1
IS	673	113927	113925	2	0
IS	674	113147	113143	3	1
IS	675	112407	112403	4	0
IS	676	112091	112085	5	1
IS	677	112361	112359	0	2
IS	678	110974	110970	4	0
IS	679	111092	111088	3	1
IS	680	110826	110826	0	0
IS	681	110261	110254	5	2
IS	682	109261	109254	5	2
IS	683	108853	108848	4	1
IS	684	109104	109097	6	1
IS	685	108552	108546	5	1
IS	686	108516	108511	5	0
IS	687	106937	106937	0	0
IS	688	107565	107561	2	2
IS	689	106633	106629	4	0
IS	690	106570	106569	1	0
IS	691	105807	105805	2	0
IS	692	105314	105311	2	1
IS	693	104808	104804	3	1
IS	694	104047	104040	4	3
IS	695	104076	104073	2	1
IS	696	104235	104230	4	1
IS	697	102749	102746	2	1
IS	698	102703	102696	6	1
IS	699	102119	102115	3	1
IS	700	101795	101790	5	0
IS	701	101847	101846	1	0
IS	702	100885	100880	2	3
IS	703	100598	100593	2	3
IS	704	99929	99926	3	0
IS	705	99736	99730	4	2
IS	706	98931	98929	0	2
IS	707	98413	98407	5	1
IS	708	98230	98224	3	3
IS	709	98107	98100	6	1
IS	710	98355	98350	3	2
IS	711	96724	96719	3	2
IS	712	96644	96640	3	1
IS	713	96108	96101	7	0
IS	714	95878	95875	3	0
IS	715	95163	95157	4	2
IS	716	94973	94972	1	0
IS	717	95004	95002	1	1
IS	718	93702	93693	8	1
IS	719	93596	93592	3	1
IS	720	93533	93527	5	1
IS	721	92725	92722	2	1
IS	722	92772	92766	5	1
IS	723	92099	92093	5	1
IS	724	91800	91790	9	1
IS	725	91208	91205	2	1
IS	726	91068	91062	4	2
IS	727	90483	90479	3	1
IS	728	90143	90139	3	1
IS	729	90641	90640	1	0
IS	730	89284	89280	3	1
IS	731	88743	88740	2	1
IS	732	88456	88452	4	0
IS	733	88273	88272	1	0
IS	734	87938	87936	2	0
IS	735	87215	87212	3	0
IS	736	86618	86616	2	0
IS	737	86347	86342	3	2
IS	738	85998	85994	3	1
IS	739	85416	85409	5	2
IS	740	85078	85076	2	0
IS	741	85203	85198	4	1
IS	742	84255	84254	1	0
IS	743	83983	83979	3	1
IS	744	83675	83671	3	1
IS	745	82939	82936	3	0
IS	746	82939	82936	3	0
IS	747	82599	82597	2	0
IS	748	82264	82259	4	1
IS	749	81874	81869	3	2
IS	750	81585	81585	0	0
IS	751	81385	81381	4	0
IS	752	80981	80975	4	2
IS	753	80808	80801	7	0
IS	754	80013	80008	3	2
IS	755	79920	79917	2	1
IS	756	79425	79419	6	0
IS	757	78996	78988	6	2
IS	758	78927	78922	4	1
IS	759	78484	78479	3	2
IS	760	77952	77946	5	1
IS	761	77700	77698	2	0
IS	762	77239	77238	1	0
IS	763	77283	77280	2	1
IS	764	76484	76482	2	0
IS	765	76344	76336	7	1
IS	766	76136	76134	1	1
IS	767	75222	75219	3	0
IS	768	74889	74884	2	3
IS	769	75099	75093	4	2
IS	770	74752	74747	4	1
IS	771	74224	74220	1	3
IS	772	73736	73731	3	2
IS	773	73277	73269	3	5
IS	774	73978	73974	4	0
IS	775	72741	72739	2	0
IS	776	71996	71992	3	1
IS	777	72355	72351	3	1
IS	778	71572	71568	4	0
IS	779	71856	71852	2	2
IS	780	70924	70921	2	1
IS	781	71135	71135	0	0
IS	782	70308	70302	5	1
IS	783	70411	70409	2	0
IS	784	69874	69872	2	0
IS	785	69539	69537	2	0
IS	786	69323	69320	1	2
IS	787	68553	68548	5	0
IS	788	68429	68423	4	2
IS	789	68445	68443	2	0
IS	790	67708	67704	2	2
IS	791	67409	67405	3	1
IS	792	67190	67187	3	0
IS	793	67139	67136	3	0
IS	794	67052	67050	2	0
IS	795	66555	66554	0	1
IS	796	66385	66384	1	0
IS	797	66259	66258	1	0
IS	798	66022	66020	1	1
IS	799	65467	65467	0	0
IS	800	65155	65149	6	0
IS	801	64873	64872	1	0
IS	802	64391	64387	4	0
IS	803	64088	64085	1	2
IS	804	64304	64302	2	0
IS	805	63517	63515	2	0
IS	806	63472	63470	2	0
IS	807	63365	63364	1	0
IS	808	62941	62932	3	6
IS	809	62349	62346	2	1
IS	810	61964	61958	6	0
IS	811	61822	61821	0	1
IS	812	61832	61831	1	0
IS	813	61548	61544	3	1
IS	814	61796	61794	1	1
IS	815	60420	60419	1	0
IS	816	60338	60336	1	1
IS	817	60404	60397	6	1
IS	818	60327	60325	1	1
IS	819	59703	59699	2	2
IS	820	59569	59565	2	2
IS	821	59374	59369	5	0
IS	822	58808	58807	0	1
IS	823	58504	58502	1	1
IS	824	58154	58147	5	2
IS	825	57849	57848	1	0
IS	826	58010	58009	0	1
IS	827	57968	57964	4	0
IS	828	57492	57488	3	1
IS	829	56759	56755	4	0
IS	830	56615	56613	2	0
IS	831	56607	56604	3	0
IS	832	56638	56637	1	0
IS	833	56417	56414	2	1
IS	834	56135	56134	1	0
IS	835	55674	55673	0	1
IS	836	55793	55789	2	2
IS	837	55615	55611	3	1
IS	838	55314	55308	3	3
IS	839	55095	55091	3	1
IS	840	54889	54887	1	1
IS	841	54336	54334	2	0
IS	842	54640	54637	2	1
IS	843	54428	54426	2	0
IS	844	53884	53881	3	0
IS	845	53833	53829	4	0
IS	846	53230	53226	3	1
IS	847	53291	53288	1	2
IS	848	53361	53356	3	2
IS	849	52715	52713	2	0
IS	850	52843	52837	4	2
IS	851	52493	52491	1	1
IS	852	52509	52507	2	0
IS	853	51627	51622	3	2
IS	854	51439	51435	3	1
IS	855	51758	51757	0	1
IS	856	51172	51170	2	0
IS	857	51141	51136	3	2
IS	858	51343	51340	3	0
IS	859	50551	50550	1	0
IS	860	50568	50564	2	2
IS	861	49914	49910	3	1
IS	862	49762	49759	3	0
IS	863	48939	48937	2	0
IS	864	48830	48827	0	3
IS	865	48735	48732	2	1
IS	866	48296	48291	4	1
IS	867	48180	48175	2	3
IS	868	48106	48106	0	0
IS	869	47659	47656	2	1
IS	870	47521	47520	1	0
IS	871	46651	46648	2	1
IS	872	46775	46770	5	0
IS	873	46885	46883	1	1
IS	874	46383	46378	2	3
IS	875	45779	45777	2	0
IS	876	45758	45757	0	1
IS	877	45313	45309	3	1
IS	878	45093	45092	1	0
IS	879	45049	45043	4	2
IS	880	44843	44837	4	2
IS	881	44484	44481	1	2
IS	882	44333	44330	3	0
IS	883	44296	44293	1	2
IS	884	43899	43894	2	3
IS	885	43499	43495	4	0
IS	886	43553	43550	2	1
IS	887	43193	43188	2	3
IS	888	43140	43135	3	2
IS	889	42942	42937	3	2
IS	890	42346	42339	4	3
IS	891	42373	42366	2	5
IS	892	42244	42239	1	4
IS	893	41882	41874	2	6
IS	894	42361	42354	3	4
IS	895	41894	41891	2	1
IS	896	41791	41789	1	1
IS	897	41283	41281	1	1
IS	898	41067	41063	3	1
IS	899	40646	40642	2	2
IS	900	40770	40766	2	2
IS	901	40566	40562	2	2
IS	902	40453	40449	3	1
IS	903	39966	39963	2	1
IS	904	39802	39796	4	2
IS	905	39437	39431	4	2
IS	906	39318	39315	3	0
IS	907	39168	39166	1	1
IS	908	38613	38607	0	6
IS	909	38467	38464	1	2
IS	910	38719	38714	2	3
IS	911	38355	38352	1	2
IS	912	38429	38427	2	0
IS	913	38417	38415	1	1
IS	914	37961	37956	4	1
IS	915	37845	37844	1	0
IS	916	37467	37466	0	1
IS	917	37307	37303	3	1
IS	918	37239	37238	1	0
IS	919	37061	37053	3	5
IS	920	36955	36949	3	3
IS	921	36859	36857	1	1
IS	922	36499	36498	1	0
IS	923	36084	36080	2	2
IS	924	35902	35899	3	0
IS	925	35874	35873	0	1
IS	926	35770	35769	1	0
IS	927	35604	35600	2	2
IS	928	35255	35255	0	0
IS	929	35150	35146	4	0
IS	930	35217	35214	3	0
IS	931	34830	34826	2	2
IS	932	34692	34687	3	2
IS	933	34548	34546	2	0
IS	934	34606	34604	2	0
IS	935	34224	34217	5	2
IS	936	33920	33917	3	0
IS	937	33577	33575	1	1
IS	938	33708	33705	3	0
IS	939	33294	33291	3	0
IS	940	33290	33287	2	1
IS	941	33395	33394	0	1
IS	942	33103	33098	3	2
IS	943	32879	32874	5	0
IS	944	32440	32436	4	0
IS	945	32478	32474	3	1
IS	946	32362	32361	1	0
IS	947	32300	32297	2	1
IS	948	31999	31997	1	1
IS	949	31810	31807	2	1
IS	950	31649	31647	2	0
IS	951	31377	31374	3	0
IS	952	31319	31317	1	1
IS	953	30904	30903	1	0
IS	954	30863	30862	0	1
IS	955	30743	30740	2	1
IS	956	30516	30516	0	0
IS	957	30663	30661	1	1
IS	958	30555	30551	4	0
IS	959	30536	30535	1	0
IS	960	30286	30282	3	1
IS	961	30280	30277	2	1
IS	962	30415	30411	2	2
IS	963	29690	29687	2	1
IS	964	29492	29487	4	1
IS	965	29162	29158	2	2
IS	966	29069	29065	4	0
IS	967	29111	29107	2	2
IS	968	28595	28593	2	0
IS	969	28586	28580	2	4
IS	970	28336	28335	1	0
IS	971	28356	28352	1	3
IS	972	28045	28044	1	0
IS	973	28006	28005	0	1
IS	974	27688	27686	2	0
IS	975	27947	27944	3	0
IS	976	27629	27627	1	1
IS	977	27013	27010	0	3
IS	978	27316	27313	3	0
IS	979	27022	27018	2	2
IS	980	26930	26924	2	4
IS	981	26951	26951	0	0
IS	982	26483	26478	5	0
IS	983	26454	26451	3	0
IS	984	26310	26306	4	0
IS	985	26293	26291	1	1
IS	986	26039	26036	3	0
IS	987	25879	25875	4	0
IS	988	26145	26141	1	3
IS	989	25372	25370	0	2
IS	990	25382	25380	2	0
IS	991	25380	25376	4	0
IS	992	24998	24991	6	1
IS	993	25261	25261	0	0
IS	994	24779	24776	2	1
IS	995	24944	24941	2	1
IS	996	24354	24351	3	0
IS	997	24346	24342	2	2
IS	998	23870	23865	4	1
IS	999	23888	23886	2	0
IS	1000	23652	23649	3	0
IS	1001	23729	23728	1	0
IS	1002	23192	23191	1	0
IS	1003	23318	23316	0	2
IS	1004	22958	22953	3	2
IS	1005	22788	22783	4	1
IS	1006	22746	22743	1	2
IS	1007	22694	22690	4	0
IS	1008	22549	22549	0	0
IS	1009	22347	22346	0	1
IS	1010	21999	21992	4	3
IS	1011	21968	21967	1	0
IS	1012	21718	21716	2	0
IS	1013	21427	21425	2	0
IS	1014	21205	21202	2	1
IS	1015	21509	21506	3	0
IS	1016	21285	21281	2	2
IS	1017	21315	21313	2	0
IS	1018	20976	20973	2	1
IS	1019	20986	20983	3	0
IS	1020	20674	20673	1	0
IS	1021	20716	20713	2	1
IS	1022	20434	20429	4	1
IS	1023	20708	20705	3	0
IS	1024	20572	20568	1	3
IS	1025	20206	20202	4	0
IS	1026	19920	19917	2	1
IS	1027	20000	20000	0	0
IS	1028	19745	19744	1	0
IS	1029	19712	19709	1	2
IS	1030	19415	19413	2	0
IS	1031	19522	19521	1	0
IS	1032	19400	19398	1	1
IS	1033	19183	19180	3	0
IS	1034	18937	18935	2	0
IS	1035	19059	19055	3	1
IS	1036	18727	18724	1	2
IS	1037	18958	18953	5	0
IS	1038	18730	18728	2	0
IS	1039	18648	18648	0	0
IS	1040	18590	18588	2	0
IS	1041	18512	18510	2	0
IS	1042	18273	18271	1	1
IS	1043	18103	18100	2	1
IS	1044	17929	17928	1	0
IS	1045	17886	17886	0	0
IS	1046	17976	17971	3	2
IS	1047	17627	17627	0	0
IS	1048	17738	17737	0	1
IS	1049	17337	17332	4	1
IS	1050	17176	17174	2	0
IS	1051	17208	17207	1	0
IS	1052	17135	17132	2	1
IS	1053	17039	17037	2	0
IS	1054	17083	17082	1	0
IS	1055	16808	16805	3	0
IS	1056	16782	16782	0	0
IS	1057	16505	16504	1	0
IS	1058	16621	16620	1	0
IS	1059	16357	16355	1	1
IS	1060	16246	16244	2	0
IS	1061	16051	16048	1	2
IS	1062	16126	16122	1	3
IS	1063	15848	15846	1	1
IS	1064	16042	16040	0	2
IS	1065	15749	15743	5	1
IS	1066	15821	15818	3	0
IS	1067	15384	15382	2	0
IS	1068	15489	15488	1	0
IS	1069	15411	15410	1	0
IS	1070	15363	15361	2	0
IS	1071	15164	15163	1	0
IS	1072	15008	15007	1	0
IS	1073	14955	14953	2	0
IS	1074	14947	14945	2	0
IS	1075	14808	14807	1	0
IS	1076	14555	14553	2	0
IS	1077	14774	14772	1	1
IS	1078	14388	14386	1	1
IS	1079	14245	14241	3	1
IS	1080	14385	14382	2	1
IS	1081	14261	14260	1	0
IS	1082	13939	13939	0	0
IS	1083	14030	14029	1	0
IS	1084	13979	13977	1	1
IS	1085	13842	13842	0	0
IS	1086	13664	13663	0	1
IS	1087	13584	13582	1	1
IS	1088	13575	13573	1	1
IS	1089	13490	13488	2	0
IS	1090	13173	13172	0	1
IS	1091	13103	13101	2	0
IS	1092	13270	13269	0	1
IS	1093	13084	13078	4	2
IS	1094	12929	12926	3	0
IS	1095	12909	12908	0	1
IS	1096	12811	12810	1	0
IS	1097	12734	12734	0	0
IS	1098	12450	12447	3	0
IS	1099	12258	12253	1	4
IS	1100	12395	12393	2	0
IS	1101	12371	12371	0	0
IS	1102	12257	12254	1	2
IS	1103	12106	12104	0	2
IS	1104	12007	12003	4	0
IS	1105	11851	11850	0	1
IS	1106	11733	11731	0	2
IS	1107	11669	11667	2	0
IS	1108	11505	11499	3	3
IS	1109	11509	11506	2	1
IS	1110	11451	11448	3	0
IS	1111	11103	11100	2	1
IS	1112	11100	11100	0	0
IS	1113	11210	11209	1	0
IS	1114	11034	11032	1	1
IS	1115	11044	11042	0	2
IS	1116	11092	11089	2	1
IS	1117	10737	10736	1	0
IS	1118	10679	10678	0	1
IS	1119	10592	10592	0	0
IS	1120	10604	10602	1	1
IS	1121	10353	10348	4	1
IS	1122	10417	10415	2	0
IS	1123	10272	10270	1	1
IS	1124	10150	10149	0	1
IS	1125	10358	10356	2	0
IS	1126	10124	10123	1	0
IS	1127	10031	10028	2	1
IS	1128	9982	9981	1	0
IS	1129	9835	9832	3	0
IS	1130	9889	9889	0	0
IS	1131	9844	9841	1	2
IS	1132	9786	9784	1	1
IS	1133	9467	9467	0	0
IS	1134	9517	9516	0	1
IS	1135	9185	9184	1	0
IS	1136	9547	9542	5	0
IS	1137	9223	9222	1	0
IS	1138	9253	9250	3	0
IS	1139	9299	9295	1	3
IS	1140	9092	9091	1	0
IS	1141	9062	9059	3	0
IS	1142	9044	9039	3	2
IS	1143	8879	8878	1	0
IS	1144	8946	8943	1	2
IS	1145	8607	8606	0	1
IS	1146	8616	8614	1	1
IS	1147	8715	8713	2	0
IS	1148	8507	8503	3	1
IS	1149	8543	8542	1	0
IS	1150	8404	8402	0	2
IS	1151	8379	8373	5	1
IS	1152	8245	8245	0	0
IS	1153	8221	8220	1	0
IS	1154	8122	8122	0	0
IS	1155	8263	8261	2	0
IS	1156	7945	7944	1	0
IS	1157	7934	7932	1	1
IS	1158	7827	7825	1	1
IS	1159	7826	7825	1	0
IS	1160	7704	7700	2	2
IS	1161	7782	7780	2	0
IS	1162	7561	7558	1	2
IS	1163	7580	7578	2	0
IS	1164	7510	7508	1	1
IS	1165	7485	7483	2	0
IS	1166	7340	7337	2	1
IS	1167	7281	7279	1	1
IS	1168	7271	7270	1	0
IS	1169	7127	7124	3	0
IS	1170	7058	7053	4	1
IS	1171	7086	7082	3	1
IS	1172	7045	7044	1	0
IS	1173	7112	7109	1	2
IS	1174	6947	6947	0	0
IS	1175	6869	6867	1	1
IS	1176	6877	6876	0	1
IS	1177	6942	6941	0	1
IS	1178	6681	6680	1	0
IS	1179	6822	6818	3	1
IS	1180	6396	6395	0	1
IS	1181	6528	6524	2	2
IS	1182	6656	6654	1	1
IS	1183	6433	6429	4	0
IS	1184	6294	6290	3	1
IS	1185	6346	6345	1	0
IS	1186	6120	6120	0	0
IS	1187	6154	6153	1	0
IS	1188	6043	6039	3	1
IS	1189	6047	6047	0	0
IS	1190	6070	6067	2	1
IS	1191	5906	5903	2	1
IS	1192	6019	6014	4	1
IS	1193	5860	5858	1	1
IS	1194	5708	5706	1	1
IS	1195	5624	5624	0	0
IS	1196	5676	5673	2	1
IS	1197	5658	5656	2	0
IS	1198	5562	5561	0	1
IS	1199	5513	5509	4	0
IS	1200	5428	5428	0	0
IS	1201	5471	5468	1	2
IS	1202	5425	5424	1	0
IS	1203	5257	5249	7	1
IS	1204	5318	5315	2	1
IS	1205	5174	5170	3	1
IS	1206	5174	5172	2	0
IS	1207	5309	5308	1	0
IS	1208	5196	5191	3	2
IS	1209	5115	5111	4	0
IS	1210	4973	4972	0	1
IS	1211	4959	4957	2	0
IS	1212	4782	4778	3	1
# Read lengths. Use `grep ^RL | cut -f 2-` to extract this part. The columns are: read length, count
RL	30	35983
RL	31	32099
RL	32	25450
RL	33	26527
RL	34	19508
RL	35	28181
RL	36	24596
RL	37	23990
RL	38	20628
RL	39	21651
RL	40	24520
RL	41	23442
RL	42	20516
RL	43	20804
RL	44	18787
RL	45	23175
RL	46	20271
RL	47	21618
RL	48	19212
RL	49	19277
RL	50	19653
RL	51	19656
RL	52	17646
RL	53	18537
RL	54	17754
RL	55	19178
RL	56	17645
RL	57	16975
RL	58	25744
RL	59	20483
RL	60	18104
RL	61	18384
RL	62	15765
RL	63	17789
RL	64	17343
RL	65	16532
RL	66	15347
RL	67	14926
RL	68	14882
RL	69	14366
RL	70	14281
RL	71	13754
RL	72	12782
RL	73	13985
RL	74	13096
RL	75	14091
RL	76	12897
RL	77	13054
RL	78	12577
RL	79	12771
RL	80	17952
RL	81	13267
RL	82	11790
RL	83	12245
RL	84	11809
RL	85	17831
RL	86	10778
RL	87	10081
RL	88	9539
RL	89	8853
RL	90	9516
RL	91	8927
RL	92	9219
RL	93	7861
RL	94	9535
RL	95	7957
RL	96	7258
RL	97	9223
RL	98	6048
RL	99	5827
RL	100	6210
RL	101	6391
RL	102	5812
RL	103	5320
RL	104	5360
RL	105	5765
RL	106	5739
RL	107	5390
RL	108	5552
RL	109	5548
RL	110	5189
RL	111	5200
RL	112	5156
RL	113	5081
RL	114	4877
RL	115	4701
RL	116	4610
RL	117	4285
RL	118	3901
RL	119	4914
RL	120	3813
RL	121	3933
RL	122	3628
RL	123	3680
RL	124	3426
RL	125	3306
RL	126	2961
RL	127	2953
RL	128	2920
RL	129	2813
RL	130	2811
RL	131	2557
RL	132	2308
RL	133	2145
RL	134	2093
RL	135	1970
RL	136	1763
RL	137	1840
RL	138	1795
RL	139	2190
RL	140	2129
RL	141	5564
RL	142	1886
RL	143	1653
RL	144	1510
RL	145	1527
RL	146	1340
RL	147	1364
RL	148	1396
RL	149	1671
RL	150	1587
RL	151	1554
RL	152	1620
RL	153	2630
RL	154	1842
RL	155	1622
RL	156	1643
RL	157	1810
RL	158	1744
RL	159	1630
RL	160	1340
RL	161	1401
RL	162	1254
RL	163	1290
RL	164	1028
RL	165	831
RL	166	739
RL	167	703
RL	168	726
RL	169	588
RL	170	585
RL	171	512
RL	172	494
RL	173	466
RL	174	420
RL	175	421
RL	176	284
RL	177	277
RL	178	259
RL	179	205
RL	180	155
RL	181	163
RL	182	112
RL	183	148
RL	184	123
RL	185	139
RL	186	117
RL	187	113
RL	188	76
RL	189	134
RL	190	49
RL	191	30
RL	192	29
RL	193	33
RL	194	21
RL	195	35
RL	196	21
RL	197	33
RL	198	18
RL	199	16
RL	200	21
RL	201	11
RL	202	16
RL	203	10
RL	204	10
RL	205	9
RL	206	5
RL	207	7
RL	208	2
RL	209	3
RL	210	2
RL	213	1
RL	214	1
RL	216	1
RL	226	1
RL	250	111784091
# Read lengths - first fragments. Use `grep ^FRL | cut -f 2-` to extract this part. The columns are: read length, count
FRL	30	13249
FRL	31	11885
FRL	32	9906
FRL	33	11157
FRL	34	8151
FRL	35	11497
FRL	36	10275
FRL	37	10239
FRL	38	8861
FRL	39	9694
FRL	40	10648
FRL	41	10131
FRL	42	8755
FRL	43	9013
FRL	44	7972
FRL	45	10358
FRL	46	8825
FRL	47	9804
FRL	48	8533
FRL	49	8590
FRL	50	8533
FRL	51	8650
FRL	52	7586
FRL	53	8106
FRL	54	7748
FRL	55	8632
FRL	56	7450
FRL	57	7371
FRL	58	7700
FRL	59	7978
FRL	60	8019
FRL	61	7719
FRL	62	6931
FRL	63	7557
FRL	64	7809
FRL	65	7313
FRL	66	6864
FRL	67	6702
FRL	68	6974
FRL	69	6783
FRL	70	6534
FRL	71	6429
FRL	72	5784
FRL	73	6527
FRL	74	6106
FRL	75	6615
FRL	76	6033
FRL	77	6046
FRL	78	5815
FRL	79	5901
FRL	80	8498
FRL	81	6217
FRL	82	5597
FRL	83	5811
FRL	84	5563
FRL	85	9392
FRL	86	5058
FRL	87	4795
FRL	88	4604
FRL	89	4401
FRL	90	4646
FRL	91	4432
FRL	92	4551
FRL	93	3952
FRL	94	4968
FRL	95	4022
FRL	96	3650
FRL	97	5021
FRL	98	3034
FRL	99	2866
FRL	100	3046
FRL	101	3145
FRL	102	2913
FRL	103	2665
FRL	104	2715
FRL	105	2910
FRL	106	2955
FRL	107	2714
FRL	108	2887
FRL	109	2840
FRL	110	2689
FRL	111	2719
FRL	112	2632
FRL	113	2666
FRL	114	2536
FRL	115	2467
FRL	116	2488
FRL	117	2276
FRL	118	2042
FRL	119	2706
FRL	120	2036
FRL	121	2063
FRL	122	1866
FRL	123	2043
FRL	124	1771
FRL	125	1767
FRL	126	1552
FRL	127	1565
FRL	128	1577
FRL	129	1455
FRL	130	1495
FRL	131	1327
FRL	132	1205
FRL	133	1143
FRL	134	1079
FRL	135	1011
FRL	136	938
FRL	137	942
FRL	138	909
FRL	139	1178
FRL	140	1150
FRL	141	3113
FRL	142	953
FRL	143	884
FRL	144	787
FRL	145	785
FRL	146	669
FRL	147	689
FRL	148	732
FRL	149	887
FRL	150	825
FRL	151	802
FRL	152	813
FRL	153	1051
FRL	154	992
FRL	155	894
FRL	156	846
FRL	157	945
FRL	158	931
FRL	159	856
FRL	160	692
FRL	161	759
FRL	162	680
FRL	163	698
FRL	164	526
FRL	165	393
FRL	166	382
FRL	167	329
FRL	168	378
FRL	169	297
FRL	170	315
FRL	171	269
FRL	172	238
FRL	173	240
FRL	174	203
FRL	175	230
FRL	176	153
FRL	177	141
FRL	178	140
FRL	179	114
FRL	180	81
FRL	181	67
FRL	182	49
FRL	183	74
FRL	184	62
FRL	185	73
FRL	186	68
FRL	187	66
FRL	188	34
FRL	189	79
FRL	190	24
FRL	191	14
FRL	192	14
FRL	193	14
FRL	194	8
FRL	195	22
FRL	196	13
FRL	197	16
FRL	198	8
FRL	199	9
FRL	200	16
FRL	201	8
FRL	202	6
FRL	203	4
FRL	204	4
FRL	205	4
FRL	206	5
FRL	207	4
FRL	209	2
FRL	213	1
FRL	214	1
FRL	226	1
FRL	250	55957781
# Read lengths - last fragments. Use `grep ^LRL | cut -f 2-` to extract this part. The columns are: read length, count
LRL	30	22734
LRL	31	20214
LRL	32	15544
LRL	33	15370
LRL	34	11357
LRL	35	16684
LRL	36	14321
LRL	37	13751
LRL	38	11767
LRL	39	11957
LRL	40	13872
LRL	41	13311
LRL	42	11761
LRL	43	11791
LRL	44	10815
LRL	45	12817
LRL	46	11446
LRL	47	11814
LRL	48	10679
LRL	49	10687
LRL	50	11120
LRL	51	11006
LRL	52	10060
LRL	53	10431
LRL	54	10006
LRL	55	10546
LRL	56	10195
LRL	57	9604
LRL	58	18044
LRL	59	12505
LRL	60	10085
LRL	61	10665
LRL	62	8834
LRL	63	10232
LRL	64	9534
LRL	65	9219
LRL	66	8483
LRL	67	8224
LRL	68	7908
LRL	69	7583
LRL	70	7747
LRL	71	7325
LRL	72	6998
LRL	73	7458
LRL	74	6990
LRL	75	7476
LRL	76	6864
LRL	77	7008
LRL	78	6762
LRL	79	6870
LRL	80	9454
LRL	81	7050
LRL	82	6193
LRL	83	6434
LRL	84	6246
LRL	85	8439
LRL	86	5720
LRL	87	5286
LRL	88	4935
LRL	89	4452
LRL	90	4870
LRL	91	4495
LRL	92	4668
LRL	93	3909
LRL	94	4567
LRL	95	3935
LRL	96	3608
LRL	97	4202
LRL	98	3014
LRL	99	2961
LRL	100	3164
LRL	101	3246
LRL	102	2899
LRL	103	2655
LRL	104	2645
LRL	105	2855
LRL	106	2784
LRL	107	2676
LRL	108	2665
LRL	109	2708
LRL	110	2500
LRL	111	2481
LRL	112	2524
LRL	113	2415
LRL	114	2341
LRL	115	2234
LRL	116	2122
LRL	117	2009
LRL	118	1859
LRL	119	2208
LRL	120	1777
LRL	121	1870
LRL	122	1762
LRL	123	1637
LRL	124	1655
LRL	125	1539
LRL	126	1409
LRL	127	1388
LRL	128	1343
LRL	129	1358
LRL	130	1316
LRL	131	1230
LRL	132	1103
LRL	133	1002
LRL	134	1014
LRL	135	959
LRL	136	825
LRL	137	898
LRL	138	886
LRL	139	1012
LRL	140	979
LRL	141	2451
LRL	142	933
LRL	143	769
LRL	144	723
LRL	145	742
LRL	146	671
LRL	147	675
LRL	148	664
LRL	149	784
LRL	150	762
LRL	151	752
LRL	152	807
LRL	153	1579
LRL	154	850
LRL	155	728
LRL	156	797
LRL	157	865
LRL	158	813
LRL	159	774
LRL	160	648
LRL	161	642
LRL	162	574
LRL	163	592
LRL	164	502
LRL	165	438
LRL	166	357
LRL	167	374
LRL	168	348
LRL	169	291
LRL	170	270
LRL	171	243
LRL	172	256
LRL	173	226
LRL	174	217
LRL	175	191
LRL	176	131
LRL	177	136
LRL	178	119
LRL	179	91
LRL	180	74
LRL	181	96
LRL	182	63
LRL	183	74
LRL	184	61
LRL	185	66
LRL	186	49
LRL	187	47
LRL	188	42
LRL	189	55
LRL	190	25
LRL	191	16
LRL	192	15
LRL	193	19
LRL	194	13
LRL	195	13
LRL	196	8
LRL	197	17
LRL	198	10
LRL	199	7
LRL	200	5
LRL	201	3
LRL	202	10
LRL	203	6
LRL	204	6
LRL	205	5
LRL	207	3
LRL	208	2
LRL	209	1
LRL	210	2
LRL	216	1
LRL	250	55826310
# Mapping qualities for reads !(UNMAP|SECOND|SUPPL|QCFAIL|DUP). Use `grep ^MAPQ | cut -f 2-` to extract this part. The columns are: mapq, count
MAPQ	0	12450734
MAPQ	1	108456
MAPQ	2	98756
MAPQ	3	121008
MAPQ	4	96498
MAPQ	5	93127
MAPQ	6	111444
MAPQ	7	89071
MAPQ	8	75664
MAPQ	9	125431
MAPQ	10	106698
MAPQ	11	123986
MAPQ	12	173497
MAPQ	13	182192
MAPQ	14	183639
MAPQ	15	187032
MAPQ	16	112318
MAPQ	17	120951
MAPQ	18	105509
MAPQ	19	88763
MAPQ	20	90413
MAPQ	21	96046
MAPQ	22	87352
MAPQ	23	64187
MAPQ	24	79470
MAPQ	25	104999
MAPQ	26	28640
MAPQ	27	207640
MAPQ	28	26078
MAPQ	29	24592
MAPQ	30	42606
MAPQ	31	32696
MAPQ	32	24535
MAPQ	33	47909
MAPQ	34	29586
MAPQ	35	27154
MAPQ	36	43363
MAPQ	37	40197
MAPQ	38	25563
MAPQ	39	96018
MAPQ	40	1210341
MAPQ	41	55583
MAPQ	42	74572
MAPQ	43	81541
MAPQ	44	95847
MAPQ	45	132217
MAPQ	46	192901
MAPQ	47	41101
MAPQ	48	45264
MAPQ	49	67387
MAPQ	50	35856
MAPQ	51	55230
MAPQ	52	57230
MAPQ	53	72921
MAPQ	54	124230
MAPQ	55	101062
MAPQ	56	138995
MAPQ	57	275350
MAPQ	58	174282
MAPQ	59	47342
MAPQ	60	93556819
# Indel distribution. Use `grep ^ID | cut -f 2-` to extract this part. The columns are: length, number of insertions, number of deletions
ID	1	2371114	2219848
ID	2	668882	618078
ID	3	293515	272292
ID	4	246256	232638
ID	5	108329	102370
ID	6	99221	97548
ID	7	44814	45925
ID	8	49237	48648
ID	9	30021	33020
ID	10	31769	34065
ID	11	15227	21644
ID	12	27274	25735
ID	13	11347	11972
ID	14	13542	14556
ID	15	7691	9403
ID	16	10510	11427
ID	17	5985	5985
ID	18	7152	8463
ID	19	4685	6183
ID	20	5129	6076
ID	21	3357	4244
ID	22	6126	14375
ID	23	8529	27988
ID	24	3238	4726
ID	25	2012	2191
ID	26	2303	2567
ID	27	1693	1780
ID	28	1957	2301
ID	29	1315	1623
ID	30	1331	1486
ID	31	956	1105
ID	32	1055	1148
ID	33	893	858
ID	34	830	1354
ID	35	716	686
ID	36	832	758
ID	37	544	603
ID	38	639	586
ID	39	429	509
ID	40	577	609
ID	41	396	489
ID	42	331	436
ID	43	257	429
ID	44	299	827
ID	45	317	2961
ID	46	401	4401
ID	47	144	318
ID	48	171	349
ID	49	132	196
ID	50	121	226
ID	51	122	244
ID	52	95	209
ID	53	98	171
ID	54	85	205
ID	55	49	158
ID	56	75	150
ID	57	61	187
ID	58	56	147
ID	59	38	165
ID	60	25	136
ID	61	27	114
ID	62	26	153
ID	63	29	89
ID	64	29	135
ID	65	22	75
ID	66	17	113
ID	67	14	153
ID	68	7	439
ID	69	7	390
ID	70	4	77
ID	71	3	65
ID	72	3	61
ID	73	2	76
ID	74	5	70
ID	75	4	56
ID	76	2	44
ID	77	2	54
ID	78	0	33
ID	79	0	30
ID	80	0	71
ID	81	0	36
ID	82	0	42
ID	83	0	31
ID	84	0	24
ID	85	0	18
ID	86	0	17
ID	87	0	26
ID	88	0	36
ID	89	0	20
ID	90	0	44
ID	91	0	44
ID	92	0	25
ID	93	0	17
ID	94	0	22
ID	95	0	12
ID	96	0	15
ID	97	0	16
ID	98	0	13
ID	99	0	11
ID	100	0	9
# Indels per cycle. Use `grep ^IC | cut -f 2-` to extract this part. The columns are: cycle, number of insertions (fwd), .. (rev) , number of deletions (fwd), .. (rev)
IC	1	3	2	2	4
IC	2	0	5	0	4
IC	3	1	0	3076	3066
IC	4	3180	3363	4031	4174
IC	5	4127	4188	4498	4520
IC	6	4595	4687	4780	4789
IC	7	5019	4939	5168	5178
IC	8	5415	5252	6030	6035
IC	9	6088	6070	6069	6406
IC	10	6491	6748	6517	6562
IC	11	6900	7398	6830	6986
IC	12	7314	7723	7144	7102
IC	13	7334	7980	7256	7393
IC	14	7719	8437	7430	7508
IC	15	8149	8663	7597	7811
IC	16	8545	9138	7833	8009
IC	17	8908	9575	7935	7900
IC	18	8705	9324	8042	8512
IC	19	8892	9557	8249	8212
IC	20	9064	9866	8305	8611
IC	21	9141	9820	8586	8519
IC	22	9342	9823	8709	8844
IC	23	9540	10120	8589	8732
IC	24	9558	10093	8693	8823
IC	25	9552	10054	9042	8888
IC	26	9712	10239	8794	9016
IC	27	9649	10358	8741	8948
IC	28	9672	10353	8773	9041
IC	29	9748	10378	8924	9017
IC	30	9705	10488	9074	8934
IC	31	9699	10499	8848	8875
IC	32	9631	10302	8925	8796
IC	33	9352	10140	8910	8933
IC	34	9221	10011	8711	8937
IC	35	9327	9937	8887	8900
IC	36	9157	9795	8655	8864
IC	37	9176	10018	8838	8927
IC	38	9335	9799	9189	8904
IC	39	9539	9909	9023	8962
IC	40	9478	9851	8914	8868
IC	41	9340	9761	8933	8929
IC	42	9252	9640	8946	8903
IC	43	9318	9607	8762	8846
IC	44	9428	9287	8924	8665
IC	45	9373	9551	8893	8591
IC	46	9434	9654	8773	8627
IC	47	9409	9476	9000	8625
IC	48	9059	9645	8856	8799
IC	49	9232	9535	8859	8720
IC	50	9245	9380	9028	8731
IC	51	9308	9415	8825	8823
IC	52	9179	9391	8995	8624
IC	53	9186	9468	8783	8773
IC	54	9147	9577	8881	8835
IC	55	9151	9342	8888	8574
IC	56	9191	9252	8832	8511
IC	57	9386	9421	8888	8744
IC	58	9376	9213	8712	8760
IC	59	9334	9167	8870	8772
IC	60	9059	9410	8727	8520
IC	61	9238	9349	8878	8803
IC	62	9245	9241	8610	8695
IC	63	9105	9370	8791	8699
IC	64	9249	9349	9003	8671
IC	65	9174	9197	8654	8540
IC	66	9032	9305	8719	8757
IC	67	9047	9323	8724	8595
IC	68	8871	9182	8831	8629
IC	69	8970	9290	8912	8513
IC	70	8981	9298	8633	8602
IC	71	9111	9064	8720	8645
IC	72	8901	9283	8620	8779
IC	73	8953	9261	8818	8641
IC	74	8984	9106	8845	8483
IC	75	8985	9289	8692	8619
IC	76	9241	9159	8796	8562
IC	77	9046	9377	8949	8741
IC	78	8987	9160	8763	8547
IC	79	9099	9230	8823	8670
IC	80	9179	9252	8699	8666
IC	81	9127	9315	8640	8391
IC	82	9071	9103	8706	8676
IC	83	8916	9265	8678	8440
IC	84	9048	9180	8849	8551
IC	85	8818	9191	8637	8503
IC	86	9009	9092	8782	8476
IC	87	8903	9258	8701	8458
IC	88	8818	9071	8554	8615
IC	89	8916	9163	8826	8663
IC	90	8829	9022	8777	8383
IC	91	8948	9205	8634	8520
IC	92	8944	9171	8713	8493
IC	93	9010	9021	8517	8444
IC	94	8819	9190	8692	8325
IC	95	8887	9183	8609	8504
IC	96	8860	9049	8616	8387
IC	97	8958	9159	8586	8464
IC	98	9127	8942	8602	8398
IC	99	8896	8873	8610	8476
IC	100	8990	9175	8660	8693
IC	101	9051	8978	8568	8494
IC	102	8915	9204	8550	8518
IC	103	8895	9024	8701	8558
IC	104	8943	9053	8702	8483
IC	105	8874	9041	8647	8514
IC	106	8832	8801	8622	8241
IC	107	8903	9191	8682	8538
IC	108	8866	9024	8548	8475
IC	109	8783	9141	8658	8460
IC	110	8553	9063	8792	8400
IC	111	8996	8977	8697	8492
IC	112	8820	9069	8642	8409
IC	113	8733	9048	8672	8373
IC	114	8974	9028	8553	8502
IC	115	8840	9049	8730	8401
IC	116	8816	8890	8622	8397
IC	117	8852	9113	8740	8264
IC	118	8919	9021	8373	8517
IC	119	8874	9093	8516	8421
IC	120	8933	9036	8640	8491
IC	121	8746	9004	8555	8516
IC	122	8733	9088	8731	8455
IC	123	8916	9031	8569	8384
IC	124	8809	9052	8661	8444
IC	125	8954	9024	8538	8480
IC	126	8663	8986	8570	8358
IC	127	8875	9063	8402	8392
IC	128	8744	9032	8700	8392
IC	129	8805	9178	8614	8325
IC	130	8913	8909	8429	8332
IC	131	8974	8895	8585	8325
IC	132	8711	8926	8701	8384
IC	133	8820	8968	8605	8258
IC	134	8858	8843	8626	8232
IC	135	8789	8857	8688	8500
IC	136	8889	8978	8710	8319
IC	137	8907	8980	8383	8175
IC	138	8749	9020	8616	8197
IC	139	8997	9064	8505	8316
IC	140	8752	8810	8288	8331
IC	141	8897	8911	8538	8217
IC	142	8729	9025	8422	8430
IC	143	8745	8883	8640	8218
IC	144	8835	9143	8777	8356
IC	145	8985	8951	8556	8210
IC	146	8858	8925	8513	8326
IC	147	8787	8839	8508	8385
IC	148	8655	8838	8446	8265
IC	149	8697	8828	8587	8186
IC	150	8602	8890	8463	8268
IC	151	8730	8884	8424	8174
IC	152	8797	8862	8489	8141
IC	153	8631	8801	8612	8317
IC	154	8768	8939	8394	8093
IC	155	8689	8832	8414	8240
IC	156	8628	8720	8316	8149
IC	157	8602	8764	8520	8322
IC	158	8701	8738	8209	8138
IC	159	8709	8789	8607	8362
IC	160	8623	8593	8418	8086
IC	161	8926	8841	8455	8110
IC	162	8674	8798	8498	8077
IC	163	8686	8695	8391	8005
IC	164	8572	8765	8415	8154
IC	165	8540	8952	8415	8137
IC	166	8645	8839	8329	8226
IC	167	8748	8845	8244	7937
IC	168	8623	8795	8498	8107
IC	169	8448	8797	8161	7982
IC	170	8715	8747	8358	8027
IC	171	8603	8703	8239	7984
IC	172	8523	8655	8372	8096
IC	173	8566	8471	8340	8006
IC	174	8744	8676	8418	7926
IC	175	8595	8596	8470	8131
IC	176	8593	8608	8223	7929
IC	177	8405	8594	8272	8032
IC	178	8613	8602	8307	8075
IC	179	8516	8527	8292	7897
IC	180	8470	8550	8322	7977
IC	181	8413	8427	8283	7988
IC	182	8528	8415	8424	7944
IC	183	8450	8255	8341	8008
IC	184	8425	8380	8249	7919
IC	185	8507	8518	8227	7883
IC	186	8590	8505	8273	8016
IC	187	8388	8379	8351	7875
IC	188	8451	8371	8221	7741
IC	189	8462	8512	8239	7786
IC	190	8442	8347	8123	7913
IC	191	8536	8235	8150	7585
IC	192	8345	8209	8092	7803
IC	193	8292	8297	8238	7907
IC	194	8320	8364	8109	7608
IC	195	8447	8312	8005	7701
IC	196	8287	8161	8002	7577
IC	197	8224	8252	8291	7709
IC	198	8254	7958	8136	7679
IC	199	8264	7885	8281	7553
IC	200	8283	8128	8151	7727
IC	201	8268	8162	8157	7682
IC	202	8256	7981	8066	7607
IC	203	8263	8004	8013	7485
IC	204	8202	7950	8125	7504
IC	205	8081	7911	8081	7529
IC	206	7933	7804	7913	7375
IC	207	8070	7751	7934	7461
IC	208	7987	7867	7929	7557
IC	209	7874	7625	7984	7538
IC	210	7933	7691	7915	7464
IC	211	8047	7735	7673	7412
IC	212	7951	7595	7732	7349
IC	213	7769	7773	7751	7338
IC	214	7724	7430	7789	7356
IC	215	7685	7527	7666	7171
IC	216	7637	7322	7678	7323
IC	217	7505	7206	7490	7377
IC	218	7625	7200	7642	7169
IC	219	7363	7196	7566	6963
IC	220	7461	7193	7422	7010
IC	221	7159	7171	7535	7009
IC	222	7292	7038	7342	6916
IC	223	7185	7108	7437	6727
IC	224	7231	6898	7350	6878
IC	225	7170	6625	7176	6811
IC	226	7102	6565	7260	6549
IC	227	6989	6674	6966	6431
IC	228	6916	6584	7059	6229
IC	229	6751	6486	6879	6440
IC	230	6755	6343	6702	6262
IC	231	6516	6226	6829	6267
IC	232	6473	5934	6583	6059
IC	233	6192	5687	6523	5847
IC	234	6078	5604	6377	5771
IC	235	5889	5696	6212	5628
IC	236	5882	5377	6046	5451
IC	237	5674	5353	5813	5413
IC	238	5130	4843	5574	5021
IC	239	4793	4630	5306	4877
IC	240	4718	4367	5202	4720
IC	241	4541	4287	4978	4510
IC	242	4301	3893	4625	4294
IC	243	3732	3495	4230	3921
IC	244	3440	3182	4219	4031
IC	245	3469	3549	4176	4177
IC	246	3367	3653	4082	4416
IC	247	4711	5308	3071	3818
# Coverage distribution. Use `grep ^COV | cut -f 2-` to extract this part.
COV	[1-1]	1	14982638
COV	[2-2]	2	27248847
COV	[3-3]	3	57635835
COV	[4-4]	4	108708368
COV	[5-5]	5	175645610
COV	[6-6]	6	244952666
COV	[7-7]	7	300231027
COV	[8-8]	8	327869590
COV	[9-9]	9	323209622
COV	[10-10]	10	290687740
COV	[11-11]	11	240556776
COV	[12-12]	12	184868989
COV	[13-13]	13	132825603
COV	[14-14]	14	89852811
COV	[15-15]	15	57524789
COV	[16-16]	16	35205865
COV	[17-17]	17	20697917
COV	[18-18]	18	11913447
COV	[19-19]	19	6801353
COV	[20-20]	20	3944258
COV	[21-21]	21	2397367
COV	[22-22]	22	1568262
COV	[23-23]	23	1116998
COV	[24-24]	24	859509
COV	[25-25]	25	701879
COV	[26-26]	26	595421
COV	[27-27]	27	517448
COV	[28-28]	28	461318
COV	[29-29]	29	412994
COV	[30-30]	30	371370
COV	[31-31]	31	335513
COV	[32-32]	32	306197
COV	[33-33]	33	282286
COV	[34-34]	34	260043
COV	[35-35]	35	239316
COV	[36-36]	36	221944
COV	[37-37]	37	204522
COV	[38-38]	38	191195
COV	[39-39]	39	175328
COV	[40-40]	40	162720
COV	[41-41]	41	151948
COV	[42-42]	42	142694
COV	[43-43]	43	134470
COV	[44-44]	44	128001
COV	[45-45]	45	121138
COV	[46-46]	46	115106
COV	[47-47]	47	110432
COV	[48-48]	48	106146
COV	[49-49]	49	103537
COV	[50-50]	50	100291
COV	[51-51]	51	96447
COV	[52-52]	52	91901
COV	[53-53]	53	88875
COV	[54-54]	54	86445
COV	[55-55]	55	83306
COV	[56-56]	56	81837
COV	[57-57]	57	79810
COV	[58-58]	58	77173
COV	[59-59]	59	73559
COV	[60-60]	60	70608
COV	[61-61]	61	68413
COV	[62-62]	62	65993
COV	[63-63]	63	63757
COV	[64-64]	64	61167
COV	[65-65]	65	59211
COV	[66-66]	66	57579
COV	[67-67]	67	55426
COV	[68-68]	68	53982
COV	[69-69]	69	52020
COV	[70-70]	70	50923
COV	[71-71]	71	49409
COV	[72-72]	72	47780
COV	[73-73]	73	46662
COV	[74-74]	74	45318
COV	[75-75]	75	44854
COV	[76-76]	76	43659
COV	[77-77]	77	42436
COV	[78-78]	78	40844
COV	[79-79]	79	40151
COV	[80-80]	80	39269
COV	[81-81]	81	37429
COV	[82-82]	82	36912
COV	[83-83]	83	35855
COV	[84-84]	84	35976
COV	[85-85]	85	34614
COV	[86-86]	86	33534
COV	[87-87]	87	32949
COV	[88-88]	88	33272
COV	[89-89]	89	32879
COV	[90-90]	90	32752
COV	[91-91]	91	32132
COV	[92-92]	92	31409
COV	[93-93]	93	31009
COV	[94-94]	94	30667
COV	[95-95]	95	30173
COV	[96-96]	96	29439
COV	[97-97]	97	28594
COV	[98-98]	98	27804
COV	[99-99]	99	26919
COV	[100-100]	100	26529
COV	[101-101]	101	25572
COV	[102-102]	102	25766
COV	[103-103]	103	25003
COV	[104-104]	104	24466
COV	[105-105]	105	23625
COV	[106-106]	106	23238
COV	[107-107]	107	22628
COV	[108-108]	108	22250
COV	[109-109]	109	21503
COV	[110-110]	110	21075
COV	[111-111]	111	21367
COV	[112-112]	112	20810
COV	[113-113]	113	20501
COV	[114-114]	114	19629
COV	[115-115]	115	19243
COV	[116-116]	116	18747
COV	[117-117]	117	18832
COV	[118-118]	118	17846
COV	[119-119]	119	16721
COV	[120-120]	120	16660
COV	[121-121]	121	16669
COV	[122-122]	122	16157
COV	[123-123]	123	15706
COV	[124-124]	124	15530
COV	[125-125]	125	14953
COV	[126-126]	126	14971
COV	[127-127]	127	14997
COV	[128-128]	128	14516
COV	[129-129]	129	14343
COV	[130-130]	130	14376
COV	[131-131]	131	14166
COV	[132-132]	132	14072
COV	[133-133]	133	13729
COV	[134-134]	134	13413
COV	[135-135]	135	13589
COV	[136-136]	136	13667
COV	[137-137]	137	13464
COV	[138-138]	138	13127
COV	[139-139]	139	12798
COV	[140-140]	140	13075
COV	[141-141]	141	12837
COV	[142-142]	142	12920
COV	[143-143]	143	12777
COV	[144-144]	144	12678
COV	[145-145]	145	12798
COV	[146-146]	146	12705
COV	[147-147]	147	12562
COV	[148-148]	148	12531
COV	[149-149]	149	12446
COV	[150-150]	150	12114
COV	[151-151]	151	12029
COV	[152-152]	152	11840
COV	[153-153]	153	11950
COV	[154-154]	154	11805
COV	[155-155]	155	11794
COV	[156-156]	156	12007
COV	[157-157]	157	11728
COV	[158-158]	158	11883
COV	[159-159]	159	11520
COV	[160-160]	160	11511
COV	[161-161]	161	11724
COV	[162-162]	162	11622
COV	[163-163]	163	11631
COV	[164-164]	164	11597
COV	[165-165]	165	11834
COV	[166-166]	166	11658
COV	[167-167]	167	11957
COV	[168-168]	168	11790
COV	[169-169]	169	11551
COV	[170-170]	170	11833
COV	[171-171]	171	11960
COV	[172-172]	172	11793
COV	[173-173]	173	11632
COV	[174-174]	174	11837
COV	[175-175]	175	11601
COV	[176-176]	176	11696
COV	[177-177]	177	11670
COV	[178-178]	178	11645
COV	[179-179]	179	11369
COV	[180-180]	180	11119
COV	[181-181]	181	10981
COV	[182-182]	182	11025
COV	[183-183]	183	10836
COV	[184-184]	184	10860
COV	[185-185]	185	10905
COV	[186-186]	186	10817
COV	[187-187]	187	10806
COV	[188-188]	188	10589
COV	[189-189]	189	10632
COV	[190-190]	190	10356
COV	[191-191]	191	10725
COV	[192-192]	192	10300
COV	[193-193]	193	10404
COV	[194-194]	194	10422
COV	[195-195]	195	10190
COV	[196-196]	196	10144
COV	[197-197]	197	9958
COV	[198-198]	198	9840
COV	[199-199]	199	9832
COV	[200-200]	200	9443
COV	[201-201]	201	9455
COV	[202-202]	202	9588
COV	[203-203]	203	9365
COV	[204-204]	204	9212
COV	[205-205]	205	9225
COV	[206-206]	206	9373
COV	[207-207]	207	9500
COV	[208-208]	208	9427
COV	[209-209]	209	9193
COV	[210-210]	210	9095
COV	[211-211]	211	9297
COV	[212-212]	212	8874
COV	[213-213]	213	8714
COV	[214-214]	214	8822
COV	[215-215]	215	8929
COV	[216-216]	216	8655
COV	[217-217]	217	8781
COV	[218-218]	218	8866
COV	[219-219]	219	8709
COV	[220-220]	220	8975
COV	[221-221]	221	8707
COV	[222-222]	222	8662
COV	[223-223]	223	8552
COV	[224-224]	224	8609
COV	[225-225]	225	8390
COV	[226-226]	226	8417
COV	[227-227]	227	8302
COV	[228-228]	228	8117
COV	[229-229]	229	7947
COV	[230-230]	230	7943
COV	[231-231]	231	7763
COV	[232-232]	232	7739
COV	[233-233]	233	7808
COV	[234-234]	234	7948
COV	[235-235]	235	7696
COV	[236-236]	236	7766
COV	[237-237]	237	7780
COV	[238-238]	238	7684
COV	[239-239]	239	7620
COV	[240-240]	240	7525
COV	[241-241]	241	7390
COV	[242-242]	242	7546
COV	[243-243]	243	7693
COV	[244-244]	244	7548
COV	[245-245]	245	7577
COV	[246-246]	246	7410
COV	[247-247]	247	7497
COV	[248-248]	248	7087
COV	[249-249]	249	6981
COV	[250-250]	250	7055
COV	[251-251]	251	7075
COV	[252-252]	252	6883
COV	[253-253]	253	6659
COV	[254-254]	254	6710
COV	[255-255]	255	6731
COV	[256-256]	256	6517
COV	[257-257]	257	6454
COV	[258-258]	258	6657
COV	[259-259]	259	6636
COV	[260-260]	260	6477
COV	[261-261]	261	6353
COV	[262-262]	262	6352
COV	[263-263]	263	6565
COV	[264-264]	264	6578
COV	[265-265]	265	6349
COV	[266-266]	266	6491
COV	[267-267]	267	6327
COV	[268-268]	268	6327
COV	[269-269]	269	6113
COV	[270-270]	270	6033
COV	[271-271]	271	6071
COV	[272-272]	272	6010
COV	[273-273]	273	5935
COV	[274-274]	274	6006
COV	[275-275]	275	5994
COV	[276-276]	276	5877
COV	[277-277]	277	5781
COV	[278-278]	278	5605
COV	[279-279]	279	5527
COV	[280-280]	280	5593
COV	[281-281]	281	5516
COV	[282-282]	282	5500
COV	[283-283]	283	5448
COV	[284-284]	284	5494
COV	[285-285]	285	5439
COV	[286-286]	286	5477
COV	[287-287]	287	5341
COV	[288-288]	288	5197
COV	[289-289]	289	5215
COV	[290-290]	290	5290
COV	[291-291]	291	5175
COV	[292-292]	292	5059
COV	[293-293]	293	5034
COV	[294-294]	294	4891
COV	[295-295]	295	4728
COV	[296-296]	296	4834
COV	[297-297]	297	4762
COV	[298-298]	298	4663
COV	[299-299]	299	4607
COV	[300-300]	300	4704
COV	[301-301]	301	4677
COV	[302-302]	302	4600
COV	[303-303]	303	4625
COV	[304-304]	304	4683
COV	[305-305]	305	4353
COV	[306-306]	306	4310
COV	[307-307]	307	4339
COV	[308-308]	308	4311
COV	[309-309]	309	4187
COV	[310-310]	310	4201
COV	[311-311]	311	4305
COV	[312-312]	312	4251
COV	[313-313]	313	4284
COV	[314-314]	314	4150
COV	[315-315]	315	4140
COV	[316-316]	316	4228
COV	[317-317]	317	4168
COV	[318-318]	318	4201
COV	[319-319]	319	4135
COV	[320-320]	320	4215
COV	[321-321]	321	4030
COV	[322-322]	322	4038
COV	[323-323]	323	4055
COV	[324-324]	324	3972
COV	[325-325]	325	4019
COV	[326-326]	326	3933
COV	[327-327]	327	3942
COV	[328-328]	328	3906
COV	[329-329]	329	3823
COV	[330-330]	330	3998
COV	[331-331]	331	3883
COV	[332-332]	332	3711
COV	[333-333]	333	3704
COV	[334-334]	334	3834
COV	[335-335]	335	3689
COV	[336-336]	336	3674
COV	[337-337]	337	3672
COV	[338-338]	338	3545
COV	[339-339]	339	3500
COV	[340-340]	340	3253
COV	[341-341]	341	3262
COV	[342-342]	342	3252
COV	[343-343]	343	3267
COV	[344-344]	344	3382
COV	[345-345]	345	3404
COV	[346-346]	346	3334
COV	[347-347]	347	3306
COV	[348-348]	348	3216
COV	[349-349]	349	3153
COV	[350-350]	350	3269
COV	[351-351]	351	3333
COV	[352-352]	352	3341
COV	[353-353]	353	3341
COV	[354-354]	354	3196
COV	[355-355]	355	3146
COV	[356-356]	356	3159
COV	[357-357]	357	3317
COV	[358-358]	358	3187
COV	[359-359]	359	3147
COV	[360-360]	360	3370
COV	[361-361]	361	3104
COV	[362-362]	362	3143
COV	[363-363]	363	3109
COV	[364-364]	364	3062
COV	[365-365]	365	3151
COV	[366-366]	366	3001
COV	[367-367]	367	2984
COV	[368-368]	368	2820
COV	[369-369]	369	2907
COV	[370-370]	370	2754
COV	[371-371]	371	2789
COV	[372-372]	372	2705
COV	[373-373]	373	2756
COV	[374-374]	374	2790
COV	[375-375]	375	2799
COV	[376-376]	376	2852
COV	[377-377]	377	2675
COV	[378-378]	378	2627
COV	[379-379]	379	2594
COV	[380-380]	380	2570
COV	[381-381]	381	2616
COV	[382-382]	382	2587
COV	[383-383]	383	2450
COV	[384-384]	384	2518
COV	[385-385]	385	2524
COV	[386-386]	386	2471
COV	[387-387]	387	2401
COV	[388-388]	388	2320
COV	[389-389]	389	2487
COV	[390-390]	390	2499
COV	[391-391]	391	2492
COV	[392-392]	392	2476
COV	[393-393]	393	2525
COV	[394-394]	394	2419
COV	[395-395]	395	2349
COV	[396-396]	396	2374
COV	[397-397]	397	2359
COV	[398-398]	398	2358
COV	[399-399]	399	2341
COV	[400-400]	400	2370
COV	[401-401]	401	2310
COV	[402-402]	402	2349
COV	[403-403]	403	2359
COV	[404-404]	404	2327
COV	[405-405]	405	2340
COV	[406-406]	406	2364
COV	[407-407]	407	2284
COV	[408-408]	408	2381
COV	[409-409]	409	2183
COV	[410-410]	410	2303
COV	[411-411]	411	2246
COV	[412-412]	412	2112
COV	[413-413]	413	2137
COV	[414-414]	414	2065
COV	[415-415]	415	2072
COV	[416-416]	416	2116
COV	[417-417]	417	2140
COV	[418-418]	418	2132
COV	[419-419]	419	2159
COV	[420-420]	420	2032
COV	[421-421]	421	2070
COV	[422-422]	422	2038
COV	[423-423]	423	2046
COV	[424-424]	424	2010
COV	[425-425]	425	2096
COV	[426-426]	426	2035
COV	[427-427]	427	2012
COV	[428-428]	428	2026
COV	[429-429]	429	1950
COV	[430-430]	430	1952
COV	[431-431]	431	1997
COV	[432-432]	432	1941
COV	[433-433]	433	1984
COV	[434-434]	434	2046
COV	[435-435]	435	2040
COV	[436-436]	436	2041
COV	[437-437]	437	1988
COV	[438-438]	438	1984
COV	[439-439]	439	1977
COV	[440-440]	440	1962
COV	[441-441]	441	1925
COV	[442-442]	442	1976
COV	[443-443]	443	1937
COV	[444-444]	444	1942
COV	[445-445]	445	1918
COV	[446-446]	446	1900
COV	[447-447]	447	1974
COV	[448-448]	448	1893
COV	[449-449]	449	1942
COV	[450-450]	450	1848
COV	[451-451]	451	1861
COV	[452-452]	452	1867
COV	[453-453]	453	1866
COV	[454-454]	454	1857
COV	[455-455]	455	1911
COV	[456-456]	456	1936
COV	[457-457]	457	1958
COV	[458-458]	458	1907
COV	[459-459]	459	1852
COV	[460-460]	460	1847
COV	[461-461]	461	1930
COV	[462-462]	462	1885
COV	[463-463]	463	1897
COV	[464-464]	464	1893
COV	[465-465]	465	1807
COV	[466-466]	466	1804
COV	[467-467]	467	1818
COV	[468-468]	468	1826
COV	[469-469]	469	1866
COV	[470-470]	470	1917
COV	[471-471]	471	1781
COV	[472-472]	472	1951
COV	[473-473]	473	1913
COV	[474-474]	474	1866
COV	[475-475]	475	1851
COV	[476-476]	476	1812
COV	[477-477]	477	1809
COV	[478-478]	478	1813
COV	[479-479]	479	1925
COV	[480-480]	480	1847
COV	[481-481]	481	1872
COV	[482-482]	482	1804
COV	[483-483]	483	1885
COV	[484-484]	484	1923
COV	[485-485]	485	1764
COV	[486-486]	486	1837
COV	[487-487]	487	1868
COV	[488-488]	488	1880
COV	[489-489]	489	1802
COV	[490-490]	490	1733
COV	[491-491]	491	1839
COV	[492-492]	492	1686
COV	[493-493]	493	1700
COV	[494-494]	494	1698
COV	[495-495]	495	1688
COV	[496-496]	496	1763
COV	[497-497]	497	1730
COV	[498-498]	498	1786
COV	[499-499]	499	1800
COV	[500-500]	500	1791
COV	[501-501]	501	1810
COV	[502-502]	502	1827
COV	[503-503]	503	1752
COV	[504-504]	504	1668
COV	[505-505]	505	1716
COV	[506-506]	506	1683
COV	[507-507]	507	1754
COV	[508-508]	508	1764
COV	[509-509]	509	1853
COV	[510-510]	510	1822
COV	[511-511]	511	1699
COV	[512-512]	512	1741
COV	[513-513]	513	1821
COV	[514-514]	514	1794
COV	[515-515]	515	1726
COV	[516-516]	516	1748
COV	[517-517]	517	1680
COV	[518-518]	518	1677
COV	[519-519]	519	1745
COV	[520-520]	520	1650
COV	[521-521]	521	1651
COV	[522-522]	522	1608
COV	[523-523]	523	1616
COV	[524-524]	524	1561
COV	[525-525]	525	1614
COV	[526-526]	526	1593
COV	[527-527]	527	1499
COV	[528-528]	528	1511
COV	[529-529]	529	1547
COV	[530-530]	530	1589
COV	[531-531]	531	1570
COV	[532-532]	532	1583
COV	[533-533]	533	1569
COV	[534-534]	534	1612
COV	[535-535]	535	1540
COV	[536-536]	536	1583
COV	[537-537]	537	1505
COV	[538-538]	538	1531
COV	[539-539]	539	1553
COV	[540-540]	540	1568
COV	[541-541]	541	1614
COV	[542-542]	542	1580
COV	[543-543]	543	1659
COV	[544-544]	544	1636
COV	[545-545]	545	1566
COV	[546-546]	546	1471
COV	[547-547]	547	1522
COV	[548-548]	548	1543
COV	[549-549]	549	1495
COV	[550-550]	550	1467
COV	[551-551]	551	1515
COV	[552-552]	552	1500
COV	[553-553]	553	1453
COV	[554-554]	554	1487
COV	[555-555]	555	1529
COV	[556-556]	556	1527
COV	[557-557]	557	1422
COV	[558-558]	558	1366
COV	[559-559]	559	1396
COV	[560-560]	560	1502
COV	[561-561]	561	1522
COV	[562-562]	562	1551
COV	[563-563]	563	1618
COV	[564-564]	564	1550
COV	[565-565]	565	1539
COV	[566-566]	566	1592
COV	[567-567]	567	1606
COV	[568-568]	568	1560
COV	[569-569]	569	1570
COV	[570-570]	570	1598
COV	[571-571]	571	1542
COV	[572-572]	572	1536
COV	[573-573]	573	1600
COV	[574-574]	574	1621
COV	[575-575]	575	1567
COV	[576-576]	576	1539
COV	[577-577]	577	1511
COV	[578-578]	578	1532
COV	[579-579]	579	1477
COV	[580-580]	580	1557
COV	[581-581]	581	1476
COV	[582-582]	582	1553
COV	[583-583]	583	1546
COV	[584-584]	584	1513
COV	[585-585]	585	1469
COV	[586-586]	586	1507
COV	[587-587]	587	1546
COV	[588-588]	588	1556
COV	[589-589]	589	1489
COV	[590-590]	590	1555
COV	[591-591]	591	1575
COV	[592-592]	592	1628
COV	[593-593]	593	1523
COV	[594-594]	594	1513
COV	[595-595]	595	1473
COV	[596-596]	596	1506
COV	[597-597]	597	1529
COV	[598-598]	598	1518
COV	[599-599]	599	1587
COV	[600-600]	600	1581
COV	[601-601]	601	1513
COV	[602-602]	602	1469
COV	[603-603]	603	1542
COV	[604-604]	604	1499
COV	[605-605]	605	1580
COV	[606-606]	606	1513
COV	[607-607]	607	1536
COV	[608-608]	608	1494
COV	[609-609]	609	1532
COV	[610-610]	610	1505
COV	[611-611]	611	1468
COV	[612-612]	612	1395
COV	[613-613]	613	1371
COV	[614-614]	614	1385
COV	[615-615]	615	1402
COV	[616-616]	616	1424
COV	[617-617]	617	1447
COV	[618-618]	618	1421
COV	[619-619]	619	1433
COV	[620-620]	620	1432
COV	[621-621]	621	1443
COV	[622-622]	622	1429
COV	[623-623]	623	1428
COV	[624-624]	624	1545
COV	[625-625]	625	1491
COV	[626-626]	626	1404
COV	[627-627]	627	1486
COV	[628-628]	628	1473
COV	[629-629]	629	1457
COV	[630-630]	630	1449
COV	[631-631]	631	1449
COV	[632-632]	632	1467
COV	[633-633]	633	1464
COV	[634-634]	634	1425
COV	[635-635]	635	1426
COV	[636-636]	636	1457
COV	[637-637]	637	1539
COV	[638-638]	638	1518
COV	[639-639]	639	1437
COV	[640-640]	640	1399
COV	[641-641]	641	1421
COV	[642-642]	642	1335
COV	[643-643]	643	1333
COV	[644-644]	644	1366
COV	[645-645]	645	1375
COV	[646-646]	646	1357
COV	[647-647]	647	1349
COV	[648-648]	648	1361
COV	[649-649]	649	1264
COV	[650-650]	650	1280
COV	[651-651]	651	1353
COV	[652-652]	652	1363
COV	[653-653]	653	1402
COV	[654-654]	654	1362
COV	[655-655]	655	1389
COV	[656-656]	656	1336
COV	[657-657]	657	1324
COV	[658-658]	658	1346
COV	[659-659]	659	1187
COV	[660-660]	660	1345
COV	[661-661]	661	1310
COV	[662-662]	662	1347
COV	[663-663]	663	1273
COV	[664-664]	664	1300
COV	[665-665]	665	1332
COV	[666-666]	666	1366
COV	[667-667]	667	1315
COV	[668-668]	668	1352
COV	[669-669]	669	1307
COV	[670-670]	670	1377
COV	[671-671]	671	1338
COV	[672-672]	672	1313
COV	[673-673]	673	1307
COV	[674-674]	674	1239
COV	[675-675]	675	1187
COV	[676-676]	676	1295
COV	[677-677]	677	1241
COV	[678-678]	678	1218
COV	[679-679]	679	1230
COV	[680-680]	680	1267
COV	[681-681]	681	1262
COV	[682-682]	682	1176
COV	[683-683]	683	1235
COV	[684-684]	684	1244
COV	[685-685]	685	1195
COV	[686-686]	686	1188
COV	[687-687]	687	1236
COV	[688-688]	688	1260
COV	[689-689]	689	1265
COV	[690-690]	690	1234
COV	[691-691]	691	1292
COV	[692-692]	692	1168
COV	[693-693]	693	1195
COV	[694-694]	694	1283
COV	[695-695]	695	1258
COV	[696-696]	696	1260
COV	[697-697]	697	1225
COV	[698-698]	698	1258
COV	[699-699]	699	1224
COV	[700-700]	700	1218
COV	[701-701]	701	1212
COV	[702-702]	702	1178
COV	[703-703]	703	1207
COV	[704-704]	704	1219
COV	[705-705]	705	1186
COV	[706-706]	706	1186
COV	[707-707]	707	1161
COV	[708-708]	708	1152
COV	[709-709]	709	1111
COV	[710-710]	710	1177
COV	[711-711]	711	1162
COV	[712-712]	712	1125
COV	[713-713]	713	1179
COV	[714-714]	714	1149
COV	[715-715]	715	1109
COV	[716-716]	716	1095
COV	[717-717]	717	1162
COV	[718-718]	718	1161
COV	[719-719]	719	1123
COV	[720-720]	720	1164
COV	[721-721]	721	1237
COV	[722-722]	722	1238
COV	[723-723]	723	1211
COV	[724-724]	724	1194
COV	[725-725]	725	1174
COV	[726-726]	726	1151
COV	[727-727]	727	1206
COV	[728-728]	728	1236
COV	[729-729]	729	1200
COV	[730-730]	730	1263
COV	[731-731]	731	1187
COV	[732-732]	732	1231
COV	[733-733]	733	1188
COV	[734-734]	734	1205
COV	[735-735]	735	1146
COV	[736-736]	736	1092
COV	[737-737]	737	1102
COV	[738-738]	738	1000
COV	[739-739]	739	1062
COV	[740-740]	740	1107
COV	[741-741]	741	1137
COV	[742-742]	742	1080
COV	[743-743]	743	1128
COV	[744-744]	744	1077
COV	[745-745]	745	1118
COV	[746-746]	746	1061
COV	[747-747]	747	1057
COV	[748-748]	748	1072
COV	[749-749]	749	1086
COV	[750-750]	750	1081
COV	[751-751]	751	1097
COV	[752-752]	752	1099
COV	[753-753]	753	1082
COV	[754-754]	754	1090
COV	[755-755]	755	1103
COV	[756-756]	756	1148
COV	[757-757]	757	1117
COV	[758-758]	758	1148
COV	[759-759]	759	1100
COV	[760-760]	760	1127
COV	[761-761]	761	1152
COV	[762-762]	762	1040
COV	[763-763]	763	1102
COV	[764-764]	764	1015
COV	[765-765]	765	1060
COV	[766-766]	766	1099
COV	[767-767]	767	1189
COV	[768-768]	768	1063
COV	[769-769]	769	991
COV	[770-770]	770	1105
COV	[771-771]	771	1038
COV	[772-772]	772	1016
COV	[773-773]	773	1065
COV	[774-774]	774	1028
COV	[775-775]	775	1078
COV	[776-776]	776	1113
COV	[777-777]	777	1134
COV	[778-778]	778	1094
COV	[779-779]	779	1053
COV	[780-780]	780	1142
COV	[781-781]	781	1140
COV	[782-782]	782	1176
COV	[783-783]	783	1119
COV	[784-784]	784	1179
COV	[785-785]	785	1138
COV	[786-786]	786	1119
COV	[787-787]	787	1136
COV	[788-788]	788	1229
COV	[789-789]	789	1060
COV	[790-790]	790	1103
COV	[791-791]	791	1189
COV	[792-792]	792	1130
COV	[793-793]	793	1150
COV	[794-794]	794	1125
COV	[795-795]	795	1091
COV	[796-796]	796	1153
COV	[797-797]	797	1167
COV	[798-798]	798	1103
COV	[799-799]	799	1133
COV	[800-800]	800	1114
COV	[801-801]	801	1109
COV	[802-802]	802	1150
COV	[803-803]	803	1136
COV	[804-804]	804	1110
COV	[805-805]	805	1073
COV	[806-806]	806	1083
COV	[807-807]	807	1088
COV	[808-808]	808	1098
COV	[809-809]	809	1071
COV	[810-810]	810	1090
COV	[811-811]	811	1153
COV	[812-812]	812	1114
COV	[813-813]	813	1052
COV	[814-814]	814	1059
COV	[815-815]	815	1019
COV	[816-816]	816	994
COV	[817-817]	817	1058
COV	[818-818]	818	1003
COV	[819-819]	819	1015
COV	[820-820]	820	1035
COV	[821-821]	821	1065
COV	[822-822]	822	1055
COV	[823-823]	823	1011
COV	[824-824]	824	1012
COV	[825-825]	825	1097
COV	[826-826]	826	1049
COV	[827-827]	827	993
COV	[828-828]	828	1002
COV	[829-829]	829	978
COV	[830-830]	830	1011
COV	[831-831]	831	961
COV	[832-832]	832	1032
COV	[833-833]	833	989
COV	[834-834]	834	950
COV	[835-835]	835	1025
COV	[836-836]	836	975
COV	[837-837]	837	1010
COV	[838-838]	838	997
COV	[839-839]	839	933
COV	[840-840]	840	1022
COV	[841-841]	841	993
COV	[842-842]	842	1076
COV	[843-843]	843	969
COV	[844-844]	844	1066
COV	[845-845]	845	1003
COV	[846-846]	846	1061
COV	[847-847]	847	1040
COV	[848-848]	848	1133
COV	[849-849]	849	1042
COV	[850-850]	850	1075
COV	[851-851]	851	1023
COV	[852-852]	852	1007
COV	[853-853]	853	1073
COV	[854-854]	854	1031
COV	[855-855]	855	1022
COV	[856-856]	856	959
COV	[857-857]	857	1034
COV	[858-858]	858	977
COV	[859-859]	859	1041
COV	[860-860]	860	1021
COV	[861-861]	861	1061
COV	[862-862]	862	1035
COV	[863-863]	863	1024
COV	[864-864]	864	1002
COV	[865-865]	865	991
COV	[866-866]	866	1051
COV	[867-867]	867	1028
COV	[868-868]	868	1057
COV	[869-869]	869	1040
COV	[870-870]	870	1032
COV	[871-871]	871	1054
COV	[872-872]	872	998
COV	[873-873]	873	1080
COV	[874-874]	874	1017
COV	[875-875]	875	1056
COV	[876-876]	876	1122
COV	[877-877]	877	1096
COV	[878-878]	878	1087
COV	[879-879]	879	1160
COV	[880-880]	880	1085
COV	[881-881]	881	1103
COV	[882-882]	882	1033
COV	[883-883]	883	1034
COV	[884-884]	884	1105
COV	[885-885]	885	1045
COV	[886-886]	886	1068
COV	[887-887]	887	1066
COV	[888-888]	888	1096
COV	[889-889]	889	1119
COV	[890-890]	890	1059
COV	[891-891]	891	1045
COV	[892-892]	892	1104
COV	[893-893]	893	1070
COV	[894-894]	894	1050
COV	[895-895]	895	1021
COV	[896-896]	896	1070
COV	[897-897]	897	1055
COV	[898-898]	898	983
COV	[899-899]	899	973
COV	[900-900]	900	1035
COV	[901-901]	901	1001
COV	[902-902]	902	986
COV	[903-903]	903	990
COV	[904-904]	904	1015
COV	[905-905]	905	1020
COV	[906-906]	906	983
COV	[907-907]	907	1006
COV	[908-908]	908	1026
COV	[909-909]	909	1007
COV	[910-910]	910	945
COV	[911-911]	911	1005
COV	[912-912]	912	951
COV	[913-913]	913	926
COV	[914-914]	914	904
COV	[915-915]	915	898
COV	[916-916]	916	860
COV	[917-917]	917	887
COV	[918-918]	918	942
COV	[919-919]	919	875
COV	[920-920]	920	914
COV	[921-921]	921	892
COV	[922-922]	922	929
COV	[923-923]	923	875
COV	[924-924]	924	958
COV	[925-925]	925	915
COV	[926-926]	926	885
COV	[927-927]	927	926
COV	[928-928]	928	943
COV	[929-929]	929	890
COV	[930-930]	930	878
COV	[931-931]	931	825
COV	[932-932]	932	853
COV	[933-933]	933	916
COV	[934-934]	934	895
COV	[935-935]	935	872
COV	[936-936]	936	881
COV	[937-937]	937	890
COV	[938-938]	938	823
COV	[939-939]	939	808
COV	[940-940]	940	876
COV	[941-941]	941	849
COV	[942-942]	942	878
COV	[943-943]	943	905
COV	[944-944]	944	910
COV	[945-945]	945	888
COV	[946-946]	946	896
COV	[947-947]	947	920
COV	[948-948]	948	877
COV	[949-949]	949	904
COV	[950-950]	950	890
COV	[951-951]	951	910
COV	[952-952]	952	894
COV	[953-953]	953	893
COV	[954-954]	954	915
COV	[955-955]	955	845
COV	[956-956]	956	854
COV	[957-957]	957	848
COV	[958-958]	958	824
COV	[959-959]	959	826
COV	[960-960]	960	840
COV	[961-961]	961	838
COV	[962-962]	962	823
COV	[963-963]	963	846
COV	[964-964]	964	868
COV	[965-965]	965	843
COV	[966-966]	966	798
COV	[967-967]	967	900
COV	[968-968]	968	810
COV	[969-969]	969	830
COV	[970-970]	970	883
COV	[971-971]	971	864
COV	[972-972]	972	839
COV	[973-973]	973	853
COV	[974-974]	974	833
COV	[975-975]	975	857
COV	[976-976]	976	921
COV	[977-977]	977	818
COV	[978-978]	978	875
COV	[979-979]	979	828
COV	[980-980]	980	941
COV	[981-981]	981	930
COV	[982-982]	982	871
COV	[983-983]	983	885
COV	[984-984]	984	867
COV	[985-985]	985	889
COV	[986-986]	986	883
COV	[987-987]	987	944
COV	[988-988]	988	899
COV	[989-989]	989	938
COV	[990-990]	990	954
COV	[991-991]	991	859
COV	[992-992]	992	894
COV	[993-993]	993	816
COV	[994-994]	994	876
COV	[995-995]	995	835
COV	[996-996]	996	828
COV	[997-997]	997	843
COV	[998-998]	998	845
COV	[999-999]	999	806
COV	[1000-1000]	1000	882
COV	[1000<]	1000	835236
# GC-depth. Use `grep ^GCD | cut -f 2-` to extract this part. The columns are: GC%, unique sequence percentiles, 10th, 25th, 50th, 75th and 90th depth percentile
GCD	0.0	0.112	0.012	0.012	0.012	0.025	0.050
GCD	1.0	0.114	0.037	0.037	0.050	0.062	0.062
GCD	2.0	0.119	0.012	0.025	0.025	0.037	0.050
GCD	3.0	0.128	0.012	0.012	0.025	0.112	0.161
GCD	4.0	0.134	0.050	0.062	0.074	0.421	130.124
GCD	5.0	0.143	0.012	0.025	0.050	0.124	0.317
GCD	6.0	0.155	0.012	0.031	0.087	0.149	1.051
GCD	7.0	0.169	0.012	0.037	0.074	0.112	0.706
GCD	8.0	0.185	0.025	0.037	0.050	0.087	0.352
GCD	9.0	0.198	0.037	0.050	0.087	0.124	4.621
GCD	10.0	0.210	0.021	0.050	0.068	0.130	5.347
GCD	11.0	0.225	0.037	0.050	0.118	0.474	95.564
GCD	12.0	0.239	0.012	0.025	0.112	0.372	40.984
GCD	13.0	0.255	0.025	0.037	0.050	0.087	0.805
GCD	14.0	0.280	0.012	0.025	0.043	0.112	0.446
GCD	15.0	0.300	0.022	0.025	0.050	0.223	0.451
GCD	16.0	0.323	0.016	0.037	0.074	0.204	0.762
GCD	17.0	0.352	0.025	0.025	0.062	0.133	0.271
GCD	18.0	0.375	0.012	0.025	0.050	0.260	1.851
GCD	19.0	0.398	0.012	0.037	0.074	0.161	0.491
GCD	20.0	0.422	0.012	0.012	0.037	0.167	0.527
GCD	21.0	0.447	0.012	0.025	0.068	0.152	0.409
GCD	22.0	0.472	0.019	0.037	0.074	0.570	17.531
GCD	23.0	0.496	0.012	0.025	0.087	0.427	1.244
GCD	24.0	0.523	0.012	0.025	0.062	0.619	16.428
GCD	25.0	0.547	0.012	0.025	0.050	0.328	17.982
GCD	26.0	0.579	0.019	0.050	0.155	0.629	14.954
GCD	27.0	0.610	0.025	0.050	0.192	0.607	3.071
GCD	28.0	0.653	0.012	0.050	0.372	0.842	13.455
GCD	29.0	0.687	0.025	0.074	0.607	1.871	12.293
GCD	30.0	0.734	0.025	0.062	0.520	2.162	12.042
GCD	31.0	0.797	0.025	0.155	0.855	9.908	11.430
GCD	32.0	0.930	0.030	0.483	8.957	9.973	11.026
GCD	33.0	1.242	1.204	8.920	9.379	9.825	10.273
GCD	34.0	2.340	8.462	8.988	9.379	9.738	10.060
GCD	35.0	5.379	8.598	8.995	9.341	9.701	10.072
GCD	36.0	11.564	8.549	8.920	9.292	9.664	9.986
GCD	37.0	20.839	8.524	8.883	9.255	9.614	9.949
GCD	38.0	31.710	8.474	8.846	9.205	9.552	9.899
GCD	39.0	42.505	8.425	8.796	9.156	9.515	9.849
GCD	40.0	52.167	8.363	8.734	9.094	9.453	9.812
GCD	41.0	60.468	8.326	8.685	9.044	9.416	9.775
GCD	42.0	67.385	8.251	8.635	9.007	9.379	9.738
GCD	43.0	73.023	8.177	8.573	8.957	9.317	9.676
GCD	44.0	77.683	8.162	8.536	8.920	9.292	9.664
GCD	45.0	81.509	8.078	8.499	8.883	9.267	9.683
GCD	46.0	84.827	8.078	8.499	8.908	9.304	9.849
GCD	47.0	87.522	8.053	8.437	8.846	9.255	9.800
GCD	48.0	89.673	8.078	8.425	8.809	9.202	9.626
GCD	49.0	91.440	7.991	8.375	8.734	9.118	9.503
GCD	50.0	92.962	7.991	8.350	8.734	9.081	9.465
GCD	51.0	94.222	7.929	8.264	8.635	8.995	9.369
GCD	52.0	95.345	7.855	8.251	8.635	9.019	9.453
GCD	53.0	96.283	7.862	8.264	8.598	9.032	9.619
GCD	54.0	97.042	7.782	8.177	8.542	8.920	9.292
GCD	55.0	97.671	7.718	8.115	8.499	8.933	9.354
GCD	56.0	98.196	7.644	8.065	8.412	8.834	9.216
GCD	57.0	98.618	7.680	8.050	8.449	8.809	9.244
GCD	58.0	98.941	7.674	8.028	8.425	8.834	9.307
GCD	59.0	99.201	7.681	7.979	8.437	8.855	9.952
GCD	60.0	99.440	7.557	8.003	8.350	8.970	119.794
GCD	61.0	99.602	7.602	8.000	8.406	8.837	9.752
GCD	62.0	99.725	7.458	7.805	8.214	8.518	8.858
GCD	63.0	99.813	7.538	7.948	8.313	8.648	9.453
GCD	64.0	99.870	7.502	7.681	8.134	8.493	8.961
GCD	65.0	99.913	7.310	7.632	8.090	8.611	12.860
GCD	66.0	99.947	7.235	7.731	8.003	8.685	70.334
GCD	67.0	99.974	6.212	7.551	7.892	8.301	9.899
GCD	68.0	99.990	7.087	7.372	7.780	8.412	370.841
GCD	69.0	99.993	7.706	7.787	8.103	224.530	419.982
GCD	70.0	99.996	0.012	0.012	7.880	8.053	8.053
GCD	71.0	99.996	0.099	0.099	0.099	0.099	0.099
GCD	73.0	99.997	0.012	0.012	0.012	0.012	0.012
GCD	76.0	99.999	0.012	0.012	0.031	0.050	0.050
GCD	78.0	99.999	0.012	0.012	0.012	0.012	0.012
GCD	86.0	100.000	73.567	73.567	73.567	73.567	73.567
