# This file was produced by samtools stats (1.19+htslib-1.19) and can be plotted using plot-bamstats
# This file contains statistics for all reads.
# The command line was:  stats bam_files/recal_Trio2_Offspring.bam
# CHK, Checksum	[2]Read Names	[3]Sequences	[4]Qualities
# CHK, CRC32 of reads which passed filtering followed by addition (32bit overflow)
CHK	70aeee3b	9975ee27	fa7c9015
# Summary Numbers. Use `grep ^SN | cut -f 2-` to extract this part.
SN	raw total sequences:	68594659	# excluding supplementary and secondary reads
SN	filtered sequences:	0
SN	sequences:	68594659
SN	is sorted:	1
SN	1st fragments:	34297163
SN	last fragments:	34297496
SN	reads mapped:	68258906
SN	reads mapped and paired:	68096935	# paired-end technology bit set + both mates mapped
SN	reads unmapped:	335753
SN	reads properly paired:	66433536	# proper-pair bit set
SN	reads paired:	68594659	# paired-end technology bit set
SN	reads duplicated:	0	# PCR or optical duplicate bit set
SN	reads MQ0:	7547055	# mapped and MQ=0
SN	reads QC failed:	0
SN	non-primary alignments:	0
SN	supplementary alignments:	454156
SN	total length:	16996994331	# ignores clipping
SN	total first fragment length:	8506576619	# ignores clipping
SN	total last fragment length:	8490417712	# ignores clipping
SN	bases mapped:	16913156354	# ignores clipping
SN	bases mapped (cigar):	16578894894	# more accurate
SN	bases trimmed:	0
SN	bases duplicated:	0
SN	mismatches:	194361400	# from NM fields
SN	error rate:	1.172342e-02	# mismatches / bases mapped (cigar)
SN	average length:	248
SN	average first fragment length:	248
SN	average last fragment length:	248
SN	maximum length:	250
SN	maximum first fragment length:	250
SN	maximum last fragment length:	250
SN	average quality:	28.1
SN	insert size average:	656.2
SN	insert size standard deviation:	182.0
SN	inward oriented pairs:	33090485
SN	outward oriented pairs:	180058
SN	pairs with other orientation:	28156
SN	pairs on different chromosomes:	749754
SN	percentage of properly paired reads (%):	96.8
# First Fragment Qualities. Use `grep ^FFQ | cut -f 2-` to extract this part.
# Columns correspond to qualities and rows to cycles. First column is the cycle number.
FFQ	1	0	0	2	0	0	0	0	0	0	0	0	0	0	1009121	0	0	0	0	0	0	0	0	0	0	0	1616226	0	0	0	31671814	0	0	0	0	0	0
FFQ	2	0	0	33611	0	0	0	0	0	0	9940	0	32777	29506	195803	185409	141400	47913	32982	0	0	17650	0	0	554784	0	135256	296012	593216	1717327	95765	10850397	14047427	2341550	2938438	0	0
FFQ	3	0	0	122	0	0	0	0	0	0	9866	0	32271	27647	166411	181119	123701	55156	41848	0	0	0	15383	0	0	489826	0	131028	235624	558160	1800702	106933	10954933	13958932	2274858	3132643	0
FFQ	4	0	0	250	0	0	0	0	0	0	10300	0	25774	28158	139293	164930	119316	55885	41623	0	0	0	16090	0	0	522549	0	135631	223779	547084	1653079	112194	11125579	13831583	2319698	3224368	0
FFQ	5	0	0	43	0	0	0	0	0	0	9717	0	29053	30593	150061	178559	129943	55137	42678	0	0	0	16083	0	0	515159	0	139757	239031	559703	1626176	112235	11181753	13895555	2297846	3088081	0
FFQ	6	0	0	128	0	0	0	0	0	9911	0	29650	31550	143302	174321	134525	53200	40404	0	0	16708	0	0	52929	472839	141406	231058	571286	68502	1743917	83687	11156883	13944976	2190483	3005498	0	0
FFQ	7	0	0	25	0	0	0	0	11778	0	33028	37466	161939	204563	149955	59259	45542	0	0	0	19206	0	0	56104	496245	147755	255366	614461	74396	1748653	91099	10951749	13970999	2236881	2930694	0	0
FFQ	8	0	0	39	0	0	0	0	0	10343	0	33077	34562	157831	187206	139728	55177	44457	0	0	16306	0	0	56383	461934	146141	250514	594551	66605	1755633	91420	11070605	13915937	2222621	2986093	0	0
FFQ	9	0	0	5	0	0	0	0	0	10711	0	33256	36267	160406	194380	145770	59375	46277	0	0	17185	0	0	56924	462309	150694	252336	608974	68539	1764559	94124	11118793	13725156	2271835	3019288	0	0
FFQ	10	0	0	115	0	0	0	0	0	10420	0	32916	34645	157953	186033	139720	56281	45138	0	0	17009	0	0	57620	476564	150540	255289	591515	65436	1761570	93821	11172965	13715940	2256421	3019252	0	0
FFQ	11	0	0	13	0	0	0	0	0	10262	0	33094	36116	159485	188071	144574	57736	45188	0	0	17198	0	0	58769	473217	152373	258136	604305	65922	1781392	95960	11181723	13694218	2263637	2975774	0	0
FFQ	12	0	0	66	0	0	0	0	0	10099	0	33712	36443	159098	188395	141631	57902	44173	0	0	17197	0	0	60179	470663	155577	261567	604119	64962	1788616	96675	11177331	13688305	2264216	2976237	0	0
FFQ	13	0	0	10	0	0	0	0	0	10745	0	32531	36612	156223	187669	143710	58642	45736	0	0	17529	0	0	59166	484205	155071	260052	614004	65888	1793563	98291	11132402	13703484	2268133	2973497	0	0
FFQ	14	0	0	31	0	0	0	0	0	10618	0	33609	36431	157602	189458	144731	57618	43882	0	0	17692	0	0	60617	475250	158620	264928	619305	66473	1784220	96953	11117894	13736051	2245319	2979861	0	0
FFQ	15	0	0	11	0	0	0	0	0	11022	0	34577	39548	161057	195005	148852	59762	45993	0	0	17706	0	0	60726	470953	161889	269423	629270	66459	1788153	99356	11100036	13721640	2242240	2973485	0	0
FFQ	16	0	0	14	0	0	0	0	0	10922	0	34709	37989	160178	194622	145679	59223	46953	0	0	18120	0	0	61682	470593	159593	264553	625786	66523	1792836	100568	11059638	13745847	2254726	2986409	0	0
FFQ	17	0	0	16	0	0	0	0	0	11671	0	35581	39527	164363	200414	150154	61171	48092	0	0	18615	0	0	62416	475881	164741	267647	636579	67506	1807344	102486	11062894	13702512	2235971	2981582	0	0
FFQ	18	0	0	54	0	0	0	0	0	11530	0	35899	38284	165181	197859	151247	59335	46217	0	0	18654	0	0	63944	478347	164549	271984	635963	68595	1792304	100786	11094949	13667942	2255783	2977757	0	0
FFQ	19	0	0	3	0	0	0	0	0	11248	0	35639	37496	163256	198768	148204	58480	45919	0	0	18305	0	0	63542	477949	163907	268913	631456	68135	1778822	100285	11108632	13684134	2260792	2973278	0	0
FFQ	20	0	0	9	0	0	0	0	0	11221	0	36184	37755	164498	199105	149422	58580	46572	0	0	18223	0	0	63606	473157	165863	270391	632223	68410	1777627	100922	11120026	13690924	2253051	2959394	0	0
FFQ	21	0	0	11	0	0	0	0	0	11417	0	36151	38906	164317	200485	149899	60319	47728	0	0	18596	0	0	63690	475165	164789	270759	634483	69294	1783891	102794	11119775	13681467	2260900	2942327	0	0
FFQ	22	0	0	12	0	0	0	0	11935	0	37990	40615	170289	208376	154022	61540	49993	0	0	0	18620	0	0	66174	472825	168975	276256	645457	69974	1796529	106192	11105934	13634687	2255247	2945521	0	0
FFQ	23	0	0	7	0	0	0	0	0	12198	0	38692	39256	170658	209635	150259	60175	50414	0	0	19443	0	0	68102	484945	170456	278291	642336	69555	1801614	107965	11126215	13589442	2263673	2943832	0	0
FFQ	24	0	0	35	0	0	0	0	13046	0	38731	41998	174198	214109	157133	63392	50393	0	0	0	20477	0	0	67682	492684	174411	282908	653795	71767	1778545	107088	11125241	13566135	2271401	2931994	0	0
FFQ	25	0	0	14	0	0	0	0	12654	0	39468	40595	173705	214077	153479	62159	50762	0	0	0	19657	0	0	68750	478457	173226	278903	653688	71418	1788173	107607	11082058	13652681	2257433	2918199	0	0
FFQ	26	0	0	81	0	0	0	14806	0	44481	46590	189202	237628	168130	69210	54936	0	0	0	0	19733	0	0	66539	481731	171177	272080	642949	70335	1776333	105417	11066184	13637974	2254924	2906723	0	0
FFQ	27	0	0	12	0	0	0	14900	0	45080	48774	193530	240638	175456	72602	55338	0	0	0	0	19660	0	0	66958	473972	173349	275714	653845	71973	1787243	105406	11080452	13587092	2254426	2900743	0	0
FFQ	28	0	0	8	0	0	0	14789	0	45057	47037	193412	241607	170947	69800	55699	0	0	0	0	19402	0	0	67912	468299	172462	275216	650764	70399	1785436	106380	11095331	13589279	2263471	2894456	0	0
FFQ	29	0	0	3	0	0	0	14938	0	45684	48377	196836	244760	171028	71146	57782	0	0	0	0	19421	0	0	68099	470691	175645	279805	651166	70957	1793440	108712	11089572	13572321	2260290	2886490	0	0
FFQ	30	0	0	10	0	0	0	15375	0	46197	49456	197747	247829	177478	72320	56183	0	0	0	0	20155	0	0	69106	480527	176074	279320	658058	72971	1789727	105477	11066750	13573695	2262002	2880706	0	0
FFQ	31	0	0	3	0	0	0	15615	0	46456	50735	204930	252451	178455	74231	60157	0	0	0	0	20038	0	0	68136	481536	177152	282693	664499	71963	1775456	109907	11085170	13542260	2257526	2869745	0	0
FFQ	32	0	0	1304	0	0	0	15668	0	47340	50230	206130	253320	178433	72651	59196	0	0	0	0	20314	0	0	69773	477712	178248	285757	664613	72092	1784807	109504	11083975	13537704	2254167	2858970	0	0
FFQ	33	0	0	8	0	0	0	15740	0	46873	51210	202837	250334	183022	74820	58429	0	0	0	0	20403	0	0	68285	474680	177837	284552	665895	74189	1778903	107928	11059640	13559651	2264646	2856016	0	0
FFQ	34	0	0	477	0	0	0	15960	0	47892	52331	211687	261219	182542	75738	62078	0	0	0	0	20188	0	0	68778	475713	178790	287495	679253	72471	1776316	113598	11044894	13544988	2245817	2850975	0	0
FFQ	35	0	0	1087	0	0	0	15739	0	46608	50356	201521	248632	178451	72781	56284	0	0	0	0	19974	0	0	69305	473523	176439	279898	660175	73128	1775524	106428	11088866	13563003	2256426	2850059	0	0
FFQ	36	0	0	65	0	0	0	16005	0	47433	51408	205192	255463	182929	72976	57760	0	0	0	0	20685	0	0	69841	481397	178278	285159	668222	74573	1775019	107496	11042387	13564163	2262523	2838235	0	0
FFQ	37	0	0	6	0	0	0	16343	0	48428	51396	210094	258074	182346	73009	60346	0	0	0	0	20600	0	0	71254	483168	181188	291185	676717	73462	1785095	111733	11029757	13536834	2246856	2843170	0	0
FFQ	38	0	0	6	0	0	0	16710	0	48593	53466	213597	258988	186248	75351	60428	0	0	0	0	20596	0	0	70640	477672	182635	294172	676530	74515	1779152	110577	11029572	13524523	2259353	2831575	0	0
FFQ	39	0	0	52	0	0	0	16498	0	48935	52952	211775	259957	183429	76133	60711	0	0	0	0	20573	0	0	70788	474286	181871	291443	678866	72633	1790591	111716	11016059	13540574	2253094	2826620	0	0
FFQ	40	0	0	90	0	0	0	16623	0	47860	52089	209253	256924	185144	74960	59243	0	0	0	0	20953	0	0	70609	479308	181149	289068	674434	73833	1778252	109766	11043580	13534375	2253742	2822564	0	0
FFQ	41	0	0	6	0	0	0	16914	0	46612	51341	203292	252221	183086	75886	58271	0	0	0	0	20789	0	0	68702	480196	177103	283427	672788	75265	1794762	108031	11068433	13527894	2247727	2814671	0	0
FFQ	42	0	0	54	0	0	0	16525	0	47582	52350	207926	254761	186918	76078	59238	0	0	0	0	20797	0	0	71002	481928	182476	291508	680219	74735	1785680	110255	11051048	13480377	2273605	2816271	0	0
FFQ	43	0	0	6	0	0	0	16750	0	49217	53611	215437	260858	188360	77366	60886	0	0	0	0	20722	0	0	71506	477163	185362	299172	689730	74788	1782769	112580	11046202	13452828	2263607	2817002	0	0
FFQ	44	0	0	18	0	0	0	17070	0	49492	54080	219647	264913	190798	77694	63138	0	0	0	0	20970	0	0	72050	481167	185262	301546	693409	75055	1784793	114097	11041032	13450704	2247144	2806193	0	0
FFQ	45	0	0	8	0	0	0	17613	0	50109	55042	220885	266848	192562	77990	63173	0	0	0	0	21235	0	0	73532	481722	186769	304152	698999	76030	1790799	113696	10994484	13459878	2253663	2806113	0	0
FFQ	46	0	0	3	0	0	0	17811	0	51191	55946	226603	271941	194681	79442	64505	0	0	0	0	21254	0	0	74242	481517	190031	307350	705690	75942	1790451	116520	11006410	13421426	2241338	2804778	0	0
FFQ	47	0	0	10	0	0	0	18053	0	50480	55757	219454	266247	198370	79994	60704	0	0	0	0	22053	0	0	72359	488663	187709	301392	700998	77909	1790560	110963	11016576	13426208	2248863	2800319	0	0
FFQ	48	0	0	91	0	0	0	17977	0	51458	56644	225125	274126	198314	80287	62958	0	0	0	0	21089	0	0	74037	472562	189406	307357	708931	77120	1778286	113727	10977203	13457106	2252081	2791821	0	0
FFQ	49	0	0	652	0	0	18657	0	53524	59785	237070	283069	205213	83422	65052	0	0	0	0	22058	0	0	74793	0	676604	312448	718038	78674	144107	1747306	0	10941612	13433018	2242225	2785182	0	0
FFQ	50	0	0	82	0	0	18549	0	54321	59761	238206	284328	208094	82860	65014	0	0	0	0	21629	0	0	75173	0	675612	316323	720574	78395	143388	1735649	0	10956039	13421016	2238035	2784210	0	0
FFQ	51	0	0	11	0	0	18402	0	53822	58594	233605	283328	205438	82672	64218	0	0	0	0	0	21285	0	0	75859	471832	193196	314105	722504	77866	1775360	115482	10971802	13417559	2232007	2783157	0	0
FFQ	52	0	0	102	0	0	0	18053	0	53104	57339	235692	279615	200422	80801	65766	0	0	0	0	21125	0	0	75601	0	661706	317075	715472	76895	142414	1753368	0	10987076	13398938	2246788	2779530	0
FFQ	53	0	0	450	0	0	19137	0	54565	60194	241046	287072	209243	83976	65343	0	0	0	0	22352	0	0	75965	0	682386	319634	727158	79170	144689	1749019	0	10937199	13386283	2247698	2769698	0	0
FFQ	54	0	0	7325	0	0	18972	0	54901	60201	244629	290175	207193	83694	67362	0	0	0	0	0	21507	0	0	76270	477190	197175	321066	729950	78520	1767537	119786	10939687	13364558	2250227	2779407	0	0
FFQ	55	0	0	122	0	0	19191	0	55903	62652	245452	290612	211846	84244	66924	0	0	0	0	22079	0	0	77685	0	673846	323663	733362	79244	145350	1741919	0	10946735	13352413	2237313	2781993	0	0
FFQ	56	0	0	3625	0	0	19279	0	55830	60800	246548	290418	210930	84118	68501	0	0	0	0	21811	0	0	77547	0	675260	323758	730466	78462	144912	1744572	0	10925027	13373811	2232904	2778665	0	0
FFQ	57	0	0	44	0	0	19474	0	55549	61027	245944	292758	211009	83787	68099	0	0	0	0	22161	0	0	77372	0	677841	323148	736791	79522	145654	1740229	0	10938963	13364809	2236975	2761646	0	0
FFQ	58	0	0	2475	0	0	19591	0	55908	61488	244860	288675	211874	83103	66187	0	0	0	0	22053	0	0	77477	0	674899	322094	731981	79346	144163	1743871	0	10951421	13360781	2233262	2762817	0	0
FFQ	59	0	0	190	0	0	19952	0	56707	60708	247466	294559	211146	84701	68851	0	0	0	0	22091	0	0	77724	0	677106	326797	739368	78748	146318	1750773	0	10924710	13349224	2233504	2762958	0	0
FFQ	60	0	0	382	0	0	20097	0	56529	63149	249728	294167	217550	86049	67142	0	0	0	0	22747	0	0	78689	0	679539	329609	743988	80255	147959	1745714	0	10909241	13333064	2231413	2771854	0	0
FFQ	61	0	0	747	0	0	19975	0	57239	61120	251298	298600	212048	85102	70051	0	0	0	0	22175	0	0	79341	0	675807	328889	741330	79244	146990	1750133	0	10909023	13334849	2233282	2766837	0	0
FFQ	62	0	0	1199	0	0	20076	0	56543	61632	248617	294754	214502	85834	68324	0	0	0	0	0	22235	0	0	77894	476362	200127	325043	737566	79579	1771468	119626	10919013	13327505	2245758	2765640	0	0
FFQ	63	0	0	8679	0	0	20488	0	57223	62785	249452	296017	217271	87225	67928	0	0	0	0	22914	0	0	78198	0	679976	326441	741645	81248	149739	1741273	0	10893175	13331095	2239385	2762904	0	0
FFQ	64	0	0	610	0	0	21087	0	57710	65621	255014	302161	224848	88738	68638	0	0	0	0	23221	0	0	79225	0	684554	332790	752036	83401	151804	1739771	0	10870901	13322486	2229558	2756221	0	0
FFQ	65	0	0	1109	0	0	20851	0	57785	64041	258772	303366	220412	87817	70893	0	0	0	0	22746	0	0	79360	0	685104	335344	754769	80615	150598	1732376	0	10881956	13311543	2223827	2762388	0	0
FFQ	66	0	0	949	0	0	20711	0	57626	64776	254487	300085	221472	87584	68019	0	0	0	0	0	22423	0	0	78666	0	679749	333048	750434	81860	150076	1737717	0	10890942	13311123	2228677	2760931	0
FFQ	67	0	0	1313	0	0	21652	0	61099	67658	263185	311188	232068	91221	70835	0	0	0	0	23362	0	0	81518	0	687308	339534	765431	83804	153331	1741316	0	10850085	13278866	2224955	2747469	0	0
FFQ	68	0	0	110	0	0	21670	0	60075	65298	261673	309153	225714	89082	72046	0	0	0	0	23233	0	0	81526	0	688956	337677	761109	81732	151608	1744879	0	10846382	13305622	2218293	2747269	0	0
FFQ	69	0	0	2683	0	0	21986	0	59773	66794	262739	309036	229106	90175	70270	0	0	0	0	23783	0	0	81429	0	207939	819814	766121	83556	153169	122064	1620061	0	10865195	13270361	2213801	2749133	0
FFQ	70	0	0	633	0	0	21676	0	58347	63937	257662	304251	221495	87159	70318	0	0	0	0	0	23174	0	0	80622	0	682117	336664	756180	81488	149940	1745337	0	10871481	13292624	2223532	2756251	0
FFQ	71	0	0	7006	0	0	21519	0	59585	65611	260488	308387	227132	89990	70135	0	0	0	0	22821	0	0	81057	0	207271	807032	759858	82944	152802	121485	1621050	0	10838928	13297523	2227988	2750264	0
FFQ	72	0	0	1308	0	0	21611	0	58400	64115	253689	303444	225966	88312	68937	0	0	0	0	23186	0	0	80260	0	205057	804788	754977	82828	150789	119461	1618450	0	10872083	13301773	2225903	2751824	0
FFQ	73	0	0	5692	0	0	21920	0	58775	65673	257731	307171	227476	89464	69578	0	0	0	0	23289	0	0	79605	0	205672	809612	758629	83887	153150	120713	1611330	0	10872030	13275659	2231076	2745462	0
FFQ	74	0	0	1059	0	0	21878	0	59676	67280	259251	307961	231648	90989	69372	0	0	0	0	23619	0	0	80722	0	207531	808011	764117	83936	154334	119784	1622884	0	10849925	13275779	2223024	2746911	0
FFQ	75	0	0	5812	0	0	22974	0	62757	69729	277082	321222	237288	93070	74340	0	0	0	0	23693	0	0	82289	0	213198	820327	776382	83302	155090	125472	1620190	0	10815685	13226474	2216561	2743167	0
FFQ	76	0	0	3387	0	0	23254	0	62358	72108	274370	323039	242561	94667	72835	0	0	0	0	24063	0	0	82991	0	685763	346880	779258	86280	155640	1731303	0	10802342	13231147	2231914	2735962	0	0
FFQ	77	0	0	3254	0	0	23154	0	62775	69849	275407	323317	237320	93746	73843	0	0	0	0	23658	0	0	83171	0	214296	822296	781853	83362	155191	125324	1608504	0	10797613	13246106	2214989	2739523	0
FFQ	78	0	0	4163	0	0	22932	0	63125	70786	278088	324840	242065	94487	74043	0	0	0	0	23822	0	0	83418	0	685834	348749	783570	84746	157111	1731798	0	10810647	13214771	2212019	2743922	0	0
FFQ	79	0	0	3150	0	0	23303	0	63076	69210	275095	324113	237218	93220	75110	0	0	0	0	23847	0	0	83019	0	212763	822857	783225	83512	156407	127070	1607839	0	10802752	13228716	2215817	2740085	0
FFQ	80	0	0	3610	0	0	23278	0	62342	70236	274822	322049	239424	93893	73676	0	0	0	0	23991	0	0	83471	0	214251	822961	783807	85702	157453	123827	1606740	0	10791158	13244414	2210881	2735794	0
FFQ	81	0	0	4822	0	0	23663	0	63594	70239	280403	327509	240505	93140	75665	0	0	0	0	24254	0	0	84130	0	216045	823016	790569	85143	156516	126143	1609760	0	10781590	13224591	2209945	2731354	0
FFQ	82	0	0	2122	0	0	23815	0	62338	70171	272558	321881	241820	93237	72116	0	0	0	0	24163	0	0	82583	0	213095	820385	779351	85991	156390	123281	1616775	0	10794601	13239651	2215581	2726966	0
FFQ	83	0	0	736	0	0	23800	0	62633	69856	274172	319831	242182	93838	73371	0	0	0	0	24521	0	0	82848	0	213739	821009	778800	85737	155752	123459	1617798	0	10797078	13226279	2220807	2727164	0
FFQ	84	0	0	3704	0	0	23863	0	64031	71493	279911	326185	244634	95421	74362	0	0	0	0	24029	0	0	84880	0	216174	823609	787418	85269	158864	125682	1616061	0	10783317	13197883	2217941	2727161	0
FFQ	85	0	0	2146	0	0	24183	0	63354	71819	277593	326643	241819	94571	74856	0	0	0	0	24751	0	0	83541	0	216069	824648	786696	84888	157262	126407	1609571	0	10789838	13201269	2220963	2725532	0
FFQ	86	0	0	726	0	0	23592	0	61200	69436	268000	316949	243514	94150	70421	0	0	0	0	24096	0	0	81779	0	211559	811962	773621	86801	157665	118973	1614755	0	10805104	13229238	2224208	2735025	0
FFQ	87	0	0	4710	0	0	24612	0	64533	72875	282336	331457	252846	96878	74041	0	0	0	0	25223	0	0	84136	0	218012	831416	792512	87742	160432	124468	1603280	0	10765365	13177695	2215865	2729249	0
FFQ	88	0	0	1623	0	0	25085	0	66094	74877	290325	337265	254147	98189	76324	0	0	0	0	24795	0	0	86223	0	221904	833998	803506	87416	161949	127068	1594801	0	10743614	13175215	2206534	2725876	0
FFQ	89	0	0	1497	0	0	25128	0	66555	74406	291301	339754	252648	97739	77063	0	0	0	0	24561	0	0	85652	0	221216	830326	805439	87539	159865	127884	1601110	0	10753673	13173364	2193560	2723694	0
FFQ	90	0	0	779	0	0	25334	0	65717	75288	289395	336624	256226	98877	76688	0	0	0	0	24947	0	0	86022	0	221532	829232	806684	89391	161894	126983	1603924	0	10751865	13163973	2208321	2711609	0
FFQ	91	0	0	2310	0	0	26370	0	68887	77554	303582	349216	262793	101593	79965	0	0	0	0	25627	0	0	89857	0	702997	371978	820550	87460	164933	1731727	0	10721926	13109529	2198643	2710927	0	0
FFQ	92	0	0	1078	0	0	26023	0	67693	75745	298692	345465	255670	99599	80554	0	0	0	0	25416	0	0	86785	0	223691	840779	813136	86777	161959	132444	1598695	0	10761107	13110576	2199766	2714112	0
FFQ	93	0	0	3157	0	0	26107	0	64555	75084	283937	332535	255548	98406	74748	0	0	0	0	25834	0	0	84651	0	218739	834216	794986	88549	161864	123975	1606038	0	10759163	13161078	2218432	2711364	0
FFQ	94	0	0	2576	0	0	25795	0	66169	75632	285823	336443	258556	99056	73997	0	0	0	0	25554	0	0	85847	0	219364	829017	799472	89633	161367	123426	1605839	0	10731473	13176383	2207997	2721128	0
FFQ	95	0	0	2953	0	0	26865	0	67846	78656	298271	347908	267520	103029	76561	0	0	0	0	26332	0	0	87910	0	225004	836917	819585	90959	165209	126908	1600595	0	10701758	13125707	2206474	2714569	0
FFQ	96	0	0	2500	0	0	26316	0	69923	79701	307639	353415	268744	103739	81810	0	0	0	0	25466	0	0	89060	0	228850	837759	826157	89392	166399	132267	1592442	0	10714085	13082984	2204368	2712061	0
FFQ	97	0	0	2706	0	0	26704	0	69812	80879	307842	354598	268537	104161	80810	0	0	0	0	25798	0	0	89562	0	230094	842687	830927	90109	166420	132161	1600805	0	10688609	13092411	2200320	2706895	0
FFQ	98	0	0	3149	0	0	26540	0	70050	79997	306599	354234	268929	103338	80550	0	0	0	0	25610	0	0	89427	0	228578	842186	828698	89640	166051	131996	1593464	0	10688882	13100297	2200403	2711182	0
FFQ	99	0	0	2160	0	0	26935	0	68533	79671	299751	350498	268334	102207	78591	0	0	0	0	25763	0	0	88078	0	226915	837338	821520	91299	165973	128911	1593402	0	10684543	13132599	2203343	2711577	0
FFQ	100	0	0	2154	0	0	26635	0	69197	80399	305429	352823	271509	103099	80231	0	0	0	0	25336	0	0	88435	0	229793	831984	828927	90912	165920	130083	1592845	0	10694083	13116307	2198800	2701262	0
FFQ	101	0	0	2592	0	0	27591	0	71512	82531	317125	362487	278124	105741	82304	0	0	0	0	25812	0	0	90271	0	233798	846909	839142	91266	167142	133475	1593303	0	10679240	13070291	2190103	2693504	0
FFQ	102	0	0	2820	0	0	27644	0	72713	83503	321229	366495	282030	107011	83371	0	0	0	0	26522	0	0	91672	0	699449	384779	842985	91475	168795	1721816	0	10676989	13040296	2198368	2692335	0	0
FFQ	103	0	0	1471	0	0	27899	0	72516	82820	319473	368333	275789	106256	84413	0	0	0	0	26067	0	0	92009	0	234921	850898	847219	89946	169212	136528	1595850	0	10688622	13024529	2190948	2694849	0
FFQ	104	0	0	3544	0	0	27709	0	70936	82987	312180	358788	278516	105912	81702	0	0	0	0	26560	0	0	90968	0	232704	850078	835968	92093	168724	132376	1589772	0	10692203	13044358	2210677	2690169	0
FFQ	105	0	0	3011	0	0	28235	0	72602	83795	316923	364461	281491	107429	82790	0	0	0	0	26612	0	0	91479	0	234940	855560	844977	92646	170537	133699	1594142	0	10647023	13058034	2198659	2688257	0
FFQ	106	0	0	3632	0	0	28479	0	74009	87230	324989	373278	289523	110375	84756	0	0	0	0	27110	0	0	92803	0	239289	863359	860920	95295	173252	134738	1588023	0	10622826	13030854	2189125	2681691	0
FFQ	107	0	0	1082	0	0	28893	0	75142	87594	335278	379894	289471	110551	87909	0	0	0	26681	0	0	94017	0	240932	394784	1334738	93339	174497	138669	0	1583891	0	10608648	13017413	2181096	2689309	0
FFQ	108	0	0	1166	0	0	29105	0	74240	86963	326637	375332	288151	110599	84627	0	0	0	0	26963	0	0	93698	0	238819	858062	857350	94259	173824	135197	1592231	0	10613822	13041235	2177887	2692055	0
FFQ	109	0	0	2642	0	0	29331	0	74208	87239	327683	376637	291073	110690	84276	0	0	0	0	27231	0	0	93012	0	239090	858326	859602	94935	173493	134117	1584706	0	10605876	13042223	2185223	2688907	0
FFQ	110	0	0	2969	0	0	28546	0	73401	84868	320344	368429	286976	108364	82456	0	0	0	0	26602	0	0	90811	0	233893	847450	848010	94422	171365	132305	1590366	0	10643221	13058356	2186824	2688780	0
FFQ	111	0	0	3220	0	0	29051	0	74145	87477	324575	370786	293017	110757	83647	0	0	0	0	26865	0	0	92986	0	239977	852119	857549	96013	174564	133225	1588293	0	10631259	13025116	2190536	2681913	0
FFQ	112	0	0	1051	0	0	29620	0	77524	90384	342835	386499	296941	113111	89015	0	0	0	0	27465	0	0	95843	0	245825	871565	876868	94343	176307	140998	1584470	0	10606375	12973673	2169981	2674769	0
FFQ	113	0	0	3094	0	0	29588	0	76183	88170	332083	376759	296257	111935	84533	0	0	0	0	27640	0	0	95175	0	240860	867684	865437	96089	174808	134673	1592962	0	10620814	12990788	2185187	2673114	0
FFQ	114	0	0	1345	0	0	29416	0	76059	87274	330495	377647	295024	111470	86488	0	0	0	0	27525	0	0	95509	0	240718	862027	864684	94203	175988	137557	1595571	0	10616226	12986303	2195719	2674972	0
FFQ	115	0	0	2222	0	0	30520	0	76752	90209	336183	381257	300016	113750	87198	0	0	0	0	28206	0	0	95385	0	245023	870382	876193	96910	176732	138096	1586585	0	10607286	12951803	2190752	2679121	0
FFQ	116	0	0	2405	0	0	30825	0	77364	92144	347495	393322	302958	116005	91241	0	0	0	27847	0	0	96282	0	248366	407429	1359861	96310	179302	142235	0	1575797	0	10573874	12941247	2176332	2680439	0
FFQ	117	0	0	5487	0	0	31446	0	81027	94776	355693	401545	314234	118627	90658	0	0	0	28491	0	0	98812	0	251531	874241	895791	97907	180077	140580	1579012	0	10535993	12942403	2165321	2673948	0	0
FFQ	118	0	0	2916	0	0	31237	0	79993	94156	351314	395926	311578	116295	89283	0	0	0	28043	0	0	96950	0	249829	876512	886001	97126	177889	139163	1579772	0	10563603	12942874	2175851	2669917	0	0
FFQ	119	0	0	5806	0	0	30656	0	78353	92845	342393	387813	308357	115470	87151	0	0	0	27815	0	0	95631	0	244553	400881	1343266	97654	178907	136377	0	1581566	0	10579851	12965883	2187374	2666425	0
FFQ	120	0	0	5198	0	0	30702	0	78310	92185	341822	391204	309555	115972	86716	0	0	0	28026	0	0	96068	0	247014	399579	1347168	98428	178375	136263	0	1585564	0	10568673	12958422	2184563	2673606	0
FFQ	121	0	0	3256	0	0	30646	0	77069	91632	338910	386665	308334	114746	85682	0	0	0	0	27919	0	0	95824	0	244726	865919	875804	98366	177296	135198	1581589	0	10589447	12965281	2182433	2675466	0
FFQ	122	0	0	3060	0	0	31676	0	79747	96254	348691	396437	319904	118805	87384	0	0	0	28987	0	0	97973	0	251219	409900	1363298	101518	181989	136987	0	1578706	0	10548111	12924256	2183382	2662692	0
FFQ	123	0	0	3443	0	0	32596	0	85234	101373	377895	422089	329948	124711	95733	0	0	0	29330	0	0	103168	0	262235	888757	930355	100820	187179	147084	1564930	0	10505881	12839133	2162243	2655656	0	0
FFQ	124	0	0	4502	0	0	33956	0	89381	105360	390776	433284	338901	127469	99662	0	0	0	29927	0	0	105109	0	268144	899556	947216	102872	190118	149850	1562547	0	10466356	12801194	2153451	2648952	0	0
FFQ	125	0	0	3706	0	0	33368	0	85831	100300	379826	421587	326651	122803	97895	0	0	0	29403	0	0	102976	0	262342	893698	931856	99358	185305	149583	1571963	0	10505107	12834080	2157906	2651955	0	0
FFQ	126	0	0	3213	0	0	31444	0	79695	93943	352288	398437	314927	118118	90155	0	0	0	28392	0	0	98099	0	248901	407534	1356786	98972	181269	140171	0	1589222	0	10569401	12899138	2178825	2667531	0
FFQ	127	0	0	3333	0	0	32295	0	80451	97268	355887	401602	325488	119484	87566	0	0	0	29181	0	0	97605	0	251631	878266	891418	100738	182500	135409	1580060	0	10546088	12898920	2186160	2664173	0	0
FFQ	128	0	0	2208	0	0	32524	0	82782	101407	366188	410883	333213	123246	91439	0	0	0	29377	0	0	99807	0	256227	886056	907726	102353	184918	140915	1574991	0	10519933	12867127	2178526	2652806	0	0
FFQ	129	0	0	919	0	0	32861	0	82594	100084	363740	410198	329159	123187	91613	0	0	0	29353	0	0	100720	0	256600	884775	912943	102859	185871	141828	1579718	0	10512791	12872223	2173539	2656117	0	0
FFQ	130	0	0	3107	0	0	32501	0	83313	99281	363635	409477	331321	122332	91001	0	0	0	28881	0	0	100141	0	256063	884244	909906	101853	185084	141131	1578261	0	10507665	12882595	2175483	2655518	0	0
FFQ	131	0	0	1283	0	0	33566	0	84786	102090	370092	415653	337166	125377	92397	0	0	0	29949	0	0	102478	0	260471	889565	922761	104260	188093	142916	1578679	0	10481428	12861112	2169884	2647909	0	0
FFQ	132	0	0	5188	0	0	34270	0	87706	106776	388611	429874	346361	129714	97413	0	0	0	30292	0	0	105744	0	269738	901553	948652	105385	191785	148764	1575238	0	10449109	12786294	2161281	2641464	0	0
FFQ	133	0	0	3060	0	0	34917	0	90002	109007	399873	441191	352047	132345	100619	0	0	0	30546	0	0	106862	0	275071	907700	959698	104891	194444	152564	1559771	0	10436007	12753406	2155943	2640550	0	0
FFQ	134	0	0	1715	0	0	34676	0	89809	107323	396288	439894	347386	130497	99632	0	0	0	30281	0	0	106304	0	271733	903269	954053	104050	192412	150966	1564855	0	10464816	12759384	2151200	2639268	0	0
FFQ	135	0	0	2763	0	0	35259	0	87923	106983	386077	429112	347914	129589	96158	0	0	0	30623	0	0	104193	0	266391	902418	937815	105309	191378	144838	1570590	0	10474753	12785620	2165833	2637628	0	0
FFQ	136	0	0	2164	0	36127	0	91358	111629	401356	441365	359651	133266	99129	0	0	0	0	31343	0	0	107665	0	274031	917789	959046	107689	193691	149802	1568596	0	10425644	12743752	2157301	2626173	0	0
FFQ	137	0	0	3813	0	0	36171	0	91385	109434	400784	444700	355666	133643	102127	0	0	0	31733	0	0	107790	0	273672	918358	962031	106020	194985	151947	1563867	0	10428015	12744245	2150520	2627147	0	0
FFQ	138	0	0	2558	0	37310	0	92867	113510	414013	452599	365698	136575	102788	0	0	0	0	32581	0	0	109012	0	279309	927006	978945	108715	199044	153749	1558625	0	10406447	12701741	2143737	2620685	0	0
FFQ	139	0	0	1528	0	38196	0	95758	115443	427400	464801	365907	138271	108949	0	0	0	0	32277	0	0	111924	0	283281	935467	996611	107803	199920	160607	1553604	0	10368436	12681127	2130509	2619095	0	0
FFQ	140	0	0	1164	0	0	36121	0	90354	108385	399785	442059	354337	131814	100830	0	0	0	31503	0	0	107776	0	273088	914075	962362	105955	194549	151607	1561273	0	10414984	12772794	2150630	2630712	0	0
FFQ	141	0	0	1284	0	35816	0	90982	112151	402901	443173	366081	135491	98473	0	0	0	0	30928	0	0	106555	0	273961	906426	958447	109279	195030	147442	1560234	0	10410710	12756019	2161003	2633090	0	0
FFQ	142	0	0	1328	0	36594	0	94489	115952	419851	459980	373925	139129	102774	0	0	0	31727	0	0	110315	0	282149	459328	1438230	111113	201266	153050	0	1552106	0	10382340	12694136	2145543	2628286	0	0
FFQ	143	0	0	3087	0	36953	0	95188	116007	421309	461293	370051	139669	106121	0	0	0	0	31883	0	0	111251	0	284329	921840	989117	108565	200935	157082	1561966	0	10376353	12681168	2138816	2620054	0	0
FFQ	144	0	0	1977	0	38353	0	96538	119647	434270	471434	379779	141781	108662	0	0	0	32434	0	0	112014	0	285908	933824	1002935	110930	202630	158160	1551915	0	10351829	12645098	2139620	2612727	0	0	0
FFQ	145	0	0	3841	0	37486	0	95557	117671	424225	466474	376623	140618	106957	0	0	0	0	32860	0	0	111891	0	284380	928618	997278	111108	203173	156829	1553074	0	10358358	12673736	2138584	2612628	0	0
FFQ	146	0	0	2913	0	37715	0	96848	117772	428680	466681	381410	142059	105675	0	0	0	0	32221	0	0	112074	0	286152	933324	997315	112130	204323	156399	1552501	0	10349665	12656360	2140055	2619259	0	0
FFQ	147	0	0	8041	0	38180	0	96645	119629	433032	471039	380515	142589	107881	0	0	0	0	32813	0	0	111823	0	288302	933680	1004680	111915	203701	158386	1551459	0	10347819	12643824	2134351	2610854	0	0
FFQ	148	0	0	3745	0	38064	0	95626	118484	423166	463684	382390	138949	103437	0	0	0	0	32557	0	0	111528	0	285884	926843	993727	112307	200824	153665	1546464	0	10366443	12668573	2148457	2615947	0	0
FFQ	149	0	0	1213	0	37118	0	94795	116582	417396	459002	377644	138630	102567	0	0	0	0	32390	0	0	110778	0	281149	922009	986362	111573	200096	152295	1550941	0	10383793	12684381	2150376	2619181	0	0
FFQ	150	0	0	1439	0	38199	0	95272	117870	422957	463275	385684	141023	103243	0	0	0	0	33062	0	0	111200	0	282301	927293	993735	113852	202242	153222	1549926	0	10350549	12681494	2149169	2612744	0	0
FFQ	151	0	0	1935	0	39175	0	98633	123149	439042	475933	394342	146213	107797	0	0	0	33228	0	0	113540	0	289390	476424	1479677	114442	207242	158462	0	1547596	0	10322681	12624935	2134160	2601270	0	0
FFQ	152	0	0	1487	0	39248	0	100760	124546	447094	482819	396464	147595	109610	0	0	0	32939	0	0	115367	0	293390	479725	1479710	114514	207901	159217	0	1544497	0	10310408	12605849	2130161	2605510	0	0
FFQ	153	0	0	2577	0	40126	0	102724	127062	454818	492175	406440	150461	111089	0	0	0	34179	0	0	117386	0	299325	487637	1500669	116930	210583	162814	0	1542427	0	10284087	12562720	2130953	2591143	0	0
FFQ	154	0	0	7939	0	40981	0	103909	129050	467168	503396	406827	152859	116237	0	0	0	34581	0	0	118638	0	303655	493300	1516617	116442	212430	166894	0	1540381	0	10262598	12526703	2118051	2589026	0	0
FFQ	155	0	0	4467	0	40059	0	102671	127287	455912	490921	407428	150841	110763	0	0	0	34296	0	0	117649	0	299861	487958	1499309	117379	210553	161778	0	1546240	0	10282485	12556925	2127091	2595230	0	0
FFQ	156	0	0	440	0	41076	0	106017	132089	470583	506132	416114	154254	115723	0	0	0	34484	0	0	120972	0	306628	496762	1516793	118216	212537	165286	0	1534339	0	10250416	12507528	2128833	2591348	0	0
FFQ	157	0	0	573	0	42014	0	107903	134565	481727	516925	421001	156462	119712	0	0	0	35040	0	0	121740	0	311693	506301	1531020	118945	216162	170257	0	1531348	0	10228186	12474397	2113849	2586218	0	0
FFQ	158	0	0	1127	0	40948	0	104637	128447	463603	499014	409473	151484	113369	0	0	0	33930	0	0	118320	0	302244	489329	1505522	116021	211577	164923	0	1542318	0	10261210	12548287	2124660	2595018	0	0
FFQ	159	0	0	1523	0	40684	0	101679	126803	447360	487264	408957	148994	108279	0	0	0	34530	0	0	116505	0	295244	480478	1487795	118606	209324	157548	0	1546716	0	10291504	12586316	2134827	2593977	0	0
FFQ	160	0	0	1478	0	42379	0	104728	131936	463465	501838	419673	154424	112505	0	0	0	35701	0	0	119907	0	304172	496574	1511317	120624	214311	161759	0	1543543	0	10247044	12525186	2123027	2588825	0	0
FFQ	161	0	0	2188	0	43028	0	108947	135738	487687	520904	428681	158419	119301	0	0	0	35975	0	0	122242	0	312799	510487	1537758	122280	218044	170476	0	1528416	0	10203354	12458458	2115721	2583085	0	0
FFQ	162	0	0	5000	0	43520	0	109799	137169	486294	524212	433391	161057	118610	0	0	0	35939	0	0	123419	0	314127	510346	1539516	123098	219870	170122	0	1524364	0	10184386	12468909	2113987	2576389	0	0
FFQ	163	0	0	3530	0	41607	0	105187	129552	470260	506494	415972	152780	115899	0	0	0	34759	0	0	118545	0	302330	493425	1510295	118200	212975	165896	0	1534924	0	10244911	12534313	2121028	2590238	0	0
FFQ	164	0	0	3553	0	39931	0	99614	126167	438690	475968	411366	147559	104012	0	0	0	33942	0	0	113710	0	291100	477060	1471390	119999	209027	153202	0	1542767	0	10306004	12620592	2145064	2592019	0	0
FFQ	165	0	0	2509	0	41616	0	101751	128424	452388	489307	418652	151659	108812	0	0	0	35048	0	0	117560	0	298434	489796	1497142	122081	212731	159093	0	1542476	0	10268054	12566554	2135630	2582726	0	0
FFQ	166	0	0	4909	0	42857	0	107876	137101	479765	516038	434104	159659	116476	0	0	0	35926	0	0	121513	0	311344	508664	1534120	124417	219068	167535	0	1533221	0	10189220	12480229	2124225	2573935	0	0
FFQ	167	0	0	2458	0	43222	0	108126	135824	481370	516879	431490	159467	116562	0	0	0	36209	0	0	122145	0	311275	508504	1543006	122862	218978	168080	0	1528350	0	10196249	12487178	2110449	2573298	0	0
FFQ	168	0	0	5042	0	43961	0	109665	137596	487448	521997	439305	160311	117082	0	0	0	36418	0	0	122052	0	311266	511194	1538814	126122	219545	167061	0	1528845	0	10185475	12477191	2109801	2565566	0	0
FFQ	169	0	0	2951	0	45033	0	112606	140338	498214	532210	447442	161928	120443	0	0	0	36991	0	0	125863	0	317359	519396	1558189	126252	221593	170056	0	1527710	0	10157636	12429045	2101558	2568711	0	0
FFQ	170	0	0	2898	0	45919	0	113807	144438	508472	542894	453969	166988	122740	0	0	0	37416	0	0	126697	0	321590	524873	1569970	127984	225049	172973	0	1521399	0	10133394	12399836	2095752	2562263	0	0
FFQ	171	0	0	1421	0	44413	0	111953	140572	498916	533258	450001	162793	120493	0	0	0	37046	0	0	125599	0	317816	518962	1558334	125722	221894	171009	0	1521925	0	10161111	12432290	2102851	2562749	0	0
FFQ	172	0	0	285	0	45056	0	111700	142782	496721	530970	455749	164596	119678	0	0	0	37366	0	0	125723	0	316921	521377	1557783	128934	225020	170066	0	1523478	0	10136389	12438472	2113522	2558378	0	0
FFQ	173	0	0	2707	0	44540	0	112473	141390	500141	533870	449112	164809	121275	0	0	0	36817	0	0	125318	0	317582	519253	1558368	126592	224422	173379	0	1525318	0	10147495	12428658	2100380	2566935	0	0
FFQ	174	0	0	727	0	45299	0	112494	142827	501395	533731	457301	165766	120701	0	0	0	37742	0	0	125998	0	319247	524090	1560287	130049	225977	170806	0	1523841	0	10140057	12420518	2104815	2557006	0	0
FFQ	175	0	0	3157	0	45773	0	114220	144507	510988	543536	458223	166680	123921	0	0	37050	0	0	126598	0	320375	526652	1106571	588301	223474	174697	0	0	1520635	0	10136142	12391859	2101702	2555484	0	0
FFQ	176	0	0	960	0	45143	0	111966	144836	496140	530800	463152	166054	117399	0	0	0	37248	0	0	125589	0	318914	523408	1553096	131894	223798	169005	0	1525439	0	10139620	12425418	2122335	2548222	0	0
FFQ	177	0	0	2204	0	46280	0	118944	149990	527773	559239	474046	173665	126777	0	0	0	38252	0	0	131158	0	330954	539023	1589128	132276	230780	176771	0	1514754	0	10077082	12344610	2099447	2537192	0	0
FFQ	178	0	0	1152	0	49038	0	123940	158532	551751	584372	493135	180962	132499	0	0	40132	0	0	133889	0	340146	556308	1163413	592974	235925	183723	0	0	1504843	0	10016951	12264670	2082168	2529740	0	0
FFQ	179	0	0	1763	0	49260	0	123912	156813	556663	585593	489943	180678	134454	0	0	39994	0	0	134918	0	341043	554660	1166535	594291	236019	184732	0	0	1505070	0	10014900	12264663	2077178	2527120	0	0
FFQ	180	0	0	1282	0	48842	0	121318	156006	544368	573248	489048	177805	129924	0	0	39756	0	0	133016	0	336954	550984	1152667	593470	233891	180354	0	0	1510791	0	10033237	12292204	2086876	2534094	0	0
FFQ	181	0	0	1007	0	48424	0	121851	155154	541793	571923	490682	177364	128455	0	0	39665	0	0	132608	0	334115	545791	1147549	591353	233419	177632	0	0	1512192	0	10036609	12306839	2087919	2537725	0	0
FFQ	182	0	0	1166	0	48741	0	122405	155886	544581	573775	494602	177644	127190	0	0	39994	0	0	132612	0	334159	547086	1148875	597614	235112	177952	0	0	1515826	0	10021822	12295981	2093635	2533360	0	0
FFQ	183	0	0	3409	0	48007	0	119118	148920	521872	551662	476970	171502	123820	0	0	0	39187	0	0	130764	0	327015	536205	1591592	132956	229320	173552	0	1518148	0	10073514	12355793	2096110	2550557	0	0
FFQ	184	0	0	1271	0	47749	0	117798	150778	522213	554441	485041	173092	122547	0	0	0	39226	0	0	130327	0	328218	539217	1588925	135811	232281	173464	0	1512951	0	10072702	12345400	2103753	2542753	0	0
FFQ	185	0	0	2758	0	50920	0	126762	165000	564635	596178	516131	185867	132574	0	0	42140	0	0	137310	0	348254	567745	1184991	601915	241572	184517	0	0	1503647	0	9953340	12217506	2080937	2515214	0	0
FFQ	186	0	0	1969	0	53659	0	135596	172016	602541	631256	529684	195548	144384	0	0	43477	0	0	143927	0	362140	588494	1229210	603972	248674	195111	0	0	1486700	0	9887794	12107196	2055826	2500702	0	0
FFQ	187	0	0	5269	0	52187	0	131001	166651	589011	616605	515876	189953	142258	0	0	42324	0	0	140669	0	353649	575304	1211873	603369	243729	193251	0	0	1493349	0	9946349	12139823	2059302	2508047	0	0
FFQ	188	0	0	996	0	51298	0	128523	165091	574597	600907	516445	185123	134969	0	0	41584	0	0	138991	0	348479	572011	1191113	597744	240348	186505	0	0	1500755	0	9958075	12203767	2074629	2507859	0	0
FFQ	189	0	0	1215	0	55106	0	140586	178406	625834	650713	545665	200091	149546	0	0	43818	0	0	149191	0	370483	602884	1252667	601798	250063	199443	0	0	1485574	0	9818595	12064992	2045975	2487136	0	0
FFQ	190	0	0	2504	0	54918	0	137459	173491	616182	642214	538082	197660	148311	0	0	43638	0	0	145252	0	365410	591742	1241854	604661	249111	198958	0	0	1490186	0	9865401	12079373	2042499	2490821	0	0
FFQ	191	0	0	2321	0	54120	0	137018	175436	607811	634206	540703	196078	143882	0	0	43387	0	0	145685	0	364207	592088	1235023	602727	248927	195082	0	0	1490542	0	9867622	12100363	2052280	2490197	0	0
FFQ	192	0	0	1482	0	54278	0	138380	174631	612172	638116	539465	196297	144042	0	0	43034	0	0	144936	0	364302	593306	1235775	600576	248617	194814	0	0	1487417	0	9868959	12092373	2051679	2495046	0	0
FFQ	193	0	0	1532	0	56336	0	139627	180106	621565	647385	554664	200923	147276	0	0	44451	0	0	146207	0	368552	603628	1253086	604087	251992	197001	0	0	1482264	0	9839775	12052370	2047354	2479508	0	0
FFQ	194	0	0	2189	0	54344	0	137536	173831	612102	638449	542187	196999	144960	0	0	43080	0	0	145332	0	362928	590267	1234906	603568	249189	195254	0	0	1487463	0	9864401	12096515	2055580	2488600	0	0
FFQ	195	0	0	44935	0	54738	0	136893	176070	606566	634242	547338	198565	141930	0	0	43858	0	0	143526	0	360649	589687	1681386	150567	250953	192072	0	1485485	0	9861392	12085945	2055553	2477319	0	0	0
FFQ	196	0	0	0	0	52974	0	132865	169924	590539	625299	531965	189485	138814	0	0	41791	0	0	141594	0	354315	588557	1207265	606129	245285	190293	0	0	1490212	0	9926702	12142719	2064149	2488781	0	0
FFQ	197	0	0	684	0	53412	0	132561	171315	584262	610552	543656	192177	134835	0	0	42684	0	0	141517	0	353157	584482	1206725	607308	247635	185052	0	0	1496330	0	9886680	12178305	2073543	2492776	0	0
FFQ	198	0	0	486	0	57946	0	146767	187606	648479	670528	578773	208249	150858	0	0	45614	0	0	153161	0	380480	623163	1735319	157088	259091	201345	0	1471663	0	9739549	11993808	2035857	2473809	0	0	0
FFQ	199	0	0	992	0	57324	0	148761	187866	657714	679644	576358	210486	155651	0	45207	0	0	152619	0	382046	617867	1283745	603973	258605	205102	0	0	1472526	0	9751318	11980640	2027443	2463745	0	0	0
FFQ	200	0	0	470	0	57160	0	145873	186227	645958	667370	577360	208406	150293	0	0	45601	0	0	150119	0	376611	615846	1725355	155060	258079	200061	0	1474865	0	9762176	12017712	2037073	2461952	0	0	0
FFQ	201	0	0	878	0	56128	0	143485	182039	632860	657700	567792	206177	148439	0	0	45075	0	0	149032	0	370483	605104	1715186	152412	256929	198718	0	1476361	0	9793142	12051069	2042466	2468148	0	0	0
FFQ	202	0	0	459	0	57595	0	144410	185883	638303	659020	576642	207345	147584	0	0	45330	0	0	149509	0	375798	615647	1716252	156067	257170	197497	0	1479828	0	9775179	12025191	2044336	2464575	0	0	0
FFQ	203	0	0	637	0	58197	0	146649	186693	646304	670268	577333	207801	151314	0	0	45863	0	0	151688	0	379419	618327	1733051	155327	258987	201945	0	1477101	0	9771425	11987361	2030154	2463773	0	0	0
FFQ	204	0	0	26	0	59871	0	149497	192770	658376	682392	597519	213895	152632	0	48027	0	0	154367	0	384492	630222	1301459	617466	263138	202782	0	0	1472562	0	9713994	11940282	2035275	2448571	0	0	0
FFQ	205	0	0	3	0	61856	0	157310	197819	694666	714103	604480	220723	163751	0	48571	0	0	159792	0	395304	642793	1330548	613073	267796	213197	0	0	1459080	0	9680236	11843573	2009605	2441333	0	0	0
FFQ	206	0	0	0	0	61799	0	153885	197438	683533	702650	606321	219383	159238	0	48764	0	0	156808	0	393822	642498	1319156	616919	265752	209283	0	0	1458549	0	9681622	11877975	2023850	2440365	0	0	0
FFQ	207	0	0	759	0	58886	0	150557	190911	664035	687256	589385	212923	156086	0	0	47129	0	0	155710	0	386288	625460	1755633	159722	262348	205838	0	1466504	0	9736147	11926841	2030024	2451164	0	0	0
FFQ	208	0	0	449	0	57551	0	140384	183346	623583	644917	574280	202880	142813	0	0	45901	0	0	147384	0	369793	609279	1256984	612097	257485	195085	0	0	1482321	0	9802741	12045894	2060607	2463831	0	0
FFQ	209	0	0	385	0	56750	0	142402	185491	631412	652715	585437	205642	145166	0	0	46036	0	0	149060	0	374431	615939	1262381	618667	259123	195448	0	0	1472137	0	9767771	12035324	2054732	2463156	0	0
FFQ	210	0	0	437	0	57348	0	145015	188034	642123	663989	590662	210530	148221	0	0	45287	0	0	150882	0	376744	621323	1279823	609463	262915	197850	0	0	1473911	0	9757491	11996717	2047009	2453830	0	0
FFQ	211	0	0	381	0	59583	0	148078	194590	655366	674066	601159	213671	150283	0	0	47518	0	0	153021	0	382316	632866	1742851	162934	263758	201069	0	1469262	0	9717827	11959443	2041865	2447697	0	0	0
FFQ	212	0	0	163	0	63449	0	158597	206743	704536	721206	631096	227620	161755	0	50616	0	0	161224	0	402211	659772	1349996	620851	272493	211099	0	0	1450120	0	9603224	11820313	2016997	2425523	0	0	0
FFQ	213	0	0	698	0	64180	0	162976	208544	723017	741984	636667	231833	166890	0	49883	0	0	163072	0	405607	664692	1367540	616263	275401	216816	0	0	1449101	0	9592190	11760361	2000282	2421607	0	0	0
FFQ	214	0	0	340	0	63209	0	160174	206140	711183	725641	635197	228053	163046	0	49943	0	0	161292	0	401599	659595	1348744	618789	272914	212829	0	0	1451741	0	9612845	11803682	2011681	2420966	0	0	0
FFQ	215	0	0	40	0	61846	0	159355	205146	700450	718930	633036	226177	159563	0	48598	0	0	160180	0	397876	653120	1337990	617118	271116	210168	0	0	1452888	0	9639575	11824335	2017033	2425063	0	0	0
FFQ	216	0	0	2	0	61569	0	154655	204742	682276	700344	629456	222357	154323	0	49051	0	0	156615	0	392222	643771	1317300	617500	269067	204901	0	0	1457780	0	9653824	11881765	2034010	2432073	0	0	0
FFQ	217	0	0	262	0	62490	0	160240	205436	701022	722477	637347	228432	160301	0	49502	0	0	161903	0	400739	653052	1345702	618281	275532	211401	0	0	1450916	0	9601033	11829797	2022534	2421204	0	0	0
FFQ	218	0	0	0	0	66134	0	166795	216971	737553	754956	657803	237581	169028	0	51437	0	0	165859	0	414153	674928	1381758	622275	279549	219895	0	0	1436409	0	9528945	11723338	2005026	2409210	0	0	0
FFQ	219	0	0	0	0	63552	0	161462	209973	718140	733904	642731	230553	165011	0	49717	0	0	162054	0	405063	660755	1355793	619467	276217	214203	0	0	1447809	0	9603290	11778581	2006074	2415254	0	0	0
FFQ	220	0	0	4	0	63378	0	157907	206984	693684	709222	641924	224547	156253	0	50586	0	0	158712	0	395924	655298	1335043	624456	271345	206553	0	0	1454668	0	9607856	11849444	2033096	2422719	0	0	0
FFQ	221	0	0	0	0	65383	0	164456	214891	727188	743049	658607	234204	165167	0	51694	0	0	164659	0	409795	672734	1376137	622285	278449	215369	0	0	1442328	0	9537839	11758069	2008541	2408759	0	0	0
FFQ	222	0	0	6	0	64872	0	166109	217256	730052	745096	664976	235054	164205	0	51133	0	0	164827	0	411992	675655	1378145	618571	278722	214296	0	0	1438010	0	9537222	11751683	2004549	2407172	0	0	0
FFQ	223	0	0	0	0	65241	0	165446	213628	725290	742064	660370	235335	165511	0	51031	0	0	164706	0	410613	670473	1374258	621764	279320	215895	0	0	1443175	0	9543055	11766269	2004070	2402089	0	0	0
FFQ	224	0	0	5	0	67143	0	169319	221849	746438	755256	679687	239776	167245	0	52420	0	0	167205	0	416848	684081	1395139	622564	282476	218642	0	0	1435244	0	9502682	11701596	2003314	2390674	0	0	0
FFQ	225	0	0	22	0	68450	0	174454	225223	769309	781024	686905	246737	174926	0	53203	0	0	171672	0	425689	695450	1416655	624780	287920	223629	0	0	1429588	0	9458079	11637357	1989085	2379446	0	0	0
FFQ	226	0	0	4	0	68073	0	170629	222238	756171	766488	680423	240638	169462	0	53314	0	0	168106	0	420561	687735	1401671	627339	282706	218901	0	0	1432850	0	9490902	11677453	1997146	2386793	0	0	0
FFQ	227	0	0	0	0	68422	0	172033	221691	749044	765759	686083	241111	168218	0	53853	0	0	169584	0	419606	687725	1403936	631630	283390	219226	0	0	1435848	0	9471332	11690006	1993692	2387413	0	0	0
FFQ	228	0	0	6	71324	0	182502	233824	797417	805500	711871	253280	179402	0	0	56557	0	0	176627	0	437514	711795	1446333	634269	290983	227946	0	0	1424034	0	9374580	11560984	1975254	2367600	0	0	0
FFQ	229	0	0	0	73472	0	187274	239476	819812	831221	724748	259842	187229	0	0	57100	0	0	180126	0	445281	721506	1472659	635731	295598	236051	0	0	1412917	0	9327882	11491374	1964725	2355578	0	0	0
FFQ	230	0	0	0	73034	0	183203	236166	804203	816159	717251	258373	183213	0	0	56865	0	0	177549	0	437350	712868	1458387	634554	293436	230522	0	0	1416460	0	9379918	11529845	1963233	2357013	0	0	0
FFQ	231	0	0	0	0	73260	0	180299	233809	791152	807109	711378	253731	178101	0	57262	0	0	176050	0	433088	710565	1450508	641759	292199	229351	0	0	1418147	0	9385866	11563956	1976677	2355335	0	0	0
FFQ	232	0	0	0	76509	0	189250	243685	829363	845673	742127	263635	186009	0	0	59052	0	0	181267	0	449357	735059	1942523	197984	299255	235736	0	1403428	0	9281402	11465687	1951912	2340689	0	0	0	0
FFQ	233	0	0	0	78271	0	199026	251711	869352	882551	762824	273956	196945	0	60427	0	0	188768	0	462562	750286	1532292	640850	303657	242996	0	0	1391323	0	9223602	11348647	1930987	2328569	0	0	0	0
FFQ	234	0	0	2	79793	0	202369	256756	891382	892998	772057	275870	200441	0	61541	0	0	190922	0	469515	756281	1540853	643469	304745	246867	0	0	1388028	0	9186649	11310982	1925789	2322293	0	0	0	0
FFQ	235	0	0	0	81026	0	203525	257270	892932	905301	775187	279696	202379	0	62122	0	0	191519	0	471881	758167	1550275	644468	307700	246686	0	0	1384187	0	9173532	11293977	1923529	2314243	0	0	0	0
FFQ	236	0	0	0	80587	0	203988	259106	891052	900694	777355	279168	201262	0	62361	0	0	192511	0	471058	759704	1551635	644795	308079	247172	0	0	1383190	0	9181053	11285027	1929546	2310259	0	0	0	0
FFQ	237	0	0	0	81771	0	202395	257603	884190	897621	777115	277646	198561	0	62872	0	0	190363	0	466573	760385	1546729	648478	306280	245479	0	0	1387054	0	9194969	11292337	1924757	2316424	0	0	0	0
FFQ	238	0	0	0	0	70964	0	179651	231330	793375	800185	717054	249213	175658	0	55579	0	0	174193	0	432179	710299	1449732	638601	291912	228235	0	0	1415532	0	9413242	11564845	1968947	2358876	0	0	0
FFQ	239	0	0	0	0	68407	0	168015	225112	747111	749041	706905	240543	162959	0	0	55033	0	0	168981	0	416174	693999	1401452	639358	288216	216185	0	0	1434008	0	9440038	11715368	2010321	2372376	0	0
FFQ	240	0	0	0	77559	0	196140	254268	858058	868818	775425	275101	192192	0	0	59630	0	0	186723	0	461252	753306	1520770	640805	307340	242201	0	0	1392174	0	9189838	11395218	1946773	2326011	0	0	0
FFQ	241	0	0	0	0	82559	0	208426	265806	908719	919688	799019	287989	204964	62650	0	0	194847	0	477429	773169	1573746	211221	749067	251409	0	0	0	1378370	0	9112843	11231985	1925997	2299699	0	0	0
FFQ	242	0	0	0	0	74522	0	189982	245133	833913	838727	748418	265755	186661	0	57885	0	0	181697	0	450481	731324	1491952	641258	300243	236623	0	0	1403481	0	9308386	11437792	1957024	2338345	0	0	0
FFQ	243	0	0	0	0	74736	0	181695	243345	803310	802643	748107	258132	175376	0	59131	0	0	178444	0	440039	729532	1467666	647055	298026	229295	0	0	1413309	0	9301188	11539387	1985754	2343432	0	0	0
FFQ	244	0	0	2	0	78911	0	201163	258924	878562	885556	785314	278429	195949	0	60821	0	0	189637	0	466946	759956	1542899	648695	310196	246081	0	0	1389302	0	9164428	11330821	1929439	2317571	0	0	0
FFQ	245	0	0	0	0	79710	0	204769	262821	891124	891525	801268	282162	196120	0	62977	0	0	191987	0	470843	763909	1547273	653316	312052	245642	0	0	1379442	0	9135080	11305936	1938059	2303587	0	0	0
FFQ	246	0	0	0	0	85702	0	213503	275804	936696	936124	822827	294339	207269	0	64740	0	0	197786	0	486047	788076	1591544	654927	316711	253343	0	0	1377185	0	9035849	11185691	1909910	2285529	0	0	0
FFQ	247	0	0	0	0	90899	0	224255	286107	979819	984355	854583	306810	218025	0	68935	0	0	206660	0	503722	810036	1644352	662620	325092	261003	0	0	1358087	0	8943717	11038712	1893387	2258426	0	0	0
FFQ	248	0	0	0	0	88666	0	219898	277452	964477	964256	834812	299470	216939	0	67356	0	0	201536	0	493623	795987	1623839	662246	321198	261572	0	0	1366782	0	9024678	11077307	1888411	2269097	0	0	0
FFQ	249	0	0	0	0	81424	0	199874	259565	874674	881184	796358	279029	192993	0	63594	0	0	190386	0	465764	759078	1542989	660022	310600	243007	0	0	1390442	0	9173722	11312018	1945219	2297660	0	0	0
FFQ	250	0	0	0	0	85749	0	209504	272369	916931	915242	824993	288800	201687	0	65467	0	0	195844	0	479666	784393	2022455	218418	316338	251662	0	1376833	0	9049508	11227931	1926034	2289778	0	0	0	0
# Last Fragment Qualities. Use `grep ^LFQ | cut -f 2-` to extract this part.
# Columns correspond to qualities and rows to cycles. First column is the cycle number.
LFQ	1	0	0	0	0	0	0	0	0	0	0	1532163	0	0	0	0	0	0	0	0	0	0	0	2114386	0	0	0	0	0	0	30650947	0	0	0	0	0	0
LFQ	2	0	0	0	0	0	0	0	26216	0	79676	81954	304190	350623	293335	87459	66348	0	0	0	20889	0	0	85240	473549	215730	373002	825296	83635	1722107	97000	10144664	13936485	2199486	2830612	0	0
LFQ	3	0	0	0	0	0	0	0	18913	0	66352	79787	316601	324595	274537	102691	65567	0	0	0	17286	0	0	79251	0	605713	333487	775657	88069	152344	1795614	0	10178860	13962280	2113778	2946114	0
LFQ	4	0	0	0	0	0	0	0	19539	0	57937	74341	289773	304960	282711	101236	68476	0	0	0	17026	0	0	69633	0	631131	319377	736919	98239	152959	1697784	0	10456132	13684606	2164503	3070214	0
LFQ	5	0	0	1	0	0	0	0	18576	0	57350	77984	280779	304936	266737	98782	69377	0	0	0	17337	0	0	69096	0	631755	324178	729151	92834	152109	1640839	0	10655360	13617796	2209886	2982633	0
LFQ	6	0	0	48	0	0	17955	0	58922	74852	278510	294560	277020	92514	64448	0	0	0	17410	0	0	70986	0	201601	758584	731830	91476	143867	106941	1620458	0	10741166	13637508	2090664	2926176	0	0
LFQ	7	0	0	314	0	0	19455	0	58488	73152	287604	305062	280446	92279	68728	0	0	0	18389	0	0	69611	0	191023	789132	727033	93942	142667	111940	1607405	0	10590440	13738927	2166783	2864676	0	0
LFQ	8	0	0	0	0	0	19070	0	62623	81204	287499	306154	276629	94885	69081	0	0	0	17437	0	0	72831	0	199360	745062	726903	91167	146300	111461	1605601	0	10694593	13617009	2150066	2922561	0	0
LFQ	9	0	0	0	0	0	22391	0	60283	71818	273924	302854	266805	95554	73602	0	0	0	17498	0	0	71784	0	192565	758680	726434	88198	150786	116433	1609074	0	10743345	13506764	2190615	2958089	0	0
LFQ	10	0	0	0	0	0	20841	0	61084	76284	285049	307732	277157	97813	71260	0	0	0	18889	0	0	71138	0	195081	763294	717668	88323	148799	113956	1598144	0	10793854	13464102	2172136	2954892	0	0
LFQ	11	0	0	0	0	0	22046	0	66778	73035	285610	316984	280263	98113	74648	0	0	18341	0	0	75127	0	189767	325774	1172418	87840	149726	115235	0	1615890	0	10792834	13457970	2169661	2909436	0	0
LFQ	12	0	0	0	0	0	23182	0	63670	76167	286246	315249	278566	98948	74581	0	0	18398	0	0	74304	0	196490	326893	1191047	86504	149906	117313	0	1619606	0	10760326	13459710	2165692	2914698	0	0
LFQ	13	0	0	0	0	0	21716	0	63469	78071	294219	321108	287391	101068	72261	0	0	19257	0	0	72576	0	195111	325768	1191468	86532	150969	115745	0	1614812	0	10715344	13483731	2172441	2914439	0	0
LFQ	14	0	0	0	0	0	23158	0	66849	90648	298197	326507	296921	102927	73812	0	0	19704	0	0	73766	0	205920	330039	1192844	87465	152744	115710	0	1608115	0	10692488	13479680	2140381	2919621	0	0
LFQ	15	0	0	0	0	0	21774	0	68281	77727	288249	332001	292315	101158	72639	0	0	19367	0	0	74812	0	197561	323958	1190215	86210	152289	115940	0	1611399	0	10691746	13506801	2150605	2922449	0	0
LFQ	16	0	0	0	0	22178	0	69263	87276	294136	327714	291808	103695	74375	0	0	0	19717	0	0	78772	0	208071	326358	1195381	87078	155626	118414	0	1623347	0	10677423	13454892	2155557	2926415	0	0
LFQ	17	0	0	0	0	23226	0	70544	79655	303185	336558	299975	104164	75572	0	0	0	19480	0	0	76396	0	200383	333016	1204256	86315	155746	116748	0	1625733	0	10693048	13427513	2142732	2923251	0	0
LFQ	18	0	0	0	0	23074	0	72702	83741	304281	351055	308174	104563	75886	0	0	0	20115	0	0	78774	0	207213	335081	1220073	87942	155350	120216	0	1614292	0	10695770	13375974	2158948	2904272	0	0
LFQ	19	0	0	1	0	23366	0	71682	90552	308160	352306	302285	113947	77382	0	0	0	20865	0	0	78815	0	210973	336619	1224321	87785	161208	122220	0	1601824	0	10694478	13359161	2161645	2897901	0	0
LFQ	20	0	0	0	0	23201	0	70436	94590	299468	339511	304830	105944	74727	0	0	0	20529	0	0	76886	0	210945	331935	1210899	88497	155124	117022	0	1602786	0	10728825	13403709	2156728	2880904	0	0
LFQ	21	0	0	4	0	24208	0	72227	84308	303113	347345	322845	106747	77818	0	0	0	20888	0	0	78418	0	206088	336169	1220615	89563	156607	119866	0	1605226	0	10703841	13397443	2159619	2864538	0	0
LFQ	22	0	0	0	0	24112	0	74664	87246	304026	350144	320283	107619	76968	0	0	0	20660	0	0	79072	0	207495	339837	1224041	89266	158929	121066	0	1616090	0	10695004	13369468	2159331	2872175	0	0
LFQ	23	0	0	0	0	24437	0	77472	85713	304498	353287	320191	108472	77813	0	0	0	21388	0	0	81118	0	209757	337694	1234183	89166	161199	122163	0	1625124	0	10711412	13319388	2165761	2867260	0	0
LFQ	24	0	0	0	0	26212	0	75464	86479	306373	353066	313925	109224	77578	0	0	0	23267	0	0	79988	0	211308	342281	1235263	89432	161311	121169	0	1599099	0	10730087	13317013	2177817	2861140	0	0
LFQ	25	0	0	7	0	24617	0	73773	86843	304813	354893	306028	109533	77334	0	0	0	22304	0	0	82748	0	213303	344996	1234736	90884	162363	121814	0	1615768	0	10674380	13381059	2169423	2845877	0	0
LFQ	26	0	0	0	0	24818	0	71826	84906	302972	344553	297672	106621	76486	0	0	0	21867	0	0	81402	0	213396	341589	1235933	90164	162518	121726	0	1605766	0	10698039	13403482	2169106	2842654	0	0
LFQ	27	0	0	0	0	25133	0	71582	85611	310879	348931	296855	108244	79048	0	0	0	21561	0	0	82610	0	212249	345481	1235235	89542	161585	125471	0	1608242	0	10722988	13358226	2168145	2839878	0	0
LFQ	28	0	0	0	0	25021	0	72121	86522	312330	352237	299841	108931	79172	0	0	0	21562	0	0	83284	0	214787	344258	1234114	90254	163294	124870	0	1609208	0	10722863	13352129	2175834	2824864	0	0
LFQ	29	0	0	0	0	25209	0	72813	88336	315349	354917	304022	109975	78996	0	0	0	21811	0	0	84076	0	215807	349017	1238230	91156	162873	124557	0	1615885	0	10720724	13334584	2174981	2814178	0	0
LFQ	30	0	0	0	0	26389	0	73743	89046	322537	363376	308006	111244	81782	0	0	0	22643	0	0	84228	0	216724	352046	1258740	91763	165642	127965	0	1610530	0	10691238	13325429	2166399	2808026	0	0
LFQ	31	0	0	0	0	26066	0	73906	89217	322080	362268	309315	111750	80100	0	0	0	22575	0	0	84066	0	218061	350604	1253535	91516	164346	125680	0	1598729	0	10707525	13323294	2173875	2795287	0	0
LFQ	32	0	0	0	0	26282	0	73765	88221	319732	357678	303802	109323	80356	0	0	0	22487	0	0	85206	0	216685	351809	1248558	91980	163660	126056	0	1607961	0	10710204	13320076	2172561	2795317	0	0
LFQ	33	0	0	0	0	26203	0	73527	88473	322496	356874	305752	111480	80631	0	0	0	22096	0	0	84248	0	216250	354182	1243920	92062	163411	126224	0	1595199	0	10686240	13341804	2176729	2794561	0	0
LFQ	34	0	0	0	0	26215	0	74984	88335	328706	364656	309091	111422	82677	0	0	0	22291	0	0	84796	0	219702	356244	1255576	92164	163960	128605	0	1596037	0	10673367	13319958	2167796	2786612	0	0
LFQ	35	0	0	2	0	26582	0	73801	89519	327187	362142	308609	112097	80555	0	0	0	22600	0	0	84306	0	219093	356730	1248319	93525	165203	126467	0	1600077	0	10703224	13301217	2167130	2777867	0	0
LFQ	36	0	0	0	0	27270	0	73930	88626	323919	364629	311739	112040	80860	0	0	0	22863	0	0	85076	0	217946	354115	1258380	93992	165809	126373	0	1597512	0	10676629	13316432	2176419	2761676	0	0
LFQ	37	0	0	1	0	27172	0	75700	90854	332697	366116	313582	112399	81211	0	0	0	23132	0	0	87126	0	221712	361280	1267928	94134	165625	126817	0	1604806	0	10653980	13291905	2167246	2762105	0	0
LFQ	38	0	0	0	0	28300	0	77914	91704	341735	375897	314780	114080	85353	0	0	0	23332	0	0	87528	0	222062	366781	1267087	93941	166362	130232	0	1601027	0	10653405	13255424	2167664	2754659	0	0
LFQ	39	0	0	0	0	28468	0	78936	93741	341633	379261	317682	115421	84903	0	0	0	23805	0	0	88410	0	224486	367581	1270179	94564	167200	129999	0	1604586	0	10626260	13263715	2165518	2745855	0	0
LFQ	40	0	0	0	0	29075	0	77823	92788	345915	380275	317604	114425	85887	0	0	0	23717	0	0	87757	0	224364	368310	1278397	94251	167184	130801	0	1598221	0	10652755	13239679	2155738	2740071	0	0
LFQ	41	0	0	0	0	29597	0	78567	93213	346092	379934	321706	114892	84498	0	0	0	24100	0	0	88254	0	223416	368664	1279267	95958	166829	128896	0	1603585	0	10655954	13222778	2154129	2736464	0	0
LFQ	42	0	0	0	0	29283	0	78947	94660	353567	384376	323418	116868	87691	0	0	0	24305	0	0	88715	0	227509	372451	1283607	94989	168596	133465	0	1595944	0	10643584	13176589	2172334	2737910	0	0
LFQ	43	0	0	788	0	29611	0	79810	94146	349930	384541	323314	117853	85168	0	0	23908	0	0	89438	0	225064	369344	820400	551298	168432	130425	0	0	1595051	0	10661238	13169882	2173059	2739042	0	0
LFQ	44	0	0	0	0	29728	0	80287	94244	352728	384526	325714	116739	87041	0	0	0	24115	0	0	89561	0	227076	374821	1281185	96303	168965	131857	0	1599381	0	10646614	13173216	2158977	2731488	0	0
LFQ	45	0	0	11	0	30065	0	80724	96303	355447	387591	327897	118744	87738	0	0	0	24534	0	0	90927	0	227731	376371	1287239	97121	170395	131924	0	1608297	0	10607076	13173095	2162989	2725956	0	0
LFQ	46	0	0	0	0	30895	0	81959	98638	365257	397786	333808	120751	89024	0	0	24842	0	0	92202	0	231452	380726	842057	557665	171574	134061	0	0	1602451	0	10611417	13119477	2156387	2718034	0	0
LFQ	47	0	0	21	0	31940	0	82800	99715	366113	398146	335613	121214	89089	0	0	26051	0	0	91756	0	233148	383079	841198	560647	172448	133440	0	0	1595825	0	10604913	13113414	2153659	2719203	0	0
LFQ	48	0	0	0	0	30312	0	82278	97150	361510	398465	333751	119564	88735	0	0	0	24995	0	0	91461	0	231854	382408	1296943	98256	171505	132763	0	1586674	0	10581548	13163897	2163684	2708443	0	0
LFQ	49	0	0	204	0	31141	0	81334	100286	363093	398789	338004	122466	87325	0	0	0	25629	0	0	90810	0	233035	381879	1304079	100159	172443	131278	0	1584999	0	10563791	13169766	2156035	2703142	0	0
LFQ	50	0	0	141	0	31489	0	83499	100550	369693	403385	339885	121265	88857	0	0	25633	0	0	92058	0	234577	385526	851256	554534	172594	132402	0	0	1575948	0	10574007	13148505	2148953	2698511	0	0
LFQ	51	0	0	181	0	31367	0	84411	100497	370004	408446	344871	122284	88909	0	0	24931	0	0	92884	0	235625	385904	856898	546081	173474	131957	0	0	1585062	0	10566759	13140849	2140220	2694873	0	0
LFQ	52	0	0	0	0	31592	0	85120	101329	375215	408319	346374	123957	89750	0	0	25013	0	0	94164	0	236278	391562	858440	545120	174164	133470	0	0	1586623	0	10573573	13100374	2153841	2685528	0	0
LFQ	53	0	0	0	0	32819	0	85738	100954	378572	410974	344527	123131	91754	0	0	25951	0	0	94459	0	235499	393902	860219	559942	174563	135043	0	0	1585520	0	10540513	13098746	2151932	2689130	0	0
LFQ	54	0	0	0	0	32062	0	84935	100104	379192	409768	343472	123531	93082	0	0	25224	0	0	93492	0	236510	391512	861822	550530	174440	136934	0	0	1577385	0	10550774	13085710	2155762	2701218	0	0
LFQ	55	0	0	1	0	32270	0	85329	104363	380181	410639	352283	126100	90368	0	0	26025	0	0	94740	0	240198	395256	867383	550062	176235	134132	0	0	1580409	0	10545288	13064012	2152671	2693432	0	0
LFQ	56	0	0	0	0	33237	0	86728	103116	390205	418750	351548	126453	95178	0	0	26064	0	0	94934	0	239640	399000	868219	552621	177301	138655	0	0	1575894	0	10524480	13065078	2142719	2685224	0	0
LFQ	57	0	0	0	0	33697	0	86212	104641	385395	416665	356370	125717	91561	0	0	26607	0	0	94147	0	239871	395641	869540	556649	176210	133630	0	0	1576678	0	10532930	13065446	2151018	2670174	0	0
LFQ	58	0	0	0	0	34064	0	88808	107572	397928	429258	360890	128274	94461	0	0	26599	0	0	96303	0	243531	403907	879422	556682	178672	136998	0	0	1576942	0	10515292	13026230	2137126	2663983	0	0
LFQ	59	0	0	0	0	34626	0	89668	107585	398921	427586	360903	128305	95211	0	0	26938	0	0	97195	0	242424	403178	877928	555724	177388	137069	0	0	1577471	0	10500723	13024440	2141564	2667041	0	0
LFQ	60	0	0	0	0	34878	0	89460	108243	398167	431055	362805	130860	94899	0	0	27111	0	0	96435	0	243839	402766	880103	557184	180197	136475	0	0	1580399	0	10487995	13013976	2133474	2674142	0	0
LFQ	61	0	0	0	0	35286	0	91692	110940	407571	435475	368924	131438	96874	0	0	27054	0	0	98668	0	247104	409046	886829	555036	180251	138740	0	0	1578273	0	10469493	12993415	2137372	2658798	0	0
LFQ	62	0	0	0	0	36112	0	90711	108004	402134	434505	363203	129398	97310	0	0	27595	0	0	98517	0	247531	407535	890973	555707	179849	139788	0	0	1574470	0	10481548	12978491	2146737	2661706	0	0
LFQ	63	0	0	0	0	36169	0	91075	109683	409468	435319	366661	131932	97079	0	0	27296	0	0	98074	0	248996	408910	890688	555931	180711	139856	0	0	1575041	0	10460181	12982521	2134739	2666150	0	0
LFQ	64	0	0	0	0	36374	0	91221	108838	409060	438112	369679	131953	97637	0	0	27616	0	0	98495	0	247956	411323	895071	559789	181539	140562	0	0	1572000	0	10454640	12983750	2127141	2657544	0	0
LFQ	65	0	0	0	0	36480	0	91242	110928	409118	439048	370434	132109	97318	0	0	27716	0	0	97475	0	248732	410727	894299	557733	182033	139773	0	0	1559586	0	10459430	12979140	2132073	2659235	0	0
LFQ	66	0	0	0	0	36556	0	91323	111698	410066	438746	371141	133557	96116	0	0	27807	0	0	98026	0	247557	409897	892174	553967	182039	138069	0	0	1569792	0	10459154	12968691	2134312	2658534	0	0
LFQ	67	0	0	0	0	37619	0	94899	114965	420224	447656	381556	134766	99034	0	0	28833	0	0	100936	0	254166	418524	906335	558282	183856	141143	0	0	1572110	0	10416148	12935374	2128344	2649349	0	0
LFQ	68	0	0	0	0	37541	0	95624	112142	423471	450191	374500	132978	101133	0	0	28250	0	0	102266	0	253046	421017	910359	560766	182120	144474	0	0	1571485	0	10414727	12942141	2115604	2645421	0	0
LFQ	69	0	0	0	0	37087	0	92454	110875	410748	440482	373782	132591	97380	0	0	28412	0	0	99414	0	249614	412875	896615	560729	182388	138769	0	0	1571912	0	10459012	12948136	2122624	2648475	0	0
LFQ	70	0	0	0	0	38121	0	92202	111499	412815	442689	375657	133585	97396	0	0	29256	0	0	99724	0	248876	414131	898765	556090	183696	138760	0	0	1571783	0	10437738	12943939	2136093	2646864	0	0
LFQ	71	0	0	0	0	37433	0	93447	113689	417026	448235	379755	135191	98076	0	0	28150	0	0	100356	0	251448	415282	904408	553953	184421	140147	0	0	1570206	0	10409976	12946390	2132553	2644824	0	0
LFQ	72	0	0	0	0	38649	0	96056	114930	428408	456924	385359	137513	100028	0	0	28800	0	0	101275	0	255582	421366	915513	551244	185276	141559	0	0	1557702	0	10404060	12915889	2123217	2641224	0	0
LFQ	73	0	0	0	0	38652	0	96386	116942	430016	457559	387384	138193	101316	0	0	28738	0	0	102023	0	255541	424643	914616	554473	186337	142208	0	0	1559213	0	10402912	12897476	2125096	2636810	0	0
LFQ	74	0	0	0	0	39684	0	97518	120323	438486	469611	392808	140922	103369	0	0	28956	0	0	102907	0	258740	427801	925994	551045	187883	144529	0	0	1562727	0	10381647	12867804	2116106	2633151	0	0
LFQ	75	0	0	1	0	39562	0	99269	119758	441669	468263	397228	140278	103534	0	0	29321	0	0	103885	0	258694	429965	928195	553980	187654	143808	0	0	1563234	0	10369801	12855656	2117128	2636930	0	0
LFQ	76	0	0	0	0	40054	0	98114	120528	438735	469034	398153	141105	103524	0	0	29444	0	0	103258	0	261785	431918	935438	556781	188811	144262	0	0	1554760	0	10349537	12863223	2125508	2629260	0	0
LFQ	77	0	0	0	0	39648	0	97806	119130	441511	471424	394407	140468	104957	0	0	29319	0	0	102459	0	259217	429203	933698	557171	188259	145946	0	0	1554145	0	10357757	12867441	2111802	2633287	0	0
LFQ	78	0	0	0	0	39800	0	96833	119696	435610	463793	400232	141562	100659	0	0	29664	0	0	102232	0	258740	427924	927478	555553	189175	140781	0	0	1559733	0	10366543	12862992	2120199	2635550	0	0
LFQ	79	0	0	1	0	40276	0	99024	120781	446715	475313	402125	143518	104865	0	0	29719	0	0	103954	0	261223	433039	938198	559007	190492	145558	0	0	1552591	0	10338119	12845767	2115683	2624715	0	0
LFQ	80	0	0	0	0	41504	0	100426	123152	453111	482285	408331	144233	105216	0	0	30708	0	0	105795	0	266416	439843	950884	559248	191478	145925	0	0	1550945	0	10311268	12830731	2107663	2617434	0	0
LFQ	81	0	0	0	0	41006	0	100603	122096	455642	482509	407028	143688	106661	0	0	30081	0	0	105696	0	265252	437605	945536	558694	190008	147218	0	0	1553397	0	10326139	12823005	2104735	2614277	0	0
LFQ	82	0	0	0	0	42084	0	100731	122918	452486	481343	410869	144277	105229	0	0	30902	0	0	105745	0	264678	440437	948227	559907	191884	145876	0	0	1555140	0	10311568	12825536	2111388	2605394	0	0
LFQ	83	0	0	0	0	42362	0	102841	125829	462558	486701	413505	145736	107558	0	0	30910	0	0	108000	0	269063	445597	955959	559893	192424	148510	0	0	1556426	0	10298497	12790725	2105428	2604371	0	0
LFQ	84	0	0	0	0	41944	0	102998	124564	463349	487240	411389	145658	107891	0	0	30335	0	0	107395	0	267988	444643	954218	558151	192771	149224	0	0	1555982	0	10293817	12785706	2115241	2608597	0	0
LFQ	85	0	0	0	0	42920	0	103053	127219	462300	489467	417932	147309	107611	0	0	31446	0	0	106919	0	269722	446681	961202	561127	194676	148277	0	0	1549152	0	10274902	12782507	2116461	2604323	0	0
LFQ	86	0	0	0	0	43792	0	106551	130990	481816	503150	425942	150873	111322	0	0	31274	0	0	111068	0	276956	457344	976925	555825	197015	150657	0	0	1545918	0	10255352	12726524	2097673	2603076	0	0
LFQ	87	0	0	0	0	44464	0	108435	131630	489836	511355	429485	152918	114429	0	0	32048	0	0	111713	0	277592	461886	990005	565343	199265	154459	0	0	1538962	0	10231919	12690391	2096540	2603922	0	0
LFQ	88	0	0	0	0	44395	0	107688	132006	488523	512382	430920	152484	114128	0	0	31764	0	0	110848	0	278079	460287	988816	563340	198168	154354	0	0	1534461	0	10230992	12708225	2089600	2602091	0	0
LFQ	89	0	0	0	0	44085	0	108349	130688	486100	509022	430881	150973	113401	0	0	31412	0	0	109973	0	277164	456826	978811	558674	196780	152719	0	0	1539350	0	10244729	12729657	2083595	2597349	0	0
LFQ	90	0	0	0	0	45899	0	109713	136100	492449	514876	444177	155168	113628	0	0	32765	0	0	111594	0	281020	466179	992334	560144	199937	153083	0	0	1542132	0	10207280	12693461	2093289	2582524	0	0
LFQ	91	0	0	1	0	46452	0	113354	134872	501314	526330	439990	156313	116402	0	32737	0	0	114749	0	282253	466740	999220	115441	649501	156029	0	0	0	1538531	0	10200285	12667702	2083407	2583232	0	0
LFQ	92	0	0	0	0	46122	0	110480	135015	497291	519837	441158	154989	114312	0	0	32792	0	0	112563	0	281011	464846	991666	565851	199043	152920	0	0	1536468	0	10230279	12658180	2093581	2583658	0	0
LFQ	93	0	0	0	0	46565	0	109754	134355	491124	516065	439476	154826	113395	0	0	33158	0	0	111377	0	277552	459522	985071	568998	200156	151458	0	0	1539490	0	10220121	12681146	2099687	2585922	0	0
LFQ	94	0	0	0	0	46468	0	110658	136081	492944	522514	442408	158054	114082	0	0	32791	0	0	112668	0	280146	463989	996676	562169	202741	152038	0	0	1540035	0	10186145	12689074	2086533	2588580	0	0
LFQ	95	0	0	90	0	46854	0	111556	138227	503166	528767	449719	158664	115774	0	0	33331	0	0	113034	0	284077	468813	1007618	562620	203922	155129	0	0	1536646	0	10178339	12644245	2087136	2586396	0	0
LFQ	96	0	0	22	0	45497	0	111882	138495	502746	525164	452402	158297	115114	0	0	32552	0	0	113185	0	285145	471663	1005051	557884	203754	154715	0	0	1531408	0	10196659	12629392	2098268	2582445	0	0
LFQ	97	0	0	0	0	46697	0	114653	138903	507531	529371	451069	159024	118076	0	0	32633	0	0	115155	0	285603	472205	1007641	558177	203581	156526	0	0	1533997	0	10180906	12630403	2089655	2577740	0	0
LFQ	98	0	0	0	0	47814	0	112277	137335	505539	528642	449069	159068	117687	0	0	33167	0	0	113155	0	283507	471294	1004437	563039	203268	156110	0	0	1528254	0	10175664	12649209	2091709	2576789	0	0
LFQ	99	0	0	0	0	46957	0	111817	137612	502417	530977	452642	159938	116761	0	0	32907	0	0	112186	0	282630	468279	1004448	561868	205597	154565	0	0	1529563	0	10170151	12661567	2085729	2576465	0	0
LFQ	100	0	0	0	0	48181	0	114566	141339	515669	537836	463039	162372	118383	0	0	32674	0	0	114545	0	287735	478238	1019001	555646	205556	156514	0	0	1529504	0	10148195	12627905	2080270	2566066	0	0
LFQ	101	0	0	0	0	48650	0	115430	142149	522198	543953	463078	162192	120157	0	0	33671	0	0	115151	0	288641	481793	1023263	561623	203838	157794	0	0	1528939	0	10155512	12594974	2078610	2559662	0	0
LFQ	102	0	0	0	0	47994	0	115140	141240	519195	543801	465838	163105	119434	0	0	33203	0	0	115535	0	289362	481301	1024651	563668	206607	157571	0	0	1530734	0	10159386	12583392	2085594	2552573	0	0
LFQ	103	0	0	0	0	49085	0	117253	144295	528660	551776	472378	164801	121539	0	34354	0	0	117522	0	293102	486399	1033552	123314	648513	158384	0	0	0	1529564	0	10137985	12546440	2085237	2553396	0	0
LFQ	104	0	0	0	0	50481	0	120575	149403	545203	566077	478865	168552	126151	0	35067	0	0	119872	0	299793	495554	1054624	123186	652484	164591	0	0	0	1518895	0	10106985	12497283	2078263	2544006	0	0
LFQ	105	0	0	0	0	50689	0	119576	147346	540422	562645	476701	167004	125413	0	34532	0	0	119063	0	295526	490970	1043940	570977	208892	162969	0	0	1526136	0	10093755	12532780	2074072	2550952	0	0	0
LFQ	106	0	0	0	0	49676	0	115788	144367	521110	545139	470733	162220	117988	0	0	34472	0	0	116057	0	290059	481042	1023478	572653	205371	155046	0	0	1528656	0	10122726	12596094	2085856	2554227	0	0
LFQ	107	0	0	0	0	50113	0	118606	150359	538347	556968	486016	168388	122243	0	35070	0	0	118343	0	297842	493503	1042647	125333	655387	158899	0	0	0	1521207	0	10068304	12555113	2077358	2550976	0	0
LFQ	108	0	0	0	0	50613	0	121897	149560	547132	567271	484078	169776	124621	0	35244	0	0	120753	0	299845	494788	1053925	569059	210465	162368	0	0	1522822	0	10057825	12538907	2058888	2549586	0	0	0
LFQ	109	0	0	0	0	50106	0	118955	146688	536488	556935	482214	166466	121694	0	35072	0	0	118241	0	292866	488852	1037162	124590	653232	158353	0	0	0	1519945	0	10086306	12570000	2072858	2550745	0	0
LFQ	110	0	0	0	0	51696	0	119074	149400	540588	559111	487799	168935	122525	0	35119	0	0	118075	0	295066	493425	1046002	126313	652817	159311	0	0	0	1520320	0	10080828	12542054	2071899	2545777	0	0
LFQ	111	0	0	0	0	52848	0	123610	155416	558235	577769	499542	173597	126289	0	35355	0	0	122054	0	305945	505451	1070072	565490	215755	163820	0	0	1514983	0	10048877	12472598	2065335	2531519	0	0	0
LFQ	112	0	0	0	53323	0	125652	153796	565247	585064	498770	173619	129112	0	0	36065	0	0	122712	0	304311	507498	1069827	571171	213891	165242	0	0	1518143	0	10042243	12462846	2054584	2529936	0	0	0
LFQ	113	0	0	0	0	53674	0	124802	154399	561790	577470	502107	172416	126640	0	36222	0	0	122691	0	302672	506323	1065947	573708	213415	162775	0	0	1524829	0	10039185	12464167	2065237	2531065	0	0	0
LFQ	114	0	0	0	0	53725	0	126927	155555	568755	586177	503303	174869	130110	0	36743	0	0	124242	0	305742	507426	1076650	572030	215302	166830	0	0	1520326	0	10035064	12428355	2066485	2525444	0	0	0
LFQ	115	0	0	0	0	55163	0	125653	157198	566817	583685	504959	175643	128476	0	36908	0	0	122816	0	305801	508757	1071402	574120	215567	164381	0	0	1516702	0	10035305	12431397	2069362	2528585	0	0	0
LFQ	116	0	0	0	0	54233	0	126099	156728	573555	589494	506667	177130	130086	0	36926	0	0	124065	0	307732	512354	1080798	571286	217143	165193	0	0	1507989	0	10008854	12442744	2057668	2530612	0	0	0
LFQ	117	0	0	0	0	54388	0	127522	157806	574321	591582	510868	177087	129303	0	36573	0	0	124033	0	307207	509854	1081033	568613	216930	164968	0	0	1510561	0	10001429	12453450	2051699	2526896	0	0	0
LFQ	118	0	0	0	0	54661	0	126640	159264	574895	591399	514991	177631	129349	0	37087	0	0	123800	0	308738	511399	1083493	573379	217864	165721	0	0	1510783	0	10008053	12427456	2056169	2522128	0	0	0
LFQ	119	0	0	0	0	54481	0	127974	161806	581534	597614	520058	180533	130450	0	36767	0	0	125242	0	312611	516508	1090977	570153	218998	166838	0	0	1512683	0	9988177	12404199	2060204	2515902	0	0	0
LFQ	120	0	0	0	56132	0	130848	163078	590711	607547	523662	182651	134539	0	0	37468	0	0	127466	0	316421	524270	1103407	575372	221066	169498	0	0	1507253	0	9958138	12376838	2051266	2514726	0	0	0
LFQ	121	0	0	0	55914	0	129652	163702	596815	608846	527792	183066	133852	0	0	37598	0	0	125628	0	315802	524837	1107609	574608	221040	168228	0	0	1504731	0	9963529	12372347	2046189	2509448	0	0	0
LFQ	122	0	0	0	56414	0	129702	162362	588686	607764	526794	181936	131598	0	0	38022	0	0	126239	0	313083	518897	1099735	575190	220567	166711	0	0	1505609	0	9977473	12378105	2056021	2509261	0	0	0
LFQ	123	0	0	0	56774	0	131518	166799	596074	611509	536619	183209	131762	0	0	38221	0	0	127419	0	317674	526459	1105886	571446	221796	166931	0	0	1501077	0	9952626	12358435	2056284	2510599	0	0	0
LFQ	124	0	0	0	57885	0	134835	169764	614613	624140	542212	187967	137231	0	0	38192	0	0	128764	0	321211	533490	1120098	572929	224866	170686	0	0	1498725	0	9926484	12320153	2042492	2501369	0	0	0
LFQ	125	0	0	0	58524	0	136649	170801	619951	628391	547145	188215	136876	0	0	38565	0	0	130458	0	323192	536127	1121565	576432	224162	170973	0	0	1500172	0	9907538	12311591	2041701	2498086	0	0	0
LFQ	126	0	0	0	57326	0	135176	166913	609889	624577	540804	187097	136927	0	0	38730	0	0	130477	0	320989	530705	1119019	575954	224995	170840	0	0	1502982	0	9930161	12314663	2045025	2502909	0	0	0
LFQ	127	0	0	85	57600	0	130160	166907	599573	614902	535323	185167	133503	0	0	38731	0	0	126537	0	315348	525190	1107733	577089	223670	168194	0	0	1502459	0	9958132	12343741	2048299	2506965	0	0	0
LFQ	128	0	0	0	58228	0	131719	169611	598767	618052	544519	187383	133253	0	0	39479	0	0	127141	0	319753	529949	1116073	579826	224841	167229	0	0	1502643	0	9925212	12338409	2054022	2498304	0	0	0
LFQ	129	0	0	0	58559	0	136952	171165	620341	633787	550736	190256	137828	0	0	38848	0	0	131647	0	324405	539817	1132061	576612	226332	172217	0	0	1500849	0	9892773	12299606	2036464	2492303	0	0	0
LFQ	130	0	0	0	0	58445	0	133102	167643	609558	619575	543999	186187	136097	0	39012	0	0	128797	0	318641	532939	1116220	578534	224644	170177	0	0	1503330	0	9917508	12331887	2049078	2497395	0	0	0
LFQ	131	0	0	0	0	58972	0	132984	171467	606743	618797	550285	187999	134018	0	39796	0	0	128934	0	321755	532957	1120789	578500	226185	167822	0	0	1504656	0	9909561	12324282	2048714	2496760	0	0	0
LFQ	132	0	0	0	59826	0	136840	173077	619908	630420	557009	190780	137099	0	0	39282	0	0	130985	0	323743	537017	1127664	577496	227621	171530	0	0	1503968	0	9888783	12294550	2043556	2490071	0	0	0
LFQ	133	0	0	0	59747	0	137903	173963	625873	633617	564010	191955	137264	0	0	39207	0	0	130427	0	324471	541295	1127435	575269	228044	170631	0	0	1490999	0	9886861	12281007	2048587	2492014	0	0	0
LFQ	134	0	0	0	61468	0	139738	179548	640554	654284	572577	198340	142134	0	0	40934	0	0	133927	0	333481	553122	1160378	578751	233178	174501	0	0	1486601	0	9851841	12218556	2031127	2474913	0	0	0
LFQ	135	0	0	0	62589	0	144161	180000	651169	663191	575804	199694	144883	0	0	41252	0	0	136047	0	334909	555895	1165864	582397	232904	177864	0	0	1489130	0	9834800	12187766	2025823	2473190	0	0	0
LFQ	136	0	0	0	63581	0	143788	182585	654628	664386	581809	199283	143189	0	0	42482	0	0	135976	0	338354	561114	1170110	590107	231792	176929	0	0	1489291	0	9814540	12179951	2028112	2466781	0	0	0
LFQ	137	0	0	7	63307	0	144977	180191	652802	663182	580566	199600	145935	0	0	41325	0	0	135663	0	334734	555172	1162096	590292	233224	178194	0	0	1487090	0	9821677	12194855	2023028	2470355	0	0	0
LFQ	138	0	0	6	63856	0	142041	179271	646962	652866	579169	197750	143588	0	0	41855	0	0	133566	0	333641	551405	1157096	590025	233086	175616	0	0	1488718	0	9839893	12204294	2030143	2472865	0	0	0
LFQ	139	0	0	26	64524	0	143580	182275	658155	664500	587614	200778	145227	0	0	41648	0	0	135138	0	336616	563598	1169706	589390	234955	178028	0	0	1481691	0	9807542	12179561	2026388	2466235	0	0	0
LFQ	140	0	0	0	62909	0	143520	181812	654924	663969	584971	199537	144214	0	0	41392	0	0	135818	0	335699	557318	1170107	588416	235527	177694	0	0	1483407	0	9805449	12202886	2024315	2462667	0	0	0
LFQ	141	0	0	0	61926	0	141214	181643	652121	656935	586319	200561	143547	0	0	40834	0	0	134773	0	334816	558987	1166810	581029	235841	176548	0	0	1485206	0	9817269	12197299	2036903	2465329	0	0	0
LFQ	142	0	0	0	62923	0	144161	184573	659330	668578	594797	204062	143870	0	0	41541	0	0	135469	0	337608	561764	1171526	578465	237518	176284	0	0	1481776	0	9800697	12170844	2029481	2469057	0	0	0
LFQ	143	0	0	0	63454	0	143763	183177	655327	668470	590178	201565	143736	0	0	41371	0	0	135318	0	338177	559651	1166583	582671	234516	176214	0	0	1485815	0	9813302	12172107	2028773	2469597	0	0	0
LFQ	144	0	0	0	66015	0	147405	193103	674086	679901	612817	208699	145662	0	43086	0	0	137319	0	345542	572016	1188860	151171	678717	177574	0	0	0	1478000	0	9746045	12128387	2028187	2450699	0	0	0
LFQ	145	0	0	3	67638	0	157419	197410	710822	719730	627248	214393	155936	0	43329	0	0	144702	0	356468	587301	1228275	150659	681076	186478	0	0	0	1465140	0	9683960	12036303	2001707	2436848	0	0	0
LFQ	146	0	0	0	69529	0	154473	196803	712363	715205	626479	215377	158427	0	44636	0	0	144536	0	357446	589218	1234687	153575	684892	188627	0	0	0	1466599	0	9686471	12014691	1999543	2438805	0	0	0
LFQ	147	0	0	0	67392	0	152283	192523	700421	703975	616096	210326	155054	0	43278	0	0	141943	0	352344	582776	1216387	149934	680175	184502	0	0	0	1471082	0	9731063	12052822	2005616	2442027	0	0	0
LFQ	148	0	0	0	67646	0	150250	195370	691954	697401	618465	208581	151199	0	43776	0	0	139909	0	349997	581562	1206484	152030	676675	182031	0	0	0	1466944	0	9733984	12075222	2017995	2444182	0	0	0
LFQ	149	0	0	243	66627	0	151095	192891	692081	697477	620058	208567	149878	0	42884	0	0	139627	0	346488	578597	1201206	149742	674309	179812	0	0	0	1465942	0	9734654	12089741	2020561	2448742	0	0	0
LFQ	150	0	0	0	69211	0	152873	194293	697315	704020	628546	211286	152401	0	44290	0	0	142759	0	352953	587052	1221674	154889	680877	183830	0	0	0	1467105	0	9686271	12071203	2010200	2437671	0	0	0
LFQ	151	0	0	0	69357	0	155893	195905	713187	716815	632214	214691	156856	0	44276	0	0	143674	0	355806	590151	1234666	153473	682950	188548	0	0	0	1463409	0	9684841	12021030	2003115	2429376	0	0	0
LFQ	152	0	0	0	68763	0	153685	195846	705323	707140	630253	213411	153820	0	44324	0	0	142447	0	354358	589620	1226347	154012	680843	185284	0	0	0	1469495	0	9698176	12035089	2005692	2435817	0	0	0
LFQ	153	0	0	0	68246	0	153214	197140	707680	708542	633085	214236	152871	0	44429	0	0	142078	0	354340	586499	1225219	154639	679953	184055	0	0	0	1466557	0	9708740	12025179	2014331	2428262	0	0	0
LFQ	154	0	0	0	69895	0	153231	199600	703965	708438	634473	215296	152782	0	45393	0	0	141878	0	354020	588184	1220964	155266	687123	183532	0	0	0	1467141	0	9692817	12035840	2011907	2426549	0	0	0
LFQ	155	0	0	0	72128	0	158651	201850	726580	724111	647008	218958	157495	0	45549	0	0	145522	0	360718	599382	1241184	157448	686319	186978	0	0	0	1466485	0	9650963	11975937	1999565	2424998	0	0	0
LFQ	156	0	0	0	72819	0	160046	207894	743846	743601	659966	225532	162338	0	46706	0	0	147447	0	366429	607550	1266654	161561	690134	191548	0	0	0	1454973	0	9624863	11910069	1995086	2408291	0	0	0
LFQ	157	0	0	0	73221	0	162459	207137	747327	745134	661167	224260	162759	0	46248	0	0	148223	0	366898	607288	1262089	158936	688921	192099	0	0	0	1453708	0	9617869	11918932	1993312	2408899	0	0	0
LFQ	158	0	0	0	73402	0	160889	206885	739180	740044	663092	221398	159941	0	47551	0	0	147283	0	366515	609964	1266088	161563	688060	189057	0	0	0	1459475	0	9604006	11936331	1995820	2409849	0	0	0
LFQ	159	0	0	0	71525	0	157784	199409	724314	722453	647326	217304	155710	0	45754	0	0	144232	0	357474	594840	1236411	157016	686218	186195	0	0	0	1464287	0	9670514	11991085	1996931	2419132	0	0	0
LFQ	160	0	0	0	73756	0	158132	204845	728517	724262	664453	220685	156559	0	47289	0	0	145226	0	362693	604382	1248150	164282	686744	185843	0	0	0	1465496	0	9620651	11969055	2001236	2413171	0	0	0
LFQ	161	0	0	59	74965	0	166215	212191	766253	763527	673930	231027	168083	0	47760	0	0	151160	0	376632	620300	1292743	599908	256925	198537	0	0	1445778	0	9554599	11865706	1981324	2397416	0	0	0	0
LFQ	162	0	0	0	74329	0	163356	209325	751258	748658	672250	228886	163397	0	47187	0	0	149085	0	369523	613180	1273680	162417	693710	193503	0	0	0	1447507	0	9570428	11919252	1991491	2402214	0	0	0
LFQ	163	0	0	0	75842	0	167095	214983	770320	767320	684501	232701	167065	0	47704	0	0	152174	0	376906	623089	1298751	602328	257182	195732	0	0	1441515	0	9534460	11862722	1977578	2394329	0	0	0	0
LFQ	164	0	0	0	75684	0	168185	214807	775351	770956	687159	231731	168033	0	48007	0	0	151772	0	378322	623142	1293953	601968	255973	197253	0	0	1441451	0	9536009	11856681	1981381	2386101	0	0	0	0
LFQ	165	0	0	0	77416	0	170359	219594	783517	772932	699625	234667	168481	0	48634	0	0	153347	0	380428	630495	1305005	604244	258136	196849	0	0	1443548	0	9513577	11826679	1978119	2377961	0	0	0	0
LFQ	166	0	0	0	77622	0	170563	217826	782733	780372	694431	234540	170643	0	49018	0	0	153752	0	380241	629151	1307467	609032	257794	198511	0	0	1446157	0	9516741	11808550	1978218	2380004	0	0	0	0
LFQ	167	0	0	0	79371	0	170193	220735	786172	776695	703648	234881	168331	0	50084	0	0	153422	0	383660	633109	1304487	615493	258960	195420	0	0	1436629	0	9495983	11827756	1972234	2375882	0	0	0	0
LFQ	168	0	0	0	79086	0	173236	221988	803372	795249	708920	237526	172242	0	49708	0	0	157369	0	385346	638599	1327266	609521	260871	201527	0	0	1435296	0	9482330	11778353	1957635	2367495	0	0	0	0
LFQ	169	0	0	0	81345	0	176921	225037	807063	798733	720048	239942	173533	0	50593	0	0	158303	0	388975	643047	1335184	614136	262405	202002	0	0	1434652	0	9448906	11756110	1961800	2363995	0	0	0	0
LFQ	170	0	0	0	82043	0	178629	229208	826145	819198	726959	246493	179592	0	52046	0	0	160417	0	396893	651467	1355912	615074	267859	206983	0	0	1423512	0	9420903	11696917	1948154	2358148	0	0	0	0
LFQ	171	0	0	0	82558	0	178406	227130	821075	808373	725570	239629	175958	0	51705	0	0	158847	0	391330	648011	1343196	615994	262416	203404	0	0	1427061	0	9431307	11729409	1955856	2365150	0	0	0	0
LFQ	172	0	0	0	77426	0	166991	217067	780292	770932	701445	231224	167371	0	48854	0	0	152273	0	378163	627509	1304651	170178	698172	196501	0	0	0	1435421	0	9520733	11834386	1982467	2380192	0	0	0
LFQ	173	0	0	170	77461	0	167495	218668	778644	768991	709803	233362	165131	0	49218	0	0	152000	0	377311	629046	1298804	606675	259826	193855	0	0	1439374	0	9492542	11856515	1982105	2385109	0	0	0	0
LFQ	174	0	0	0	79653	0	170874	220849	791205	790156	712935	239070	170421	0	49974	0	0	155295	0	383751	634574	1322288	610530	263446	199597	0	0	1435405	0	9477903	11797078	1965355	2371612	0	0	0	0
LFQ	175	0	0	0	78563	0	166609	217545	778147	768835	707559	233158	165440	0	48962	0	0	151945	0	376971	631921	1297552	172709	697710	194043	0	0	0	1437235	0	9508039	11848257	1985616	2375035	0	0	0
LFQ	176	0	0	0	79749	0	172097	224540	795003	785296	724147	239656	169414	0	49882	0	0	155774	0	384378	640209	1318154	607681	262556	197996	0	0	1432495	0	9460492	11797791	1981611	2362823	0	0	0	0
LFQ	177	0	0	0	83210	0	177817	230248	818485	806311	738522	244851	174837	0	51427	0	0	158817	0	393815	650091	1341104	614360	266578	203074	0	0	1430888	0	9404657	11730563	1969151	2352854	0	0	0	0
LFQ	178	0	0	0	84602	0	179460	234283	833438	824234	747045	248223	176915	0	53244	0	0	161269	0	399096	659582	1362421	618402	267905	204216	0	0	1420604	0	9387509	11672616	1957167	2349343	0	0	0	0
LFQ	179	0	0	0	87168	0	185856	239700	861564	845338	768516	252711	183051	54837	0	0	164658	0	405720	674914	1393495	186765	707915	210628	0	0	0	1415266	0	9319495	11609900	1940956	2333041	0	0	0	0
LFQ	180	0	0	0	85890	0	186161	238212	864035	848947	761536	253139	185250	53898	0	0	164830	0	405880	668592	1392945	184557	707361	212985	0	0	0	1416607	0	9340553	11604052	1933517	2332492	0	0	0	0
LFQ	181	0	0	0	84599	0	179203	231004	827867	813197	747280	244151	176503	0	52335	0	0	159741	0	392077	653857	1345624	619913	265538	202957	0	0	1427206	0	9396389	11716399	1957220	2348338	0	0	0	0
LFQ	182	0	0	0	84593	0	181221	233908	835708	819847	757819	248677	177368	0	52653	0	0	159711	0	395570	658605	1354882	620061	270189	204288	0	0	1428133	0	9364220	11689062	1957351	2347484	0	0	0	0
LFQ	183	0	0	52	85197	0	179726	235610	838191	820087	755350	251547	178922	0	52128	0	0	160846	0	397229	656459	1356469	622042	271270	204957	0	0	1425567	0	9367937	11678281	1957657	2345789	0	0	0	0
LFQ	184	0	0	0	86772	0	179030	234627	827185	818343	757818	249207	175224	0	53792	0	0	159145	0	397451	660591	1359019	624080	271864	203055	0	0	1419781	0	9368638	11692169	1961146	2342336	0	0	0	0
LFQ	185	0	0	243	88428	0	185069	242169	867590	849290	778251	256695	184182	54712	0	0	164893	0	407650	677838	1395999	189735	713990	210902	0	0	0	1413566	0	9291604	11597660	1941431	2329345	0	0	0	0
LFQ	186	0	0	0	85712	0	182378	235415	848177	837333	767840	254234	180640	0	53485	0	0	162575	0	401816	665114	1378469	628008	272801	208306	0	0	1414142	0	9342903	11642163	1946834	2332859	0	0	0	0
LFQ	187	0	0	1	85394	0	179967	235642	844067	824863	766816	252945	178778	0	53049	0	0	160835	0	398583	665515	1366474	626303	273524	205642	0	0	1413638	0	9343731	11676720	1957791	2330895	0	0	0	0
LFQ	188	0	0	0	88204	0	187462	241535	868353	847802	783602	257231	185689	0	53809	0	0	164854	0	408431	674638	1390692	621461	276306	211736	0	0	1411404	0	9285758	11613973	1945255	2322951	0	0	0	0
LFQ	189	0	0	0	91470	0	191209	249414	886686	871350	797825	264332	191198	56350	0	0	169698	0	419211	685640	1417672	194279	716514	216579	0	0	0	1407079	0	9222029	11542169	1935207	2315209	0	0	0	0
LFQ	190	0	0	0	92719	0	193354	254431	903144	885694	803692	267335	192031	57237	0	0	170553	0	423442	695583	1438778	195096	719325	217482	0	0	0	1400229	0	9224298	11485846	1919566	2301242	0	0	0	0
LFQ	191	0	0	0	90261	0	190826	249715	885912	872901	804467	261925	184988	56071	0	0	167670	0	415890	688840	1420467	194637	708299	212080	0	0	0	1404376	0	9238614	11545544	1940669	2306909	0	0	0	0
LFQ	192	0	0	0	93316	0	197081	258512	915187	899952	824478	269705	193664	57685	0	0	173435	0	425991	704470	1456026	201294	714832	219379	0	0	0	1394805	0	9174398	11452715	1918516	2295607	0	0	0	0
LFQ	193	0	0	8	94522	0	202740	257539	926536	907120	824369	269260	198072	57506	0	0	175543	0	430472	705134	1457956	631384	283593	221974	0	0	1392788	0	9166623	11437884	1914299	2285719	0	0	0	0	0
LFQ	194	0	0	0	96025	0	198861	258466	932321	909456	833495	271173	198481	59088	0	0	173999	0	430330	709273	1463421	639990	284595	223245	0	0	1386067	0	9143951	11424409	1919187	2285198	0	0	0	0	0
LFQ	195	0	0	0	98700	0	205784	263852	950202	930218	843970	276855	204112	60725	0	0	178138	0	437670	716657	1484283	639892	288195	225989	0	0	1380050	0	9105043	11383545	1899430	2267711	0	0	0	0	0
LFQ	196	0	0	0	95423	0	199243	258241	932113	908812	829790	272634	199917	59073	0	0	174062	0	430717	709250	1463724	202103	728078	224570	0	0	0	1388215	0	9160483	11422886	1909871	2271808	0	0	0	0
LFQ	197	0	0	14	95031	0	194409	257738	911460	888350	826699	268461	192594	58410	0	0	170797	0	423692	701162	1447145	202033	720170	218535	0	0	0	1394702	0	9183051	11476954	1919273	2290326	0	0	0	0
LFQ	198	0	0	0	92984	0	192365	250398	890172	872813	813602	262637	187513	0	57175	0	0	168598	0	415563	689681	1422967	636987	280059	212727	0	0	1399113	0	9214962	11548891	1928678	2303112	0	0	0	0
LFQ	199	0	0	0	95121	0	193030	257404	904264	878315	831295	266209	189963	0	57525	0	0	170452	0	422698	704180	1440225	633955	283482	215437	0	0	1396176	0	9170699	11510205	1929258	2291100	0	0	0	0
LFQ	200	0	0	0	98218	0	205158	267917	952680	930837	858174	279252	200066	60399	0	0	179197	0	440068	724888	1494193	637801	289633	225079	0	0	1380037	0	9078109	11371105	1901614	2266563	0	0	0	0	0
LFQ	201	0	0	0	98469	0	205818	270546	969097	943313	868660	282933	205463	61477	0	0	178062	0	441779	730358	1510312	644158	294117	230067	0	0	1375181	0	9049820	11334574	1895821	2250959	0	0	0	0	0
LFQ	202	0	0	0	100197	0	207614	268745	959337	943480	867283	280714	202929	61305	0	0	181217	0	443824	728444	1508305	642794	291924	226686	0	0	1380991	0	9062800	11329845	1894462	2258086	0	0	0	0	0
LFQ	203	0	0	0	94083	0	196873	258212	922379	898045	838025	269372	191953	0	58382	0	0	172113	0	426153	707353	1452959	639290	284354	219982	0	0	1393000	0	9180814	11443769	1912715	2281153	0	0	0	0
LFQ	204	0	0	0	96759	0	195723	263109	919514	893127	850606	272349	191394	0	60576	0	0	172168	0	427991	713014	1452626	643538	287273	216765	0	0	1394850	0	9121908	11458704	1930751	2278232	0	0	0	0
LFQ	205	0	0	0	100665	0	206462	271766	958170	939955	864961	284289	203217	61123	0	0	179096	0	442089	725066	1497971	641277	294574	227562	0	0	1381049	0	9064358	11335753	1902403	2259170	0	0	0	0	0
LFQ	206	0	0	0	100091	0	203097	267858	953002	926108	865688	277547	198486	61981	0	0	176298	0	437537	723121	1485135	212785	726053	224593	0	0	0	1375069	0	9086596	11366800	1912530	2260599	0	0	0	0
LFQ	207	0	0	0	103065	0	207141	274536	968779	945223	879785	283495	204309	62955	0	0	179269	0	444980	734548	1514169	648303	294060	228680	0	0	1374908	0	9039307	11312577	1896770	2244114	0	0	0	0	0
LFQ	208	0	0	0	107762	0	217606	285817	1011058	989079	907134	292876	212802	65797	0	0	187806	0	461781	758640	1560922	654376	298774	236047	0	0	1357955	0	8939961	11189344	1880924	2224512	0	0	0	0	0
LFQ	209	0	0	0	109803	0	227799	289769	1049719	1029772	932152	302021	220859	66431	0	0	193855	0	472049	770196	1597811	661877	304194	242090	0	0	1343974	0	8857255	11105111	1856035	2208201	0	0	0	0	0
LFQ	210	0	0	0	104433	0	217734	281900	1029612	986169	909095	293610	217575	64408	0	0	186917	0	459464	753428	1556316	653795	299562	240324	0	0	1357330	0	8961543	11173598	1869602	2224558	0	0	0	0	0
LFQ	211	0	0	142	102436	0	211911	283600	1001229	956216	906857	292757	208382	63808	0	0	182833	0	453424	749048	1529060	650975	300644	232174	0	0	1361777	0	8968446	11254027	1899428	2231798	0	0	0	0	0
LFQ	212	0	0	0	106073	0	218116	285874	1018526	996694	914904	299197	215578	64673	0	0	187788	0	463651	756470	1565421	655840	305754	239686	0	0	1354714	0	8905088	11186336	1871951	2228638	0	0	0	0	0
LFQ	213	0	0	0	105082	0	218552	283013	1021239	986832	916049	297538	214590	63850	0	0	187716	0	462330	757410	1558674	653096	304717	237945	0	0	1355665	0	8927675	11192372	1874747	2221880	0	0	0	0	0
LFQ	214	0	0	0	108411	0	214525	286560	1021742	982402	917995	295691	214557	66351	0	0	186395	0	460258	757905	1556086	657585	302804	238021	0	0	1360380	0	8942787	11173991	1875018	2221508	0	0	0	0	0
LFQ	215	0	0	0	110781	0	220865	295688	1041304	1009223	937142	303143	216326	67506	0	0	190484	0	472077	773589	1590945	660978	305156	241146	0	0	1347312	0	8870389	11108349	1869339	2209230	0	0	0	0	0
LFQ	216	0	0	0	106311	0	217718	282007	1012842	981632	916125	294719	211559	64911	0	0	186186	0	454915	752000	1551384	656588	301244	236491	0	0	1360059	0	8957260	11206670	1872011	2218340	0	0	0	0	0
LFQ	217	0	0	0	106929	0	211527	283348	1000198	958236	919186	289678	206905	65534	0	0	182672	0	454090	750396	1531227	659133	297964	231730	0	0	1360934	0	8945541	11259220	1899461	2227063	0	0	0	0	0
LFQ	218	0	0	0	114005	0	226752	297621	1057584	1032738	953734	308700	223509	68304	0	0	193788	0	477974	780063	1608694	663718	311838	246105	0	0	1336585	0	8807100	11071426	1860134	2200600	0	0	0	0	0
LFQ	219	0	0	0	117445	0	233230	304303	1091035	1052763	970383	312253	228245	70697	0	0	197550	0	486228	790049	1628762	666836	311105	249022	0	0	1331829	0	8777910	10988725	1844247	2188355	0	0	0	0	0
LFQ	220	0	0	0	117473	0	229682	303361	1088127	1054980	969441	312513	226664	72036	0	0	197224	0	482938	790844	1640113	673935	312445	249278	0	0	1332427	0	8782122	10981999	1844732	2178638	0	0	0	0	0
LFQ	221	0	0	1	116698	0	232522	303016	1086623	1051778	977376	310241	223624	71444	0	0	197020	0	483113	792607	1631340	670211	310796	246819	0	0	1332631	0	8766949	11011175	1848872	2176116	0	0	0	0	0
LFQ	222	0	0	0	116901	0	231279	305095	1092077	1060355	982870	312800	225250	71623	0	0	198386	0	487100	796584	1647290	667722	313247	248129	0	0	1326714	0	8762340	10977109	1838759	2179342	0	0	0	0	0
LFQ	223	0	0	4	119371	0	237206	309886	1100964	1073094	996312	313669	227497	72922	0	0	200072	0	490610	799581	1653308	673043	312621	248693	0	0	1326975	0	8729825	10949482	1834821	2171016	0	0	0	0	0
LFQ	224	0	0	0	120555	0	239199	311837	1125571	1091944	1009468	318942	233408	72863	0	0	203238	0	496123	810751	2099416	249908	317089	254914	0	1319178	0	8695679	10884580	1827852	2158457	0	0	0	0	0	0
LFQ	225	0	0	11	120174	0	238263	308464	1110901	1072745	996214	315690	231052	72131	0	0	200763	0	489398	801413	1654663	673266	314767	252070	0	0	1329330	0	8736792	10925136	1832838	2164891	0	0	0	0	0
LFQ	226	0	0	0	116670	0	229018	306228	1091046	1050139	988480	313722	224488	72282	0	0	195293	0	484695	797040	1637975	675473	314129	249519	0	0	1327073	0	8759299	10986524	1852075	2169804	0	0	0	0	0
LFQ	227	0	0	12	121321	0	240227	314001	1110065	1081272	1010879	319886	228207	74116	0	0	202843	0	495914	806063	1661902	679646	316191	250648	0	0	1324699	0	8680193	10930388	1830512	2161987	0	0	0	0	0
LFQ	228	0	0	0	120897	0	237974	311643	1121441	1077453	1009882	318432	232240	73489	0	0	201180	0	493424	806763	1665722	679319	316198	254118	0	0	1324396	0	8698301	10908494	1832665	2156941	0	0	0	0	0
LFQ	229	0	0	96	118209	0	235306	311074	1105760	1055250	1003385	316710	226759	72276	0	0	199321	0	490971	804385	1640410	674776	316545	251021	0	0	1330000	0	8709813	10971250	1848362	2159293	0	0	0	0	0
LFQ	230	0	0	0	122234	0	239403	316869	1125037	1084277	1024055	323396	233219	74013	0	0	202714	0	497610	813654	1673500	678594	319815	255295	0	0	1320461	0	8653389	10895315	1829919	2158203	0	0	0	0	0
LFQ	231	0	0	0	125707	0	249813	321399	1148657	1113856	1037520	329216	238761	75192	0	0	208328	0	509273	821642	2130334	254963	323353	259308	0	1310750	0	8598667	10831071	1817522	2135640	0	0	0	0	0	0
LFQ	232	0	0	0	124380	0	242097	321081	1153128	1098036	1037183	327248	240181	75390	0	0	203518	0	502735	825169	1686737	688222	323332	259258	0	0	1311419	0	8621727	10846878	1819211	2134042	0	0	0	0	0
LFQ	233	0	0	0	124705	0	243658	326070	1148256	1099661	1045444	327808	235967	76049	0	0	204783	0	505954	826988	1690996	685602	323419	257988	0	0	1309246	0	8595889	10853101	1821555	2137833	0	0	0	0	0
LFQ	234	0	0	0	127544	0	252894	329482	1178998	1142005	1059753	338126	246515	77209	0	0	212248	0	519247	836834	2157515	261476	329169	266607	0	1298763	0	8534253	10756076	1798564	2117694	0	0	0	0	0	0
LFQ	235	0	0	151	129350	0	254583	333331	1204557	1156458	1077968	341877	327981	0	0	212697	0	522380	845450	1747947	689751	330639	269877	0	0	1293080	0	8500359	10702237	1796393	2103906	0	0	0	0	0	0
LFQ	236	0	0	0	130286	0	255566	336102	1210075	1158764	1073459	343660	253503	78795	0	0	212235	0	521703	840515	2167535	265136	332901	272233	0	1296821	0	8505580	10693558	1792141	2100404	0	0	0	0	0	0
LFQ	237	0	0	8	129980	0	250228	332288	1187609	1129168	1071348	337109	244827	78131	0	0	208343	0	514507	839333	1718097	690685	327610	266220	0	0	1300715	0	8539763	10756726	1805035	2113242	0	0	0	0	0
LFQ	238	0	0	0	131495	0	252394	333213	1188142	1152175	1075566	338452	246442	79723	0	0	212627	0	520040	845733	1744045	694149	329922	267307	0	0	1295014	0	8511614	10721197	1792654	2109068	0	0	0	0	0
LFQ	239	0	0	41	130067	0	254969	333681	1199223	1141561	1081709	340263	246988	79095	0	0	212564	0	516972	845224	1734756	696836	330694	268710	0	0	1300509	0	8499835	10726922	1799596	2100757	0	0	0	0	0
LFQ	240	0	0	0	131372	0	257327	339007	1207231	1160806	1095005	345147	249658	80438	0	0	214712	0	527021	850709	2180672	270831	332501	270002	0	1286070	0	8455455	10690235	1801106	2095667	0	0	0	0	0	0
LFQ	241	0	0	0	132698	0	260553	341401	1223062	1168020	1098980	347607	253646	79740	0	0	215393	0	528306	855998	1756834	690121	336610	274765	0	0	1288390	0	8438290	10664857	1794883	2090818	0	0	0	0	0
LFQ	242	0	0	0	132194	0	257113	338827	1214266	1162613	1096602	346804	251169	79301	0	0	214322	0	527372	851708	1754505	692720	334974	271613	0	0	1290963	0	8447618	10689312	1796228	2090748	0	0	0	0	0
LFQ	243	0	0	0	135437	0	260728	342348	1223168	1170687	1102973	346910	254367	80657	0	0	216695	0	531403	861506	1766196	698481	334952	273577	0	0	1289059	0	8425502	10649943	1787536	2088847	0	0	0	0	0
LFQ	244	0	0	0	140808	0	263873	350961	1243666	1198091	1123553	350902	255585	84930	0	0	219427	0	540810	871346	2222700	280782	338128	275224	0	1279553	0	8379440	10561624	1781325	2078244	0	0	0	0	0	0
LFQ	245	0	0	0	143473	0	272912	355965	1270847	1233665	1150052	357289	258720	86609	0	0	225062	0	548893	883417	2254899	288130	340509	279027	0	1265249	0	8319035	10488135	1760949	2058135	0	0	0	0	0	0
LFQ	246	0	0	0	0	146404	0	275612	358885	1297861	1249699	1162198	359572	262553	87538	0	0	228944	0	555364	893078	2270863	293253	343895	282696	0	1262854	0	8279828	10428750	1754059	2047066	0	0	0	0	0
LFQ	247	0	0	0	0	147155	0	281298	362845	1310496	1262435	1174409	363697	354494	0	0	231363	0	558227	897954	1856940	717970	345003	285155	0	0	1262143	0	8241297	10405543	1745498	2037050	0	0	0	0	0
LFQ	248	0	0	0	152368	0	287579	370406	1351567	1299642	1199166	372550	276966	91194	0	0	239016	0	573265	915265	2314887	299995	350066	293964	0	1245723	0	8166115	10286984	1734213	2020041	0	0	0	0	0	0
LFQ	249	0	0	0	151055	0	287831	367481	1342703	1294602	1192495	371835	277085	89956	0	0	237297	0	568356	905005	2311235	300323	348995	291211	0	1247420	0	8196097	10315811	1725743	2018436	0	0	0	0	0	0
LFQ	250	0	0	0	152450	0	280292	367685	1338300	1277838	1188752	369159	275843	90937	0	0	233462	0	564018	909345	2305110	299877	347157	291821	0	1248170	0	8196506	10341767	1738370	2024113	0	0	0	0	0	0
# GC Content of first fragments. Use `grep ^GCF | cut -f 2-` to extract this part.
GCF	0.25	2937
GCF	0.75	2933
GCF	1.26	2942
GCF	1.76	2463
GCF	2.26	2614
GCF	2.76	2914
GCF	3.27	3269
GCF	3.77	3245
GCF	4.27	3196
GCF	4.77	3149
GCF	5.28	3087
GCF	5.78	2735
GCF	6.28	2704
GCF	6.78	2924
GCF	7.29	2841
GCF	7.79	2822
GCF	8.29	2696
GCF	8.79	2577
GCF	9.30	2349
GCF	9.80	1829
GCF	10.30	1881
GCF	10.80	1920
GCF	11.31	1969
GCF	11.81	2116
GCF	12.31	2082
GCF	12.81	2102
GCF	13.32	2095
GCF	13.82	2415
GCF	14.32	2571
GCF	14.82	2812
GCF	15.33	3031
GCF	15.83	3467
GCF	16.33	3811
GCF	16.83	4111
GCF	17.34	4472
GCF	17.84	5842
GCF	18.34	6480
GCF	18.84	7572
GCF	19.35	8816
GCF	19.85	11852
GCF	20.35	13859
GCF	20.85	16656
GCF	21.36	23501
GCF	21.86	27325
GCF	22.36	32637
GCF	22.86	38710
GCF	23.37	52578
GCF	23.87	61641
GCF	24.37	71532
GCF	24.87	82186
GCF	25.38	105212
GCF	25.88	118896
GCF	26.38	132328
GCF	26.88	147883
GCF	27.39	179624
GCF	27.89	195799
GCF	28.39	213110
GCF	28.89	229592
GCF	29.40	263494
GCF	29.90	280617
GCF	30.40	296959
GCF	30.90	313664
GCF	31.41	343368
GCF	31.91	356994
GCF	32.41	369827
GCF	32.91	382181
GCF	33.42	404708
GCF	33.92	416111
GCF	34.42	425992
GCF	34.92	438131
GCF	35.43	457177
GCF	35.93	466409
GCF	36.43	477528
GCF	36.93	485919
GCF	37.44	510018
GCF	37.94	521592
GCF	38.44	534311
GCF	38.94	547035
GCF	39.45	580277
GCF	39.95	595353
GCF	40.45	604503
GCF	40.95	607988
GCF	41.46	599530
GCF	41.96	586764
GCF	42.46	568314
GCF	42.96	531925
GCF	43.47	517302
GCF	43.97	508863
GCF	44.47	506481
GCF	44.97	502269
GCF	45.48	503949
GCF	45.98	504017
GCF	46.48	501896
GCF	46.98	488373
GCF	47.49	480422
GCF	47.99	467354
GCF	48.49	453822
GCF	48.99	424236
GCF	49.50	410089
GCF	50.00	396515
GCF	50.50	375878
GCF	51.01	334264
GCF	51.51	315021
GCF	52.01	300798
GCF	52.51	283675
GCF	53.02	259206
GCF	53.52	246176
GCF	54.02	237316
GCF	54.52	226370
GCF	55.03	209400
GCF	55.53	206431
GCF	56.03	204169
GCF	56.53	201246
GCF	57.04	191691
GCF	57.54	186252
GCF	58.04	182595
GCF	58.54	183087
GCF	59.05	178288
GCF	59.55	175724
GCF	60.05	175653
GCF	60.55	168414
GCF	61.06	156297
GCF	61.56	142202
GCF	62.06	125710
GCF	62.56	103033
GCF	63.07	97459
GCF	63.57	98253
GCF	64.07	100829
GCF	64.57	86333
GCF	65.08	76306
GCF	65.58	71071
GCF	66.08	67888
GCF	66.58	62305
GCF	67.09	55837
GCF	67.59	49771
GCF	68.09	45313
GCF	68.59	39362
GCF	69.10	35047
GCF	69.60	30327
GCF	70.10	25998
GCF	70.60	21714
GCF	71.11	20992
GCF	71.61	18510
GCF	72.11	16895
GCF	72.61	13972
GCF	73.12	12732
GCF	73.62	11711
GCF	74.12	11212
GCF	74.62	10167
GCF	75.13	9661
GCF	75.63	9481
GCF	76.13	8925
GCF	76.63	7571
GCF	77.14	6989
GCF	77.64	6490
GCF	78.14	6228
GCF	78.64	5432
GCF	79.15	5535
GCF	79.65	5354
GCF	80.15	4642
GCF	80.65	4245
GCF	81.16	3834
GCF	81.66	3446
GCF	82.16	3006
GCF	82.66	2772
GCF	83.17	2589
GCF	83.67	2169
GCF	84.17	1927
GCF	84.67	1654
GCF	85.18	1593
GCF	85.68	1488
GCF	86.18	1254
GCF	86.68	1748
GCF	87.19	1539
GCF	87.69	1247
GCF	88.19	1225
GCF	88.69	1243
GCF	89.20	1391
GCF	89.70	1361
GCF	90.20	1470
GCF	90.70	1462
GCF	91.21	1345
GCF	91.71	1396
GCF	92.21	1503
GCF	92.71	1552
GCF	93.22	1944
GCF	93.72	2728
GCF	94.22	3321
GCF	94.72	3772
GCF	95.23	4087
GCF	95.73	4340
GCF	96.23	4549
GCF	96.73	6778
GCF	97.24	9795
GCF	97.74	14865
GCF	98.24	17794
GCF	98.74	18158
GCF	99.25	18217
GCF	99.75	18149
# GC Content of last fragments. Use `grep ^GCL | cut -f 2-` to extract this part.
GCL	0.25	22476
GCL	0.75	22431
GCL	1.26	21993
GCL	1.76	13936
GCL	2.26	13052
GCL	2.76	12246
GCL	3.27	10853
GCL	3.77	10365
GCL	4.27	10105
GCL	4.77	9592
GCL	5.28	9120
GCL	5.78	8532
GCL	6.28	8155
GCL	6.78	7906
GCL	7.29	7651
GCL	7.79	7487
GCL	8.29	7191
GCL	8.79	6773
GCL	9.30	6416
GCL	9.80	5858
GCL	10.30	5751
GCL	10.80	5810
GCL	11.31	5689
GCL	11.81	5716
GCL	12.31	5382
GCL	12.81	5266
GCL	13.32	5181
GCL	13.82	5455
GCL	14.32	5581
GCL	14.82	5600
GCL	15.33	5847
GCL	15.83	6372
GCL	16.33	6562
GCL	16.83	6827
GCL	17.34	7134
GCL	17.84	8742
GCL	18.34	9552
GCL	18.84	10585
GCL	19.35	12101
GCL	19.85	15206
GCL	20.35	17456
GCL	20.85	20074
GCL	21.36	26956
GCL	21.86	31420
GCL	22.36	36645
GCL	22.86	42964
GCL	23.37	57958
GCL	23.87	65293
GCL	24.37	75369
GCL	24.87	85706
GCL	25.38	109659
GCL	25.88	121669
GCL	26.38	136043
GCL	26.88	150741
GCL	27.39	181298
GCL	27.89	198866
GCL	28.39	215648
GCL	28.89	231683
GCL	29.40	266487
GCL	29.90	282996
GCL	30.40	299703
GCL	30.90	315632
GCL	31.41	345299
GCL	31.91	357836
GCL	32.41	371223
GCL	32.91	384466
GCL	33.42	406600
GCL	33.92	417259
GCL	34.42	428946
GCL	34.92	438205
GCL	35.43	457485
GCL	35.93	468260
GCL	36.43	477016
GCL	36.93	486518
GCL	37.44	507403
GCL	37.94	519220
GCL	38.44	529739
GCL	38.94	544941
GCL	39.45	575734
GCL	39.95	588599
GCL	40.45	597208
GCL	40.95	601545
GCL	41.46	594032
GCL	41.96	582471
GCL	42.46	567162
GCL	42.96	530936
GCL	43.47	517392
GCL	43.97	508202
GCL	44.47	504703
GCL	44.97	496448
GCL	45.48	496761
GCL	45.98	493375
GCL	46.48	487225
GCL	46.98	472583
GCL	47.49	464044
GCL	47.99	452015
GCL	48.49	440072
GCL	48.99	415996
GCL	49.50	404017
GCL	50.00	391800
GCL	50.50	373799
GCL	51.01	336146
GCL	51.51	315863
GCL	52.01	298632
GCL	52.51	282704
GCL	53.02	258102
GCL	53.52	245518
GCL	54.02	236451
GCL	54.52	225768
GCL	55.03	210797
GCL	55.53	209464
GCL	56.03	207969
GCL	56.53	205628
GCL	57.04	195621
GCL	57.54	190367
GCL	58.04	187029
GCL	58.54	186230
GCL	59.05	179710
GCL	59.55	176359
GCL	60.05	174552
GCL	60.55	168034
GCL	61.06	158169
GCL	61.56	143823
GCL	62.06	127358
GCL	62.56	98788
GCL	63.07	90889
GCL	63.57	87440
GCL	64.07	86422
GCL	64.57	78651
GCL	65.08	74420
GCL	65.58	73001
GCL	66.08	70592
GCL	66.58	65487
GCL	67.09	59169
GCL	67.59	53062
GCL	68.09	47943
GCL	68.59	41845
GCL	69.10	37860
GCL	69.60	32953
GCL	70.10	29251
GCL	70.60	25170
GCL	71.11	24135
GCL	71.61	21651
GCL	72.11	20093
GCL	72.61	16870
GCL	73.12	15333
GCL	73.62	14355
GCL	74.12	13576
GCL	74.62	12113
GCL	75.13	11467
GCL	75.63	10980
GCL	76.13	10279
GCL	76.63	9299
GCL	77.14	8670
GCL	77.64	8318
GCL	78.14	8054
GCL	78.64	7113
GCL	79.15	6823
GCL	79.65	6608
GCL	80.15	5763
GCL	80.65	5487
GCL	81.16	4914
GCL	81.66	4649
GCL	82.16	3886
GCL	82.66	3658
GCL	83.17	3315
GCL	83.67	3036
GCL	84.17	2677
GCL	84.67	2528
GCL	85.18	2358
GCL	85.68	2311
GCL	86.18	2019
GCL	86.68	2149
GCL	87.19	2060
GCL	87.69	2113
GCL	88.19	2029
GCL	88.69	2072
GCL	89.20	2156
GCL	89.70	2211
GCL	90.20	2512
GCL	90.70	2803
GCL	91.21	2889
GCL	91.71	3114
GCL	92.21	3260
GCL	92.71	3394
GCL	93.22	4131
GCL	93.72	5363
GCL	94.22	6364
GCL	94.72	7164
GCL	95.23	7616
GCL	95.73	8077
GCL	96.23	8470
GCL	96.73	11395
GCL	97.24	15285
GCL	97.74	22152
GCL	98.24	25968
GCL	98.74	26229
GCL	99.25	26349
GCL	99.75	26963
# ACGT content per cycle. Use `grep ^GCC | cut -f 2-` to extract this part. The columns are: cycle; A,C,G,T base counts as a percentage of all A/C/G/T bases [%]; and N and O counts as a percentage of all A/C/G/T bases [%]
GCC	1	29.98	20.05	20.00	29.97	0.00	0.00
GCC	2	29.82	20.20	20.17	29.80	0.05	0.00
GCC	3	29.60	20.41	20.39	29.60	0.00	0.00
GCC	4	29.12	20.91	20.87	29.11	0.00	0.00
GCC	5	29.23	20.80	20.80	29.17	0.00	0.00
GCC	6	28.97	21.06	21.03	28.95	0.00	0.00
GCC	7	29.05	20.96	20.95	29.04	0.00	0.00
GCC	8	29.12	20.90	20.89	29.09	0.00	0.00
GCC	9	29.11	20.91	20.90	29.07	0.00	0.00
GCC	10	28.98	21.05	21.03	28.95	0.00	0.00
GCC	11	29.06	20.96	20.95	29.03	0.00	0.00
GCC	12	29.02	21.01	20.97	29.00	0.00	0.00
GCC	13	29.10	20.94	20.90	29.07	0.00	0.00
GCC	14	29.10	20.93	20.92	29.05	0.00	0.00
GCC	15	29.15	20.89	20.86	29.11	0.00	0.00
GCC	16	29.09	20.94	20.90	29.08	0.00	0.00
GCC	17	29.04	20.99	20.98	28.99	0.00	0.00
GCC	18	29.01	21.02	20.98	28.99	0.00	0.00
GCC	19	29.00	21.04	21.01	28.96	0.00	0.00
GCC	20	28.93	21.12	21.08	28.87	0.00	0.00
GCC	21	28.92	21.09	21.09	28.89	0.00	0.00
GCC	22	28.92	21.11	21.08	28.89	0.00	0.00
GCC	23	28.83	21.18	21.18	28.81	0.00	0.00
GCC	24	28.89	21.15	21.11	28.85	0.00	0.00
GCC	25	28.85	21.18	21.17	28.80	0.00	0.00
GCC	26	28.78	21.26	21.22	28.75	0.00	0.00
GCC	27	28.80	21.22	21.22	28.76	0.00	0.00
GCC	28	28.77	21.26	21.24	28.73	0.00	0.00
GCC	29	28.74	21.29	21.26	28.71	0.00	0.00
GCC	30	28.70	21.32	21.29	28.69	0.00	0.00
GCC	31	28.68	21.36	21.34	28.63	0.00	0.00
GCC	32	28.66	21.37	21.35	28.63	0.00	0.00
GCC	33	28.67	21.34	21.35	28.64	0.00	0.00
GCC	34	28.63	21.40	21.36	28.60	0.00	0.00
GCC	35	28.64	21.40	21.37	28.59	0.00	0.00
GCC	36	28.64	21.40	21.38	28.58	0.00	0.00
GCC	37	28.58	21.45	21.45	28.53	0.00	0.00
GCC	38	28.66	21.38	21.36	28.60	0.00	0.00
GCC	39	28.60	21.44	21.41	28.55	0.00	0.00
GCC	40	28.58	21.46	21.42	28.53	0.00	0.00
GCC	41	28.54	21.48	21.47	28.50	0.00	0.00
GCC	42	28.58	21.46	21.43	28.53	0.00	0.00
GCC	43	28.54	21.48	21.47	28.50	0.00	0.00
GCC	44	28.55	21.49	21.46	28.50	0.00	0.00
GCC	45	28.56	21.49	21.44	28.51	0.00	0.00
GCC	46	28.52	21.53	21.49	28.46	0.00	0.00
GCC	47	28.56	21.48	21.46	28.50	0.00	0.00
GCC	48	28.56	21.48	21.46	28.49	0.00	0.00
GCC	49	28.51	21.53	21.49	28.47	0.00	0.00
GCC	50	28.55	21.48	21.45	28.52	0.00	0.00
GCC	51	28.49	21.56	21.51	28.45	0.00	0.00
GCC	52	28.51	21.52	21.50	28.47	0.00	0.00
GCC	53	28.49	21.56	21.50	28.45	0.00	0.00
GCC	54	28.53	21.52	21.48	28.48	0.01	0.00
GCC	55	28.50	21.53	21.50	28.46	0.00	0.00
GCC	56	28.50	21.55	21.51	28.44	0.01	0.00
GCC	57	28.46	21.58	21.53	28.43	0.00	0.00
GCC	58	28.44	21.59	21.54	28.43	0.00	0.00
GCC	59	28.50	21.54	21.50	28.45	0.00	0.00
GCC	60	28.51	21.54	21.49	28.46	0.00	0.00
GCC	61	28.46	21.57	21.54	28.42	0.00	0.00
GCC	62	28.49	21.54	21.51	28.46	0.00	0.00
GCC	63	28.47	21.57	21.53	28.43	0.01	0.00
GCC	64	28.43	21.59	21.57	28.41	0.00	0.00
GCC	65	28.45	21.58	21.53	28.44	0.00	0.00
GCC	66	28.47	21.55	21.53	28.44	0.00	0.00
GCC	67	28.45	21.59	21.54	28.41	0.00	0.00
GCC	68	28.43	21.60	21.57	28.39	0.00	0.00
GCC	69	28.43	21.61	21.57	28.39	0.00	0.00
GCC	70	28.46	21.57	21.52	28.45	0.00	0.00
GCC	71	28.45	21.59	21.54	28.42	0.01	0.00
GCC	72	28.42	21.61	21.58	28.39	0.00	0.00
GCC	73	28.45	21.58	21.52	28.44	0.01	0.00
GCC	74	28.45	21.58	21.54	28.42	0.00	0.00
GCC	75	28.46	21.59	21.53	28.43	0.01	0.00
GCC	76	28.45	21.57	21.54	28.44	0.00	0.00
GCC	77	28.45	21.59	21.56	28.40	0.00	0.00
GCC	78	28.44	21.60	21.55	28.41	0.01	0.00
GCC	79	28.44	21.60	21.55	28.41	0.00	0.00
GCC	80	28.41	21.64	21.58	28.38	0.01	0.00
GCC	81	28.42	21.63	21.57	28.38	0.01	0.00
GCC	82	28.41	21.63	21.59	28.37	0.00	0.00
GCC	83	28.40	21.64	21.59	28.37	0.00	0.00
GCC	84	28.42	21.62	21.59	28.38	0.01	0.00
GCC	85	28.41	21.62	21.58	28.39	0.00	0.00
GCC	86	28.44	21.61	21.57	28.39	0.00	0.00
GCC	87	28.43	21.61	21.56	28.39	0.01	0.00
GCC	88	28.41	21.63	21.57	28.39	0.00	0.00
GCC	89	28.40	21.64	21.60	28.36	0.00	0.00
GCC	90	28.41	21.63	21.58	28.38	0.00	0.00
GCC	91	28.37	21.67	21.62	28.34	0.00	0.00
GCC	92	28.39	21.65	21.61	28.35	0.00	0.00
GCC	93	28.44	21.61	21.57	28.39	0.00	0.00
GCC	94	28.43	21.61	21.58	28.38	0.00	0.00
GCC	95	28.38	21.65	21.61	28.35	0.00	0.00
GCC	96	28.41	21.63	21.57	28.38	0.00	0.00
GCC	97	28.40	21.65	21.59	28.35	0.00	0.00
GCC	98	28.42	21.62	21.57	28.38	0.00	0.00
GCC	99	28.41	21.64	21.58	28.37	0.00	0.00
GCC	100	28.39	21.66	21.61	28.34	0.00	0.00
GCC	101	28.36	21.68	21.63	28.33	0.00	0.00
GCC	102	28.39	21.64	21.62	28.35	0.00	0.00
GCC	103	28.36	21.68	21.63	28.32	0.00	0.00
GCC	104	28.39	21.65	21.61	28.35	0.01	0.00
GCC	105	28.40	21.66	21.62	28.33	0.00	0.00
GCC	106	28.39	21.66	21.62	28.33	0.01	0.00
GCC	107	28.42	21.61	21.58	28.39	0.00	0.00
GCC	108	28.39	21.65	21.61	28.35	0.00	0.00
GCC	109	28.39	21.65	21.61	28.35	0.00	0.00
GCC	110	28.39	21.65	21.61	28.35	0.00	0.00
GCC	111	28.39	21.67	21.62	28.33	0.00	0.00
GCC	112	28.36	21.70	21.63	28.31	0.00	0.00
GCC	113	28.37	21.68	21.63	28.32	0.00	0.00
GCC	114	28.36	21.69	21.62	28.32	0.00	0.00
GCC	115	28.38	21.68	21.62	28.33	0.00	0.00
GCC	116	28.40	21.64	21.59	28.37	0.00	0.00
GCC	117	28.37	21.68	21.63	28.32	0.01	0.00
GCC	118	28.37	21.67	21.62	28.34	0.00	0.00
GCC	119	28.38	21.66	21.60	28.35	0.01	0.00
GCC	120	28.38	21.66	21.61	28.35	0.01	0.00
GCC	121	28.37	21.67	21.63	28.33	0.00	0.00
GCC	122	28.36	21.68	21.63	28.33	0.00	0.00
GCC	123	28.37	21.69	21.62	28.32	0.01	0.00
GCC	124	28.35	21.68	21.64	28.32	0.01	0.00
GCC	125	28.37	21.68	21.63	28.32	0.01	0.00
GCC	126	28.36	21.69	21.63	28.32	0.00	0.00
GCC	127	28.35	21.70	21.64	28.31	0.01	0.00
GCC	128	28.36	21.70	21.63	28.32	0.00	0.00
GCC	129	28.35	21.70	21.65	28.30	0.00	0.00
GCC	130	28.35	21.69	21.63	28.33	0.00	0.00
GCC	131	28.34	21.69	21.63	28.34	0.00	0.00
GCC	132	28.35	21.70	21.65	28.30	0.01	0.00
GCC	133	28.36	21.69	21.62	28.33	0.00	0.00
GCC	134	28.34	21.70	21.65	28.31	0.00	0.00
GCC	135	28.34	21.70	21.66	28.30	0.00	0.00
GCC	136	28.32	21.72	21.67	28.29	0.00	0.00
GCC	137	28.31	21.74	21.68	28.27	0.01	0.00
GCC	138	28.32	21.73	21.66	28.28	0.00	0.00
GCC	139	28.34	21.72	21.65	28.29	0.00	0.00
GCC	140	28.33	21.72	21.66	28.29	0.00	0.00
GCC	141	28.36	21.70	21.63	28.31	0.00	0.00
GCC	142	28.35	21.70	21.62	28.32	0.00	0.00
GCC	143	28.35	21.71	21.65	28.30	0.00	0.00
GCC	144	28.35	21.70	21.62	28.32	0.00	0.00
GCC	145	28.31	21.74	21.66	28.28	0.01	0.00
GCC	146	28.31	21.74	21.67	28.29	0.00	0.00
GCC	147	28.31	21.75	21.67	28.27	0.01	0.00
GCC	148	28.31	21.74	21.67	28.27	0.01	0.00
GCC	149	28.32	21.73	21.66	28.28	0.00	0.00
GCC	150	28.30	21.75	21.68	28.27	0.00	0.00
GCC	151	28.32	21.73	21.67	28.29	0.00	0.00
GCC	152	28.33	21.74	21.67	28.27	0.00	0.00
GCC	153	28.32	21.74	21.67	28.27	0.00	0.00
GCC	154	28.29	21.76	21.69	28.25	0.01	0.00
GCC	155	28.30	21.75	21.69	28.25	0.01	0.00
GCC	156	28.31	21.74	21.68	28.27	0.00	0.00
GCC	157	28.30	21.75	21.68	28.27	0.00	0.00
GCC	158	28.31	21.75	21.69	28.26	0.00	0.00
GCC	159	28.30	21.75	21.70	28.25	0.00	0.00
GCC	160	28.27	21.77	21.73	28.23	0.00	0.00
GCC	161	28.31	21.76	21.69	28.24	0.00	0.00
GCC	162	28.30	21.77	21.69	28.25	0.01	0.00
GCC	163	28.28	21.77	21.71	28.24	0.01	0.00
GCC	164	28.29	21.78	21.71	28.23	0.01	0.00
GCC	165	28.26	21.78	21.71	28.24	0.00	0.00
GCC	166	28.29	21.76	21.71	28.23	0.01	0.00
GCC	167	28.25	21.79	21.74	28.21	0.00	0.00
GCC	168	28.27	21.78	21.73	28.21	0.01	0.00
GCC	169	28.25	21.81	21.74	28.20	0.00	0.00
GCC	170	28.27	21.80	21.73	28.21	0.00	0.00
GCC	171	28.24	21.80	21.75	28.21	0.00	0.00
GCC	172	28.27	21.78	21.72	28.23	0.00	0.00
GCC	173	28.25	21.80	21.73	28.22	0.00	0.00
GCC	174	28.22	21.82	21.76	28.20	0.00	0.00
GCC	175	28.24	21.81	21.75	28.20	0.00	0.00
GCC	176	28.25	21.80	21.73	28.22	0.00	0.00
GCC	177	28.23	21.82	21.76	28.19	0.00	0.00
GCC	178	28.23	21.82	21.75	28.19	0.00	0.00
GCC	179	28.22	21.84	21.76	28.18	0.00	0.00
GCC	180	28.22	21.83	21.76	28.20	0.00	0.00
GCC	181	28.24	21.80	21.75	28.21	0.00	0.00
GCC	182	28.24	21.80	21.75	28.21	0.00	0.00
GCC	183	28.22	21.83	21.77	28.19	0.01	0.00
GCC	184	28.23	21.83	21.76	28.17	0.00	0.00
GCC	185	28.21	21.85	21.78	28.16	0.00	0.00
GCC	186	28.18	21.86	21.81	28.14	0.00	0.00
GCC	187	28.20	21.85	21.78	28.16	0.01	0.00
GCC	188	28.21	21.85	21.78	28.16	0.00	0.00
GCC	189	28.18	21.86	21.81	28.15	0.00	0.00
GCC	190	28.18	21.87	21.81	28.14	0.00	0.00
GCC	191	28.18	21.86	21.80	28.16	0.00	0.00
GCC	192	28.18	21.87	21.80	28.14	0.00	0.00
GCC	193	28.15	21.91	21.83	28.11	0.00	0.00
GCC	194	28.16	21.90	21.82	28.12	0.00	0.00
GCC	195	28.13	21.93	21.85	28.09	0.07	0.00
GCC	196	28.16	21.89	21.82	28.13	0.00	0.00
GCC	197	28.19	21.87	21.80	28.14	0.00	0.00
GCC	198	28.16	21.89	21.82	28.13	0.00	0.00
GCC	199	28.15	21.90	21.82	28.13	0.00	0.00
GCC	200	28.15	21.92	21.84	28.10	0.00	0.00
GCC	201	28.16	21.90	21.83	28.11	0.00	0.00
GCC	202	28.12	21.92	21.86	28.09	0.00	0.00
GCC	203	28.15	21.90	21.83	28.12	0.00	0.00
GCC	204	28.14	21.90	21.85	28.11	0.00	0.00
GCC	205	28.11	21.95	21.87	28.07	0.00	0.00
GCC	206	28.11	21.94	21.87	28.09	0.00	0.00
GCC	207	28.10	21.96	21.88	28.06	0.00	0.00
GCC	208	28.11	21.95	21.87	28.06	0.00	0.00
GCC	209	28.08	21.99	21.91	28.03	0.00	0.00
GCC	210	28.10	21.95	21.88	28.07	0.00	0.00
GCC	211	28.12	21.93	21.85	28.11	0.00	0.00
GCC	212	28.09	21.97	21.89	28.06	0.00	0.00
GCC	213	28.08	21.97	21.89	28.05	0.00	0.00
GCC	214	28.08	21.97	21.89	28.05	0.00	0.00
GCC	215	28.09	21.96	21.89	28.05	0.00	0.00
GCC	216	28.09	21.97	21.89	28.05	0.00	0.00
GCC	217	28.08	21.98	21.89	28.05	0.00	0.00
GCC	218	28.06	21.99	21.93	28.03	0.00	0.00
GCC	219	28.06	22.00	21.93	28.02	0.00	0.00
GCC	220	28.06	21.99	21.93	28.02	0.00	0.00
GCC	221	28.06	21.99	21.92	28.03	0.00	0.00
GCC	222	28.06	22.00	21.91	28.03	0.00	0.00
GCC	223	28.03	22.02	21.96	27.99	0.00	0.00
GCC	224	28.04	22.02	21.95	28.00	0.00	0.00
GCC	225	28.02	22.03	21.97	27.98	0.00	0.00
GCC	226	28.07	21.99	21.93	28.01	0.00	0.00
GCC	227	28.02	22.04	21.97	27.98	0.00	0.00
GCC	228	28.04	22.02	21.96	27.98	0.00	0.00
GCC	229	28.04	22.02	21.95	27.99	0.00	0.00
GCC	230	28.01	22.05	21.98	27.96	0.00	0.00
GCC	231	27.98	22.08	22.00	27.94	0.00	0.00
GCC	232	27.98	22.08	22.00	27.95	0.00	0.00
GCC	233	28.00	22.05	21.99	27.96	0.00	0.00
GCC	234	27.98	22.08	22.02	27.91	0.00	0.00
GCC	235	27.95	22.10	22.03	27.91	0.00	0.00
GCC	236	27.95	22.10	22.04	27.91	0.00	0.00
GCC	237	27.95	22.11	22.03	27.92	0.00	0.00
GCC	238	27.97	22.09	22.02	27.92	0.00	0.00
GCC	239	27.96	22.08	22.03	27.93	0.00	0.00
GCC	240	27.94	22.10	22.05	27.90	0.00	0.00
GCC	241	27.94	22.11	22.05	27.90	0.00	0.00
GCC	242	27.96	22.10	22.02	27.93	0.00	0.00
GCC	243	27.95	22.11	22.03	27.91	0.00	0.00
GCC	244	27.91	22.16	22.06	27.87	0.00	0.00
GCC	245	27.89	22.16	22.09	27.86	0.00	0.00
GCC	246	27.88	22.18	22.10	27.84	0.00	0.00
GCC	247	27.83	22.22	22.15	27.79	0.00	0.00
GCC	248	27.84	22.21	22.14	27.80	0.00	0.00
GCC	249	27.84	22.22	22.14	27.80	0.00	0.00
GCC	250	27.86	22.20	22.12	27.81	0.00	0.00
# ACGT content per cycle, read oriented. Use `grep ^GCT | cut -f 2-` to extract this part. The columns are: cycle; A,C,G,T base counts as a percentage of all A/C/G/T bases [%]
GCT	1	31.64	21.42	18.62	28.32
GCT	2	30.88	19.32	21.05	28.75
GCT	3	29.03	20.51	20.29	30.17
GCT	4	28.75	20.70	21.07	29.48
GCT	5	28.98	20.24	21.36	29.42
GCT	6	29.30	20.73	21.36	28.61
GCT	7	29.17	20.26	21.64	28.93
GCT	8	29.07	20.71	21.08	29.14
GCT	9	28.78	20.84	20.98	29.41
GCT	10	29.01	20.96	21.11	28.92
GCT	11	29.05	20.97	20.94	29.04
GCT	12	29.12	21.01	20.97	28.90
GCT	13	29.18	20.87	20.97	28.99
GCT	14	29.32	20.87	20.97	28.84
GCT	15	29.24	20.88	20.86	29.01
GCT	16	29.19	20.87	20.96	28.98
GCT	17	29.16	20.99	20.99	28.86
GCT	18	29.05	21.04	20.96	28.95
GCT	19	28.97	20.99	21.05	28.98
GCT	20	29.00	21.07	21.13	28.80
GCT	21	29.07	21.07	21.11	28.75
GCT	22	28.98	21.13	21.05	28.84
GCT	23	28.82	21.28	21.08	28.82
GCT	24	28.96	21.12	21.14	28.78
GCT	25	28.84	21.09	21.26	28.81
GCT	26	28.81	21.17	21.30	28.71
GCT	27	28.84	21.22	21.22	28.72
GCT	28	28.80	21.28	21.22	28.71
GCT	29	28.81	21.27	21.28	28.64
GCT	30	28.73	21.26	21.35	28.66
GCT	31	28.68	21.30	21.40	28.62
GCT	32	28.71	21.31	21.40	28.57
GCT	33	28.74	21.26	21.43	28.57
GCT	34	28.65	21.28	21.48	28.59
GCT	35	28.71	21.32	21.45	28.52
GCT	36	28.69	21.29	21.49	28.54
GCT	37	28.64	21.38	21.51	28.47
GCT	38	28.74	21.32	21.41	28.52
GCT	39	28.66	21.36	21.49	28.49
GCT	40	28.70	21.36	21.53	28.41
GCT	41	28.63	21.45	21.51	28.42
GCT	42	28.56	21.46	21.43	28.55
GCT	43	28.59	21.51	21.45	28.45
GCT	44	28.70	21.47	21.48	28.35
GCT	45	28.63	21.44	21.49	28.44
GCT	46	28.61	21.52	21.50	28.37
GCT	47	28.68	21.44	21.50	28.37
GCT	48	28.60	21.39	21.55	28.46
GCT	49	28.59	21.41	21.61	28.38
GCT	50	28.69	21.38	21.55	28.38
GCT	51	28.61	21.50	21.57	28.33
GCT	52	28.65	21.50	21.52	28.34
GCT	53	28.58	21.47	21.59	28.36
GCT	54	28.54	21.44	21.55	28.46
GCT	55	28.61	21.47	21.57	28.35
GCT	56	28.62	21.48	21.58	28.32
GCT	57	28.56	21.50	21.61	28.33
GCT	58	28.63	21.52	21.61	28.24
GCT	59	28.62	21.47	21.57	28.34
GCT	60	28.62	21.50	21.54	28.35
GCT	61	28.55	21.54	21.58	28.34
GCT	62	28.57	21.49	21.56	28.37
GCT	63	28.58	21.48	21.62	28.32
GCT	64	28.55	21.50	21.66	28.29
GCT	65	28.57	21.47	21.64	28.32
GCT	66	28.58	21.49	21.60	28.33
GCT	67	28.60	21.49	21.65	28.27
GCT	68	28.58	21.48	21.69	28.25
GCT	69	28.57	21.57	21.61	28.26
GCT	70	28.62	21.47	21.62	28.29
GCT	71	28.53	21.46	21.67	28.34
GCT	72	28.52	21.55	21.64	28.29
GCT	73	28.60	21.51	21.59	28.29
GCT	74	28.61	21.51	21.61	28.27
GCT	75	28.59	21.53	21.59	28.29
GCT	76	28.60	21.47	21.64	28.29
GCT	77	28.53	21.47	21.69	28.31
GCT	78	28.57	21.51	21.63	28.28
GCT	79	28.58	21.47	21.68	28.28
GCT	80	28.53	21.48	21.74	28.25
GCT	81	28.57	21.50	21.71	28.23
GCT	82	28.57	21.51	21.71	28.21
GCT	83	28.55	21.54	21.69	28.22
GCT	84	28.54	21.54	21.66	28.25
GCT	85	28.55	21.52	21.68	28.24
GCT	86	28.57	21.54	21.64	28.25
GCT	87	28.55	21.50	21.67	28.27
GCT	88	28.55	21.49	21.71	28.25
GCT	89	28.58	21.52	21.73	28.18
GCT	90	28.58	21.54	21.68	28.21
GCT	91	28.49	21.58	21.72	28.22
GCT	92	28.52	21.58	21.69	28.21
GCT	93	28.56	21.48	21.69	28.26
GCT	94	28.55	21.49	21.70	28.26
GCT	95	28.48	21.55	21.72	28.25
GCT	96	28.55	21.55	21.66	28.24
GCT	97	28.55	21.54	21.70	28.21
GCT	98	28.57	21.50	21.70	28.23
GCT	99	28.56	21.48	21.74	28.22
GCT	100	28.52	21.54	21.73	28.20
GCT	101	28.54	21.58	21.73	28.15
GCT	102	28.54	21.58	21.68	28.20
GCT	103	28.48	21.63	21.68	28.20
GCT	104	28.55	21.58	21.68	28.19
GCT	105	28.55	21.54	21.73	28.17
GCT	106	28.55	21.53	21.76	28.17
GCT	107	28.59	21.46	21.73	28.22
GCT	108	28.57	21.49	21.77	28.17
GCT	109	28.57	21.48	21.78	28.17
GCT	110	28.55	21.53	21.73	28.19
GCT	111	28.55	21.57	21.72	28.16
GCT	112	28.55	21.58	21.75	28.12
GCT	113	28.56	21.60	21.71	28.12
GCT	114	28.52	21.60	21.71	28.16
GCT	115	28.52	21.57	21.72	28.19
GCT	116	28.56	21.48	21.75	28.21
GCT	117	28.52	21.53	21.78	28.17
GCT	118	28.55	21.56	21.73	28.16
GCT	119	28.57	21.55	21.71	28.17
GCT	120	28.56	21.52	21.75	28.18
GCT	121	28.55	21.55	21.75	28.15
GCT	122	28.51	21.55	21.76	28.18
GCT	123	28.51	21.57	21.73	28.18
GCT	124	28.53	21.55	21.77	28.14
GCT	125	28.53	21.57	21.74	28.16
GCT	126	28.51	21.58	21.73	28.18
GCT	127	28.51	21.59	21.74	28.15
GCT	128	28.54	21.57	21.76	28.14
GCT	129	28.51	21.57	21.78	28.14
GCT	130	28.55	21.53	21.78	28.14
GCT	131	28.56	21.55	21.77	28.12
GCT	132	28.51	21.59	21.77	28.13
GCT	133	28.51	21.58	21.73	28.18
GCT	134	28.52	21.62	21.74	28.12
GCT	135	28.53	21.60	21.76	28.12
GCT	136	28.51	21.59	21.80	28.10
GCT	137	28.47	21.59	21.83	28.11
GCT	138	28.50	21.60	21.79	28.10
GCT	139	28.52	21.56	21.81	28.11
GCT	140	28.49	21.54	21.83	28.13
GCT	141	28.50	21.56	21.77	28.17
GCT	142	28.52	21.57	21.76	28.15
GCT	143	28.52	21.60	21.76	28.12
GCT	144	28.54	21.55	21.77	28.14
GCT	145	28.48	21.58	21.82	28.12
GCT	146	28.48	21.59	21.81	28.12
GCT	147	28.46	21.60	21.82	28.12
GCT	148	28.48	21.60	21.82	28.11
GCT	149	28.49	21.58	21.82	28.11
GCT	150	28.48	21.56	21.87	28.08
GCT	151	28.51	21.57	21.82	28.10
GCT	152	28.48	21.60	21.81	28.12
GCT	153	28.47	21.62	21.80	28.12
GCT	154	28.48	21.60	21.85	28.07
GCT	155	28.47	21.62	21.82	28.09
GCT	156	28.47	21.61	21.80	28.12
GCT	157	28.49	21.60	21.82	28.08
GCT	158	28.49	21.58	21.86	28.07
GCT	159	28.48	21.59	21.86	28.07
GCT	160	28.43	21.63	21.87	28.07
GCT	161	28.44	21.58	21.87	28.11
GCT	162	28.45	21.56	21.89	28.10
GCT	163	28.46	21.58	21.90	28.06
GCT	164	28.47	21.61	21.88	28.04
GCT	165	28.46	21.62	21.88	28.05
GCT	166	28.44	21.59	21.89	28.09
GCT	167	28.46	21.57	21.97	28.01
GCT	168	28.46	21.58	21.94	28.03
GCT	169	28.42	21.59	21.96	28.03
GCT	170	28.45	21.58	21.94	28.03
GCT	171	28.44	21.58	21.97	28.01
GCT	172	28.44	21.56	21.94	28.06
GCT	173	28.42	21.57	21.95	28.05
GCT	174	28.41	21.61	21.97	28.01
GCT	175	28.44	21.59	21.96	28.01
GCT	176	28.44	21.59	21.93	28.03
GCT	177	28.40	21.60	21.98	28.02
GCT	178	28.43	21.59	21.99	27.99
GCT	179	28.40	21.57	22.03	27.99
GCT	180	28.43	21.58	22.00	27.99
GCT	181	28.44	21.57	21.98	28.01
GCT	182	28.42	21.57	21.98	28.03
GCT	183	28.38	21.59	22.01	28.03
GCT	184	28.41	21.57	22.02	28.00
GCT	185	28.37	21.58	22.05	28.00
GCT	186	28.34	21.60	22.08	27.99
GCT	187	28.38	21.57	22.06	27.98
GCT	188	28.38	21.58	22.05	27.99
GCT	189	28.35	21.57	22.10	27.98
GCT	190	28.39	21.56	22.11	27.94
GCT	191	28.38	21.56	22.10	27.96
GCT	192	28.37	21.56	22.11	27.96
GCT	193	28.33	21.59	22.15	27.93
GCT	194	28.33	21.56	22.16	27.95
GCT	195	28.32	21.60	22.18	27.91
GCT	196	28.36	21.56	22.15	27.93
GCT	197	28.39	21.54	22.13	27.94
GCT	198	28.36	21.53	22.18	27.93
GCT	199	28.37	21.54	22.19	27.91
GCT	200	28.35	21.55	22.21	27.89
GCT	201	28.36	21.54	22.19	27.91
GCT	202	28.34	21.57	22.21	27.88
GCT	203	28.38	21.57	22.16	27.89
GCT	204	28.32	21.56	22.19	27.93
GCT	205	28.29	21.60	22.21	27.90
GCT	206	28.29	21.57	22.23	27.90
GCT	207	28.29	21.58	22.25	27.88
GCT	208	28.29	21.55	22.28	27.88
GCT	209	28.25	21.55	22.35	27.86
GCT	210	28.28	21.56	22.26	27.90
GCT	211	28.31	21.54	22.23	27.91
GCT	212	28.26	21.52	22.33	27.89
GCT	213	28.25	21.57	22.30	27.89
GCT	214	28.27	21.58	22.28	27.87
GCT	215	28.27	21.54	22.32	27.87
GCT	216	28.27	21.55	22.31	27.87
GCT	217	28.22	21.56	22.31	27.90
GCT	218	28.21	21.54	22.37	27.88
GCT	219	28.23	21.57	22.35	27.85
GCT	220	28.25	21.51	22.41	27.83
GCT	221	28.25	21.50	22.41	27.84
GCT	222	28.26	21.51	22.40	27.83
GCT	223	28.23	21.54	22.44	27.78
GCT	224	28.22	21.56	22.41	27.81
GCT	225	28.19	21.57	22.43	27.80
GCT	226	28.27	21.51	22.41	27.81
GCT	227	28.21	21.54	22.47	27.78
GCT	228	28.22	21.54	22.44	27.80
GCT	229	28.20	21.53	22.44	27.83
GCT	230	28.18	21.54	22.49	27.79
GCT	231	28.15	21.53	22.56	27.76
GCT	232	28.16	21.50	22.57	27.76
GCT	233	28.18	21.51	22.53	27.78
GCT	234	28.13	21.52	22.58	27.76
GCT	235	28.11	21.53	22.60	27.75
GCT	236	28.11	21.54	22.61	27.75
GCT	237	28.14	21.54	22.60	27.73
GCT	238	28.16	21.52	22.60	27.72
GCT	239	28.12	21.53	22.58	27.77
GCT	240	28.10	21.54	22.62	27.75
GCT	241	28.09	21.52	22.64	27.74
GCT	242	28.13	21.51	22.61	27.75
GCT	243	28.11	21.49	22.65	27.75
GCT	244	28.06	21.51	22.71	27.72
GCT	245	28.07	21.50	22.75	27.67
GCT	246	28.05	21.51	22.78	27.66
GCT	247	27.99	21.55	22.83	27.64
GCT	248	28.00	21.53	22.82	27.64
GCT	249	28.00	21.52	22.85	27.64
GCT	250	28.01	21.48	22.85	27.66
# ACGT content per cycle for first fragments. Use `grep ^FBC | cut -f 2-` to extract this part. The columns are: cycle; A,C,G,T base counts as a percentage of all A/C/G/T bases [%]; and N and O counts as a percentage of all A/C/G/T bases [%]
FBC	1	29.74	20.30	20.22	29.75	0.00	0.00
FBC	2	29.70	20.34	20.27	29.70	0.10	0.00
FBC	3	29.56	20.46	20.42	29.56	0.00	0.00
FBC	4	29.07	20.95	20.89	29.09	0.00	0.00
FBC	5	29.12	20.90	20.89	29.08	0.00	0.00
FBC	6	28.90	21.13	21.08	28.89	0.00	0.00
FBC	7	28.96	21.03	21.03	28.98	0.00	0.00
FBC	8	29.02	20.99	20.98	29.01	0.00	0.00
FBC	9	29.04	21.00	20.96	29.01	0.00	0.00
FBC	10	28.90	21.12	21.10	28.88	0.00	0.00
FBC	11	28.97	21.06	21.02	28.95	0.00	0.00
FBC	12	28.92	21.11	21.05	28.92	0.00	0.00
FBC	13	28.97	21.06	21.02	28.95	0.00	0.00
FBC	14	28.96	21.07	21.04	28.93	0.00	0.00
FBC	15	29.02	21.01	20.98	28.98	0.00	0.00
FBC	16	28.98	21.03	20.99	29.00	0.00	0.00
FBC	17	28.93	21.10	21.09	28.88	0.00	0.00
FBC	18	28.90	21.12	21.08	28.89	0.00	0.00
FBC	19	28.88	21.14	21.13	28.85	0.00	0.00
FBC	20	28.81	21.22	21.19	28.78	0.00	0.00
FBC	21	28.80	21.21	21.21	28.78	0.00	0.00
FBC	22	28.79	21.23	21.19	28.79	0.00	0.00
FBC	23	28.72	21.29	21.29	28.70	0.00	0.00
FBC	24	28.77	21.26	21.22	28.76	0.00	0.00
FBC	25	28.74	21.28	21.26	28.71	0.00	0.00
FBC	26	28.68	21.34	21.31	28.67	0.00	0.00
FBC	27	28.70	21.30	21.31	28.68	0.00	0.00
FBC	28	28.68	21.34	21.32	28.66	0.00	0.00
FBC	29	28.65	21.37	21.35	28.63	0.00	0.00
FBC	30	28.61	21.41	21.37	28.61	0.00	0.00
FBC	31	28.57	21.45	21.43	28.55	0.00	0.00
FBC	32	28.55	21.47	21.44	28.54	0.00	0.00
FBC	33	28.59	21.43	21.43	28.56	0.00	0.00
FBC	34	28.54	21.49	21.45	28.52	0.00	0.00
FBC	35	28.54	21.48	21.46	28.52	0.00	0.00
FBC	36	28.55	21.48	21.46	28.51	0.00	0.00
FBC	37	28.48	21.53	21.52	28.46	0.00	0.00
FBC	38	28.57	21.46	21.42	28.55	0.00	0.00
FBC	39	28.51	21.51	21.49	28.49	0.00	0.00
FBC	40	28.50	21.54	21.50	28.47	0.00	0.00
FBC	41	28.46	21.56	21.54	28.44	0.00	0.00
FBC	42	28.48	21.54	21.50	28.48	0.00	0.00
FBC	43	28.44	21.57	21.55	28.43	0.00	0.00
FBC	44	28.46	21.57	21.53	28.43	0.00	0.00
FBC	45	28.48	21.56	21.51	28.46	0.00	0.00
FBC	46	28.44	21.60	21.56	28.40	0.00	0.00
FBC	47	28.48	21.56	21.53	28.43	0.00	0.00
FBC	48	28.48	21.56	21.52	28.43	0.00	0.00
FBC	49	28.43	21.60	21.56	28.41	0.00	0.00
FBC	50	28.46	21.55	21.53	28.45	0.00	0.00
FBC	51	28.40	21.64	21.58	28.38	0.00	0.00
FBC	52	28.43	21.61	21.57	28.39	0.00	0.00
FBC	53	28.41	21.63	21.58	28.38	0.00	0.00
FBC	54	28.44	21.60	21.55	28.41	0.02	0.00
FBC	55	28.42	21.60	21.57	28.41	0.00	0.00
FBC	56	28.42	21.63	21.58	28.37	0.01	0.00
FBC	57	28.38	21.65	21.60	28.37	0.00	0.00
FBC	58	28.36	21.67	21.61	28.36	0.01	0.00
FBC	59	28.43	21.63	21.57	28.38	0.00	0.00
FBC	60	28.44	21.61	21.55	28.39	0.00	0.00
FBC	61	28.40	21.64	21.61	28.36	0.00	0.00
FBC	62	28.41	21.62	21.58	28.39	0.00	0.00
FBC	63	28.42	21.64	21.58	28.37	0.03	0.00
FBC	64	28.36	21.65	21.63	28.35	0.00	0.00
FBC	65	28.38	21.64	21.60	28.38	0.00	0.00
FBC	66	28.40	21.63	21.59	28.38	0.00	0.00
FBC	67	28.39	21.66	21.60	28.35	0.00	0.00
FBC	68	28.35	21.67	21.63	28.34	0.00	0.00
FBC	69	28.38	21.67	21.62	28.32	0.01	0.00
FBC	70	28.40	21.64	21.58	28.39	0.00	0.00
FBC	71	28.39	21.65	21.60	28.36	0.02	0.00
FBC	72	28.34	21.68	21.65	28.32	0.00	0.00
FBC	73	28.39	21.64	21.58	28.39	0.02	0.00
FBC	74	28.38	21.65	21.61	28.36	0.00	0.00
FBC	75	28.39	21.65	21.60	28.36	0.02	0.00
FBC	76	28.40	21.63	21.59	28.39	0.01	0.00
FBC	77	28.37	21.67	21.62	28.34	0.01	0.00
FBC	78	28.37	21.66	21.61	28.36	0.01	0.00
FBC	79	28.38	21.65	21.60	28.37	0.01	0.00
FBC	80	28.34	21.69	21.64	28.33	0.01	0.00
FBC	81	28.36	21.69	21.63	28.32	0.01	0.00
FBC	82	28.34	21.69	21.65	28.31	0.01	0.00
FBC	83	28.35	21.69	21.64	28.33	0.00	0.00
FBC	84	28.35	21.68	21.65	28.32	0.01	0.00
FBC	85	28.35	21.68	21.64	28.33	0.01	0.00
FBC	86	28.37	21.66	21.62	28.35	0.00	0.00
FBC	87	28.37	21.68	21.61	28.34	0.01	0.00
FBC	88	28.35	21.69	21.61	28.34	0.00	0.00
FBC	89	28.33	21.71	21.65	28.32	0.00	0.00
FBC	90	28.34	21.69	21.64	28.33	0.00	0.00
FBC	91	28.30	21.73	21.67	28.30	0.01	0.00
FBC	92	28.32	21.72	21.66	28.30	0.00	0.00
FBC	93	28.37	21.67	21.63	28.34	0.01	0.00
FBC	94	28.36	21.66	21.63	28.34	0.01	0.00
FBC	95	28.33	21.71	21.66	28.30	0.01	0.00
FBC	96	28.35	21.69	21.63	28.34	0.01	0.00
FBC	97	28.35	21.71	21.63	28.31	0.01	0.00
FBC	98	28.37	21.68	21.62	28.33	0.01	0.00
FBC	99	28.36	21.68	21.63	28.33	0.01	0.00
FBC	100	28.35	21.71	21.65	28.30	0.01	0.00
FBC	101	28.31	21.73	21.68	28.28	0.01	0.00
FBC	102	28.35	21.69	21.66	28.31	0.01	0.00
FBC	103	28.31	21.74	21.68	28.28	0.00	0.00
FBC	104	28.34	21.70	21.65	28.31	0.01	0.00
FBC	105	28.35	21.71	21.66	28.28	0.01	0.00
FBC	106	28.34	21.71	21.66	28.29	0.01	0.00
FBC	107	28.36	21.66	21.63	28.35	0.00	0.00
FBC	108	28.36	21.69	21.64	28.31	0.00	0.00
FBC	109	28.34	21.70	21.64	28.31	0.01	0.00
FBC	110	28.34	21.70	21.65	28.31	0.01	0.00
FBC	111	28.34	21.71	21.65	28.29	0.01	0.00
FBC	112	28.31	21.74	21.67	28.28	0.00	0.00
FBC	113	28.34	21.71	21.67	28.28	0.01	0.00
FBC	114	28.32	21.73	21.66	28.29	0.00	0.00
FBC	115	28.33	21.73	21.65	28.29	0.01	0.00
FBC	116	28.36	21.67	21.62	28.35	0.01	0.00
FBC	117	28.32	21.71	21.66	28.31	0.02	0.00
FBC	118	28.32	21.72	21.65	28.31	0.01	0.00
FBC	119	28.35	21.70	21.63	28.32	0.02	0.00
FBC	120	28.35	21.69	21.64	28.32	0.02	0.00
FBC	121	28.34	21.70	21.66	28.30	0.01	0.00
FBC	122	28.33	21.72	21.66	28.29	0.01	0.00
FBC	123	28.34	21.72	21.65	28.29	0.01	0.00
FBC	124	28.32	21.72	21.67	28.28	0.01	0.00
FBC	125	28.33	21.71	21.66	28.29	0.01	0.00
FBC	126	28.33	21.72	21.66	28.29	0.01	0.00
FBC	127	28.31	21.74	21.67	28.28	0.01	0.00
FBC	128	28.31	21.74	21.66	28.29	0.01	0.00
FBC	129	28.32	21.72	21.67	28.28	0.00	0.00
FBC	130	28.32	21.72	21.65	28.31	0.01	0.00
FBC	131	28.33	21.72	21.66	28.29	0.00	0.00
FBC	132	28.32	21.73	21.67	28.28	0.02	0.00
FBC	133	28.33	21.72	21.65	28.30	0.01	0.00
FBC	134	28.30	21.72	21.69	28.28	0.01	0.00
FBC	135	28.32	21.72	21.68	28.28	0.01	0.00
FBC	136	28.29	21.74	21.70	28.27	0.01	0.00
FBC	137	28.29	21.76	21.71	28.24	0.01	0.00
FBC	138	28.29	21.75	21.69	28.27	0.01	0.00
FBC	139	28.31	21.75	21.67	28.27	0.00	0.00
FBC	140	28.31	21.74	21.68	28.27	0.00	0.00
FBC	141	28.33	21.73	21.66	28.28	0.00	0.00
FBC	142	28.32	21.73	21.65	28.30	0.00	0.00
FBC	143	28.31	21.74	21.68	28.27	0.01	0.00
FBC	144	28.32	21.73	21.64	28.30	0.01	0.00
FBC	145	28.29	21.75	21.68	28.28	0.01	0.00
FBC	146	28.30	21.74	21.67	28.28	0.01	0.00
FBC	147	28.29	21.75	21.69	28.27	0.02	0.00
FBC	148	28.29	21.76	21.69	28.26	0.01	0.00
FBC	149	28.29	21.76	21.70	28.26	0.00	0.00
FBC	150	28.29	21.76	21.69	28.25	0.00	0.00
FBC	151	28.30	21.74	21.68	28.28	0.01	0.00
FBC	152	28.32	21.74	21.68	28.27	0.00	0.00
FBC	153	28.29	21.76	21.69	28.26	0.01	0.00
FBC	154	28.28	21.77	21.70	28.24	0.02	0.00
FBC	155	28.29	21.75	21.70	28.26	0.01	0.00
FBC	156	28.30	21.74	21.69	28.27	0.00	0.00
FBC	157	28.29	21.75	21.69	28.27	0.00	0.00
FBC	158	28.31	21.74	21.69	28.26	0.00	0.00
FBC	159	28.28	21.75	21.70	28.27	0.00	0.00
FBC	160	28.26	21.77	21.73	28.24	0.00	0.00
FBC	161	28.31	21.75	21.68	28.25	0.01	0.00
FBC	162	28.29	21.77	21.69	28.25	0.01	0.00
FBC	163	28.28	21.77	21.70	28.26	0.01	0.00
FBC	164	28.28	21.78	21.70	28.24	0.01	0.00
FBC	165	28.26	21.76	21.71	28.26	0.01	0.00
FBC	166	28.29	21.75	21.71	28.25	0.01	0.00
FBC	167	28.26	21.78	21.73	28.24	0.01	0.00
FBC	168	28.28	21.77	21.72	28.24	0.01	0.00
FBC	169	28.26	21.79	21.73	28.22	0.01	0.00
FBC	170	28.28	21.78	21.72	28.22	0.01	0.00
FBC	171	28.26	21.78	21.73	28.23	0.00	0.00
FBC	172	28.27	21.78	21.72	28.23	0.00	0.00
FBC	173	28.25	21.80	21.73	28.22	0.01	0.00
FBC	174	28.23	21.81	21.75	28.22	0.00	0.00
FBC	175	28.24	21.80	21.74	28.22	0.01	0.00
FBC	176	28.26	21.78	21.72	28.24	0.00	0.00
FBC	177	28.25	21.80	21.73	28.22	0.01	0.00
FBC	178	28.25	21.79	21.73	28.22	0.00	0.00
FBC	179	28.24	21.80	21.74	28.22	0.01	0.00
FBC	180	28.25	21.79	21.73	28.23	0.00	0.00
FBC	181	28.26	21.77	21.73	28.24	0.00	0.00
FBC	182	28.26	21.77	21.73	28.24	0.00	0.00
FBC	183	28.22	21.82	21.76	28.21	0.01	0.00
FBC	184	28.25	21.80	21.74	28.21	0.00	0.00
FBC	185	28.23	21.82	21.76	28.20	0.01	0.00
FBC	186	28.20	21.84	21.79	28.17	0.01	0.00
FBC	187	28.22	21.83	21.75	28.20	0.02	0.00
FBC	188	28.24	21.82	21.75	28.19	0.00	0.00
FBC	189	28.21	21.82	21.78	28.19	0.00	0.00
FBC	190	28.21	21.83	21.77	28.20	0.01	0.00
FBC	191	28.20	21.84	21.78	28.19	0.01	0.00
FBC	192	28.21	21.83	21.77	28.19	0.00	0.00
FBC	193	28.20	21.85	21.78	28.17	0.00	0.00
FBC	194	28.20	21.85	21.78	28.17	0.01	0.00
FBC	195	28.19	21.86	21.78	28.17	0.13	0.00
FBC	196	28.21	21.84	21.77	28.18	0.00	0.00
FBC	197	28.22	21.82	21.76	28.19	0.00	0.00
FBC	198	28.20	21.84	21.78	28.17	0.00	0.00
FBC	199	28.19	21.85	21.78	28.18	0.00	0.00
FBC	200	28.19	21.86	21.79	28.16	0.00	0.00
FBC	201	28.21	21.84	21.78	28.17	0.00	0.00
FBC	202	28.19	21.85	21.79	28.17	0.00	0.00
FBC	203	28.18	21.85	21.80	28.17	0.00	0.00
FBC	204	28.16	21.86	21.83	28.15	0.00	0.00
FBC	205	28.17	21.89	21.82	28.13	0.00	0.00
FBC	206	28.16	21.88	21.82	28.14	0.00	0.00
FBC	207	28.17	21.88	21.82	28.13	0.00	0.00
FBC	208	28.17	21.88	21.81	28.14	0.00	0.00
FBC	209	28.18	21.88	21.81	28.14	0.00	0.00
FBC	210	28.17	21.87	21.80	28.16	0.00	0.00
FBC	211	28.15	21.88	21.80	28.17	0.00	0.00
FBC	212	28.16	21.89	21.82	28.14	0.00	0.00
FBC	213	28.14	21.89	21.83	28.14	0.00	0.00
FBC	214	28.15	21.89	21.82	28.14	0.00	0.00
FBC	215	28.16	21.87	21.82	28.15	0.00	0.00
FBC	216	28.18	21.86	21.81	28.15	0.00	0.00
FBC	217	28.13	21.92	21.82	28.13	0.00	0.00
FBC	218	28.15	21.88	21.84	28.13	0.00	0.00
FBC	219	28.16	21.89	21.83	28.12	0.00	0.00
FBC	220	28.16	21.88	21.83	28.12	0.00	0.00
FBC	221	28.17	21.88	21.82	28.13	0.00	0.00
FBC	222	28.16	21.90	21.81	28.13	0.00	0.00
FBC	223	28.14	21.90	21.85	28.11	0.00	0.00
FBC	224	28.13	21.91	21.85	28.12	0.00	0.00
FBC	225	28.13	21.91	21.87	28.09	0.00	0.00
FBC	226	28.15	21.91	21.84	28.10	0.00	0.00
FBC	227	28.12	21.92	21.85	28.11	0.00	0.00
FBC	228	28.12	21.93	21.87	28.08	0.00	0.00
FBC	229	28.12	21.93	21.86	28.09	0.00	0.00
FBC	230	28.09	21.95	21.90	28.06	0.00	0.00
FBC	231	28.10	21.95	21.88	28.08	0.00	0.00
FBC	232	28.07	21.97	21.92	28.05	0.00	0.00
FBC	233	28.09	21.95	21.90	28.06	0.00	0.00
FBC	234	28.10	21.96	21.91	28.03	0.00	0.00
FBC	235	28.05	21.99	21.92	28.03	0.00	0.00
FBC	236	28.06	21.99	21.92	28.03	0.00	0.00
FBC	237	28.04	22.00	21.94	28.03	0.00	0.00
FBC	238	28.10	21.94	21.89	28.07	0.00	0.00
FBC	239	28.10	21.94	21.89	28.07	0.00	0.00
FBC	240	28.06	21.97	21.94	28.03	0.00	0.00
FBC	241	28.04	21.99	21.95	28.01	0.00	0.00
FBC	242	28.08	21.96	21.90	28.07	0.00	0.00
FBC	243	28.10	21.95	21.89	28.06	0.00	0.00
FBC	244	28.05	22.02	21.93	28.00	0.00	0.00
FBC	245	28.06	21.99	21.92	28.03	0.00	0.00
FBC	246	28.02	22.02	21.97	27.99	0.00	0.00
FBC	247	28.00	22.05	22.00	27.95	0.00	0.00
FBC	248	27.99	22.05	21.98	27.97	0.00	0.00
FBC	249	28.04	22.01	21.95	28.01	0.00	0.00
FBC	250	28.02	22.03	21.96	27.99	0.00	0.00
# ACGT raw counters for first fragments. Use `grep ^FTC | cut -f 2-` to extract this part. The columns are: A,C,G,T,N base counters
FTC	2412973134	1843384662	1838989990	2410771847	456986
# ACGT content per cycle for last fragments. Use `grep ^LBC | cut -f 2-` to extract this part. The columns are: cycle; A,C,G,T base counts as a percentage of all A/C/G/T bases [%]; and N and O counts as a percentage of all A/C/G/T bases [%]
LBC	1	30.23	19.80	19.77	30.19	0.00	0.00
LBC	2	29.95	20.07	20.07	29.91	0.00	0.00
LBC	3	29.65	20.35	20.37	29.63	0.00	0.00
LBC	4	29.16	20.87	20.84	29.13	0.00	0.00
LBC	5	29.33	20.70	20.70	29.27	0.00	0.00
LBC	6	29.03	20.99	20.97	29.01	0.00	0.00
LBC	7	29.14	20.88	20.87	29.11	0.00	0.00
LBC	8	29.22	20.82	20.80	29.17	0.00	0.00
LBC	9	29.19	20.83	20.84	29.14	0.00	0.00
LBC	10	29.06	20.97	20.95	29.02	0.00	0.00
LBC	11	29.15	20.87	20.88	29.11	0.00	0.00
LBC	12	29.12	20.91	20.89	29.09	0.00	0.00
LBC	13	29.22	20.81	20.78	29.20	0.00	0.00
LBC	14	29.24	20.79	20.80	29.18	0.00	0.00
LBC	15	29.28	20.76	20.73	29.23	0.00	0.00
LBC	16	29.19	20.85	20.80	29.16	0.00	0.00
LBC	17	29.15	20.89	20.88	29.09	0.00	0.00
LBC	18	29.13	20.91	20.88	29.08	0.00	0.00
LBC	19	29.11	20.93	20.89	29.07	0.00	0.00
LBC	20	29.05	21.02	20.97	28.97	0.00	0.00
LBC	21	29.05	20.97	20.98	29.00	0.00	0.00
LBC	22	29.06	20.99	20.96	29.00	0.00	0.00
LBC	23	28.95	21.08	21.06	28.91	0.00	0.00
LBC	24	29.01	21.04	21.00	28.95	0.00	0.00
LBC	25	28.95	21.08	21.08	28.89	0.00	0.00
LBC	26	28.87	21.17	21.13	28.83	0.00	0.00
LBC	27	28.90	21.14	21.12	28.84	0.00	0.00
LBC	28	28.87	21.18	21.15	28.80	0.00	0.00
LBC	29	28.83	21.21	21.18	28.78	0.00	0.00
LBC	30	28.79	21.23	21.21	28.77	0.00	0.00
LBC	31	28.78	21.27	21.25	28.70	0.00	0.00
LBC	32	28.77	21.27	21.25	28.71	0.00	0.00
LBC	33	28.76	21.25	21.26	28.72	0.00	0.00
LBC	34	28.73	21.32	21.27	28.68	0.00	0.00
LBC	35	28.74	21.31	21.29	28.66	0.00	0.00
LBC	36	28.73	21.32	21.30	28.65	0.00	0.00
LBC	37	28.67	21.37	21.37	28.60	0.00	0.00
LBC	38	28.75	21.30	21.30	28.65	0.00	0.00
LBC	39	28.68	21.36	21.34	28.62	0.00	0.00
LBC	40	28.67	21.38	21.35	28.59	0.00	0.00
LBC	41	28.62	21.41	21.40	28.57	0.00	0.00
LBC	42	28.68	21.38	21.36	28.58	0.00	0.00
LBC	43	28.63	21.40	21.39	28.58	0.00	0.00
LBC	44	28.63	21.41	21.38	28.58	0.00	0.00
LBC	45	28.64	21.41	21.38	28.57	0.00	0.00
LBC	46	28.61	21.45	21.41	28.52	0.00	0.00
LBC	47	28.65	21.41	21.39	28.56	0.00	0.00
LBC	48	28.65	21.40	21.40	28.55	0.00	0.00
LBC	49	28.58	21.46	21.43	28.54	0.00	0.00
LBC	50	28.63	21.40	21.38	28.59	0.00	0.00
LBC	51	28.57	21.48	21.43	28.52	0.00	0.00
LBC	52	28.60	21.43	21.43	28.54	0.00	0.00
LBC	53	28.58	21.48	21.42	28.51	0.00	0.00
LBC	54	28.61	21.44	21.41	28.54	0.00	0.00
LBC	55	28.58	21.46	21.44	28.51	0.00	0.00
LBC	56	28.58	21.48	21.43	28.51	0.00	0.00
LBC	57	28.55	21.51	21.46	28.48	0.00	0.00
LBC	58	28.51	21.52	21.48	28.50	0.00	0.00
LBC	59	28.58	21.46	21.44	28.53	0.00	0.00
LBC	60	28.57	21.47	21.43	28.52	0.00	0.00
LBC	61	28.53	21.51	21.47	28.49	0.00	0.00
LBC	62	28.57	21.46	21.45	28.52	0.00	0.00
LBC	63	28.53	21.51	21.47	28.49	0.00	0.00
LBC	64	28.50	21.53	21.50	28.47	0.00	0.00
LBC	65	28.52	21.51	21.47	28.50	0.00	0.00
LBC	66	28.54	21.48	21.47	28.51	0.00	0.00
LBC	67	28.52	21.53	21.48	28.47	0.00	0.00
LBC	68	28.51	21.53	21.51	28.45	0.00	0.00
LBC	69	28.48	21.55	21.52	28.45	0.00	0.00
LBC	70	28.53	21.51	21.45	28.51	0.00	0.00
LBC	71	28.52	21.52	21.49	28.47	0.00	0.00
LBC	72	28.50	21.54	21.50	28.46	0.00	0.00
LBC	73	28.51	21.53	21.46	28.49	0.00	0.00
LBC	74	28.52	21.51	21.48	28.49	0.00	0.00
LBC	75	28.52	21.52	21.47	28.50	0.00	0.00
LBC	76	28.51	21.51	21.49	28.49	0.00	0.00
LBC	77	28.52	21.52	21.51	28.45	0.00	0.00
LBC	78	28.51	21.53	21.49	28.46	0.00	0.00
LBC	79	28.51	21.54	21.49	28.46	0.00	0.00
LBC	80	28.48	21.59	21.52	28.42	0.00	0.00
LBC	81	28.48	21.57	21.52	28.43	0.00	0.00
LBC	82	28.48	21.57	21.53	28.42	0.00	0.00
LBC	83	28.46	21.58	21.54	28.42	0.00	0.00
LBC	84	28.48	21.56	21.52	28.44	0.00	0.00
LBC	85	28.48	21.56	21.52	28.44	0.00	0.00
LBC	86	28.50	21.56	21.52	28.42	0.00	0.00
LBC	87	28.49	21.54	21.51	28.45	0.00	0.00
LBC	88	28.47	21.57	21.52	28.43	0.00	0.00
LBC	89	28.47	21.58	21.55	28.40	0.00	0.00
LBC	90	28.47	21.57	21.53	28.43	0.00	0.00
LBC	91	28.44	21.61	21.58	28.38	0.00	0.00
LBC	92	28.46	21.58	21.56	28.40	0.00	0.00
LBC	93	28.50	21.55	21.51	28.44	0.00	0.00
LBC	94	28.49	21.56	21.53	28.43	0.00	0.00
LBC	95	28.44	21.59	21.56	28.41	0.00	0.00
LBC	96	28.48	21.58	21.52	28.42	0.00	0.00
LBC	97	28.46	21.60	21.55	28.40	0.00	0.00
LBC	98	28.47	21.57	21.53	28.43	0.00	0.00
LBC	99	28.47	21.59	21.53	28.42	0.00	0.00
LBC	100	28.42	21.61	21.57	28.39	0.00	0.00
LBC	101	28.42	21.62	21.58	28.37	0.00	0.00
LBC	102	28.43	21.60	21.58	28.39	0.00	0.00
LBC	103	28.42	21.63	21.59	28.37	0.00	0.00
LBC	104	28.44	21.60	21.57	28.39	0.00	0.00
LBC	105	28.44	21.62	21.57	28.37	0.00	0.00
LBC	106	28.44	21.61	21.58	28.37	0.00	0.00
LBC	107	28.48	21.56	21.53	28.43	0.00	0.00
LBC	108	28.43	21.61	21.57	28.39	0.00	0.00
LBC	109	28.44	21.61	21.58	28.38	0.00	0.00
LBC	110	28.44	21.61	21.57	28.38	0.00	0.00
LBC	111	28.43	21.63	21.58	28.36	0.00	0.00
LBC	112	28.40	21.65	21.60	28.34	0.00	0.00
LBC	113	28.40	21.65	21.60	28.35	0.00	0.00
LBC	114	28.41	21.65	21.59	28.35	0.00	0.00
LBC	115	28.44	21.62	21.58	28.36	0.00	0.00
LBC	116	28.43	21.61	21.57	28.40	0.00	0.00
LBC	117	28.42	21.64	21.60	28.34	0.00	0.00
LBC	118	28.42	21.63	21.58	28.37	0.00	0.00
LBC	119	28.42	21.63	21.57	28.38	0.00	0.00
LBC	120	28.41	21.63	21.58	28.38	0.00	0.00
LBC	121	28.41	21.64	21.60	28.35	0.00	0.00
LBC	122	28.40	21.64	21.59	28.37	0.00	0.00
LBC	123	28.41	21.65	21.59	28.35	0.00	0.00
LBC	124	28.39	21.64	21.61	28.36	0.00	0.00
LBC	125	28.40	21.65	21.60	28.35	0.00	0.00
LBC	126	28.40	21.65	21.59	28.36	0.00	0.00
LBC	127	28.40	21.66	21.60	28.34	0.00	0.00
LBC	128	28.40	21.65	21.59	28.35	0.00	0.00
LBC	129	28.38	21.68	21.63	28.31	0.00	0.00
LBC	130	28.39	21.65	21.60	28.36	0.00	0.00
LBC	131	28.36	21.65	21.60	28.38	0.00	0.00
LBC	132	28.37	21.68	21.63	28.32	0.00	0.00
LBC	133	28.39	21.66	21.59	28.36	0.00	0.00
LBC	134	28.37	21.68	21.62	28.33	0.00	0.00
LBC	135	28.37	21.67	21.64	28.33	0.00	0.00
LBC	136	28.36	21.70	21.63	28.31	0.00	0.00
LBC	137	28.34	21.71	21.65	28.30	0.00	0.00
LBC	138	28.35	21.72	21.64	28.29	0.00	0.00
LBC	139	28.37	21.69	21.62	28.31	0.00	0.00
LBC	140	28.36	21.70	21.63	28.31	0.00	0.00
LBC	141	28.39	21.67	21.60	28.34	0.00	0.00
LBC	142	28.38	21.68	21.60	28.34	0.00	0.00
LBC	143	28.39	21.68	21.61	28.32	0.00	0.00
LBC	144	28.38	21.67	21.60	28.35	0.00	0.00
LBC	145	28.34	21.73	21.64	28.29	0.00	0.00
LBC	146	28.32	21.73	21.66	28.29	0.00	0.00
LBC	147	28.33	21.74	21.65	28.28	0.00	0.00
LBC	148	28.34	21.72	21.66	28.29	0.00	0.00
LBC	149	28.36	21.71	21.63	28.30	0.00	0.00
LBC	150	28.31	21.73	21.67	28.28	0.00	0.00
LBC	151	28.34	21.72	21.65	28.29	0.00	0.00
LBC	152	28.34	21.74	21.65	28.27	0.00	0.00
LBC	153	28.34	21.73	21.65	28.28	0.00	0.00
LBC	154	28.30	21.76	21.68	28.26	0.00	0.00
LBC	155	28.32	21.76	21.68	28.25	0.00	0.00
LBC	156	28.31	21.74	21.67	28.28	0.00	0.00
LBC	157	28.31	21.75	21.66	28.28	0.00	0.00
LBC	158	28.31	21.75	21.69	28.25	0.00	0.00
LBC	159	28.32	21.76	21.69	28.24	0.00	0.00
LBC	160	28.28	21.77	21.72	28.23	0.00	0.00
LBC	161	28.31	21.77	21.69	28.23	0.00	0.00
LBC	162	28.31	21.76	21.69	28.24	0.00	0.00
LBC	163	28.28	21.78	21.72	28.22	0.00	0.00
LBC	164	28.29	21.78	21.72	28.21	0.00	0.00
LBC	165	28.26	21.80	21.72	28.23	0.00	0.00
LBC	166	28.29	21.78	21.72	28.22	0.00	0.00
LBC	167	28.25	21.81	21.75	28.19	0.00	0.00
LBC	168	28.26	21.80	21.75	28.19	0.00	0.00
LBC	169	28.24	21.83	21.76	28.17	0.00	0.00
LBC	170	28.25	21.82	21.73	28.20	0.00	0.00
LBC	171	28.22	21.82	21.77	28.18	0.00	0.00
LBC	172	28.26	21.79	21.73	28.23	0.00	0.00
LBC	173	28.26	21.79	21.72	28.23	0.00	0.00
LBC	174	28.21	21.83	21.77	28.18	0.00	0.00
LBC	175	28.24	21.82	21.76	28.19	0.00	0.00
LBC	176	28.25	21.81	21.73	28.21	0.00	0.00
LBC	177	28.22	21.84	21.78	28.16	0.00	0.00
LBC	178	28.21	21.85	21.77	28.16	0.00	0.00
LBC	179	28.19	21.88	21.79	28.14	0.00	0.00
LBC	180	28.20	21.86	21.78	28.16	0.00	0.00
LBC	181	28.22	21.83	21.77	28.18	0.00	0.00
LBC	182	28.22	21.83	21.77	28.18	0.00	0.00
LBC	183	28.22	21.84	21.77	28.17	0.00	0.00
LBC	184	28.21	21.87	21.79	28.14	0.00	0.00
LBC	185	28.19	21.88	21.80	28.13	0.00	0.00
LBC	186	28.17	21.89	21.83	28.11	0.00	0.00
LBC	187	28.18	21.88	21.81	28.13	0.00	0.00
LBC	188	28.18	21.89	21.80	28.13	0.00	0.00
LBC	189	28.15	21.90	21.84	28.11	0.00	0.00
LBC	190	28.16	21.90	21.85	28.09	0.00	0.00
LBC	191	28.17	21.88	21.83	28.12	0.00	0.00
LBC	192	28.16	21.92	21.83	28.09	0.00	0.00
LBC	193	28.09	21.98	21.88	28.05	0.00	0.00
LBC	194	28.12	21.95	21.86	28.07	0.00	0.00
LBC	195	28.07	22.00	21.91	28.01	0.00	0.00
LBC	196	28.11	21.95	21.87	28.07	0.00	0.00
LBC	197	28.16	21.92	21.83	28.09	0.00	0.00
LBC	198	28.12	21.93	21.87	28.08	0.00	0.00
LBC	199	28.12	21.94	21.87	28.08	0.00	0.00
LBC	200	28.10	21.97	21.90	28.03	0.00	0.00
LBC	201	28.11	21.95	21.89	28.06	0.00	0.00
LBC	202	28.06	21.99	21.92	28.02	0.00	0.00
LBC	203	28.12	21.94	21.87	28.07	0.00	0.00
LBC	204	28.11	21.94	21.87	28.08	0.00	0.00
LBC	205	28.06	22.01	21.92	28.01	0.00	0.00
LBC	206	28.06	21.99	21.92	28.03	0.00	0.00
LBC	207	28.04	22.04	21.93	27.99	0.00	0.00
LBC	208	28.05	22.03	21.94	27.98	0.00	0.00
LBC	209	27.98	22.10	22.01	27.92	0.00	0.00
LBC	210	28.03	22.03	21.96	27.99	0.00	0.00
LBC	211	28.08	21.97	21.90	28.05	0.00	0.00
LBC	212	28.02	22.05	21.95	27.98	0.00	0.00
LBC	213	28.02	22.05	21.96	27.96	0.00	0.00
LBC	214	28.02	22.05	21.96	27.97	0.00	0.00
LBC	215	28.02	22.06	21.97	27.96	0.00	0.00
LBC	216	28.00	22.07	21.97	27.95	0.00	0.00
LBC	217	28.02	22.04	21.97	27.97	0.00	0.00
LBC	218	27.97	22.10	22.01	27.92	0.00	0.00
LBC	219	27.96	22.11	22.03	27.91	0.00	0.00
LBC	220	27.96	22.10	22.02	27.92	0.00	0.00
LBC	221	27.95	22.10	22.03	27.92	0.00	0.00
LBC	222	27.97	22.09	22.01	27.92	0.00	0.00
LBC	223	27.92	22.14	22.07	27.86	0.00	0.00
LBC	224	27.95	22.14	22.04	27.87	0.00	0.00
LBC	225	27.91	22.15	22.08	27.86	0.00	0.00
LBC	226	27.99	22.07	22.01	27.93	0.00	0.00
LBC	227	27.91	22.16	22.08	27.84	0.00	0.00
LBC	228	27.96	22.12	22.04	27.89	0.00	0.00
LBC	229	27.95	22.11	22.05	27.89	0.00	0.00
LBC	230	27.92	22.15	22.06	27.87	0.00	0.00
LBC	231	27.85	22.22	22.13	27.80	0.00	0.00
LBC	232	27.89	22.18	22.08	27.84	0.00	0.00
LBC	233	27.91	22.15	22.08	27.85	0.00	0.00
LBC	234	27.86	22.21	22.14	27.79	0.00	0.00
LBC	235	27.84	22.21	22.14	27.80	0.00	0.00
LBC	236	27.84	22.22	22.16	27.78	0.00	0.00
LBC	237	27.86	22.22	22.12	27.80	0.00	0.00
LBC	238	27.83	22.25	22.16	27.76	0.00	0.00
LBC	239	27.83	22.23	22.16	27.78	0.00	0.00
LBC	240	27.82	22.24	22.17	27.78	0.00	0.00
LBC	241	27.84	22.23	22.15	27.78	0.00	0.00
LBC	242	27.84	22.24	22.13	27.78	0.00	0.00
LBC	243	27.80	22.27	22.17	27.75	0.00	0.00
LBC	244	27.77	22.30	22.19	27.74	0.00	0.00
LBC	245	27.73	22.34	22.25	27.68	0.00	0.00
LBC	246	27.74	22.34	22.24	27.68	0.00	0.00
LBC	247	27.67	22.40	22.30	27.63	0.00	0.00
LBC	248	27.69	22.38	22.30	27.63	0.00	0.00
LBC	249	27.63	22.44	22.34	27.59	0.00	0.00
LBC	250	27.70	22.38	22.28	27.64	0.00	0.00
# ACGT raw counters for last fragments. Use `grep ^LTC | cut -f 2-` to extract this part. The columns are: A,C,G,T,N base counters
LTC	2411750186	1837865415	1833380352	2407418536	3223
# Insert sizes. Use `grep ^IS | cut -f 2-` to extract this part. The columns are: insert size, pairs total, inward oriented pairs, outward oriented pairs, other pairs
IS	0	1395	0	3	1392
IS	1	1433	0	13	1420
IS	2	1154	0	116	1038
IS	3	820	0	109	711
IS	4	720	0	117	603
IS	5	866	0	167	699
IS	6	609	0	96	513
IS	7	245	0	109	136
IS	8	235	0	119	116
IS	9	247	0	123	124
IS	10	225	0	97	128
IS	11	212	0	107	105
IS	12	179	0	93	86
IS	13	208	0	103	105
IS	14	206	0	100	106
IS	15	179	0	83	96
IS	16	216	0	101	115
IS	17	213	0	106	107
IS	18	173	0	96	77
IS	19	864	336	452	76
IS	20	925	363	482	80
IS	21	708	281	358	69
IS	22	426	145	217	64
IS	23	287	70	157	60
IS	24	266	52	137	77
IS	25	248	52	131	65
IS	26	207	29	115	63
IS	27	174	26	107	41
IS	28	175	21	112	42
IS	29	218	28	137	53
IS	30	295	72	183	40
IS	31	274	59	178	37
IS	32	284	74	172	38
IS	33	317	100	199	18
IS	34	335	85	209	41
IS	35	355	92	241	22
IS	36	359	123	200	36
IS	37	384	141	211	32
IS	38	389	149	211	29
IS	39	406	140	228	38
IS	40	400	148	219	33
IS	41	423	138	259	26
IS	42	407	138	244	25
IS	43	436	145	268	23
IS	44	394	157	215	22
IS	45	445	174	259	12
IS	46	451	181	257	13
IS	47	403	157	235	11
IS	48	429	169	255	5
IS	49	412	182	221	9
IS	50	460	203	245	12
IS	51	467	200	256	11
IS	52	422	190	220	12
IS	53	495	196	278	21
IS	54	490	214	253	23
IS	55	537	214	284	39
IS	56	444	188	248	8
IS	57	452	188	256	8
IS	58	515	227	275	13
IS	59	494	213	270	11
IS	60	535	254	268	13
IS	61	479	204	264	11
IS	62	504	211	280	13
IS	63	531	256	259	16
IS	64	549	250	285	14
IS	65	543	230	299	14
IS	66	495	202	275	18
IS	67	518	221	285	12
IS	68	548	258	284	6
IS	69	528	235	284	9
IS	70	578	248	326	4
IS	71	511	231	274	6
IS	72	553	230	316	7
IS	73	574	265	301	8
IS	74	590	254	328	8
IS	75	586	276	302	8
IS	76	555	257	295	3
IS	77	532	255	273	4
IS	78	627	313	309	5
IS	79	639	276	356	7
IS	80	627	304	316	7
IS	81	628	296	328	4
IS	82	608	295	309	4
IS	83	592	293	294	5
IS	84	565	263	299	3
IS	85	681	339	338	4
IS	86	588	301	283	4
IS	87	587	270	311	6
IS	88	578	276	297	5
IS	89	618	304	308	6
IS	90	578	312	255	11
IS	91	572	287	276	9
IS	92	562	266	286	10
IS	93	551	273	263	15
IS	94	554	253	289	12
IS	95	535	265	260	10
IS	96	594	288	299	7
IS	97	558	274	275	9
IS	98	531	250	279	2
IS	99	614	308	296	10
IS	100	585	292	287	6
IS	101	614	284	323	7
IS	102	601	283	305	13
IS	103	648	310	333	5
IS	104	591	277	307	7
IS	105	620	304	313	3
IS	106	597	302	292	3
IS	107	649	299	345	5
IS	108	625	304	318	3
IS	109	569	270	297	2
IS	110	621	284	332	5
IS	111	624	276	343	5
IS	112	593	297	295	1
IS	113	597	300	294	3
IS	114	598	295	299	4
IS	115	608	289	318	1
IS	116	568	284	279	5
IS	117	559	259	297	3
IS	118	603	265	335	3
IS	119	568	285	278	5
IS	120	549	253	286	10
IS	121	562	276	285	1
IS	122	620	284	333	3
IS	123	554	250	304	0
IS	124	610	287	320	3
IS	125	603	279	320	4
IS	126	617	286	329	2
IS	127	615	295	319	1
IS	128	626	290	332	4
IS	129	635	288	341	6
IS	130	603	310	293	0
IS	131	633	310	322	1
IS	132	603	311	290	2
IS	133	565	265	295	5
IS	134	652	327	323	2
IS	135	686	323	359	4
IS	136	695	345	347	3
IS	137	639	303	334	2
IS	138	656	318	337	1
IS	139	660	316	340	4
IS	140	700	355	344	1
IS	141	667	329	337	1
IS	142	761	352	409	0
IS	143	730	325	405	0
IS	144	805	401	403	1
IS	145	806	400	406	0
IS	146	788	375	411	2
IS	147	870	407	463	0
IS	148	904	429	472	3
IS	149	928	456	470	2
IS	150	1088	498	590	0
IS	151	1358	637	717	4
IS	152	1454	646	807	1
IS	153	1500	631	868	1
IS	154	1550	696	854	0
IS	155	1577	724	851	2
IS	156	1718	749	966	3
IS	157	1642	743	895	4
IS	158	1698	783	910	5
IS	159	1685	711	971	3
IS	160	1746	788	956	2
IS	161	1617	712	902	3
IS	162	1700	775	924	1
IS	163	1668	769	898	1
IS	164	1705	797	907	1
IS	165	1718	782	933	3
IS	166	1773	781	992	0
IS	167	1653	726	926	1
IS	168	1710	770	939	1
IS	169	1740	773	965	2
IS	170	1823	847	976	0
IS	171	1747	781	964	2
IS	172	1804	775	1028	1
IS	173	1776	772	1002	2
IS	174	1741	763	977	1
IS	175	1871	844	1026	1
IS	176	1892	818	1074	0
IS	177	1893	887	1004	2
IS	178	2004	914	1089	1
IS	179	1925	871	1053	1
IS	180	1816	825	989	2
IS	181	1826	826	999	1
IS	182	1967	842	1122	3
IS	183	1939	821	1117	1
IS	184	1981	915	1064	2
IS	185	1997	901	1094	2
IS	186	1882	852	1029	1
IS	187	1988	904	1083	1
IS	188	1931	875	1056	0
IS	189	2053	912	1141	0
IS	190	1946	877	1067	2
IS	191	2029	924	1104	1
IS	192	2040	874	1166	0
IS	193	1966	871	1094	1
IS	194	1955	889	1066	0
IS	195	2037	893	1144	0
IS	196	2039	910	1127	2
IS	197	2027	912	1115	0
IS	198	2034	920	1114	0
IS	199	2070	944	1124	2
IS	200	2092	947	1145	0
IS	201	2147	933	1213	1
IS	202	2086	976	1109	1
IS	203	2068	947	1121	0
IS	204	2143	984	1158	1
IS	205	2153	986	1165	2
IS	206	2084	868	1215	1
IS	207	2113	981	1131	1
IS	208	2180	938	1242	0
IS	209	2180	984	1194	2
IS	210	2205	981	1224	0
IS	211	2183	974	1206	3
IS	212	2210	960	1248	2
IS	213	2253	1045	1206	2
IS	214	2250	1033	1217	0
IS	215	2186	991	1194	1
IS	216	2209	1008	1201	0
IS	217	2350	1090	1259	1
IS	218	2266	1015	1251	0
IS	219	2266	1035	1229	2
IS	220	2261	1028	1232	1
IS	221	2323	1042	1281	0
IS	222	2466	1138	1327	1
IS	223	2435	1107	1328	0
IS	224	2364	1081	1283	0
IS	225	2435	1113	1320	2
IS	226	2449	1095	1354	0
IS	227	2532	1187	1344	1
IS	228	2590	1202	1387	1
IS	229	2573	1195	1376	2
IS	230	2490	1136	1351	3
IS	231	2587	1144	1443	0
IS	232	2697	1223	1474	0
IS	233	2612	1202	1410	0
IS	234	2724	1243	1480	1
IS	235	2670	1267	1403	0
IS	236	2636	1218	1417	1
IS	237	2628	1226	1402	0
IS	238	2772	1249	1519	4
IS	239	2803	1238	1565	0
IS	240	2652	1222	1429	1
IS	241	2699	1262	1434	3
IS	242	2793	1335	1458	0
IS	243	2821	1272	1548	1
IS	244	2965	1403	1561	1
IS	245	2827	1274	1550	3
IS	246	2863	1346	1517	0
IS	247	2982	1314	1667	1
IS	248	2969	1159	1810	0
IS	249	2971	640	2331	0
IS	250	2991	1642	1348	1
IS	251	3061	3003	57	1
IS	252	3095	3068	27	0
IS	253	3157	3135	21	1
IS	254	3131	3120	11	0
IS	255	3220	3202	17	1
IS	256	3100	3089	10	1
IS	257	3114	3093	18	3
IS	258	3190	3181	7	2
IS	259	3375	3364	11	0
IS	260	3290	3277	12	1
IS	261	3387	3380	7	0
IS	262	3355	3346	9	0
IS	263	3452	3446	5	1
IS	264	3560	3555	4	1
IS	265	3520	3507	12	1
IS	266	3602	3596	6	0
IS	267	3482	3464	18	0
IS	268	3582	3576	5	1
IS	269	3646	3639	5	2
IS	270	3608	3600	8	0
IS	271	3786	3777	9	0
IS	272	3790	3781	9	0
IS	273	3823	3822	1	0
IS	274	3911	3902	7	2
IS	275	3968	3963	4	1
IS	276	3867	3860	5	2
IS	277	3878	3872	4	2
IS	278	4020	4010	6	4
IS	279	4045	4042	2	1
IS	280	3933	3930	3	0
IS	281	4117	4115	2	0
IS	282	4141	4134	2	5
IS	283	4435	4428	6	1
IS	284	4525	4519	5	1
IS	285	4294	4289	2	3
IS	286	4402	4394	5	3
IS	287	4386	4381	4	1
IS	288	4403	4393	7	3
IS	289	4653	4648	4	1
IS	290	4556	4552	2	2
IS	291	4685	4679	6	0
IS	292	4779	4774	4	1
IS	293	4750	4743	7	0
IS	294	5044	5042	1	1
IS	295	4949	4947	2	0
IS	296	5050	5047	2	1
IS	297	5229	5225	3	1
IS	298	5205	5202	2	1
IS	299	5119	5113	4	2
IS	300	5244	5240	3	1
IS	301	5233	5230	3	0
IS	302	5455	5447	6	2
IS	303	5590	5585	5	0
IS	304	5623	5622	0	1
IS	305	5701	5697	3	1
IS	306	5604	5594	4	6
IS	307	5700	5697	3	0
IS	308	5883	5873	10	0
IS	309	5931	5929	0	2
IS	310	6019	6015	2	2
IS	311	6217	6207	5	5
IS	312	6343	6339	3	1
IS	313	6198	6192	2	4
IS	314	6381	6371	5	5
IS	315	6620	6609	3	8
IS	316	6457	6443	4	10
IS	317	6724	6716	3	5
IS	318	6826	6824	1	1
IS	319	7016	7013	0	3
IS	320	6957	6956	1	0
IS	321	6939	6934	2	3
IS	322	7402	7396	4	2
IS	323	7488	7483	4	1
IS	324	7453	7448	4	1
IS	325	7704	7702	2	0
IS	326	7664	7662	2	0
IS	327	7686	7683	2	1
IS	328	7845	7839	4	2
IS	329	7999	7996	2	1
IS	330	8233	8228	3	2
IS	331	8333	8330	1	2
IS	332	8462	8459	1	2
IS	333	8625	8619	6	0
IS	334	8466	8464	1	1
IS	335	8677	8672	2	3
IS	336	8792	8789	3	0
IS	337	8943	8939	2	2
IS	338	9192	9189	2	1
IS	339	9045	9042	3	0
IS	340	9116	9109	5	2
IS	341	9601	9597	3	1
IS	342	9667	9665	0	2
IS	343	9897	9891	4	2
IS	344	9837	9832	0	5
IS	345	10074	10060	1	13
IS	346	10104	10086	4	14
IS	347	10399	10379	4	16
IS	348	10480	10464	2	14
IS	349	10556	10550	3	3
IS	350	10759	10751	3	5
IS	351	10914	10906	3	5
IS	352	11164	11150	2	12
IS	353	11241	11216	3	22
IS	354	11364	11343	1	20
IS	355	11821	11751	1	69
IS	356	11971	11813	2	156
IS	357	11988	11949	5	34
IS	358	12261	12247	2	12
IS	359	12307	12285	3	19
IS	360	12521	12503	5	13
IS	361	12626	12613	3	10
IS	362	12659	12651	0	8
IS	363	13116	13107	2	7
IS	364	13462	13453	2	7
IS	365	13414	13404	4	6
IS	366	13631	13623	3	5
IS	367	13835	13825	2	8
IS	368	13656	13653	1	2
IS	369	14216	14209	4	3
IS	370	14222	14217	2	3
IS	371	14736	14729	4	3
IS	372	14925	14920	2	3
IS	373	15069	15066	1	2
IS	374	15543	15536	2	5
IS	375	15735	15733	1	1
IS	376	15924	15915	4	5
IS	377	15856	15850	2	4
IS	378	16035	16028	1	6
IS	379	16446	16438	1	7
IS	380	16738	16732	5	1
IS	381	16663	16656	3	4
IS	382	17404	17398	3	3
IS	383	17476	17466	3	7
IS	384	17451	17448	1	2
IS	385	18146	18142	1	3
IS	386	18341	18340	1	0
IS	387	18320	18312	6	2
IS	388	18708	18705	2	1
IS	389	19026	19026	0	0
IS	390	19224	19216	5	3
IS	391	19365	19361	3	1
IS	392	19602	19597	2	3
IS	393	20098	20091	3	4
IS	394	20110	20102	6	2
IS	395	20624	20620	3	1
IS	396	20676	20675	1	0
IS	397	21149	21143	2	4
IS	398	21733	21729	2	2
IS	399	21910	21906	1	3
IS	400	22076	22072	2	2
IS	401	22362	22359	1	2
IS	402	22349	22345	1	3
IS	403	22867	22862	3	2
IS	404	23413	23411	2	0
IS	405	23603	23601	0	2
IS	406	23769	23759	1	9
IS	407	24623	24620	0	3
IS	408	24337	24333	1	3
IS	409	24956	24953	0	3
IS	410	25183	25180	1	2
IS	411	25545	25542	3	0
IS	412	25934	25932	2	0
IS	413	26423	26421	1	1
IS	414	26683	26678	2	3
IS	415	26999	26997	0	2
IS	416	27607	27604	1	2
IS	417	28056	28051	1	4
IS	418	28224	28210	1	13
IS	419	28431	28378	2	51
IS	420	28680	28646	1	33
IS	421	29215	29206	1	8
IS	422	29960	29957	1	2
IS	423	29954	29952	1	1
IS	424	30267	30264	1	2
IS	425	30722	30718	1	3
IS	426	31416	31413	1	2
IS	427	31810	31805	2	3
IS	428	32006	32004	1	1
IS	429	32402	32399	0	3
IS	430	32795	32793	2	0
IS	431	33189	33186	2	1
IS	432	33784	33780	2	2
IS	433	34019	34015	3	1
IS	434	34542	34538	2	2
IS	435	34963	34955	2	6
IS	436	35485	35478	1	6
IS	437	35929	35926	1	2
IS	438	36468	36464	1	3
IS	439	36987	36982	0	5
IS	440	37893	37890	2	1
IS	441	37682	37676	2	4
IS	442	38156	38152	1	3
IS	443	38644	38634	3	7
IS	444	38618	38608	3	7
IS	445	39318	39311	2	5
IS	446	39759	39758	1	0
IS	447	40055	40052	1	2
IS	448	40956	40953	1	2
IS	449	41545	41541	1	3
IS	450	41346	41340	1	5
IS	451	42058	42055	1	2
IS	452	42556	42550	1	5
IS	453	43236	43232	1	3
IS	454	43890	43889	0	1
IS	455	44313	44307	2	4
IS	456	44401	44397	1	3
IS	457	45020	45015	1	4
IS	458	45419	45414	4	1
IS	459	46354	46352	1	1
IS	460	46807	46805	1	1
IS	461	47119	47115	2	2
IS	462	47761	47758	2	1
IS	463	48141	48137	3	1
IS	464	48152	48148	1	3
IS	465	49237	49233	0	4
IS	466	49449	49445	1	3
IS	467	50429	50423	0	6
IS	468	50917	50913	1	3
IS	469	51360	51351	3	6
IS	470	51706	51700	2	4
IS	471	52050	52044	3	3
IS	472	52563	52559	2	2
IS	473	52734	52725	1	8
IS	474	53231	53218	0	13
IS	475	54004	53988	3	13
IS	476	54323	54295	3	25
IS	477	55296	55282	1	13
IS	478	55885	55878	2	5
IS	479	55868	55854	5	9
IS	480	56550	56548	1	1
IS	481	57171	57169	1	1
IS	482	57888	57887	1	0
IS	483	58047	58043	1	3
IS	484	58264	58256	2	6
IS	485	58727	58721	2	4
IS	486	59586	59566	2	18
IS	487	59327	59311	2	14
IS	488	60130	60125	3	2
IS	489	60318	60312	2	4
IS	490	61615	61612	2	1
IS	491	62016	62013	1	2
IS	492	61804	61801	0	3
IS	493	62843	62840	0	3
IS	494	63225	63223	1	1
IS	495	63502	63498	2	2
IS	496	64151	64150	0	1
IS	497	64322	64320	1	1
IS	498	65149	65149	0	0
IS	499	65612	65608	1	3
IS	500	65920	65915	3	2
IS	501	66765	66762	2	1
IS	502	66848	66848	0	0
IS	503	67046	67042	2	2
IS	504	67465	67460	2	3
IS	505	68165	68160	1	4
IS	506	68038	68032	2	4
IS	507	69242	69238	2	2
IS	508	68819	68812	2	5
IS	509	69861	69857	1	3
IS	510	69572	69568	3	1
IS	511	70456	70451	4	1
IS	512	70286	70283	3	0
IS	513	71570	71569	1	0
IS	514	71692	71687	3	2
IS	515	72425	72421	3	1
IS	516	72528	72526	0	2
IS	517	72576	72572	4	0
IS	518	73157	73156	0	1
IS	519	73797	73793	2	2
IS	520	73784	73783	1	0
IS	521	74051	74048	0	3
IS	522	74391	74387	1	3
IS	523	75075	75073	0	2
IS	524	75082	75081	0	1
IS	525	75816	75812	3	1
IS	526	75831	75826	3	2
IS	527	76731	76729	2	0
IS	528	76702	76697	1	4
IS	529	76767	76766	0	1
IS	530	76950	76945	1	4
IS	531	77452	77448	2	2
IS	532	77222	77218	3	1
IS	533	77966	77964	2	0
IS	534	78376	78371	3	2
IS	535	78556	78553	2	1
IS	536	78874	78869	2	3
IS	537	78795	78790	3	2
IS	538	79143	79139	2	2
IS	539	79282	79274	5	3
IS	540	79877	79870	5	2
IS	541	79667	79665	2	0
IS	542	80483	80478	4	1
IS	543	80610	80607	2	1
IS	544	80356	80353	3	0
IS	545	81178	81172	4	2
IS	546	81230	81221	5	4
IS	547	80448	80445	3	0
IS	548	81567	81562	4	1
IS	549	81872	81864	8	0
IS	550	81209	81205	4	0
IS	551	81933	81930	2	1
IS	552	82102	82094	8	0
IS	553	82288	82285	2	1
IS	554	82419	82412	7	0
IS	555	82846	82833	8	5
IS	556	82634	82628	5	1
IS	557	82691	82685	6	0
IS	558	82881	82877	3	1
IS	559	82552	82543	8	1
IS	560	83613	83609	4	0
IS	561	83545	83538	6	1
IS	562	83584	83576	6	2
IS	563	83586	83584	2	0
IS	564	83529	83528	1	0
IS	565	84453	84451	2	0
IS	566	83485	83478	3	4
IS	567	83790	83777	9	4
IS	568	84283	84272	6	5
IS	569	83749	83746	1	2
IS	570	84171	84161	10	0
IS	571	83884	83881	3	0
IS	572	84101	84092	5	4
IS	573	83743	83731	12	0
IS	574	83972	83965	5	2
IS	575	83667	83656	9	2
IS	576	84872	84869	2	1
IS	577	84187	84181	5	1
IS	578	84222	84219	2	1
IS	579	84347	84342	5	0
IS	580	84074	84071	3	0
IS	581	84184	84178	3	3
IS	582	84446	84438	6	2
IS	583	84293	84285	7	1
IS	584	84984	84980	4	0
IS	585	83719	83715	4	0
IS	586	84314	84307	4	3
IS	587	84719	84716	3	0
IS	588	84569	84566	3	0
IS	589	83897	83889	8	0
IS	590	84243	84240	3	0
IS	591	84184	84178	5	1
IS	592	83850	83845	5	0
IS	593	83500	83495	4	1
IS	594	84080	84072	8	0
IS	595	83593	83586	3	4
IS	596	83576	83571	5	0
IS	597	83859	83852	7	0
IS	598	83569	83566	2	1
IS	599	82948	82947	1	0
IS	600	83567	83565	0	2
IS	601	82907	82904	3	0
IS	602	83535	83533	1	1
IS	603	82863	82861	2	0
IS	604	82790	82788	1	1
IS	605	82488	82484	3	1
IS	606	83039	83037	1	1
IS	607	82391	82382	6	3
IS	608	82103	82095	7	1
IS	609	82454	82452	2	0
IS	610	82740	82739	1	0
IS	611	81478	81476	2	0
IS	612	82155	82151	3	1
IS	613	81572	81567	3	2
IS	614	81465	81462	2	1
IS	615	82131	82125	4	2
IS	616	81547	81544	2	1
IS	617	81139	81136	2	1
IS	618	81147	81145	2	0
IS	619	80800	80799	1	0
IS	620	80223	80222	0	1
IS	621	80496	80493	1	2
IS	622	80737	80733	4	0
IS	623	80280	80276	2	2
IS	624	80168	80164	3	1
IS	625	79979	79978	1	0
IS	626	79743	79740	2	1
IS	627	79722	79722	0	0
IS	628	79165	79159	5	1
IS	629	79339	79336	3	0
IS	630	79311	79309	2	0
IS	631	78920	78916	4	0
IS	632	78387	78387	0	0
IS	633	78033	78029	4	0
IS	634	78215	78213	2	0
IS	635	78148	78144	1	3
IS	636	77920	77919	0	1
IS	637	78016	78010	3	3
IS	638	77564	77562	2	0
IS	639	77387	77379	6	2
IS	640	77048	77045	3	0
IS	641	77159	77158	1	0
IS	642	76251	76250	0	1
IS	643	75863	75861	2	0
IS	644	76362	76356	5	1
IS	645	75613	75613	0	0
IS	646	75654	75651	1	2
IS	647	75020	75019	0	1
IS	648	74829	74826	1	2
IS	649	75025	75025	0	0
IS	650	74349	74347	2	0
IS	651	74369	74368	1	0
IS	652	74068	74067	1	0
IS	653	73963	73963	0	0
IS	654	74019	74017	2	0
IS	655	72768	72764	3	1
IS	656	73075	73073	2	0
IS	657	73140	73139	0	1
IS	658	73215	73213	2	0
IS	659	72289	72289	0	0
IS	660	72071	72067	3	1
IS	661	72127	72123	3	1
IS	662	71476	71475	0	1
IS	663	72333	72331	2	0
IS	664	70601	70597	2	2
IS	665	70933	70932	0	1
IS	666	71038	71036	2	0
IS	667	70422	70418	3	1
IS	668	70277	70277	0	0
IS	669	70109	70107	1	1
IS	670	69859	69857	1	1
IS	671	69485	69482	2	1
IS	672	68554	68553	0	1
IS	673	68564	68561	2	1
IS	674	68472	68468	2	2
IS	675	68484	68483	0	1
IS	676	67646	67643	2	1
IS	677	68122	68119	1	2
IS	678	67246	67244	2	0
IS	679	67124	67122	2	0
IS	680	67133	67131	2	0
IS	681	67323	67316	4	3
IS	682	66453	66449	1	3
IS	683	66382	66377	4	1
IS	684	65974	65971	2	1
IS	685	65723	65720	1	2
IS	686	65788	65785	2	1
IS	687	65036	65030	6	0
IS	688	64600	64598	2	0
IS	689	64380	64379	1	0
IS	690	64292	64286	5	1
IS	691	63601	63598	3	0
IS	692	63514	63514	0	0
IS	693	63677	63673	3	1
IS	694	62900	62894	5	1
IS	695	62734	62732	1	1
IS	696	62910	62909	1	0
IS	697	62314	62312	1	1
IS	698	62365	62360	5	0
IS	699	61967	61964	3	0
IS	700	61898	61896	2	0
IS	701	61366	61362	2	2
IS	702	61152	61150	2	0
IS	703	61072	61070	2	0
IS	704	60870	60868	1	1
IS	705	60611	60609	2	0
IS	706	59993	59992	1	0
IS	707	59860	59858	2	0
IS	708	59003	59001	1	1
IS	709	59031	59030	1	0
IS	710	59282	59281	0	1
IS	711	58583	58577	4	2
IS	712	58300	58296	4	0
IS	713	58216	58215	1	0
IS	714	58191	58190	1	0
IS	715	57176	57175	1	0
IS	716	57595	57591	4	0
IS	717	57532	57529	3	0
IS	718	56443	56443	0	0
IS	719	56596	56596	0	0
IS	720	56534	56532	1	1
IS	721	56531	56530	0	1
IS	722	56347	56344	3	0
IS	723	55990	55988	1	1
IS	724	55754	55750	4	0
IS	725	55629	55626	3	0
IS	726	54712	54711	1	0
IS	727	54920	54918	1	1
IS	728	54435	54432	1	2
IS	729	54374	54373	1	0
IS	730	54106	54106	0	0
IS	731	54241	54238	3	0
IS	732	53509	53506	1	2
IS	733	53530	53524	6	0
IS	734	53432	53432	0	0
IS	735	52790	52788	1	1
IS	736	52392	52388	3	1
IS	737	52694	52693	1	0
IS	738	52002	51999	1	2
IS	739	52026	52023	3	0
IS	740	51906	51905	0	1
IS	741	51709	51706	3	0
IS	742	51065	51062	1	2
IS	743	50896	50893	3	0
IS	744	50877	50875	2	0
IS	745	50502	50498	4	0
IS	746	49770	49768	2	0
IS	747	49715	49712	3	0
IS	748	49772	49772	0	0
IS	749	49502	49498	4	0
IS	750	49659	49658	0	1
IS	751	49295	49292	1	2
IS	752	48591	48588	2	1
IS	753	48669	48663	5	1
IS	754	48597	48596	0	1
IS	755	48830	48826	2	2
IS	756	47814	47809	5	0
IS	757	47818	47815	2	1
IS	758	47215	47210	5	0
IS	759	47436	47431	4	1
IS	760	47070	47065	5	0
IS	761	47221	47221	0	0
IS	762	46497	46497	0	0
IS	763	46754	46754	0	0
IS	764	46472	46469	2	1
IS	765	46186	46182	4	0
IS	766	46158	46157	1	0
IS	767	45699	45698	1	0
IS	768	45671	45668	1	2
IS	769	45047	45045	1	1
IS	770	45235	45233	2	0
IS	771	45261	45257	4	0
IS	772	44870	44868	0	2
IS	773	44088	44085	3	0
IS	774	44883	44883	0	0
IS	775	44421	44419	2	0
IS	776	43805	43803	1	1
IS	777	43956	43954	2	0
IS	778	43698	43694	3	1
IS	779	43415	43410	1	4
IS	780	43369	43369	0	0
IS	781	42740	42740	0	0
IS	782	42424	42422	2	0
IS	783	42659	42658	1	0
IS	784	41840	41840	0	0
IS	785	42391	42389	2	0
IS	786	41751	41749	2	0
IS	787	41866	41862	2	2
IS	788	41456	41452	4	0
IS	789	41458	41456	2	0
IS	790	41612	41610	1	1
IS	791	40600	40594	5	1
IS	792	40504	40503	1	0
IS	793	40820	40820	0	0
IS	794	40292	40291	1	0
IS	795	40134	40128	5	1
IS	796	40201	40196	4	1
IS	797	40040	40039	1	0
IS	798	40003	40000	2	1
IS	799	39527	39527	0	0
IS	800	39571	39570	1	0
IS	801	39160	39157	2	1
IS	802	39215	39214	1	0
IS	803	39137	39134	2	1
IS	804	38663	38660	3	0
IS	805	38437	38436	1	0
IS	806	38445	38442	3	0
IS	807	38103	38103	0	0
IS	808	38135	38133	1	1
IS	809	37689	37687	2	0
IS	810	37595	37595	0	0
IS	811	37464	37462	2	0
IS	812	37326	37325	1	0
IS	813	37290	37289	0	1
IS	814	37058	37053	4	1
IS	815	37180	37178	1	1
IS	816	36999	36995	1	3
IS	817	36224	36222	1	1
IS	818	36796	36793	3	0
IS	819	36347	36347	0	0
IS	820	35930	35925	3	2
IS	821	36197	36194	3	0
IS	822	35792	35789	3	0
IS	823	35454	35453	1	0
IS	824	35661	35657	3	1
IS	825	35212	35210	2	0
IS	826	35117	35112	3	2
IS	827	35197	35195	1	1
IS	828	35288	35286	2	0
IS	829	34582	34580	2	0
IS	830	34338	34334	3	1
IS	831	34185	34182	2	1
IS	832	34312	34309	3	0
IS	833	34239	34235	3	1
IS	834	34064	34062	2	0
IS	835	34005	34004	0	1
IS	836	33753	33750	2	1
IS	837	33373	33370	3	0
IS	838	33627	33620	4	3
IS	839	33487	33483	3	1
IS	840	33184	33182	1	1
IS	841	32926	32923	2	1
IS	842	32968	32968	0	0
IS	843	32994	32991	3	0
IS	844	32616	32614	2	0
IS	845	32369	32367	1	1
IS	846	32599	32596	2	1
IS	847	32393	32391	1	1
IS	848	32156	32153	3	0
IS	849	32028	32026	2	0
IS	850	32080	32079	0	1
IS	851	31690	31687	2	1
IS	852	31985	31983	1	1
IS	853	31552	31549	2	1
IS	854	31098	31095	3	0
IS	855	31178	31176	2	0
IS	856	31063	31063	0	0
IS	857	30887	30884	2	1
IS	858	30917	30916	1	0
IS	859	31028	31027	1	0
IS	860	30388	30387	0	1
IS	861	30238	30237	1	0
IS	862	30315	30315	0	0
IS	863	29820	29817	2	1
IS	864	29696	29693	1	2
IS	865	29606	29606	0	0
IS	866	29191	29186	5	0
IS	867	29219	29218	0	1
IS	868	29134	29132	2	0
IS	869	28888	28884	1	3
IS	870	28832	28829	1	2
IS	871	28425	28425	0	0
IS	872	28365	28363	2	0
IS	873	28191	28189	2	0
IS	874	28065	28063	1	1
IS	875	27445	27442	2	1
IS	876	27609	27609	0	0
IS	877	27739	27736	2	1
IS	878	27422	27420	1	1
IS	879	27387	27384	2	1
IS	880	27126	27125	0	1
IS	881	26946	26944	1	1
IS	882	26522	26516	6	0
IS	883	26693	26693	0	0
IS	884	26588	26587	0	1
IS	885	26563	26562	0	1
IS	886	26492	26491	0	1
IS	887	26065	26062	2	1
IS	888	26028	26028	0	0
IS	889	26050	26046	3	1
IS	890	25639	25637	1	1
IS	891	25859	25856	1	2
IS	892	25658	25656	1	1
IS	893	25501	25498	1	2
IS	894	25632	25631	0	1
IS	895	25249	25247	2	0
IS	896	25247	25245	2	0
IS	897	24830	24830	0	0
IS	898	24932	24931	1	0
IS	899	24922	24920	2	0
IS	900	24732	24730	1	1
IS	901	24459	24457	0	2
IS	902	24486	24481	2	3
IS	903	24121	24118	3	0
IS	904	24363	24362	1	0
IS	905	23982	23980	2	0
IS	906	23998	23998	0	0
IS	907	23936	23936	0	0
IS	908	23507	23505	2	0
IS	909	23517	23514	3	0
IS	910	23211	23210	0	1
IS	911	23454	23452	1	1
IS	912	23179	23177	2	0
IS	913	22976	22975	0	1
IS	914	22758	22757	1	0
IS	915	22770	22770	0	0
IS	916	22680	22679	0	1
IS	917	22740	22737	2	1
IS	918	22514	22511	1	2
IS	919	22667	22664	2	1
IS	920	22304	22299	3	2
IS	921	22423	22421	1	1
IS	922	22180	22175	3	2
IS	923	22109	22108	1	0
IS	924	21938	21936	0	2
IS	925	21743	21740	1	2
IS	926	21565	21563	2	0
IS	927	21565	21562	1	2
IS	928	21303	21302	1	0
IS	929	21211	21208	2	1
IS	930	21125	21123	2	0
IS	931	21201	21201	0	0
IS	932	21010	21006	4	0
IS	933	20896	20893	3	0
IS	934	20880	20880	0	0
IS	935	20658	20656	1	1
IS	936	20687	20686	1	0
IS	937	20619	20618	0	1
IS	938	20263	20260	1	2
IS	939	20106	20105	0	1
IS	940	20207	20206	1	0
IS	941	20323	20323	0	0
IS	942	19979	19977	2	0
IS	943	20024	20021	3	0
IS	944	19965	19962	3	0
IS	945	19715	19715	0	0
IS	946	19801	19801	0	0
IS	947	19597	19595	2	0
IS	948	19388	19388	0	0
IS	949	19208	19206	2	0
IS	950	19419	19418	0	1
IS	951	19089	19087	2	0
IS	952	18801	18797	3	1
IS	953	18989	18989	0	0
IS	954	18582	18579	3	0
IS	955	18694	18694	0	0
IS	956	18463	18463	0	0
IS	957	18422	18421	0	1
IS	958	18709	18708	1	0
IS	959	18522	18521	0	1
IS	960	18494	18493	1	0
IS	961	18302	18301	1	0
IS	962	18237	18234	1	2
IS	963	18336	18336	0	0
IS	964	17884	17884	0	0
IS	965	17963	17962	0	1
IS	966	17522	17519	2	1
IS	967	17690	17689	1	0
IS	968	17355	17354	1	0
IS	969	17395	17393	2	0
IS	970	17403	17401	2	0
IS	971	17093	17092	1	0
IS	972	16925	16925	0	0
IS	973	17040	17039	0	1
IS	974	16849	16849	0	0
IS	975	16856	16855	1	0
IS	976	16649	16647	2	0
IS	977	16697	16696	0	1
IS	978	16509	16508	1	0
IS	979	16584	16582	1	1
IS	980	16214	16213	0	1
IS	981	16079	16078	1	0
IS	982	16208	16205	3	0
IS	983	16150	16149	0	1
IS	984	15871	15867	3	1
IS	985	15901	15900	0	1
IS	986	15725	15724	1	0
IS	987	15583	15581	1	1
IS	988	15770	15769	0	1
IS	989	15358	15356	0	2
IS	990	15242	15242	0	0
IS	991	15457	15454	1	2
IS	992	15263	15262	1	0
IS	993	15038	15037	0	1
IS	994	14904	14903	1	0
IS	995	15208	15204	3	1
IS	996	14782	14777	4	1
IS	997	14817	14814	2	1
IS	998	14512	14509	3	0
IS	999	14503	14503	0	0
IS	1000	14405	14404	1	0
IS	1001	14100	14097	3	0
IS	1002	13994	13993	0	1
IS	1003	13974	13973	1	0
IS	1004	13886	13885	0	1
IS	1005	13712	13710	2	0
IS	1006	13741	13740	0	1
IS	1007	13712	13710	2	0
IS	1008	13751	13749	2	0
IS	1009	13535	13535	0	0
IS	1010	13314	13310	3	1
IS	1011	13454	13452	1	1
IS	1012	12983	12980	2	1
IS	1013	13204	13202	2	0
IS	1014	13083	13081	2	0
IS	1015	13060	13059	0	1
IS	1016	13018	13016	2	0
IS	1017	12929	12927	1	1
IS	1018	12996	12994	2	0
IS	1019	12605	12603	2	0
IS	1020	12767	12767	0	0
IS	1021	12532	12530	2	0
IS	1022	12335	12334	1	0
IS	1023	12325	12325	0	0
IS	1024	12265	12263	1	1
IS	1025	12190	12188	2	0
IS	1026	12128	12124	3	1
IS	1027	12296	12295	1	0
IS	1028	12126	12125	1	0
IS	1029	11853	11850	2	1
IS	1030	11923	11921	1	1
IS	1031	11701	11700	1	0
IS	1032	11803	11803	0	0
IS	1033	11771	11769	2	0
IS	1034	11564	11561	3	0
IS	1035	11544	11542	1	1
IS	1036	11587	11581	4	2
IS	1037	11374	11373	0	1
IS	1038	11266	11264	1	1
IS	1039	11242	11242	0	0
IS	1040	11108	11108	0	0
IS	1041	11115	11115	0	0
IS	1042	10987	10984	3	0
IS	1043	11034	11034	0	0
IS	1044	10990	10990	0	0
IS	1045	10858	10856	2	0
IS	1046	10725	10722	1	2
IS	1047	10694	10693	1	0
IS	1048	10740	10739	1	0
IS	1049	10737	10735	1	1
IS	1050	10516	10515	0	1
IS	1051	10478	10475	1	2
IS	1052	10254	10252	1	1
IS	1053	10286	10284	1	1
IS	1054	10230	10229	1	0
IS	1055	10241	10239	2	0
IS	1056	10135	10133	2	0
IS	1057	9989	9986	2	1
IS	1058	9972	9971	0	1
IS	1059	10014	10012	1	1
IS	1060	9783	9780	1	2
IS	1061	9724	9724	0	0
IS	1062	9887	9886	1	0
IS	1063	9696	9694	0	2
IS	1064	9840	9838	1	1
IS	1065	9635	9633	0	2
IS	1066	9578	9578	0	0
IS	1067	9457	9457	0	0
IS	1068	9264	9262	2	0
IS	1069	9317	9313	3	1
IS	1070	9176	9174	2	0
IS	1071	9172	9172	0	0
IS	1072	9144	9143	0	1
IS	1073	8984	8981	3	0
IS	1074	8990	8986	3	1
IS	1075	8954	8951	2	1
IS	1076	8857	8857	0	0
IS	1077	8950	8949	0	1
IS	1078	8659	8658	1	0
IS	1079	8760	8759	1	0
IS	1080	8805	8802	3	0
IS	1081	8477	8477	0	0
IS	1082	8545	8545	0	0
IS	1083	8447	8446	1	0
IS	1084	8441	8441	0	0
IS	1085	8555	8553	0	2
IS	1086	8269	8267	2	0
IS	1087	8258	8256	1	1
IS	1088	8188	8185	3	0
IS	1089	7895	7894	1	0
IS	1090	8106	8105	0	1
IS	1091	8122	8120	2	0
IS	1092	7976	7975	1	0
IS	1093	7985	7985	0	0
IS	1094	7928	7926	2	0
IS	1095	7697	7697	0	0
IS	1096	7821	7820	1	0
IS	1097	7441	7440	1	0
IS	1098	7610	7608	1	1
IS	1099	7486	7484	1	1
IS	1100	7618	7618	0	0
IS	1101	7487	7487	0	0
IS	1102	7270	7270	0	0
IS	1103	7297	7296	1	0
IS	1104	7304	7303	0	1
IS	1105	7102	7101	1	0
IS	1106	7073	7071	0	2
IS	1107	7158	7157	1	0
IS	1108	6929	6928	1	0
IS	1109	7170	7168	2	0
IS	1110	6720	6720	0	0
IS	1111	6780	6780	0	0
IS	1112	6828	6828	0	0
IS	1113	6872	6870	1	1
IS	1114	6570	6570	0	0
IS	1115	6605	6604	1	0
IS	1116	6638	6636	2	0
IS	1117	6628	6627	0	1
IS	1118	6640	6639	1	0
IS	1119	6332	6332	0	0
IS	1120	6430	6430	0	0
IS	1121	6374	6373	1	0
IS	1122	6181	6180	1	0
IS	1123	6362	6358	3	1
IS	1124	6298	6297	1	0
IS	1125	6229	6229	0	0
IS	1126	6099	6098	1	0
IS	1127	6154	6151	1	2
IS	1128	6086	6086	0	0
IS	1129	6076	6075	0	1
IS	1130	5920	5918	1	1
IS	1131	5742	5739	3	0
IS	1132	5890	5889	1	0
IS	1133	5758	5756	1	1
IS	1134	5791	5789	0	2
IS	1135	5655	5654	1	0
IS	1136	5660	5657	3	0
IS	1137	5689	5688	1	0
IS	1138	5550	5550	0	0
IS	1139	5604	5602	2	0
IS	1140	5469	5469	0	0
IS	1141	5530	5530	0	0
IS	1142	5454	5454	0	0
IS	1143	5300	5300	0	0
IS	1144	5290	5289	0	1
IS	1145	5336	5336	0	0
IS	1146	5284	5282	1	1
IS	1147	5135	5134	0	1
IS	1148	5053	5053	0	0
IS	1149	5038	5038	0	0
IS	1150	5029	5028	1	0
IS	1151	5070	5068	1	1
IS	1152	5005	5005	0	0
IS	1153	4854	4853	1	0
IS	1154	4936	4935	1	0
IS	1155	4960	4958	2	0
IS	1156	4935	4935	0	0
IS	1157	4719	4716	3	0
IS	1158	4810	4806	3	1
IS	1159	4823	4821	0	2
IS	1160	4676	4674	1	1
IS	1161	4754	4753	1	0
IS	1162	4776	4775	1	0
IS	1163	4654	4651	2	1
IS	1164	4569	4568	0	1
IS	1165	4470	4469	1	0
IS	1166	4482	4480	1	1
IS	1167	4566	4565	0	1
IS	1168	4484	4483	1	0
IS	1169	4355	4355	0	0
IS	1170	4231	4231	0	0
IS	1171	4362	4360	1	1
IS	1172	4405	4405	0	0
IS	1173	4220	4220	0	0
IS	1174	4272	4271	0	1
IS	1175	4127	4124	0	3
IS	1176	4182	4180	2	0
IS	1177	4103	4101	2	0
IS	1178	4312	4312	0	0
IS	1179	4056	4056	0	0
IS	1180	3966	3965	0	1
IS	1181	3893	3890	3	0
IS	1182	3979	3978	0	1
IS	1183	3973	3970	3	0
IS	1184	3906	3906	0	0
IS	1185	3809	3808	1	0
IS	1186	3840	3839	1	0
IS	1187	3702	3702	0	0
IS	1188	3764	3762	1	1
IS	1189	3734	3732	1	1
IS	1190	3672	3670	1	1
IS	1191	3658	3657	1	0
IS	1192	3622	3620	1	1
IS	1193	3583	3582	0	1
IS	1194	3537	3533	2	2
IS	1195	3435	3434	0	1
IS	1196	3415	3413	1	1
IS	1197	3375	3374	1	0
IS	1198	3353	3351	0	2
IS	1199	3360	3360	0	0
IS	1200	3398	3397	1	0
IS	1201	3219	3219	0	0
IS	1202	3300	3297	3	0
IS	1203	3187	3186	1	0
IS	1204	3170	3168	2	0
IS	1205	3224	3222	1	1
IS	1206	3131	3130	0	1
IS	1207	3166	3166	0	0
IS	1208	3109	3109	0	0
IS	1209	3117	3117	0	0
IS	1210	3026	3024	0	2
IS	1211	3067	3067	0	0
# Read lengths. Use `grep ^RL | cut -f 2-` to extract this part. The columns are: read length, count
RL	30	21750
RL	31	19282
RL	32	15367
RL	33	15866
RL	34	11935
RL	35	17015
RL	36	14855
RL	37	14423
RL	38	12407
RL	39	12903
RL	40	14646
RL	41	14069
RL	42	12477
RL	43	12826
RL	44	11361
RL	45	13942
RL	46	12462
RL	47	13171
RL	48	11706
RL	49	11670
RL	50	11935
RL	51	11903
RL	52	10523
RL	53	11374
RL	54	10866
RL	55	11637
RL	56	10687
RL	57	10333
RL	58	15779
RL	59	12161
RL	60	10969
RL	61	11238
RL	62	9580
RL	63	10846
RL	64	10394
RL	65	9724
RL	66	9260
RL	67	8954
RL	68	9001
RL	69	8795
RL	70	8725
RL	71	8107
RL	72	7607
RL	73	8426
RL	74	7785
RL	75	8563
RL	76	7748
RL	77	7921
RL	78	7598
RL	79	7711
RL	80	10904
RL	81	7982
RL	82	7187
RL	83	7310
RL	84	7368
RL	85	10808
RL	86	6537
RL	87	5901
RL	88	5867
RL	89	5455
RL	90	5778
RL	91	5455
RL	92	5640
RL	93	4843
RL	94	5682
RL	95	4842
RL	96	4424
RL	97	5560
RL	98	3816
RL	99	3620
RL	100	3856
RL	101	3920
RL	102	3504
RL	103	3283
RL	104	3172
RL	105	3348
RL	106	3464
RL	107	3205
RL	108	3357
RL	109	3396
RL	110	3242
RL	111	3136
RL	112	3147
RL	113	3087
RL	114	3002
RL	115	2842
RL	116	2713
RL	117	2595
RL	118	2392
RL	119	2966
RL	120	2329
RL	121	2296
RL	122	2235
RL	123	2221
RL	124	2076
RL	125	1994
RL	126	1788
RL	127	1766
RL	128	1815
RL	129	1689
RL	130	1670
RL	131	1454
RL	132	1344
RL	133	1329
RL	134	1265
RL	135	1144
RL	136	1030
RL	137	1099
RL	138	1137
RL	139	1381
RL	140	1322
RL	141	3451
RL	142	1133
RL	143	1046
RL	144	942
RL	145	901
RL	146	736
RL	147	756
RL	148	928
RL	149	1023
RL	150	971
RL	151	943
RL	152	936
RL	153	1644
RL	154	1044
RL	155	1009
RL	156	999
RL	157	1070
RL	158	1027
RL	159	984
RL	160	817
RL	161	866
RL	162	743
RL	163	762
RL	164	599
RL	165	488
RL	166	442
RL	167	434
RL	168	438
RL	169	381
RL	170	360
RL	171	299
RL	172	275
RL	173	294
RL	174	249
RL	175	216
RL	176	175
RL	177	168
RL	178	141
RL	179	122
RL	180	107
RL	181	99
RL	182	62
RL	183	75
RL	184	76
RL	185	75
RL	186	58
RL	187	67
RL	188	54
RL	189	97
RL	190	38
RL	191	21
RL	192	15
RL	193	19
RL	194	21
RL	195	20
RL	196	16
RL	197	18
RL	198	11
RL	199	10
RL	200	8
RL	201	5
RL	202	6
RL	203	4
RL	204	4
RL	205	4
RL	206	5
RL	207	1
RL	209	1
RL	210	1
RL	213	1
RL	226	1
RL	250	67760574
# Read lengths - first fragments. Use `grep ^FRL | cut -f 2-` to extract this part. The columns are: read length, count
FRL	30	8049
FRL	31	7206
FRL	32	6010
FRL	33	6698
FRL	34	4993
FRL	35	6998
FRL	36	6148
FRL	37	6162
FRL	38	5343
FRL	39	5737
FRL	40	6402
FRL	41	6084
FRL	42	5411
FRL	43	5650
FRL	44	4970
FRL	45	6230
FRL	46	5431
FRL	47	5935
FRL	48	5197
FRL	49	5251
FRL	50	5154
FRL	51	5222
FRL	52	4605
FRL	53	4945
FRL	54	4784
FRL	55	5304
FRL	56	4442
FRL	57	4476
FRL	58	4725
FRL	59	4736
FRL	60	4785
FRL	61	4783
FRL	62	4236
FRL	63	4666
FRL	64	4723
FRL	65	4317
FRL	66	4157
FRL	67	4091
FRL	68	4119
FRL	69	4100
FRL	70	4012
FRL	71	3715
FRL	72	3567
FRL	73	3903
FRL	74	3587
FRL	75	3982
FRL	76	3571
FRL	77	3615
FRL	78	3532
FRL	79	3624
FRL	80	5184
FRL	81	3725
FRL	82	3461
FRL	83	3518
FRL	84	3473
FRL	85	5645
FRL	86	3091
FRL	87	2855
FRL	88	2854
FRL	89	2669
FRL	90	2881
FRL	91	2662
FRL	92	2796
FRL	93	2419
FRL	94	3011
FRL	95	2459
FRL	96	2230
FRL	97	3047
FRL	98	1859
FRL	99	1778
FRL	100	1900
FRL	101	1966
FRL	102	1729
FRL	103	1644
FRL	104	1622
FRL	105	1746
FRL	106	1728
FRL	107	1606
FRL	108	1702
FRL	109	1762
FRL	110	1668
FRL	111	1628
FRL	112	1629
FRL	113	1613
FRL	114	1639
FRL	115	1501
FRL	116	1480
FRL	117	1372
FRL	118	1201
FRL	119	1614
FRL	120	1205
FRL	121	1232
FRL	122	1183
FRL	123	1210
FRL	124	1084
FRL	125	1038
FRL	126	938
FRL	127	871
FRL	128	960
FRL	129	899
FRL	130	878
FRL	131	703
FRL	132	698
FRL	133	703
FRL	134	644
FRL	135	600
FRL	136	514
FRL	137	539
FRL	138	600
FRL	139	757
FRL	140	681
FRL	141	1865
FRL	142	574
FRL	143	572
FRL	144	496
FRL	145	438
FRL	146	373
FRL	147	394
FRL	148	493
FRL	149	520
FRL	150	485
FRL	151	455
FRL	152	486
FRL	153	643
FRL	154	579
FRL	155	533
FRL	156	532
FRL	157	577
FRL	158	548
FRL	159	497
FRL	160	428
FRL	161	464
FRL	162	404
FRL	163	384
FRL	164	293
FRL	165	241
FRL	166	221
FRL	167	224
FRL	168	233
FRL	169	203
FRL	170	193
FRL	171	162
FRL	172	132
FRL	173	160
FRL	174	129
FRL	175	109
FRL	176	91
FRL	177	82
FRL	178	61
FRL	179	67
FRL	180	66
FRL	181	51
FRL	182	25
FRL	183	35
FRL	184	45
FRL	185	37
FRL	186	27
FRL	187	40
FRL	188	28
FRL	189	54
FRL	190	22
FRL	191	8
FRL	192	8
FRL	193	9
FRL	194	11
FRL	195	12
FRL	196	9
FRL	197	9
FRL	198	7
FRL	199	5
FRL	200	4
FRL	201	3
FRL	202	3
FRL	203	2
FRL	204	3
FRL	205	2
FRL	206	4
FRL	207	1
FRL	209	1
FRL	213	1
FRL	226	1
FRL	250	33919602
# Read lengths - last fragments. Use `grep ^LRL | cut -f 2-` to extract this part. The columns are: read length, count
LRL	30	13701
LRL	31	12076
LRL	32	9357
LRL	33	9168
LRL	34	6942
LRL	35	10017
LRL	36	8707
LRL	37	8261
LRL	38	7064
LRL	39	7166
LRL	40	8244
LRL	41	7985
LRL	42	7066
LRL	43	7176
LRL	44	6391
LRL	45	7712
LRL	46	7031
LRL	47	7236
LRL	48	6509
LRL	49	6419
LRL	50	6781
LRL	51	6681
LRL	52	5918
LRL	53	6429
LRL	54	6082
LRL	55	6333
LRL	56	6245
LRL	57	5857
LRL	58	11054
LRL	59	7425
LRL	60	6184
LRL	61	6455
LRL	62	5344
LRL	63	6180
LRL	64	5671
LRL	65	5407
LRL	66	5103
LRL	67	4863
LRL	68	4882
LRL	69	4695
LRL	70	4713
LRL	71	4392
LRL	72	4040
LRL	73	4523
LRL	74	4198
LRL	75	4581
LRL	76	4177
LRL	77	4306
LRL	78	4066
LRL	79	4087
LRL	80	5720
LRL	81	4257
LRL	82	3726
LRL	83	3792
LRL	84	3895
LRL	85	5163
LRL	86	3446
LRL	87	3046
LRL	88	3013
LRL	89	2786
LRL	90	2897
LRL	91	2793
LRL	92	2844
LRL	93	2424
LRL	94	2671
LRL	95	2383
LRL	96	2194
LRL	97	2513
LRL	98	1957
LRL	99	1842
LRL	100	1956
LRL	101	1954
LRL	102	1775
LRL	103	1639
LRL	104	1550
LRL	105	1602
LRL	106	1736
LRL	107	1599
LRL	108	1655
LRL	109	1634
LRL	110	1574
LRL	111	1508
LRL	112	1518
LRL	113	1474
LRL	114	1363
LRL	115	1341
LRL	116	1233
LRL	117	1223
LRL	118	1191
LRL	119	1352
LRL	120	1124
LRL	121	1064
LRL	122	1052
LRL	123	1011
LRL	124	992
LRL	125	956
LRL	126	850
LRL	127	895
LRL	128	855
LRL	129	790
LRL	130	792
LRL	131	751
LRL	132	646
LRL	133	626
LRL	134	621
LRL	135	544
LRL	136	516
LRL	137	560
LRL	138	537
LRL	139	624
LRL	140	641
LRL	141	1586
LRL	142	559
LRL	143	474
LRL	144	446
LRL	145	463
LRL	146	363
LRL	147	362
LRL	148	435
LRL	149	503
LRL	150	486
LRL	151	488
LRL	152	450
LRL	153	1001
LRL	154	465
LRL	155	476
LRL	156	467
LRL	157	493
LRL	158	479
LRL	159	487
LRL	160	389
LRL	161	402
LRL	162	339
LRL	163	378
LRL	164	306
LRL	165	247
LRL	166	221
LRL	167	210
LRL	168	205
LRL	169	178
LRL	170	167
LRL	171	137
LRL	172	143
LRL	173	134
LRL	174	120
LRL	175	107
LRL	176	84
LRL	177	86
LRL	178	80
LRL	179	55
LRL	180	41
LRL	181	48
LRL	182	37
LRL	183	40
LRL	184	31
LRL	185	38
LRL	186	31
LRL	187	27
LRL	188	26
LRL	189	43
LRL	190	16
LRL	191	13
LRL	192	7
LRL	193	10
LRL	194	10
LRL	195	8
LRL	196	7
LRL	197	9
LRL	198	4
LRL	199	5
LRL	200	4
LRL	201	2
LRL	202	3
LRL	203	2
LRL	204	1
LRL	205	2
LRL	206	1
LRL	210	1
LRL	250	33840972
# Mapping qualities for reads !(UNMAP|SECOND|SUPPL|QCFAIL|DUP). Use `grep ^MAPQ | cut -f 2-` to extract this part. The columns are: mapq, count
MAPQ	0	7547055
MAPQ	1	65648
MAPQ	2	59963
MAPQ	3	72951
MAPQ	4	58120
MAPQ	5	56146
MAPQ	6	67716
MAPQ	7	53581
MAPQ	8	46127
MAPQ	9	75999
MAPQ	10	64745
MAPQ	11	75346
MAPQ	12	105185
MAPQ	13	109716
MAPQ	14	110959
MAPQ	15	113265
MAPQ	16	67841
MAPQ	17	73533
MAPQ	18	64184
MAPQ	19	53590
MAPQ	20	54528
MAPQ	21	58274
MAPQ	22	52576
MAPQ	23	38785
MAPQ	24	48195
MAPQ	25	63919
MAPQ	26	17530
MAPQ	27	125765
MAPQ	28	16179
MAPQ	29	14941
MAPQ	30	26164
MAPQ	31	20098
MAPQ	32	14775
MAPQ	33	29424
MAPQ	34	17786
MAPQ	35	16441
MAPQ	36	25926
MAPQ	37	24454
MAPQ	38	15620
MAPQ	39	58652
MAPQ	40	734237
MAPQ	41	33640
MAPQ	42	45134
MAPQ	43	49419
MAPQ	44	57837
MAPQ	45	80077
MAPQ	46	116932
MAPQ	47	24901
MAPQ	48	27215
MAPQ	49	40745
MAPQ	50	21888
MAPQ	51	33183
MAPQ	52	34932
MAPQ	53	44264
MAPQ	54	75024
MAPQ	55	61083
MAPQ	56	83517
MAPQ	57	166351
MAPQ	58	105194
MAPQ	59	28616
MAPQ	60	56713015
# Indel distribution. Use `grep ^ID | cut -f 2-` to extract this part. The columns are: length, number of insertions, number of deletions
ID	1	1436424	1345033
ID	2	406209	374456
ID	3	177522	164957
ID	4	149059	140381
ID	5	66138	62607
ID	6	60070	59401
ID	7	27072	27959
ID	8	30245	29444
ID	9	18276	20027
ID	10	19203	20855
ID	11	9144	13071
ID	12	16697	15408
ID	13	6923	7135
ID	14	8170	8790
ID	15	4660	5608
ID	16	6242	6916
ID	17	3612	3587
ID	18	4463	5211
ID	19	2933	3855
ID	20	3174	3656
ID	21	2046	2619
ID	22	3779	8667
ID	23	5261	16907
ID	24	1949	2751
ID	25	1262	1339
ID	26	1337	1583
ID	27	1013	1075
ID	28	1193	1368
ID	29	756	980
ID	30	789	920
ID	31	614	661
ID	32	677	687
ID	33	526	485
ID	34	519	757
ID	35	441	440
ID	36	515	424
ID	37	308	375
ID	38	384	335
ID	39	267	280
ID	40	356	408
ID	41	247	297
ID	42	209	253
ID	43	181	263
ID	44	162	494
ID	45	203	1791
ID	46	240	2632
ID	47	91	181
ID	48	101	196
ID	49	84	133
ID	50	77	155
ID	51	49	129
ID	52	52	123
ID	53	48	95
ID	54	43	131
ID	55	33	110
ID	56	44	92
ID	57	31	106
ID	58	35	93
ID	59	28	84
ID	60	17	108
ID	61	18	69
ID	62	15	100
ID	63	15	66
ID	64	19	68
ID	65	13	51
ID	66	16	52
ID	67	10	86
ID	68	1	279
ID	69	6	249
ID	70	3	41
ID	71	2	39
ID	72	2	34
ID	73	2	52
ID	74	4	45
ID	75	2	33
ID	76	3	25
ID	77	2	32
ID	78	0	19
ID	79	1	17
ID	80	0	43
ID	81	0	20
ID	82	0	31
ID	83	0	26
ID	84	0	13
ID	85	0	10
ID	86	0	14
ID	87	0	17
ID	88	0	14
ID	89	0	20
ID	90	0	17
ID	91	0	24
ID	92	0	29
ID	93	0	12
ID	94	0	12
ID	95	0	5
ID	96	0	8
ID	97	0	8
ID	98	0	8
ID	99	0	9
ID	100	0	7
# Indels per cycle. Use `grep ^IC | cut -f 2-` to extract this part. The columns are: cycle, number of insertions (fwd), .. (rev) , number of deletions (fwd), .. (rev)
IC	1	0	1	1	1
IC	2	0	2	0	3
IC	3	0	0	1855	1857
IC	4	1883	2017	2421	2506
IC	5	2477	2616	2741	2638
IC	6	2717	2772	2987	3026
IC	7	3088	3030	3151	3188
IC	8	3248	3144	3615	3544
IC	9	3620	3655	3688	3897
IC	10	3975	4147	4000	4038
IC	11	4269	4374	4269	4183
IC	12	4457	4677	4264	4279
IC	13	4483	4801	4503	4615
IC	14	4694	4941	4419	4554
IC	15	4755	5183	4632	4815
IC	16	5238	5425	4780	4946
IC	17	5508	5746	4732	4915
IC	18	5212	5628	4992	5174
IC	19	5420	5809	4928	5014
IC	20	5503	5941	4975	5176
IC	21	5568	5964	5137	5226
IC	22	5664	6124	5360	5228
IC	23	5845	6165	5267	5355
IC	24	5782	6115	5391	5227
IC	25	5676	6026	5331	5435
IC	26	5818	6262	5216	5410
IC	27	5987	6273	5337	5485
IC	28	5815	6318	5429	5518
IC	29	5884	6244	5455	5378
IC	30	5831	6355	5250	5484
IC	31	5902	6170	5504	5371
IC	32	5667	6055	5352	5421
IC	33	5700	6072	5296	5279
IC	34	5694	6038	5490	5365
IC	35	5582	6142	5351	5377
IC	36	5564	5889	5330	5337
IC	37	5685	6053	5443	5317
IC	38	5670	5958	5618	5477
IC	39	5713	5966	5471	5331
IC	40	5814	5797	5391	5273
IC	41	5616	5803	5431	5404
IC	42	5672	6025	5525	5329
IC	43	5668	5718	5362	5343
IC	44	5857	5681	5383	5221
IC	45	5667	5883	5396	5377
IC	46	5713	5880	5461	5167
IC	47	5717	5810	5449	5202
IC	48	5566	5802	5452	5198
IC	49	5583	5872	5408	5231
IC	50	5655	5674	5430	5261
IC	51	5550	5827	5342	5170
IC	52	5613	5737	5325	5347
IC	53	5513	5773	5427	5243
IC	54	5664	5841	5438	5330
IC	55	5536	5634	5329	5255
IC	56	5474	5638	5397	5293
IC	57	5611	5690	5294	5266
IC	58	5588	5650	5360	5195
IC	59	5588	5718	5330	5111
IC	60	5449	5631	5282	5181
IC	61	5549	5710	5405	5196
IC	62	5601	5694	5263	5362
IC	63	5643	5592	5369	5334
IC	64	5614	5682	5398	5291
IC	65	5548	5625	5316	5291
IC	66	5494	5602	5355	5293
IC	67	5591	5592	5342	5253
IC	68	5425	5679	5288	5208
IC	69	5534	5543	5238	5039
IC	70	5624	5517	5301	5177
IC	71	5434	5622	5225	5143
IC	72	5435	5567	5249	5191
IC	73	5514	5577	5241	5360
IC	74	5521	5516	5401	5244
IC	75	5399	5698	5345	5165
IC	76	5566	5585	5236	5130
IC	77	5431	5767	5441	5293
IC	78	5439	5465	5266	5179
IC	79	5577	5674	5247	5119
IC	80	5628	5583	5165	5255
IC	81	5520	5567	5214	5078
IC	82	5489	5496	5293	5273
IC	83	5409	5576	5360	5097
IC	84	5440	5740	5312	5256
IC	85	5328	5664	5252	5277
IC	86	5547	5512	5372	5025
IC	87	5369	5576	5353	5124
IC	88	5460	5446	5119	5095
IC	89	5503	5542	5386	5111
IC	90	5389	5479	5205	5151
IC	91	5379	5652	5222	5145
IC	92	5413	5597	5243	5174
IC	93	5449	5407	5142	5178
IC	94	5382	5489	5266	5092
IC	95	5434	5449	5225	5274
IC	96	5352	5541	5292	5058
IC	97	5332	5611	5191	4975
IC	98	5405	5554	5346	5182
IC	99	5360	5634	5167	5100
IC	100	5470	5632	5406	5073
IC	101	5504	5629	5089	5120
IC	102	5310	5430	5338	4962
IC	103	5535	5493	5192	5146
IC	104	5413	5531	5225	5134
IC	105	5305	5474	5255	5141
IC	106	5407	5481	5274	5128
IC	107	5491	5471	5128	5222
IC	108	5469	5440	5217	5129
IC	109	5290	5533	5233	5134
IC	110	5199	5530	5321	4979
IC	111	5400	5523	5189	5248
IC	112	5269	5565	5220	5076
IC	113	5390	5473	5244	5030
IC	114	5317	5498	5143	5163
IC	115	5329	5407	5129	5143
IC	116	5311	5450	5288	5063
IC	117	5240	5478	5288	5156
IC	118	5354	5421	5116	5157
IC	119	5368	5450	5244	5106
IC	120	5404	5556	5171	5010
IC	121	5303	5540	5222	5211
IC	122	5266	5351	5321	5096
IC	123	5358	5403	5352	4871
IC	124	5432	5444	5162	4997
IC	125	5415	5351	5274	5058
IC	126	5277	5320	5166	5053
IC	127	5438	5316	5047	5093
IC	128	5360	5348	5100	5022
IC	129	5396	5561	5144	5150
IC	130	5441	5417	5122	5122
IC	131	5408	5337	5183	5137
IC	132	5458	5427	5205	4969
IC	133	5392	5278	5125	5064
IC	134	5340	5417	5344	4945
IC	135	5338	5384	5206	5057
IC	136	5370	5316	5237	4930
IC	137	5272	5349	5067	5114
IC	138	5365	5583	5149	5043
IC	139	5432	5474	5253	5112
IC	140	5290	5394	5136	5084
IC	141	5430	5269	5090	4997
IC	142	5320	5308	5103	5019
IC	143	5278	5397	5180	5215
IC	144	5435	5386	5121	5164
IC	145	5449	5373	5192	5048
IC	146	5305	5426	5190	5006
IC	147	5415	5372	5216	4990
IC	148	5262	5423	5071	5074
IC	149	5261	5304	5122	5056
IC	150	5138	5287	5077	4817
IC	151	5389	5432	5090	4909
IC	152	5230	5362	5294	4958
IC	153	5288	5306	5160	4832
IC	154	5395	5393	5148	4920
IC	155	5338	5256	5116	4986
IC	156	5270	5340	5180	4916
IC	157	5304	5272	5153	4930
IC	158	5177	5269	5044	4896
IC	159	5331	5288	5182	4987
IC	160	5416	5396	5073	4844
IC	161	5378	5289	5056	4986
IC	162	5210	5245	5108	4717
IC	163	5247	5370	5131	4887
IC	164	5210	5229	5204	4928
IC	165	5228	5264	5126	4989
IC	166	5314	5295	5068	5045
IC	167	5222	5277	5005	4908
IC	168	5275	5356	5207	4947
IC	169	5229	5285	5033	4926
IC	170	5237	5493	5063	4940
IC	171	5095	5144	5022	4883
IC	172	5156	5310	5088	4953
IC	173	5293	5235	5283	4944
IC	174	5209	5303	5124	4827
IC	175	5174	5270	4996	4878
IC	176	5189	5248	5100	4878
IC	177	5106	5200	4920	4789
IC	178	5227	5240	5030	4837
IC	179	5212	5151	5010	4827
IC	180	5172	5228	5043	4877
IC	181	5189	5131	5078	4802
IC	182	5132	5106	4987	4692
IC	183	5191	4898	4964	4903
IC	184	5146	5086	5019	4753
IC	185	5249	5067	4997	4737
IC	186	5085	5096	5032	4661
IC	187	5003	5183	5119	4805
IC	188	4940	5083	4919	4805
IC	189	5005	5089	4989	4660
IC	190	4965	4978	4856	4696
IC	191	5209	5064	4855	4737
IC	192	5109	5140	4855	4861
IC	193	5039	5100	4923	4676
IC	194	4987	5025	4922	4673
IC	195	5038	4931	4977	4674
IC	196	5084	4879	4941	4757
IC	197	4966	4910	4903	4651
IC	198	5034	4652	4902	4724
IC	199	4982	4910	4990	4621
IC	200	5079	4969	5020	4626
IC	201	5019	4904	4835	4633
IC	202	4949	4905	4997	4616
IC	203	4947	4758	4998	4513
IC	204	4999	4842	4834	4356
IC	205	4899	4752	4910	4626
IC	206	4879	4758	4945	4534
IC	207	4844	4590	4900	4613
IC	208	4908	4635	4734	4629
IC	209	4735	4659	4786	4568
IC	210	4775	4667	4804	4424
IC	211	4858	4614	4848	4512
IC	212	4901	4611	4795	4498
IC	213	4805	4550	4735	4418
IC	214	4706	4507	4696	4325
IC	215	4757	4562	4560	4264
IC	216	4575	4497	4590	4431
IC	217	4460	4414	4617	4352
IC	218	4659	4316	4630	4401
IC	219	4617	4421	4480	4242
IC	220	4526	4313	4616	4288
IC	221	4371	4413	4501	4288
IC	222	4424	4295	4435	4212
IC	223	4394	4192	4554	4179
IC	224	4315	4222	4367	4112
IC	225	4214	4143	4341	4104
IC	226	4315	4005	4396	3941
IC	227	4422	4044	4229	4021
IC	228	4292	4102	4260	3852
IC	229	4093	3986	4162	3908
IC	230	4001	3791	4075	3834
IC	231	4071	3811	4083	3779
IC	232	3994	3560	4105	3724
IC	233	3739	3571	3911	3685
IC	234	3770	3441	3795	3438
IC	235	3591	3422	3773	3385
IC	236	3657	3313	3568	3302
IC	237	3371	3180	3612	3250
IC	238	3217	2909	3444	3060
IC	239	3028	2776	3225	2957
IC	240	2838	2727	3131	2864
IC	241	2811	2613	3023	2736
IC	242	2657	2459	2762	2521
IC	243	2325	2176	2587	2312
IC	244	2060	1916	2558	2319
IC	245	2153	2054	2488	2557
IC	246	2086	2241	2488	2686
IC	247	2812	3187	1926	2306
IC	248	0	0	0	1
# Coverage distribution. Use `grep ^COV | cut -f 2-` to extract this part.
COV	[1-1]	1	86349391
COV	[2-2]	2	191746224
COV	[3-3]	3	316603397
COV	[4-4]	4	408602905
COV	[5-5]	5	432138482
COV	[6-6]	6	389109874
COV	[7-7]	7	305573637
COV	[8-8]	8	213654938
COV	[9-9]	9	135203509
COV	[10-10]	10	78433315
COV	[11-11]	11	42363698
COV	[12-12]	12	21658752
COV	[13-13]	13	10736369
COV	[14-14]	14	5323455
COV	[15-15]	15	2773223
COV	[16-16]	16	1587061
COV	[17-17]	17	1041479
COV	[18-18]	18	766028
COV	[19-19]	19	609428
COV	[20-20]	20	505352
COV	[21-21]	21	435060
COV	[22-22]	22	376717
COV	[23-23]	23	330311
COV	[24-24]	24	293962
COV	[25-25]	25	264540
COV	[26-26]	26	238511
COV	[27-27]	27	217307
COV	[28-28]	28	199973
COV	[29-29]	29	183106
COV	[30-30]	30	168440
COV	[31-31]	31	157710
COV	[32-32]	32	148557
COV	[33-33]	33	139932
COV	[34-34]	34	132746
COV	[35-35]	35	126845
COV	[36-36]	36	121951
COV	[37-37]	37	115612
COV	[38-38]	38	108926
COV	[39-39]	39	103509
COV	[40-40]	40	98736
COV	[41-41]	41	92258
COV	[42-42]	42	89702
COV	[43-43]	43	84993
COV	[44-44]	44	79556
COV	[45-45]	45	74775
COV	[46-46]	46	72533
COV	[47-47]	47	69537
COV	[48-48]	48	67580
COV	[49-49]	49	64081
COV	[50-50]	50	60236
COV	[51-51]	51	58663
COV	[52-52]	52	57024
COV	[53-53]	53	54882
COV	[54-54]	54	53201
COV	[55-55]	55	51192
COV	[56-56]	56	50777
COV	[57-57]	57	49570
COV	[58-58]	58	47993
COV	[59-59]	59	46398
COV	[60-60]	60	45124
COV	[61-61]	61	43711
COV	[62-62]	62	42100
COV	[63-63]	63	41078
COV	[64-64]	64	40324
COV	[65-65]	65	37576
COV	[66-66]	66	36967
COV	[67-67]	67	35580
COV	[68-68]	68	33760
COV	[69-69]	69	32306
COV	[70-70]	70	31956
COV	[71-71]	71	30584
COV	[72-72]	72	29534
COV	[73-73]	73	28078
COV	[74-74]	74	27281
COV	[75-75]	75	25783
COV	[76-76]	76	25518
COV	[77-77]	77	25220
COV	[78-78]	78	24675
COV	[79-79]	79	23507
COV	[80-80]	80	23067
COV	[81-81]	81	23359
COV	[82-82]	82	22555
COV	[83-83]	83	22214
COV	[84-84]	84	21883
COV	[85-85]	85	21949
COV	[86-86]	86	21431
COV	[87-87]	87	21384
COV	[88-88]	88	20817
COV	[89-89]	89	20750
COV	[90-90]	90	20671
COV	[91-91]	91	20069
COV	[92-92]	92	19940
COV	[93-93]	93	19874
COV	[94-94]	94	19713
COV	[95-95]	95	19311
COV	[96-96]	96	19143
COV	[97-97]	97	18914
COV	[98-98]	98	19317
COV	[99-99]	99	18478
COV	[100-100]	100	18855
COV	[101-101]	101	18625
COV	[102-102]	102	18416
COV	[103-103]	103	18598
COV	[104-104]	104	18166
COV	[105-105]	105	18644
COV	[106-106]	106	18561
COV	[107-107]	107	18289
COV	[108-108]	108	18081
COV	[109-109]	109	17906
COV	[110-110]	110	17709
COV	[111-111]	111	17655
COV	[112-112]	112	17546
COV	[113-113]	113	17496
COV	[114-114]	114	17465
COV	[115-115]	115	17017
COV	[116-116]	116	17057
COV	[117-117]	117	17081
COV	[118-118]	118	17326
COV	[119-119]	119	17387
COV	[120-120]	120	16811
COV	[121-121]	121	16830
COV	[122-122]	122	16604
COV	[123-123]	123	16627
COV	[124-124]	124	16827
COV	[125-125]	125	16178
COV	[126-126]	126	16006
COV	[127-127]	127	15959
COV	[128-128]	128	15762
COV	[129-129]	129	15628
COV	[130-130]	130	15705
COV	[131-131]	131	15675
COV	[132-132]	132	14966
COV	[133-133]	133	15020
COV	[134-134]	134	14285
COV	[135-135]	135	14325
COV	[136-136]	136	13782
COV	[137-137]	137	14060
COV	[138-138]	138	13744
COV	[139-139]	139	13814
COV	[140-140]	140	13419
COV	[141-141]	141	13113
COV	[142-142]	142	12946
COV	[143-143]	143	13074
COV	[144-144]	144	12827
COV	[145-145]	145	12919
COV	[146-146]	146	12495
COV	[147-147]	147	12930
COV	[148-148]	148	12472
COV	[149-149]	149	12657
COV	[150-150]	150	12431
COV	[151-151]	151	12075
COV	[152-152]	152	12054
COV	[153-153]	153	11709
COV	[154-154]	154	11671
COV	[155-155]	155	11666
COV	[156-156]	156	11266
COV	[157-157]	157	10878
COV	[158-158]	158	10603
COV	[159-159]	159	10077
COV	[160-160]	160	10056
COV	[161-161]	161	9990
COV	[162-162]	162	9795
COV	[163-163]	163	9707
COV	[164-164]	164	9407
COV	[165-165]	165	9493
COV	[166-166]	166	9165
COV	[167-167]	167	9169
COV	[168-168]	168	8978
COV	[169-169]	169	8675
COV	[170-170]	170	8458
COV	[171-171]	171	8420
COV	[172-172]	172	8240
COV	[173-173]	173	8368
COV	[174-174]	174	8476
COV	[175-175]	175	8146
COV	[176-176]	176	7893
COV	[177-177]	177	7848
COV	[178-178]	178	7859
COV	[179-179]	179	7986
COV	[180-180]	180	7776
COV	[181-181]	181	7543
COV	[182-182]	182	7511
COV	[183-183]	183	7285
COV	[184-184]	184	7471
COV	[185-185]	185	7300
COV	[186-186]	186	7045
COV	[187-187]	187	7014
COV	[188-188]	188	6970
COV	[189-189]	189	6883
COV	[190-190]	190	6830
COV	[191-191]	191	6893
COV	[192-192]	192	6810
COV	[193-193]	193	6714
COV	[194-194]	194	6514
COV	[195-195]	195	6626
COV	[196-196]	196	6411
COV	[197-197]	197	6336
COV	[198-198]	198	6106
COV	[199-199]	199	6073
COV	[200-200]	200	6060
COV	[201-201]	201	6187
COV	[202-202]	202	5972
COV	[203-203]	203	6089
COV	[204-204]	204	5904
COV	[205-205]	205	5680
COV	[206-206]	206	5809
COV	[207-207]	207	5595
COV	[208-208]	208	5627
COV	[209-209]	209	5402
COV	[210-210]	210	5334
COV	[211-211]	211	5502
COV	[212-212]	212	5492
COV	[213-213]	213	5374
COV	[214-214]	214	5364
COV	[215-215]	215	5403
COV	[216-216]	216	5452
COV	[217-217]	217	5109
COV	[218-218]	218	5015
COV	[219-219]	219	5030
COV	[220-220]	220	5147
COV	[221-221]	221	4798
COV	[222-222]	222	4766
COV	[223-223]	223	4577
COV	[224-224]	224	4611
COV	[225-225]	225	4589
COV	[226-226]	226	4545
COV	[227-227]	227	4566
COV	[228-228]	228	4429
COV	[229-229]	229	4286
COV	[230-230]	230	4436
COV	[231-231]	231	4356
COV	[232-232]	232	4306
COV	[233-233]	233	4262
COV	[234-234]	234	4329
COV	[235-235]	235	4310
COV	[236-236]	236	4326
COV	[237-237]	237	4368
COV	[238-238]	238	4256
COV	[239-239]	239	4195
COV	[240-240]	240	4100
COV	[241-241]	241	3969
COV	[242-242]	242	4011
COV	[243-243]	243	3988
COV	[244-244]	244	4005
COV	[245-245]	245	3919
COV	[246-246]	246	3957
COV	[247-247]	247	3694
COV	[248-248]	248	3612
COV	[249-249]	249	3513
COV	[250-250]	250	3497
COV	[251-251]	251	3509
COV	[252-252]	252	3569
COV	[253-253]	253	3570
COV	[254-254]	254	3551
COV	[255-255]	255	3550
COV	[256-256]	256	3417
COV	[257-257]	257	3587
COV	[258-258]	258	3540
COV	[259-259]	259	3661
COV	[260-260]	260	3529
COV	[261-261]	261	3561
COV	[262-262]	262	3416
COV	[263-263]	263	3348
COV	[264-264]	264	3261
COV	[265-265]	265	3408
COV	[266-266]	266	3409
COV	[267-267]	267	3365
COV	[268-268]	268	3148
COV	[269-269]	269	3257
COV	[270-270]	270	3242
COV	[271-271]	271	3220
COV	[272-272]	272	3209
COV	[273-273]	273	3248
COV	[274-274]	274	3260
COV	[275-275]	275	3260
COV	[276-276]	276	3317
COV	[277-277]	277	3178
COV	[278-278]	278	3224
COV	[279-279]	279	3121
COV	[280-280]	280	3020
COV	[281-281]	281	3095
COV	[282-282]	282	3027
COV	[283-283]	283	3041
COV	[284-284]	284	2980
COV	[285-285]	285	3018
COV	[286-286]	286	3085
COV	[287-287]	287	3115
COV	[288-288]	288	3069
COV	[289-289]	289	3042
COV	[290-290]	290	3102
COV	[291-291]	291	3075
COV	[292-292]	292	3161
COV	[293-293]	293	3058
COV	[294-294]	294	3023
COV	[295-295]	295	2968
COV	[296-296]	296	2905
COV	[297-297]	297	2928
COV	[298-298]	298	2954
COV	[299-299]	299	2998
COV	[300-300]	300	2937
COV	[301-301]	301	2863
COV	[302-302]	302	2957
COV	[303-303]	303	2798
COV	[304-304]	304	2882
COV	[305-305]	305	2713
COV	[306-306]	306	2765
COV	[307-307]	307	2832
COV	[308-308]	308	2836
COV	[309-309]	309	2826
COV	[310-310]	310	2740
COV	[311-311]	311	2620
COV	[312-312]	312	2680
COV	[313-313]	313	2660
COV	[314-314]	314	2737
COV	[315-315]	315	2613
COV	[316-316]	316	2624
COV	[317-317]	317	2514
COV	[318-318]	318	2612
COV	[319-319]	319	2524
COV	[320-320]	320	2566
COV	[321-321]	321	2531
COV	[322-322]	322	2581
COV	[323-323]	323	2625
COV	[324-324]	324	2452
COV	[325-325]	325	2675
COV	[326-326]	326	2617
COV	[327-327]	327	2576
COV	[328-328]	328	2574
COV	[329-329]	329	2570
COV	[330-330]	330	2513
COV	[331-331]	331	2435
COV	[332-332]	332	2556
COV	[333-333]	333	2573
COV	[334-334]	334	2660
COV	[335-335]	335	2542
COV	[336-336]	336	2403
COV	[337-337]	337	2495
COV	[338-338]	338	2542
COV	[339-339]	339	2524
COV	[340-340]	340	2582
COV	[341-341]	341	2529
COV	[342-342]	342	2469
COV	[343-343]	343	2489
COV	[344-344]	344	2485
COV	[345-345]	345	2431
COV	[346-346]	346	2421
COV	[347-347]	347	2431
COV	[348-348]	348	2372
COV	[349-349]	349	2458
COV	[350-350]	350	2445
COV	[351-351]	351	2405
COV	[352-352]	352	2518
COV	[353-353]	353	2403
COV	[354-354]	354	2520
COV	[355-355]	355	2530
COV	[356-356]	356	2561
COV	[357-357]	357	2482
COV	[358-358]	358	2498
COV	[359-359]	359	2422
COV	[360-360]	360	2519
COV	[361-361]	361	2629
COV	[362-362]	362	2661
COV	[363-363]	363	2668
COV	[364-364]	364	2667
COV	[365-365]	365	2543
COV	[366-366]	366	2526
COV	[367-367]	367	2461
COV	[368-368]	368	2287
COV	[369-369]	369	2434
COV	[370-370]	370	2504
COV	[371-371]	371	2367
COV	[372-372]	372	2385
COV	[373-373]	373	2362
COV	[374-374]	374	2330
COV	[375-375]	375	2344
COV	[376-376]	376	2448
COV	[377-377]	377	2458
COV	[378-378]	378	2382
COV	[379-379]	379	2366
COV	[380-380]	380	2353
COV	[381-381]	381	2322
COV	[382-382]	382	2305
COV	[383-383]	383	2344
COV	[384-384]	384	2259
COV	[385-385]	385	2322
COV	[386-386]	386	2246
COV	[387-387]	387	2394
COV	[388-388]	388	2305
COV	[389-389]	389	2290
COV	[390-390]	390	2195
COV	[391-391]	391	2330
COV	[392-392]	392	2243
COV	[393-393]	393	2278
COV	[394-394]	394	2217
COV	[395-395]	395	2269
COV	[396-396]	396	2290
COV	[397-397]	397	2361
COV	[398-398]	398	2203
COV	[399-399]	399	2295
COV	[400-400]	400	2280
COV	[401-401]	401	2331
COV	[402-402]	402	2365
COV	[403-403]	403	2339
COV	[404-404]	404	2268
COV	[405-405]	405	2267
COV	[406-406]	406	2139
COV	[407-407]	407	2091
COV	[408-408]	408	2045
COV	[409-409]	409	2060
COV	[410-410]	410	2009
COV	[411-411]	411	2004
COV	[412-412]	412	2005
COV	[413-413]	413	2032
COV	[414-414]	414	2010
COV	[415-415]	415	2004
COV	[416-416]	416	1930
COV	[417-417]	417	2030
COV	[418-418]	418	2014
COV	[419-419]	419	1987
COV	[420-420]	420	2115
COV	[421-421]	421	2074
COV	[422-422]	422	2002
COV	[423-423]	423	2154
COV	[424-424]	424	2134
COV	[425-425]	425	2085
COV	[426-426]	426	2104
COV	[427-427]	427	2044
COV	[428-428]	428	1933
COV	[429-429]	429	1949
COV	[430-430]	430	1906
COV	[431-431]	431	1864
COV	[432-432]	432	1816
COV	[433-433]	433	1910
COV	[434-434]	434	1982
COV	[435-435]	435	1855
COV	[436-436]	436	1921
COV	[437-437]	437	1904
COV	[438-438]	438	1939
COV	[439-439]	439	1922
COV	[440-440]	440	1904
COV	[441-441]	441	1940
COV	[442-442]	442	1817
COV	[443-443]	443	1877
COV	[444-444]	444	1865
COV	[445-445]	445	1858
COV	[446-446]	446	1844
COV	[447-447]	447	1910
COV	[448-448]	448	1939
COV	[449-449]	449	1863
COV	[450-450]	450	1880
COV	[451-451]	451	1918
COV	[452-452]	452	1857
COV	[453-453]	453	1841
COV	[454-454]	454	1951
COV	[455-455]	455	1866
COV	[456-456]	456	1729
COV	[457-457]	457	1807
COV	[458-458]	458	1944
COV	[459-459]	459	1718
COV	[460-460]	460	1731
COV	[461-461]	461	1811
COV	[462-462]	462	1824
COV	[463-463]	463	1728
COV	[464-464]	464	1830
COV	[465-465]	465	1787
COV	[466-466]	466	1761
COV	[467-467]	467	1768
COV	[468-468]	468	1767
COV	[469-469]	469	1877
COV	[470-470]	470	1844
COV	[471-471]	471	1837
COV	[472-472]	472	1816
COV	[473-473]	473	1902
COV	[474-474]	474	1860
COV	[475-475]	475	1880
COV	[476-476]	476	1843
COV	[477-477]	477	1790
COV	[478-478]	478	1822
COV	[479-479]	479	1817
COV	[480-480]	480	1848
COV	[481-481]	481	1866
COV	[482-482]	482	1726
COV	[483-483]	483	1802
COV	[484-484]	484	1755
COV	[485-485]	485	1712
COV	[486-486]	486	1690
COV	[487-487]	487	1721
COV	[488-488]	488	1714
COV	[489-489]	489	1687
COV	[490-490]	490	1693
COV	[491-491]	491	1816
COV	[492-492]	492	1743
COV	[493-493]	493	1735
COV	[494-494]	494	1740
COV	[495-495]	495	1823
COV	[496-496]	496	1799
COV	[497-497]	497	1748
COV	[498-498]	498	1807
COV	[499-499]	499	1802
COV	[500-500]	500	1739
COV	[501-501]	501	1917
COV	[502-502]	502	1756
COV	[503-503]	503	1758
COV	[504-504]	504	1696
COV	[505-505]	505	1862
COV	[506-506]	506	1828
COV	[507-507]	507	1768
COV	[508-508]	508	1694
COV	[509-509]	509	1743
COV	[510-510]	510	1757
COV	[511-511]	511	1657
COV	[512-512]	512	1718
COV	[513-513]	513	1764
COV	[514-514]	514	1735
COV	[515-515]	515	1681
COV	[516-516]	516	1676
COV	[517-517]	517	1669
COV	[518-518]	518	1694
COV	[519-519]	519	1712
COV	[520-520]	520	1722
COV	[521-521]	521	1689
COV	[522-522]	522	1742
COV	[523-523]	523	1710
COV	[524-524]	524	1690
COV	[525-525]	525	1784
COV	[526-526]	526	1767
COV	[527-527]	527	1696
COV	[528-528]	528	1793
COV	[529-529]	529	1691
COV	[530-530]	530	1705
COV	[531-531]	531	1710
COV	[532-532]	532	1748
COV	[533-533]	533	1688
COV	[534-534]	534	1705
COV	[535-535]	535	1681
COV	[536-536]	536	1727
COV	[537-537]	537	1812
COV	[538-538]	538	1742
COV	[539-539]	539	1716
COV	[540-540]	540	1722
COV	[541-541]	541	1730
COV	[542-542]	542	1718
COV	[543-543]	543	1679
COV	[544-544]	544	1736
COV	[545-545]	545	1677
COV	[546-546]	546	1697
COV	[547-547]	547	1703
COV	[548-548]	548	1589
COV	[549-549]	549	1589
COV	[550-550]	550	1549
COV	[551-551]	551	1580
COV	[552-552]	552	1458
COV	[553-553]	553	1622
COV	[554-554]	554	1593
COV	[555-555]	555	1559
COV	[556-556]	556	1613
COV	[557-557]	557	1499
COV	[558-558]	558	1577
COV	[559-559]	559	1473
COV	[560-560]	560	1514
COV	[561-561]	561	1506
COV	[562-562]	562	1535
COV	[563-563]	563	1542
COV	[564-564]	564	1424
COV	[565-565]	565	1444
COV	[566-566]	566	1516
COV	[567-567]	567	1543
COV	[568-568]	568	1467
COV	[569-569]	569	1442
COV	[570-570]	570	1420
COV	[571-571]	571	1382
COV	[572-572]	572	1357
COV	[573-573]	573	1410
COV	[574-574]	574	1441
COV	[575-575]	575	1379
COV	[576-576]	576	1474
COV	[577-577]	577	1361
COV	[578-578]	578	1420
COV	[579-579]	579	1376
COV	[580-580]	580	1304
COV	[581-581]	581	1374
COV	[582-582]	582	1325
COV	[583-583]	583	1429
COV	[584-584]	584	1339
COV	[585-585]	585	1402
COV	[586-586]	586	1335
COV	[587-587]	587	1366
COV	[588-588]	588	1377
COV	[589-589]	589	1304
COV	[590-590]	590	1341
COV	[591-591]	591	1316
COV	[592-592]	592	1358
COV	[593-593]	593	1347
COV	[594-594]	594	1404
COV	[595-595]	595	1342
COV	[596-596]	596	1379
COV	[597-597]	597	1401
COV	[598-598]	598	1428
COV	[599-599]	599	1345
COV	[600-600]	600	1394
COV	[601-601]	601	1371
COV	[602-602]	602	1349
COV	[603-603]	603	1298
COV	[604-604]	604	1366
COV	[605-605]	605	1350
COV	[606-606]	606	1359
COV	[607-607]	607	1330
COV	[608-608]	608	1377
COV	[609-609]	609	1365
COV	[610-610]	610	1413
COV	[611-611]	611	1360
COV	[612-612]	612	1371
COV	[613-613]	613	1389
COV	[614-614]	614	1331
COV	[615-615]	615	1393
COV	[616-616]	616	1410
COV	[617-617]	617	1361
COV	[618-618]	618	1372
COV	[619-619]	619	1372
COV	[620-620]	620	1365
COV	[621-621]	621	1362
COV	[622-622]	622	1348
COV	[623-623]	623	1373
COV	[624-624]	624	1364
COV	[625-625]	625	1361
COV	[626-626]	626	1422
COV	[627-627]	627	1315
COV	[628-628]	628	1409
COV	[629-629]	629	1341
COV	[630-630]	630	1371
COV	[631-631]	631	1333
COV	[632-632]	632	1333
COV	[633-633]	633	1346
COV	[634-634]	634	1262
COV	[635-635]	635	1402
COV	[636-636]	636	1262
COV	[637-637]	637	1296
COV	[638-638]	638	1306
COV	[639-639]	639	1309
COV	[640-640]	640	1294
COV	[641-641]	641	1254
COV	[642-642]	642	1246
COV	[643-643]	643	1331
COV	[644-644]	644	1323
COV	[645-645]	645	1243
COV	[646-646]	646	1260
COV	[647-647]	647	1299
COV	[648-648]	648	1300
COV	[649-649]	649	1330
COV	[650-650]	650	1355
COV	[651-651]	651	1279
COV	[652-652]	652	1297
COV	[653-653]	653	1322
COV	[654-654]	654	1344
COV	[655-655]	655	1333
COV	[656-656]	656	1353
COV	[657-657]	657	1344
COV	[658-658]	658	1292
COV	[659-659]	659	1261
COV	[660-660]	660	1281
COV	[661-661]	661	1262
COV	[662-662]	662	1205
COV	[663-663]	663	1270
COV	[664-664]	664	1231
COV	[665-665]	665	1277
COV	[666-666]	666	1288
COV	[667-667]	667	1345
COV	[668-668]	668	1220
COV	[669-669]	669	1307
COV	[670-670]	670	1277
COV	[671-671]	671	1350
COV	[672-672]	672	1292
COV	[673-673]	673	1268
COV	[674-674]	674	1257
COV	[675-675]	675	1190
COV	[676-676]	676	1250
COV	[677-677]	677	1225
COV	[678-678]	678	1165
COV	[679-679]	679	1244
COV	[680-680]	680	1199
COV	[681-681]	681	1182
COV	[682-682]	682	1185
COV	[683-683]	683	1139
COV	[684-684]	684	1164
COV	[685-685]	685	1100
COV	[686-686]	686	1135
COV	[687-687]	687	1151
COV	[688-688]	688	1102
COV	[689-689]	689	1155
COV	[690-690]	690	1061
COV	[691-691]	691	1107
COV	[692-692]	692	1109
COV	[693-693]	693	1084
COV	[694-694]	694	1063
COV	[695-695]	695	1042
COV	[696-696]	696	1175
COV	[697-697]	697	1094
COV	[698-698]	698	1180
COV	[699-699]	699	1126
COV	[700-700]	700	1116
COV	[701-701]	701	1146
COV	[702-702]	702	1105
COV	[703-703]	703	1112
COV	[704-704]	704	1122
COV	[705-705]	705	1162
COV	[706-706]	706	1079
COV	[707-707]	707	1106
COV	[708-708]	708	1089
COV	[709-709]	709	1142
COV	[710-710]	710	1096
COV	[711-711]	711	1078
COV	[712-712]	712	1035
COV	[713-713]	713	1077
COV	[714-714]	714	1069
COV	[715-715]	715	987
COV	[716-716]	716	1020
COV	[717-717]	717	1072
COV	[718-718]	718	984
COV	[719-719]	719	953
COV	[720-720]	720	941
COV	[721-721]	721	1003
COV	[722-722]	722	936
COV	[723-723]	723	985
COV	[724-724]	724	985
COV	[725-725]	725	921
COV	[726-726]	726	982
COV	[727-727]	727	995
COV	[728-728]	728	975
COV	[729-729]	729	1009
COV	[730-730]	730	909
COV	[731-731]	731	994
COV	[732-732]	732	942
COV	[733-733]	733	973
COV	[734-734]	734	976
COV	[735-735]	735	931
COV	[736-736]	736	992
COV	[737-737]	737	938
COV	[738-738]	738	962
COV	[739-739]	739	968
COV	[740-740]	740	948
COV	[741-741]	741	955
COV	[742-742]	742	927
COV	[743-743]	743	971
COV	[744-744]	744	978
COV	[745-745]	745	1008
COV	[746-746]	746	955
COV	[747-747]	747	1064
COV	[748-748]	748	1039
COV	[749-749]	749	1074
COV	[750-750]	750	1031
COV	[751-751]	751	1091
COV	[752-752]	752	1024
COV	[753-753]	753	1040
COV	[754-754]	754	1015
COV	[755-755]	755	1070
COV	[756-756]	756	969
COV	[757-757]	757	1015
COV	[758-758]	758	1010
COV	[759-759]	759	996
COV	[760-760]	760	1005
COV	[761-761]	761	937
COV	[762-762]	762	943
COV	[763-763]	763	1016
COV	[764-764]	764	1005
COV	[765-765]	765	1025
COV	[766-766]	766	945
COV	[767-767]	767	1045
COV	[768-768]	768	978
COV	[769-769]	769	961
COV	[770-770]	770	1027
COV	[771-771]	771	1014
COV	[772-772]	772	993
COV	[773-773]	773	1007
COV	[774-774]	774	998
COV	[775-775]	775	1016
COV	[776-776]	776	998
COV	[777-777]	777	977
COV	[778-778]	778	969
COV	[779-779]	779	976
COV	[780-780]	780	991
COV	[781-781]	781	973
COV	[782-782]	782	936
COV	[783-783]	783	1030
COV	[784-784]	784	959
COV	[785-785]	785	1016
COV	[786-786]	786	997
COV	[787-787]	787	995
COV	[788-788]	788	990
COV	[789-789]	789	973
COV	[790-790]	790	1073
COV	[791-791]	791	974
COV	[792-792]	792	944
COV	[793-793]	793	980
COV	[794-794]	794	970
COV	[795-795]	795	951
COV	[796-796]	796	940
COV	[797-797]	797	946
COV	[798-798]	798	936
COV	[799-799]	799	945
COV	[800-800]	800	939
COV	[801-801]	801	1015
COV	[802-802]	802	965
COV	[803-803]	803	933
COV	[804-804]	804	952
COV	[805-805]	805	927
COV	[806-806]	806	1042
COV	[807-807]	807	1007
COV	[808-808]	808	930
COV	[809-809]	809	1000
COV	[810-810]	810	955
COV	[811-811]	811	964
COV	[812-812]	812	875
COV	[813-813]	813	882
COV	[814-814]	814	876
COV	[815-815]	815	908
COV	[816-816]	816	900
COV	[817-817]	817	883
COV	[818-818]	818	824
COV	[819-819]	819	822
COV	[820-820]	820	915
COV	[821-821]	821	852
COV	[822-822]	822	843
COV	[823-823]	823	855
COV	[824-824]	824	796
COV	[825-825]	825	804
COV	[826-826]	826	689
COV	[827-827]	827	788
COV	[828-828]	828	769
COV	[829-829]	829	820
COV	[830-830]	830	747
COV	[831-831]	831	820
COV	[832-832]	832	784
COV	[833-833]	833	764
COV	[834-834]	834	851
COV	[835-835]	835	753
COV	[836-836]	836	799
COV	[837-837]	837	759
COV	[838-838]	838	760
COV	[839-839]	839	813
COV	[840-840]	840	828
COV	[841-841]	841	739
COV	[842-842]	842	791
COV	[843-843]	843	828
COV	[844-844]	844	779
COV	[845-845]	845	751
COV	[846-846]	846	716
COV	[847-847]	847	745
COV	[848-848]	848	733
COV	[849-849]	849	755
COV	[850-850]	850	733
COV	[851-851]	851	746
COV	[852-852]	852	731
COV	[853-853]	853	761
COV	[854-854]	854	773
COV	[855-855]	855	783
COV	[856-856]	856	736
COV	[857-857]	857	752
COV	[858-858]	858	766
COV	[859-859]	859	763
COV	[860-860]	860	749
COV	[861-861]	861	693
COV	[862-862]	862	741
COV	[863-863]	863	724
COV	[864-864]	864	717
COV	[865-865]	865	660
COV	[866-866]	866	730
COV	[867-867]	867	714
COV	[868-868]	868	723
COV	[869-869]	869	725
COV	[870-870]	870	685
COV	[871-871]	871	670
COV	[872-872]	872	638
COV	[873-873]	873	679
COV	[874-874]	874	647
COV	[875-875]	875	642
COV	[876-876]	876	636
COV	[877-877]	877	687
COV	[878-878]	878	680
COV	[879-879]	879	700
COV	[880-880]	880	657
COV	[881-881]	881	664
COV	[882-882]	882	657
COV	[883-883]	883	634
COV	[884-884]	884	690
COV	[885-885]	885	606
COV	[886-886]	886	666
COV	[887-887]	887	632
COV	[888-888]	888	624
COV	[889-889]	889	634
COV	[890-890]	890	637
COV	[891-891]	891	667
COV	[892-892]	892	651
COV	[893-893]	893	648
COV	[894-894]	894	572
COV	[895-895]	895	678
COV	[896-896]	896	664
COV	[897-897]	897	646
COV	[898-898]	898	662
COV	[899-899]	899	620
COV	[900-900]	900	604
COV	[901-901]	901	657
COV	[902-902]	902	603
COV	[903-903]	903	622
COV	[904-904]	904	650
COV	[905-905]	905	627
COV	[906-906]	906	656
COV	[907-907]	907	623
COV	[908-908]	908	588
COV	[909-909]	909	646
COV	[910-910]	910	638
COV	[911-911]	911	668
COV	[912-912]	912	623
COV	[913-913]	913	620
COV	[914-914]	914	625
COV	[915-915]	915	588
COV	[916-916]	916	650
COV	[917-917]	917	612
COV	[918-918]	918	612
COV	[919-919]	919	632
COV	[920-920]	920	601
COV	[921-921]	921	588
COV	[922-922]	922	575
COV	[923-923]	923	579
COV	[924-924]	924	599
COV	[925-925]	925	638
COV	[926-926]	926	525
COV	[927-927]	927	557
COV	[928-928]	928	547
COV	[929-929]	929	542
COV	[930-930]	930	564
COV	[931-931]	931	530
COV	[932-932]	932	518
COV	[933-933]	933	542
COV	[934-934]	934	527
COV	[935-935]	935	521
COV	[936-936]	936	574
COV	[937-937]	937	501
COV	[938-938]	938	538
COV	[939-939]	939	524
COV	[940-940]	940	540
COV	[941-941]	941	565
COV	[942-942]	942	578
COV	[943-943]	943	533
COV	[944-944]	944	617
COV	[945-945]	945	540
COV	[946-946]	946	542
COV	[947-947]	947	557
COV	[948-948]	948	576
COV	[949-949]	949	593
COV	[950-950]	950	545
COV	[951-951]	951	598
COV	[952-952]	952	600
COV	[953-953]	953	594
COV	[954-954]	954	607
COV	[955-955]	955	569
COV	[956-956]	956	611
COV	[957-957]	957	592
COV	[958-958]	958	542
COV	[959-959]	959	531
COV	[960-960]	960	561
COV	[961-961]	961	519
COV	[962-962]	962	525
COV	[963-963]	963	501
COV	[964-964]	964	533
COV	[965-965]	965	514
COV	[966-966]	966	503
COV	[967-967]	967	514
COV	[968-968]	968	508
COV	[969-969]	969	596
COV	[970-970]	970	556
COV	[971-971]	971	556
COV	[972-972]	972	547
COV	[973-973]	973	517
COV	[974-974]	974	508
COV	[975-975]	975	516
COV	[976-976]	976	525
COV	[977-977]	977	503
COV	[978-978]	978	489
COV	[979-979]	979	492
COV	[980-980]	980	499
COV	[981-981]	981	501
COV	[982-982]	982	499
COV	[983-983]	983	455
COV	[984-984]	984	469
COV	[985-985]	985	510
COV	[986-986]	986	501
COV	[987-987]	987	478
COV	[988-988]	988	512
COV	[989-989]	989	516
COV	[990-990]	990	478
COV	[991-991]	991	459
COV	[992-992]	992	482
COV	[993-993]	993	514
COV	[994-994]	994	496
COV	[995-995]	995	528
COV	[996-996]	996	463
COV	[997-997]	997	481
COV	[998-998]	998	535
COV	[999-999]	999	463
COV	[1000-1000]	1000	524
COV	[1000<]	1000	484915
# GC-depth. Use `grep ^GCD | cut -f 2-` to extract this part. The columns are: GC%, unique sequence percentiles, 10th, 25th, 50th, 75th and 90th depth percentile
GCD	0.0	0.135	0.012	0.012	0.012	0.025	0.037
GCD	1.0	0.138	0.025	0.031	0.037	0.068	0.074
GCD	2.0	0.144	0.012	0.015	0.031	0.037	0.062
GCD	3.0	0.148	0.012	0.012	0.012	0.025	0.025
GCD	4.0	0.154	0.012	0.031	0.074	0.192	81.027
GCD	5.0	0.162	0.025	0.034	0.068	0.102	1.505
GCD	6.0	0.168	0.012	0.025	0.050	0.105	0.173
GCD	7.0	0.177	0.016	0.028	0.087	0.167	12.652
GCD	8.0	0.189	0.012	0.037	0.056	0.232	88.874
GCD	9.0	0.204	0.025	0.037	0.050	0.093	2.470
GCD	10.0	0.217	0.012	0.022	0.037	0.099	1.067
GCD	11.0	0.235	0.012	0.028	0.050	0.133	44.051
GCD	12.0	0.249	0.025	0.028	0.050	0.149	0.448
GCD	13.0	0.264	0.014	0.025	0.037	0.068	0.244
GCD	14.0	0.274	0.019	0.034	0.043	0.127	5.823
GCD	15.0	0.290	0.025	0.025	0.025	0.062	0.300
GCD	16.0	0.307	0.012	0.015	0.037	0.087	1.592
GCD	17.0	0.326	0.012	0.025	0.037	0.167	0.580
GCD	18.0	0.347	0.012	0.025	0.062	0.142	14.681
GCD	19.0	0.364	0.025	0.025	0.037	0.099	0.305
GCD	20.0	0.382	0.012	0.025	0.062	0.170	0.341
GCD	21.0	0.397	0.012	0.019	0.074	0.229	1.103
GCD	22.0	0.413	0.012	0.025	0.056	0.471	0.597
GCD	23.0	0.443	0.015	0.037	0.062	0.285	10.189
GCD	24.0	0.466	0.012	0.025	0.124	0.483	10.003
GCD	25.0	0.490	0.025	0.037	0.136	0.731	9.138
GCD	26.0	0.523	0.012	0.025	0.074	0.204	0.508
GCD	27.0	0.551	0.012	0.037	0.087	0.576	1.697
GCD	28.0	0.588	0.012	0.050	0.409	1.883	8.744
GCD	29.0	0.625	0.026	0.096	0.297	1.152	7.664
GCD	30.0	0.658	0.012	0.062	0.471	2.404	6.836
GCD	31.0	0.715	0.025	0.062	0.582	6.145	7.198
GCD	32.0	0.829	0.058	0.635	5.575	6.167	6.640
GCD	33.0	1.185	0.694	5.253	5.687	6.009	6.343
GCD	34.0	2.282	5.069	5.414	5.699	5.972	6.232
GCD	35.0	5.419	5.129	5.396	5.662	5.947	6.220
GCD	36.0	11.522	5.092	5.365	5.643	5.910	6.145
GCD	37.0	20.775	5.067	5.327	5.600	5.885	6.133
GCD	38.0	31.631	5.043	5.303	5.575	5.848	6.108
GCD	39.0	42.396	5.005	5.278	5.550	5.823	6.071
GCD	40.0	52.163	4.956	5.241	5.513	5.786	6.058
GCD	41.0	60.457	4.956	5.216	5.489	5.773	6.034
GCD	42.0	67.309	4.919	5.191	5.464	5.749	6.009
GCD	43.0	72.986	4.869	5.142	5.427	5.712	5.993
GCD	44.0	77.607	4.807	5.104	5.414	5.699	5.984
GCD	45.0	81.459	4.795	5.104	5.389	5.674	5.984
GCD	46.0	84.772	4.807	5.104	5.389	5.712	6.083
GCD	47.0	87.486	4.782	5.067	5.352	5.674	6.120
GCD	48.0	89.652	4.811	5.067	5.352	5.650	6.021
GCD	49.0	91.414	4.733	5.018	5.290	5.563	5.860
GCD	50.0	92.963	4.720	5.005	5.290	5.538	5.835
GCD	51.0	94.215	4.696	4.956	5.228	5.523	5.811
GCD	52.0	95.307	4.713	4.968	5.228	5.550	5.835
GCD	53.0	96.301	4.658	4.943	5.228	5.526	6.021
GCD	54.0	97.067	4.621	4.881	5.191	5.489	5.773
GCD	55.0	97.700	4.641	4.881	5.154	5.427	5.699
GCD	56.0	98.217	4.522	4.819	5.104	5.389	5.677
GCD	57.0	98.604	4.547	4.832	5.117	5.396	5.811
GCD	58.0	98.920	4.473	4.819	5.142	5.451	5.798
GCD	59.0	99.193	4.527	4.826	5.104	5.476	6.026
GCD	60.0	99.432	4.557	4.832	5.117	5.451	67.570
GCD	61.0	99.596	4.516	4.782	5.024	5.327	5.947
GCD	62.0	99.718	4.544	4.758	5.067	5.290	5.575
GCD	63.0	99.804	4.279	4.686	5.005	5.290	5.620
GCD	64.0	99.868	4.225	4.658	4.919	5.154	5.575
GCD	65.0	99.917	4.271	4.587	4.943	5.204	5.550
GCD	66.0	99.949	2.530	4.473	4.956	5.129	55.467
GCD	67.0	99.976	4.435	4.535	4.894	5.235	7.357
GCD	68.0	99.990	4.634	4.708	4.795	5.104	5.414
GCD	69.0	99.993	4.435	4.451	4.708	198.324	262.793
GCD	70.0	99.996	0.012	0.062	4.373	4.981	5.290
GCD	71.0	99.997	16.701	16.701	16.701	16.701	16.701
GCD	72.0	99.998	0.012	0.012	0.012	0.012	0.012
GCD	78.0	99.999	0.012	0.012	0.012	0.012	0.012
GCD	82.0	99.999	0.012	0.012	0.012	0.012	0.012
GCD	87.0	100.000	45.271	45.271	45.271	45.271	45.271
